,0,0,0,0,0,0,0
0,2.8594720363616943,4.5289173,0.033305809906914535,0.0073540335598734395,-3.5228891,-1.0283903389902808e-05,2.9191674756696374e-06
1,2.892860174179077,4.4596534,0.0626738608403021,0.0140535273786172,-3.554793,-2.1944563214890404e-05,6.173232576251621e-06
2,2.926184892654419,4.4020247,0.08860073914042715,0.020127269666559797,-3.5808582,-3.3317506848971525e-05,9.304335637849124e-06
3,2.9594061374664307,4.35466,0.1115109753535391,0.025607274615765743,-3.6018138,-4.010544384800975e-05,1.1134791011107403e-05
4,2.992886781692505,4.316358,0.1249985734410729,0.02895926863590846,-3.618288,-4.740751673070159e-05,1.3102195348878415e-05
5,3.026167154312134,4.3003154,0.1339746468677461,0.03115460961022391,-3.6243598,-5.08844369540567e-05,1.4039565361755908e-05
6,3.0593996047973633,4.295224,0.1422412048670378,0.03311613051681988,-3.6253068,-5.406010113488839e-05,1.4911869105301454e-05
7,3.092686414718628,4.2925987,0.14972651441877755,0.03488015629527968,-3.6250353,-5.692333244725101e-05,1.5702835409045658e-05
8,3.126176595687866,4.2925124,0.1565458748895273,0.036469521736360075,-3.623521,-5.950139949385435e-05,1.642087848347001e-05
9,3.1594791412353516,4.294636,0.16279069880202768,0.037905589069195986,-3.620923,-6.183356497091886e-05,1.7076740999081654e-05
10,3.192115306854248,4.2987027,0.16854109000074188,0.039207430963063124,-3.6173704,-6.399270484267066e-05,1.7690393393379373e-05
11,3.226289749145508,4.30448,0.17386658336454835,0.040392005608429565,-3.6129742,-6.59719846635618e-05,1.8259744359233172e-05
12,3.2597196102142334,4.311766,0.17882739308646026,0.04147427920817032,-3.6078315,-6.781228144885822e-05,1.8795856142431345e-05
13,3.293138265609741,4.320386,0.18347556443681434,0.042467401589910546,-3.602026,-6.953447640801284e-05,1.9304268398873517e-05
14,3.326559066772461,4.3301883,0.18785598511224588,0.043382867720454826,-3.5956306,-7.115477733798866e-05,1.9789234309161943e-05
15,3.3599703311920166,4.3410435,0.19200733663279979,0.04423068735856492,-3.5887058,-7.26884296168614e-05,2.0254775429068727e-05
16,3.3932037353515625,4.3528385,0.1957665877927789,0.04497446598641384,-3.5813057,-7.407022489108126e-05,2.0682463386736825e-05
17,3.426640748977661,4.3658915,0.19836291575992465,0.045434687905461735,-3.5732882,-7.502751277549634e-05,2.099677062922118e-05
18,3.4486935138702393,4.3817797,0.2010798537930973,0.045889996509174254,-3.5639412,-7.603130682528751e-05,2.1333490565254062e-05
19,3.4768941402435303,4.397673,0.20380385307115226,0.04634356557316748,-3.5545597,-7.704221524466954e-05,2.1674193593947513e-05
20,3.5100109577178955,4.4138246,0.20654468898518402,0.04679494761493152,-3.5450287,-7.806402167837753e-05,2.202070239237863e-05
21,3.543435573577881,4.430213,0.20930117146570798,0.04724404281874196,-3.5353558,-7.909672674635116e-05,2.2373059765092493e-05
22,3.576594352722168,4.446843,0.2120731296915824,0.04769071511357547,-3.5255396,-8.014064863895147e-05,2.2731455861879644e-05
23,3.609935760498047,4.463717,0.21486022742363772,0.04813482310900412,-3.515579,-8.119621102093015e-05,2.3096113431791433e-05
24,3.6432130336761475,4.4808373,0.21766216561601803,0.04857622556929234,-3.5054717,-8.226392209491761e-05,2.346729027792542e-05
25,3.67677903175354,4.4982057,0.22047857161262244,0.04901478238006704,-3.4952173,-8.334340280480502e-05,2.3844984473251503e-05
26,3.7099227905273438,4.515825,0.22330907126908625,0.049450339952902246,-3.484813,-8.443484502483575e-05,2.4229376334475e-05
27,3.743227481842041,4.5336976,0.2261532808226435,0.0498827448408982,-3.4742575,-8.553456013971934e-05,2.4619522559442074e-05
28,3.776698350906372,4.551826,0.2290107736836058,0.050311847085731755,-3.4635499,-8.665120803716007e-05,2.5018034020164866e-05
29,3.8099520206451416,4.570213,0.23188109416052066,0.05073748252566315,-3.452689,-8.778021883543789e-05,2.542372642123378e-05
30,3.8434183597564697,4.588861,0.23476377724598677,0.051159487687323306,-3.441672,-8.892175090343177e-05,2.5836787661048667e-05
31,3.876725912094116,4.6077724,0.2376582773793811,0.051577695101045096,-3.4304974,-9.007593599832947e-05,2.6257398064359184e-05
32,3.9100887775421143,4.6269503,0.24056407666169385,0.05199193052378292,-3.4191644,-9.124292115214252e-05,2.6685736620463475e-05
33,3.943415880203247,4.646398,0.24348063603596257,0.05240201818702781,-3.40767,-9.242285095834135e-05,2.712200723286872e-05
34,3.9768126010894775,4.6661177,0.24640730814620787,0.0528077784724628,-3.3960133,-9.361583551154799e-05,2.7566392810446158e-05
35,4.01006007194519,4.686113,0.24934349421080504,0.05320902431466772,-3.3841925,-9.482201063380951e-05,2.8019095121167362e-05
36,4.04326868057251,4.7063856,0.25228847366875545,0.05360556793292505,-3.372205,-9.603964929605443e-05,2.847977769887021e-05
37,4.076704025268555,4.7269406,0.2615154727598852,0.05532446737259413,-3.3600492,-0.054449463754279136,0.016204960028748033
38,4.1099629402160645,4.746123,0.303294769946427,0.06390369157277835,-3.3407862,-0.13706931977924286,0.04102906046915853
39,4.14329195022583,4.6973877,0.34578998284152695,0.07361325172001218,-3.3472536,-0.1303693343135739,0.03894815015861863
40,4.17684531211853,4.6233807,0.39588691319872993,0.08562715082867153,-3.3739512,-0.12303327163715082,0.03646563464182943
41,4.210195302963257,4.52848,0.4264032681216455,0.09416035030209771,-3.4133496,-0.12034225408168002,0.035256351438097695
42,4.243393421173096,4.4721403,0.44719686308506307,0.09999616109217939,-3.4372394,-0.04344361723623574,0.012639101346531558
43,4.276366233825684,4.411218,0.4568278115362996,0.10356046658969914,-3.4727886,0.0019632113885916097,-0.0005653126724282398
44,4.309786081314087,4.376979,0.4745910181917569,0.10842890309307024,-3.4948134,0.021881175102464012,-0.006261042388717745
45,4.343271493911743,4.325825,0.4947524162487563,0.11437179999862343,-3.52244,0.029552339872247105,-0.008389735591185646
46,4.376376152038574,4.2684107,0.5151164140481858,0.12068108069792735,-3.5518672,0.030497263469995425,-0.008586262197425861
47,4.410070896148682,4.209182,0.5306695072765066,0.12607426675988592,-3.5814893,0.02704646246576742,-0.0075517361674718704
48,4.443370342254639,4.158943,0.5526696576130219,0.13288704225787304,-3.6067595,0.031829203717620734,-0.008824875429696436
49,4.4778664112091064,4.0898323,0.5759913966184218,0.14083496670177412,-3.6412148,0.027513757332065493,-0.007556202664192456
50,4.510112524032593,4.018396,0.5952186352884099,0.14812344278492448,-3.6757765,0.027623445342723485,-0.007514995941887612
51,4.54318380355835,3.9541464,0.6199509778446524,0.15678503460726406,-3.707571,-0.0010529207382206154,0.0002839920610546729
52,4.57647180557251,3.8829157,0.6274205318251643,0.16158489511635418,-3.7377217,-0.022031005382028353,0.005894233776290145
53,4.609832286834717,3.8487515,0.6331768153992477,0.16451485839080834,-3.7509031,-0.0325088236079972,0.008666932332016208
54,4.643165349960327,3.81613,0.6459345434171535,0.16926429562751968,-3.7638097,-0.06922976334823813,0.0183935345346611
55,4.67642068862915,3.7731364,0.64851142015619,0.17187595551855167,-3.7766356,-0.07142001324803926,0.018911014968620285
56,4.709800481796265,3.7453732,0.6549806565350857,0.17487727203170672,-3.7860897,-0.09022644105715927,0.023831036554811412
57,4.743216514587402,3.712446,0.6609925765049509,0.17804772946781705,-3.7951386,-0.10312747769265304,0.027173573518738444
58,4.7767651081085205,3.6789503,0.667362706283452,0.18140030446026384,-3.8046887,-0.11742377862602624,0.0308629136649373
59,4.810110569000244,3.6447325,0.6698345636167606,0.18378154450558454,-3.813775,-0.12252890703714744,0.03212798474665848
60,4.843310356140137,3.6172497,0.679347421504376,0.18780771932520338,-3.820789,-0.15494299991541174,0.04055261777377958
61,4.876773118972778,3.5795302,0.6837467230883937,0.19101576950480237,-3.8279755,-0.1684410890555357,0.04400265585484162
62,4.909977197647095,3.548628,0.6857762398651387,0.1932510880606093,-3.8336644,-0.1729500838595646,0.04511351673886646
63,4.943352699279785,3.5209475,0.69067264534969,0.19616102026803403,-3.838845,-0.18067789591078884,0.04706569169240769
64,4.9764745235443115,3.4872947,0.695511481393323,0.1994415575474086,-3.8460846,-0.19169929779704384,0.04984271486380884
65,5.010148525238037,3.4543564,0.6980477658272648,0.20207751561728063,-3.8522959,-0.19639690503646967,0.05098178109397283
66,5.043289422988892,3.4250903,0.7066290201267922,0.20630960224712355,-3.8575516,-0.21204862849778536,0.054969745547443466
67,5.076654434204102,3.3840823,0.7116133084324533,0.21028250547676375,-3.866064,-0.2153277394744283,0.055696888484891224
68,5.1101179122924805,3.3480995,0.7161191911956972,0.21388826633817515,-3.8738234,-0.22438164430796387,0.05792252792375465
69,5.143225431442261,3.3143914,0.7268566354757227,0.2193032002945255,-3.879724,-0.22952038927843763,0.05915894732627777
70,5.176656723022461,3.2647326,0.728993373828326,0.22329344032461196,-3.8926802,-0.23578778567448325,0.060572093130998025
71,5.210115194320679,3.235167,0.738248170060479,0.22819476212782994,-3.896982,-0.23799148187541724,0.061070716941874485
72,5.243204116821289,3.1875877,0.7400615669107448,0.2321697872280274,-3.9092128,-0.2459458681998742,0.06291442268332029
73,5.276819944381714,3.158615,0.7490458816234503,0.23714376553998948,-3.9128418,-0.24520746720017364,0.06266736043251458
74,5.309856176376343,3.1103032,0.7594661663726221,0.2441775371861358,-3.9254854,-0.25326689851513295,0.06451861985949536
75,5.343383073806763,3.0603511,0.7678386664668209,0.2508988782692963,-3.9374988,-0.2478685394415321,0.06295075923420569
76,5.362676382064819,3.0113928,0.7825901982431671,0.2598764897022,-3.9508958,-0.24896414202508863,0.06301460617850481
77,5.393016338348389,2.9485781,0.7951609941846668,0.2696760818327531,-3.969091,-0.23364760655209393,0.05886678087461115
78,5.426335573196411,2.8863094,0.8033264487671479,0.27832305603085555,-3.989534,-0.22209360552103374,0.05566906085280241
79,5.459604740142822,2.8353405,0.8183316288255835,0.28861846711561284,-4.0054283,-0.19882911614124452,0.049639913772994454
80,5.492668151855469,2.7649138,0.8436151321677237,0.3051144426157405,-4.0312195,-0.15957096601817872,0.039583795105671525
81,5.511636257171631,2.6662693,0.9001555407062733,0.3376086353718136,-4.0712647,-0.07817178423951993,0.019200859968261843
82,5.544201612472534,2.483187,0.9795919761008902,0.39448981965255225,-4.1513953,0.0006808487916618727,-0.0001640048077896676
83,5.564407825469971,2.2488394,1.0908508567020356,0.48507281898409416,-4.2516723,0.02692196473935779,-0.00633208842142663
84,5.585049390792847,1.9540455,1.151906736118789,0.589498410347611,-4.3661933,-0.024173223913419292,0.005536452988403093
85,5.609602212905884,1.7995584,1.1993541301103463,0.6664713572907872,-4.417135,-0.10888496904990534,0.024650587976464706
86,5.628936290740967,1.6875918,1.2423125714295646,0.7361451850751318,-4.4441266,-0.1645677028864204,0.037030381327277935
87,5.647876739501953,1.5807993,1.307430550861983,0.8270692660258991,-4.4690385,-0.18402826866415842,0.04117849269386743
88,5.6673805713653564,1.4143176,1.3505305255995335,0.9548990397031573,-4.517092,-0.28138382553818625,0.06229313269230553
89,5.693570613861084,1.322468,1.387393840163505,1.049094417187817,-4.524924,-0.3861397521418939,0.08533618887030443
90,5.726247310638428,1.2496614,1.4315828207699537,1.1455765285791935,-4.5196695,-0.47177765268492716,0.10438321856579899
91,5.759664297103882,1.1558235,1.4612848764038926,1.2642803294722642,-4.519346,-0.5483275820909141,0.12132896071993464
92,5.793137550354004,1.0955856,1.4939338184223054,1.363593898428769,-4.5049996,-0.608300479801787,0.1350278643141792
93,5.826409578323364,1.0247049,1.5172499356430706,1.4806700802683979,-4.49337,-0.6551298055796217,0.14579921025703524
94,5.859611511230469,0.97328013,1.5369909000256812,1.579186556656113,-4.4749703,-0.7199690604526072,0.16088800721198937
95,5.878698110580444,0.936499,1.5517043237202974,1.6569204285218524,-4.445828,-0.7540156327521995,0.16960072215390518
96,5.911776542663574,0.9031016,1.5745001996573473,1.7434363525174084,-4.4185157,-0.7837626675015391,0.1773814384444305
97,5.932865381240845,0.8497809,1.576786308976614,1.8555209667829136,-4.3967147,-0.8049635829599662,0.183082969944909
98,5.953277349472046,0.84354436,1.5729208714794558,1.864656962517615,-4.360194,-0.8383785194968951,0.19228008658364157
99,5.97678017616272,0.85620075,1.5798173721433657,1.8451483061388225,-4.313671,-0.8727260445008869,0.2023163152287715
100,5.995908737182617,0.84344345,1.5932975401049871,1.8890389555442524,-4.272847,-0.8856268585294254,0.2072685546974773
101,6.0156800746917725,0.8084106,1.6037007747910696,1.983770134499993,-4.2414412,-0.8943411063342434,0.21085783196134514
102,6.036127090454102,0.7801875,1.599986389413103,2.050771660450969,-4.2076626,-0.92311481387471,0.2193889827897591
103,6.060222864151001,0.79286784,1.609193666843988,2.0295862525976975,-4.156014,-0.9439228461334768,0.22712215453195286
104,6.0930914878845215,0.77170444,1.6222279278968472,2.1021363278341534,-4.1145744,-0.9456480501736713,0.22982888405989452
105,6.126359939575195,0.73532826,1.6230852404705853,2.207293443213089,-4.0807014,-0.9490897730128854,0.23258006194002662
106,6.159708738327026,0.729621,1.623952395190211,2.225747902629884,-4.03663,-0.9698859881425087,0.24027120425290283
107,6.19306755065918,0.7298005,1.6328840154461308,2.237438814429269,-3.9862878,-0.9760939688218516,0.24486289246916454
108,6.220859527587891,0.70564914,1.6320111752548765,2.3127799476151623,-3.9452014,-0.9813789398011066,0.2487525581233337
109,6.26266884803772,0.7056146,1.6324996582246583,2.313585344079286,-3.8962598,-0.9915090678496744,0.25447714542638045
110,6.282902956008911,0.7039272,1.6412863683999888,2.3316137298001443,-3.8460217,-0.9985644440901293,0.2596356792513901
111,6.304147958755493,0.68106794,1.6438300172240132,2.413606502458774,-3.8019881,-0.9917055848471357,0.2608386855198125
112,6.326899528503418,0.66925555,1.6439464957792376,2.456380801463751,-3.7571874,-0.9894223145680601,0.26334122258415543
113,6.346379995346069,0.6648989,1.6530033713706125,2.4860974202962884,-3.7088606,-0.9748129080870268,0.26283352323588843
114,6.366567850112915,0.63442785,1.6441357236137981,2.59152515976801,-3.6708312,-0.9059712106564496,0.24680274315047257
115,6.38638973236084,0.6301446,1.645119206270678,2.6107011255080104,-3.6376514,-0.8768871279349651,0.24105859001590677
116,6.409496545791626,0.61448914,1.6482645500478785,2.6823330922879602,-3.6022856,-0.8364739710539704,0.2322064540316881
117,6.428661823272705,0.5896966,1.6410868755204115,2.782934332865421,-3.573375,-0.8081031437414331,0.22614563172373542
118,6.460259675979614,0.5944348,1.6406282715472207,2.759980199206071,-3.5349035,-0.7768658058789388,0.21977001638025911
119,6.492997646331787,0.581342,1.6336399637162509,2.8101186816256756,-3.503632,-0.7124068277014796,0.20333380153676547
120,6.5263001918792725,0.5740289,1.6348353806022171,2.8480018242677336,-3.47924,-0.7009076647389361,0.20145424767954878
121,6.5460524559021,0.5624999,1.6390762528989034,2.913913956025806,-3.447816,-0.6664237762456686,0.19328867797046223
122,6.579081773757935,0.5361992,1.635503644614599,3.0501791270592773,-3.4261913,-0.641857691394939,0.18733854288375998
123,6.599325656890869,0.53236544,1.6347131583546124,3.07065979770249,-3.3974838,-0.6091646867299472,0.17929877461811894
124,6.61973237991333,0.51897013,1.629749610525966,3.1403533853493233,-3.3745167,-0.594533473218324,0.17618329425324053
125,6.643390655517578,0.5212635,1.6275993010412144,3.122411914333615,-3.3446064,-0.578546306960456,0.17297889134000796
126,6.662694692611694,0.51600957,1.6259168208543524,3.1509431568791464,-3.317858,-0.5349025969325311,0.1612192565322339
127,6.68416690826416,0.5012108,1.6212324144706416,3.234631787971809,-3.3004105,-0.5124548381000996,0.15527002979952576
128,6.703561305999756,0.5002606,1.61977101866754,3.2378545225563924,-3.2767332,-0.4747032157448059,0.14487087979482124
129,6.726678133010864,0.48657247,1.6241445814479776,3.3379294296920703,-3.2610621,-0.4833659370085656,0.14822346692016403
130,6.745992183685303,0.47094023,1.62321551423002,3.44675481723455,-3.2383578,-0.4616082310366428,0.14254392567447702
131,6.765460252761841,0.46042767,1.6260009579766568,3.5315013801751376,-3.2198546,-0.4684788151360169,0.14549688551594714
132,6.786031007766724,0.44823915,1.6277067539998589,3.6313355548837425,-3.1970892,-0.43852575831550333,0.1371640675420729
133,6.806828022003174,0.42856112,1.623577368226787,3.7884383062667877,-3.183713,-0.44750019772973737,0.1405592160637489
134,6.82721209526062,0.43449584,1.6213488471006332,3.7315635983412734,-3.1563296,-0.438333108467765,0.13887431276214282
135,6.860059499740601,0.430832,1.6214176222731411,3.7634568174884997,-3.1347392,-0.44661787905825034,0.14247369755052902
136,6.892967939376831,0.4259367,1.6228556448260905,3.810086449384302,-3.1103048,-0.4103032678026445,0.1319173810620762
137,6.926131248474121,0.40541947,1.6222215765509038,4.001341082690497,-3.0990105,-0.4199995026369156,0.13552697128246957
138,6.95953106880188,0.40256035,1.6243932839895063,4.035154656333579,-3.0749788,-0.39781742236303896,0.12937241020489593
139,6.993006229400635,0.38410762,1.626012524094241,4.233221215734396,-3.0613723,-0.4053432811040419,0.13240574618649148
140,7.026262521743774,0.37511718,1.6276818521541334,4.339129016434931,-3.040147,-0.3720770215817713,0.12238783634144546
141,7.059614658355713,0.35523,1.62496972694959,4.574415760220011,-3.0301013,-0.3881148784921015,0.12808643677476048
142,7.092894792556763,0.35989457,1.6241200052117843,4.512766026357149,-3.0045433,-0.36535478858586584,0.12160077308439853
143,7.126274824142456,0.34957752,1.6229426048925797,4.642582915484686,-2.9903293,-0.37334125119969547,0.12484954599990333
144,7.159547567367554,0.34834096,1.620010584759773,4.650646287480658,-2.9685476,-0.34671840756238037,0.11679732189289369
145,7.1928911209106445,0.3424295,1.6084053309361535,4.697040947365455,-2.954525,-0.35120780241328403,0.11887115632421996
146,7.226206302642822,0.36757833,1.6074328700116955,4.373034939962315,-2.9264252,-0.33573260585680753,0.11472447808506422
147,7.259331941604614,0.35982925,1.5990489960128547,4.443910575235935,-2.911722,-0.32341158033721534,0.11107227491752637
148,7.2928786277771,0.37264037,1.598133973806338,4.2886764204694146,-2.891261,-0.30651318623089024,0.10601366516132396
149,7.326257228851318,0.36502984,1.5988080639566495,4.3799379707686015,-2.8783865,-0.2880731097325974,0.10008145535113001
150,7.359544038772583,0.35329995,1.5929219684211517,4.508695764863578,-2.8679323,-0.3022590820579825,0.1053926830797062
151,7.392903089523315,0.3668807,1.5902934822723898,4.334633622633223,-2.8443937,-0.29212414155953936,0.10270172461065719
152,7.426241397857666,0.36631075,1.5914894113098408,4.344642986747515,-2.8289897,-0.2981181892173255,0.10537973487884182
153,7.459675312042236,0.35995412,1.593820017207011,4.427842145094498,-2.812576,-0.2652813072237943,0.09431969197864516
154,7.492968797683716,0.3410582,1.592767162986365,4.670074456590048,-2.8071804,-0.2791304055747015,0.0994344378833046
155,7.526189565658569,0.3430044,1.5892777692287305,4.633403372527993,-2.7881234,-0.264210294796839,0.09476277044047944
156,7.559572219848633,0.34404847,1.5818617007573785,4.597787339580008,-2.774311,-0.2550220688616055,0.09192266578069011
157,7.592768907546997,0.3572527,1.581494509537485,4.426823271401047,-2.7566657,-0.2397179197955422,0.08695937241088332
158,7.6263792514801025,0.35062072,1.5700106056374021,4.477803308146138,-2.7465649,-0.2376035776169579,0.08650936325410341
159,7.659587621688843,0.3768267,1.5700450710290639,4.166491005665353,-2.7248635,-0.2473487453773379,0.09077472788131688
160,7.693064451217651,0.3755269,1.5687388771298214,4.177434042655214,-2.708908,-0.23495650845356986,0.08673476597334073
161,7.726262092590332,0.37277043,1.571266672347477,4.215105468548357,-2.6973846,-0.24061441592614252,0.08920285831485197
162,7.759673357009888,0.36447534,1.5706352252894826,4.309304510952553,-2.6845222,-0.21518726237780486,0.08015849756416968
163,7.792897701263428,0.3567923,1.5584747161079584,4.368016664047809,-2.6771786,-0.21790484664403473,0.08139346583414186
164,7.826249361038208,0.38670686,1.5580536704415564,4.029030348674946,-2.6545231,-0.21280582776322668,0.08016725302521419
165,7.859523296356201,0.38390324,1.5545111237283675,4.049226422721855,-2.6429443,-0.20801977192798624,0.07870758725389419
166,7.892833709716797,0.3898485,1.5518887739565697,3.9807483471278,-2.629112,-0.20800283033028055,0.07911524115983268
167,7.926047086715698,0.39433,1.555149530337036,3.943776913710815,-2.615038,-0.1842291728958826,0.07044990499808282
168,7.959573030471802,0.37776774,1.5482659749826846,4.098459990513421,-2.6117523,-0.201015015362227,0.07696557500649279
169,7.992931604385376,0.39778098,1.545397940752666,3.8850473009684237,-2.590939,-0.19142286468718878,0.07388165501620517
170,8.026196718215942,0.40069434,1.5382708936485483,3.8390132784356026,-2.5792801,-0.18554517945237606,0.07193680776184198
171,8.059509754180908,0.41617247,1.5375309295209387,3.694456080774586,-2.5638015,-0.174786560646734,0.0681747626734854
172,8.09299111366272,0.4137007,1.536111587276441,3.7130988369030797,-2.5549526,-0.1591794098432258,0.06230229418198247
173,8.126211404800415,0.4120588,1.5429362721168778,3.744456544547808,-2.5473206,-0.1545474886426847,0.060670607531821595
174,8.159542322158813,0.39087906,1.5397401609593433,3.939172750921458,-2.5441556,-0.1459901491250951,0.05738255524065992
175,8.192981719970703,0.3955732,1.5438604363066064,3.9028438756930193,-2.5343113,-0.159935439946537,0.06310804844303003
176,8.22633147239685,0.38609955,1.5375189562256586,3.982182749458879,-2.524764,-0.14353470292063342,0.0568507391004504
177,8.259438514709473,0.39710137,1.5345517906868713,3.864382993948585,-2.5143287,-0.13927415941487,0.05539218416730462
178,8.293045997619629,0.40222442,1.5340254405147276,3.8138545511222888,-2.5042675,-0.14016082094536425,0.055968790678983873
179,8.32644009590149,0.40172392,1.5256172252926938,3.7976758276171014,-2.4950135,-0.13706489622838058,0.054935533446532805
180,8.359633684158325,0.42143962,1.5223118668828481,3.612170764980965,-2.4804337,-0.15212199662224765,0.06132878958660928
181,8.392866611480713,0.43171674,1.5136741181938167,3.506174251508482,-2.4654078,-0.14025144250012014,0.05688772451727247
182,8.426161766052246,0.44989216,1.5057278343080505,3.3468638869845475,-2.4524312,-0.14065061905909262,0.057351504477731366
183,8.459519147872925,0.4692939,1.5053661459005903,3.207725841593066,-2.43729,-0.13300814769057182,0.05457214785389195
184,8.49295973777771,0.46667555,1.5045098253518792,3.223888258496007,-2.4302936,-0.12546643258149154,0.0516260400163518
185,8.526362657546997,0.46552855,1.5095432070885435,3.2426436882113117,-2.4232001,-0.12642861465332403,0.05217423565802871
186,8.559679985046387,0.4503042,1.5043887164905112,3.3408275615924214,-2.4190307,-0.12513854407934963,0.0517308630353575
187,8.59273624420166,0.46189508,1.503268831515325,3.2545677616991773,-2.4074059,-0.1424862514028601,0.05918663494534249
188,8.626356363296509,0.4669507,1.5009236624945903,3.2143085246552285,-2.394123,-0.13284672883969906,0.05548867979852625
189,8.659689664840698,0.46895424,1.4934372986023499,3.184612028502459,-2.3858957,-0.12889025876881952,0.054021748393561615
190,8.693039894104004,0.48621944,1.4922295807471886,3.069045518289911,-2.3726432,-0.12176756162072931,0.05132147975755741
191,8.726396083831787,0.4860278,1.4926812689563767,3.0711849146620356,-2.3654847,-0.11761889326667725,0.049722956375618826
192,8.75977897644043,0.48218837,1.4970860506646966,3.1047742583543614,-2.3591652,-0.11976741470603443,0.05076686241807818
193,8.793035507202148,0.4688723,1.4974437356860228,3.1937133155476647,-2.3546338,-0.11742875975442076,0.04987134702163375
194,8.826382398605347,0.46551478,1.4947302766353086,3.210919059443,-2.3478627,-0.13239132644728224,0.05638801846970005
195,8.859623432159424,0.47428355,1.4868626355593382,3.1349656707320794,-2.334381,-0.12002556327977813,0.05141643885782712
196,8.892723798751831,0.49048626,1.481582082127469,3.0206392924314063,-2.3231566,-0.12395994984626459,0.053358413333297786
197,8.92632269859314,0.5037061,1.484933374991617,2.9480154837482995,-2.310295,-0.11727458858485033,0.0507617353004095
198,8.959615707397461,0.49136913,1.4856105399458623,3.023410415110249,-2.306807,-0.11765028588882177,0.05100135546198148
199,8.993119239807129,0.4879154,1.4884452327300173,3.050621568465455,-2.299796,-0.11946468635852481,0.05194577298759015
200,9.026479482650757,0.47865888,1.4912129283933309,3.1153979918902883,-2.2941325,-0.1176189196338726,0.05126945419078874
201,9.059723377227783,0.46888086,1.4878475981772843,3.1731890097593407,-2.2892118,-0.13092551383083098,0.05719239988571857
202,9.093282699584961,0.47899976,1.4863360567977815,3.1029995614868753,-2.2756376,-0.12119196066939614,0.05325626507938957
203,9.126402378082275,0.4786163,1.486767799514645,3.106387743318946,-2.268814,-0.124456109671842,0.05485513792852085
204,9.15975832939148,0.47632468,1.4802050009807746,3.107554722655007,-2.260592,-0.12353527410930795,0.05464731140995746
205,9.193101167678833,0.49164766,1.4857497343911872,3.0219806846599933,-2.2477708,-0.12681981586321447,0.05642026163743909
206,9.226356506347656,0.47547877,1.4840519483304286,3.1211739558517877,-2.2437305,-0.13402743986297097,0.05973419587259126
207,9.25997257232666,0.47962636,1.4833169443960168,3.092651021007987,-2.2325583,-0.11919035851735349,0.053387345434119785
208,9.293308973312378,0.47588667,1.4852960856921356,3.1211130102787346,-2.2275157,-0.1179881649860603,0.05296849989411107
209,9.326480388641357,0.46814942,1.4797946005008502,3.160945044263518,-2.2218797,-0.1280200607175699,0.0576179077227171
210,9.359875202178955,0.48294598,1.4822365941740707,3.069156095560602,-2.207352,-0.13253188715060266,0.06004112247364084
211,9.39320969581604,0.47514984,1.4761034324090234,3.1066061856342015,-2.2002623,-0.1411846144002023,0.06416717401335204
212,9.42646336555481,0.49141955,1.4720555415267484,2.9955168252330395,-2.1849682,-0.1287923502148231,0.058944724350336306
213,9.459795236587524,0.4971702,1.470703655722293,2.9581491941432585,-2.1762915,-0.13222041408842802,0.060754920087093295
214,9.493366718292236,0.49954423,1.4688318410260761,2.940343905000893,-2.166219,-0.1238710716636537,0.057183078852896564
215,9.52641224861145,0.5006752,1.469282862396147,2.9346028288213666,-2.158683,-0.1295877929263427,0.06003094906869252
216,9.559582471847534,0.49888015,1.4662398955807945,2.939062421411265,-2.1498537,-0.13649266353714798,0.06348927982093146
217,9.593283891677856,0.50670874,1.4721525170070737,2.90532291500519,-2.137449,-0.12100791480052264,0.05661324004571626
218,9.626524925231934,0.4851227,1.4706806965084536,3.0315643130674665,-2.1377375,-0.13493957272664736,0.06312261067227773
219,9.659861326217651,0.49049154,1.4693838382484743,2.995737379131114,-2.1251044,-0.13074902292286794,0.061525928439512836
220,9.693218231201172,0.49119887,1.4707066985396744,2.994116631105069,-2.1165154,-0.13783840070622597,0.06512515847265499
221,9.726742506027222,0.4875332,1.4633821771259325,3.001605105012199,-2.107451,-0.1348215385726252,0.06397374885554338
222,9.759826421737671,0.5047935,1.4627085801210666,2.8976373674133216,-2.0937126,-0.13245643696443662,0.06326390688529689
223,9.793288946151733,0.5042071,1.4568115925940044,2.8893120820009397,-2.0854638,-0.14011627784631459,0.06718710743403404
224,9.826476812362671,0.52025425,1.4566113705597499,2.799806745270101,-2.0703082,-0.1317307704444606,0.06362857950608901
225,9.85963249206543,0.5171447,1.460468725495965,2.8241008404658916,-2.0634673,-0.1323941759578412,0.0641610255982168
226,9.89315152168274,0.5052116,1.4628719795318448,2.8955629750097263,-2.0579543,-0.13293990505381806,0.06459808379577864
227,9.926600933074951,0.49689317,1.466883600733739,2.9521106279778975,-2.0512626,-0.12587475201710074,0.061364522985540584
228,9.959909439086914,0.48241064,1.4556488909202572,3.01744773364695,-2.048034,-0.13393717978844863,0.06539792937076225
229,9.993291854858398,0.51300186,1.4526093730300742,2.8315869562911464,-2.0288239,-0.1321836742264227,0.06515285891428943
230,10.026510953903198,0.518997,1.4524674681767913,2.7986046744063366,-2.01834,-0.14170029057255837,0.0702063491756506
231,10.05987000465393,0.5197887,1.4485514581343497,2.7868083838928808,-2.0074584,-0.15222733531524701,0.07583087731445476
232,10.093400955200195,0.5310085,1.446020279430659,2.7231585341923736,-1.9925917,-0.13740038330740012,0.06895561225049676
233,10.126536130905151,0.5324362,1.4441518337421329,2.712347235864405,-1.9849011,-0.14378378262203279,0.07243876521208541
234,10.159993410110474,0.5372106,1.4408042458075108,2.6820101642812,-1.973048,-0.13799029187102085,0.06993762637729786
235,10.192948341369629,0.5431818,1.4455428777624293,2.6612506880202136,-1.9629029,-0.14173924043340072,0.07220899219037583
236,10.226678848266602,0.5294284,1.4449900384835335,2.7293397505820884,-1.9570817,-0.14773487169968041,0.07548733072660924
237,10.259896516799927,0.53058535,1.4388174069711444,2.7117548774217632,-1.9460166,-0.13271060343480862,0.0681960302087041
238,10.293368339538574,0.5419656,1.435599522248812,2.6488757074393217,-1.9357027,-0.13955662455702839,0.07209610540286919
239,10.326599836349487,0.55043733,1.4297952562298601,2.5975622930837647,-1.9229683,-0.13969946599835187,0.07264782695295857
240,10.3599693775177,0.56412286,1.4358439603274418,2.5452681909850408,-1.9094433,-0.14633244247716407,0.07663618270357461
241,10.393131017684937,0.5469576,1.4352067893440572,2.6239817451251444,-1.9041177,-0.15327641569896672,0.08049734290177153
242,10.426626205444336,0.5480759,1.4314346162426015,2.611745159161426,-1.8927262,-0.14013725669323346,0.07403989967303787
243,10.459781646728516,0.5529206,1.4339532776901982,2.5934163599460955,-1.8836356,-0.1467044156869066,0.0778836482811847
244,10.493261575698853,0.545313,1.4264200253140646,2.6157821719597854,-1.875236,-0.1444971521316367,0.07705544767775616
245,10.526444435119629,0.56294525,1.4322720795822814,2.5442475764513053,-1.8606331,-0.15508538671732047,0.08335086794554837
246,10.559619426727295,0.5469861,1.4256285319001105,2.606334098673261,-1.8539803,-0.16022588982920544,0.08642264946736487
247,10.59324598312378,0.5639694,1.4243171864732145,2.5255222231682515,-1.8378724,-0.1480880169888934,0.08057578867753322
248,10.626766681671143,0.562116,1.4269140152356317,2.538468833845257,-1.8304133,-0.15630638301864494,0.08539403612992501
249,10.659812927246094,0.5545219,1.425348607389642,2.570409861827515,-1.8213915,-0.153785251139563,0.08443283843147403
250,10.693198204040527,0.55569744,1.4329030831661147,2.578566999205397,-1.8112174,-0.14455986471259097,0.07981364497567878
251,10.726422309875488,0.5304669,1.432249818980235,2.6999795476452624,-1.810439,-0.15117624902259602,0.08350253712392851
252,10.75989818572998,0.5316886,1.4350279342779964,2.6990009050656796,-1.7990904,-0.14209164418046386,0.07897971404363255
253,10.793352603912354,0.5199122,1.4441394667227179,2.7776603687160617,-1.7942607,-0.14907086711725384,0.08308205366739412
254,10.826735019683838,0.4946798,1.438271040322067,2.9074787676177087,-1.7910423,-0.15256274810052245,0.08518098412617246
255,10.859682559967041,0.5098002,1.438843880150092,2.822368238190756,-1.7759656,-0.13854468341056764,0.07801090609041428
256,10.894847869873047,0.5029368,1.4411049321686458,2.8653798810884488,-1.7706295,-0.1460351997794658,0.08247642869517725
257,10.928489208221436,0.49657634,1.4407608585054206,2.901388457992523,-1.761742,-0.1457259791944455,0.08271698100000378
258,10.96164870262146,0.49532595,1.439298696696603,2.905760719083082,-1.7523003,-0.12996718130159354,0.07416946974589356
259,10.994897842407227,0.49333727,1.4384915353249659,2.9158379313904366,-1.7461977,-0.14129013275088056,0.08091302188199226
260,11.028608798980713,0.49597147,1.4339103740689032,2.8911146259518032,-1.7344878,-0.147733516728548,0.08517414715425121
261,11.061710119247437,0.507684,1.4439450205298296,2.8441807151413236,-1.7202426,-0.14957187844164757,0.08694812972594755
262,11.092631340026855,0.47815818,1.4416884809853958,3.0150869597393966,-1.7189455,-0.15901997014621855,0.09251018711585722
263,11.126003503799438,0.48447943,1.434039206977585,2.9599589292326445,-1.7052145,-0.15583193336273338,0.09138553145289889
264,11.15929651260376,0.5025213,1.4378439226212245,2.861259791247108,-1.6899303,-0.16702849386430527,0.09883750348088281
265,11.192665100097656,0.49242514,1.4314592801981156,2.906958140658606,-1.6806947,-0.17211773784233647,0.10240868726206574
266,11.225905656814575,0.50901115,1.4297589985584922,2.808895247630154,-1.663991,-0.16847292182436804,0.10124629545088495
267,11.259342193603516,0.51060176,1.4333511393186862,2.8071801833327603,-1.6531441,-0.17444949832869147,0.10552588615517777
268,11.29289197921753,0.49999738,1.432189628351808,2.8643942810495346,-1.644256,-0.17930117062511858,0.10904699212806382
269,11.32612657546997,0.5023056,1.4309353821787152,2.848734526621827,-1.6312329,-0.17010400221303631,0.10427941137260127
270,11.359415769577026,0.5016715,1.4368171280134696,2.8640597440931828,-1.6214994,-0.17072313449590626,0.10528720052137708
271,11.392927646636963,0.48380587,1.4365608289179237,2.969291884816967,-1.6155624,-0.1744147975552945,0.10795918087019224
272,11.415578365325928,0.4836391,1.434377741560645,2.9658019120076973,-1.6035511,-0.1546819793222717,0.09646214240388165
273,11.44282078742981,0.48308358,1.4346958896845778,2.9698709727849875,-1.5961137,-0.16342807887101768,0.10239125241217678
274,11.475972414016724,0.48241392,1.4271631996379777,2.9583789916464442,-1.5844489,-0.16563900783768049,0.10454045209345476
275,11.509373426437378,0.5019258,1.4257859841001028,2.8406308463067793,-1.5674845,-0.15345825489361312,0.09790097132511787
276,11.542556285858154,0.50080884,1.4278762793580642,2.8511403543303397,-1.55934,-0.16136101334118416,0.10348032714186407
277,11.575912237167358,0.49490225,1.425993823528084,2.881364581488723,-1.5494065,-0.16847462451440356,0.10873493909984532
278,11.609260320663452,0.49978158,1.4249665927341086,2.851178701333428,-1.5358177,-0.15062141513022972,0.09807245415721226
279,11.642796993255615,0.49629042,1.430854192946446,2.883098581365028,-1.5291306,-0.1532725599277179,0.10023510230504369
280,11.675877809524536,0.47847062,1.4241461051788038,2.9764546353576917,-1.5240034,-0.15902159073608277,0.104344643945674
281,11.709415197372437,0.49632666,1.4236215246495227,2.868315674524522,-1.507379,-0.14751976707160602,0.09786507685642229
282,11.742930173873901,0.49277237,1.4276971834924295,2.8972752303890568,-1.5001874,-0.15527959191826224,0.10350679670316797
283,11.775907516479492,0.48107463,1.4276131251436455,2.9675502146945862,-1.492371,-0.1616666231569649,0.10832871126191854
284,11.8094961643219,0.4806125,1.4268644042124312,2.968845887263369,-1.4808896,-0.15403271157457454,0.10401363873495816
285,11.842947006225586,0.47878173,1.4317670462027623,2.990437931690411,-1.4721344,-0.16221296682219138,0.11018896925509976
286,11.876070022583008,0.46505532,1.4237102443099547,3.061378277434678,-1.4645458,-0.1683799389635058,0.11497075316902229
287,11.909558057785034,0.4868832,1.4215664396470684,2.919727892320331,-1.4461663,-0.16631618898700506,0.11500488681001976
288,11.942702770233154,0.334759,1.4155716216127008,4.2286290568825,-1.4661955,-0.16835464408502596,0.11482414739595367
289,11.975947380065918,0.34926364,1.413002100143609,4.045660484988444,-1.4506576,-0.17768015045546054,0.12248248636016539
290,12.009366750717163,0.35606772,1.408632678527299,3.956080854780824,-1.4359252,-0.17595401871071842,0.12253703268222099
291,12.0427987575531,0.36517474,1.4044721161737883,3.846027559428977,-1.4219776,-0.15594186440041796,0.10966548284706953
292,12.075889348983765,0.36928973,1.4029574361686705,3.799069774545655,-1.4132482,-0.16680292176497058,0.11802804628869194
293,12.109400510787964,0.37341288,1.4047171073125801,3.761833596606569,-1.3998963,-0.1802932715380532,0.12879045123891775
294,12.14259386062622,0.36919326,1.4029865995158544,3.800141462743266,-1.3878708,-0.17325277014489013,0.1248335014838632
295,12.17587423324585,0.37010464,1.4067160444597886,3.800860323487225,-1.3773638,-0.1726013692718872,0.12531283974957144
296,12.209307670593262,0.35742375,1.4089477184389099,3.9419532373029864,-1.3700935,-0.1783721756488002,0.13018978648157342
297,12.242908477783203,0.35068288,1.4021503137302203,3.9983425935098253,-1.3598949,-0.17651371864434814,0.1297995325345747
298,12.276123046875,0.3673358,1.397838572657381,3.8053426497588423,-1.3437468,-0.15848076165634495,0.11793945396261574
299,12.30955958366394,0.37307242,1.3999181677029906,3.7524033115340316,-1.3340436,-0.1607697924824129,0.12051314501946281
300,12.342756748199463,0.36578977,1.3961210394581043,3.8167306738402496,-1.3254157,-0.17025044731793273,0.12845060112327286
301,12.376144170761108,0.3767617,1.3916172015269603,3.693626990823597,-1.3096913,-0.1690926835323629,0.1291088077400035
302,12.409473896026611,0.3870553,1.3872324898681594,3.5840678645492314,-1.2955624,-0.14897782442926358,0.11499085337778654
303,12.442642450332642,0.39241046,1.3853458536887548,3.5303489713446057,-1.2867178,-0.158275070606486,0.12300682713114196
304,12.475929021835327,0.39769718,1.3870558709528367,3.4877186435559073,-1.2735875,-0.17187286009962416,0.13495175226225517
305,12.509227514266968,-0.431396,1.3371514583940243,-3.099591639769012,-0.6355533,-0.13586037158223635,0.21376707744394338
306,12.542526721954346,-0.3183102,1.3003547356109606,-4.085180841956126,-0.5960849,-0.11125470157669615,0.18664237750342821
307,12.575920343399048,-0.23540157,1.277525016000131,-5.427002936620139,-0.5663916,-0.11213484492249387,0.19798112727182235
308,12.609348058700562,-0.1817348,1.2543240587972795,-6.901947543669558,-0.5433545,-0.11139610569547904,0.20501551636510257
309,12.642752647399902,-0.12705298,1.2314994058473827,-9.692802390966673,-0.5201175,-0.10892739296104832,0.2094284243524831
310,12.675983428955078,-0.07333492,1.21034270650687,-16.50431675642623,-0.4973753,-0.10492075033524632,0.21094885157772603
311,12.709484577178955,-0.023808502,1.1890180845570504,-49.940903526639985,-0.4761941,-0.09949401191502623,0.20893582909965128
312,12.742679357528687,0.02615694,1.168525318487891,44.67362535029691,-0.45516887,-0.09023570910338083,0.19824666061726146
313,12.776803255081177,0.07346336,1.1454000135366826,15.59144647009258,-0.43569377,-0.07919078530449923,0.18175790116735654
314,12.809481620788574,0.12743369,1.1239422146219546,8.819820230629059,-0.414729,-0.06745462588045283,0.16264747828262485
315,12.842756032943726,0.1773948,1.094591692952909,6.170370538878933,-0.3955542,-0.04560661505126595,0.1152980131535584
316,12.876423835754395,0.245631,1.0758323307444162,4.379872064602338,-0.37263843,-0.039786077901526815,0.10676858384177608
317,12.909583330154419,0.2910198,1.0637576497874888,3.655275893821867,-0.35565117,-0.04166775498230847,0.11715905498219457
318,12.942914724349976,0.32142073,1.0511017709032582,3.2701741846246026,-0.34257928,-0.042656225150463585,0.12451490273145502
319,12.97616195678711,0.35327658,1.0390295566731467,2.941122094735087,-0.32909352,-0.0439633482377548,0.13358922651860028
320,13.009689569473267,0.38387087,1.02636106800644,2.6737143882284595,-0.31590727,-0.04682270304107829,0.14821660509152842
321,13.042912244796753,0.4164162,1.0147996471001974,2.436984084521908,-0.30180898,-0.042879953114843196,0.1420764639812125
322,13.075931549072266,0.44463018,1.0098063551709042,2.271115210046867,-0.2899077,-0.04901989790104503,0.1690879508848925
323,13.109732389450073,0.45852122,1.0040606108386558,2.189780043706586,-0.28126284,-0.05058956282684093,0.1798657866190729
324,13.142934322357178,0.47328946,0.9982016193542956,2.1090721510529433,-0.27268106,-0.05014772715396301,0.18390616356832196
325,13.176057815551758,0.48796275,0.9950100069533204,2.039110570819401,-0.26424026,-0.04915122337753918,0.18600959016416624
326,13.209589719772339,0.9081468,1.0325464388577053,1.1369818628853052,0.07737005,-0.03220996093045586,-0.41631047081386363
327,13.242846012115479,0.8138402,1.074392528703899,1.3201516893911767,0.049987044,-0.011359167246260949,-0.22724222708848793
328,13.276144742965698,0.70798767,1.1164157825850434,1.5768859204673549,0.017726686,-0.008062583182892484,-0.4548274421001358
329,13.309645414352417,0.6055735,1.1447862493992351,1.8904167635761122,-0.012246233,-0.00393209648959135,0.3210861950431717
330,13.34288239479065,0.53609264,1.1202469268382227,2.0896517605460376,-0.03235916,0.0005700068166472547,-0.01761500632715001
331,13.376448154449463,0.59629893,1.1418694522821222,1.9149278810234842,-0.012193042,-0.00030204461360751236,0.02477188360656431
332,13.409605264663696,0.54398906,1.1119948468634988,2.0441492741471974,-0.026793847,0.000420659446905653,-0.01569985262270636
333,13.442691326141357,0.6176208,1.1561026808436643,1.8718647956972243,-0.002165161,0.0011421089483616997,-0.527493756697545
334,13.476412773132324,0.5090394,1.1233584814753554,2.2068202914036426,-0.03461718,-0.004823130944830587,0.1393276749779025
335,13.509584665298462,0.59063935,1.1548010815617802,1.9551712497487814,-0.006704092,0.0005252568460856954,-0.07834869271896641
336,13.542959213256836,0.51152956,1.1217418885525716,2.19291701910739,-0.030341132,-0.0009149274582389603,0.03015469132526511
337,13.576266765594482,0.5923397,1.150856081477452,1.9428987997317329,-0.0032932088,7.962616961046387e-05,-0.024178901181336733
338,13.609678268432617,0.5195015,1.107175988327167,2.1312276726958808,-0.024613855,0.00032993439661295617,-0.013404417599850066
339,13.643046379089355,0.62587845,1.174717441349991,1.876909862036651,0.010224976,-0.0011432853013457803,-0.11181300973017247
340,13.676008939743042,0.45876446,1.1256546733367214,2.4536657969292026,-0.04038282,0.0004595471923522119,-0.011379769409070357
341,13.70967173576355,0.5778792,1.1556909022947879,1.9998832306194436,-0.0017395206,-0.00020619986149701046,0.11853832827158178
342,13.742961883544922,0.50259566,1.1230504474147698,2.2345008720396344,-0.023773694,0.0031187419500181535,-0.13118457300374817
343,13.776458024978638,0.5805653,1.1437748778778023,1.9701055670566707,0.0016323421,-0.0006961870068190952,-0.42649576973027875
344,13.809765100479126,0.5287124,1.107580024350819,2.094862994355667,-0.012838407,0.001051290675244836,-0.08188637740519639
345,13.842967748641968,0.61578274,1.1680864194111706,1.8969132257807289,0.015599415,0.0010279367319968465,0.06589585259159143
346,13.876396894454956,0.4651485,1.1262697269834565,2.4213121321132864,-0.03021023,-0.0006880737110825197,0.022776182098106508
347,13.909627437591553,0.84976554,1.1704555340172584,1.3773864437494576,0.20586924,0.004538367887496317,0.022044904966400613
348,13.943325757980347,0.7421098,1.1846625306129106,1.5963440580549635,0.17348091,0.0009203946882255006,0.005305452179613838
349,13.97633957862854,0.70827127,1.198099731635401,1.6915831416439158,0.16489018,0.005168785209578239,0.03134683371011364
350,14.009636163711548,0.67428565,1.2072177446476888,1.7903654692847113,0.15547508,0.01641541000861986,0.10558225798769964
351,14.042855501174927,0.64894485,1.210732011672872,1.8656932138938103,0.14763628,0.021226462689988117,0.14377538344291171
352,14.076213598251343,0.63828385,1.2080931884676243,1.8927209121926605,0.14458464,0.021190275449190245,0.14655965753393463
353,14.109503507614136,0.6433283,1.2167454631770662,1.8913289622782747,0.14673401,0.019320241459302757,0.13166845854223147
354,14.142771482467651,0.6215682,1.2200486820962713,1.962855687053899,0.14075491,0.020576090703372657,0.14618382370093402
355,14.176334381103516,0.6119789,1.218700664248096,1.9914096501139038,0.13827397,0.023786603920266044,0.17202517611919044
356,14.209670782089233,0.6130515,1.2194298658111984,1.9891149721360006,0.13880454,0.0220989336228421,0.1592090115840219
357,14.242913722991943,0.6102211,1.2173372215879088,1.994911755200424,0.13858938,0.021518907138510318,0.15527096521623157
358,14.276540517807007,0.61387557,1.224414424899796,1.9945645158388392,0.14032781,0.023557613038187923,0.16787558239403266
359,14.309772253036499,0.5949038,1.220839443298033,2.052162700049079,0.134774,0.024213903132605134,0.17966301535128656
360,14.343034505844116,0.60192317,1.2218429730318683,2.029898562784014,0.13741893,0.0247422271932347,0.18004963330927745
361,14.376316547393799,0.59788823,1.217138070176569,2.0357284296698657,0.13656563,0.023383096792080036,0.171222419095411
362,14.409659385681152,0.6079673,1.2128376098574085,1.9949059361183734,0.14027134,0.02184183136908783,0.1557112950999951
363,14.442707777023315,0.61707485,1.2235405068686773,1.9828072921431754,0.14371577,0.021569558154122797,0.15008483965487823
364,14.476236820220947,0.5898998,1.2258778642284949,2.0781120949459337,0.13581482,0.02008752681815522,0.14790379610500368
365,14.509700775146484,0.58308965,1.2293042196333106,2.108259373689269,0.13440153,0.016706372949705547,0.12430195509158992
366,14.543036699295044,0.5739261,1.2299134624852996,2.142982313151596,0.13256842,0.011917042337687936,0.08989352388307308
367,14.576292753219604,0.5430681,1.2163114027432798,2.2397032310212373,0.22414276,0.023794603755797096,0.10615825267665653
368,14.609837532043457,0.571309,1.2174169028189068,2.130925586302457,0.23230594,0.029141839967927484,0.12544595058748778
369,14.64318323135376,0.56554836,1.2156524677227463,2.1495110815550036,0.23032224,0.03988097175718082,0.1731529332487585
370,14.67635464668274,0.565723,1.2088202997658266,2.1367706378992817,0.22926399,0.044529713763158923,0.19422899141776434
371,14.709726810455322,0.5797771,1.207654677850226,2.08296366478617,0.23274586,0.0416718765261186,0.17904454770512176
372,14.742974281311035,0.58190787,1.2029135020694892,2.0671889270157977,0.2332615,0.03946357942061356,0.1691817129116178
373,14.776177883148193,0.59261614,1.2057050361026345,2.0345464002864584,0.23642364,0.03227940546894591,0.13653205437449348
374,14.809767723083496,0.58621,1.2019363321199503,2.050351080025865,0.23507687,0.035906393506018285,0.15274319765915698
375,14.843007326126099,0.59323704,1.202847382390975,2.0275999244245813,0.2368159,0.04068016804510076,0.1717797162775203
376,14.876380443572998,0.58861387,1.2038852432245688,2.045288616468755,0.23461807,0.0391482985820635,0.1668596922604205
377,14.909650325775146,0.58524746,1.1992941591262114,2.0492086633193023,0.23344073,0.03991591067050161,0.1709894892131505
378,14.94304370880127,0.59499973,1.2048020730685334,2.024878350583316,0.23606408,0.03989436386831868,0.16899802999556574
379,14.976401090621948,0.5803854,1.2041043471572603,2.0746634464692697,0.23130727,0.04101075389966456,0.17729989303390084
380,15.009615898132324,0.58063924,1.1973072765131019,2.062050215668006,0.23104367,0.039695478636455325,0.1718094212250197
381,15.04291033744812,0.5962866,1.193432053296899,2.001440353630081,0.23577553,0.0362800867728187,0.15387553882612226
382,15.076653242111206,0.6053279,1.1871183981161768,1.9611162641464992,0.23879737,0.03296588766463583,0.13804962814861163
383,15.109441757202148,0.62028545,1.1875207169376258,1.9144745604366555,0.24377844,0.03371990192146785,0.1383219216778214
384,15.142607927322388,0.618084,1.187116692672064,1.920639697543189,0.24312398,0.037899719119566994,0.15588638921041817
385,15.176220178604126,0.6170368,1.1874878329925027,1.9245007680993285,0.24232125,0.03886313785545382,0.1603785776225774
386,15.209453582763672,0.6147757,1.1876212840935445,1.9317960204896403,0.24128854,0.03180351649202031,0.13180698979686697
387,15.242617130279541,0.7814922,1.1828345394367454,1.5135590339687943,0.6661046,0.02351968943026891,0.0353093026380522
388,15.276140928268433,0.7944668,1.1843523089937231,1.4907511788135632,0.67129666,0.04044900957629802,0.06025504403579176
389,15.309536695480347,0.785817,1.184502913994305,1.5073520592671745,0.66702306,0.06223123923774731,0.09329698284387089
390,15.342702388763428,0.77915484,1.1819893036211977,1.5170146513788632,0.66196686,0.06063713141045676,0.09160146080952543
391,15.37626576423645,0.78466094,1.1881491659577768,1.5142198526159414,0.6626541,0.061139359608178685,0.09226436452686035
392,15.409610033035278,0.76846147,1.1910124121154315,1.5498661482269744,0.6565778,0.07916790837896862,0.12057657949855662
393,15.442917346954346,0.7559083,1.1862601379267705,1.5693174973537154,0.64931726,0.0736164067016258,0.1133750952269289
394,15.47613525390625,0.76767653,1.1904890049776309,1.55076904781715,0.65173495,0.08120384697069534,0.12459642865580409
395,15.509560585021973,0.754508,1.1886006278446846,1.575332002723685,0.6451333,0.08586317882279472,0.1330936980380684
396,15.542803049087524,0.75707865,1.1853530332069375,1.565693388584429,0.6433384,0.07816224372745756,0.12149476214182953
397,15.57726502418518,0.7659751,1.193290582486033,1.5578712087867563,0.6447489,0.07921027465658537,0.12285444991434467
398,15.610953569412231,0.7455655,1.197327414505728,1.605931948576472,0.63645434,0.08222904280149727,0.12919865125138133
399,15.64267373085022,0.734208,1.2019175491672471,1.6370259778740683,0.6306225,0.07426114428339503,0.11775847446001722
400,15.676040410995483,0.724015,1.213545220086245,1.6761327103806478,0.6264044,0.07811231252730487,0.12469949436605898
401,15.709425687789917,0.69389284,1.2268151437159498,1.7680181709022162,0.61493623,0.09341983614077753,0.1519179244827216
402,15.74267864227295,0.6570787,1.2235503182590133,1.862106242698304,0.59980947,0.09818062186258517,0.1636863489733181
403,15.776270389556885,0.6632056,1.220923140665354,1.8409420806608858,0.5985172,0.09489471005775754,0.15854968463688027
404,15.809651136398315,0.669699,1.2314791014621123,1.838854585609669,0.59809273,0.09928053853896839,0.16599522575691364
405,15.842884540557861,0.6421258,1.2307916504764964,1.9167454080731285,0.5865088,0.09974935709855999,0.1700730753048581
406,15.876337051391602,0.6430143,1.230502598300558,1.9136472948389547,0.58400893,0.08884141931944942,0.15212339132881786
407,15.90961766242981,0.46990907,1.2126215525188613,2.580545098987499,0.6478223,0.08366135086270403,0.1291424333807055
408,15.942835330963135,0.51343167,1.2108728946880087,2.3583915241161,0.65941954,0.08845748623248477,0.13414447301613194
409,15.97620177268982,0.5150468,1.2012767063545127,2.332364289746494,0.65713817,0.09688581418332964,0.14743598649658923
410,16.00958251953125,0.53498477,1.199478664977185,2.242080032902017,0.65973705,0.10015427360688028,0.1518093815193813
411,16.04268765449524,0.5371649,1.1959391289528098,2.2263909460373132,0.6571066,0.0971782637384126,0.1478881309975896
412,16.07604718208313,0.545328,1.1991442343795686,2.198941165854234,0.6569207,0.09679595681563859,0.14734801479159815
413,16.109540700912476,0.53651553,1.1996307975446414,2.2359665688903334,0.65144444,0.09975379513184789,0.15312709688513873
414,16.1431086063385,0.533476,1.1991510471377098,2.2478069458295695,0.64727974,0.10098410796352546,0.15601308340080575
415,16.176159143447876,0.533107,1.1959473005610821,2.243353284337287,0.6439425,0.09836826365847588,0.15275939610872785
416,16.20962929725647,0.54035836,1.1996482136924957,2.2200974248272427,0.64337254,0.09753175553660336,0.1515945274686669
417,16.242818117141724,0.5304309,1.1992729382551093,2.260940885848321,0.637635,0.09699513497532586,0.1521170200836996
418,16.276324033737183,0.5304271,1.193518082698207,2.250107670934183,0.6349982,0.09022203264076543,0.14208234339967948
419,16.309455633163452,0.5450146,1.1856783279343106,2.1754982064702837,0.637601,0.08458949044586953,0.13266837420928052
420,16.34273862838745,0.5643097,1.1875403616803455,2.1044123954221376,0.641666,0.08508218756415141,0.1325957557531267
421,16.376025438308716,0.55842257,1.1862012849117607,2.124200127790669,0.6375476,0.09000981389537516,0.14118132069564696
422,16.40948510169983,0.55938196,1.1851408226597293,2.118661135940903,0.63494664,0.09465918315008315,0.14908210634535893
423,16.44277572631836,0.5597807,1.1805949947381962,2.1090311957948615,0.63194215,0.09129214183918953,0.14446281421349283
424,16.476200342178345,0.57095224,1.1776155421585974,2.0625465083791092,0.6330825,0.09004564585545967,0.14223366554840627
425,16.50956392288208,0.5779772,1.18139561214484,2.0440177433333186,0.63293314,0.0947750046837216,0.14973936222318196
426,16.542797088623047,0.5669805,1.178327842555608,2.078251159846388,0.626638,0.09421178843378399,0.15034483888459282
427,16.57637357711792,0.89743936,1.1908315603081145,1.3269214752150968,1.0205842,0.08764324103986575,0.08587555915206452
428,16.609621047973633,0.8692,1.1931018139151806,1.3726436101685298,1.0104198,0.06952400701291749,0.06880704819582877
429,16.642802000045776,0.86897695,1.193308708818067,1.3732340172333886,1.0106494,0.08129372468915484,0.0804371142521666
430,16.676153659820557,0.8650304,1.187609492935594,1.372910688551455,1.0064793,0.07512465593563768,0.07464103700348429
431,16.709726572036743,0.8805189,1.1896208104415467,1.3510451536184749,1.0100629,0.08077413994353982,0.07996941310001293
432,16.742794513702393,0.87389827,1.1919143818120073,1.363905188742722,1.0057247,0.09009770635188222,0.08958486270999795
433,16.77605128288269,0.86551595,1.207539189268345,1.3951668862680249,1.0001123,0.10237421473947017,0.10236271990240685
434,16.809686422348022,0.8237041,1.2084741542565192,1.4671216517964984,0.9837067,0.11199955863327936,0.11385462474204172
435,16.84281611442566,0.81853974,1.2069917135597117,1.4745670326805038,0.9782313,0.09390976576271898,0.09599955012854261
436,16.876196146011353,0.8267841,1.209284125498469,1.4626359687840196,0.97991097,0.08792894761673875,0.08973156779803182
437,16.90984296798706,0.8224288,1.2044788821172077,1.4645387529468934,0.9769479,0.09256427579567707,0.09474842563400247
438,16.94275212287903,0.8323825,1.2027164750936827,1.4449084103109422,0.9771452,0.09139159480763726,0.09352918611747585
439,16.97640109062195,0.8364545,1.206715206749572,1.442654909895695,0.97609067,0.10009801932605251,0.10254991922399503
440,17.009785413742065,0.8237161,1.210178619155948,1.4691695515412408,0.9687555,0.11492948795391993,0.11863621924862658
441,17.04299235343933,0.81034356,1.2084534495039045,1.491285306444458,0.9599864,0.10421403288906986,0.10855782344164887
442,17.07650637626648,0.8168144,1.217734904890985,1.490834235031932,0.95997566,0.11320907104294263,0.11792910568269531
443,17.10977792739868,0.790654,1.2164873485907848,1.5385836826486485,0.94798726,0.1057709275106301,0.11157420795435828
444,17.14279866218567,0.79484636,1.2259199756136623,1.5423357816144452,0.9470189,0.11539758266554538,0.12185351323072123
445,17.17626643180847,0.7681569,1.2247492795045383,1.594399922288625,0.9348184,0.11734573310655477,0.12552784020346158
446,17.20973253250122,0.7696379,1.221710788358197,1.5873839058664514,0.93169826,0.10575515786347736,0.11350794790361739
447,17.24303913116455,1.6445003,1.2782546806532569,0.7772906549040103,0.6494671,0.08279933473445497,0.12748811045049938
448,17.276613235473633,1.5069144,1.3158732435408955,0.87322363064515,0.60760164,0.06645506081778696,0.10937274713819495
449,17.309778451919556,1.4166524,1.346357863674066,0.9503798000730056,0.5806292,0.04371955949661473,0.0752968629065232
450,17.34312605857849,1.3465548,1.3717389520268433,1.018702689769576,0.5615845,0.032460264689203856,0.05780121472317313
451,17.376326084136963,1.2857256,1.4000642107441574,1.0889292534498451,0.5448033,0.02573301440280424,0.04723358576172726
452,17.409668445587158,1.2156129,1.417154268177449,1.1657940465875765,0.52504903,0.02518481803069275,0.04796660226806019
453,17.442975997924805,1.1722314,1.4252930152991692,1.2158802193834204,0.51293796,0.019328552527840978,0.037682047190385745
454,17.476176500320435,1.1535618,1.4472595312812404,1.2546007443988136,0.5091774,0.013459281234763094,0.026433383698338305
455,17.50967788696289,1.098326,1.4641060731960258,1.3330341957986929,0.4942039,0.0031810451366175805,0.006436705915664031
456,17.542974710464478,1.0573239,1.4846963257763282,1.404201947891613,0.48442313,0.007356033088513727,0.015185140059507293
457,17.57646608352661,1.0018578,1.504808487414758,1.502018101918107,0.46871698,0.026713596357678053,0.05699302042171371
458,17.609812021255493,0.94226706,1.5085320410017578,1.6009601784803293,0.4493922,0.027838424224993788,0.06194683453552976
459,17.6430184841156,0.9309037,1.527426665622952,1.6407999126465358,0.446671,0.04366957454283764,0.09776675373307667
460,17.676302194595337,0.8747958,1.5329493672532208,1.752351093722596,0.42781147,0.04941760793260163,0.11551258201616305
461,17.70988416671753,0.85641557,1.5314586917438415,1.7882191143876722,0.42136198,0.04994121865499362,0.1185233141359153
462,17.743014574050903,0.8577946,1.5381679539337076,1.7931658519389777,0.42146355,0.04768057189104311,0.11313095044319267
463,17.776314973831177,0.8383069,1.5381209843035737,1.8347946047677681,0.41541305,0.045998034761371744,0.11072842934815849
464,17.809547185897827,0.9303329,1.585677023008805,1.7044189499840787,-0.035041697,0.006899128783375459,-0.1968834077789858
465,17.843016386032104,0.8187151,1.595351801891206,1.9486043565349112,-0.06643218,0.000979797932206001,-0.01474884553542689
466,17.876274585723877,0.7929158,1.5897639807356279,2.0049593392895293,-0.072368085,-0.006340454454805693,0.087613958848429
467,17.909849166870117,0.80638474,1.593856028170533,1.9765453692781705,-0.065441236,-0.00617895852779664,0.09441995467881589
468,17.94306230545044,0.7923296,1.5944118533416405,2.012308809916812,-0.06779738,-0.00655902580597152,0.09674453537798501
469,17.976317167282104,0.78746545,1.5906809765404097,2.02000096662231,-0.067207105,-0.00794549126910137,0.11822397669086436
470,18.00967574119568,0.7940644,1.5920230099399497,2.0049041422418297,-0.062780425,-0.007705177236808282,0.12273216122122776
471,18.035017251968384,0.78718436,1.5915485680493675,2.0218244336238462,-0.062714696,-0.007066910954359671,0.11268349227417637
472,18.060511827468872,0.78461957,1.597330066960662,2.0358019714085254,-0.061344877,-0.0062128470692612075,0.10127735818699518
473,18.093919038772583,0.76606977,1.5961913873087783,2.0836109844171418,-0.06508602,-0.005989014763398455,0.09201691204318169
474,18.1269474029541,0.765582,1.586295756504238,2.072012801500039,-0.06306073,-0.0072945211802472945,0.11567454261581943
475,18.160425662994385,0.7882877,1.5900474295766303,2.0170902465493086,-0.053509682,-0.0070617217154839585,0.13197091435645583
476,18.19385004043579,0.77554524,1.58573654922164,2.0446731777364535,-0.05536041,-0.0063024911748682305,0.11384473369329375
477,18.227096796035767,0.7833853,1.5873338301100595,2.0262492506948,-0.05074183,-0.005323494766855537,0.10491334021793262
478,18.260474920272827,0.7762233,1.5843558643709412,2.0411083518342266,-0.050903596,-0.004373953298514649,0.08592621432660685
479,18.293670892715454,0.4662112,1.5451504731074694,3.314271458732536,-0.52109706,0.0004065603827609586,-0.0007802008701141335
480,18.32711625099182,0.5611377,1.5296656833896067,2.7260078019392404,-0.48974112,0.00016512967296622265,-0.00033717747461750597
481,18.360451459884644,0.59731305,1.5335399400279206,2.567397362452336,-0.47655973,-0.014122455613595488,0.029634177569900392
482,18.393856048583984,0.5888981,1.525202460604582,2.589925834064812,-0.47588357,-0.027871647017830053,0.058568205716631024
483,18.4271183013916,0.6117617,1.5260000834605045,2.494435513754931,-0.4647403,-0.03541201036798464,0.07619741584753742
484,18.460623502731323,0.6093084,1.527730874761487,2.5073194798788845,-0.46170843,-0.04262156492904725,0.09231272917066116
485,18.493908405303955,0.60458964,1.5137686826396548,2.50379526830791,-0.45911917,-0.05022761875184279,0.10939995960727968
486,18.527081966400146,0.64044154,1.5009579794585421,2.343629969280054,-0.4433375,-0.05898203289473621,0.13304092904852047
487,18.56038212776184,0.67411965,1.499429403511157,2.2242778423391996,-0.42764428,-0.05510448449109569,0.12885588966306757
488,18.599908113479614,0.67470104,1.5022902545326673,2.226601378315722,-0.42334086,-0.051848573346372336,0.1224747682287262
489,18.626846313476562,0.66433865,1.498376398983023,2.2554406593291954,-0.42254806,-0.05182908594042572,0.1226584414424638
490,18.660433053970337,0.672578,1.4955195156364531,2.2235630163001048,-0.41566864,-0.051851184307661134,0.12474163250977378
491,18.69359064102173,0.6781437,1.4995671737498457,2.211282384196645,-0.40963283,-0.04577791124390669,0.11175352093097601
492,18.727181434631348,0.66406274,1.495211716971763,2.2516121301016065,-0.41054028,-0.05216347866997938,0.1270605610820349
493,18.760342121124268,0.6759959,1.486038369994023,2.198294989738649,-0.40216115,-0.0549116452796469,0.13654139670078452
494,18.79349994659424,0.6990983,1.4763914439453507,2.111851033178668,-0.39035335,-0.0594521539344912,0.15230342881790868
495,18.82733392715454,0.8094403,1.4791568094566567,1.8273821830549926,-0.42442992,-0.0477472662871741,0.11249740809127096
496,18.860599517822266,0.7973582,1.4881557764604152,1.8663578661827356,-0.4247323,-0.04696681637989574,0.1105798090674335
497,18.89373803138733,0.77322227,1.4875766895025924,1.9238668514637465,-0.42820427,-0.047161857823149904,0.11013869156306552
498,18.927178859710693,0.7740054,1.487599069914342,1.921949181262157,-0.42373136,-0.04561144607039047,0.10764236663642938
499,18.960392475128174,0.7727397,1.486212197176736,1.9233024794449893,-0.4201507,-0.047372951083356624,0.1127522848243135
500,18.99371314048767,0.7761676,1.4830617221386804,1.9107494006574464,-0.4148471,-0.052463293633985254,0.1264641669373876
501,19.027036666870117,0.7850562,1.4822629305927395,1.8880979222356564,-0.40734378,-0.0540306602144872,0.13264142850835003
502,19.0603244304657,0.78655905,1.4853227472185349,1.8883804795914512,-0.402273,-0.04821630039226923,0.11985964874045962
503,19.093712091445923,0.77557415,1.4912418510131806,1.9227585852791718,-0.4018587,-0.046641578703590876,0.116064627108758
504,19.127248525619507,0.75888234,1.4840729646219328,1.955603496124471,-0.40312696,-0.05548349769768676,0.13763281518407652
505,19.160552978515625,0.7793725,1.4811256531761257,1.900407863905495,-0.39158097,-0.054562432388828,0.1393388256709655
506,19.19371247291565,0.78549695,1.4824379505789078,1.8872612430852775,-0.38524505,-0.04840110044075656,0.12563717513713585
507,19.227052688598633,0.7787647,1.483425856399531,1.9048446973649018,-0.38359773,-0.048631535834249076,0.12677743330920807
508,19.26061987876892,0.7750583,1.4866510402391473,1.9181150429737808,-0.3805992,-0.045028640239860404,0.11830986548058967
509,19.294040203094482,0.76436704,1.4843616858127902,1.9419488287974054,-0.38013798,-0.04495696406747675,0.11826485759022412
510,19.327353954315186,0.7690029,1.4864209212650592,1.932919750205778,-0.3746047,-0.05158440060900891,0.13770355880258126
511,19.36068820953369,0.7959379,1.4866502528012802,1.8677967975805876,-0.25520083,-0.03923189648878375,0.15372950007630784
512,19.393669605255127,0.78974545,1.4871525800955094,1.8830783767835015,-0.25411496,-0.03725070313768839,0.1465899676797826
513,19.427116870880127,0.78625584,1.4886829313113266,1.8933823600764943,-0.25165594,-0.02361533118091127,0.09383975412478178
514,19.4603590965271,0.7760325,1.4844833153333163,1.912913829176339,-0.25275975,-0.028022847813499924,0.11086752260637714
515,19.493780374526978,0.78693986,1.479642245199744,1.8802481886560032,-0.24584794,-0.027453410706609616,0.1116682558207453
516,19.527299880981445,0.79771227,1.4819264064595083,1.8577204698924934,-0.23931623,-0.02590229325909469,0.10823458899821561
517,19.560386896133423,0.7896758,1.490931745743611,1.8880302501983155,-0.23883244,-0.024992958419459473,0.10464641237948331
518,19.593752145767212,0.7644263,1.4953009033736262,1.9561086804578465,-0.24382305,-0.026382250057451016,0.10820244394560798
519,19.627131700515747,0.75210685,1.4900891778041292,1.9812200712699177,-0.24444315,-0.03464110133976264,0.14171434777416003
520,19.660566091537476,0.7669325,1.4886920371788894,1.941099199038148,-0.2356547,-0.03437745304533626,0.14588061901129315
521,19.69395112991333,0.7688494,1.4949518734044636,1.9444014993940175,-0.23154396,-0.0322931805336965,0.13946889733828172
522,19.726924657821655,0.75034344,1.4964825980722452,1.9943968513363075,-0.23416553,-0.030756436765367053,0.13134484904954954
523,19.760318279266357,0.74427205,1.486784420310144,1.9976356949509912,-0.23287904,-0.027127186592727445,0.11648616503615565
524,19.79398822784424,0.76653004,1.4824223196972794,1.9339389825370532,-0.22291018,-0.027410869776986337,0.12296822734787598
525,19.82718253135681,0.77635515,1.490257388623552,1.9195562671128168,-0.21658702,-0.029185919752668966,0.1347537792907252
526,19.860631704330444,0.7551594,1.4891132499023643,1.9719191645929637,-0.21993394,-0.028611195161747104,0.13008994840326715
527,19.89389181137085,0.8455892,1.5164529064395584,1.7933683041750825,0.07812141,-0.014976274000502813,-0.19170511933522014
528,19.927259922027588,0.76926446,1.5296507905270285,1.9884589381687496,0.055858012,0.0005814720380063945,0.010409823303413406
529,19.960573434829712,0.72877544,1.505862922190691,2.066292078652354,0.044214908,0.0061360887904613,0.1387787301467874
530,19.99369239807129,0.7870019,1.5286927277169418,1.9424256949272267,0.06429529,0.006870702821446892,0.10686167864460787
531,20.027254343032837,0.7267287,1.5074744000413083,2.0743290394281786,0.04681101,0.005035684120925651,0.10757477881497869
532,20.06049680709839,0.78074956,1.5214322940303353,1.9486815915653404,0.065988556,0.009259436922421118,0.14031883021480077
533,20.093456745147705,0.74208826,1.5166806427592814,2.0438008900751434,0.055147324,0.00494195893939357,0.08961375825113413
534,20.127062559127808,0.7544054,1.5149861844634802,2.00818581898044,0.06121302,0.006922414044924367,0.11308728140377525
535,20.160573959350586,0.75659317,1.5117784353962938,1.9981391582328274,0.06362918,0.007563630894073337,0.11887047532496238
536,20.193953037261963,0.7631318,1.5198436938520747,1.9915874285439232,0.06745359,0.007699378023313257,0.11414333438879294
537,20.227035999298096,0.74086076,1.516218669070412,2.0465636061446335,0.062122677,0.007649106006764491,0.12312904779806662
538,20.260582447052002,0.7487675,1.5117297587439538,2.018957511544141,0.06640051,0.010006593576935667,0.1507005460779727
539,20.293717622756958,0.7578494,1.5128319443537082,1.996217129400119,0.070733786,0.008728599421328215,0.12340071075901772
540,20.32699704170227,0.7537894,1.5172049720328464,2.0127703068289806,0.071117714,0.005966992733213272,0.08390304459495967
541,20.36059832572937,0.7419521,1.5168348754931942,2.0443837709120705,0.06924938,0.0077260401403573264,0.11156837091675582
542,20.39387798309326,0.74073964,1.5146945407389152,2.0448406587652626,0.07042177,0.00796067883974355,0.11304286750298147
543,20.426727771759033,0.6182999,1.4630733461561662,2.3662842944680818,0.007917453,-0.0003283266713262258,-0.04146872583459826
544,20.460153341293335,0.7522371,1.4759967427673943,1.9621430251348537,0.05308189,2.540248685201698e-05,0.0004785528072099054
545,20.49389934539795,0.7165988,1.4754363514110327,2.058943349282119,0.043538954,0.00036415769572465734,0.008363951389676834
546,20.527297973632812,0.7159128,1.470190839227946,2.0535892086260525,0.045258146,0.003525637814811916,0.07790062438702268
547,20.560505390167236,1.5781848,1.526775162994937,0.9674248043286058,0.6675177,0.009592467007943799,0.014370355567774024
548,20.593579530715942,1.4331381,1.574265725594249,1.0984745226844077,0.62331665,-0.006873052663081063,-0.011026582895471586
549,20.627142429351807,1.319443,1.6000720253599765,1.2126875057042146,0.59080654,-0.020271510232802034,-0.03431158717621785
550,20.660334825515747,1.2594137,1.6232971154031524,1.288930786353213,0.57581544,-0.02150320052196663,-0.037343911012418185
551,20.693876028060913,1.2011654,1.6375086603590727,1.363266548442166,0.56081736,-0.014508761099171949,-0.025870741726785485
552,20.727338552474976,1.1626306,1.6463177476569875,1.4160282785525082,0.5515787,-0.010368099148778183,-0.018797134730876443
553,20.760472297668457,1.1386099,1.6628002647871185,1.4603775050480121,0.546842,-0.004492098293793,-0.00821461860296006
554,20.794068336486816,1.0942116,1.6719010478526837,1.5279504265021175,0.5352217,-0.0027372964843985492,-0.005114322729006428
555,20.82698369026184,1.0699762,1.6990193201523587,1.5879038275148776,0.53012645,0.025468985891731154,0.04804322775107372
556,20.860639572143555,0.98985463,1.7048578416681954,1.7223315257002159,0.5048657,0.038409311307309464,0.07607827359504567
557,20.89385676383972,0.9696489,1.70265366916467,1.7559486462521756,0.49888852,0.03619593620188872,0.0725531548185092
558,20.927225589752197,0.47346315,1.6538551508807657,3.4931021734022365,0.59827554,0.009409169785438019,0.015727150987832433
559,20.960696697235107,0.60510594,1.6622566773163763,2.7470506848043676,0.6444893,0.020553116167279013,0.0318905473518943
560,20.994242668151855,0.57613456,1.6575899091055526,2.8770881266605195,0.6359216,0.01948211926720145,0.030636039638188985
561,21.027281284332275,0.5852932,1.6493329269546346,2.8179602988953842,0.64036155,0.037744972859875915,0.05894322201106047
562,21.078027963638306,0.5965893,1.6470677192055585,2.760806546571283,0.64401,0.037167121122544375,0.057712024186808555
563,21.11074447631836,0.5995339,1.6427369993393863,2.740023469590301,0.6455285,0.05362036797804097,0.08306429285069244
564,21.14437246322632,0.6016052,1.6340905990118066,2.7162176485288665,0.64548284,0.06102885936481722,0.09454760956831527
565,21.177144289016724,0.61828935,1.6295082192907167,2.6355107288102677,0.6502136,0.06080253668601833,0.09351163488484165
566,21.212048768997192,0.62734413,1.6255793138605807,2.5912082895431143,0.6526317,0.06685276037877036,0.10243566221926485
567,21.24374294281006,0.63266385,1.6174818987000692,2.556621354113764,0.65352744,0.07225892050771031,0.11056753892080863
568,21.277278423309326,0.6489575,1.6110280838940623,2.482486305239564,0.6578219,0.0677997016801216,0.10306695829109104
569,21.310745239257812,0.6646976,1.607891491513433,2.418981987861397,0.6624017,0.06035461022174531,0.09111482110067734
570,21.344020128250122,0.6732901,1.6027224073218926,2.3804337380258342,0.66515684,0.07157638605586564,0.1076082836618414
571,21.377136707305908,0.68053526,1.602542415347966,2.354826438729866,0.66643107,0.07116171544239407,0.10678030889110485
572,21.41025948524475,0.679476,1.5953657092497193,2.3479352558498596,0.6653313,0.0755549788508305,0.11355993380780821
573,21.457242488861084,1.2514985,1.6222668904186992,1.2962595970122317,1.5008606,0.07359997276143271,0.049038514397216085
574,21.494658708572388,1.1818008,1.6209925889956704,1.371629238189815,1.478159,0.07270122314632611,0.049183630154727695
575,21.54429817199707,1.1865456,1.6337686255449528,1.3769117775049813,1.4794133,0.08440772862529183,0.057054867820045714
576,21.576979875564575,1.1494849,1.6359345803978473,1.4231893077351332,1.4663101,0.08232320339165435,0.05614310434816666
577,21.610578298568726,1.1455884,1.6507333527255432,1.4409480365169882,1.4645635,0.08940842529733063,0.0610478316380836
578,21.643848419189453,1.1047778,1.648714775569167,1.4923496437307602,1.4502807,0.08732561540086253,0.06021290735438145
579,21.677647590637207,1.1117809,1.6600062394868678,1.4931055809102152,1.4517691,0.0882492748627229,0.06078740347870882
580,21.710664749145508,1.0821629,1.6650391767256159,1.538621627853533,1.441274,0.10192527996059342,0.07071887555317552
581,21.74368929862976,1.0640329,1.6725170788331287,1.571865925922929,1.4332062,0.11754098465712116,0.08201261242655845
582,21.7774178981781,1.038594,1.6808359192106173,1.6183762924546417,1.422059,0.12109038259764827,0.08515144418166247
583,21.81063961982727,1.0151812,1.694146516278672,1.6688119749345138,1.4119571,0.13230017487211101,0.09369985156081437
584,21.843797206878662,0.97563636,1.6873579415535107,1.729494723130287,1.3959265,0.12583706165819716,0.09014590944761569
585,21.87712860107422,0.9958656,1.7023014173216338,1.709368659448934,1.400072,0.12758401829414864,0.0911267565147245
586,21.910884618759155,0.95523524,1.704624091278207,1.7845071191089354,1.3840767,0.11806680197210387,0.0853036545834944
587,21.943835020065308,0.95217454,1.7135647905340354,1.7996330617427398,1.381147,0.11350748469858471,0.08218349131435054
588,21.976901292800903,1.230027,1.721879268675392,1.3998711606722387,2.9212866,0.12498483529396516,0.04278417462482908
589,22.011032342910767,1.2043777,1.747526012246852,1.4509784455768455,2.9106736,0.14896523052870778,0.051178953762208435
590,22.043746948242188,1.1301115,1.745597387020895,1.5446240969249543,2.8839395,0.15040183833365367,0.05215152332167011
591,22.0772545337677,1.134774,1.7516303409916192,1.5435940441350293,2.8822556,0.17022066981656434,0.059058146169088395
592,22.1107656955719,1.1121848,1.7597876697079378,1.5822799667141243,2.8704348,0.16814189402678179,0.05857715225181785
593,22.14382815361023,1.0912912,1.7624519093345368,1.615015246880791,2.860045,0.17504026362604738,0.06120192734948105
594,22.177499532699585,1.0813959,1.7743148841682264,1.6407635191118837,2.8523178,0.1781576009990963,0.06246064178782255
595,22.211981058120728,1.0486786,1.7827168839689045,1.6999649099673164,2.8374653,0.17403818785064024,0.061335794553578474
596,22.24372124671936,1.0274229,1.7871563531120327,1.7394554321010003,2.8267248,0.17613306387471883,0.06230994467104426
597,22.277191162109375,1.0141158,1.7951565719247728,1.7701691991438513,2.8180225,0.19886838793091072,0.07057019192306997
598,22.310497283935547,0.9844028,1.8038037445653474,1.8323838463016864,2.8024898,0.20229495624458152,0.07218401269816235
599,22.343574285507202,0.9595199,1.807980670716207,1.8842554780581924,2.78922,0.19750488820023876,0.07081007647151714
600,22.37726902961731,0.9487345,1.8213957098885896,1.9198159947911573,2.7807007,0.2097858601060931,0.07544352448425623
601,22.4102885723114,1.0955336,1.8371175975080425,1.676915780366179,3.1573675,0.19881203028256064,0.06296765653826046
602,22.444073915481567,1.0570639,1.8479303344340958,1.7481727163556116,3.140671,0.19494148684764198,0.062070011768150586
603,22.477749586105347,1.0289121,1.8614183155898252,1.8091131152435638,3.1269398,0.2174163901248323,0.0695300856010204
604,22.51081156730652,0.98539025,1.8731076728689067,1.9008790483110884,3.1063354,0.21487902664513245,0.06917444476180754
605,22.543744564056396,0.95438266,1.8765436545122491,1.9662382156391702,3.0909514,0.20894821702956579,0.06759996748632029
606,22.57727885246277,0.9458059,1.8882027694258892,1.9963956187555159,3.0828555,0.22136009772410115,0.0718035926039436
607,22.610522508621216,0.9096607,1.9009338094095065,2.0897174250943005,3.064599,0.2171252180377699,0.0708494701604569
608,22.643848419189453,0.87595475,1.8992318535568202,2.168184897253781,3.0481896,0.21500470141689532,0.07053521165228734
609,22.67726182937622,0.87977415,1.9155371079385122,2.1773055060781337,3.0436385,0.2222861012942422,0.07303301743841488
610,22.710293769836426,0.8329152,1.9088975722148465,2.291827069885374,3.0221567,0.21816690256613805,0.07218914275852267
611,22.744049787521362,0.85010284,1.9188816293728137,2.2572346954960003,3.0216622,0.2124946134562385,0.07032374796117927
612,22.777302265167236,0.8239098,1.927975582201352,2.34003229169697,3.0076504,0.2098437728685168,0.06977000205449953
613,22.81058692932129,0.7992473,1.927915626895507,2.4121640046551316,2.9942367,0.1983598247146189,0.06624720891483014
614,22.843876600265503,1.4366593,1.9559627994394224,1.3614659719976725,3.770445,0.21149863461281143,0.05609381081847741
615,22.87719225883484,1.361264,1.9772783857719072,1.452531176695321,3.7429705,0.22251419046486665,0.05944855628694638
616,22.910492181777954,1.3043385,1.972390040738795,1.5121765619001584,3.7207134,0.22165971778835103,0.059574521154634075
617,22.94373917579651,1.3180816,1.978478367977626,1.5010287238109934,3.719276,0.22187611209904418,0.05965572735101607
618,22.977630615234375,1.3027871,1.9886607927017674,1.5264664850885694,3.7090793,0.22512920015891316,0.06069678862008089
619,23.01041340827942,1.2758927,2.0139556080690637,1.5784678081224053,3.6952083,0.22219358074775128,0.06013019078828457
620,23.044034242630005,1.2118945,2.0336864542567885,1.6781051765011872,3.6709225,0.23084549405253257,0.06288487238144098
621,23.07792901992798,1.1583879,2.041719466796621,1.762552481648212,3.648808,0.21932650413115937,0.06010908329037162
622,23.11046552658081,1.1415384,2.041221424838625,1.7881321011909967,3.6390543,0.21180086125323314,0.05820217119219833
623,23.144240379333496,1.145,2.051862993552115,1.7920201115564944,3.635259,0.2089143546014198,0.05746890650677342
624,23.177379369735718,1.117976,2.069666021230583,1.8512616669296547,3.6222165,0.21529221695875306,0.05943659611528408
625,23.20988702774048,1.0689554,2.070533672094917,1.9369691481527471,3.6017945,0.20788470859479122,0.05771698237514644
626,23.243140697479248,-0.38532367,2.0230175522932363,-5.2501771666074735,2.2249289,0.20510345880160322,0.09218427737951489
627,23.276768445968628,-0.2568593,1.9850201876803935,-7.7280447630274995,2.2625928,0.20925582147032437,0.09248496776041432
628,23.30991005897522,-0.15881504,1.9750683769385335,-12.436280356121737,2.2886314,0.19151535012602386,0.08368116720104875
629,23.343050241470337,-0.13318093,1.960771646411231,-14.72261553203782,2.2922797,0.18365324316126397,0.08011816425995168
630,23.376649379730225,-0.097654134,1.9495317750989885,-19.963637938748764,2.2989883,0.1494699956246445,0.06501555178660619
631,23.409969329833984,-0.06310189,1.9319072459190425,-30.615680706949348,2.3086615,0.13826711338737943,0.059890597097284
632,23.443140983581543,-0.016254053,1.9108722446359463,-117.56281962965265,2.3217328,0.12396024157149482,0.05339126179168331
633,23.47653865814209,0.041452996,1.9043506917455946,45.94000085937395,2.339142,0.11527644001373501,0.04928150401646882
634,23.509932279586792,0.057587594,1.8938803298613005,32.88695021084437,2.3429565,0.1269645261905183,0.05418987670579758
635,23.543859004974365,0.08006891,1.8886778600306056,23.588155406435305,2.3472147,0.13170804252514012,0.0561124819953419
636,23.576862812042236,0.09002518,1.8751236535079934,20.828880014475086,2.3474658,0.13261047380902788,0.05649090880588391
637,23.609874486923218,0.12482862,1.8714443710373565,14.992109540860765,2.3559074,0.12622614086107045,0.053578565400315185
638,23.643727779388428,-0.16032992,1.835162710119798,-11.446164729548949,2.3856413,0.12384302811435013,0.05191183864172235
639,23.676820993423462,-0.06108564,1.818767556080068,-29.77406007154962,2.4165184,0.1136770156277102,0.04704165020461687
640,23.70974588394165,-0.014951937,1.8065371965506283,-120.82295481572281,2.4305215,0.11384463047157979,0.04683959019690611
641,23.743507385253906,0.017350107,1.802700760765804,103.90141778039249,2.4393685,0.12138053843801211,0.04975900078832478
642,23.776444911956787,0.024879672,1.7986549676852523,72.29416023650155,2.4393985,0.13134212294581268,0.05384201125164688
643,23.80999493598938,0.03279058,1.781292419192366,54.323298912430516,2.4389708,0.13350983396498103,0.05474023458348888
644,23.84324026107788,0.080383494,1.7775844085768115,22.113798606474194,2.4516604,0.12643037289223985,0.05156928470483816
645,23.877012252807617,0.09258487,1.774359869688913,19.164684847607266,2.4535847,0.13512151859544896,0.05507106406042572
646,23.909884214401245,0.09997377,1.7681618250823337,17.68625771068275,2.453042,0.12312203021327356,0.0501915697695917
647,23.943321704864502,0.12128553,1.7462845114527537,14.398127633586395,2.4586937,0.11428656623727723,0.04648263598269605
648,23.976654052734375,0.18559575,1.7478030449217836,9.417257869891408,2.4783669,0.12495377642057912,0.05041778876661956
649,24.00977611541748,0.17948255,1.7406351530070825,9.69807459580481,2.4738584,0.12880353433871386,0.05206584847574004
650,24.04322338104248,0.19974065,1.7278831981383658,8.650633774882385,2.4779727,0.12440578785680953,0.05020466349473791
651,24.076493740081787,0.23754309,1.7212980329925858,7.2462559296375595,2.4880831,0.1374529095579552,0.055244500564794526
652,24.11002016067505,0.33277857,1.7239251988790543,5.180397232761605,2.296571,0.1295769676374853,0.0564219293534364
653,24.14313292503357,0.32916546,1.7137582904562132,5.206373406653284,2.2933211,0.12125494519351603,0.05287307715726593
654,24.17657470703125,0.36158028,1.7122965591468342,4.735591630013533,2.3019085,0.1280798432243667,0.05564071882592868
655,24.209752321243286,0.36559772,1.7038888251511153,4.660556423181671,2.3005834,0.11789895570671184,0.051247417339629474
656,24.24316382408142,0.39322236,1.7011638500609942,4.326213398090064,2.307518,0.11013479668403418,0.047728683558559
657,24.293336868286133,0.40416154,1.701619359936851,4.2102456081365425,2.309629,0.11337766847865424,0.04908912655316395
658,24.326219081878662,0.40329188,1.6911328002944794,4.193322205612134,2.307448,0.11109791728376858,0.04814752991277658
659,24.359948873519897,0.43425795,1.6964173766300064,3.9064739277691367,2.3153214,0.12013106849472602,0.051885265750041376
660,24.39321780204773,0.41789356,1.6823343368103734,4.025748427136176,2.3077686,0.10716427991179393,0.04643631977980197
661,24.42670965194702,0.46133637,1.6789547014702022,3.6393286874034034,2.320246,0.10816316940122392,0.04661711313234015
662,24.45979332923889,0.47091287,1.6801022810803852,3.567756106812848,2.3215318,0.10649437813938359,0.0458724620509909
663,24.493091106414795,0.46851876,1.667492713382996,3.5590734935087434,2.319205,0.1069421054220806,0.04611153533852336
664,24.526647329330444,0.5038297,1.6723526739276013,3.3192815258576314,2.3282812,0.12103395857350296,0.05198425363574407
665,24.559848070144653,0.48650727,1.6638568704750771,3.420004148255229,2.319916,0.11138241139852639,0.04801139822436318
666,24.593318700790405,0.3032264,1.6366231332571077,5.397363395920873,1.2201298,0.0901129011188038,0.07385517312069764
667,24.62638568878174,0.3863791,1.6346290074932985,4.230635242425113,1.244961,0.08238761509290446,0.06617686300932533
668,24.659950971603394,0.3934184,1.6229903649528683,4.125354479730725,1.2465307,0.08017480734977568,0.06431836009661474
669,24.6948082447052,0.42645895,1.6117763591910719,3.779440766826019,1.2558336,0.07294087644590598,0.05808163991453939
670,24.74890375137329,0.45973957,1.6086020330559305,3.4989419065645664,1.2655915,0.07776311195170331,0.06144408509156637
671,24.783395051956177,0.46657938,1.6057073227000815,3.4414451208351675,1.2667345,0.07033833983234955,0.05552729549503974
672,24.815685749053955,0.47629043,1.5990157955531783,3.3572284459159594,1.2694275,0.06225218575218509,0.04903957405420795
673,24.848323822021484,0.49681875,1.5978533689458665,3.2161696099807253,1.2756437,0.06159969878228861,0.048289109629137475
674,24.875867128372192,0.49939153,1.5912813239314207,3.186440380213836,1.2764041,0.0642018571223311,0.050299004046345
675,24.909923553466797,0.51636016,1.580772303218753,3.0613754010890015,1.281314,0.05583309719357075,0.04357487432668283
676,24.942715883255005,0.54764396,1.5728088632373591,2.8719551012841324,1.2912439,0.06077549460429113,0.04706740074160884
677,24.97601842880249,0.56780195,1.5739220910999772,2.771956109964837,1.2972295,0.07323869899934214,0.05645777974861799
678,25.00938105583191,0.5599719,1.5684561716152527,2.8009549970592325,1.2939619,0.07358288612151587,0.056866347541985614
679,25.04314088821411,0.5746268,1.5625797404065624,2.719294907870706,1.2977294,0.06962490554977464,0.05365132900551499
680,25.076141357421875,0.59176874,1.5668323187354525,2.6477105135340846,1.3025038,0.07691354276116576,0.05905053123847674
681,25.109333515167236,4.307301,1.6171626769018854,0.3754468657305292,0.9464496,0.04984859661522752,0.052669046279948735
682,25.14298701286316,4.183512,1.6852624776331049,0.4028343632567833,0.92119515,0.03731736427092995,0.040509727275873146
683,25.1764132976532,4.0098977,1.7571067373500542,0.4381924091114063,0.883743,0.03770549790129616,0.04266568267992921
684,25.20922827720642,3.8223603,1.8160671627887808,0.4751166899763191,0.8415165,0.04399267174844799,0.052277848411594594
685,25.242801427841187,3.6688883,1.8766778817297838,0.5115113115189025,0.8063711,0.05162798752123265,0.06402509710783112
686,25.275843858718872,3.5109885,1.9238240204233021,0.5479437015327451,0.7696308,0.05032688357272527,0.06539094360898684
687,25.309295654296875,3.3925135,1.9640038802979602,0.5789229349993253,0.7430939,0.04847866045398241,0.0652389421349836
688,25.3432035446167,3.292767,1.9977352485346955,0.6067040939988896,0.72105145,0.047091499708351504,0.06530948576773654
689,25.376434564590454,3.2100484,2.0220416071768232,0.6299099988011053,0.7030411,0.047718167663482004,0.06787393972791797
690,25.410364151000977,3.1526148,2.0556670167461037,0.6520514323315769,0.6909817,0.042611172952358056,0.06166758657804709
691,25.443236589431763,3.0692127,2.096905123785399,0.6832061983846605,0.6730331,0.043791690823990176,0.06506617525447639
692,25.476604223251343,2.9608235,2.1324421073517263,0.7202192503139868,0.64795256,0.05843201682342963,0.09017946796772952
693,25.510037660598755,4.6915073,2.180389879795991,0.4647525245135407,0.66639936,0.04783985730438208,0.07178857033370904
694,25.54318070411682,4.5799484,2.2233510277722583,0.4854532892758581,0.6437525,0.04505123967593429,0.06998223479378443
695,25.57616925239563,4.479469,2.288337491410029,0.5108501882916342,0.62323964,0.06659496895555457,0.1068529102833693
696,25.609722137451172,4.3145337,2.348045728176588,0.5442177268132892,0.5850941,0.08375443759101489,0.14314695432807606
697,25.643640756607056,4.162653,2.3905201244886194,0.5742780246358022,0.5491811,0.09023590105370194,0.16430991606359044
698,25.676490306854248,4.0577006,2.424543403603639,0.5975165795343478,0.5244647,0.08796767574949758,0.16772848832991927
699,25.710010290145874,3.9762182,2.461244891586211,0.6189914016779772,0.5057974,0.08071784801378287,0.15958534033772914
700,25.743178844451904,3.8877864,2.496029573252587,0.6420181882167664,0.4859185,0.08246275164586955,0.16970490522616294
701,25.77631902694702,3.8010254,2.5308687337346103,0.6658384182270515,0.46564105,0.07115051739190797,0.15280121277536435
702,25.810007572174072,3.7165275,2.560109147771213,0.6888444048761733,0.4470836,0.07968976528890517,0.1782435469359828
703,25.842955827713013,3.6403284,2.5778634569524703,0.7081403567304061,0.42871994,0.07884463980424582,0.18390709843958067
704,25.876463174819946,6.3136206,2.626469806719909,0.41600057822829395,-0.140725,0.06628386107093925,-0.47101694989244974
705,25.90966486930847,6.2054687,2.6684638552332918,0.43001810237832777,-0.16626748,0.06409653021345907,-0.38550249577988965
706,25.942880153656006,6.1102443,2.7106168534927737,0.44361841063621793,-0.18895535,0.06710304533751368,-0.3551264609873918
707,25.9762966632843,6.012745,2.752360029198249,0.45775433239594204,-0.2125506,0.06886300070751557,-0.323984040491825
708,26.010211944580078,5.916044,2.7963924178238577,0.47267943014550184,-0.2358763,0.05498903683626802,-0.23312658045632334
709,26.04292583465576,5.817191,2.841036020875749,0.48838622633058104,-0.2582192,0.06509661981400888,-0.25209828205961127
710,26.076628923416138,5.7085977,2.8629181609328582,0.5015098858623034,-0.28492516,0.05757864073421697,-0.20208338277307128
711,26.109788179397583,5.663383,2.8928326510149183,0.5107958701387548,-0.293578,0.05292522680376192,-0.18027654322289033
712,26.143117904663086,6.7743816,2.929551530953497,0.43244559986185516,-0.22146437,0.06975156942294329,-0.31495617453371777
713,26.176492929458618,6.6943326,2.9483894782135613,0.4404306828692921,-0.24125977,0.06789679573977621,-0.2814260998934893
714,26.210505962371826,6.6600685,2.9924665834640543,0.44931468468964725,-0.24778418,0.08360006014883278,-0.33739062489463667
715,26.259662628173828,6.561985,3.0169847198622044,0.4597670845889004,-0.27277884,0.07245897785202021,-0.2656326940587191
716,26.293213844299316,6.516051,3.046963136350923,0.4676088665644707,-0.28215668,0.07842732207598976,-0.2779566415822813
717,26.326231002807617,6.4523783,3.0728213135639555,0.4762308072385192,-0.29727995,0.09105979896721236,-0.30630992017882575
718,26.35965633392334,6.396123,3.105238310821252,0.4854875904706127,-0.3111237,0.09095428304671184,-0.2923412242581473
719,26.392908096313477,6.3269963,3.1357117016970766,0.4956082696918846,-0.32794136,0.10098359576994596,-0.30793187037544184
720,26.426286935806274,-0.48196185,3.0772175515141784,-6.384774178305271,-2.0341287,0.09361118345489527,-0.0460202862400394
721,26.459708213806152,-0.29674882,3.0031388868932525,-10.120137689469242,-1.9818705,0.10613076729686981,-0.05355080747270085
722,26.493100881576538,-0.0776882,2.955094747487589,-38.03788299186698,-1.9218765,0.10920232654057924,-0.05682067693497046
723,26.52622413635254,0.058022857,2.9198902142911396,50.323103337828016,-1.8857253,0.10940871402802023,-0.05801943494182882
724,26.559691190719604,0.1501629,2.90258272786931,19.32955891524211,-1.8623106,0.11341890461628783,-0.06090224782866152
725,26.592922925949097,0.1827744,2.8956277022113137,15.84263324281579,-1.8561602,0.11347887209222797,-0.06113635789653837
726,26.626197338104248,0.18365118,2.8938356266695693,15.757239573637463,-1.8589629,0.11354216871679869,-0.06107823298391856
727,26.659703731536865,0.16830967,2.8913871122084083,17.17897164918634,-1.8663201,0.11360225494838073,-0.060869650885154475
728,26.69295835494995,-1.6494765,2.854999679361996,-1.7308519585503852,-2.325425,0.11330864858699626,-0.04872599760999907
729,26.726314306259155,-1.5667076,2.8268220254000944,-1.804307329205003,-2.3073304,0.11296859083576304,-0.048960735015264996
730,26.75995659828186,-1.5113523,2.817516684885844,-1.864235548313536,-2.296776,0.11281082473303693,-0.04911703273120897
731,26.79292106628418,-1.5127411,2.8154927568137755,-1.8611861458209946,-2.3011339,0.1127599606154134,-0.04900191250610086
732,26.84311032295227,-1.5357003,2.8126040465721176,-1.8314797540570302,-2.311085,0.11269641732451648,-0.0487634241147438
733,26.87615394592285,-1.5562325,2.80981962586563,-1.8055269452489349,-2.3203719,0.11263714777536112,-0.048542713956686516
734,26.910771131515503,-1.5771945,2.8070242362469107,-1.7797578682696984,-2.3297393,0.11257985140499417,-0.048322938900948784
735,26.942971229553223,-1.5982449,2.8042316455530036,-1.754569425469368,-2.339098,0.11252487934168165,-0.04810609921572163
736,26.97633981704712,-1.6194265,2.801440136512269,-1.7298964514629371,-2.3484595,0.11247222922454876,-0.04789191811796647
737,27.009801387786865,-2.5133688,2.774159058457291,-1.103761218331162,-2.1127462,0.11156719838198272,-0.05280671967977697
738,27.043028116226196,-2.4683788,2.763311408973393,-1.1194843468997675,-2.1051111,0.11117936012408655,-0.05281401012765613
739,27.076502799987793,-2.4706502,2.7611409231532713,-1.1175766312605762,-2.1098292,0.11111334979956315,-0.05266461875847395
740,27.109714031219482,-2.4973595,2.7580067219673876,-1.1043691171595806,-2.1208296,0.11101390310159744,-0.05234456555707223
741,27.14308261871338,-2.5215247,2.746699952990149,-1.0893012422726418,-2.131141,0.09581630718424754,-0.04496009862874397
742,27.176459550857544,-2.5176601,2.7163189796953535,-1.0789061380722855,-2.132814,0.051613049019778715,-0.024199508584136678
743,27.2097487449646,-2.4500303,2.632217805666895,-1.0743613157876182,-2.1145685,0.03594407603012165,-0.016998303203527482
744,27.243213653564453,-2.2371933,2.5507620474583024,-1.1401616458372215,-2.0588956,0.053754012526533654,-0.02610817801635528
745,27.27663230895996,-2.0372956,2.478670055625859,-1.2166472455288098,-2.0083497,0.08922740056248497,-0.04442822008054165
746,27.309858322143555,-3.0956988,2.3854503611160482,-0.7705692605910187,-2.0963938,0.110469812535738,-0.0526951621832146
747,27.3435001373291,-2.874045,2.3029211014377386,-0.8012822295525842,-2.0436084,0.13940466490249895,-0.06821495892140549
748,27.376532554626465,-2.6800706,2.2431350735264557,-0.8369686385023142,-1.9992714,0.18021092215251397,-0.09013829878199765
749,27.409672260284424,-2.5471897,2.1875090720228876,-0.8587931480984736,-1.9731994,0.21157382102928948,-0.10722374257339336
750,27.443169116973877,-2.4197545,2.151159639069811,-0.8889991255248515,-1.9489206,0.23988779849353187,-0.1230875170400216
751,27.476410150527954,-2.3413806,2.1161437285592353,-0.9038016852232527,-1.9378614,0.2786143149444769,-0.14377411554025468
752,27.509986400604248,-2.2666004,2.0873451528538842,-0.9209145026650533,-1.9287868,0.29620903850224195,-0.15357272533863847
753,27.542909145355225,-2.2002954,2.0539853412183344,-0.9335043358846574,-1.9206583,0.30288827984204464,-0.15770023848514675
754,27.576539993286133,-2.1163352,2.0294892660582553,-0.9589640197704227,-1.9069712,0.3002480664472362,-0.1574476132079521
755,27.60987091064453,-2.053362,1.998516091254917,-0.9732897539200187,-1.8972123,0.30687588009748634,-0.16175094661144915
756,27.64305281639099,-1.973525,1.9778243140074092,-1.0021784708083843,-1.8832688,0.29762563855877056,-0.15803672493178322
757,27.676599740982056,-3.6731656,1.9275364766839538,-0.5247616654680121,-2.722215,0.2858534360866664,-0.10500766569873762
758,27.709807634353638,-3.550875,1.8759792955497256,-0.528314661247465,-2.7010887,0.281851637935483,-0.10434742161104306
759,27.743104696273804,-3.427728,1.844101492959154,-0.5379952920643472,-2.6797068,0.279289194307006,-0.10422378786598276
760,27.77668571472168,-3.354491,1.8079835124781118,-0.5389740246593486,-2.6689718,0.27551485924712965,-0.10322883951988054
761,27.80996608734131,-3.2698405,1.7770088171521496,-0.54345428427491,-2.6551003,0.2745573528358724,-0.1034075240469419
762,27.843546390533447,-3.1983347,1.7494255514630943,-0.5469801377557262,-2.6439874,0.2755002338295947,-0.10419876888792302
763,27.87699055671692,-3.1349828,1.7231967802564858,-0.5496670561910343,-2.634539,0.28059416311230095,-0.10650598641423989
764,27.90972352027893,-3.0753005,1.6910939075839462,-0.5498955085130356,-2.626189,0.2831118382076204,-0.1078032993487152
765,27.943435668945312,-2.99862,1.6718180658425539,-0.5575291458393578,-2.6138504,0.295426323316439,-0.11302342643088145
766,27.97651219367981,-2.9571629,1.6536792286276254,-0.5592114159969301,-2.6105137,0.3155562618382394,-0.12087899151553735
767,28.009953498840332,-2.9201171,1.6383339283198048,-0.5610507558004604,-2.609596,0.32039729170109726,-0.1227765868660982
768,28.043367862701416,-2.8859162,1.6122820024053492,-0.5586724881110906,-2.608864,0.3072513003915555,-0.11777206181198083
769,28.076558589935303,-2.8180285,1.5828320569127219,-0.561680651913172,-2.5986595,0.2970994713940779,-0.11432797164677228
770,28.10977077484131,2.8456562,1.6246652710634826,0.5709281732192625,-1.8367152,0.31096968270157,-0.16930751108148817
771,28.14362597465515,2.7343504,1.663157417966461,0.6082458897297922,-1.8797714,0.31809815919655615,-0.16922172948829242
772,28.176456451416016,2.638645,1.7003240408070357,0.6443928923860249,-1.9168278,0.3270376540651935,-0.1706139979946235
773,28.209787368774414,2.5505123,1.7307652407871092,0.6785951321989196,-1.9513137,0.332227456347929,-0.17025834982343171
774,28.243199825286865,2.4850776,1.7594864934631262,0.7080207393199598,-1.9776633,0.33789965542397804,-0.17085803184182377
775,28.27654194831848,2.4276168,1.7800656872857712,0.7332564438857893,-2.001331,0.34397019258323863,-0.1718707085212438
776,28.309727668762207,2.394153,1.7849306637787739,0.7455373886739065,-2.0172114,0.3439787919043049,-0.17052193218646677
777,28.342987060546875,2.4048505,1.785054009454703,0.7422723458765396,-2.0181744,0.34365272519407464,-0.1702790024063556
778,28.376675605773926,2.4283488,1.7856812176144232,0.7353479172999818,-2.014847,0.3433774952982107,-0.1704236045968777
779,28.409732341766357,2.450661,1.7862693488138552,0.7288928944651265,-2.0118358,0.3431129947429559,-0.17054721485558547
780,28.443005323410034,2.473237,1.786874456375293,0.7224841085457993,-2.0086622,0.3428636496459287,-0.1706925363461956
781,28.476303100585938,2.4959288,1.7874904512832714,0.7161624469493234,-2.005375,0.34262933796850126,-0.17085550264204435
782,28.509700059890747,2.5187528,1.7881176613593015,0.7099218517551577,-2.0019684,0.34241040402064427,-0.17103686891027464
783,28.543337106704712,2.5417104,1.7887558231728447,0.7037606800297423,-1.9984417,0.34220715338632146,-0.1712369963270253
784,28.57631826400757,3.3458805,1.8088252108257834,0.5406126149072819,-1.5849292,0.3432775651039013,-0.21658857637076925
785,28.60964822769165,3.3209279,1.8194727306299971,0.5478808357892311,-1.5969944,0.34371192275788387,-0.21522425047491048
786,28.643173217773438,3.3217278,1.8196855305559885,0.5478129654318633,-1.6000639,0.343491097499972,-0.21467335973393586
787,28.67625617980957,3.3496013,1.820967936954671,0.5436372245059076,-1.5938374,0.3433610530945985,-0.21543041800565352
788,28.70953106880188,3.3749278,1.8221569469343226,0.5399099112515998,-1.5883957,0.34324852357492314,-0.21609761370253006
789,28.74334692955017,3.4007022,1.8233698032375156,0.5361744944377792,-1.5827191,0.34316126038567524,-0.21681754082203167
790,28.776468992233276,3.4266236,1.8245941685366038,0.5324758102039299,-1.5769094,0.3430990093589529,-0.21757686546988786
791,28.809762239456177,3.4527268,1.8265770450140324,0.5290244867732845,-1.5709549,0.2693835133745366,-0.1714775581019109
792,28.843430042266846,3.495061,1.833964469562526,0.5247303297898366,-1.5541289,0.14085932959451486,-0.09063555212804564
793,28.876394510269165,3.53611,1.852720494801688,0.5239431280292713,-1.5315466,0.0264343778043358,-0.017259924007613732
794,28.909825563430786,3.5412755,1.9130497850508863,0.5402148983819413,-1.5188742,-0.04050198373621019,0.026665792716049824
795,28.943389177322388,3.424329,1.9730524719875069,0.5761865894127598,-1.5495154,-0.004524773827056218,0.0029201219456882173
796,28.976516008377075,3.2757916,2.0123735282793875,0.6143167045804715,-1.5985419,0.04665315808787193,-0.02918482110321205
797,29.009718418121338,2.926434,2.0489766914444822,0.7001615834798603,-1.4512597,0.10225817561694155,-0.070461663990812
798,29.043870449066162,2.826973,2.062858359695026,0.7297057268827309,-1.486017,0.1425104867743618,-0.09590098084533225
799,29.07671356201172,2.788907,2.0915559458711375,0.7499554153503849,-1.5012035,0.14341832657612907,-0.09553556399417272
800,29.109678745269775,2.7195618,2.1170908341547303,0.7784676274956801,-1.5249332,0.15552850328937615,-0.10199037004115809
801,29.143073081970215,2.6549494,2.12794585454705,0.8015014648438248,-1.5481516,0.1672964307055687,-0.10806204597687484
802,29.176538944244385,2.6276648,2.1405746216238346,0.8146300159714855,-1.559726,0.1484734324073625,-0.09519199681440212
803,29.210197687149048,2.6027594,2.1611449946155976,0.830328391773989,-1.5686474,0.17804771947532147,-0.11350397878984092
804,29.243072271347046,2.5435104,2.169959828038054,0.853135806506642,-1.591986,0.15022546543737286,-0.09436356287751523
805,29.276493787765503,2.529142,2.189416249572358,0.865675526960936,-1.5974326,0.17947453546810468,-0.11235186634205746
806,29.310046434402466,2.4709992,2.2011665221488896,0.8908001612211026,-1.620695,0.16070735778215858,-0.09915953235201513
807,29.343263149261475,2.4446888,2.2108186430166334,0.9043354089617824,-1.6310242,0.14282332664846137,-0.08756664862424922
808,29.37658667564392,5.5408545,2.2501898442954946,0.4061088164217345,-0.3916451,0.12986921881098354,-0.33159924019574033
809,29.410287618637085,5.457838,2.2850329742980717,0.41866998430839,-0.42033014,0.12447832062269445,-0.29614417254700254
810,29.45987582206726,5.3839064,2.317925191337312,0.43052851116551927,-0.4460679,0.10040398238402283,-0.2250867693109457
811,29.510355234146118,5.3184805,2.363055100869249,0.4443101943467668,-0.46735117,0.08577608188740303,-0.18353668009892143
812,29.543283462524414,5.2234,2.3900019626272235,0.45755674648042144,-0.49865744,0.09667097561125802,-0.1938624971602074
813,29.57648754119873,5.164163,2.418809808813449,0.4683836966522031,-0.5194087,0.0836432738971463,-0.1610355649378609
814,29.610506772994995,5.1061215,2.448775128323071,0.47957634950649886,-0.5381686,0.06853097848520165,-0.12734109221721732
815,29.643083810806274,5.045551,2.478134004979951,0.49115232247378926,-0.55730283,0.06610374255732379,-0.11861368485876601
816,29.67656373977661,4.9832354,2.507808412271441,0.5032490403339326,-0.5775892,0.038332516411526955,-0.06636639932408274
817,29.710373878479004,5.170752,2.547615529817419,0.4926972915980749,-0.56190443,0.04602135646760085,-0.08190246237373085
818,29.74305009841919,5.1799717,2.573436748093208,0.49680517571243055,-0.5263641,0.04903657269093402,-0.09316093898390489
819,29.7766273021698,5.123966,2.600859251461281,0.5075871192927621,-0.54438454,0.04003223153657434,-0.0735366797902566
820,29.81043291091919,5.0659823,2.631612339918986,0.5194673337533626,-0.5622225,0.042734400114869966,-0.07600976762089635
821,29.843176126480103,4.997038,2.661328996213075,0.5325813123873513,-0.5844681,0.0677485018671215,-0.115914792986838
822,29.87651252746582,4.9246235,2.691250066840076,0.5464884924997511,-0.6099048,0.048904520917916076,-0.08018385633003808
823,29.91053032875061,4.8602214,2.7091056270564837,0.5574037501428983,-0.6297108,0.040015429810351145,-0.06354572642505857
824,29.94315767288208,4.8216877,2.7397001370200127,0.5682035644800154,-0.6412871,0.022428018492768268,-0.03497344465320493
825,29.976704835891724,4.7541394,2.766240135007711,0.5818592785498569,-0.66150093,0.028539242048459108,-0.043143162345278714
826,30.010021209716797,4.689987,2.7810767256346702,0.5929817326457438,-0.68215513,0.04862668934977596,-0.07128391629374972
827,30.04307746887207,4.65011,2.798443819657887,0.6018016690632563,-0.6960941,0.030339682751324985,-0.04358560565078862
828,30.076534748077393,4.815445,2.8236805855162883,0.5863799954129488,-0.6158909,0.07765134534668862,-0.12607970470848698
829,30.109938621520996,4.7444987,2.790206822022515,0.5880930696751447,-0.64238095,0.25300224067885735,-0.3938507820978466
830,30.143320560455322,4.7838664,2.76489639008247,0.5779627096005762,-0.64461464,0.3641561570497407,-0.5649207079784935
831,30.176480531692505,4.8193345,2.7699812162874484,0.5747642568223256,-0.6460163,0.3562201606413033,-0.5514104842140568
832,30.20987820625305,4.811167,2.7685001635697364,0.5754321768026912,-0.6545688,0.3318918632028159,-0.5070389355079133
833,30.243019104003906,4.821282,2.7692874862379195,0.574388210016716,-0.65562236,0.3094595938775975,-0.47200890527718864
834,30.277037382125854,4.824617,2.7723375511866952,0.5746233542396937,-0.6584779,0.307111099818219,-0.46639545335246607
835,30.3097562789917,4.817212,2.7743090586389285,0.5759159028675633,-0.6660266,0.29647221567141147,-0.44513570346762177
836,30.34299945831299,4.302708,2.7578072875040274,0.640946862308796,-0.59559566,0.29375461222462923,-0.49321147386656977
837,30.376609802246094,4.340072,2.763055214392628,0.6366380824360753,-0.5890408,0.2994056188515516,-0.5082935015794291
838,30.409932851791382,4.322457,2.7611786175189152,0.6387984245614051,-0.6006382,0.2925742290905336,-0.4871055884269717
839,30.443050622940063,4.3240843,2.760929727039493,0.6385004424133673,-0.6053094,0.2844201196386775,-0.4698755827239553
840,30.47681474685669,4.3216653,2.760720441530654,0.6388094075271843,-0.6109987,0.2766652132591237,-0.4528081937475454
841,30.51052975654602,4.3187003,2.7637574872434683,0.6399512090617949,-0.6167039,0.27984647477550495,-0.45377767562185534
842,30.54321575164795,4.304968,2.7633410906938884,0.6418958671845053,-0.6266697,0.2811858984774113,-0.448698726414352
843,30.577035665512085,4.29934,2.7628715214494384,0.6426269307468153,-0.6340415,0.2698574390953564,-0.4256147967130132
844,30.60997772216797,4.296625,2.7631473571951655,0.6430971445912111,-0.6394398,0.2670936902134769,-0.41769949468295064
845,30.643189668655396,4.7932377,2.7755842299037226,0.5790625067310043,-0.428703,0.2785495499518284,-0.649749461517403
846,30.67686414718628,4.7550464,2.784015898840348,0.585486593313498,-0.44654974,0.28598331086365836,-0.640428787792559
847,30.709932565689087,4.727458,2.7845074922474,0.5890073464723641,-0.46103787,0.2841446187116371,-0.6163151328754768
848,30.743585348129272,4.720736,2.7859612318420712,0.5901539963360034,-0.46850353,0.27809196191148544,-0.5935749492986189
849,30.77666163444519,4.712805,2.7896150590005706,0.5919224709599065,-0.47595927,0.29302475501669795,-0.6156509028230568
850,30.80994200706482,4.6941175,2.791407505003996,0.5946607594720649,-0.48821226,0.2885957805516093,-0.5911276827753614
851,30.843179941177368,4.6848016,2.7944491560271683,0.596492532114657,-0.49644697,0.30726633044711904,-0.6189308240245337
852,30.876851320266724,4.6662593,2.8004192867000923,0.6001422367224604,-0.5092109,0.3326104996505869,-0.6531881185744004
853,30.909996032714844,4.6387978,2.8020954771945603,0.6040564004214448,-0.5257803,0.32799286884661305,-0.623821121228153
854,30.9433856010437,4.9974623,2.810402372288172,0.5623659007236992,-0.49077907,0.3238834413476893,-0.6599373522535766
855,30.97657585144043,4.9734516,2.8223935741615995,0.5674919136643719,-0.5042555,0.3525930812113744,-0.6992350101517423
856,31.010181188583374,4.932919,2.823054916248926,0.572288922988739,-0.5250548,0.3526042212626329,-0.6715569744611094
857,31.043336629867554,4.9261837,2.8354895108643206,0.575595569150438,-0.53381836,0.38047340314401673,-0.7127394422905806
858,31.076385259628296,4.8844624,2.8393420637118663,0.5813008385445414,-0.5556363,0.39552192435133243,-0.7118360225807001
859,31.110422611236572,4.8661537,2.8395494076219916,0.583530560836588,-0.5697711,0.39190494537455267,-0.6878287399984362
860,31.143224239349365,4.860859,2.8535940705906575,0.5870555223217806,-0.57885265,0.4300334020709414,-0.7429065055990145
861,31.176905870437622,4.8126855,2.853219250154802,0.5928538767571967,-0.6042437,0.4303660860434045,-0.7122392655156216
862,31.212243795394897,5.1595526,2.8713501400495027,0.5565114607865478,-0.45873603,0.4724531437647822,-1.0299019709658142
863,31.245612859725952,5.101693,2.8903572861982854,0.5665486338163218,-0.48764288,0.49534047622088834,-1.015785305630372
864,31.32619547843933,5.002318,2.89370645524904,0.5784731218522178,-0.5338742,0.5095784715616564,-0.9544916358374149
865,31.359246730804443,4.986036,2.9186453801205925,0.5853639009523439,-0.5493583,0.5624924695746235,-1.0239081871713656
866,31.392765522003174,4.909892,2.920417308727837,0.5948027491901069,-0.58637804,0.5665170328987945,-0.966129350442816
867,31.42645835876465,4.9000344,2.9571597994482097,0.6034977596822235,-0.6007399,0.6322218054079465,-1.0524052244649047
868,31.459452390670776,4.792672,2.970329435578167,0.6197647863439961,-0.6496858,0.6317286322089148,-0.9723602272598101
869,31.492905616760254,4.758349,2.980200054010898,0.6263096907058008,-0.6731178,0.5980515160124734,-0.8884797005792615
870,31.526248455047607,4.7402716,3.0162102843011347,0.6362948284382559,-0.6895661,0.700821646942847,-1.0163226868837902
871,31.559403657913208,4.9133344,3.0509184289737146,0.6209466320496307,-0.65784085,0.7590465644490525,-1.1538452906845913
872,31.59283947944641,4.8137984,3.1013013501960023,0.6442524332606802,-0.7071151,0.8091349180154801,-1.1442760906938918
873,31.626030206680298,4.680334,3.16110976393376,0.6754025892908809,-0.7683733,0.8594499746005492,-1.118531790188701
874,31.65937304496765,4.5250382,3.2137560073658835,0.7102163197860434,-0.837678,0.839497378554793,-1.0021719124647228
875,31.69259285926819,4.406955,3.2445044028818986,0.7362236681924363,-0.89332926,0.8050296540461257,-0.901156704060998
876,31.726158618927002,4.3445673,3.295420102211915,0.7585151467338309,-0.9300579,0.7589542870661184,-0.8160290888602696
877,31.75941514968872,4.2372694,3.349487879662341,0.790482634509116,-0.9799146,0.7335649198408648,-0.7486008634176714
878,31.792649269104004,4.115871,3.3981727445958816,0.8256266495537554,-1.0343206,0.7346477590528732,-0.7102708426283153
879,31.826000928878784,5.2161217,3.456562405443419,0.6626690521711744,-1.2846779,0.7078672607720643,-0.551007595828227
880,31.859373807907104,5.092638,3.528133164104431,0.6927908783610781,-1.3393823,0.7176589490831546,-0.5358133775480872
881,31.892739295959473,4.927288,3.554799715434842,0.7214515724374244,-1.4104515,0.7228988964135582,-0.5125301226698512
882,31.926129579544067,4.8675346,3.5877941192092564,0.7370865102026194,-1.4447521,0.7210747314971013,-0.4990992800284597
883,31.959408044815063,4.795764,3.6111324451171276,0.7529837723754395,-1.4825926,0.747108811551802,-0.5039205107784148
884,31.99287509918213,4.738267,3.6371569017575887,0.7676133371260849,-1.5175889,0.7168523616657453,-0.47236269550460513
885,32.026503562927246,4.6918015,3.6519600007173048,0.7783705178815193,-1.544587,0.7013146138776537,-0.4540466846897817
886,32.059287786483765,5.3519626,3.670764213657729,0.6858725501407075,-1.3873339,0.6789968447410748,-0.4894256959021239
887,32.09278607368469,5.2646956,3.681399940281144,0.6992616836667339,-1.3633623,0.6735641001089286,-0.4940462957086407
888,32.12607216835022,5.24805,3.696769600793081,0.7044081993983815,-1.3801428,0.6400564039398353,-0.4637609965056233
889,32.15931534767151,5.229512,3.7084562441407973,0.7091399908665187,-1.3948793,0.6306340234513077,-0.4521065047407377
890,32.192667961120605,5.2114406,3.73403295266648,0.7165068674163855,-1.4109412,0.5839558673483641,-0.4138768146260112
891,32.225995779037476,5.1724577,3.749693892255049,0.7249346661403172,-1.4307033,0.5752684828405831,-0.4020879031556834
892,32.259536266326904,5.1437516,3.762542055435777,0.731478176336226,-1.4496208,0.5580526625193137,-0.38496456865918166
893,32.29286527633667,5.2322464,3.784056346948562,0.7232183002171795,-1.3307055,0.5368685675712033,-0.40344656131193424
894,32.3258011341095,5.1935062,3.7997750418920053,0.7316396410595186,-1.351224,0.5305021955034772,-0.39260863991051637
895,32.359336614608765,5.1630893,3.8146922066634334,0.7388390948164211,-1.3698974,0.5070676989316091,-0.3701501380146083
896,32.39277935028076,5.1397357,3.845672673260457,0.7482238190250103,-1.3843948,0.5135943593657194,-0.3709883715160836
897,32.42610692977905,5.068795,3.866783298568032,0.7628604318818308,-1.4176912,0.5125778552230319,-0.3615581757836033
898,32.459394454956055,5.0224695,3.894484629417045,0.7754122973703887,-1.4419103,0.4975626611131233,-0.3450718623365181
899,32.49280858039856,5.327231,3.9178283999587995,0.7354343093433919,-1.218564,0.4790404823231586,-0.3931188424657336
900,32.52622437477112,5.281524,3.9296801810419466,0.7440428266723582,-1.2402096,0.4793891736720478,-0.3865388411834184
901,32.55941724777222,5.256264,3.9631330535621254,0.7539828470214297,-1.2562261,0.502722563426684,-0.40018479024094433
902,32.592838287353516,5.1734953,3.9936299897481407,0.7719403930668352,-1.2936999,0.4905768889473654,-0.37920456196860947
903,32.62606596946716,4.9893813,4.0055695505641395,0.8028188865556138,-1.3110313,0.5124621064391237,-0.39088471053040086
904,32.65946316719055,4.9545274,4.032635409986418,0.8139293826139499,-1.3323772,0.5124846959928592,-0.38463934821028817
905,32.69263958930969,4.890691,4.049878856937648,0.8280791036751544,-1.3617233,0.5069482021299629,-0.37228429646257494
906,32.72899651527405,5.0838375,4.0675875381026705,0.8001017992368009,-1.3744047,0.4798514559148785,-0.3491340409451985
907,32.776058197021484,5.0506086,4.084685662944666,0.8087511740030378,-1.3907657,0.5109729549509842,-0.3674040617261418
908,32.809672355651855,4.998326,4.100032223663197,0.8202811035990197,-1.4174877,0.44557176663048437,-0.3143390619153271
909,32.8425931930542,4.983573,4.1239498109584725,0.827508665798946,-1.4246666,0.4307888059950571,-0.30237867087613673
910,32.8759925365448,4.9296155,4.135526355072441,0.8389145881854215,-1.4478374,0.42318109061291637,-0.2922849654405916
911,32.909297943115234,4.9026756,4.158125631083862,0.8481339468543572,-1.4625055,0.38957550702233007,-0.2663754206288419
912,32.94301748275757,5.2980886,4.182947297572978,0.7895200802419252,-1.5084715,0.3750836930424458,-0.24865149642495019
913,32.9762225151062,5.242883,4.218543117155159,0.8046227527630364,-1.5312607,0.3969566602843807,-0.25923518628085956
914,33.009466886520386,5.1493545,4.2276695439527705,0.821009619468622,-1.5697461,0.4017066202987341,-0.25590546835304895
915,33.04290843009949,5.123661,4.2637626572624105,0.8321711024455416,-1.5841244,0.42405033064537756,-0.2676875113813322
916,33.0765438079834,4.782328,4.276556210849888,0.8942414856652329,-1.643005,0.4373380801964297,-0.26618182939921475
917,33.109928131103516,4.742462,4.311987521928596,0.9092297161444021,-1.6631682,0.44824948454298735,-0.26951542647546034
918,33.14355731010437,4.6478004,4.333490226095201,0.9323744159967271,-1.7013783,0.4417644321552286,-0.25965090793966167
919,33.17696261405945,4.7744317,4.348706883033573,0.9108323568744108,-1.612829,0.45507857653645334,-0.28216170779039595
920,33.210917234420776,4.727901,4.377312744850284,0.9258469586408993,-1.6352382,0.3942327273885733,-0.24108581518629116
921,33.243924379348755,4.6744885,4.409867521687428,0.9433903794480215,-1.6534891,0.37617516184735866,-0.22750386375272938
922,33.27754306793213,4.5961647,4.450541107609592,0.968316279951238,-1.6830455,0.3755361395753749,-0.22312892796427036
923,33.31056594848633,4.490755,4.491795033176583,1.000231576200667,-1.7228392,0.393901103575821,-0.228634857673104
924,33.343934297561646,4.37601,4.523212507617577,1.0336385356746847,-1.7674013,0.40969753937129255,-0.2318078699217019
925,33.37749195098877,4.7435403,4.581411410073053,0.9658211236471448,-1.5208435,0.40188013197716876,-0.26424818229412794
926,33.41081714630127,4.598612,4.617492057587468,1.004105635920915,-1.5729682,0.4418258631019992,-0.2808867023425921
927,33.44378042221069,4.4916053,4.6881352940265835,1.0437549606132543,-1.6165673,0.42590717452185156,-0.26346393782905353
928,33.47746443748474,3.934871,4.695781613980825,1.193376266645312,-1.7369207,0.43610627989920364,-0.25108013065253004
929,33.51063394546509,3.9070437,4.706787220758519,1.2046927517703672,-1.7513916,0.4437791413666023,-0.25338658064151504
930,33.54393219947815,4.5329905,4.765981514695306,1.0513989741096013,-1.7285894,0.4375000890180257,-0.2530965914070253
931,33.57731485366821,4.382406,4.793425250321424,1.0937884334687846,-1.7818459,0.4202867435311392,-0.23587154035394456
932,33.610675573349,4.3165846,4.84733664486444,1.1229564826214131,-1.8056531,0.38715386505998545,-0.2144120961437374
933,33.64399218559265,4.1886024,4.877853697903257,1.1645539912252283,-1.8482264,0.3573458069662419,-0.19334525334472172
934,33.67744278907776,4.1183014,4.897405695313573,1.1891809825528639,-1.8716149,0.3768017252489156,-0.20132438494821198
935,33.710729360580444,4.0577936,4.921053457423957,1.2127411893266202,-1.8956918,0.36657860758160027,-0.1933745858792547
936,33.73485803604126,4.1172924,4.939240412948735,1.199633139473043,-1.8948381,0.3594904243878904,-0.18972091884328626
937,33.776668071746826,4.0700336,4.951285591161754,1.2165220581148468,-1.9125261,0.36222458794903484,-0.1893958896242386
938,33.809905767440796,4.0349307,4.964015039049745,1.2302602945915397,-1.9268143,0.3456794792026459,-0.17940466604726818
939,33.84329152107239,3.0983672,4.933319193572561,1.5922319249178343,-2.132687,0.3387355980554193,-0.15883042540721423
940,33.87658405303955,3.1772063,4.937049097985481,1.5538963058232937,-2.1093063,0.33340077858735334,-0.15806181064560687
941,33.90999245643616,3.6168246,4.962507992818162,1.372062099964337,-2.0024166,0.29396410128187694,-0.14680466577657106
942,33.94266486167908,3.560599,4.964869872603759,1.3943917158221655,-2.0195189,0.2602430132575315,-0.12886386921798934
943,33.976195335388184,3.564051,4.994801389891827,1.401439404772093,-2.0159056,0.255823634043499,-0.1269025849595993
944,34.009339809417725,3.4835596,5.006941049891639,1.43730597798091,-2.0426016,0.25215333217995933,-0.12344714406556145
945,34.042648792266846,3.4501512,5.029151138634814,1.457661081999789,-2.0529113,0.21601222357362634,-0.10522238613583725
946,34.07606267929077,3.8361013,5.090991654811302,1.3271264925545363,-2.021964,0.12301056356999626,-0.06083716580407088
947,34.10953664779663,3.7092123,5.110988410013236,1.3779174639469363,-2.0568545,0.0700867828884677,-0.034074740507728594
948,34.14292669296265,3.6772485,5.1296040139679775,1.3949571384002477,-2.060738,0.029409448714382426,-0.014271318079762141
949,34.176023721694946,3.6446683,5.153789810513756,1.4140627702623758,-2.0648136,0.0026303460815271136,-0.0012738903229960984
950,34.20927286148071,2.8092356,5.153983322396123,1.8346568626253268,-2.1527715,-0.02648308348839537,0.012301855455349267
951,34.24272918701172,2.8176925,5.176083991946491,1.8369939084730784,-2.1428788,-0.06351453428029509,0.02963981684122336
952,34.27622842788696,2.8876805,5.179725098100309,1.7937320431762485,-2.1449256,-0.08056101578846923,0.03755888595923064
953,34.30948448181152,2.88248,5.168880584975039,1.7932061118859786,-2.1400304,-0.08247940281816217,0.03854122980326166
954,34.342838764190674,2.9107785,5.181619728463521,1.7801490867221184,-2.1247108,-0.09118231636557562,0.04291516588520926
955,34.376232624053955,2.8767636,5.1754492610281275,1.799052689973548,-2.1296773,-0.07623638450146762,0.03579715323816382
956,34.40956497192383,2.8845968,5.171724294719434,1.7928759577533402,-2.12271,-0.08063667664807468,0.03798760878552956
957,34.44280004501343,3.0736828,5.210305129564717,1.695134304338038,-2.0788696,-0.12122297815873415,0.05831196879962319
958,34.47619891166687,2.9816728,5.231415246942164,1.7545236051430584,-2.1015043,-0.1435239211341129,0.06829580094959879
