,0,0,0,0,0,0,0
0,3.184713840484619,0.5,-2.1997801053064586e-07,-4.399560210612917e-07,1.0,-2.4968961575979384e-07,-2.4968961575979384e-07
1,3.217916250228882,0.5,-2.7235334115955078e-08,-5.4470668231910155e-08,1.0,2.4849229699562946e-09,2.4849229699562946e-09
2,3.2510883808135986,0.5,2.2737739049515092e-08,4.5475478099030184e-08,1.0,-3.5664479179298126e-08,-3.5664479179298126e-08
3,3.272624969482422,0.5,1.6534534721369603e-08,3.306906944273921e-08,1.0,-5.473264056582916e-09,-5.473264056582916e-09
4,3.301378011703491,0.5,-1.7675259676209832e-07,-3.5350519352419664e-07,1.0,-2.5479755590559824e-07,-2.5479755590559824e-07
5,3.334421157836914,0.5,2.3347234578489813e-08,4.6694469156979625e-08,1.0,-1.9473182029005614e-08,-1.9473182029005614e-08
6,3.3550877571105957,0.5,2.120415422215298e-08,4.240830844430596e-08,1.0,-1.7805873666224676e-08,-1.7805873666224676e-08
7,3.3882462978363037,0.5,-0.0043087772520255955,-0.008617554504051191,1.0,1.263081898664917e-07,1.263081898664917e-07
8,3.4216768741607666,0.5,-0.009804817032952395,-0.01960963406590479,1.0,1.706392150371307e-06,1.706392150371307e-06
9,3.450071096420288,0.5,-0.014625647571966924,-0.029251295143933848,1.0,5.502635268566932e-06,5.502635268566932e-06
10,3.4721875190734863,0.5,-0.018900679449211824,-0.03780135889842365,1.0,7.156509733120234e-06,7.156509733120234e-06
11,3.490319013595581,0.5,-0.022703302045164922,-0.045406604090329844,1.0,8.648170645799343e-06,8.648170645799343e-06
12,3.521874189376831,0.5,-0.026099346969163287,-0.052198693938326574,1.0,9.9587882239983e-06,9.9587882239983e-06
13,3.5551953315734863,0.5,-0.02914571306392922,-0.05829142612785844,1.0,1.114983625897157e-05,1.114983625897157e-05
14,3.5884716510772705,0.5,-0.03189160446386345,-0.0637832089277269,1.0,1.2221111449537967e-05,1.2221111449537967e-05
15,3.6218652725219727,0.5,-0.03363458296152808,-0.06726916592305617,1.0,1.2899501844812845e-05,1.2899501844812845e-05
16,3.6550543308258057,0.5,-0.03423513734976201,-0.06847027469952402,1.0,1.0739105864635937e-05,1.0739105864635937e-05
17,3.6884195804595947,0.5,-0.03487867635167086,-0.06975735270334173,1.0,1.0904314189831478e-05,1.0904314189831478e-05
18,3.721771001815796,0.5,-0.03551818138120175,-0.0710363627624035,1.0,1.1171217712724595e-05,1.1171217712724595e-05
19,3.7550573348999023,0.5,-0.036156126708581864,-0.07231225341716373,1.0,1.139246586805558e-05,1.139246586805558e-05
20,3.7884490489959717,0.5,-0.036792086862509614,-0.07358417372501923,1.0,1.1618489792287863e-05,1.1618489792287863e-05
21,3.8218512535095215,0.5,-0.037426070423891344,-0.07485214084778269,1.0,1.1968322312566622e-05,1.1968322312566622e-05
22,3.855224847793579,0.5,-0.03805793190328756,-0.07611586380657512,1.0,1.2364171109668823e-05,1.2364171109668823e-05
23,3.8884119987487793,0.5,-0.038687978073804,-0.077375956147608,1.0,1.2447572307509539e-05,1.2447572307509539e-05
24,3.921782970428467,0.5,-0.03931579601001145,-0.0786315920200229,1.0,1.2731403357950814e-05,1.2731403357950814e-05
25,3.9553091526031494,0.5,-0.03994195010998497,-0.07988390021996994,1.0,1.262421477214981e-05,1.262421477214981e-05
26,3.988503932952881,0.5,-0.04056530815559767,-0.08113061631119534,1.0,1.3257327369302299e-05,1.3257327369302299e-05
27,4.021731853485107,0.5,-0.04118696533898432,-0.08237393067796864,1.0,1.3596371198829747e-05,1.3596371198829747e-05
28,4.054933309555054,0.5,-0.04180659308227254,-0.08361318616454508,1.0,1.3681324773123061e-05,1.3681324773123061e-05
29,4.088428258895874,0.5,-0.04242389606154542,-0.08484779212309083,1.0,1.3955862017417985e-05,1.3955862017417985e-05
30,4.121816396713257,0.5,-0.04303913291782,-0.08607826583564,1.0,1.4207792125718029e-05,1.4207792125718029e-05
31,4.154979228973389,0.5,-0.043652185208893204,-0.08730437041778641,1.0,1.4434820242668223e-05,1.4434820242668223e-05
32,4.1884520053863525,0.5,-0.04426316005251939,-0.08852632010503877,1.0,1.4607714781864374e-05,1.4607714781864374e-05
33,4.2218663692474365,0.5,-0.04487159959231185,-0.0897431991846237,1.0,1.4940322200378126e-05,1.4940322200378126e-05
34,4.255266904830933,0.5,-0.045478000826832954,-0.09095600165366591,1.0,1.5161030562282644e-05,1.5161030562282644e-05
35,4.288395643234253,0.5,-0.04608212568961274,-0.09216425137922549,1.0,1.5383680947454922e-05,1.5383680947454922e-05
36,4.321998834609985,0.5,-0.04668429260846717,-0.09336858521693434,1.0,1.5259357465664285e-05,1.5259357465664285e-05
37,4.355172157287598,0.5,-0.047283439317549913,-0.09456687863509983,1.0,1.589088504056745e-05,1.589088504056745e-05
38,4.388424873352051,0.5,-0.047880827673586174,-0.09576165534717235,1.0,1.602882647838427e-05,1.602882647838427e-05
39,4.421939373016357,0.5,-0.048475520113882085,-0.09695104022776417,1.0,1.6369256238874905e-05,1.6369256238874905e-05
40,4.4552600383758545,0.5,-0.04906806707055752,-0.09813613414111504,1.0,1.657801824046071e-05,1.657801824046071e-05
41,4.488466501235962,0.5,-0.049658215437052414,-0.09931643087410483,1.0,1.678980325894992e-05,1.678980325894992e-05
42,4.521709442138672,0.5,-0.05024595655747234,-0.10049191311494468,1.0,1.7003681837952723e-05,1.7003681837952723e-05
43,4.55527400970459,0.5,-0.05083126967611927,-0.10166253935223854,1.0,1.7219040751433202e-05,1.7219040751433202e-05
44,4.588507652282715,0.5,-0.051414289011692954,-0.10282857802338591,1.0,1.7341813982964906e-05,1.7341813982964906e-05
45,4.6218507289886475,0.5,-0.05199448618760601,-0.10398897237521201,1.0,1.770137360405722e-05,1.770137360405722e-05
46,4.655148267745972,0.5,-0.05257242604166246,-0.10514485208332491,1.0,1.7909475012168618e-05,1.7909475012168618e-05
47,4.688552379608154,0.5,-0.05314815944063618,-0.10629631888127236,1.0,1.776561106931803e-05,1.776561106931803e-05
48,4.722007989883423,0.5,-0.00893131558999684,-0.01786263117999368,1.0,-0.0545469829759724,-0.0545469829759724
49,4.755394220352173,0.5,0.04465710716297562,0.08931421432595124,1.0,-0.21954735587114863,-0.21954735587114863
50,4.788618803024292,0.5,0.08989238035084708,0.17978476070169416,1.0,-0.3608076968416859,-0.3608076968416859
51,4.821912050247192,0.5,0.10690043867247853,0.21380087734495706,1.0,-0.4304097958730285,-0.4304097958730285
52,4.855159282684326,0.5,0.14890355948368247,0.29780711896736495,1.0,-0.5598343496892731,-0.5598343496892731
53,4.888671636581421,0.5,0.16258844408473622,0.32517688816947243,1.0,-0.7164703873931562,-0.7164703873931562
54,4.921879291534424,0.5,0.10173102528665105,0.2034620505733021,1.0,-0.9345360205049903,-0.9345360205049903
55,4.955287456512451,0.5,0.12789153081703003,0.25578306163406006,1.0,-1.0883638478374715,-1.0883638478374715
56,4.9884114265441895,0.5,0.14921591049884345,0.2984318209976869,1.0,-1.2198871187270008,-1.2198871187270008
57,5.021771669387817,0.5,0.13763022386279394,0.2752604477255879,1.0,-1.3646934686802787,-1.3646934686802787
58,5.055368900299072,0.5,0.18297556218068994,0.3659511243613799,1.0,-1.4244950577308164,-1.4244950577308164
59,5.088585376739502,0.5,0.1880127816401334,0.3760255632802668,1.0,-1.5111292520481023,-1.5111292520481023
60,5.12194037437439,0.5,0.19933622796910683,0.39867245593821365,1.0,-1.5840857637505885,-1.5840857637505885
61,5.155345439910889,0.5,0.17100670608851967,0.34201341217703934,1.0,-1.649861075293268,-1.649861075293268
62,5.188440799713135,0.5,0.15666539077629457,0.31333078155258914,1.0,-1.7022047099280038,-1.7022047099280038
63,5.221805572509766,0.5,0.13578650067245557,0.27157300134491114,1.0,-1.7780376895887002,-1.7780376895887002
64,5.255201101303101,0.5,0.12999711052146345,0.2599942210429269,1.0,-1.8243225407643882,-1.8243225407643882
65,5.288520336151123,0.5,0.1249407015403276,0.2498814030806552,1.0,-1.8707564374888859,-1.8707564374888859
66,5.321975231170654,0.5,0.1393832540646215,0.278766508129243,1.0,-1.900133619479754,-1.900133619479754
67,5.355234861373901,0.5,0.13654627855938578,0.27309255711877156,1.0,-1.9462298027142033,-1.9462298027142033
68,5.378249645233154,0.5,0.11113063011793023,0.22226126023586046,1.0,-1.9777280312051289,-1.9777280312051289
69,5.405034780502319,0.5,0.07754181579276992,0.15508363158553984,1.0,-2.0156339354972177,-2.0156339354972177
70,5.438605308532715,0.5,0.06895196421201089,0.13790392842402177,1.0,-2.043493937112612,-2.043493937112612
71,5.4719860553741455,0.5,0.05300006731962724,0.10600013463925448,1.0,-2.0758755496414922,-2.0758755496414922
72,5.505082845687866,0.5,0.023745264379593914,0.04749052875918783,1.0,-2.1064458691843764,-2.1064458691843764
73,5.53839898109436,0.5,0.0022681713971714826,0.004536342794342965,1.0,-2.1177218156191207,-2.1177218156191207
74,5.5721049308776855,0.5,0.006512955062691804,0.013025910125383608,1.0,-2.1573167440007186,-2.1573167440007186
75,5.605074167251587,0.5,0.01559577033280899,0.03119154066561798,1.0,-2.193095118964106,-2.193095118964106
76,5.638630390167236,0.5,0.020225043386446928,0.040450086772893856,1.0,-2.206609597762349,-2.206609597762349
77,5.67202091217041,0.5,0.011656383288700653,0.023312766577401306,1.0,-2.2236113712550556,-2.2236113712550556
78,5.704926013946533,0.5,0.012262764204763937,0.024525528409527875,1.0,-2.2310016254569027,-2.2310016254569027
79,5.738595962524414,0.5,0.006393043319806432,0.012786086639612865,1.0,-2.2297097492000413,-2.2297097492000413
80,5.772082328796387,0.5,-0.0005979185250420127,-0.0011958370500840254,1.0,-2.245835698590926,-2.245835698590926
81,5.804990530014038,0.5,-0.0020722037622908224,-0.004144407524581645,1.0,-2.2462060599788813,-2.2462060599788813
82,5.838559865951538,0.5,-0.0029839617317338335,-0.005967923463467667,1.0,-2.2447899053717575,-2.2447899053717575
83,5.871994495391846,0.5,-0.008526217237349053,-0.017052434474698105,1.0,-2.2449565287581636,-2.2449565287581636
84,5.9050939083099365,0.5,-0.009208076264669254,-0.01841615252933851,1.0,-2.2435290338059364,-2.2435290338059364
85,5.938565492630005,0.5,-0.014495352968301976,-0.028990705936603953,1.0,-2.2432119266367434,-2.2432119266367434
86,5.971961259841919,0.5,-0.015369115961043026,-0.03073823192208605,1.0,-2.241785658162428,-2.241785658162428
87,6.00507926940918,0.5,-0.019020431604587072,-0.038040863209174144,1.0,-2.240893454562036,-2.240893454562036
88,6.038386821746826,0.5,-0.019844160934794,-0.039688321869588,1.0,-2.2394684760565706,-2.2394684760565706
89,6.071994304656982,0.5,-0.02051776063894587,-0.04103552127789174,1.0,-2.238046116998943,-2.238046116998943
90,6.1051201820373535,0.5,-0.019673061795898727,-0.039346123591797455,1.0,-2.2398777554712814,-2.2398777554712814
91,6.138633489608765,0.5,-0.020349360554769796,-0.04069872110953959,1.0,-2.2384636913305487,-2.2384636913305487
92,6.171930551528931,0.5,-0.030984079129348238,-0.061968158258696476,1.0,-2.2501305760953425,-2.2501305760953425
93,6.205026626586914,0.5,-0.027313058441061105,-0.05462611688212221,1.0,-2.255247723873527,-2.255247723873527
94,6.238633155822754,0.5,-0.04985997759426157,-0.09971995518852314,1.0,-2.28316082573786,-2.28316082573786
95,6.272092580795288,0.5,-0.04023971544697401,-0.08047943089394802,1.0,-2.3132917206731953,-2.3132917206731953
96,6.305153846740723,0.5,-0.05426451169302734,-0.10852902338605468,1.0,-2.32799849590127,-2.32799849590127
97,6.338688850402832,0.5,-0.05528581834127933,-0.11057163668255866,1.0,-2.3308803141227736,-2.3308803141227736
98,6.371918201446533,0.5,-0.05981856098847475,-0.1196371219769495,1.0,-2.410582684762058,-2.410582684762058
99,6.40526008605957,0.5,-0.04616372723058151,-0.09232745446116301,1.0,-2.46839246701945,-2.46839246701945
100,6.4386749267578125,0.5,-0.05644326868531576,-0.11288653737063152,1.0,-2.5445578534388114,-2.5445578534388114
101,6.471875429153442,0.5,-0.06949970577733172,-0.13899941155466344,1.0,-2.614788675300123,-2.614788675300123
102,6.5052525997161865,0.5,-0.05118132720775324,-0.10236265441550647,1.0,-2.6878437219506615,-2.6878437219506615
103,6.538499355316162,0.5,-0.05337183419911589,-0.10674366839823178,1.0,-2.7356784037658106,-2.7356784037658106
104,6.572180509567261,0.5,-0.04185531731572118,-0.08371063463144236,1.0,-2.7500392607965694,-2.7500392607965694
105,6.605148792266846,0.5,-0.026242313147333995,-0.05248462629466799,1.0,-2.7840540562239995,-2.7840540562239995
106,6.63854718208313,0.5,-0.026688540240117374,-0.05337708048023475,1.0,-2.8031203478897706,-2.8031203478897706
107,6.67190957069397,0.5,-0.01740807834104177,-0.03481615668208354,1.0,-2.822142335835558,-2.822142335835558
108,6.70501971244812,0.5,-0.015591265996288746,-0.031182531992577492,1.0,-2.8459628620655852,-2.8459628620655852
109,6.738548278808594,0.5,-0.012330894866673561,-0.024661789733347123,1.0,-2.8569658100632274,-2.8569658100632274
110,6.77203369140625,0.5,-0.01012238991382438,-0.02024477982764876,1.0,-2.872522544795958,-2.872522544795958
111,6.80518913269043,0.5,-0.005145925556161161,-0.010291851112322323,1.0,-2.897157141612836,-2.897157141612836
112,6.838571548461914,0.5,0.0010601106036976712,0.0021202212073953425,1.0,-2.895528859079944,-2.895528859079944
113,6.871875047683716,0.5,0.0076790096280128575,0.015358019256025715,1.0,-2.8869612956326445,-2.8869612956326445
114,6.905358076095581,0.5,0.009440029878939972,0.018880059757879944,1.0,-2.907476574143012,-2.907476574143012
115,6.938589572906494,0.5,-0.0025177803092818404,-0.005035560618563681,1.0,-2.949351674990922,-2.949351674990922
116,6.971757650375366,0.5,-0.003177109480256582,-0.006354218960513164,1.0,-2.943754681806642,-2.943754681806642
117,7.005140781402588,0.5,-0.008169348830576226,-0.01633869766115245,1.0,-2.9685054708918943,-2.9685054708918943
118,7.038682222366333,0.5,2.9288146941489068e-05,5.8576293882978137e-05,1.0,-2.9500452879035723,-2.9500452879035723
119,7.072062730789185,0.5,0.006426279457584103,0.012852558915168205,1.0,-2.949593133040499,-2.949593133040499
120,7.105121850967407,0.5,0.0074944722164806896,0.014988944432961379,1.0,-2.9461187600392074,-2.9461187600392074
121,7.138775587081909,0.5,0.015749589115855434,0.03149917823171087,1.0,-2.9326134116015194,-2.9326134116015194
122,7.172095775604248,0.5,0.02211898522781286,0.04423797045562572,1.0,-2.935497220617761,-2.935497220617761
123,7.205147981643677,0.5,0.023923494261563667,0.04784698852312733,1.0,-2.917374027525384,-2.917374027525384
124,7.2386369705200195,0.5,0.031441994246353216,0.06288398849270643,1.0,-2.910737607629505,-2.910737607629505
125,7.271817922592163,0.5,0.02817512014034415,0.0563502402806883,1.0,-2.8747183783184034,-2.8747183783184034
126,7.305068016052246,0.5,0.041497363648559805,0.08299472729711961,1.0,-2.8634609629213266,-2.8634609629213266
127,7.338602304458618,0.5,0.02809868883185477,0.05619737766370954,1.0,-2.7935523163924016,-2.7935523163924016
128,7.371777057647705,0.5,0.04510986214307597,0.09021972428615194,1.0,-2.7685087185395103,-2.7685087185395103
129,7.405453443527222,0.5,0.042325704452909556,0.08465140890581911,1.0,-2.7130056874973296,-2.7130056874973296
130,7.438676118850708,0.5,0.04435212649390563,0.08870425298781126,1.0,-2.691189547213664,-2.691189547213664
131,7.471860408782959,0.5,0.04743261569551115,0.0948652313910223,1.0,-2.656159663964759,-2.656159663964759
132,7.505251169204712,0.5,0.044126667268555984,0.08825333453711197,1.0,-2.6504946215983294,-2.6504946215983294
133,7.538625001907349,0.5,0.04116237163176196,0.08232474326352392,1.0,-2.5698318934127715,-2.5698318934127715
134,7.572019577026367,0.5,0.04065678526064576,0.08131357052129153,1.0,-2.574673604223872,-2.574673604223872
135,7.605099678039551,0.5,0.03282803613507497,0.06565607227014994,1.0,-2.5253243015159796,-2.5253243015159796
136,7.638643980026245,0.5,0.034306918694130314,0.06861383738826063,1.0,-2.5161862748927257,-2.5161862748927257
137,7.671921730041504,0.5,0.02948653953536983,0.05897307907073966,1.0,-2.485629696889554,-2.485629696889554
138,7.704987049102783,0.5,0.03755865985824593,0.07511731971649185,1.0,-2.4657454056784456,-2.4657454056784456
139,7.738487005233765,0.5,0.03285187067743922,0.06570374135487844,1.0,-2.438906605418418,-2.438906605418418
140,7.771859884262085,0.5,0.043146881364343366,0.08629376272868673,1.0,-2.422245682656278,-2.422245682656278
141,7.805163383483887,0.5,0.04161404828702151,0.08322809657404302,1.0,-2.41220529088896,-2.41220529088896
142,7.838592290878296,0.5,0.05183987513869517,0.10367975027739033,1.0,-2.4067925167814375,-2.4067925167814375
143,7.871872901916504,0.5,0.08853450191954496,0.1770690038390899,1.0,-2.4377952309955506,-2.4377952309955506
144,7.905128717422485,0.5,0.09177301715892021,0.18354603431784042,1.0,-2.4364759191270107,-2.4364759191270107
145,7.938522100448608,0.5,0.10685042371470609,0.21370084742941217,1.0,-2.4140018073457226,-2.4140018073457226
146,7.971846103668213,0.5,0.10296338465377816,0.20592676930755632,1.0,-2.431924392270061,-2.431924392270061
147,8.00517201423645,0.5,0.11956820685251301,0.23913641370502603,1.0,-2.4352316078680536,-2.4352316078680536
148,8.038450479507446,0.5,0.11206615151536575,0.2241323030307315,1.0,-2.4530288365428894,-2.4530288365428894
149,8.072165966033936,0.5,0.12223761430727287,0.24447522861454574,1.0,-2.482743194029748,-2.482743194029748
150,8.105200290679932,0.5,0.12602406779030426,0.2520481355806085,1.0,-2.4756616418938773,-2.4756616418938773
151,8.138739585876465,0.5,0.13504220678393763,0.27008441356787527,1.0,-2.5076939456119205,-2.5076939456119205
152,8.17191743850708,0.5,0.14748297798405466,0.2949659559681093,1.0,-2.512972973745174,-2.512972973745174
153,8.20534348487854,0.5,0.16708909974033223,0.33417819948066446,1.0,-2.5651986149809947,-2.5651986149809947
154,8.23880672454834,0.5,0.17706332377098494,0.3541266475419699,1.0,-2.5892642275108964,-2.5892642275108964
155,8.272009134292603,0.5,0.1884662789444322,0.3769325578888644,1.0,-2.565154097087617,-2.565154097087617
156,8.305254697799683,0.5,0.1870462908680894,0.3740925817361788,1.0,-2.613608041604348,-2.613608041604348
157,8.338665962219238,0.5,0.1756724192198558,0.3513448384397116,1.0,-2.6369246451721375,-2.6369246451721375
158,8.371824502944946,0.5,0.18605176721972533,0.37210353443945066,1.0,-2.6386749743259297,-2.6386749743259297
159,8.405266761779785,0.5,0.17084945133190899,0.34169890266381797,1.0,-2.718169990928659,-2.718169990928659
160,8.438603162765503,0.5,0.1676616792690564,0.3353233585381128,1.0,-2.7301703640153683,-2.7301703640153683
161,8.47183108329773,0.5,0.17546819184639084,0.3509363836927817,1.0,-2.731034406050511,-2.731034406050511
162,8.505203008651733,0.5,0.1855333918710334,0.3710667837420668,1.0,-2.7444400820506085,-2.7444400820506085
163,8.538589715957642,0.5,0.1957991752197737,0.3915983504395474,1.0,-2.76028872566447,-2.76028872566447
164,8.573660612106323,0.5,0.1930857325158295,0.386171465031659,1.0,-2.792697004248197,-2.792697004248197
165,8.606986284255981,0.5,0.2180912741558051,0.4361825483116102,1.0,-2.8180157525583023,-2.8180157525583023
166,8.640397548675537,0.5,0.21917147113245034,0.43834294226490067,1.0,-2.814481022297326,-2.814481022297326
167,8.674986362457275,0.5,0.22062612886887856,0.4412522577377571,1.0,-2.8418611015149144,-2.8418611015149144
168,8.707215785980225,0.5,0.20154092953309016,0.4030818590661803,1.0,-2.9053811987507827,-2.9053811987507827
169,8.740570306777954,0.5,0.19686421570152185,0.3937284314030437,1.0,-2.916857889492636,-2.916857889492636
170,8.771620273590088,0.5,0.21290883619113843,0.42581767238227686,1.0,-2.928146260623746,-2.928146260623746
171,8.804908275604248,0.5,0.23645362718644472,0.47290725437288944,1.0,-2.97883599760932,-2.97883599760932
172,8.838279008865356,0.5,0.2563888144906426,0.5127776289812852,1.0,-3.0122122118581443,-3.0122122118581443
173,8.87159252166748,0.5,0.2837260194619618,0.5674520389239236,1.0,-3.051650259763655,-3.051650259763655
174,8.90477991104126,0.5,0.28570768303373195,0.5714153660674639,1.0,-3.120007553392555,-3.120007553392555
175,8.93824815750122,0.5,0.2775567468268562,0.5551134936537124,1.0,-3.1692294101818104,-3.1692294101818104
176,8.971555471420288,0.5,0.26737591218441725,0.5347518243688345,1.0,-3.1997685399214366,-3.1997685399214366
177,9.004759073257446,0.5,0.269147128106432,0.538294256212864,1.0,-3.2212271314669954,-3.2212271314669954
178,9.038179874420166,0.5,0.2870337880890912,0.5740675761781824,1.0,-3.2801738552773836,-3.2801738552773836
179,9.07164478302002,0.5,0.29997774166180025,0.5999554833236005,1.0,-3.314068398143834,-3.314068398143834
180,9.1050443649292,0.5,0.3120532857402999,0.6241065714805998,1.0,-3.326937610107645,-3.326937610107645
181,9.138368129730225,0.5,0.32752061639673447,0.6550412327934689,1.0,-3.3396622613027445,-3.3396622613027445
182,9.171684741973877,0.5,0.35604358059589913,0.7120871611917983,1.0,-3.380863295915993,-3.380863295915993
183,9.204873323440552,0.5,0.3743991791565573,0.7487983583131146,1.0,-3.401219162095841,-3.401219162095841
184,9.238186597824097,0.5,0.39642085687479556,0.7928417137495911,1.0,-3.4199386192439154,-3.4199386192439154
185,9.271822214126587,0.5,0.4094251607168884,0.8188503214337768,1.0,-3.445277538588944,-3.445277538588944
186,9.304785251617432,0.5,0.4240477994286304,0.8480955988572608,1.0,-3.495041682567084,-3.495041682567084
187,9.338225841522217,0.5,0.4314565684916625,0.862913136983325,1.0,-3.534294497565627,-3.534294497565627
188,9.371544599533081,0.5,0.4362242526105701,0.8724485052211401,1.0,-3.5842286717625487,-3.5842286717625487
189,9.404817581176758,0.5,0.4316208005342097,0.8632416010684194,1.0,-3.5964020877534457,-3.5964020877534457
190,9.438195705413818,0.5,0.44517388354319637,0.8903477670863927,1.0,-3.614812009276434,-3.614812009276434
191,9.471528768539429,0.5,0.4735328530936678,0.9470657061873357,1.0,-3.6477283065091903,-3.6477283065091903
192,9.504845380783081,0.5,0.5033087470726623,1.0066174941453245,1.0,-3.6685701388597796,-3.6685701388597796
193,9.538328170776367,0.5,0.531289444659491,1.062578889318982,1.0,-3.681775269867114,-3.681775269867114
194,9.57155466079712,0.5,0.5380954604691645,1.076190920938329,1.0,-3.7131650253566195,-3.7131650253566195
195,9.604970932006836,0.5,0.5611880232887212,1.1223760465774424,1.0,-3.751826670513041,-3.751826670513041
196,9.638416528701782,0.5,0.5687828203659586,1.1375656407319172,1.0,-3.773983347512609,-3.773983347512609
197,9.671751976013184,0.5,0.5988263288966945,1.197652657793389,1.0,-3.818942744591763,-3.818942744591763
198,9.70496678352356,0.5,0.5946926070009464,1.1893852140018928,1.0,-3.843397052290656,-3.843397052290656
199,9.738370656967163,0.5,0.6273389407846479,1.2546778815692958,1.0,-3.864477167253898,-3.864477167253898
200,9.771639585494995,0.5,0.6477694156885374,1.2955388313770748,1.0,-3.8864452211944367,-3.8864452211944367
201,9.804867506027222,0.5,0.6778460573705778,1.3556921147411556,1.0,-3.9071169941897934,-3.9071169941897934
202,9.838171482086182,0.5,0.6943865749703348,1.3887731499406697,1.0,-3.925739965585692,-3.925739965585692
203,9.871865510940552,0.5,0.7238449538373253,1.4476899076746506,1.0,-3.9501880102074924,-3.9501880102074924
204,9.9048912525177,0.5,0.7489320940645594,1.4978641881291188,1.0,-3.9675235031382634,-3.9675235031382634
205,9.938179969787598,0.5,0.7567559603051599,1.5135119206103198,1.0,-3.977130328787559,-3.977130328787559
206,9.97156810760498,0.5,0.7895214869255973,1.5790429738511946,1.0,-4.0015224588286955,-4.0015224588286955
207,10.004780054092407,0.5,0.8169433555165033,1.6338867110330066,1.0,-4.016290874950155,-4.016290874950155
208,10.038178205490112,0.5,0.8407716262367371,1.6815432524734741,1.0,-4.036664820451343,-4.036664820451343
209,10.071640729904175,0.5,0.8793185531921901,1.7586371063843802,1.0,-4.059783253835211,-4.059783253835211
210,10.104883193969727,0.5,0.8837631875569405,1.767526375113881,1.0,-4.059205519237839,-4.059205519237839
211,10.138163089752197,0.5,0.9091151683830453,1.8182303367660906,1.0,-4.073978072097095,-4.073978072097095
212,10.1715567111969,0.5,0.9332329162689464,1.8664658325378929,1.0,-4.087786829427299,-4.087786829427299
213,10.204911708831787,0.5,0.9530279039372471,1.9060558078744942,1.0,-4.09026480267082,-4.09026480267082
214,10.238413095474243,0.5,0.9735834226093225,1.947166845218645,1.0,-4.09779485408627,-4.09779485408627
215,10.271787643432617,0.5,0.9951820666680924,1.9903641333361848,1.0,-4.115063977850895,-4.115063977850895
216,10.304792642593384,0.5,1.0112641844161605,2.022528368832321,1.0,-4.125411646988746,-4.125411646988746
217,10.338266611099243,0.5,1.027138626433685,2.05427725286737,1.0,-4.1258042547971625,-4.1258042547971625
218,10.371628284454346,0.5,1.0588646523020735,2.117729304604147,1.0,-4.141965290499444,-4.141965290499444
219,10.404807090759277,0.5,1.0705903983902847,2.1411807967805694,1.0,-4.143744757796477,-4.143744757796477
220,10.438575506210327,0.5,1.0992163439240452,2.1984326878480904,1.0,-4.141067642451103,-4.141067642451103
221,10.471982955932617,0.5,1.1292228240484623,2.2584456480969246,1.0,-4.1414210185299005,-4.1414210185299005
222,10.505029678344727,0.5,1.1552815588093073,2.3105631176186145,1.0,-4.12827417614112,-4.12827417614112
223,10.538710355758667,0.5,1.1696676850707168,2.3393353701414337,1.0,-4.095496845954024,-4.095496845954024
224,10.572184562683105,0.5,1.181433467219056,2.362866934438112,1.0,-4.05541054176006,-4.05541054176006
225,10.605370998382568,0.5,1.191574217580204,2.383148435160408,1.0,-4.031955025188039,-4.031955025188039
226,10.63868498802185,0.5,1.2026644220049252,2.4053288440098504,1.0,-3.9920996238066047,-3.9920996238066047
227,10.672250747680664,0.5,1.2059450464609247,2.4118900929218494,1.0,-3.9516889996037543,-3.9516889996037543
228,10.705326080322266,0.5,1.2150206112934148,2.4300412225868295,1.0,-3.9200403130389323,-3.9200403130389323
229,10.738770008087158,0.5,1.2173660917368003,2.4347321834736007,1.0,-3.8844147786000893,-3.8844147786000893
230,10.772037029266357,0.5,1.2188034432497772,2.4376068864995544,1.0,-3.852415093669779,-3.852415093669779
231,10.805558443069458,0.5,1.219220771585373,2.438441543170746,1.0,-3.8198728551809533,-3.8198728551809533
232,10.838688611984253,0.5,1.222433511722628,2.444867023445256,1.0,-3.784277492307151,-3.784277492307151
233,10.872113466262817,0.5,1.2189530198987326,2.4379060397974652,1.0,-3.7464113624843987,-3.7464113624843987
234,10.905377864837646,0.5,1.2165645978712833,2.4331291957425667,1.0,-3.6895329160735093,-3.6895329160735093
235,10.938819646835327,0.5,1.2120952613663787,2.4241905227327574,1.0,-3.6510657633624564,-3.6510657633624564
236,10.972117185592651,0.5,1.2061209810260425,2.412241962052085,1.0,-3.5991951090283276,-3.5991951090283276
237,11.00538182258606,0.5,1.199890488196573,2.399780976393146,1.0,-3.5290434506260047,-3.5290434506260047
238,11.038785457611084,0.5,1.1891945588338153,2.3783891176676306,1.0,-3.4687579952378558,-3.4687579952378558
239,11.072257280349731,0.5,1.1796701959596223,2.3593403919192446,1.0,-3.417303014424365,-3.417303014424365
240,11.105377674102783,0.5,1.1724574915607322,2.3449149831214644,1.0,-3.36158566848679,-3.36158566848679
241,11.138836860656738,0.5,1.1658185237355287,2.3316370474710575,1.0,-3.315027401527081,-3.315027401527081
242,11.172179222106934,0.5,1.1583893422322018,2.3167786844644036,1.0,-3.256653650240621,-3.256653650240621
243,11.205450773239136,0.5,1.1542661384832051,2.3085322769664103,1.0,-3.1874668756316953,-3.1874668756316953
244,11.238866329193115,0.5,1.1519933396823419,2.3039866793646837,1.0,-3.1527591791083376,-3.1527591791083376
245,11.272273778915405,0.5,1.1464492649725546,2.2928985299451092,1.0,-3.088951491214073,-3.088951491214073
246,11.305351495742798,0.5,1.1456143317888203,2.2912286635776407,1.0,-3.0057155517873593,-3.0057155517873593
247,11.338890552520752,0.5,1.139803090694717,2.279606181389434,1.0,-2.9821419785110423,-2.9821419785110423
248,11.372322082519531,0.5,1.1392332151218465,2.278466430243693,1.0,-2.9520408342540483,-2.9520408342540483
249,11.405482292175293,0.5,1.133324236696183,2.266648473392366,1.0,-2.8994616933205184,-2.8994616933205184
250,11.438901662826538,0.5,1.1311910727904333,2.2623821455808666,1.0,-2.825162941810673,-2.825162941810673
251,11.472325086593628,0.5,1.1333316191817224,2.266663238363445,1.0,-2.740584529367033,-2.740584529367033
252,11.505441427230835,0.5,1.1385893173253532,2.2771786346507064,1.0,-2.6554951964340843,-2.6554951964340843
253,11.539138793945312,0.5,1.1365663680615445,2.273132736123089,1.0,-2.593190577360183,-2.593190577360183
254,11.572322368621826,0.5,1.136796428124793,2.273592856249586,1.0,-2.5340073966203933,-2.5340073966203933
255,11.605440378189087,0.5,1.1330306746995351,2.2660613493990702,1.0,-2.4840289452208872,-2.4840289452208872
256,11.63899302482605,0.5,1.1270516127825978,2.2541032255651956,1.0,-2.4218460594950844,-2.4218460594950844
257,11.672229051589966,0.5,1.118640800175752,2.237281600351504,1.0,-2.3683716206762675,-2.3683716206762675
258,11.705501317977905,0.5,1.1103778120590646,2.220755624118129,1.0,-2.327955725673737,-2.327955725673737
259,11.738880395889282,0.5,1.1018709117765582,2.2037418235531163,1.0,-2.295407762296689,-2.295407762296689
260,11.772284269332886,0.5,1.092994104881159,2.185988209762318,1.0,-2.2571511820013868,-2.2571511820013868
261,11.805641651153564,0.5,1.0838181693318245,2.167636338663649,1.0,-2.20803059025083,-2.20803059025083
262,11.838934659957886,0.5,1.0749895067832604,2.149979013566521,1.0,-2.161105541214924,-2.161105541214924
263,11.872366666793823,0.5,1.0649664278761015,2.129932855752203,1.0,-2.127904596614406,-2.127904596614406
264,11.905718088150024,0.5,1.05556909673631,2.11113819347262,1.0,-2.096585871897374,-2.096585871897374
265,11.938923358917236,0.5,1.0473138061572205,2.094627612314441,1.0,-2.0503259914707583,-2.0503259914707583
266,11.972434043884277,0.5,1.038481204576831,2.076962409153662,1.0,-2.01884376746226,-2.01884376746226
267,12.005841970443726,0.5,1.0294970990404286,2.0589941980808573,1.0,-1.9616525323577212,-1.9616525323577212
268,12.038964748382568,0.5,1.0193104532539425,2.038620906507885,1.0,-1.9280625106348612,-1.9280625106348612
269,12.072296857833862,0.5,1.012509765953772,2.025019531907544,1.0,-1.8580874731000019,-1.8580874731000019
270,12.105852127075195,0.5,1.0065572702063732,2.0131145404127464,1.0,-1.8101722323352663,-1.8101722323352663
271,12.139082670211792,0.5,1.001834567748034,2.003669135496068,1.0,-1.7030058171597966,-1.7030058171597966
272,12.172553062438965,0.5,0.9926821461041102,1.9853642922082204,1.0,-1.6605652640393236,-1.6605652640393236
273,12.20574140548706,0.5,0.9896623968382665,1.979324793676533,1.0,-1.5682784736655144,-1.5682784736655144
274,12.238991022109985,0.5,0.9775868519983746,1.9551737039967492,1.0,-1.5347026898101088,-1.5347026898101088
275,12.272486209869385,0.5,0.9694085003778209,1.9388170007556418,1.0,-1.4642934654736235,-1.4642934654736235
276,12.305382490158081,0.5,0.9698798360892203,1.9397596721784407,1.0,-1.445406244926866,-1.445406244926866
277,12.339067935943604,0.5,0.9719153224943989,1.9438306449887979,1.0,-1.3626727226098811,-1.3626727226098811
278,12.372285604476929,0.5,0.9665692616170152,1.9331385232340303,1.0,-1.3082582415466866,-1.3082582415466866
279,12.405648231506348,0.5,0.9675371123538528,1.9350742247077055,1.0,-1.245887062192134,-1.245887062192134
280,12.439209222793579,0.5,0.970708588397816,1.941417176795632,1.0,-1.200702597757841,-1.200702597757841
281,12.47244644165039,0.5,0.9785732360369496,1.9571464720738991,1.0,-1.1565291995657296,-1.1565291995657296
282,12.505876064300537,0.5,0.9728741341284499,1.9457482682568998,1.0,-1.102899679198896,-1.102899679198896
283,12.53920578956604,0.5,0.9775542565391827,1.9551085130783654,1.0,-1.0722545702142599,-1.0722545702142599
284,12.57257628440857,0.5,0.9853932647420094,1.9707865294840188,1.0,-1.048111583350898,-1.048111583350898
285,12.605960845947266,0.5,0.9768500993007334,1.9537001986014668,1.0,-0.9923493663284434,-0.9923493663284434
286,12.639050006866455,0.5,0.9841042845880005,1.968208569176001,1.0,-0.9804465231918681,-0.9804465231918681
287,12.672573804855347,0.5,1.004704707295387,2.009409414590774,1.0,-0.9484481543256024,-0.9484481543256024
288,12.705940961837769,0.5,1.0084975581746558,2.0169951163493116,1.0,-0.9181713053153632,-0.9181713053153632
289,12.739177465438843,0.5,1.0036542877474774,2.007308575494955,1.0,-0.8785326683350544,-0.8785326683350544
290,12.772482633590698,0.5,1.006123879158216,2.012247758316432,1.0,-0.8658716388454607,-0.8658716388454607
291,12.805990934371948,0.5,1.0073369365271039,2.0146738730542078,1.0,-0.8102040066252657,-0.8102040066252657
292,12.839330434799194,0.5,1.007997759438066,2.015995518876132,1.0,-0.7751454171668211,-0.7751454171668211
293,12.872549057006836,0.5,1.0044426888871865,2.008885377774373,1.0,-0.7535048075511723,-0.7535048075511723
294,12.905824422836304,0.5,0.9916100839239149,1.9832201678478298,1.0,-0.7269509189803119,-0.7269509189803119
295,12.939059972763062,0.5,1.0064231477824053,2.0128462955648105,1.0,-0.6957749801804168,-0.6957749801804168
296,12.97240662574768,0.5,0.9975354671294465,1.995070934258893,1.0,-0.6656060468918295,-0.6656060468918295
297,13.005779027938843,0.5,1.003733290554332,2.007466581108664,1.0,-0.6140704117541795,-0.6140704117541795
298,13.039417266845703,0.5,0.9982677298281878,1.9965354596563756,1.0,-0.5896150199978546,-0.5896150199978546
299,13.072690725326538,0.5,1.0099086971120999,2.0198173942241997,1.0,-0.5575852661738341,-0.5575852661738341
300,13.105971574783325,0.5,1.0118622402627566,2.0237244805255132,1.0,-0.5225942192104012,-0.5225942192104012
301,13.139364004135132,0.5,1.0102964242710826,2.020592848542165,1.0,-0.5012158509887544,-0.5012158509887544
302,13.17260193824768,0.5,1.0144114468501684,2.0288228937003367,1.0,-0.44055687038998814,-0.44055687038998814
303,13.205893993377686,0.5,1.0281491386146222,2.0562982772292444,1.0,-0.406917453704764,-0.406917453704764
304,13.239356517791748,0.5,1.0373575512374336,2.074715102474867,1.0,-0.35878508999370295,-0.35878508999370295
305,13.272509813308716,0.5,1.0334902420240464,2.0669804840480928,1.0,-0.3349742822275605,-0.3349742822275605
306,13.305986166000366,0.5,1.0360251953004074,2.0720503906008148,1.0,-0.3182134263135171,-0.3182134263135171
307,13.339332342147827,0.5,1.0331595612961755,2.066319122592351,1.0,-0.26750813404518264,-0.26750813404518264
308,13.375766038894653,0.5,1.0358417331051528,2.0716834662103056,1.0,-0.2371196948157312,-0.2371196948157312
309,13.409265518188477,0.5,1.0345994555777331,2.0691989111554663,1.0,-0.21133366398175557,-0.21133366398175557
310,13.442618370056152,0.5,1.0421588514165105,2.084317702833021,1.0,-0.1639364077885609,-0.1639364077885609
311,13.475958347320557,0.5,1.0487202917763492,2.0974405835526984,1.0,-0.12572240031179177,-0.12572240031179177
312,13.511157035827637,0.5,1.0510513817720786,2.102102763544157,1.0,-0.10911353751451543,-0.10911353751451543
313,13.543292999267578,0.5,1.061284597889387,2.122569195778774,1.0,-0.0882406857692663,-0.0882406857692663
314,13.571845531463623,0.5,1.069596215111474,2.139192430222948,1.0,-0.04351928132179001,-0.04351928132179001
315,13.605141878128052,0.5,1.059062550560256,2.118125101120512,1.0,-0.013993348533819335,-0.013993348533819335
316,13.638579845428467,0.5,1.0692197376103725,2.138439475220745,1.0,0.0330465503129113,0.0330465503129113
317,13.671839475631714,0.5,1.065737008150881,2.131474016301762,1.0,0.048582040979601934,0.048582040979601934
318,13.705096006393433,0.5,1.073951721052149,2.147903442104298,1.0,0.10379090335538657,0.10379090335538657
319,13.73854398727417,0.5,1.0718624360316846,2.1437248720633693,1.0,0.12472339343369057,0.12472339343369057
320,13.771827459335327,0.5,1.0819306495930616,2.1638612991861232,1.0,0.17762152615610016,0.17762152615610016
321,13.805137634277344,0.5,1.0946369839988035,2.189273967997607,1.0,0.2047041322206379,0.2047041322206379
322,13.838619470596313,0.5,1.1111132067292993,2.2222264134585985,1.0,0.2512885813961327,0.2512885813961327
323,13.871866941452026,0.5,1.1205271614432435,2.241054322886487,1.0,0.28739398338914957,0.28739398338914957
324,13.905195713043213,0.5,1.1178510948108928,2.2357021896217857,1.0,0.31711263540578133,0.31711263540578133
325,13.938705444335938,0.5,1.13465950873183,2.26931901746366,1.0,0.35391148872545514,0.35391148872545514
326,13.972060441970825,0.5,1.1365598265490018,2.2731196530980036,1.0,0.38276515183168797,0.38276515183168797
327,14.005181312561035,0.5,1.145261199379937,2.290522398759874,1.0,0.4078182813502401,0.4078182813502401
328,14.038618803024292,0.5,1.1385585654887729,2.2771171309775458,1.0,0.4354252969932557,0.4354252969932557
329,14.071793556213379,0.5,1.1392910887300793,2.2785821774601587,1.0,0.466335126789313,0.466335126789313
330,14.10519552230835,0.5,1.1321297075693115,2.264259415138623,1.0,0.4899680356349704,0.4899680356349704
331,14.138861894607544,0.5,1.1490898202705342,2.2981796405410684,1.0,0.5298126508177515,0.5298126508177515
332,14.171926259994507,0.5,1.1544620028782504,2.308924005756501,1.0,0.5684729417670674,0.5684729417670674
333,14.20513105392456,0.5,1.1648209432960677,2.3296418865921353,1.0,0.5722809493135309,0.5722809493135309
334,14.238492012023926,0.5,1.1899030370942503,2.3798060741885005,1.0,0.6060987285631818,0.6060987285631818
335,14.271725416183472,0.5,1.192194794098917,2.384389588197834,1.0,0.6405337593735188,0.6405337593735188
336,14.30506181716919,0.5,1.200627754885785,2.40125550977157,1.0,0.6405414934218754,0.6405414934218754
337,14.338516473770142,0.5,1.2125698698958147,2.4251397397916294,1.0,0.6745509860408179,0.6745509860408179
338,14.372033834457397,0.5,1.2187348978626742,2.4374697957253484,1.0,0.6949539473381239,0.6949539473381239
339,14.405359268188477,0.5,1.2107649504038407,2.4215299008076814,1.0,0.7208432547449523,0.7208432547449523
340,14.43858814239502,0.5,1.2056379781087907,2.4112759562175814,1.0,0.7446305903675089,0.7446305903675089
341,14.471948146820068,0.5,1.2248626816326498,2.4497253632652995,1.0,0.7586678123036218,0.7586678123036218
342,14.505311250686646,0.5,1.2277526521076116,2.4555053042152233,1.0,0.7707027413687582,0.7707027413687582
343,14.538484573364258,0.5,1.2394787028578669,2.4789574057157338,1.0,0.7987500647448249,0.7987500647448249
344,14.571923732757568,0.5,1.243421378485337,2.486842756970674,1.0,0.8247185056271439,0.8247185056271439
345,14.605074882507324,0.5,1.2407339343280923,2.4814678686561846,1.0,0.8478813324314255,0.8478813324314255
346,14.638543605804443,0.5,1.2473820741810415,2.494764148362083,1.0,0.8766725877132707,0.8766725877132707
347,14.671909093856812,0.5,1.2545723687775836,2.509144737555167,1.0,0.9049202142944173,0.9049202142944173
348,14.705175399780273,0.5,1.2609619378168708,2.5219238756337417,1.0,0.926791890201479,0.926791890201479
349,14.738579750061035,0.5,1.27278891365517,2.54557782731034,1.0,0.9321028831544929,0.9321028831544929
350,14.771980285644531,0.5,1.2619258379394511,2.5238516758789022,1.0,0.9554051039960769,0.9554051039960769
351,14.805094242095947,0.5,1.256903896709437,2.513807793418874,1.0,0.9733007776706528,0.9733007776706528
352,14.838707447052002,0.5,1.2655233948647597,2.5310467897295195,1.0,0.9885550650153666,0.9885550650153666
353,14.871901750564575,0.5,1.2784404700341925,2.556880940068385,1.0,1.0161953053760588,1.0161953053760588
354,14.90494966506958,0.5,1.2880208119989993,2.5760416239979986,1.0,1.0198088924460595,1.0198088924460595
355,14.938632249832153,0.5,1.2918366871103657,2.5836733742207314,1.0,1.0389288469875322,1.0389288469875322
356,14.97181248664856,0.5,1.3042678509496857,2.6085357018993713,1.0,1.051706967632963,1.051706967632963
357,15.00504183769226,0.5,1.3040615211951463,2.6081230423902926,1.0,1.063760518593473,1.063760518593473
358,15.038513898849487,0.5,1.3192966496650689,2.6385932993301378,1.0,1.0777225000028845,1.0777225000028845
359,15.071796655654907,0.5,1.3117207904156183,2.6234415808312366,1.0,1.080068564590274,1.080068564590274
360,15.105019807815552,0.5,1.3138493392378825,2.627698678475765,1.0,1.0733943710798866,1.0733943710798866
361,15.138806581497192,0.5,1.31464593950827,2.62929187901654,1.0,1.0764736060355733,1.0764736060355733
362,15.17188310623169,0.5,1.3146381100387006,2.629276220077401,1.0,1.0781188319387995,1.0781188319387995
363,15.205130100250244,0.5,1.3077903242707551,2.6155806485415103,1.0,1.0710985862125946,1.0710985862125946
364,15.238757610321045,0.5,1.2962546074775592,2.5925092149551183,1.0,1.064484552945252,1.064484552945252
365,15.271857976913452,0.5,1.2939422221433134,2.587884444286627,1.0,1.0671962332458829,1.0671962332458829
366,15.30514931678772,0.5,1.285511498899435,2.57102299779887,1.0,1.0594102544505417,1.0594102544505417
367,15.338522672653198,0.5,1.2726754593570473,2.5453509187140946,1.0,1.052238235067292,1.052238235067292
368,15.372251749038696,0.5,1.2612816037990715,2.522563207598143,1.0,1.0443887580579885,1.0443887580579885
369,15.405314445495605,0.5,1.2527578684716911,2.5055157369433823,1.0,1.0349364252445137,1.0349364252445137
370,15.438791036605835,0.5,1.2370665892975794,2.474133178595159,1.0,1.0229824421445655,1.0229824421445655
371,15.472126007080078,0.5,1.2222825678166387,2.4445651356332774,1.0,0.9904954633416588,0.9904954633416588
372,15.505285263061523,0.5,1.2093553340141638,2.4187106680283277,1.0,0.9648108320446487,0.9648108320446487
373,15.53869915008545,0.5,1.1971404446983507,2.3942808893967014,1.0,0.953199548105786,0.953199548105786
374,15.57206416130066,0.5,1.1827129902921667,2.3654259805843334,1.0,0.9327227852150412,0.9327227852150412
375,15.605363368988037,0.5,1.1679743624565144,2.335948724913029,1.0,0.9098724679786534,0.9098724679786534
376,15.638713836669922,0.5,1.1548376332618855,2.309675266523771,1.0,0.8839037401872645,0.8839037401872645
377,15.672114849090576,0.5,1.1412501131189579,2.2825002262379157,1.0,0.8555684456582712,0.8555684456582712
378,15.70525574684143,0.5,1.129362014267404,2.258724028534808,1.0,0.8313914487313052,0.8313914487313052
379,15.73890495300293,0.5,1.1152900806695878,2.2305801613391756,1.0,0.7959757012864282,0.7959757012864282
380,15.772280216217041,0.5,1.103056958129133,2.206113916258266,1.0,0.7492620247439874,0.7492620247439874
381,15.805418729782104,0.5,1.1010153769888047,2.2020307539776094,1.0,0.7149012535204023,0.7149012535204023
382,15.838957786560059,0.5,1.0962949687396821,2.1925899374793643,1.0,0.6784974785679605,0.6784974785679605
383,15.87230134010315,0.5,1.0924313308972577,2.1848626617945155,1.0,0.6520334559413747,0.6520334559413747
384,15.905348062515259,0.5,1.0881020893922513,2.1762041787845026,1.0,0.6340690676378375,0.6340690676378375
385,15.938958644866943,0.5,1.0816694396971596,2.163338879394319,1.0,0.5926375983952595,0.5926375983952595
386,15.972195863723755,0.5,1.0750321239052085,2.150064247810417,1.0,0.5571470744969386,0.5571470744969386
387,16.00538682937622,0.5,1.072176687270901,2.144353374541802,1.0,0.5320450053505293,0.5320450053505293
388,16.038941860198975,0.5,1.0663087840587158,2.1326175681174315,1.0,0.5045953937996661,0.5045953937996661
389,16.072269678115845,0.5,1.0593722495417426,2.118744499083485,1.0,0.47643984363605996,0.47643984363605996
390,16.105420351028442,0.5,1.0552688146613556,2.110537629322711,1.0,0.44120680707666143,0.44120680707666143
391,16.138851404190063,0.5,1.0556114902156954,2.111222980431391,1.0,0.4134139187515517,0.4134139187515517
392,16.159526824951172,0.5,1.0513609075275474,2.102721815055095,1.0,0.38588479309888923,0.38588479309888923
393,16.188756465911865,0.5,1.0430815359824928,2.0861630719649855,1.0,0.36396836890203244,0.36396836890203244
394,16.22216510772705,0.5,1.041919665938948,2.083839331877896,1.0,0.34166141215625256,0.34166141215625256
395,16.255523443222046,0.5,1.0413871397352756,2.0827742794705513,1.0,0.31867360076074047,0.31867360076074047
396,16.288944721221924,0.5,1.0421773013347848,2.0843546026695696,1.0,0.2994689635642633,0.2994689635642633
397,16.322174310684204,0.5,1.0416970496526876,2.0833940993053752,1.0,0.2835589448801156,0.2835589448801156
398,16.355429649353027,0.5,1.0438123703300253,2.0876247406600505,1.0,0.2653934706860194,0.2653934706860194
399,16.388890743255615,0.5,1.0430489708671757,2.0860979417343515,1.0,0.2550668345730542,0.2550668345730542
400,16.42221450805664,0.5,1.045640901213438,2.091281802426876,1.0,0.2492882146382677,0.2492882146382677
401,16.455368995666504,0.5,1.0418405381678155,2.083681076335631,1.0,0.234012249546448,0.234012249546448
402,16.48887324333191,0.5,1.0411641046538245,2.082328209307649,1.0,0.21465606236579976,0.21465606236579976
403,16.52223229408264,0.5,1.0455750805074469,2.0911501610148937,1.0,0.2103330587871117,0.2103330587871117
404,16.55552387237549,0.5,1.0468565935744263,2.0937131871488526,1.0,0.20558160536816117,0.20558160536816117
405,16.588780403137207,0.5,1.0426408680326702,2.0852817360653404,1.0,0.19832414594467357,0.19832414594467357
406,16.62239360809326,0.5,1.0386896215026695,2.077379243005339,1.0,0.19349090421738635,0.19349090421738635
407,16.655516386032104,0.5,1.0374961982754953,2.0749923965509907,1.0,0.18605676269757923,0.18605676269757923
408,16.68877625465393,0.5,1.039632169842664,2.079264339685328,1.0,0.1849811406863223,0.1849811406863223
409,16.72441816329956,0.5,1.0383503935612157,2.0767007871224314,1.0,0.17601115886073973,0.17601115886073973
410,16.755390405654907,0.5,1.0347912952210805,2.069582590442161,1.0,0.1712109333886011,0.1712109333886011
411,16.788923501968384,0.5,1.0385550058784507,2.0771100117569015,1.0,0.1660382437013624,0.1660382437013624
412,16.82237195968628,0.5,1.0392366201465315,2.078473240293063,1.0,0.1668373163164013,0.1668373163164013
413,16.855546474456787,0.5,1.0410916039968998,2.0821832079937996,1.0,0.1620836094494257,0.1620836094494257
414,16.888930320739746,0.5,1.0381240394247149,2.0762480788494297,1.0,0.15327468896863308,0.15327468896863308
415,16.922460556030273,0.5,1.0342572347386498,2.0685144694772997,1.0,0.1419983581418135,0.1419983581418135
416,16.95561456680298,0.5,1.0330037583347245,2.066007516669449,1.0,0.14797901092234456,0.14797901092234456
417,16.98878288269043,0.5,1.036864972232665,2.07372994446533,1.0,0.1478256610437487,0.1478256610437487
418,17.022237300872803,0.5,1.0330841600961553,2.0661683201923107,1.0,0.14231218517788624,0.14231218517788624
419,17.055551767349243,0.5,1.0287052680208353,2.0574105360416706,1.0,0.1369586722809117,0.1369586722809117
420,17.08882999420166,0.5,1.0281904741676997,2.0563809483353994,1.0,0.13442691908000196,0.13442691908000196
421,17.122511625289917,0.5,1.0291710145665098,2.0583420291330197,1.0,0.13431794286138424,0.13431794286138424
422,17.155368089675903,0.5,1.026944199822864,2.053888399645728,1.0,0.1293233465219618,0.1293233465219618
423,17.188863277435303,0.5,1.0256746052016967,2.0513492104033935,1.0,0.12416554561475704,0.12416554561475704
424,17.222434997558594,0.5,1.028494605216641,2.056989210433282,1.0,0.113787477294302,0.113787477294302
425,17.255550622940063,0.5,1.027657021528216,2.055314043056432,1.0,0.11317459119970359,0.11317459119970359
426,17.28897786140442,0.5,1.0321743284356595,2.064348656871319,1.0,0.11768013341532482,0.11768013341532482
427,17.322434902191162,0.5,1.0302775452842878,2.0605550905685757,1.0,0.11584617188296098,0.11584617188296098
428,17.35573434829712,0.5,1.0267025987797456,2.053405197559491,1.0,0.11511156720805245,0.11511156720805245
429,17.38888120651245,0.5,1.0274337720480695,2.054867544096139,1.0,0.11322119511314946,0.11322119511314946
430,17.422322273254395,0.5,1.0300987688057046,2.0601975376114092,1.0,0.11418963202396305,0.11418963202396305
431,17.455718994140625,0.5,1.0297016636925171,2.0594033273850343,1.0,0.11442115997614966,0.11442115997614966
432,17.48874306678772,0.5,1.0249768634554093,2.0499537269108186,1.0,0.10531918046089327,0.10531918046089327
433,17.522380113601685,0.5,1.0200696916352063,2.0401393832704127,1.0,0.09950780503236661,0.09950780503236661
434,17.55581498146057,0.5,1.0145889595196103,2.0291779190392205,1.0,0.08921825448257055,0.08921825448257055
435,17.588967084884644,0.5,1.010214098407162,2.020428196814324,1.0,0.0852691827247327,0.0852691827247327
436,17.62240505218506,0.5,1.0100923553435974,2.020184710687195,1.0,0.07920666784491237,0.07920666784491237
437,17.6556613445282,0.5,1.0134652907842883,2.0269305815685765,1.0,0.09030598727903183,0.09030598727903183
438,17.688946962356567,0.5,1.0142546702319624,2.0285093404639247,1.0,0.09087957561290518,0.09087957561290518
439,17.72251033782959,0.5,1.0118180034736448,2.0236360069472896,1.0,0.0923319932382137,0.0923319932382137
440,17.75572156906128,0.5,1.0145655229166024,2.029131045833205,1.0,0.09467097283331465,0.09467097283331465
441,17.78894591331482,0.5,1.0139832437412424,2.0279664874824848,1.0,0.09070985218952232,0.09070985218952232
442,17.822429656982422,0.5,1.0125069361570915,2.025013872314183,1.0,0.08727868744295698,0.08727868744295698
443,17.855770111083984,0.5,1.0140967348531282,2.0281934697062565,1.0,0.08207355838813254,0.08207355838813254
444,17.888972997665405,0.5,1.0156415922947455,2.031283184589491,1.0,0.08203994231056247,0.08203994231056247
445,17.922318696975708,0.5,1.0221852105277252,2.0443704210554503,1.0,0.08788366825598473,0.08788366825598473
446,17.95579242706299,0.5,1.0211910316643547,2.0423820633287093,1.0,0.08553752156733319,0.08553752156733319
447,17.98891854286194,0.5,1.0169755619080043,2.0339511238160086,1.0,0.08111965522286263,0.08111965522286263
448,18.022493600845337,0.5,1.0162981893751784,2.0325963787503567,1.0,0.07714071688857073,0.07714071688857073
449,18.055671453475952,0.5,1.0172190453713534,2.034438090742707,1.0,0.07452274482750726,0.07452274482750726
450,18.08913278579712,0.5,1.0180414268925893,2.0360828537851785,1.0,0.07342654861479074,0.07342654861479074
451,18.12245774269104,0.5,1.0185901480971022,2.0371802961942045,1.0,0.07342558643684684,0.07342558643684684
452,18.15573215484619,0.5,1.0172391701091705,2.034478340218341,1.0,0.07201354790764203,0.07201354790764203
453,18.18882918357849,0.5,1.0203968381411401,2.0407936762822803,1.0,0.07220289698781411,0.07220289698781411
454,18.22243309020996,0.5,1.0215098027313252,2.0430196054626504,1.0,0.07525649188932006,0.07525649188932006
455,18.255738973617554,0.5,1.0210314794473914,2.0420629588947827,1.0,0.07612546250725964,0.07612546250725964
456,18.28910207748413,0.5,1.019660018005813,2.039320036011626,1.0,0.06831501230292317,0.06831501230292317
457,18.322437524795532,0.5,1.0154709689925516,2.0309419379851033,1.0,0.06335874341812023,0.06335874341812023
458,18.355692625045776,0.5,1.0146671707861021,2.0293343415722043,1.0,0.060341485694777444,0.060341485694777444
459,18.389028787612915,0.5,1.0191626701772722,2.0383253403545445,1.0,0.06647952386906665,0.06647952386906665
460,18.422306537628174,0.5,1.022707257883766,2.045414515767532,1.0,0.0681694121312372,0.0681694121312372
461,18.455823183059692,0.5,1.0220853153934375,2.044170630786875,1.0,0.06525051951333702,0.06525051951333702
462,18.489048719406128,0.5,1.0222120471103389,2.0444240942206777,1.0,0.062062260253470086,0.062062260253470086
463,18.522271394729614,0.5,1.019762269907313,2.039524539814626,1.0,0.06028103889524794,0.06028103889524794
464,18.555724382400513,0.5,1.019048226221343,2.038096452442686,1.0,0.05643969969801078,0.05643969969801078
465,18.589160203933716,0.5,1.020408690881816,2.040817381763632,1.0,0.058439202661601644,0.058439202661601644
466,18.62248659133911,0.5,1.0230075989301999,2.0460151978603998,1.0,0.05973242006049958,0.05973242006049958
467,18.655596017837524,0.5,1.0202830870409252,2.0405661740818504,1.0,0.057311939532481544,0.057311939532481544
468,18.688952207565308,0.5,1.0170910740943444,2.034182148188689,1.0,0.05636878596121335,0.05636878596121335
469,18.722540140151978,0.5,1.0177342449310538,2.0354684898621076,1.0,0.056294280329067206,0.056294280329067206
470,18.755881547927856,0.5,1.0191144832947951,2.0382289665895903,1.0,0.058636511944854156,0.058636511944854156
471,18.789160013198853,0.5,1.0172486435228425,2.034497287045685,1.0,0.05605255969905615,0.05605255969905615
472,18.82249355316162,0.5,1.0152613361391232,2.0305226722782463,1.0,0.052496127026757676,0.052496127026757676
473,18.85575795173645,0.5,1.0092566728541892,2.0185133457083784,1.0,0.04970025508174246,0.04970025508174246
474,18.888753175735474,0.5,1.008656021342272,2.017312042684544,1.0,0.04509287719811807,0.04509287719811807
475,18.922417402267456,0.5,1.0088064315719045,2.017612863143809,1.0,0.047013807656496855,0.047013807656496855
476,18.955745458602905,0.5,1.0146527411602086,2.0293054823204173,1.0,0.050499451094242954,0.050499451094242954
477,18.989437103271484,0.5,1.0189665312879372,2.0379330625758745,1.0,0.050398576205544436,0.050398576205544436
478,19.022444248199463,0.5,1.0183216603873195,2.036643320774639,1.0,0.05046578638252199,0.05046578638252199
479,19.055678367614746,0.5,1.0143722859246393,2.0287445718492787,1.0,0.047782773788585,0.047782773788585
480,19.08925986289978,0.5,1.0153146871898724,2.030629374379745,1.0,0.048075736169882394,0.048075736169882394
481,19.122389316558838,0.5,1.0131723646695094,2.026344729339019,1.0,0.051513642014283934,0.051513642014283934
482,19.15642547607422,0.5,1.0156251988663727,2.0312503977327454,1.0,0.053401451080411305,0.053401451080411305
483,19.20619010925293,0.5,1.0138325647314967,2.0276651294629935,1.0,0.0492751548748821,0.0492751548748821
484,19.23891592025757,0.5,1.0123304909728128,2.0246609819456256,1.0,0.047425033858010016,0.047425033858010016
485,19.27251124382019,0.5,1.0165823163672485,2.033164632734497,1.0,0.050857132521799096,0.050857132521799096
486,19.307074546813965,0.5,1.012436093871186,2.024872187742372,1.0,0.04638451617819363,0.04638451617819363
487,19.339271306991577,0.5,1.0139487108181824,2.0278974216363648,1.0,0.046061081681851114,0.046061081681851114
488,19.37248706817627,0.5,1.0108762920780507,2.0217525841561015,1.0,0.04268918727446846,0.04268918727446846
489,19.405815839767456,0.5,1.0063435129977703,2.0126870259955405,1.0,0.03845676031688462,0.03845676031688462
490,19.439172983169556,0.5,1.0017434091257795,2.003486818251559,1.0,0.030544112623360813,0.030544112623360813
491,19.472720861434937,0.5,1.0032219985853819,2.0064439971707637,1.0,0.028788147667607556,0.028788147667607556
492,19.50599503517151,0.5,1.0077807287929197,2.0155614575858394,1.0,0.04020703796737117,0.04020703796737117
493,19.539103746414185,0.5,1.0115553230288,2.0231106460576,1.0,0.04332838094223675,0.04332838094223675
494,19.572726488113403,0.5,1.0138806378872096,2.0277612757744192,1.0,0.04075774636709052,0.04075774636709052
495,19.606027603149414,0.5,1.0114455180710529,2.0228910361421057,1.0,0.040660141314870904,0.040660141314870904
496,19.639430284500122,0.5,1.0139845747363518,2.0279691494727037,1.0,0.03977978850889481,0.03977978850889481
497,19.673090934753418,0.5,1.0138816385289076,2.027763277057815,1.0,0.0419989412089254,0.0419989412089254
498,19.706615447998047,0.5,1.0172418790096796,2.034483758019359,1.0,0.04452170458238481,0.04452170458238481
499,19.740339517593384,0.5,1.0158827806724717,2.0317655613449435,1.0,0.041330443136514405,0.041330443136514405
500,19.77309560775757,0.5,1.0146049990348989,2.0292099980697977,1.0,0.04022301327700826,0.04022301327700826
501,19.806577682495117,0.5,1.007028822879243,2.014057645758486,1.0,0.03469510363972961,0.03469510363972961
502,19.839210748672485,0.5,1.0067470898983653,2.0134941797967305,1.0,0.0337000019071789,0.0337000019071789
503,19.872442960739136,0.5,1.0020392929858688,2.0040785859717376,1.0,0.03472956065868077,0.03472956065868077
504,19.9059796333313,0.5,1.0006135049656122,2.0012270099312244,1.0,0.027275135341056838,0.027275135341056838
505,19.93915033340454,0.5,0.9998173146275801,1.9996346292551601,1.0,0.0288162647425229,0.0288162647425229
506,19.972177982330322,0.5,0.9964103095309451,1.9928206190618902,1.0,0.029415082422571855,0.029415082422571855
507,20.005837440490723,0.5,1.0037884224725557,2.0075768449451115,1.0,0.029257766286637787,0.029257766286637787
508,20.039249181747437,0.5,1.0038330264333404,2.0076660528666808,1.0,0.03318651116560449,0.03318651116560449
509,20.07276153564453,0.5,1.0126171265689565,2.025234253137913,1.0,0.034474012103464485,0.034474012103464485
510,20.10582137107849,0.5,1.0205437770676618,2.0410875541353235,1.0,0.03190343258252544,0.03190343258252544
511,20.139296770095825,0.5,1.0213876363240488,2.0427752726480977,1.0,0.028973107898100914,0.028973107898100914
512,20.172455549240112,0.5,1.023159097737531,2.046318195475062,1.0,0.026158000022271314,0.026158000022271314
513,20.20634698867798,0.5,1.0253386656738326,2.050677331347665,1.0,0.029320752699716242,0.029320752699716242
514,20.23948073387146,0.5,1.0228840566317272,2.0457681132634544,1.0,0.032844154646894844,0.032844154646894844
515,20.27260160446167,0.5,1.0195776110873913,2.0391552221747826,1.0,0.03448577181936384,0.03448577181936384
516,20.305891752243042,0.5,1.014939250590786,2.029878501181572,1.0,0.03264479736707569,0.03264479736707569
517,20.33915877342224,0.5,1.0047918856456495,2.009583771291299,1.0,0.02867373321160962,0.02867373321160962
518,20.372658729553223,0.5,1.0017953582701005,2.003590716540201,1.0,0.023908972335981358,0.023908972335981358
519,20.40593194961548,0.5,0.9977097026463377,1.9954194052926755,1.0,0.019027521635948168,0.019027521635948168
520,20.43928551673889,0.5,1.00278412683469,2.00556825366938,1.0,0.02657035702604585,0.02657035702604585
521,20.472455501556396,0.5,1.0096848523532103,2.0193697047064205,1.0,0.03464427491254702,0.03464427491254702
522,20.505743265151978,0.5,1.0114424512572342,2.0228849025144684,1.0,0.03485190449462855,0.03485190449462855
523,20.539416074752808,0.5,1.0093119764189222,2.0186239528378445,1.0,0.03294200625119541,0.03294200625119541
524,20.572436571121216,0.5,1.0102645804802277,2.0205291609604554,1.0,0.03151909169809449,0.03151909169809449
525,20.60572099685669,0.5,1.009160592983374,2.018321185966748,1.0,0.03535345880688663,0.03535345880688663
526,20.639339447021484,0.5,1.0096879191986756,2.0193758383973512,1.0,0.03601048211235546,0.03601048211235546
527,20.67237901687622,0.5,1.008792893605564,2.017585787211128,1.0,0.03367406358531793,0.03367406358531793
528,20.706060886383057,0.5,1.0097450371209578,2.0194900742419155,1.0,0.0332251147494793,0.0332251147494793
529,20.739145040512085,0.5,1.0114393957145973,2.0228787914291946,1.0,0.030407878611113236,0.030407878611113236
530,20.772475004196167,0.5,1.007694123900458,2.015388247800916,1.0,0.02941629237962425,0.02941629237962425
531,20.805638551712036,0.5,1.0078903885309025,2.015780777061805,1.0,0.030745910729207012,0.030745910729207012
532,20.839106559753418,0.5,0.9986909269073652,1.9973818538147303,1.0,0.04768916567636841,0.04768916567636841
533,20.872592449188232,0.5,1.0029450666897815,2.005890133379563,1.0,0.06440685132841087,0.06440685132841087
534,20.905763387680054,0.5,1.00297568669965,2.0059513733993,1.0,0.06161636643049673,0.06161636643049673
535,20.9389750957489,0.5,1.0067696524766554,2.013539304953311,1.0,0.06035414854227258,0.06035414854227258
536,20.97240972518921,0.5,1.005893258319828,2.011786516639656,1.0,0.0591731636328846,0.0591731636328846
537,21.005786657333374,0.5,1.0062590249637111,2.0125180499274222,1.0,0.058922925127706596,0.058922925127706596
538,21.038738250732422,0.5,1.0030050933673305,2.006010186734661,1.0,0.06843406055313833,0.06843406055313833
539,21.072402954101562,0.5,1.002642734447212,2.005285468894424,1.0,0.07271307029540403,0.07271307029540403
540,21.105764150619507,0.5,0.9989832541966109,1.9979665083932219,1.0,0.08191475836815817,0.08191475836815817
541,21.1390540599823,0.5,0.9964805310391939,1.9929610620783877,1.0,0.08134304993116592,0.08134304993116592
542,21.172327280044556,0.5,0.9942934769100505,1.988586953820101,1.0,0.08867142912962277,0.08867142912962277
543,21.205668210983276,0.5,0.9927421999192503,1.9854843998385006,1.0,0.09366047011861012,0.09366047011861012
544,21.23889470100403,0.5,0.9863152281997448,1.9726304563994896,1.0,0.09000073137896057,0.09000073137896057
545,21.272324085235596,0.5,0.9852221457749307,1.9704442915498614,1.0,0.07990313777351858,0.07990313777351858
546,21.305771589279175,0.5,0.9813830258327596,1.9627660516655192,1.0,0.08054695850500082,0.08054695850500082
547,21.33906579017639,0.5,0.9788491059378711,1.9576982118757422,1.0,0.078194549461177,0.078194549461177
548,21.372124195098877,0.5,0.9705313300273657,1.9410626600547314,1.0,0.08920658864224258,0.08920658864224258
549,21.405831336975098,0.5,0.9730665466594213,1.9461330933188425,1.0,0.09077265489972174,0.09077265489972174
550,21.43919038772583,0.5,0.9715816330877878,1.9431632661755756,1.0,0.08846698486550374,0.08846698486550374
551,21.472275018692017,0.5,0.9677131816007706,1.9354263632015412,1.0,0.09313449537825919,0.09313449537825919
552,21.50560474395752,0.5,0.9636511362286782,1.9273022724573563,1.0,0.09875435646859505,0.09875435646859505
553,21.539321422576904,0.5,0.9618100043508093,1.9236200087016186,1.0,0.09527117053046616,0.09527117053046616
554,21.572425842285156,0.5,0.95655740524606,1.91311481049212,1.0,0.09538925990198477,0.09538925990198477
555,21.6057608127594,0.5,0.9522857039967689,1.9045714079935379,1.0,0.09446324394206156,0.09446324394206156
556,21.639012575149536,0.5,0.9537975894452001,1.9075951788904002,1.0,0.09269555026029389,0.09269555026029389
557,21.672851085662842,0.5,0.9451892818864083,1.8903785637728165,1.0,0.09266402149902056,0.09266402149902056
558,21.70565700531006,0.5,0.9420367652157957,1.8840735304315914,1.0,0.088266876111093,0.088266876111093
559,21.73892593383789,0.5,0.9378825042830692,1.8757650085661384,1.0,0.08431568529134666,0.08431568529134666
560,21.772610187530518,0.5,0.9382686780450908,1.8765373560901817,1.0,0.08631208888198905,0.08631208888198905
561,21.8059720993042,0.5,0.938781359506826,1.877562719013652,1.0,0.0896857716682203,0.0896857716682203
562,21.839231967926025,0.5,0.9352704434861003,1.8705408869722007,1.0,0.09057341073507581,0.09057341073507581
563,21.87235140800476,0.5,0.9355259547004074,1.871051909400815,1.0,0.08660892353543116,0.08660892353543116
564,21.905733823776245,0.5,0.9393157733000052,1.8786315466000103,1.0,0.09043580729441107,0.09043580729441107
565,21.93911600112915,0.5,0.9434853768086116,1.886970753617223,1.0,0.09119964489702782,0.09119964489702782
566,21.97259283065796,0.5,0.9427934679878499,1.8855869359756998,1.0,0.09096962634690982,0.09096962634690982
567,22.005632400512695,0.5,0.940409869184361,1.880819738368722,1.0,0.08842492445360468,0.08842492445360468
568,22.039106607437134,0.5,0.9413698405266103,1.8827396810532206,1.0,0.07830397791664222,0.07830397791664222
569,22.072245121002197,0.5,0.9404157692416975,1.880831538483395,1.0,0.07129387292374555,0.07129387292374555
570,22.1057231426239,0.5,0.9394939738629297,1.8789879477258593,1.0,0.07529058658157844,0.07529058658157844
571,22.13947057723999,0.5,0.9372973434032328,1.8745946868064656,1.0,0.07503356469613472,0.07503356469613472
572,22.172536611557007,0.5,0.9367985672812345,1.873597134562469,1.0,0.07656595498865161,0.07656595498865161
573,22.20567750930786,0.5,0.9318991385248928,1.8637982770497856,1.0,0.07497279516958343,0.07497279516958343
574,22.23966956138611,0.5,0.9311080188660816,1.8622160377321633,1.0,0.07332523197505507,0.07332523197505507
575,22.272552251815796,0.5,0.9299828165886103,1.8599656331772205,1.0,0.07660741140786302,0.07660741140786302
576,22.305793046951294,0.5,0.9315318187437746,1.863063637487549,1.0,0.07693380079542159,0.07693380079542159
577,22.339027881622314,0.5,0.929736931341502,1.859473862683004,1.0,0.07559077020423786,0.07559077020423786
578,22.372448921203613,0.5,0.9253912913979421,1.8507825827958841,1.0,0.07353875123269217,0.07353875123269217
579,22.40597105026245,0.5,0.9261522570415562,1.8523045140831125,1.0,0.06532328166663433,0.06532328166663433
580,22.43886399269104,0.5,0.9272667743054811,1.8545335486109622,1.0,0.06837859178035394,0.06837859178035394
581,22.472354412078857,0.5,0.9303131117375122,1.8606262234750244,1.0,0.06914762443108681,0.06914762443108681
582,22.50588631629944,0.5,0.9456590695915043,1.8913181391830085,1.0,0.057875474261218224,0.057875474261218224
583,22.540049076080322,0.5,0.9453471990776267,1.8906943981552533,1.0,0.049375835360810194,0.049375835360810194
584,22.58935785293579,0.5,0.9497114904214606,1.8994229808429213,1.0,0.04973863413318915,0.04973863413318915
585,22.622559070587158,0.5,0.9533588356812652,1.9067176713625305,1.0,0.05238379499503813,0.05238379499503813
586,22.65601396560669,0.5,0.9591137542105044,1.9182275084210088,1.0,0.0507555992904604,0.0507555992904604
587,22.689051151275635,0.5,0.9620478673876401,1.9240957347752803,1.0,0.04889815549073134,0.04889815549073134
588,22.722447633743286,0.5,0.9599194418339954,1.9198388836679907,1.0,0.0510111691295432,0.0510111691295432
589,22.750469207763672,0.5,0.9590287021875118,1.9180574043750236,1.0,0.04678791428593655,0.04678791428593655
590,22.78954529762268,0.5,0.9553947916448965,1.910789583289793,1.0,0.04285599597460666,0.04285599597460666
591,22.822535276412964,0.5,0.9593148615798777,1.9186297231597553,1.0,0.04742352890720103,0.04742352890720103
592,22.855676412582397,0.5,0.9597324764381966,1.9194649528763932,1.0,0.04887198616818099,0.04887198616818099
593,22.889298677444458,0.5,0.9605170706087214,1.9210341412174428,1.0,0.0482007887958513,0.0482007887958513
594,22.922387838363647,0.5,0.9550494375014585,1.910098875002917,1.0,0.04263016625239902,0.04263016625239902
595,22.955814361572266,0.5,0.9550633165253068,1.9101266330506137,1.0,0.0401291078233686,0.0401291078233686
596,22.989011764526367,0.5,0.9539169450378715,1.907833890075743,1.0,0.041567265746072724,0.041567265746072724
597,23.022452116012573,0.5,0.955314443995189,1.910628887990378,1.0,0.04360367020086387,0.04360367020086387
598,23.055774450302124,0.5,0.9545495110702771,1.9090990221405542,1.0,0.04093769705599963,0.04093769705599963
599,23.089369773864746,0.5,0.9513668067615051,1.9027336135230102,1.0,0.03799238226638476,0.03799238226638476
600,23.139262199401855,0.5,0.9540143564197396,1.9080287128394793,1.0,0.03589831569331095,0.03589831569331095
601,23.17222237586975,0.5,0.9588919033398235,1.917783806679647,1.0,0.040460911903886516,0.040460911903886516
602,23.20605158805847,0.5,0.961196365254598,1.922392730509196,1.0,0.03973249588687602,0.03973249588687602
603,23.23922348022461,0.5,0.9652109302727602,1.9304218605455203,1.0,0.03845517130542737,0.03845517130542737
604,23.27274990081787,0.5,0.965385592815783,1.930771185631566,1.0,0.038797560661770286,0.038797560661770286
605,23.306036472320557,0.5,0.9622186783588361,1.9244373567176722,1.0,0.03912050520928541,0.03912050520928541
606,23.339210987091064,0.5,0.9623720060038771,1.9247440120077541,1.0,0.038407723209658885,0.038407723209658885
607,23.372480630874634,0.5,1.0039393376088985,2.007878675217797,1.0,0.04467603834514509,0.04467603834514509
608,23.406089305877686,0.5,1.0186576620431116,2.037315324086223,1.0,0.04206589838824241,0.04206589838824241
609,23.438674449920654,0.5,1.03659571339324,2.07319142678648,1.0,0.02293910662132849,0.02293910662132849
610,23.47294521331787,0.5,1.0679698033892877,2.1359396067785754,1.0,0.002517763756533252,0.002517763756533252
611,23.505653142929077,0.5,1.0829379236982617,2.1658758473965234,1.0,-0.007746953771680086,-0.007746953771680086
612,23.53916907310486,0.5,1.0974813443341889,2.1949626886683777,1.0,-0.0084560400102217,-0.0084560400102217
613,23.572465419769287,0.5,1.0920958163677028,2.1841916327354056,1.0,-0.009680365854349667,-0.009680365854349667
614,23.605982542037964,0.5,1.0999520594526364,2.199904118905273,1.0,-0.004495481462036517,-0.004495481462036517
615,23.639201402664185,0.5,1.0960406193250898,2.1920812386501796,1.0,-0.019396961117423006,-0.019396961117423006
616,23.67239475250244,0.5,1.1089966349098452,2.2179932698196905,1.0,-0.012066096373788655,-0.012066096373788655
617,23.705825328826904,0.5,1.1064999270146267,2.2129998540292535,1.0,-0.01787868137632488,-0.01787868137632488
618,23.739228010177612,0.5,1.1082258143221,2.2164516286442,1.0,-0.015527436701424804,-0.015527436701424804
619,23.77245807647705,0.5,1.109574233899466,2.219148467798932,1.0,-0.0130298015132066,-0.0130298015132066
620,23.80563998222351,0.5,1.110881814964511,2.221763629929022,1.0,-0.016158364716656083,-0.016158364716656083
621,23.839529752731323,0.5,1.113178207330348,2.226356414660696,1.0,-0.013581128228806316,-0.013581128228806316
622,23.872354984283447,0.5,1.1148008288573104,2.2296016577146207,1.0,-0.012514154284421906,-0.012514154284421906
623,23.905876636505127,0.5,1.11314276056574,2.22628552113148,1.0,-0.014370692917545448,-0.014370692917545448
624,23.93920612335205,0.5,1.1106566053573375,2.221313210714675,1.0,-0.013626590039828615,-0.013626590039828615
625,23.97263503074646,0.5,1.1034151292293444,2.2068302584586887,1.0,-0.010665417293469016,-0.010665417293469016
626,24.006069898605347,0.5,1.098385463176713,2.196770926353426,1.0,-0.006803628965172391,-0.006803628965172391
627,24.039379119873047,0.5,1.1030558025235933,2.2061116050471865,1.0,-0.008000208405068404,-0.008000208405068404
628,24.072552919387817,0.5,1.1075014118747601,2.2150028237495203,1.0,-0.011767388806347083,-0.011767388806347083
629,24.105823040008545,0.5,1.1491355226272055,2.298271045254411,1.0,0.00013988100465059383,0.00013988100465059383
630,24.139277696609497,0.5,1.1560991395841904,2.312198279168381,1.0,-0.01231268721608102,-0.01231268721608102
631,24.172682523727417,0.5,1.168424058167029,2.336848116334058,1.0,-0.02422004025850011,-0.02422004025850011
632,24.20604109764099,0.5,1.1716269971258806,2.343253994251761,1.0,-0.053671432301284155,-0.053671432301284155
633,24.239060163497925,0.5,1.1727832384953214,2.345566476990643,1.0,-0.055501877879736844,-0.055501877879736844
634,24.272588968276978,0.5,1.1778488288332993,2.3556976576665987,1.0,-0.05901858847896037,-0.05901858847896037
635,24.306068658828735,0.5,1.1823356340631155,2.364671268126231,1.0,-0.05641064099087072,-0.05641064099087072
636,24.339489221572876,0.5,1.1804758352407045,2.360951670481409,1.0,-0.05718561098600769,-0.05718561098600769
637,24.372630834579468,0.5,1.1799061111226876,2.3598122222453752,1.0,-0.04781286611720438,-0.04781286611720438
638,24.40611457824707,0.5,1.1800099650569331,2.3600199301138662,1.0,-0.04718412924128083,-0.04718412924128083
639,24.439379692077637,0.5,1.1819535257432663,2.3639070514865326,1.0,-0.04953810869941947,-0.04953810869941947
640,24.47262406349182,0.5,1.1815091133009563,2.3630182266019126,1.0,-0.05115221657964188,-0.05115221657964188
641,24.505857706069946,0.5,1.1878498199913738,2.3756996399827477,1.0,-0.04777598671070793,-0.04777598671070793
642,24.539758682250977,0.5,1.1890422282871946,2.3780844565743893,1.0,-0.048270304990894956,-0.048270304990894956
643,24.572493076324463,0.5,1.1952362009832802,2.3904724019665604,1.0,-0.0476748722871227,-0.0476748722871227
644,24.60574698448181,0.5,1.1963414031888915,2.392682806377783,1.0,-0.05191640518866132,-0.05191640518866132
645,24.639262914657593,0.5,1.1939290364640622,2.3878580729281245,1.0,-0.05216330573891835,-0.05216330573891835
646,24.672617435455322,0.5,1.1964745868749485,2.392949173749897,1.0,-0.04810009513031207,-0.04810009513031207
647,24.7059268951416,0.5,1.1984800023920115,2.396960004784023,1.0,-0.04288350340542533,-0.04288350340542533
648,24.739292860031128,0.5,1.2007266957030263,2.4014533914060525,1.0,-0.04694786669388315,-0.04694786669388315
649,24.772591590881348,0.5,1.198362614598541,2.396725229197082,1.0,-0.0484712179028437,-0.0484712179028437
650,24.80598020553589,0.5,1.1617009850007893,2.3234019700015787,1.0,-0.030159341716775586,-0.030159341716775586
651,24.839397430419922,0.5,1.1492766452729744,2.2985532905459487,1.0,-0.04165619703193875,-0.04165619703193875
652,24.87262725830078,0.5,1.1453376547129266,2.290675309425853,1.0,-0.042645655317518516,-0.042645655317518516
653,24.90598964691162,0.5,1.1416848295341187,2.2833696590682373,1.0,-0.049028439900728873,-0.049028439900728873
654,24.93959903717041,0.5,1.1367845613218928,2.2735691226437855,1.0,-0.05236218975648129,-0.05236218975648129
655,24.97270917892456,0.5,1.1326335310156639,2.2652670620313278,1.0,-0.05645893175490438,-0.05645893175490438
656,25.005943298339844,0.5,1.133582923706245,2.26716584741249,1.0,-0.05592503195831746,-0.05592503195831746
657,25.03936529159546,0.5,1.1336713767366748,2.2673427534733497,1.0,-0.049320953913399204,-0.049320953913399204
658,25.07266855239868,0.5,1.1273813577695895,2.254762715539179,1.0,-0.04603797157940638,-0.04603797157940638
659,25.123174905776978,0.5,1.1261021832151679,2.2522043664303357,1.0,-0.052768006904591803,-0.052768006904591803
660,25.15565252304077,0.5,1.1216287470162547,2.2432574940325094,1.0,-0.05943884699828048,-0.05943884699828048
661,25.18937587738037,0.5,1.1126794003351785,2.225358800670357,1.0,-0.06261810930758724,-0.06261810930758724
662,25.222519874572754,0.5,1.1090302749931935,2.218060549986387,1.0,-0.057475425377183316,-0.057475425377183316
663,25.255995750427246,0.5,1.104814493884012,2.209628987768024,1.0,-0.05145459921170725,-0.05145459921170725
664,25.289130926132202,0.5,1.102630957226813,2.205261914453626,1.0,-0.051769364778161714,-0.051769364778161714
665,25.322559356689453,0.5,1.1035330045616911,2.2070660091233822,1.0,-0.05214041278526081,-0.05214041278526081
666,25.377636909484863,0.5,1.1050808650786408,2.2101617301572816,1.0,-0.0529343102529957,-0.0529343102529957
667,25.407190084457397,0.5,1.1023734649867443,2.2047469299734885,1.0,-0.052867387588333065,-0.052867387588333065
668,25.444145917892456,0.5,1.0971861338324942,2.1943722676649884,1.0,-0.047181551425847464,-0.047181551425847464
669,25.47647500038147,0.5,1.0942756784925662,2.1885513569851325,1.0,-0.046354468502835956,-0.046354468502835956
670,25.511659145355225,0.5,1.0945425442896684,2.1890850885793367,1.0,-0.045291597432110815,-0.045291597432110815
671,25.540146827697754,0.5,1.1051339316591149,2.2102678633182298,1.0,-0.032322543171514735,-0.032322543171514735
672,25.57190990447998,0.5,1.1040722667530054,2.208144533506011,1.0,-0.04113584516551863,-0.04113584516551863
673,25.60515022277832,0.5,1.1089743240870622,2.2179486481741244,1.0,-0.039799596910138145,-0.039799596910138145
674,25.638901472091675,0.5,1.1111862039370224,2.2223724078740448,1.0,-0.0386977145671287,-0.0386977145671287
675,25.672043323516846,0.5,1.1114968110245367,2.2229936220490734,1.0,-0.03971777177994791,-0.03971777177994791
676,25.70529341697693,0.5,1.1102269648496659,2.2204539296993318,1.0,-0.03792741687452915,-0.03792741687452915
677,25.738653421401978,0.5,1.1113802148906016,2.222760429781203,1.0,-0.03735844624850683,-0.03735844624850683
678,25.77214527130127,0.5,1.1066634655642416,2.213326931128483,1.0,-0.030716579757667686,-0.030716579757667686
679,25.80532670021057,0.5,1.1065945158945316,2.2131890317890632,1.0,-0.034514982593147385,-0.034514982593147385
680,25.83873414993286,0.5,1.1111347490197587,2.2222694980395175,1.0,-0.030775319427972982,-0.030775319427972982
681,25.87193775177002,0.5,1.113168039048774,2.226336078097548,1.0,-0.03300542201785873,-0.03300542201785873
682,25.9056715965271,0.5,1.1166585569008232,2.2333171138016463,1.0,-0.034407661408667065,-0.034407661408667065
683,25.93880319595337,0.5,1.1194947449762456,2.238989489952491,1.0,-0.030091269773732554,-0.030091269773732554
684,25.971883296966553,0.5,1.123172082923001,2.246344165846002,1.0,-0.03282450544411172,-0.03282450544411172
685,26.005542993545532,0.5,1.1228202368283469,2.2456404736566937,1.0,-0.032691384689124664,-0.032691384689124664
686,26.038751363754272,0.5,1.1225982077507541,2.2451964155015083,1.0,-0.03230609716654853,-0.03230609716654853
687,26.071956157684326,0.5,1.1200936667505732,2.2401873335011464,1.0,-0.03121252896178945,-0.03121252896178945
688,26.105193614959717,0.5,1.1204662636707161,2.2409325273414322,1.0,-0.028480974750362268,-0.028480974750362268
689,26.138694047927856,0.5,1.1188812130608228,2.2377624261216456,1.0,-0.030203758430592753,-0.030203758430592753
690,26.172033309936523,0.5,1.112985883922573,2.225971767845146,1.0,-0.024912449906796,-0.024912449906796
691,26.205158472061157,0.5,1.1113693255147934,2.222738651029587,1.0,-0.02421414160354175,-0.02421414160354175
692,26.239030122756958,0.5,1.1123054372910937,2.2246108745821873,1.0,-0.026093869664318918,-0.026093869664318918
693,26.271930694580078,0.5,1.0816535452218412,2.1633070904436824,1.0,-0.00942710434754385,-0.00942710434754385
694,26.305486917495728,0.5,1.080971837339472,2.161943674678944,1.0,-0.020508936052643263,-0.020508936052643263
695,26.338638067245483,0.5,1.084248500067871,2.168497000135742,1.0,-0.023279090881727645,-0.023279090881727645
696,26.371836185455322,0.5,1.086853472201226,2.173706944402452,1.0,-0.023228328078238502,-0.023228328078238502
697,26.405780792236328,0.5,1.0799789798010895,2.159957959602179,1.0,-0.035323866545753445,-0.035323866545753445
698,26.438706159591675,0.5,1.0737436389102095,2.147487277820419,1.0,-0.039774619026860206,-0.039774619026860206
699,26.47191834449768,0.5,1.069506592671935,2.13901318534387,1.0,-0.03556671310941134,-0.03556671310941134
700,26.50540018081665,0.5,1.0662935019621376,2.132587003924275,1.0,-0.03217204215730878,-0.03217204215730878
701,26.53898787498474,0.5,1.0672634423624823,2.1345268847249645,1.0,-0.032459619084152444,-0.032459619084152444
702,26.57200336456299,0.5,1.0658482543671164,2.1316965087342328,1.0,-0.03392912743386895,-0.03392912743386895
703,26.60535740852356,0.5,1.0647380655789158,2.1294761311578316,1.0,-0.03464942421895288,-0.03464942421895288
704,26.63861584663391,0.5,1.061970100320392,2.123940200640784,1.0,-0.032044374635538615,-0.032044374635538615
705,26.6720187664032,0.5,1.06273862737633,2.12547725475266,1.0,-0.028829083428787025,-0.028829083428787025
706,26.705788135528564,0.5,1.0631817394369263,2.1263634788738526,1.0,-0.029050851419684318,-0.029050851419684318
707,26.73891806602478,0.5,1.0636946445177606,2.1273892890355213,1.0,-0.029719813877126168,-0.029719813877126168
708,26.77200746536255,0.5,1.0644749295600608,2.1289498591201217,1.0,-0.02695553309782187,-0.02695553309782187
709,26.805602312088013,0.5,1.0625074283530624,2.125014856706125,1.0,-0.02601774507535604,-0.02601774507535604
710,26.838513374328613,0.5,1.0642304225103272,2.1284608450206544,1.0,-0.026349317100210615,-0.026349317100210615
711,26.872328519821167,0.5,1.0593668518183639,2.1187337036367277,1.0,-0.024194758046592747,-0.024194758046592747
712,26.905296564102173,0.5,1.0599119096560357,2.1198238193120713,1.0,-0.024366182149210346,-0.024366182149210346
713,26.938687086105347,0.5,1.0600010964255666,2.1200021928511332,1.0,-0.02297880689290671,-0.02297880689290671
714,26.972094774246216,0.5,1.0600865120945728,2.1201730241891457,1.0,-0.022568459691873554,-0.022568459691873554
715,27.005223274230957,0.5,1.0403780854119373,2.0807561708238747,1.0,-0.042398535585269195,-0.042398535585269195
716,27.03873348236084,0.5,1.036855100968961,2.073710201937922,1.0,-0.05403468830180168,-0.05403468830180168
717,27.07184886932373,0.5,1.0403238697835067,2.0806477395670133,1.0,-0.05988189291897432,-0.05988189291897432
718,27.105870246887207,0.5,1.042781384145705,2.08556276829141,1.0,-0.07993759920797465,-0.07993759920797465
719,27.15527892112732,0.5,1.0511183295654762,2.1022366591309525,1.0,-0.10648988563438726,-0.10648988563438726
720,27.188557863235474,0.5,1.0578775858029463,2.1157551716058927,1.0,-0.12168727904019162,-0.12168727904019162
721,27.221773624420166,0.5,1.057331215326504,2.114662430653008,1.0,-0.12370435632458354,-0.12370435632458354
722,27.255374670028687,0.5,1.0595229640981343,2.1190459281962686,1.0,-0.12311426614282261,-0.12311426614282261
723,27.30527901649475,0.5,1.061161929101108,2.122323858202216,1.0,-0.1235820650055478,-0.1235820650055478
724,27.338690996170044,0.5,1.0610195530924342,2.1220391061848685,1.0,-0.12448781594128061,-0.12448781594128061
725,27.372015237808228,0.5,1.064537195703533,2.129074391407066,1.0,-0.13318458984460615,-0.13318458984460615
726,27.405178546905518,0.5,1.062087164853588,2.124174329707176,1.0,-0.1361587049843587,-0.1361587049843587
727,27.43903112411499,0.5,1.0648261507123549,2.1296523014247097,1.0,-0.13496590469281844,-0.13496590469281844
728,27.47183632850647,0.5,1.0607813266212467,2.1215626532424934,1.0,-0.13247064172481615,-0.13247064172481615
729,27.50529909133911,0.5,1.0625938584550887,2.1251877169101774,1.0,-0.13785346745030677,-0.13785346745030677
730,27.538769006729126,0.5,1.0565481791190068,2.1130963582380136,1.0,-0.15235352023092558,-0.15235352023092558
731,27.572014093399048,0.5,1.0490352340043891,2.0980704680087783,1.0,-0.15958883860079204,-0.15958883860079204
732,27.605494022369385,0.5,1.0428124160011776,2.085624832002355,1.0,-0.16125082794959836,-0.16125082794959836
733,27.63922142982483,0.5,1.0401551202578296,2.0803102405156593,1.0,-0.1603077538803899,-0.1603077538803899
734,27.672694206237793,0.5,1.0361282041727455,2.072256408345491,1.0,-0.1605807179426985,-0.1605807179426985
735,27.7011456489563,0.5,1.033229785581109,2.066459571162218,1.0,-0.1603674001613923,-0.1603674001613923
736,27.739040851593018,0.5,1.0327538319622942,2.0655076639245884,1.0,-0.16289577193694882,-0.16289577193694882
737,27.772008895874023,0.5,1.0269556441003955,2.053911288200791,1.0,-0.17226089565616992,-0.17226089565616992
738,27.805278778076172,0.5,1.0414138210707493,2.0828276421414986,1.0,-0.15767755979419892,-0.15767755979419892
739,27.838899612426758,0.5,1.0269981235343906,2.053996247068781,1.0,-0.17440164330631946,-0.17440164330631946
740,27.872150182724,0.5,1.0232676358396107,2.0465352716792213,1.0,-0.17944375457948442,-0.17944375457948442
741,27.90548586845398,0.5,1.0173608078903447,2.0347216157806893,1.0,-0.16955415618336442,-0.16955415618336442
742,27.938716650009155,0.5,1.0172903468414052,2.0345806936828104,1.0,-0.17613741004323147,-0.17613741004323147
743,27.972032070159912,0.5,1.0094657587645381,2.0189315175290763,1.0,-0.18172905416009302,-0.18172905416009302
744,28.0056893825531,0.5,1.0013976175455876,2.0027952350911753,1.0,-0.1729840704916471,-0.1729840704916471
745,28.03853440284729,0.5,1.001194455517152,2.002388911034304,1.0,-0.17659720259562797,-0.17659720259562797
746,28.072160005569458,0.5,0.9919039753180406,1.9838079506360813,1.0,-0.17740465404515274,-0.17740465404515274
747,28.10526156425476,0.5,0.9865562841054163,1.9731125682108326,1.0,-0.1697136825212354,-0.1697136825212354
748,28.138964653015137,0.5,0.9901345910036984,1.9802691820073968,1.0,-0.18215059068776002,-0.18215059068776002
749,28.172327041625977,0.5,0.9906496952273951,1.9812993904547902,1.0,-0.1900025578309929,-0.1900025578309929
750,28.205408573150635,0.5,0.9941017836902529,1.9882035673805059,1.0,-0.1867372649720144,-0.1867372649720144
751,28.2386417388916,0.5,1.0034915218416065,2.006983043683213,1.0,-0.18907778426218166,-0.18907778426218166
752,28.272299766540527,0.5,1.0068188274742715,2.013637654948543,1.0,-0.1904100944511616,-0.1904100944511616
753,28.30532455444336,0.5,1.0079788743469293,2.0159577486938587,1.0,-0.18783658516914908,-0.18783658516914908
754,28.338605403900146,0.5,1.0079578492785648,2.0159156985571296,1.0,-0.18448812152598698,-0.18448812152598698
755,28.372161865234375,0.5,1.009811771092267,2.019623542184534,1.0,-0.18357955207533327,-0.18357955207533327
756,28.405442476272583,0.5,1.012086802944423,2.024173605888846,1.0,-0.17234141613055112,-0.17234141613055112
757,28.438814640045166,0.5,1.012947112761857,2.025894225523714,1.0,-0.16709808125676928,-0.16709808125676928
758,28.472206354141235,0.5,1.0140097989387167,2.0280195978774334,1.0,-0.16731399754246695,-0.16731399754246695
759,28.505306005477905,0.5,1.020808330936479,2.041616661872958,1.0,-0.16435009214983276,-0.16435009214983276
760,28.53903341293335,0.5,1.0305186217049582,2.0610372434099165,1.0,-0.16405161122550163,-0.16405161122550163
761,28.572157621383667,0.5,1.037634312178884,2.075268624357768,1.0,-0.16696613623929799,-0.16696613623929799
762,28.60541868209839,0.5,1.0287859594566127,2.0575719189132253,1.0,-0.162794416723811,-0.162794416723811
763,28.638829946517944,0.5,1.027359794030428,2.054719588060856,1.0,-0.16370725215441817,-0.16370725215441817
764,28.672290325164795,0.5,1.027656680778907,2.055313361557814,1.0,-0.16164364967291792,-0.16164364967291792
765,28.705329418182373,0.5,1.03064101398551,2.06128202797102,1.0,-0.16613531888261843,-0.16613531888261843
766,28.738755226135254,0.5,1.0324814138096718,2.0649628276193437,1.0,-0.16832169357623383,-0.16832169357623383
767,28.772368669509888,0.5,1.0310774166896681,2.0621548333793362,1.0,-0.16942422626822468,-0.16942422626822468
768,28.805632829666138,0.5,1.0327540145064482,2.0655080290128964,1.0,-0.16440144222738737,-0.16440144222738737
769,28.83869218826294,0.5,1.0328577052997812,2.0657154105995623,1.0,-0.16462937762828,-0.16462937762828
770,28.872403383255005,0.5,1.034272897502055,2.06854579500411,1.0,-0.1611636944530075,-0.1611636944530075
771,28.905444860458374,0.5,1.0045236494734089,2.0090472989468178,1.0,-0.13264891342351087,-0.13264891342351087
772,28.938771963119507,0.5,0.9731779314135587,1.9463558628271174,1.0,-0.11338816789349446,-0.11338816789349446
773,28.97249674797058,0.5,0.9585877470460838,1.9171754940921677,1.0,-0.11138400893042463,-0.11138400893042463
774,29.005369186401367,0.5,0.9443650508775481,1.8887301017550961,1.0,-0.10771491447628449,-0.10771491447628449
775,29.038939476013184,0.5,0.9283081454291847,1.8566162908583694,1.0,-0.09516936039274729,-0.09516936039274729
776,29.072397708892822,0.5,0.9182538813833114,1.8365077627666229,1.0,-0.08567235426032706,-0.08567235426032706
777,29.10518193244934,0.5,0.9116449912925505,1.823289982585101,1.0,-0.07492626098591583,-0.07492626098591583
778,29.139174938201904,0.5,0.9079449585408635,1.815889917081727,1.0,-0.06540125464738117,-0.06540125464738117
779,29.172107696533203,0.5,0.9095101079924304,1.8190202159848607,1.0,-0.06692758761720585,-0.06692758761720585
780,29.2053804397583,0.5,0.908902671295783,1.817805342591566,1.0,-0.06886882791162903,-0.06886882791162903
781,29.238531351089478,0.5,0.9031620093765922,1.8063240187531844,1.0,-0.07111376548533825,-0.07111376548533825
782,29.272618293762207,0.5,0.8974685699436626,1.7949371398873253,1.0,-0.07439272379876702,-0.07439272379876702
783,29.30518627166748,0.5,0.889640326031305,1.77928065206261,1.0,-0.06995838551172706,-0.06995838551172706
784,29.338947296142578,0.5,0.8827424471396952,1.7654848942793904,1.0,-0.06312418534015225,-0.06312418534015225
785,29.37195348739624,0.5,0.8771880728032293,1.7543761456064586,1.0,-0.057531231633699886,-0.057531231633699886
786,29.405410289764404,0.5,0.8783473320544061,1.7566946641088121,1.0,-0.055434235883172076,-0.055434235883172076
787,29.438912630081177,0.5,0.9212572697915774,1.8425145395831548,1.0,-0.04736276192780718,-0.04736276192780718
788,29.47322416305542,0.5,0.9400330830281408,1.8800661660562816,1.0,-0.03504256987876721,-0.03504256987876721
789,29.505545616149902,0.5,0.962949288377333,1.925898576754666,1.0,-0.03368838316470347,-0.03368838316470347
790,29.538859128952026,0.5,0.9848329403808195,1.969665880761639,1.0,-0.03763088178309526,-0.03763088178309526
791,29.571961164474487,0.5,1.016931834630974,2.033863669261948,1.0,-0.03760405531096413,-0.03760405531096413
792,29.605496883392334,0.5,1.0504972715403846,2.1009945430807693,1.0,-0.04001429068920417,-0.04001429068920417
793,29.638826370239258,0.5,1.0667501746540098,2.1335003493080196,1.0,-0.04357596884172179,-0.04357596884172179
794,29.671961069107056,0.5,1.08275486351965,2.1655097270393,1.0,-0.047511148897476256,-0.047511148897476256
795,29.7053964138031,0.5,1.1037053943948028,2.2074107887896055,1.0,-0.03969040276013284,-0.03969040276013284
796,29.739604711532593,0.5,1.1177894333502532,2.2355788667005063,1.0,-0.04231379649502776,-0.04231379649502776
797,29.78865933418274,0.5,1.130728935853817,2.261457871707634,1.0,-0.03559128316907436,-0.03559128316907436
798,29.822248935699463,0.5,1.1236021952361948,2.2472043904723895,1.0,-0.047545960854937765,-0.047545960854937765
799,29.855331420898438,0.5,1.136145240223188,2.272290480446376,1.0,-0.03316692644621572,-0.03316692644621572
800,29.888741731643677,0.5,1.1306283677371862,2.2612567354743724,1.0,-0.04245096758381594,-0.04245096758381594
801,29.922006845474243,0.5,1.1370489328709228,2.2740978657418456,1.0,-0.035565879347414564,-0.035565879347414564
802,29.95531702041626,0.5,1.1358316451087902,2.2716632902175804,1.0,-0.03807439013796122,-0.03807439013796122
803,29.988773822784424,0.5,1.1372417299873423,2.2744834599746846,1.0,-0.03794544653220477,-0.03794544653220477
804,30.022282361984253,0.5,1.140838887120096,2.281677774240192,1.0,-0.03589062360625376,-0.03589062360625376
805,30.055391311645508,0.5,1.1390074616913337,2.2780149233826674,1.0,-0.032145906635096845,-0.032145906635096845
806,30.088876008987427,0.5,1.1464745812953363,2.2929491625906726,1.0,-0.031084299751599348,-0.031084299751599348
807,30.122073650360107,0.5,1.1478650483859656,2.295730096771931,1.0,-0.02710345756913261,-0.02710345756913261
808,30.155391454696655,0.5,1.1473323034803198,2.2946646069606396,1.0,-0.027176293977466563,-0.027176293977466563
809,30.188714027404785,0.5,1.1426932441289863,2.2853864882579726,1.0,-0.03139635685923601,-0.03139635685923601
810,30.222173929214478,0.5,1.1824331484175326,2.364866296835065,1.0,-0.017974658035886437,-0.017974658035886437
811,30.255380630493164,0.5,1.1523678283716678,2.3047356567433357,1.0,-0.0003075446882356489,-0.0003075446882356489
812,30.288700342178345,0.5,1.1777785879922602,2.3555571759845204,1.0,-0.004215393318065192,-0.004215393318065192
813,30.321784734725952,0.5,1.173833686372137,2.347667372744274,1.0,-0.0060892038358730805,-0.0060892038358730805
814,30.355377435684204,0.5,1.1763895933745678,2.3527791867491357,1.0,-0.005155957129440007,-0.005155957129440007
815,30.388841152191162,0.5,1.1738078853062093,2.3476157706124186,1.0,-0.005348406330782912,-0.005348406330782912
816,30.422054290771484,0.5,1.1766162300505003,2.3532324601010006,1.0,-0.0016217054282641388,-0.0016217054282641388
817,30.455379962921143,0.5,1.1719674019643294,2.3439348039286587,1.0,-0.004885840688056117,-0.004885840688056117
818,30.488669872283936,0.5,1.190339115594674,2.380678231189348,1.0,-0.0009247713863920282,-0.0009247713863920282
819,30.521921634674072,0.5,1.159158244719161,2.318316489438322,1.0,-0.0016096970117683805,-0.0016096970117683805
820,30.555490970611572,0.5,1.1996486283137946,2.399297256627589,1.0,0.0030471106922729365,0.0030471106922729365
821,30.588833570480347,0.5,1.1614147908440964,2.3228295816881928,1.0,0.0011788442811674217,0.0011788442811674217
822,30.62213444709778,0.5,1.1966392637910779,2.3932785275821558,1.0,0.0020775095018473943,0.0020775095018473943
823,30.655402421951294,0.5,1.162356743080172,2.324713486160344,1.0,0.0014789776854219772,0.0014789776854219772
824,30.68885111808777,0.5,1.2071642225102213,2.4143284450204425,1.0,0.0013507992839687454,0.0013507992839687454
825,30.722105979919434,0.5,1.1731242068641925,2.346248413728385,1.0,0.0032124037396051575,0.0032124037396051575
826,30.755488395690918,0.5,1.1766985210492042,2.3533970420984085,1.0,-0.0026277551502821017,-0.0026277551502821017
827,30.78878951072693,0.5,1.161298733837534,2.322597467675068,1.0,0.0013944162319704267,0.0013944162319704267
828,30.82220220565796,0.5,1.201401214062372,2.402802428124744,1.0,-0.001606848004456817,-0.001606848004456817
829,30.85519528388977,0.5,1.1631308817097317,2.3262617634194633,1.0,0.005271963060889891,0.005271963060889891
830,30.888670444488525,0.5,1.1464625770087653,2.2929251540175306,1.0,0.02519663891131084,0.02519663891131084
831,30.92225980758667,0.5,1.1481639669413122,2.2963279338826244,1.0,0.037392535550601846,0.037392535550601846
832,30.955321311950684,0.5,1.151128407491392,2.302256814982784,1.0,0.0493817009484726,0.0493817009484726
833,30.98878526687622,0.5,1.1527271227324396,2.305454245464879,1.0,0.06865094823640401,0.06865094823640401
834,31.022072315216064,0.5,1.1528644415958345,2.305728883191669,1.0,0.08632195750049096,0.08632195750049096
835,31.05544352531433,0.5,1.1548071525016133,2.3096143050032265,1.0,0.08618818457651123,0.08618818457651123
836,31.089069843292236,0.5,1.1530244030662395,2.306048806132479,1.0,0.08769422444672671,0.08769422444672671
837,31.139105558395386,0.5,1.1532719006286252,2.3065438012572503,1.0,0.09067303781671171,0.09067303781671171
838,31.171927452087402,0.5,1.148605315858922,2.297210631717844,1.0,0.08919795442324185,0.08919795442324185
839,31.205615520477295,0.5,1.1439759802960856,2.287951960592171,1.0,0.09773055102694096,0.09773055102694096
840,31.239155054092407,0.5,1.1440704542443791,2.2881409084887583,1.0,0.10178012419536978,0.10178012419536978
841,31.272281169891357,0.5,1.1408588451831325,2.281717690366265,1.0,0.1141564125569516,0.1141564125569516
842,31.305482149124146,0.5,1.1402870581996334,2.2805741163992668,1.0,0.10471499557602733,0.10471499557602733
843,31.339035511016846,0.5,1.1395734737125531,2.2791469474251063,1.0,0.10999228537165623,0.10999228537165623
844,31.37267303466797,0.5,1.1357576781616627,2.2715153563233255,1.0,0.12108479501333502,0.12108479501333502
845,31.405472993850708,0.5,1.133368377192347,2.266736754384694,1.0,0.12265896173505246,0.12265896173505246
846,31.43900442123413,0.5,1.1306131466037865,2.261226293207573,1.0,0.12554260967746791,0.12554260967746791
847,31.472062349319458,0.5,1.1301291002954905,2.260258200590981,1.0,0.11438107671907158,0.11438107671907158
848,31.506161212921143,0.5,1.1278546835912477,2.2557093671824955,1.0,0.1102940454187988,0.1102940454187988
849,31.538591384887695,0.5,1.1255577616447188,2.2511155232894375,1.0,0.11139405281002657,0.11139405281002657
850,31.572086334228516,0.5,1.1219169925310517,2.2438339850621034,1.0,0.122544885153477,0.122544885153477
851,31.605735540390015,0.5,1.0997039890932305,2.199407978186461,1.0,0.10410963504626855,0.10410963504626855
852,31.638764142990112,0.5,1.0879366777350588,2.1758733554701175,1.0,0.0982651464701781,0.0982651464701781
853,31.67229700088501,0.5,1.0778038872720819,2.1556077745441637,1.0,0.0840084325329667,0.0840084325329667
854,31.705536365509033,0.5,1.0708817482543829,2.1417634965087657,1.0,0.09290523066093224,0.09290523066093224
855,31.739129304885864,0.5,1.0676070516397003,2.1352141032794005,1.0,0.10123551834941118,0.10123551834941118
856,31.772194385528564,0.5,1.0617683612043103,2.1235367224086206,1.0,0.10730590273588267,0.10730590273588267
857,31.805498600006104,0.5,1.058320098221219,2.116640196442438,1.0,0.10763594196423136,0.10763594196423136
858,31.83902907371521,0.5,1.0540915736780754,2.1081831473561508,1.0,0.11080643012518958,0.11080643012518958
859,31.872225761413574,0.5,1.0478388836040395,2.095677767208079,1.0,0.11742882595864909,0.11742882595864909
860,31.905232667922974,0.5,1.0449175450620287,2.0898350901240574,1.0,0.1132535462263053,0.1132535462263053
861,31.939038276672363,0.5,1.0394677357526465,2.078935471505293,1.0,0.11107068550997326,0.11107068550997326
862,31.972361087799072,0.5,1.0267439458305831,2.0534878916611663,1.0,0.12371289933007934,0.12371289933007934
863,32.00562381744385,0.5,1.0275054510566728,2.0550109021133456,1.0,0.12391497484542442,0.12391497484542442
864,32.039188385009766,0.5,1.024120941237604,2.048241882475208,1.0,0.12925758213054941,0.12925758213054941
865,32.07227039337158,0.5,1.0247847231120566,2.049569446224113,1.0,0.12865624868205155,0.12865624868205155
866,32.10579061508179,0.5,1.018507707814229,2.037015415628458,1.0,0.12389471311928059,0.12389471311928059
867,32.13896679878235,0.5,1.0115557271769757,2.0231114543539515,1.0,0.12356655644973515,0.12356655644973515
868,32.17209029197693,0.5,1.0090911819971289,2.0181823639942578,1.0,0.11600709988666993,0.11600709988666993
869,32.205607652664185,0.5,1.0008638074737504,2.0017276149475007,1.0,0.11118783920316913,0.11118783920316913
870,32.238810539245605,0.5,0.9988893184260599,1.9977786368521198,1.0,0.11011357715103258,0.11011357715103258
871,32.27216696739197,0.5,0.9972480789213446,1.9944961578426892,1.0,0.11386345638762274,0.11386345638762274
872,32.305590867996216,0.5,0.9956672935261418,1.9913345870522836,1.0,0.11776624447784162,0.11776624447784162
873,32.33879566192627,0.5,0.9965156113949072,1.9930312227898144,1.0,0.10864715402035989,0.10864715402035989
874,32.372199058532715,0.5,0.9964896700922624,1.9929793401845248,1.0,0.10594483588301463,0.10594483588301463
875,32.40553641319275,0.5,1.0147497766931106,2.0294995533862212,1.0,0.05037653659082179,0.05037653659082179
876,32.45565366744995,0.5,1.0176438420500091,2.0352876841000183,1.0,0.018174721035367644,0.018174721035367644
877,32.50560235977173,0.5,1.0136529479658272,2.0273058959316543,1.0,0.021942162150584775,0.021942162150584775
878,32.55565309524536,0.5,1.0111823513481,2.0223647026962,1.0,0.020615164751689348,0.020615164751689348
879,32.58869910240173,0.5,1.0092924734799047,2.0185849469598094,1.0,0.017420180448371573,0.017420180448371573
880,32.62246584892273,0.5,1.0063690913740575,2.012738182748115,1.0,0.013998092526843248,0.013998092526843248
881,32.67234015464783,0.5,1.0165474089316007,2.0330948178632013,1.0,0.024199598141947345,0.024199598141947345
882,32.70563364028931,0.5,1.0171066679909984,2.0342133359819967,1.0,0.023562835405222495,0.023562835405222495
883,32.73856329917908,0.5,1.0167590666920212,2.0335181333840424,1.0,0.021469845879244075,0.021469845879244075
884,32.77226686477661,0.5,1.0151666353464504,2.0303332706929007,1.0,0.02270527555711871,0.02270527555711871
885,32.80568718910217,0.5,1.017450549223781,2.034901098447562,1.0,0.019997204970381377,0.019997204970381377
886,32.83877420425415,0.5,1.0142618937581085,2.028523787516217,1.0,0.021921769406834924,0.021921769406834924
887,32.87256836891174,0.5,1.018561105950637,2.037122211901274,1.0,0.021398889416598833,0.021398889416598833
888,32.90553379058838,0.5,1.0203825892951204,2.0407651785902408,1.0,0.022597762606808115,0.022597762606808115
889,32.93910527229309,0.5,1.0178209863373495,2.035641972674699,1.0,0.020252368399340262,0.020252368399340262
890,32.97231340408325,0.5,1.0168759479664278,2.0337518959328555,1.0,0.021789478818284407,0.021789478818284407
891,33.00567293167114,0.5,1.0146468836118978,2.0292937672237956,1.0,0.02038891185124923,0.02038891185124923
892,33.03891324996948,0.5,1.0118913689321958,2.0237827378643916,1.0,0.019768446346477033,0.019768446346477033
893,33.072617053985596,0.5,1.0071126291442463,2.0142252582884925,1.0,0.017216651934966593,0.017216651934966593
894,33.10546565055847,0.5,1.00762280772555,2.0152456154511,1.0,0.015193753576135983,0.015193753576135983
895,33.13913583755493,0.5,1.0112660945971388,2.0225321891942776,1.0,0.020821954675574,0.020821954675574
896,33.1724534034729,0.5,1.0131873755594423,2.0263747511188845,1.0,0.021660131807657218,0.021660131807657218
897,33.205533027648926,0.5,1.0158587168681235,2.031717433736247,1.0,0.024169550469850948,0.024169550469850948
898,33.239093542099,0.5,1.0112056494493273,2.0224112988986547,1.0,0.019015068993961427,0.019015068993961427
899,33.27240705490112,0.5,1.0549780572005365,2.109956114401073,1.0,0.04624963422376365,0.04624963422376365
900,33.30555844306946,0.5,1.106742023969839,2.213484047939678,1.0,0.06429724478624405,0.06429724478624405
901,33.338977098464966,0.5,1.1226862959508834,2.245372591901767,1.0,0.0653280665403912,0.0653280665403912
902,33.37250733375549,0.5,1.1471352207642185,2.294270441528437,1.0,0.07990483573312337,0.07990483573312337
903,33.405635833740234,0.5,1.1906340644029623,2.3812681288059245,1.0,0.07294205163580723,0.07294205163580723
904,33.43915843963623,0.5,1.218568958251055,2.43713791650211,1.0,0.05743251013754571,0.05743251013754571
905,33.472344398498535,0.5,1.248049810460992,2.496099620921984,1.0,0.058679605782715034,0.058679605782715034
906,33.52243900299072,0.5,1.2777737207800657,2.5555474415601314,1.0,0.028105609356253964,0.028105609356253964
907,33.555542945861816,0.5,1.3096127333036232,2.6192254666072463,1.0,0.026176995690651877,0.026176995690651877
908,33.58882689476013,0.5,1.342844534594655,2.68568906918931,1.0,-0.0025316810762375554,-0.0025316810762375554
909,33.622453927993774,0.5,1.361847043624604,2.723694087249208,1.0,-0.010164466114069648,-0.010164466114069648
910,33.65547204017639,0.5,1.3849458939579264,2.769891787915853,1.0,-0.029930623829431242,-0.029930623829431242
911,33.68894338607788,0.5,1.4038433952983367,2.8076867905966734,1.0,-0.034514144122600954,-0.034514144122600954
912,33.72235894203186,0.5,1.4226894367010536,2.8453788734021073,1.0,-0.02696039177700099,-0.02696039177700099
913,33.75578498840332,0.5,1.4348915957193211,2.8697831914386422,1.0,-0.02637618038436537,-0.02637618038436537
914,33.80597996711731,0.5,1.4593811986336016,2.918762397267203,1.0,-0.020565154171285835,-0.020565154171285835
915,33.83885955810547,0.5,1.4967347757111162,2.9934695514222325,1.0,0.006535547161315242,0.006535547161315242
916,33.872376680374146,0.5,1.4979717255721139,2.9959434511442278,1.0,0.004404448374566545,0.004404448374566545
917,33.905659437179565,0.5,1.5131072302744148,3.0262144605488297,1.0,0.00851257543645555,0.00851257543645555
918,33.93922662734985,0.5,1.4849730869598006,2.969946173919601,1.0,-0.0033384467871993215,-0.0033384467871993215
919,33.988903284072876,0.5,1.5105553522813462,3.0211107045626924,1.0,0.01277427503307864,0.01277427503307864
920,34.022244930267334,0.5,1.4873655114184423,2.9747310228368846,1.0,-0.0009665456565157004,-0.0009665456565157004
921,34.07231378555298,0.5,1.4921500181712033,2.9843000363424066,1.0,0.019421437066578028,0.019421437066578028
922,34.10565519332886,0.5,1.496709925476414,2.993419850952828,1.0,0.020244967818820007,0.020244967818820007
923,34.139199018478394,0.5,1.4901102668227102,2.9802205336454204,1.0,0.014984057693211109,0.014984057693211109
924,34.17214488983154,0.5,1.492194188264285,2.98438837652857,1.0,0.02311124563007979,0.02311124563007979
925,34.205880880355835,0.5,1.4883313082797558,2.9766626165595116,1.0,0.033217759708391005,0.033217759708391005
926,34.23928666114807,0.5,1.486844863880593,2.973689727761186,1.0,0.03689505350129664,0.03689505350129664
927,34.272398948669434,0.5,1.4817844902121184,2.963568980424237,1.0,0.04785464331396405,0.04785464331396405
928,34.305906772613525,0.5,1.4784017783511687,2.9568035567023374,1.0,0.0551548407892458,0.0551548407892458
929,34.35573363304138,0.5,1.4691964086402887,2.9383928172805773,1.0,0.06832030710396667,0.06832030710396667
930,34.388838052749634,0.5,1.4658342146074919,2.9316684292149837,1.0,0.07578660815850594,0.07578660815850594
931,34.42312812805176,0.5,1.4621845813358785,2.924369162671757,1.0,0.08681236852128545,0.08681236852128545
932,34.472352504730225,0.5,1.4576560052362222,2.9153120104724444,1.0,0.09987933438847585,0.09987933438847585
933,34.50566244125366,0.5,1.4509527259658268,2.9019054519316536,1.0,0.11588733125094805,0.11588733125094805
934,34.538981676101685,0.5,1.4266381274500732,2.8532762549001465,1.0,0.12250061488798931,0.12250061488798931
935,34.58898901939392,0.5,1.4215227475253955,2.843045495050791,1.0,0.12126380668823536,0.12126380668823536
936,34.62232518196106,0.5,1.415618743395329,2.831237486790658,1.0,0.13092313724083315,0.13092313724083315
937,34.65568995475769,0.5,1.4082337708417276,2.8164675416834553,1.0,0.1361203742034411,0.1361203742034411
938,34.68903851509094,0.5,1.402230063594473,2.804460127188946,1.0,0.1390900869962371,0.1390900869962371
939,34.72208642959595,0.5,1.3961569967021048,2.7923139934042096,1.0,0.12113051022198754,0.12113051022198754
940,34.75554823875427,0.5,1.3894661832776047,2.7789323665552095,1.0,0.10924795685150239,0.10924795685150239
941,34.78898215293884,0.5,1.3863547877676305,2.772709575535261,1.0,0.11432921249414116,0.11432921249414116
942,34.82231283187866,0.5,1.38086636205884,2.76173272411768,1.0,0.11041076714530085,0.11041076714530085
943,34.872326135635376,0.5,1.3781397949684056,2.756279589936811,1.0,0.11767198715562174,0.11767198715562174
944,34.90534806251526,0.5,1.3749657740610715,2.749931548122143,1.0,0.12710398279692492,0.12710398279692492
945,34.93977403640747,0.5,1.3720942605252506,2.7441885210505013,1.0,0.12815917662737208,0.12815917662737208
946,34.98922324180603,0.5,1.373444184665285,2.74688836933057,1.0,0.11935524330286036,0.11935524330286036
947,35.02228832244873,0.5,1.3699781277585767,2.7399562555171535,1.0,0.11113304292646925,0.11113304292646925
948,35.05568480491638,0.5,1.3677399501388936,2.735479900277787,1.0,0.11051236547035703,0.11051236547035703
949,35.08910250663757,0.5,1.36642065742983,2.73284131485966,1.0,0.11050689585518042,0.11050689585518042
950,35.12236547470093,0.5,1.3643496542748184,2.7286993085496367,1.0,0.11687053917399623,0.11687053917399623
951,35.15573740005493,0.5,1.3066741713313637,2.6133483426627273,1.0,0.10536372825680151,0.10536372825680151
952,35.18900108337402,0.5,1.2580162954172023,2.5160325908344046,1.0,0.09259947418169971,0.09259947418169971
953,35.22253370285034,0.5,1.2448475765918727,2.4896951531837455,1.0,0.09070236591344018,0.09070236591344018
954,35.25583863258362,0.5,1.2187724436784035,2.437544887356807,1.0,0.07824155585753036,0.07824155585753036
955,35.289066553115845,0.5,1.1984636441411014,2.396927288282203,1.0,0.06363416012220127,0.06363416012220127
956,35.32254219055176,0.5,1.1753305982300608,2.3506611964601216,1.0,0.05056871278155188,0.05056871278155188
957,35.35564208030701,0.5,1.1600843064239188,2.3201686128478376,1.0,0.04039776701113244,0.04039776701113244
958,35.38925886154175,0.5,1.1474478221278044,2.2948956442556088,1.0,0.018531952357711445,0.018531952357711445
959,35.42234134674072,0.5,1.1316686985609845,2.263337397121969,1.0,0.007257365232198602,0.007257365232198602
960,35.45556879043579,0.5,1.1203599485190976,2.240719897038195,1.0,0.00010633662494471952,0.00010633662494471952
961,35.489139556884766,0.5,1.1134063195137607,2.2268126390275214,1.0,0.002940673629479492,0.002940673629479492
962,35.52246379852295,0.5,1.1021399803012302,2.2042799606024603,1.0,-0.0049279590664712235,-0.0049279590664712235
963,35.555742025375366,0.5,1.094250347760004,2.188500695520008,1.0,-0.004271731991748692,-0.004271731991748692
964,35.58904671669006,0.5,1.0819190613815177,2.1638381227630354,1.0,0.007926714898877061,0.007926714898877061
965,35.62260723114014,0.5,1.0686107086371621,2.1372214172743242,1.0,0.027559905637547844,0.027559905637547844
966,35.655558586120605,0.5,1.062986619904469,2.125973239808938,1.0,0.03886242957707425,0.03886242957707425
967,35.68921637535095,0.5,1.051078324984185,2.10215664996837,1.0,0.06338864316098633,0.06338864316098633
968,35.72233533859253,0.5,1.038301544930772,2.076603089861544,1.0,0.08316294910872274,0.08316294910872274
969,35.75593662261963,0.5,1.0305257001930133,2.0610514003860265,1.0,0.08216598842321114,0.08216598842321114
970,35.788976430892944,0.5,1.0224777348324303,2.0449554696648606,1.0,0.09403637859920153,0.09403637859920153
971,35.839083671569824,0.5,1.005542042268856,2.011084084537712,1.0,0.09686577626051414,0.09686577626051414
972,35.87237548828125,0.5,1.003549533774178,2.007099067548356,1.0,0.11550510127510137,0.11550510127510137
973,35.90612864494324,0.5,1.0074862569862606,2.014972513972521,1.0,0.1461929473057923,0.1461929473057923
974,35.93909001350403,0.5,1.006385262409542,2.012770524819084,1.0,0.17626709650809178,0.17626709650809178
975,35.972389221191406,0.5,1.0018816148809768,2.0037632297619536,1.0,0.1913552765942876,0.1913552765942876
976,36.00591039657593,0.5,1.0012959129062708,2.0025918258125417,1.0,0.22563225130781064,0.22563225130781064
977,36.038982629776,0.5,1.0030827564999323,2.0061655129998646,1.0,0.24269094896424848,0.24269094896424848
978,36.07252597808838,0.5,1.0025123755572285,2.005024751114457,1.0,0.2612212353153747,0.2612212353153747
979,36.105857372283936,0.5,1.0026216897484823,2.0052433794969646,1.0,0.30285479279096206,0.30285479279096206
980,36.13928723335266,0.5,1.0067887674707439,2.0135775349414877,1.0,0.33552983471103276,0.33552983471103276
981,36.17241954803467,0.5,1.0103419136549368,2.0206838273098735,1.0,0.36303277618199503,0.36303277618199503
982,36.20582580566406,0.5,1.0136742335222617,2.0273484670445234,1.0,0.38759972057793074,0.38759972057793074
983,36.23909664154053,0.5,1.0116001788205375,2.023200357641075,1.0,0.4166560466161662,0.4166560466161662
984,36.27224397659302,0.5,1.0106655145448122,2.0213310290896245,1.0,0.4441678775829629,0.4441678775829629
985,36.30580520629883,0.5,1.0103449194684238,2.0206898389368475,1.0,0.47131310066284393,0.47131310066284393
986,36.339158058166504,0.5,1.010649314085168,2.021298628170336,1.0,0.4992108132041273,0.4992108132041273
987,36.372405767440796,0.5,1.011397816769671,2.022795633539342,1.0,0.5276595399736628,0.5276595399736628
988,36.405805587768555,0.5,1.0126084096339576,2.025216819267915,1.0,0.5558253144505692,0.5558253144505692
989,36.4390287399292,0.5,1.0160337139909374,2.032067427981875,1.0,0.57596633825179,0.57596633825179
990,36.47297930717468,0.5,1.017652071897513,2.035304143795026,1.0,0.5888916055623469,0.5888916055623469
991,36.50588607788086,0.5,1.0203621608089357,2.0407243216178714,1.0,0.6013780769788442,0.6013780769788442
992,36.539225339889526,0.5,1.0266864400035098,2.0533728800070197,1.0,0.6079012932010954,0.6079012932010954
993,36.57264828681946,0.5,1.029821239430157,2.059642478860314,1.0,0.5981817234506313,0.5981817234506313
994,36.60606122016907,0.5,1.0297410462671286,2.059482092534257,1.0,0.5963402127150618,0.5963402127150618
995,36.63894462585449,0.5,1.0264192541966202,2.0528385083932403,1.0,0.5920019503714505,0.5920019503714505
996,36.672319650650024,0.5,1.0394036306237309,2.0788072612474617,1.0,0.607511104870895,0.607511104870895
997,36.70606541633606,0.5,1.0372498944615587,2.0744997889231174,1.0,0.6411683060993444,0.6411683060993444
998,36.739065408706665,0.5,1.0527420819646764,2.105484163929353,1.0,0.6451063762968106,0.6451063762968106
999,36.7727952003479,0.5,1.0705956917911943,2.1411913835823886,1.0,0.6569351415752163,0.6569351415752163
1000,36.805957555770874,0.5,1.0867867179770088,2.1735734359540175,1.0,0.6596899840146168,0.6596899840146168
1001,36.83900547027588,0.5,1.094579486211447,2.189158972422894,1.0,0.6489014648628828,0.6489014648628828
1002,36.872822284698486,0.5,1.104427547079166,2.208855094158332,1.0,0.6532397856115094,0.6532397856115094
1003,36.905686378479004,0.5,1.1173139735762565,2.234627947152513,1.0,0.6445437720476607,0.6445437720476607
1004,36.93728446960449,0.5,1.1318855786037276,2.2637711572074553,1.0,0.6336412157928596,0.6336412157928596
1005,36.97236680984497,0.5,1.1308889891553557,2.2617779783107115,1.0,0.6174397968658741,0.6174397968658741
1006,37.00566840171814,0.5,1.1187162887156608,2.2374325774313215,1.0,0.6062566669810192,0.6062566669810192
1007,37.03911542892456,0.5,1.1177808895967296,2.235561779193459,1.0,0.609146708559366,0.609146708559366
1008,37.072705030441284,0.5,1.12104871813586,2.24209743627172,1.0,0.6090856217538839,0.6090856217538839
1009,37.11021447181702,0.5,1.1257666600764822,2.2515333201529644,1.0,0.604254361669105,0.604254361669105
1010,37.1571261882782,0.5,1.1238589084124018,2.2477178168248035,1.0,0.5891008849600384,0.5891008849600384
1011,37.205599546432495,0.5,1.11892151139178,2.23784302278356,1.0,0.5713216767786953,0.5713216767786953
1012,37.239161252975464,0.5,1.123792493563489,2.247584987126978,1.0,0.5783163420762141,0.5783163420762141
1013,37.272438049316406,0.5,1.1285221543099353,2.2570443086198706,1.0,0.5849923642541879,0.5849923642541879
1014,37.305835008621216,0.5,1.1304966828086573,2.2609933656173147,1.0,0.5824707268937953,0.5824707268937953
1015,37.342724084854126,0.5,1.129086885415944,2.258173770831888,1.0,0.5701623398311075,0.5701623398311075
1016,37.375659227371216,0.5,1.1415516657982656,2.2831033315965312,1.0,0.5726820074814363,0.5726820074814363
1017,37.40903115272522,0.5,1.150463811675481,2.300927623350962,1.0,0.565138696473532,0.565138696473532
1018,37.44006323814392,0.5,1.1799369027325188,2.3598738054650377,1.0,0.5430773450084333,0.5430773450084333
1019,37.47585964202881,0.5,1.1795841136454681,2.3591682272909362,1.0,0.5147837291945945,0.5147837291945945
1020,37.5090217590332,0.5,1.1958393391906559,2.3916786783813118,1.0,0.515602563835168,0.515602563835168
1021,37.53844666481018,0.5,1.2047349336644808,2.4094698673289616,1.0,0.5056319745774456,0.5056319745774456
1022,37.57179307937622,0.5,1.1903650604868912,2.3807301209737823,1.0,0.48143171828685716,0.48143171828685716
1023,37.60511589050293,0.5,1.1963151046124214,2.392630209224843,1.0,0.4837704262860006,0.4837704262860006
1024,37.63854694366455,0.5,1.2037029309004803,2.4074058618009606,1.0,0.46718430870066024,0.46718430870066024
1025,37.67184329032898,0.5,1.1915678456761152,2.3831356913522304,1.0,0.45444048346593197,0.45444048346593197
1026,37.70497798919678,0.5,1.2033929357945385,2.406785871589077,1.0,0.4515831302938101,0.4515831302938101
1027,37.738481760025024,0.5,1.214228503282018,2.428457006564036,1.0,0.4393867369137982,0.4393867369137982
1028,37.77180337905884,0.5,1.2013191645337646,2.4026383290675293,1.0,0.4380217027774395,0.4380217027774395
1029,37.80512833595276,0.5,1.1966310589573248,2.3932621179146496,1.0,0.4586341528170543,0.4586341528170543
1030,37.83852958679199,0.5,1.1988126258711618,2.3976252517423235,1.0,0.47247418265832863,0.47247418265832863
1031,37.87197828292847,0.5,1.1857606576835107,2.3715213153670214,1.0,0.47679161014693083,0.47679161014693083
1032,37.90526008605957,0.5,1.192315663256926,2.384631326513852,1.0,0.4802204692440018,0.4802204692440018
1033,37.938676595687866,0.5,1.1958842012417372,2.3917684024834744,1.0,0.4924958463004215,0.4924958463004215
1034,37.971771478652954,0.5,1.1831334359928047,2.3662668719856095,1.0,0.4908631757235767,0.4908631757235767
1035,38.00506401062012,0.5,1.1914699696229707,2.3829399392459414,1.0,0.4895140006098808,0.4895140006098808
1036,38.038488149642944,0.5,1.1999234333852387,2.3998468667704773,1.0,0.4852665958278631,0.4852665958278631
1037,38.07184362411499,0.5,1.171905952010845,2.34381190402169,1.0,0.4920811389277862,0.4920811389277862
1038,38.10504913330078,0.5,1.1547421329002785,2.309484265800557,1.0,0.4961291554333394,0.4961291554333394
1039,38.13864612579346,0.5,1.1619107104134596,2.3238214208269192,1.0,0.5013066544971048,0.5013066544971048
1040,38.17189335823059,0.5,1.182914345183649,2.365828690367298,1.0,0.5136606635053743,0.5136606635053743
1041,38.20506143569946,0.5,1.2209241208427404,2.4418482416854808,1.0,0.5289950256236802,0.5289950256236802
1042,38.2385139465332,0.5,1.243531524519664,2.487063049039328,1.0,0.5337302137242392,0.5337302137242392
1043,38.27206254005432,0.5,1.24747271215592,2.49494542431184,1.0,0.5335979244840948,0.5335979244840948
1044,38.30509543418884,0.5,1.2603114851871866,2.520622970374373,1.0,0.5551252551206279,0.5551252551206279
1045,38.33840751647949,0.5,1.2659418582994555,2.531883716598911,1.0,0.5517261484170081,0.5517261484170081
1046,38.37200713157654,0.5,1.2721113070791488,2.5442226141582975,1.0,0.5515323417757385,0.5515323417757385
1047,38.405029296875,0.5,1.2534661772272504,2.506932354454501,1.0,0.5711117442895751,0.5711117442895751
1048,38.43849515914917,0.5,1.2417614156218069,2.4835228312436137,1.0,0.6065014981851962,0.6065014981851962
1049,38.47187542915344,0.5,1.2323971491580308,2.4647942983160616,1.0,0.6334538483202051,0.6334538483202051
1050,38.50498914718628,0.5,1.200858914060057,2.401717828120114,1.0,0.6232144097443812,0.6232144097443812
1051,38.53851795196533,0.5,1.173638436911388,2.347276873822776,1.0,0.6291345630932745,0.6291345630932745
1052,38.5718834400177,0.5,1.154321657393528,2.308643314787056,1.0,0.6420197040307595,0.6420197040307595
1053,38.60506844520569,0.5,1.1403780749403045,2.280756149880609,1.0,0.6260599926011178,0.6260599926011178
1054,38.63855266571045,0.5,1.1326446826374976,2.2652893652749952,1.0,0.636158038593762,0.636158038593762
1055,38.67189264297485,0.5,1.128144240006132,2.256288480012264,1.0,0.6577510040330934,0.6577510040330934
1056,38.70504832267761,0.5,1.124881974817749,2.249763949635498,1.0,0.683412410717964,0.683412410717964
1057,38.738534688949585,0.5,1.1172563154055153,2.2345126308110306,1.0,0.6817981227599035,0.6817981227599035
1058,38.771933794021606,0.5,1.154452203214598,2.308904406429196,1.0,0.6894413171463215,0.6894413171463215
1059,38.80508828163147,0.5,1.1865213531682712,2.3730427063365425,1.0,0.6899533774988862,0.6899533774988862
1060,38.83856964111328,0.5,1.2138009742561036,2.427601948512207,1.0,0.6768737342455762,0.6768737342455762
1061,38.871875524520874,0.5,1.2341796953655915,2.468359390731183,1.0,0.6279811169059168,0.6279811169059168
1062,38.90518403053284,0.5,1.2412667115765232,2.4825334231530465,1.0,0.5708683800296757,0.5708683800296757
1063,38.93854737281799,0.5,1.2391453569303283,2.4782907138606567,1.0,0.4979735333567697,0.4979735333567697
1064,38.97171139717102,0.5,1.2391689499079384,2.4783378998158767,1.0,0.4447010940725784,0.4447010940725784
1065,39.00505709648132,0.5,1.2401591820619304,2.480318364123861,1.0,0.3968561069067569,0.3968561069067569
1066,39.038636207580566,0.5,1.244653722764404,2.489307445528808,1.0,0.34073255900074867,0.34073255900074867
1067,39.07180690765381,0.5,1.2505045814130276,2.501009162826055,1.0,0.3062303688196995,0.3062303688196995
1068,39.105087757110596,0.5,1.2549198900919012,2.5098397801838024,1.0,0.2605121469130228,0.2605121469130228
1069,39.13871884346008,0.5,1.2684505749900508,2.5369011499801015,1.0,0.207059482777364,0.207059482777364
1070,39.17183756828308,0.5,1.283510265661903,2.567020531323806,1.0,0.1841011151711364,0.1841011151711364
1071,39.20512413978577,0.5,1.2886192625156698,2.5772385250313397,1.0,0.17516598740153544,0.17516598740153544
1072,39.238662004470825,0.5,1.2960128180806436,2.5920256361612872,1.0,0.1769741992826874,0.1769741992826874
1073,39.27185893058777,0.5,1.3000118375252334,2.600023675050467,1.0,0.16674340810368118,0.16674340810368118
1074,39.30510854721069,0.5,1.3051992941744022,2.6103985883488043,1.0,0.15739094534435175,0.15739094534435175
1075,39.33892822265625,0.5,1.3085442918262638,2.6170885836525275,1.0,0.1545619020905654,0.1545619020905654
1076,39.37206506729126,0.5,1.3140761961525336,2.628152392305067,1.0,0.15962789073976497,0.15962789073976497
1077,39.405364751815796,0.5,1.287602187030742,2.575204374061484,1.0,0.1849121519670239,0.1849121519670239
1078,39.438774824142456,0.5,1.2811953862574545,2.562390772514909,1.0,0.21729276440918394,0.21729276440918394
1079,39.472049951553345,0.5,1.2707965262949765,2.541593052589953,1.0,0.2518051147499984,0.2518051147499984
1080,39.505285024642944,0.5,1.2649864041427925,2.529972808285585,1.0,0.2562432768617337,0.2562432768617337
1081,39.53892135620117,0.5,1.2611110158612406,2.5222220317224813,1.0,0.2571848372421377,0.2571848372421377
1082,39.57212996482849,0.5,1.2622182723177107,2.5244365446354213,1.0,0.24084830005710123,0.24084830005710123
1083,39.605414152145386,0.5,1.2636014728527356,2.527202945705471,1.0,0.22590017694394962,0.22590017694394962
1084,39.63870906829834,0.5,1.2651690967120184,2.5303381934240368,1.0,0.2134872254567451,0.2134872254567451
1085,39.67210364341736,0.5,1.2654849978072389,2.5309699956144778,1.0,0.2079987609796151,0.2079987609796151
1086,39.705276012420654,0.5,1.2616410394740338,2.5232820789480677,1.0,0.22204913117728992,0.22204913117728992
1087,39.73893117904663,0.5,1.262999945198298,2.525999890396596,1.0,0.23072841767445787,0.23072841767445787
1088,39.77205491065979,0.5,1.2637482837941632,2.5274965675883263,1.0,0.2386497458676447,0.2386497458676447
1089,39.80549931526184,0.5,1.2649487520961125,2.529897504192225,1.0,0.2436947192474887,0.2436947192474887
1090,39.838751554489136,0.5,1.2665627734397191,2.5331255468794383,1.0,0.24367645074771746,0.24367645074771746
1091,39.87205910682678,0.5,1.268820662998447,2.537641325996894,1.0,0.23684403451289093,0.23684403451289093
1092,39.905407667160034,0.5,1.2837408856136856,2.567481771227371,1.0,0.25776860255116973,0.25776860255116973
1093,39.93884348869324,0.5,1.3042219967372788,2.6084439934745576,1.0,0.261264345667969,0.261264345667969
1094,39.972190618515015,0.5,1.3324465922510635,2.664893184502127,1.0,0.26711509824337026,0.26711509824337026
1095,40.00555348396301,0.5,1.3384082369865364,2.676816473973073,1.0,0.2302960030037357,0.2302960030037357
1096,40.03881573677063,0.5,1.3188441622138694,2.6376883244277387,1.0,0.2025406752849031,0.2025406752849031
1097,40.07225227355957,0.5,1.3347619208808816,2.6695238417617633,1.0,0.22052291617429565,0.22052291617429565
1098,40.1056010723114,0.5,1.3595659363678256,2.7191318727356513,1.0,0.2560379078120301,0.2560379078120301
1099,40.13908839225769,0.5,1.3894467951507625,2.778893590301525,1.0,0.30767065571764574,0.30767065571764574
1100,40.17198395729065,0.5,1.4114568418315088,2.8229136836630175,1.0,0.3392792305919145,0.3392792305919145
1101,40.2053599357605,0.5,1.4062560779259927,2.8125121558519854,1.0,0.32758191514924556,0.32758191514924556
1102,40.238964557647705,0.5,1.414450146771319,2.828900293542638,1.0,0.33564910353353894,0.33564910353353894
1103,40.272221088409424,0.5,1.4235028866479218,2.8470057732958436,1.0,0.3486089975577389,0.3486089975577389
1104,40.30555701255798,0.5,1.4301218023939128,2.8602436047878257,1.0,0.34069792647391356,0.34069792647391356
1105,40.33885049819946,0.5,1.4470241525572136,2.8940483051144272,1.0,0.34431187192671514,0.34431187192671514
1106,40.37202715873718,0.5,1.4648503936482715,2.929700787296543,1.0,0.3596080231503541,0.3596080231503541
1107,40.405588150024414,0.5,1.4719746557565052,2.9439493115130104,1.0,0.3611052162957762,0.3611052162957762
1108,40.438902616500854,0.5,1.4858125181758015,2.971625036351603,1.0,0.37029866640861947,0.37029866640861947
1109,40.47213363647461,0.5,1.4894018371527917,2.9788036743055835,1.0,0.36707917770898935,0.36707917770898935
1110,40.50713658332825,0.5,1.5030319148234546,3.006063829646909,1.0,0.3707672716456394,0.3707672716456394
1111,40.53952884674072,0.5,1.5102481615863372,3.0204963231726745,1.0,0.3708611109894826,0.3708611109894826
1112,40.57230472564697,0.5,1.5062735978164705,3.012547195632941,1.0,0.36790020385206085,0.36790020385206085
1113,40.60576844215393,0.5,1.5530510387598175,3.106102077519635,1.0,0.3753916893988806,0.3753916893988806
1114,40.63912057876587,0.5,1.5862757331682962,3.1725514663365924,1.0,0.30079161325648485,0.30079161325648485
1115,40.67237949371338,0.5,1.61856566796292,3.23713133592584,1.0,0.28830840698720456,0.28830840698720456
1116,40.70538949966431,0.5,1.6773024435131554,3.3546048870263108,1.0,0.2738521097645588,0.2738521097645588
1117,40.73906087875366,0.5,1.7160150333502324,3.432030066700465,1.0,0.2631047085178705,0.2631047085178705
1118,40.7722601890564,0.5,1.7390794906099443,3.4781589812198885,1.0,0.2719562165113414,0.2719562165113414
1119,40.80549454689026,0.5,1.7527053858824615,3.505410771764923,1.0,0.2907608701558811,0.2907608701558811
1120,40.83882236480713,0.5,1.7610620506444887,3.5221241012889775,1.0,0.2908040120937825,0.2908040120937825
1121,40.87223839759827,0.5,1.775483054199452,3.550966108398904,1.0,0.2822127718976524,0.2822127718976524
1122,40.90569591522217,0.5,1.7863564149034876,3.5727128298069752,1.0,0.26013106698620964,0.26013106698620964
1123,40.93893384933472,0.5,1.8010789416645758,3.6021578833291517,1.0,0.23671472621079714,0.23671472621079714
1124,40.9722044467926,0.5,1.8031622411534458,3.6063244823068916,1.0,0.2507871031035163,0.2507871031035163
1125,41.00578713417053,0.5,1.8020589343808977,3.6041178687617954,1.0,0.2550990361491808,0.2550990361491808
1126,41.038907051086426,0.5,1.808095639545388,3.616191279090776,1.0,0.2638575544221129,0.2638575544221129
1127,41.06206798553467,0.5,1.811699270224012,3.623398540448024,1.0,0.24360696648439006,0.24360696648439006
1128,41.089781045913696,0.5,1.8146727850411017,3.6293455700822035,1.0,0.2054484151705874,0.2054484151705874
1129,41.122395515441895,0.5,1.8217790841379167,3.6435581682758333,1.0,0.2243866677148841,0.2243866677148841
1130,41.156535387039185,0.5,1.8297606978176668,3.6595213956353336,1.0,0.20693641447568803,0.20693641447568803
1131,41.1889967918396,0.5,1.8344021524996268,3.6688043049992536,1.0,0.21710856973715806,0.21710856973715806
1132,41.22299909591675,0.5,1.8377552836978788,3.6755105673957575,1.0,0.21271567825886714,0.21271567825886714
1133,41.25585722923279,0.5,1.8435860409907519,3.6871720819815037,1.0,0.19616912766427114,0.19616912766427114
1134,41.28846311569214,0.5,1.8442011564928609,3.6884023129857217,1.0,0.19736213888597734,0.19736213888597734
1135,41.321778297424316,0.5,1.8609706440169347,3.7219412880338694,1.0,0.1563681391829499,0.1563681391829499
1136,41.355191469192505,0.5,1.857536065996053,3.715072131992106,1.0,0.16090734955517041,0.16090734955517041
1137,41.38844084739685,0.5,1.8754313187962195,3.750862637592439,1.0,0.1255301306532618,0.1255301306532618
1138,41.42197847366333,0.5,1.8758282534636794,3.751656506927359,1.0,0.11997468413540592,0.11997468413540592
1139,41.45534610748291,0.5,1.8951368839378075,3.790273767875615,1.0,0.08093362519259037,0.08093362519259037
1140,41.48857831954956,0.5,1.9007949169614815,3.801589833922963,1.0,0.07686185346594622,0.07686185346594622
1141,41.52199387550354,0.5,1.8508339487197114,3.701667897439423,1.0,0.03488638990647236,0.03488638990647236
1142,41.555325746536255,0.5,1.800949620237797,3.601899240475594,1.0,-0.0095493200069042,-0.0095493200069042
