Epoch	Rews	Lens	RAM	Std	Lr_pi	Lr_vf	Time per ep	Time
0	74.31919393915418	78.17	39.478515625	0.9980758	0.0003	0.001	16.220311641693115	16.22156834602356
1	62.20464235212888	67.94	39.539306640625	0.99745584	0.00029995714285714284	0.0009998571428571428	16.416821241378784	32.639678716659546
2	60.6658353348201	65.18	39.702392578125	0.9959242	0.00029991428571428565	0.0009997142857142856	15.995835304260254	48.637105226516724
3	70.47013415529193	73.88	39.724609375	0.99309	0.00029987142857142857	0.0009995714285714287	15.787463903427124	64.42583107948303
4	64.09608587687568	68.02	39.5009765625	0.99059755	0.00029982857142857143	0.0009994285714285715	16.14331293106079	80.57017183303833
5	73.78200321202502	75.85	39.536865234375	0.9876228	0.0002997857142857143	0.0009992857142857143	27.48966336250305	108.06102681159973
6	70.16133459342358	72.64	39.802734375	0.98439103	0.0002997428571428571	0.000999142857142857	15.725462675094604	123.78805470466614
7	69.11722115941535	73.19	39.815185546875	0.9806147	0.00029969999999999997	0.000999	16.052311420440674	139.84136295318604
8	77.27002510229204	77.71	39.82470703125	0.9775286	0.00029965714285714283	0.000998857142857143	15.74241042137146	155.58528327941895
9	72.344106270799	76.57	39.593994140625	0.9741201	0.0002996142857142857	0.0009987142857142857	16.71836233139038	172.30490803718567
10	82.5807559423623	82.81	39.857177734375	0.9707195	0.00029957142857142856	0.0009985714285714285	17.386857748031616	189.69328331947327
11	70.35959897597634	71.21	39.868896484375	0.96661264	0.0002995285714285714	0.0009984285714285716	16.228313207626343	205.92316246032715
12	76.04686551576468	76.95	39.876953125	0.96276355	0.0002994857142857143	0.0009982857142857144	15.65958857536316	221.5839626789093
13	78.5093247778249	80.77	39.388671875	0.9593544	0.0002994428571428571	0.0009981428571428572	15.923057794570923	237.50766038894653
14	79.05043627305055	79.53	39.904296875	0.957016	0.00029939999999999996	0.000998	16.216339588165283	253.72514414787292
15	72.65545314935585	73.53	39.677001953125	0.9535117	0.0002993571428571428	0.000997857142857143	15.7883620262146	269.5147590637207
16	88.34688625810972	90.3	41.22998046875	0.94991606	0.0002993142857142857	0.0009977142857142856	16.340627670288086	285.856689453125
17	86.76392232953067	85.91	41.24462890625	0.9465718	0.00029927142857142855	0.0009975714285714286	15.862478017807007	301.7200162410736
18	97.14034834322331	94.54	40.0126953125	0.94364005	0.0002992285714285714	0.0009974285714285714	16.36469268798828	318.08594274520874
19	82.1544218798655	80.91	41.339599609375	0.9397976	0.0002991857142857143	0.0009972857142857144	15.753058433532715	333.83983850479126
20	94.31210026282326	94.42	40.113525390625	0.93625623	0.0002991428571428571	0.000997142857142857	16.255784034729004	350.09681129455566
21	101.45478986311568	102.33	39.619140625	0.9324774	0.00029909999999999995	0.000997	15.783204793930054	365.8812720775604
22	88.17730003515187	89.37	40.133544921875	0.92868096	0.0002990571428571428	0.0009968571428571429	11.457143068313599	377.33991169929504
23	101.00293726342808	100.35	40.72705078125	0.9248639	0.0002990142857142857	0.0009967142857142857	15.97243332862854	393.31295466423035
24	92.09076890199239	92.4	39.990234375	0.92167896	0.00029897142857142854	0.0009965714285714285	17.307268857955933	410.62171697616577
25	102.38491154595309	104.12	41.636474609375	0.91820985	0.0002989285714285714	0.0009964285714285715	116.29664182662964	526.9192488193512
26	100.54015544153305	97.45	40.404541015625	0.9145773	0.00029888571428571427	0.0009962857142857143	15.953696966171265	542.8744838237762
27	95.03325935679877	95.22	41.66162109375	0.91141367	0.0002988428571428571	0.0009961428571428571	16.29583716392517	559.1731612682343
28	128.09495973083537	125.68	40.432373046875	0.9080079	0.0002988	0.000996	15.888637781143188	575.0630397796631
29	107.74341873058678	107.96	40.735107421875	0.9049639	0.00029875714285714286	0.000995857142857143	11.394522666931152	586.4593665599823
30	115.4088640662519	115.62	41.72900390625	0.90210456	0.00029871428571428567	0.0009957142857142858	17.163342237472534	603.6233062744141
31	107.21952542738322	108.78	40.48779296875	0.8986483	0.00029867142857142854	0.0009955714285714286	16.307430744171143	619.9325687885284
32	128.62917800529587	126.34	40.4892578125	0.8955057	0.0002986285714285714	0.0009954285714285714	15.840769529342651	635.7746646404266
33	118.61207357500462	115.6	41.518310546875	0.89319354	0.00029858571428571426	0.0009952857142857144	16.643848657608032	652.4196865558624
34	116.80531418372215	114.31	42.234375	0.88969153	0.00029854285714285713	0.0009951428571428572	15.809815645217896	668.2311081886292
35	129.2892112936728	125.5	42.288818359375	0.8861261	0.0002985	0.000995	15.87744140625	684.1098909378052
36	125.91029285259211	120.06	42.5400390625	0.8824664	0.00029845714285714286	0.0009948571428571428	15.789169788360596	699.9006106853485
37	127.87770636392771	124.89	42.541015625	0.8796484	0.00029841428571428566	0.0009947142857142856	16.022169828414917	715.9239792823792
38	135.82019280089406	131.06	40.842041015625	0.8770663	0.00029837142857142853	0.0009945714285714286	15.74802017211914	731.673193693161
39	150.8612515439058	144.53	40.80810546875	0.8741729	0.0002983285714285714	0.0009944285714285715	15.927778720855713	747.6025099754333
40	124.54084334118143	120.91	40.86767578125	0.8711819	0.00029828571428571426	0.0009942857142857143	16.23581075668335	763.840006351471
41	143.06045540078608	138.34	41.060546875	0.86818546	0.0002982428571428571	0.000994142857142857	16.042482614517212	779.8837692737579
42	159.05509080799092	153.34	41.81689453125	0.866149	0.0002982	0.000994	16.165773630142212	796.0503857135773
43	164.1353733577793	156.95	42.306884765625	0.86406565	0.00029815714285714285	0.000993857142857143	15.802666425704956	811.8549590110779
44	162.21810424839725	160.68	42.080322265625	0.8617773	0.00029811428571428566	0.0009937142857142857	16.204026699066162	828.0599453449249
45	169.46868540727385	166.66	42.093017578125	0.85937876	0.0002980714285714285	0.0009935714285714285	15.987058639526367	844.0482385158539
46	129.32032991153932	127.68	40.60205078125	0.8576873	0.0002980285714285714	0.0009934285714285715	16.454412937164307	860.5033512115479
47	132.1774343249096	128.55	41.872802734375	0.8546577	0.00029798571428571425	0.0009932857142857143	15.835281372070312	876.3402268886566
48	156.81369457879148	149.73	41.859130859375	0.8519487	0.0002979428571428571	0.0009931428571428572	16.70979356765747	893.0513279438019
49	148.57424366871123	142.33	41.1337890625	0.8503125	0.0002979	0.000993	15.993529081344604	909.0464782714844
50	132.02237702135787	125.04	42.136474609375	0.84818107	0.00029785714285714284	0.000992857142857143	15.884908199310303	924.9329528808594
51	146.58805581282465	143.79	41.89990234375	0.84601325	0.00029781428571428565	0.0009927142857142856	15.80405855178833	940.7386517524719
52	154.53890395630083	148.45	41.90576171875	0.843726	0.0002977714285714285	0.0009925714285714286	20.049195289611816	960.7891173362732
53	133.38004280784534	126.87	40.663818359375	0.841115	0.00029772857142857143	0.0009924285714285714	16.454277515411377	977.2452123165131
54	150.5298952593129	151.23	42.908203125	0.83931917	0.0002976857142857143	0.0009922857142857144	15.832555294036865	993.0789856910706
55	149.58352032393287	147.09	41.42333984375	0.83776355	0.0002976428571428571	0.000992142857142857	16.239811658859253	1009.3202204704285
56	160.55019138565007	153.78	42.439208984375	0.83561677	0.00029759999999999997	0.000992	15.808680057525635	1025.129806280136
57	138.75352531185675	133.91	39.500244140625	0.8340065	0.00029755714285714283	0.0009918571428571429	16.2530620098114	1041.384476184845
58	152.42037116053297	150.08	41.433349609375	0.8322565	0.0002975142857142857	0.0009917142857142859	15.714530229568481	1057.1002378463745
59	178.03435162387635	170.07	42.23779296875	0.8313742	0.00029747142857142856	0.0009915714285714285	15.93624758720398	1073.0379173755646
60	168.91139942098846	165.28	41.247314453125	0.82958585	0.0002974285714285714	0.0009914285714285715	15.825024127960205	1088.8642046451569
61	158.80237190625826	152.9	41.26025390625	0.82825595	0.0002973857142857143	0.0009912857142857143	15.731449604034424	1104.5969257354736
62	179.5998451494601	179.56	42.75244140625	0.826474	0.0002973428571428571	0.000991142857142857	15.835471868515015	1120.4339761734009
63	164.62175426391332	164.38	42.75146484375	0.8245163	0.00029729999999999996	0.000991	16.097749710083008	1136.5334026813507
64	177.62828823681102	175.6	41.275634765625	0.82263255	0.0002972571428571428	0.000990857142857143	16.21523404121399	1152.7502872943878
65	173.2410141840706	174.31	42.5185546875	0.8209979	0.0002972142857142857	0.0009907142857142857	15.720011234283447	1168.4725997447968
66	158.57930538852096	159.67	42.51953125	0.8192515	0.00029717142857142855	0.0009905714285714285	16.359063863754272	1184.8322432041168
67	176.86223431570085	176.38	42.771240234375	0.81756574	0.0002971285714285714	0.0009904285714285714	15.814266204833984	1200.6486485004425
68	169.40024567098092	165.35	42.03173828125	0.81625646	0.0002970857142857143	0.0009902857142857144	16.179924488067627	1216.8298063278198
69	144.30358642034017	146.17	41.299560546875	0.8145681	0.0002970428571428571	0.0009901428571428572	15.862549543380737	1232.6937589645386
70	145.24263972055098	144.29	41.3212890625	0.81272453	0.00029699999999999996	0.00099	16.32538390159607	1249.0214638710022
71	154.22436594901723	158.5	42.578857421875	0.81095386	0.0002969571428571428	0.0009898571428571428	16.024012804031372	1265.0468137264252
72	132.5627194108208	127.8	41.338134765625	0.80951184	0.0002969142857142857	0.0009897142857142858	16.455938577651978	1281.5036787986755
73	169.22542065976083	169.99	41.338134765625	0.80788255	0.00029687142857142855	0.0009895714285714286	15.942923069000244	1297.4485578536987
74	146.18970780890342	151.96	41.380615234375	0.8061302	0.0002968285714285714	0.0009894285714285714	15.807153224945068	1313.2568564414978
75	131.4385191445899	143.73	42.623046875	0.8041141	0.0002967857142857143	0.0009892857142857142	15.953416347503662	1329.2116329669952
76	131.81578153558974	145.79	42.873291015625	0.80191064	0.0002967428571428571	0.000989142857142857	15.892784595489502	1345.105260848999
77	74.44283783095536	81.25	42.62353515625	0.80003357	0.00029669999999999995	0.000989	15.932578325271606	1361.0391924381256
78	88.0031608233052	97.29	42.62744140625	0.7982056	0.0002966571428571428	0.0009888571428571429	42.185080766677856	1403.2257678508759
79	95.08356186745237	104.25	42.14013671875	0.7962157	0.00029661428571428573	0.0009887142857142857	15.940809488296509	1419.1682751178741
80	105.96094499650495	118.2	42.644775390625	0.7943244	0.00029657142857142854	0.0009885714285714285	15.835578441619873	1435.0055656433105
81	80.11100407397174	89.33	41.412841796875	0.7923406	0.0002965285714285714	0.0009884285714285715	15.870015621185303	1450.877001285553
82	104.07077686558458	116.84	42.916259765625	0.790513	0.00029648571428571427	0.0009882857142857143	15.847011804580688	1466.725944519043
83	88.98150363997708	102.31	41.425537109375	0.7884452	0.00029644285714285713	0.0009881428571428571	16.39454436302185	1483.1218631267548
84	146.2290832307044	166.31	43.17822265625	0.78625184	0.0002964	0.000988	16.234366178512573	1499.357943058014
85	92.0093216841725	105.48	41.466064453125	0.7844946	0.00029635714285714286	0.000987857142857143	31.238458395004272	1530.5969870090485
86	88.87841742081808	105.76	41.71630859375	0.7824671	0.0002963142857142857	0.0009877142857142858	16.365737915039062	1546.9641766548157
87	103.53610718950466	118.31	42.20947265625	0.7805717	0.00029627142857142853	0.0009875714285714286	15.821205854415894	1562.7869293689728
88	121.65586956175761	130.52	41.46875	0.77836996	0.0002962285714285714	0.0009874285714285714	16.368924140930176	1579.156996011734
89	80.3402931614748	92.82	41.974365234375	0.77585506	0.00029618571428571426	0.0009872857142857144	15.93790888786316	1595.0963945388794
90	77.29729965651659	89.76	41.73779296875	0.77393466	0.0002961428571428571	0.0009871428571428572	16.564001321792603	1611.6617302894592
91	84.99138150482358	94.16	42.73193359375	0.771766	0.0002961	0.000987	15.98845362663269	1627.6515562534332
92	82.20353875308871	95.48	41.762451171875	0.76924795	0.00029605714285714285	0.0009868571428571428	16.232330083847046	1643.8852634429932
93	82.24998853600631	93.8	41.76416015625	0.7671055	0.0002960142857142857	0.0009867142857142859	15.883705377578735	1659.7704014778137
94	103.95459080497498	111.54	41.5322265625	0.76472235	0.0002959714285714285	0.0009865714285714287	16.053755044937134	1675.825338602066
95	83.65275340747075	92.6	41.78369140625	0.7621539	0.0002959285714285714	0.0009864285714285715	15.881578207015991	1691.7083308696747
96	73.86008582705749	84.83	41.795654296875	0.7599613	0.00029588571428571425	0.0009862857142857143	16.34975790977478	1708.060016155243
97	83.6697998469695	92.99	41.797607421875	0.7574215	0.0002958428571428571	0.000986142857142857	16.284610748291016	1724.3463423252106
98	99.84382497483095	118.18	42.807373046875	0.7545521	0.0002958	0.0009860000000000001	16.01483178138733	1740.3625268936157
99	99.55762926789949	116.25	42.3134765625	0.7523686	0.00029575714285714284	0.000985857142857143	16.23819613456726	1756.6020815372467
100	101.37407526038291	121.36	43.124267578125	0.7501593	0.0002957142857142857	0.0009857142857142857	15.786627292633057	1772.3901391029358
101	107.5847591071065	129.77	41.6328125	0.7478245	0.0002956714285714285	0.0009855714285714285	16.28572916984558	1788.6764297485352
102	123.10725046990493	144.3	41.633544921875	0.7450251	0.0002956285714285714	0.0009854285714285716	15.9226233959198	1804.600474357605
103	121.67271113475718	140.85	41.6337890625	0.7432213	0.00029558571428571425	0.0009852857142857144	16.312754154205322	1820.9149310588837
104	106.77539435735115	122.65	42.629150390625	0.74041986	0.0002955428571428571	0.0009851428571428572	15.87397813796997	1836.790266752243
105	103.93681444891263	124.1	41.6376953125	0.73774534	0.00029549999999999997	0.000985	16.798532485961914	1853.5909819602966
106	108.97182047107104	125.21	41.64404296875	0.7354386	0.00029545714285714284	0.0009848571428571428	15.843663215637207	1869.4360461235046
107	111.51554463288872	123.28	40.894775390625	0.7332571	0.0002954142857142857	0.0009847142857142858	15.796452283859253	1885.264860868454
108	107.63607380281954	126.19	43.160400390625	0.73101974	0.0002953714285714285	0.0009845714285714286	15.860649585723877	1901.1270537376404
109	109.06138157614565	126.75	41.6787109375	0.72792286	0.00029532857142857143	0.0009844285714285714	15.852160453796387	1916.9805941581726
110	109.62901748678745	123.37	41.1787109375	0.7251273	0.0002952857142857143	0.0009842857142857142	16.41806197166443	1933.3995792865753
111	96.11208740344954	109.69	42.171875	0.72241354	0.0002952428571428571	0.000984142857142857	15.843399286270142	1949.2454018592834
112	71.87077619359336	86.36	41.181640625	0.71966857	0.00029519999999999997	0.000984	16.23017954826355	1965.4769201278687
113	68.82894556658002	86.83	41.191162109375	0.717072	0.00029515714285714283	0.0009838571428571429	15.90907096862793	1981.3873572349548
114	84.46979398284748	100.4	40.13134765625	0.71417904	0.0002951142857142857	0.0009837142857142857	19.19518780708313	2000.58269572258
115	67.74393742067001	91.92	41.20166015625	0.711168	0.00029507142857142856	0.0009835714285714285	15.92533016204834	2016.5094180107117
116	67.93635914147899	88.97	41.210693359375	0.70841885	0.0002950285714285714	0.0009834285714285715	16.54237699508667	2033.053477048874
117	71.56474505885232	93.68	42.7099609375	0.7056139	0.0002949857142857143	0.0009832857142857143	15.919208765029907	2048.9745438098907
118	89.7748901276913	112.42	41.263427734375	0.70219374	0.0002949428571428571	0.0009831428571428571	15.921162128448486	2064.896998167038
119	93.26446920657364	119.85	41.264404296875	0.69963455	0.00029489999999999996	0.000983	15.90819263458252	2080.8068964481354
120	93.2028122480037	116.82	41.310546875	0.69726044	0.0002948571428571428	0.000982857142857143	17.294260025024414	2098.102007627487
121	87.67184181612625	117.22	41.310546875	0.6950342	0.0002948142857142857	0.0009827142857142858	16.39820384979248	2114.5015349388123
122	90.21991854220805	118.77	41.310791015625	0.69251615	0.00029477142857142855	0.0009825714285714286	15.85593581199646	2130.359153985977
123	101.47498799189556	125.32	41.311767578125	0.69003534	0.0002947285714285714	0.0009824285714285714	16.38362169265747	2146.744110584259
124	66.58129573991279	86.83	41.312744140625	0.6872983	0.0002946857142857143	0.0009822857142857144	15.86918830871582	2162.614960670471
125	81.82074527986369	100.01	42.8056640625	0.6848423	0.0002946428571428571	0.0009821428571428572	16.428597927093506	2179.044115781784
126	81.72425664557176	105.42	41.31494140625	0.68199295	0.00029459999999999995	0.000982	15.935645818710327	2194.981112241745
127	82.25227994398014	99.04	41.31494140625	0.67931527	0.0002945571428571428	0.0009818571428571428	16.824188709259033	2211.806267261505
128	93.75090814153965	117.51	41.31494140625	0.67642695	0.0002945142857142857	0.0009817142857142858	15.931518077850342	2227.7395153045654
129	88.84158572946718	109.66	41.322998046875	0.67370945	0.00029447142857142854	0.0009815714285714287	15.867525815963745	2243.6084389686584
130	90.39421444625935	118.02	43.320068359375	0.67063904	0.0002944285714285714	0.0009814285714285715	15.921148538589478	2259.5309612751007
131	89.44526517955772	118.37	41.60107421875	0.66793704	0.00029438571428571427	0.0009812857142857143	15.924710988998413	2275.4564361572266
132	91.25095449879855	118.5	41.351806640625	0.665154	0.0002943428571428571	0.000981142857142857	15.894515037536621	2291.352692604065
133	85.89283785395357	114.14	41.3701171875	0.66239065	0.00029429999999999994	0.000981	15.959834575653076	2307.313898086548
134	92.09201126327893	113.41	42.386474609375	0.65954804	0.00029425714285714286	0.000980857142857143	16.283292055130005	2323.5985476970673
135	66.38323643958648	84.88	42.872314453125	0.6566729	0.0002942142857142857	0.0009807142857142857	16.15758490562439	2339.758086204529
136	79.4942875412276	116.39	41.393798828125	0.6539454	0.00029417142857142854	0.0009805714285714285	16.376990795135498	2356.13689661026
137	90.89277700220472	118.89	41.652587890625	0.6516901	0.0002941285714285714	0.0009804285714285715	15.84093952178955	2371.9791610240936
138	119.77720745000366	157.1	41.6875	0.64896053	0.00029408571428571426	0.0009802857142857144	16.34332847595215	2388.323385953903
139	88.45476937602416	121.65	42.6826171875	0.6463665	0.0002940428571428571	0.0009801428571428572	15.86496639251709	2404.189787387848
140	82.09712496658973	119.8	41.447998046875	0.644011	0.000294	0.00098	16.436978578567505	2420.6273787021637
141	91.54002116380526	128.93	41.447998046875	0.64149123	0.00029395714285714285	0.000979857142857143	16.02101469039917	2436.649913787842
142	95.81498742576818	131.95	43.449462890625	0.63955045	0.0002939142857142857	0.0009797142857142858	14.557178497314453	2451.2081112861633
143	112.97089131706278	153.06	43.45703125	0.6372104	0.00029387142857142853	0.0009795714285714286	15.972766160964966	2467.181460380554
144	131.59098704270195	169.14	43.197021484375	0.63504386	0.0002938285714285714	0.0009794285714285714	15.951438903808594	2483.1346502304077
145	132.20935178736286	177.11	43.707275390625	0.63455766	0.00029378571428571426	0.0009792857142857144	10.410982370376587	2493.547016620636
146	152.45242154627846	203.29	44.1943359375	0.63435626	0.0002937428571428571	0.000979142857142857	10.729394435882568	2504.2769820690155
147	172.76166082941185	232.8	43.966064453125	0.63413674	0.0002937	0.000979	10.261569023132324	2514.5402884483337
148	147.497566757216	195.93	42.973876953125	0.63390857	0.00029365714285714285	0.0009788571428571429	10.274800062179565	2524.8156127929688
149	142.66888063701327	196.12	44.480712890625	0.6336734	0.0002936142857142857	0.0009787142857142859	10.703944444656372	2535.5210180282593
150	153.22517420604726	211.78	44.2607421875	0.6334386	0.0002935714285714285	0.0009785714285714285	10.238113641738892	2545.7596707344055
151	140.57415801331226	203.45	43.024169921875	0.6331975	0.0002935285714285714	0.0009784285714285715	10.247651100158691	2556.0095925331116
152	146.78272195554857	199.67	43.024658203125	0.63296336	0.00029348571428571425	0.0009782857142857143	10.723102331161499	2566.7328021526337
153	170.96194688884157	241.2	44.044189453125	0.6327363	0.0002934428571428571	0.0009781428571428571	10.230168581008911	2576.9644124507904
154	157.67830277754496	232.53	44.347900390625	0.6325168	0.0002934	0.000978	10.283475160598755	2587.2481038570404
155	219.07056946527618	309.79	44.098388671875	0.6322991	0.00029335714285714284	0.000977857142857143	10.259085655212402	2597.5086464881897
156	208.29619615533178	303.81	44.106201171875	0.6320879	0.0002933142857142857	0.0009777142857142858	10.218811273574829	2607.7280406951904
157	221.58426048301018	309.85	44.10693359375	0.63188386	0.0002932714285714285	0.0009775714285714286	10.224238157272339	2617.953775405884
158	217.91971128874087	319.13	43.390380859375	0.63167566	0.0002932285714285714	0.0009774285714285714	10.19079327583313	2628.1451642513275
159	156.09689903308146	239.87	43.147216796875	0.6314773	0.0002931857142857143	0.0009772857142857144	10.151769638061523	2638.2986867427826
160	184.56343512873045	280.61	44.647216796875	0.6312905	0.0002931428571428571	0.0009771428571428572	10.245185136795044	2648.544473171234
161	151.65533279205002	220.95	44.4052734375	0.63111967	0.00029309999999999997	0.000977	10.186671257019043	2658.732511997223
162	165.52969390791338	269.67	44.655517578125	0.6309568	0.00029305714285714283	0.0009768571428571428	10.14976692199707	2668.8828547000885
163	198.09884864902926	304.63	44.15576171875	0.63080066	0.0002930142857142857	0.0009767142857142858	10.228934049606323	2679.11377453804
164	204.42186419755475	317.79	44.9169921875	0.63064647	0.00029297142857142856	0.0009765714285714286	11.230635166168213	2690.344957113266
165	205.80948989053212	300.68	44.43896484375	0.6304936	0.0002929285714285714	0.0009764285714285714	10.188564777374268	2700.534989118576
166	218.31189643392895	325.15	44.6865234375	0.6303509	0.0002928857142857143	0.0009762857142857144	10.181849241256714	2710.717076063156
167	170.99290634441385	283.26	43.201171875	0.6302102	0.0002928428571428571	0.0009761428571428571	10.24997591972351	2720.9686958789825
168	179.15440401893	284.64	44.693359375	0.6300729	0.00029279999999999996	0.000976	10.144648313522339	2731.1135382652283
169	221.3469235415776	321.35	43.201416015625	0.62993306	0.0002927571428571428	0.0009758571428571429	10.120936632156372	2741.2346506118774
170	213.88925907424763	351.89	43.489013671875	0.6298049	0.0002927142857142857	0.0009757142857142858	10.232206106185913	2751.468945980072
171	206.2309548749675	350.45	43.481689453125	0.6295524	0.00029267142857142855	0.0009755714285714285	10.161230087280273	2761.63077545166
172	190.2610451495685	327.12	41.26513671875	0.62941843	0.0002926285714285714	0.0009754285714285714	10.123855352401733	2771.756665945053
173	208.2410210365638	347.19	43.77978515625	0.6292786	0.0002925857142857143	0.0009752857142857143	10.28162431716919	2782.03888630867
174	207.02052793749797	370.04	43.050048828125	0.629152	0.0002925428571428571	0.0009751428571428571	10.133738279342651	2792.1746253967285
175	187.33788861999668	327.95	43.050048828125	0.62903285	0.00029249999999999995	0.000975	10.641129970550537	2802.816317796707
176	188.56085421875503	331.51	43.308349609375	0.62891054	0.0002924571428571428	0.0009748571428571429	10.543396472930908	2813.3612830638885
177	233.35105763537823	411.32	44.572265625	0.62879366	0.0002924142857142857	0.0009747142857142858	10.148251295089722	2823.510094165802
178	261.02499193890543	447.95	44.07275390625	0.62867624	0.00029237142857142855	0.0009745714285714286	10.784191131591797	2834.2962517738342
179	247.7491097163538	450.33	44.8349609375	0.6285624	0.0002923285714285714	0.0009744285714285714	10.195648431777954	2844.492436647415
180	237.19211126095104	413.7	44.343017578125	0.6284457	0.0002922857142857143	0.0009742857142857143	10.200404167175293	2854.694979429245
181	194.65553717604115	357.81	44.472900390625	0.6283383	0.00029224285714285714	0.0009741428571428572	10.734277963638306	2865.42946100235
182	169.34924719235528	319.49	43.71533203125	0.62809986	0.00029219999999999995	0.000974	10.240084648132324	2875.6709010601044
183	234.77859060683164	438.84	44.02001953125	0.6279654	0.0002921571428571428	0.0009738571428571428	10.213951110839844	2885.8854608535767
184	231.82936929122982	427.43	44.302001953125	0.6278402	0.0002921142857142857	0.0009737142857142858	10.666321039199829	2896.552343606949
185	197.9256689291409	413.6	44.554443359375	0.6277136	0.00029207142857142854	0.0009735714285714286	10.355190992355347	2906.909556865692
186	228.45130316023224	447.94	44.55810546875	0.62759054	0.0002920285714285714	0.0009734285714285715	10.228654384613037	2917.138777256012
187	200.01932744474132	414.46	44.580810546875	0.6274688	0.00029198571428571427	0.0009732857142857143	10.312482595443726	2927.4529299736023
188	218.21910994493908	442.5	44.82470703125	0.6273459	0.0002919428571428571	0.0009731428571428571	10.353548765182495	2937.8070471286774
189	226.57761329788912	452.87	43.5986328125	0.62722296	0.0002919	0.000973	10.749804496765137	2948.55890083313
190	216.31270081089488	454.61	44.595703125	0.62709683	0.00029185714285714286	0.0009728571428571429	10.176184177398682	2958.735642194748
191	235.2725791370184	424.12	44.61865234375	0.6269695	0.0002918142857142857	0.0009727142857142857	10.118647575378418	2968.8560938835144
192	237.01350914767744	475.84	44.875	0.6268483	0.00029177142857142853	0.0009725714285714285	10.180851221084595	2979.0375592708588
193	244.63719892764573	476.29	44.643798828125	0.6267269	0.0002917285714285714	0.0009724285714285715	10.199077129364014	2989.238701581955
194	317.07654245257794	549.96	44.394775390625	0.62658983	0.00029168571428571426	0.0009722857142857144	10.134857654571533	2999.3741252422333
195	233.99270575001978	468.53	44.663330078125	0.62643903	0.0002916428571428571	0.0009721428571428572	10.168086051940918	3009.5442435741425
196	184.15497283073185	384.36	44.4228515625	0.6262977	0.0002916	0.000972	10.243297576904297	3019.7881145477295
197	214.07174906431152	397.11	43.693359375	0.62615454	0.00029155714285714285	0.0009718571428571429	10.115856409072876	3029.9059207439423
198	231.51509989996833	413.78	44.94482421875	0.6260209	0.0002915142857142857	0.0009717142857142858	10.184048175811768	3040.090530872345
199	285.2169161793709	502.45	44.4482421875	0.62588555	0.0002914714285714285	0.0009715714285714285	13.517970561981201	3053.6109998226166
200	270.5495622882903	491.51	43.959716796875	0.6256159	0.0002914285714285714	0.0009714285714285714	10.220994710922241	3063.8325786590576
201	285.52037524801005	544.71	44.461669921875	0.6254668	0.00029138571428571425	0.0009712857142857144	10.680043697357178	3074.5140109062195
202	313.51304827445324	599.0	43.739501953125	0.6253166	0.0002913428571428571	0.0009711428571428573	10.178470849990845	3084.693034172058
203	223.84387698602245	466.07	44.233642578125	0.62516874	0.0002913	0.000971	10.137822389602661	3094.832774400711
204	224.45740828708898	464.93	44.748291015625	0.6250271	0.00029125714285714284	0.0009708571428571429	10.685327291488647	3105.5187005996704
205	215.16672905490776	442.28	44.73828125	0.62488574	0.0002912142857142857	0.0009707142857142858	10.150210618972778	3115.670752763748
206	238.31498650826782	523.93	44.50390625	0.6247503	0.0002911714285714285	0.0009705714285714285	10.163517475128174	3125.8348426818848
207	210.3446087400768	483.79	43.993896484375	0.62445426	0.0002911285714285714	0.0009704285714285714	10.71976613998413	3136.5565094947815
208	267.18533136372525	546.12	44.50439453125	0.62430483	0.00029108571428571424	0.0009702857142857143	10.143025398254395	3146.7000999450684
209	197.4104921829911	447.61	44.75390625	0.6241609	0.0002910428571428571	0.0009701428571428572	10.277320384979248	3156.9792773723602
210	157.7839241569742	357.46	44.799072265625	0.62400854	0.00029099999999999997	0.0009699999999999999	10.521476984024048	3167.501297235489
211	142.72551909680973	332.02	44.7890625	0.62384915	0.00029095714285714284	0.0009698571428571429	10.178915739059448	3177.682302713394
212	172.52563799908614	364.98	44.3017578125	0.6236859	0.0002909142857142857	0.0009697142857142858	10.269709348678589	3187.952620744705
213	220.82929317275787	452.48	43.82275390625	0.6235159	0.0002908714285714285	0.0009695714285714286	10.126956939697266	3198.081731557846
214	249.5856694323063	489.89	45.082763671875	0.62334806	0.0002908285714285714	0.0009694285714285714	10.143479108810425	3208.225796699524
215	222.90063383308544	457.28	44.576416015625	0.6231804	0.0002907857142857143	0.0009692857142857143	10.150689601898193	3218.3784313201904
216	151.28771507845474	336.32	45.090087890625	0.6230092	0.00029074285714285715	0.0009691428571428572	10.10095477104187	3228.4800004959106
217	205.09308739620872	428.95	44.84228515625	0.62284863	0.00029069999999999996	0.000969	10.07627558708191	3238.556444168091
218	243.2794252687801	485.04	44.602294921875	0.6226972	0.00029065714285714283	0.0009688571428571428	10.118468999862671	3248.677290916443
219	238.80281527341762	481.35	44.6123046875	0.6225509	0.0002906142857142857	0.0009687142857142857	10.117082118988037	3258.7949652671814
220	324.3085437310613	623.92	44.88134765625	0.62241	0.00029057142857142856	0.0009685714285714286	10.085800170898438	3268.882532596588
221	260.42330522209073	545.26	44.619140625	0.62226206	0.0002905285714285714	0.0009684285714285715	10.098405838012695	3278.9815335273743
222	276.1704389141186	563.57	45.144287109375	0.6221091	0.0002904857142857143	0.0009682857142857143	10.191617012023926	3289.174769639969
223	278.6406224448046	572.43	44.88427734375	0.62195706	0.00029044285714285715	0.0009681428571428572	10.146504163742065	3299.321856737137
224	313.65272119134175	627.5	45.1552734375	0.6218	0.00029039999999999996	0.000968	10.14096999168396	3309.4647147655487
225	352.59637053406567	712.52	44.6572265625	0.6215177	0.0002903571428571428	0.0009678571428571429	10.441674709320068	3319.9069607257843
226	292.30893015941126	612.73	45.174072265625	0.6213868	0.0002903142857142857	0.0009677142857142857	10.097973346710205	3330.006379842758
227	284.9450978485848	551.96	44.678955078125	0.62124944	0.00029027142857142855	0.0009675714285714285	10.174454927444458	3340.1814138889313
228	225.52501348226292	512.89	44.93994140625	0.62111104	0.0002902285714285714	0.0009674285714285714	10.135441064834595	3350.3188061714172
229	284.79050325379137	583.95	41.874755859375	0.6209879	0.0002901857142857143	0.0009672857142857144	10.051841259002686	3360.3712165355682
230	268.6930766562111	545.31	44.903076171875	0.6208689	0.00029014285714285714	0.0009671428571428572	10.124088764190674	3370.497122526169
231	301.4180883185715	608.19	44.652099609375	0.62074745	0.00029009999999999995	0.000967	10.106038093566895	3380.603715658188
232	267.59115190330346	547.3	45.424072265625	0.6206334	0.0002900571428571428	0.0009668571428571429	10.057016849517822	3390.663364171982
233	288.47438745953656	595.83	44.42822265625	0.62052256	0.0002900142857142857	0.0009667142857142858	10.077321529388428	3400.7412412166595
234	241.30779302169168	519.85	43.93359375	0.62030107	0.00028997142857142854	0.0009665714285714285	10.928861618041992	3411.672100543976
235	348.4508804258801	665.53	44.9365234375	0.6202054	0.0002899285714285714	0.0009664285714285714	10.090993881225586	3421.7636964321136
236	324.87189873333415	634.6	45.20751953125	0.62010187	0.00028988571428571427	0.0009662857142857143	10.077308416366577	3431.8426773548126
237	239.6690741537007	506.48	44.70703125	0.619993	0.00028984285714285713	0.0009661428571428573	10.196850538253784	3442.0400907993317
238	189.42148707641084	437.16	45.51220703125	0.61987656	0.00028979999999999994	0.000966	10.100064039230347	3452.1420159339905
239	214.57187671175663	454.81	44.276123046875	0.61976856	0.0002897571428571428	0.0009658571428571429	10.584754467010498	3462.7273576259613
240	210.2614941873118	497.71	45.018310546875	0.6196585	0.0002897142857142857	0.0009657142857142858	10.034547567367554	3472.763911962509
241	249.31030412674474	527.78	43.794677734375	0.61953706	0.00028967142857142853	0.0009655714285714286	10.036298513412476	3482.8007657527924
242	288.55092800670974	567.4	45.291015625	0.6194142	0.0002896285714285714	0.0009654285714285714	10.69810676574707	3493.501302242279
243	295.4621551240268	595.82	45.2998046875	0.6192918	0.00028958571428571426	0.0009652857142857143	10.007203102111816	3503.509142637253
244	263.0743649007342	535.78	44.81005859375	0.6191683	0.0002895428571428571	0.0009651428571428572	10.122822761535645	3513.634507894516
245	245.54794852507993	531.57	44.816650390625	0.61904186	0.0002895	0.000965	10.557248592376709	3524.192340373993
246	313.9558427580771	627.45	45.323486328125	0.61891943	0.00028945714285714285	0.0009648571428571428	10.431355476379395	3534.624808549881
247	349.9173758210359	666.84	45.335205078125	0.6187961	0.0002894142857142857	0.0009647142857142858	10.008583545684814	3544.633495569229
248	355.44395700805006	718.02	45.088134765625	0.6186773	0.0002893714285714285	0.0009645714285714286	10.501830577850342	3555.137073278427
249	377.224989257114	713.09	45.344970703125	0.61855483	0.0002893285714285714	0.0009644285714285715	10.014143466949463	3565.1517956256866
250	358.0250142179036	672.09	44.852294921875	0.6184296	0.00028928571428571425	0.0009642857142857143	10.033711910247803	3575.188531398773
251	349.3446856607357	674.51	44.864990234375	0.6183068	0.0002892428571428571	0.0009641428571428572	10.506690979003906	3585.695830821991
252	353.52081481708194	696.94	45.125	0.6181928	0.0002892	0.000964	10.044673919677734	3595.7431030273438
253	348.3484005495289	657.95	44.3818359375	0.617948	0.00028915714285714285	0.0009638571428571429	10.051018238067627	3605.794795513153
254	364.5171989311704	729.42	43.8994140625	0.6178171	0.0002891142857142857	0.0009637142857142857	10.557863473892212	3616.35471701622
255	303.3559869442166	640.65	45.150390625	0.6176748	0.0002890714285714285	0.0009635714285714285	10.031489372253418	3626.3867630958557
256	257.6762701256637	546.19	45.408203125	0.6175328	0.0002890285714285714	0.0009634285714285715	10.056962490081787	3636.4460456371307
257	289.47051919742023	594.63	45.488525390625	0.6173985	0.00028898571428571425	0.0009632857142857144	10.521586656570435	3646.9682245254517
258	341.67306822543685	718.39	44.980712890625	0.6172715	0.0002889428571428571	0.0009631428571428572	10.089098453521729	3657.058895587921
259	328.8713924806119	682.42	44.26025390625	0.6171554	0.0002889	0.000963	10.08584189414978	3667.1453199386597
260	318.71984138201947	642.75	44.759521484375	0.61704725	0.00028885714285714284	0.0009628571428571429	10.247982025146484	3677.39515376091
261	278.0033478259473	557.69	44.26513671875	0.61679345	0.0002888142857142857	0.0009627142857142857	10.119382381439209	3687.5151195526123
262	294.7194081620153	591.81	45.279052734375	0.6166583	0.0002887714285714285	0.0009625714285714285	10.056227684020996	3697.573055744171
263	312.32070632222155	637.23	44.78173828125	0.61651236	0.0002887285714285714	0.0009624285714285714	10.078128576278687	3707.6517860889435
264	301.85822326615613	621.77	45.539794921875	0.61637324	0.00028868571428571424	0.0009622857142857144	10.04088807106018	3717.6946408748627
265	258.13952480781495	572.79	45.050048828125	0.6162421	0.00028864285714285716	0.0009621428571428572	10.08931827545166	3727.784550666809
266	258.58551300257005	582.21	45.30810546875	0.6161122	0.00028859999999999997	0.000962	10.151260375976562	3737.937722682953
267	245.39620172933553	522.03	45.067138671875	0.6159782	0.00028855714285714283	0.0009618571428571429	10.001948833465576	3747.9402470588684
268	332.09922891725944	633.58	45.3232421875	0.6158425	0.0002885142857142857	0.0009617142857142858	10.001371622085571	3757.943550825119
269	333.05717496023163	653.33	45.0732421875	0.6157154	0.0002884714285714285	0.0009615714285714285	10.014081478118896	3767.9582345485687
270	358.29134902830924	648.21	44.8232421875	0.6155861	0.0002884285714285714	0.0009614285714285714	10.043400764465332	3778.004141807556
271	337.6305024168616	634.81	45.345703125	0.61545783	0.0002883857142857143	0.0009612857142857143	9.978371143341064	3787.983075618744
272	298.0054330572795	585.66	45.595703125	0.61533755	0.00028834285714285715	0.0009611428571428572	10.002663850784302	3797.9876992702484
273	269.61921403032966	551.01	44.353515625	0.6152101	0.00028829999999999996	0.0009609999999999999	15.447884559631348	3813.436175584793
274	327.3403175942889	610.22	45.103515625	0.61507314	0.0002882571428571428	0.0009608571428571429	14.905721664428711	3828.345448732376
275	298.18532101945414	584.04	45.595703125	0.61493486	0.0002882142857142857	0.0009607142857142858	10.002290487289429	3838.3483362197876
276	331.7730269576995	624.97	45.385986328125	0.61479384	0.00028817142857142855	0.0009605714285714286	9.991745233535767	3848.341961622238
277	328.84855362513895	669.79	44.39404296875	0.6145136	0.0002881285714285714	0.0009604285714285714	10.038818120956421	3858.3814659118652
278	315.1539777800934	596.63	44.15185546875	0.6143841	0.0002880857142857143	0.0009602857142857143	9.998486042022705	3868.380512237549
279	203.80571129151434	413.43	45.144287109375	0.61425394	0.00028804285714285714	0.0009601428571428572	10.023760318756104	3878.4062757492065
280	154.7475506754787	347.55	45.394287109375	0.6141274	0.00028799999999999995	0.00096	10.157183647155762	3888.5640189647675
281	193.66864972892506	405.59	45.39453125	0.61399794	0.0002879571428571428	0.0009598571428571428	10.10596513748169	3898.6722452640533
282	275.98216792607246	563.59	45.6884765625	0.61386967	0.0002879142857142857	0.0009597142857142857	9.998209476470947	3908.67107629776
283	315.87825217332306	616.71	44.4462890625	0.61374706	0.00028787142857142854	0.0009595714285714286	10.023242950439453	3918.69647359848
284	297.6732436132477	641.45	45.954833984375	0.61362594	0.0002878285714285714	0.0009594285714285715	9.974024534225464	3928.6710953712463
285	242.62484062793766	524.7	45.212890625	0.6133508	0.00028778571428571427	0.0009592857142857143	10.04439091682434	3938.7176389694214
286	281.05581987421846	592.76	45.71875	0.6132096	0.00028774285714285714	0.0009591428571428572	10.041776418685913	3948.7600359916687
287	215.06170608595082	478.22	42.400634765625	0.61307275	0.00028769999999999995	0.000959	9.98428201675415	3958.7449295520782
288	134.25552833808194	351.39	44.921630859375	0.6129338	0.0002876571428571428	0.0009588571428571429	10.018896579742432	3968.7658276557922
289	98.46173401617112	257.11	45.201171875	0.61278963	0.0002876142857142857	0.0009587142857142857	10.016875505447388	3978.783328294754
290	83.21115068661514	246.19	45.22265625	0.6126422	0.00028757142857142854	0.0009585714285714286	10.019922733306885	3988.8038544654846
291	167.9209404895135	433.77	45.476318359375	0.6124955	0.0002875285714285714	0.0009584285714285714	9.99466872215271	3998.8009428977966
292	200.5995465346185	480.59	45.517333984375	0.6123518	0.00028748571428571427	0.0009582857142857144	10.043304920196533	4008.8448350429535
293	237.67562567420916	533.47	46.2763671875	0.61220366	0.00028744285714285713	0.0009581428571428572	10.024453401565552	4018.8712685108185
294	187.078662634098	475.95	46.037353515625	0.612066	0.00028739999999999994	0.000958	10.00410532951355	4028.8759529590607
295	219.35547915019058	534.3	45.79150390625	0.61193264	0.00028735714285714286	0.0009578571428571429	10.031721591949463	4038.909972190857
296	241.80890320496954	552.18	45.30908203125	0.6118012	0.0002873142857142857	0.0009577142857142858	9.999965190887451	4048.910537958145
297	267.72194014756997	539.87	46.061279296875	0.6116701	0.00028727142857142853	0.0009575714285714285	9.9960196018219	4058.9089348316193
298	254.49126640688365	551.42	45.331787109375	0.6115498	0.0002872285714285714	0.0009574285714285714	10.334588527679443	4069.244110107422
299	306.76464647231745	619.69	44.83740234375	0.6114431	0.00028718571428571426	0.0009572857142857143	9.992220878601074	4079.23824262619
300	340.87009592334414	682.57	45.098388671875	0.61133665	0.0002871428571428571	0.0009571428571428573	10.00775957107544	4089.246610403061
301	364.08457729837295	741.0	45.8505859375	0.6112378	0.0002871	0.000957	9.997309446334839	4099.2463183403015
302	328.38153585587935	664.94	44.87060546875	0.61114264	0.00028705714285714285	0.0009568571428571429	9.983116149902344	4109.230012893677
303	369.5730017385644	748.48	45.37939453125	0.61104363	0.0002870142857142857	0.0009567142857142858	9.986825466156006	4119.218723535538
304	318.12915823379774	684.92	45.888427734375	0.61094946	0.0002869714285714286	0.0009565714285714287	9.986285209655762	4129.205579519272
305	277.39858493760903	603.56	45.397216796875	0.61085	0.0002869285714285714	0.0009564285714285714	10.079296350479126	4139.286799669266
306	346.5204351980784	760.91	45.6591796875	0.6107388	0.00028688571428571425	0.0009562857142857143	9.959774017333984	4149.2471742630005
307	325.64112217323327	703.37	45.913330078125	0.6106343	0.0002868428571428571	0.0009561428571428572	10.042730569839478	4159.291840314865
308	384.59417980839754	771.46	45.43505859375	0.61052614	0.0002868	0.0009559999999999999	9.948325157165527	4169.240870714188
309	388.2696272053306	778.69	45.43359375	0.6102935	0.00028675714285714284	0.0009558571428571428	10.034815549850464	4179.276253461838
310	327.0348177250606	681.34	45.197265625	0.6101758	0.0002867142857142857	0.0009557142857142858	9.94073486328125	4189.21809720993
311	343.2775889058346	729.16	45.947998046875	0.61006314	0.0002866714285714285	0.0009555714285714286	9.98183274269104	4199.200604438782
312	294.0037328274987	589.76	45.956298828125	0.60994893	0.0002866285714285714	0.0009554285714285714	9.99289321899414	4209.194097518921
313	225.90165842338683	497.31	45.47314453125	0.60983104	0.00028658571428571424	0.0009552857142857143	10.027045011520386	4219.224341869354
314	207.4920842399106	458.95	45.226318359375	0.60971963	0.0002865428571428571	0.0009551428571428572	10.001986503601074	4229.226890802383
315	223.7236406645144	536.35	45.484130859375	0.60961396	0.00028649999999999997	0.000955	10.022969484329224	4239.251393795013
316	261.4790971239799	545.44	44.512939453125	0.6095087	0.00028645714285714283	0.0009548571428571428	10.018095016479492	4249.2701098918915
317	363.05554578988784	715.56	45.26416015625	0.60940677	0.0002864142857142857	0.0009547142857142857	10.013237237930298	4259.285165071487
318	318.39260264541696	678.13	46.272216796875	0.6093069	0.00028637142857142856	0.0009545714285714286	9.962239265441895	4269.2479729652405
319	306.9305515880873	610.51	46.029296875	0.6092046	0.00028632857142857137	0.0009544285714285715	10.025038003921509	4279.275500535965
320	371.94138792211226	717.66	45.796875	0.60909694	0.00028628571428571424	0.0009542857142857143	9.976277589797974	4289.252380609512
321	336.22763077998434	671.5	46.051025390625	0.6089942	0.00028624285714285715	0.0009541428571428572	10.001302003860474	4299.255219936371
322	325.94261432977373	659.31	46.066162109375	0.6088839	0.00028619999999999996	0.000954	9.98631501197815	4309.242109298706
323	307.94303927872977	618.53	46.06787109375	0.6087679	0.00028615714285714283	0.0009538571428571429	9.97405219078064	4319.218058824539
324	335.0360664176377	641.51	45.0859375	0.60853446	0.0002861142857142857	0.0009537142857142857	9.882980585098267	4329.101619958878
325	280.1725514615083	599.66	44.603271484375	0.60840887	0.00028607142857142856	0.0009535714285714285	9.775105714797974	4338.878801584244
326	332.8617482426342	703.56	45.853759765625	0.6082849	0.0002860285714285714	0.0009534285714285714	9.646663427352905	4348.526080608368
327	326.15461356174626	670.9	44.87109375	0.6081602	0.0002859857142857143	0.0009532857142857143	9.621846675872803	4358.149870157242
328	292.6011685016104	592.99	45.875	0.6080382	0.00028594285714285715	0.0009531428571428572	9.770545721054077	4367.921018123627
329	295.52373238643605	635.53	45.876953125	0.60791844	0.00028589999999999996	0.000953	9.676472187042236	4377.599536657333
330	356.0619062414041	702.94	45.14453125	0.60779697	0.0002858571428571428	0.0009528571428571429	9.608917713165283	4387.209064722061
331	356.66627982267573	690.51	46.156494140625	0.6076804	0.0002858142857142857	0.0009527142857142858	10.114703893661499	4397.325971841812
332	338.8286769664817	711.6	44.91552734375	0.6074039	0.00028577142857142855	0.0009525714285714286	9.724611282348633	4407.051150560379
333	320.55466326463534	645.55	44.92822265625	0.6072548	0.0002857285714285714	0.0009524285714285714	9.638659954071045	4416.691518783569
334	320.9010832849342	648.48	44.691162109375	0.6071122	0.0002856857142857143	0.0009522857142857143	10.122593402862549	4426.814742565155
335	320.15262154818925	654.92	45.6923828125	0.606974	0.00028564285714285714	0.0009521428571428572	9.655140161514282	4436.47160243988
336	298.2562157459341	587.5	46.1943359375	0.60683024	0.00028559999999999995	0.0009519999999999999	9.636324882507324	4446.10854101181
337	287.9983592327113	611.25	45.958740234375	0.6066914	0.0002855571428571428	0.0009518571428571429	10.260459899902344	4456.371294736862
338	321.01443661190933	630.49	44.974365234375	0.60643595	0.0002855142857142857	0.0009517142857142858	9.71177077293396	4466.083699226379
339	287.8105797877659	582.01	44.73583984375	0.6063072	0.00028547142857142854	0.0009515714285714286	9.682491064071655	4475.766765594482
340	298.44212151347637	634.19	45.493408203125	0.6061716	0.0002854285714285714	0.0009514285714285714	10.29425573348999	4486.062915086746
341	325.7873393709695	653.11	45.009033203125	0.6060364	0.00028538571428571427	0.0009512857142857143	9.775652885437012	4495.839178085327
342	353.2903434026297	680.91	45.762939453125	0.6059119	0.00028534285714285713	0.0009511428571428572	9.751072645187378	4505.5930054187775
343	357.4399937939555	681.55	46.52197265625	0.6057882	0.00028529999999999994	0.000951	10.543438911437988	4516.137046813965
344	339.26088682918436	685.34	42.96728515625	0.6056698	0.0002852571428571428	0.0009508571428571428	9.625561714172363	4525.76500916481
345	398.24142974330493	733.9	45.778076171875	0.6055466	0.00028521428571428567	0.0009507142857142857	9.694713592529297	4535.460342884064
346	345.63325924282697	690.99	46.792724609375	0.6054291	0.0002851714285714286	0.0009505714285714287	10.493164539337158	4545.954518318176
347	370.8428252116512	715.54	45.8037109375	0.6053112	0.0002851285714285714	0.0009504285714285715	9.673628807067871	4555.628727674484
348	340.6226216960692	654.58	46.06494140625	0.60519654	0.00028508571428571426	0.0009502857142857143	9.651134729385376	4565.281779527664
349	423.5617769894402	756.17	45.330322265625	0.60508084	0.0002850428571428571	0.0009501428571428572	10.158964395523071	4575.441485643387
350	401.08658238220465	722.07	45.333740234375	0.6049671	0.000285	0.00095	9.664902687072754	4585.106970071793
351	435.5996832165229	770.13	45.0947265625	0.604735	0.00028495714285714285	0.0009498571428571429	9.667770862579346	4594.77670955658
352	375.6402137790172	699.11	44.86865234375	0.60461134	0.0002849142857142857	0.0009497142857142857	10.178891897201538	4604.956225633621
353	438.85089764344093	751.44	45.87841796875	0.60449106	0.0002848714285714286	0.0009495714285714286	9.910841226577759	4614.867639303207
354	349.1090986385967	642.41	45.38037109375	0.60438037	0.0002848285714285714	0.0009494285714285714	9.65776777267456	4624.5273241996765
355	334.61072763836023	649.6	46.14013671875	0.60426927	0.00028478571428571425	0.0009492857142857144	10.28563928604126	4634.813601255417
356	293.74803898725617	607.27	45.90087890625	0.6041569	0.0002847428571428571	0.0009491428571428572	9.679107189178467	4644.494650840759
357	309.54178049174357	602.99	45.90576171875	0.6040469	0.0002847	0.000949	9.679946422576904	4654.175235271454
358	285.6346970366923	588.08	46.16259765625	0.603948	0.00028465714285714285	0.0009488571428571429	10.228874921798706	4664.406062364578
359	305.6836390643986	598.33	46.675537109375	0.6038382	0.0002846142857142857	0.0009487142857142858	9.715577125549316	4674.122218370438
360	293.2826870109077	558.64	45.689453125	0.6037367	0.00028457142857142857	0.0009485714285714286	9.735028982162476	4683.859167814255
361	265.0411611127091	543.55	45.223388671875	0.60349184	0.0002845285714285714	0.0009484285714285714	10.389822006225586	4694.249608755112
362	277.94838436296953	563.83	46.712646484375	0.6033651	0.00028448571428571425	0.0009482857142857143	9.77548623085022	4704.02708530426
363	254.30444672762616	524.82	46.458251953125	0.6032341	0.0002844428571428571	0.0009481428571428571	9.799370050430298	4713.82710146904
364	234.37696713809237	488.83	45.730224609375	0.60311276	0.0002844	0.000948	10.319616794586182	4724.148699522018
365	303.0530390440485	591.92	46.733154296875	0.60299045	0.00028435714285714284	0.0009478571428571429	10.042701482772827	4734.1919734478
366	347.28568535119916	637.88	46.4951171875	0.60287344	0.0002843142857142857	0.0009477142857142858	9.797441244125366	4743.991366624832
367	326.79725826338176	601.33	46.505615234375	0.60276574	0.00028427142857142857	0.0009475714285714286	10.384865283966064	4754.376884222031
368	260.9744541669408	515.3	44.30078125	0.60256284	0.0002842285714285714	0.0009474285714285714	9.858867406845093	4764.237672567368
369	267.9207875875165	539.39	46.272216796875	0.6024731	0.00028418571428571424	0.0009472857142857143	9.792366981506348	4774.030677080154
370	251.10100322194114	495.02	45.790771484375	0.6023816	0.0002841428571428571	0.0009471428571428572	10.359043836593628	4784.390330076218
371	280.8078575889607	552.17	46.049072265625	0.60229564	0.00028409999999999997	0.0009469999999999999	9.764471292495728	4794.156807184219
372	230.37910400865968	472.76	46.05908203125	0.60220414	0.00028405714285714283	0.0009468571428571428	9.788086175918579	4803.9455008506775
373	191.03568189613168	420.06	46.072998046875	0.6020987	0.0002840142857142857	0.0009467142857142858	10.329863786697388	4814.277370214462
374	287.6728108678876	606.21	46.0830078125	0.60199237	0.00028397142857142856	0.0009465714285714287	9.785588264465332	4824.0636105537415
375	272.6535869473309	529.43	45.345458984375	0.60188884	0.00028392857142857137	0.0009464285714285714	9.862133264541626	4833.927578926086
376	338.8217710204579	637.47	46.603515625	0.60179716	0.0002838857142857143	0.0009462857142857143	10.327431678771973	4844.255601406097
377	329.8455427412747	632.64	46.110107421875	0.60169196	0.00028384285714285715	0.0009461428571428572	12.935213565826416	4857.192472696304
378	356.62944184180583	669.93	45.1259765625	0.6015846	0.00028379999999999996	0.000946	9.753140449523926	4866.94594669342
379	359.48955656294476	707.97	44.388671875	0.6013486	0.0002837571428571428	0.0009458571428571428	10.275948762893677	4877.222093820572
380	366.3050323253709	683.76	45.88671875	0.6012321	0.0002837142857142857	0.0009457142857142857	9.687221050262451	4886.911760568619
381	274.83170079749584	513.03	46.647705078125	0.60112095	0.00028367142857142855	0.0009455714285714286	9.72400188446045	4896.636401891708
382	220.7291823321415	460.36	46.408935546875	0.60100526	0.0002836285714285714	0.0009454285714285715	10.405490398406982	4907.044351577759
383	188.31046068380238	389.55	46.67041015625	0.60089	0.0002835857142857143	0.0009452857142857143	9.819116830825806	4916.864105939865
384	257.3204863643146	488.61	46.92822265625	0.6007852	0.00028354285714285714	0.0009451428571428572	9.760178565979004	4926.626368761063
385	258.9914626320136	482.77	46.18701171875	0.60067755	0.00028349999999999995	0.000945	10.332488298416138	4936.959502696991
386	255.62367569563273	516.53	46.201171875	0.6005711	0.0002834571428571428	0.0009448571428571429	9.829026222229004	4946.789968252182
387	265.0482633133563	500.88	45.456787109375	0.6003424	0.0002834142857142857	0.0009447142857142857	9.83402943611145	4956.624618291855
388	200.17052714231718	409.82	45.724609375	0.6002295	0.00028337142857142854	0.0009445714285714286	10.360249519348145	4966.986383676529
389	239.1828392398721	478.46	46.4775390625	0.6001144	0.0002833285714285714	0.0009444285714285714	9.893834829330444	4976.880831241608
390	264.40012084113243	499.55	46.487548828125	0.59999204	0.00028328571428571427	0.0009442857142857143	9.81700611114502	4986.698386669159
391	239.78915762346543	489.13	46.485595703125	0.5998762	0.00028324285714285714	0.0009441428571428572	10.331568956375122	4997.0318331718445
392	190.67853568795286	390.0	46.75732421875	0.59976155	0.00028319999999999994	0.000944	9.77213716506958	5006.804533481598
393	279.10541014529065	559.47	46.028076171875	0.59963936	0.0002831571428571428	0.0009438571428571429	9.819810628890991	5016.626225709915
394	340.60332771070614	674.01	46.52587890625	0.59951836	0.00028311428571428567	0.0009437142857142858	10.253758668899536	5026.880531549454
395	334.4282865433726	660.2	46.287841796875	0.59940857	0.00028307142857142854	0.0009435714285714286	9.760413885116577	5036.642343521118
396	378.93057856125836	719.86	46.548828125	0.599299	0.0002830285714285714	0.0009434285714285714	9.72424578666687	5046.36713719368
397	414.1118919635743	733.59	46.542724609375	0.5991918	0.00028298571428571426	0.0009432857142857143	10.330541610717773	5056.699486732483
398	362.03326920981084	674.68	46.067626953125	0.59908164	0.00028294285714285713	0.0009431428571428572	9.722983360290527	5066.423035860062
399	384.33481158026916	701.04	46.82080078125	0.5989775	0.00028289999999999994	0.0009429999999999999	9.74808382987976	5076.17339015007
400	379.20101119746994	699.13	46.335205078125	0.5988804	0.0002828571428571428	0.0009428571428571429	10.214401483535767	5086.388469696045
401	426.47194640475567	762.77	46.3369140625	0.5987801	0.0002828142857142857	0.0009427142857142858	9.748403310775757	5096.136991262436
402	464.8818616907574	842.08	43.5419921875	0.598677	0.0002827714285714286	0.0009425714285714287	9.728653907775879	5105.86710524559
403	493.27267089319105	831.41	45.28759765625	0.5985679	0.0002827285714285714	0.0009424285714285714	10.160535335540771	5116.028185606003
404	410.11267539810666	720.41	46.362548828125	0.59846264	0.00028268571428571426	0.0009422857142857143	9.690052270889282	5125.720074176788
405	452.41664809536337	773.06	45.866455078125	0.59836423	0.0002826428571428571	0.0009421428571428572	9.670657396316528	5135.391329288483
406	468.1122068828387	797.15	45.632080078125	0.59814745	0.0002826	0.000942	10.165202856063843	5145.558678627014
407	410.41493124967957	707.11	46.382568359375	0.59803617	0.00028255714285714285	0.0009418571428571428	9.692852258682251	5155.252116203308
408	390.0351925007571	630.09	47.1552734375	0.59792864	0.0002825142857142857	0.0009417142857142857	9.717504739761353	5164.971040248871
409	390.83693169645454	689.51	46.901611328125	0.5978169	0.0002824714285714286	0.0009415714285714287	10.2174072265625	5175.189076900482
410	370.2314035260985	690.87	46.673095703125	0.59771234	0.0002824285714285714	0.0009414285714285715	9.734505891799927	5184.9250228405
411	366.5302287719787	706.14	46.433837890625	0.597603	0.00028238571428571425	0.0009412857142857143	9.86809778213501	5194.793750286102
412	400.9458253840007	697.96	46.69384765625	0.5975011	0.0002823428571428571	0.0009411428571428572	10.42294979095459	5205.218185901642
413	399.93529510232673	716.48	47.451904296875	0.59741575	0.0002823	0.0009410000000000001	10.497463703155518	5215.7162663936615
414	391.61494841871604	709.55	46.223876953125	0.59722334	0.00028225714285714284	0.0009408571428571428	9.8019278049469	5225.520005702972
415	423.96109437754063	739.22	47.22607421875	0.59712416	0.0002822142857142857	0.0009407142857142857	10.214184045791626	5235.734747171402
416	399.898315382261	759.51	46.494873046875	0.5970284	0.00028217142857142857	0.0009405714285714286	9.73384404182434	5245.470581293106
417	460.54463218737374	803.05	46.739990234375	0.59692574	0.0002821285714285714	0.0009404285714285714	9.740180015563965	5255.211332082748
418	443.70474981145804	765.98	46.763427734375	0.5968281	0.00028208571428571424	0.0009402857142857142	10.23082685470581	5265.444060087204
419	510.60924869355716	836.66	46.760498046875	0.59672827	0.0002820428571428571	0.0009401428571428572	9.711742639541626	5275.156433105469
420	506.50311495134474	847.31	46.7841796875	0.59664136	0.00028199999999999997	0.00094	9.659188985824585	5284.817286729813
421	472.0374709352011	765.32	47.029052734375	0.59655374	0.00028195714285714283	0.0009398571428571429	10.168922662734985	5294.98681139946
422	450.89841476513766	749.55	47.052978515625	0.5964652	0.0002819142857142857	0.0009397142857142857	9.630830526351929	5304.619548082352
423	469.37957729681904	782.45	46.5634765625	0.596384	0.00028187142857142856	0.0009395714285714286	9.617379665374756	5314.237524271011
424	424.8131400309849	707.39	46.82421875	0.596306	0.00028182857142857137	0.0009394285714285714	10.137768983840942	5324.3773765563965
425	474.9581744956856	733.43	47.080810546875	0.5962326	0.00028178571428571423	0.0009392857142857143	9.98029351234436	5334.357768774033
426	483.319112703204	795.31	46.593017578125	0.59615207	0.0002817428571428571	0.0009391428571428571	9.644877672195435	5344.00449347496
427	499.3826385859087	813.85	46.840087890625	0.596072	0.0002817	0.0009390000000000001	10.101883172988892	5354.106484651566
428	487.50306819673875	808.63	46.863525390625	0.59599835	0.0002816571428571428	0.0009388571428571429	9.586339235305786	5363.694641590118
429	490.5395255223596	794.35	46.872314453125	0.5958464	0.0002816142857142857	0.0009387142857142858	9.696794271469116	5373.392054319382
430	537.901206374289	839.98	47.13330078125	0.5957733	0.00028157142857142855	0.0009385714285714286	10.16236686706543	5383.556294679642
431	483.64397994325486	814.56	46.876708984375	0.59570843	0.0002815285714285714	0.0009384285714285714	9.694860458374023	5393.251870393753
432	436.72348386946555	726.21	46.88916015625	0.5956454	0.0002814857142857143	0.0009382857142857143	9.630611658096313	5402.8831079006195
433	391.3720543100667	664.24	46.910888671875	0.59556454	0.00028144285714285715	0.0009381428571428572	10.168161153793335	5413.05312204361
434	402.3172112401695	691.58	47.16748046875	0.5954808	0.00028139999999999996	0.0009379999999999999	9.739534378051758	5422.793276786804
435	411.5126521574216	703.34	47.1806640625	0.5954006	0.0002813571428571428	0.0009378571428571428	9.658824443817139	5432.452728033066
436	403.25317673506396	741.84	47.189453125	0.5953217	0.0002813142857142857	0.0009377142857142858	10.164209365844727	5442.618901491165
437	481.9512042358032	812.3	47.197509765625	0.5952342	0.00028127142857142855	0.0009375714285714287	10.366245746612549	5452.985707044601
438	460.12825452585616	795.33	47.69921875	0.5951484	0.0002812285714285714	0.0009374285714285714	9.667245388031006	5462.654462814331
439	523.6606520686996	891.16	46.71728515625	0.5949813	0.0002811857142857143	0.0009372857142857143	10.136171340942383	5472.791236400604
440	504.6254401092676	873.68	46.73095703125	0.5948921	0.00028114285714285714	0.0009371428571428572	9.640599727630615	5482.433630228043
441	467.9576050969216	837.45	47.23974609375	0.59480274	0.0002811	0.0009370000000000001	9.649665594100952	5492.083870887756
442	548.5511089130624	904.16	47.49267578125	0.59472066	0.0002810571428571428	0.0009368571428571428	9.61732816696167	5501.703318834305
443	543.1546377139134	900.81	47.760498046875	0.59463596	0.0002810142857142857	0.0009367142857142857	9.709972381591797	5511.413955450058
444	519.1279348486447	868.93	47.269287109375	0.594554	0.00028097142857142854	0.0009365714285714286	9.63171124458313	5521.047632694244
445	456.96733907053965	775.17	47.5283203125	0.594469	0.0002809285714285714	0.0009364285714285715	9.780126810073853	5530.828409910202
446	483.5944537932724	805.5	47.287353515625	0.59438795	0.00028088571428571427	0.0009362857142857143	9.668010950088501	5540.49760556221
447	476.58858635906637	773.33	47.545654296875	0.5943064	0.00028084285714285713	0.0009361428571428572	9.636330604553223	5550.134662151337
448	454.95031156498874	765.89	47.296142578125	0.59423435	0.00028079999999999994	0.000936	9.628206729888916	5559.7635135650635
449	486.3832226087449	785.07	47.320556640625	0.5941622	0.0002807571428571428	0.0009358571428571429	10.25618577003479	5570.021460533142
450	456.21857533724267	743.78	47.327392578125	0.5940809	0.00028071428571428567	0.0009357142857142857	9.607448101043701	5579.629545211792
451	506.72802423331444	810.96	47.089111328125	0.59400445	0.00028067142857142853	0.0009355714285714286	9.608707189559937	5589.240694999695
452	485.86925160566483	808.92	47.346435546875	0.5939306	0.0002806285714285714	0.0009354285714285714	9.641298770904541	5598.882616758347
453	503.1648349606678	805.9	47.357666015625	0.59385824	0.00028058571428571426	0.0009352857142857143	9.56801438331604	5608.452432632446
454	507.20042972590323	792.55	47.369140625	0.5937846	0.0002805428571428571	0.0009351428571428572	9.589146375656128	5618.042206048965
455	544.8025841145758	854.27	47.377685546875	0.59362406	0.0002805	0.0009350000000000001	9.764960289001465	5627.809323310852
456	532.8165367343532	838.15	47.386474609375	0.59353656	0.00028045714285714285	0.0009348571428571429	9.65511155128479	5637.46498465538
457	517.621518536367	836.59	47.398193359375	0.59344935	0.0002804142857142857	0.0009347142857142858	9.59242844581604	5647.059218645096
458	509.3085212065294	833.59	47.408935546875	0.59336466	0.0002803714285714286	0.0009345714285714286	10.297705888748169	5657.357540369034
459	433.1895430782096	726.54	44.099853515625	0.59328765	0.0002803285714285714	0.0009344285714285714	9.654242038726807	5667.013497591019
460	501.8308949509664	795.95	46.390380859375	0.5932082	0.00028028571428571425	0.0009342857142857143	9.639978647232056	5676.65417766571
461	451.30010046099335	733.85	47.401123046875	0.593123	0.0002802428571428571	0.0009341428571428572	10.201229333877563	5686.8564422130585
462	476.06195588261704	781.46	47.183349609375	0.5930346	0.0002802	0.0009339999999999999	9.949758052825928	5696.8063180446625
463	499.04748759130894	806.27	47.203125	0.59294635	0.00028015714285714284	0.0009338571428571429	9.671226978302002	5706.4792857170105
464	435.46071405107637	780.53	47.44384765625	0.59285647	0.0002801142857142857	0.0009337142857142858	10.294158220291138	5716.774002075195
465	483.2579654277546	818.38	47.47314453125	0.59276634	0.00028007142857142857	0.0009335714285714286	9.66728401184082	5726.442466974258
466	487.51954369982406	846.81	46.23193359375	0.59258676	0.0002800285714285714	0.0009334285714285714	9.73561143875122	5736.178367614746
467	460.08589049096094	798.37	47.2353515625	0.592499	0.00027998571428571425	0.0009332857142857143	10.328336000442505	5746.507260322571
468	502.1056832605744	858.43	47.505126953125	0.5924064	0.0002799428571428571	0.0009331428571428572	9.66499924659729	5756.173681974411
469	513.1706094794251	845.17	47.251220703125	0.59232086	0.0002799	0.000933	9.675478219985962	5765.8497903347015
470	469.96522896701305	800.05	47.27490234375	0.592229	0.00027985714285714284	0.0009328571428571428	10.24648904800415	5776.098101377487
471	432.55012116661567	757.21	47.032470703125	0.5921366	0.0002798142857142857	0.0009327142857142857	9.656173706054688	5785.754812002182
472	442.9164195964455	758.78	47.04541015625	0.5920415	0.00027977142857142856	0.0009325714285714287	9.664405345916748	5795.42111825943
473	516.4337627596132	819.57	47.03955078125	0.5919458	0.0002797285714285714	0.0009324285714285714	10.17257046699524	5805.594318389893
474	513.9333975921164	808.49	47.064208984375	0.5918531	0.00027968571428571424	0.0009322857142857143	9.753523111343384	5815.349737405777
475	491.39177291292833	791.33	47.308837890625	0.5917611	0.0002796428571428571	0.0009321428571428572	9.703612089157104	5825.053912162781
476	489.29628571683514	773.24	47.083251953125	0.59167403	0.00027959999999999997	0.000932	10.542067289352417	5835.597567796707
477	504.26198573373347	815.91	47.33154296875	0.591588	0.00027955714285714283	0.0009318571428571428	9.641486167907715	5845.239672660828
478	422.325166256343	706.38	47.35400390625	0.59150714	0.0002795142857142857	0.0009317142857142857	9.62515926361084	5854.866793394089
479	474.1064696165393	736.95	47.36376953125	0.5914208	0.00027947142857142856	0.0009315714285714286	10.15819525718689	5865.025672912598
480	549.4669458672487	828.84	46.869384765625	0.5913348	0.00027942857142857137	0.0009314285714285714	9.609265804290771	5874.635467529297
481	493.7503499389513	753.54	47.8818359375	0.5912439	0.00027938571428571423	0.0009312857142857142	9.767650842666626	5884.405569314957
482	508.729259226164	774.91	46.893798828125	0.59105355	0.00027934285714285715	0.0009311428571428572	10.226942777633667	5894.633099555969
483	540.0325505991133	856.06	47.138671875	0.5909581	0.0002793	0.0009310000000000001	9.59776759147644	5904.233023405075
484	466.8698900650589	751.26	47.161376953125	0.5908653	0.0002792571428571428	0.0009308571428571429	9.617039442062378	5913.850256681442
485	529.3160115159793	830.36	47.412353515625	0.590774	0.0002792142857142857	0.0009307142857142857	10.180586814880371	5924.033060789108
486	542.9879856117728	848.61	46.93212890625	0.5906773	0.00027917142857142855	0.0009305714285714286	9.893305540084839	5933.926915168762
487	522.6210297050835	809.13	46.200927734375	0.59057754	0.0002791285714285714	0.0009304285714285714	9.623107433319092	5943.552514076233
488	532.9684984686547	813.87	47.202880859375	0.59048027	0.0002790857142857143	0.0009302857142857143	10.227468013763428	5953.780513763428
489	518.7996908639108	788.97	47.45263671875	0.59038293	0.00027904285714285714	0.0009301428571428571	9.696386814117432	5963.478517770767
490	504.4807411728279	802.15	46.472412109375	0.5902	0.00027899999999999995	0.0009299999999999999	9.744879961013794	5973.223989486694
491	480.72515459864553	790.96	47.72216796875	0.5901158	0.0002789571428571428	0.0009298571428571429	10.1674485206604	5983.3930513858795
492	568.4607346640701	857.47	47.7421875	0.59003854	0.0002789142857142857	0.0009297142857142858	9.648907899856567	5993.042593955994
493	525.8574387103572	837.88	47.241943359375	0.58995414	0.00027887142857142854	0.0009295714285714286	9.678353309631348	6002.721557378769
494	490.96465534201997	754.35	47.010009765625	0.5898646	0.0002788285714285714	0.0009294285714285714	10.250324726104736	6012.973472833633
495	515.1521710724338	787.08	47.508056640625	0.5897737	0.00027878571428571427	0.0009292857142857143	9.601630926132202	6022.5756640434265
496	516.6561260085648	788.83	47.278564453125	0.5896824	0.00027874285714285713	0.0009291428571428572	9.634944200515747	6032.212648391724
497	479.06902310569467	728.59	47.784423828125	0.5895973	0.0002787	0.000929	9.569953918457031	6041.783214330673
498	472.51939109120866	719.94	47.301025390625	0.5895186	0.0002786571428571428	0.0009288571428571428	10.016407489776611	6051.801863908768
499	535.5463159325353	759.78	47.30419921875	0.5894429	0.00027861428571428567	0.0009287142857142858	9.980639696121216	6061.783065080643
500	499.2096518387877	751.23	47.069580078125	0.58936393	0.00027857142857142854	0.0009285714285714287	9.551611185073853	6071.336552619934
501	487.61750501302043	732.37	47.067626953125	0.58920115	0.0002785285714285714	0.0009284285714285714	9.684524297714233	6081.021688938141
502	555.5013105307331	811.07	47.59033203125	0.589116	0.00027848571428571426	0.0009282857142857143	9.575356483459473	6090.598866701126
503	514.2345107702608	795.89	47.107421875	0.58903027	0.0002784428571428571	0.0009281428571428572	9.5728018283844	6100.172270536423
504	524.326871191943	801.6	47.859375	0.5889501	0.0002784	0.0009280000000000001	9.621111154556274	6109.795242547989
505	492.48898432023685	774.97	48.104736328125	0.5888687	0.0002783571428571428	0.0009278571428571428	9.586440801620483	6119.382293462753
506	535.8575109182738	806.34	47.87548828125	0.5887962	0.00027831428571428566	0.0009277142857142857	9.627983331680298	6129.012154817581
507	479.17025554091555	747.61	47.133056640625	0.58872336	0.0002782714285714286	0.0009275714285714286	9.721359252929688	6138.734121322632
508	486.539619566743	761.25	47.888916015625	0.58864206	0.00027822857142857145	0.0009274285714285716	9.663696527481079	6148.399207353592
509	497.25842572374154	759.41	47.405517578125	0.5885515	0.00027818571428571426	0.0009272857142857143	9.653676509857178	6158.053473711014
510	510.77660828898325	800.57	47.16552734375	0.5884651	0.0002781428571428571	0.0009271428571428572	9.709946393966675	6167.765280246735
511	495.56917923673115	763.67	46.67626953125	0.5882796	0.0002781	0.0009270000000000001	9.750508069992065	6177.5163288116455
512	502.20652586621077	814.68	47.68603515625	0.5881939	0.00027805714285714285	0.0009268571428571429	9.60926866531372	6187.127329587936
513	514.599373972181	815.44	47.4482421875	0.58811086	0.0002780142857142857	0.0009267142857142857	10.26719880104065	6197.395137786865
514	530.5045520490877	806.06	47.951904296875	0.5880218	0.0002779714285714286	0.0009265714285714286	9.605213642120361	6207.002220153809
515	570.8191007923089	856.78	47.9677734375	0.587943	0.0002779285714285714	0.0009264285714285714	9.630241632461548	6216.633059501648
516	485.1128992113799	788.15	47.971923828125	0.58787066	0.00027788571428571425	0.0009262857142857142	10.200888633728027	6226.835821390152
517	526.6259434516431	806.33	44.672119140625	0.5877984	0.0002778428571428571	0.0009261428571428571	9.601727485656738	6236.438090801239
518	559.8208471650335	823.42	47.424072265625	0.58772075	0.0002778	0.0009260000000000001	9.571096420288086	6246.011088848114
519	532.2144898712465	788.02	47.478515625	0.58764666	0.00027775714285714284	0.0009258571428571429	10.128762245178223	6256.140444517136
520	519.5744662369733	801.65	47.229736328125	0.5875694	0.0002777142857142857	0.0009257142857142857	9.560108184814453	6265.702024936676
521	506.01978192860565	769.58	47.274658203125	0.5874319	0.00027767142857142857	0.0009255714285714286	9.646067142486572	6275.348678827286
522	531.6639222880935	778.7	47.77001953125	0.5873632	0.00027762857142857143	0.0009254285714285715	10.08496880531311	6285.4360337257385
523	544.1527584075915	848.91	47.540771484375	0.5872946	0.00027758571428571424	0.0009252857142857143	9.675973653793335	6295.1125411987305
524	561.1857458417103	857.02	47.544189453125	0.587226	0.0002775428571428571	0.0009251428571428571	9.789441585540771	6304.903430223465
525	554.4904622541109	843.92	48.064208984375	0.587161	0.00027749999999999997	0.000925	10.076273202896118	6314.980271100998
526	489.42382618043683	767.98	47.560302734375	0.58709115	0.00027745714285714283	0.0009248571428571428	9.632684707641602	6324.6145849227905
527	499.69230456520353	800.57	48.08203125	0.58702135	0.0002774142857142857	0.0009247142857142858	9.621545314788818	6334.236766815186
528	520.4988267059703	808.92	47.83544921875	0.5869581	0.00027737142857142856	0.0009245714285714286	10.123573303222656	6344.362419366837
529	466.7517859029202	800.81	46.859375	0.58689946	0.00027732857142857137	0.0009244285714285714	9.62817931175232	6353.991197347641
530	517.9099616689836	827.09	47.109375	0.5868372	0.00027728571428571423	0.0009242857142857143	9.654280424118042	6363.647340297699
531	521.9697786778223	838.38	47.867919921875	0.5867733	0.0002772428571428571	0.0009241428571428572	10.10259461402893	6373.750545740128
532	533.0205685713614	839.81	46.867431640625	0.58660454	0.0002772	0.000924	9.721927881240845	6383.47384929657
533	540.1679632091037	839.88	47.891357421875	0.58651483	0.0002771571428571428	0.0009238571428571428	9.69107460975647	6393.165447950363
534	537.4447062429285	841.43	47.888916015625	0.58642393	0.0002771142857142857	0.0009237142857142857	10.112730741500854	6403.279980659485
535	542.6450021124814	836.02	46.9189453125	0.58633673	0.00027707142857142855	0.0009235714285714287	10.001693964004517	6413.282202005386
536	533.9213075871554	851.22	48.419921875	0.58625174	0.0002770285714285714	0.0009234285714285715	9.675060510635376	6422.959803819656
537	540.9611568523039	871.77	47.679443359375	0.586166	0.0002769857142857143	0.0009232857142857143	10.151034593582153	6433.111473321915
538	569.5501727563822	885.38	47.940673828125	0.58607906	0.00027694285714285714	0.0009231428571428572	9.631801843643188	6442.744657754898
539	538.4933312826843	843.2	47.450439453125	0.5860022	0.0002769	0.0009230000000000001	9.605427980422974	6452.350313663483
540	517.6790908694578	799.78	47.96142578125	0.5859292	0.0002768571428571428	0.0009228571428571428	9.715469598770142	6462.068226337433
541	542.0797988964918	802.86	47.47314453125	0.58585614	0.0002768142857142857	0.0009227142857142857	9.678473711013794	6471.747255325317
542	535.8348004916795	854.8	47.73095703125	0.585789	0.00027677142857142855	0.0009225714285714286	9.597462177276611	6481.346654653549
543	511.57440476577545	791.77	46.49072265625	0.58564	0.0002767285714285714	0.0009224285714285714	9.669937372207642	6491.017192602158
544	528.0049080623543	826.51	46.759033203125	0.5855678	0.0002766857142857143	0.0009222857142857142	9.802010536193848	6500.821840047836
545	525.2686557569643	828.32	48.26318359375	0.58549416	0.00027664285714285714	0.0009221428571428572	9.621184349060059	6510.443621397018
546	501.568200047546	812.23	48.268798828125	0.5854271	0.0002766	0.0009220000000000001	9.818620920181274	6520.264093399048
547	531.3251676929654	798.89	48.28076171875	0.5853574	0.0002765571428571428	0.0009218571428571429	10.056641578674316	6530.321353435516
548	474.9040857595512	753.8	48.037353515625	0.5852844	0.0002765142857142857	0.0009217142857142857	9.647299766540527	6539.969207048416
549	463.1506125160745	757.84	47.80126953125	0.58520913	0.00027647142857142854	0.0009215714285714286	9.67555022239685	6549.646691083908
550	411.26018304857064	699.36	47.81103515625	0.58513266	0.0002764285714285714	0.0009214285714285715	9.737390995025635	6559.384674549103
551	456.5445912366676	757.74	48.07177734375	0.58505636	0.00027638571428571427	0.0009212857142857143	9.677064895629883	6569.062304019928
552	512.6985805329118	826.59	48.331787109375	0.5849729	0.00027634285714285713	0.0009211428571428571	9.638468503952026	6578.702705383301
553	489.6639824406765	774.36	47.32958984375	0.5847931	0.0002763	0.000921	9.83887267112732	6588.542299747467
554	512.356020532477	786.65	48.599609375	0.584704	0.0002762571428571428	0.0009208571428571429	9.637593984603882	6598.180353879929
555	433.64402158301107	740.77	48.3544921875	0.58461773	0.00027621428571428567	0.0009207142857142858	9.669719696044922	6607.850664138794
556	495.30008977441116	774.94	47.856201171875	0.58452994	0.00027617142857142853	0.0009205714285714286	9.6905038356781	6617.543408632278
557	483.7086516456251	780.65	48.130126953125	0.5844426	0.0002761285714285714	0.0009204285714285714	9.637279748916626	6627.181320428848
558	438.2836119617833	716.9	48.39013671875	0.5843548	0.00027608571428571426	0.0009202857142857143	9.61814022064209	6636.801541090012
559	488.2991348431673	762.48	48.3974609375	0.58426183	0.0002760428571428571	0.0009201428571428572	10.18738055229187	6646.9895532131195
560	469.96955977009753	730.67	48.15966796875	0.5841715	0.000276	0.00092	9.670364618301392	6656.660965681076
561	511.0754128267739	779.49	48.404052734375	0.584084	0.0002759571428571428	0.0009198571428571428	9.603034496307373	6666.264581680298
562	475.99109587847727	750.22	47.684326171875	0.5839984	0.0002759142857142857	0.0009197142857142858	10.19860291481018	6676.465388059616
563	536.0470470327141	789.42	48.679931640625	0.5839094	0.0002758714285714286	0.0009195714285714287	9.582895040512085	6686.048845529556
564	474.43120391104713	722.18	47.948974609375	0.58382064	0.00027582857142857144	0.0009194285714285715	9.599907636642456	6695.650545597076
565	561.3531980574946	832.66	47.715576171875	0.5837417	0.00027578571428571425	0.0009192857142857143	10.068979024887085	6705.719697713852
566	584.4106527865433	828.03	48.466064453125	0.58366007	0.0002757428571428571	0.0009191428571428572	9.56821060180664	6715.290108203888
567	578.7231626107384	849.67	47.977294921875	0.5835759	0.0002757	0.0009190000000000001	9.531123876571655	6724.821831226349
568	625.7343547178978	884.88	47.989501953125	0.5834913	0.00027565714285714284	0.0009188571428571428	10.211069345474243	6735.035152673721
569	608.621665367775	890.41	48.498291015625	0.58341044	0.0002756142857142857	0.0009187142857142857	9.52291488647461	6744.5586223602295
570	595.5674099630314	868.61	48.006103515625	0.5833264	0.00027557142857142857	0.0009185714285714286	9.566597938537598	6754.1273238658905
571	625.8252716614687	935.02	47.517822265625	0.5831666	0.0002755285714285714	0.0009184285714285713	10.296287298202515	6764.424200534821
572	624.8428157675728	913.14	48.02880859375	0.583081	0.00027548571428571424	0.0009182857142857143	10.359477996826172	6774.785328865051
573	618.6078435268037	881.94	48.28857421875	0.58299464	0.0002754428571428571	0.0009181428571428572	9.565049171447754	6784.350965023041
574	590.6380521076867	873.98	45.232666015625	0.58291197	0.00027539999999999997	0.0009180000000000001	11.380411148071289	6795.733563899994
575	597.7033461740587	872.59	48.033203125	0.58282787	0.00027535714285714284	0.0009178571428571428	9.678797960281372	6805.413028001785
576	550.7494358628387	847.13	48.56103515625	0.5827497	0.0002753142857142857	0.0009177142857142857	9.615295886993408	6815.030116319656
577	591.4572657527311	870.35	47.32421875	0.5825893	0.00027527142857142856	0.0009175714285714286	10.192394495010376	6825.223153352737
578	599.4541221775887	903.18	47.833984375	0.58251274	0.00027522857142857143	0.0009174285714285715	9.572754859924316	6834.796765089035
579	588.7047858240365	885.54	48.093017578125	0.58244383	0.00027518571428571424	0.0009172857142857142	9.577452421188354	6844.374840736389
580	561.1962004183847	876.0	47.85400390625	0.5823727	0.0002751428571428571	0.0009171428571428571	10.376777172088623	6854.753776073456
581	572.0381801155024	835.47	48.364990234375	0.5823038	0.00027509999999999996	0.0009170000000000001	9.56574010848999	6864.320142507553
582	602.3261583810448	892.73	47.872802734375	0.5822262	0.00027505714285714283	0.0009168571428571429	9.53060531616211	6873.851358890533
583	576.1153282855738	848.98	47.1416015625	0.58214444	0.0002750142857142857	0.0009167142857142857	10.09329891204834	6883.946600675583
584	624.4081988715353	894.53	47.15234375	0.582061	0.00027497142857142856	0.0009165714285714286	9.972323656082153	6893.919558763504
585	557.908528843049	818.28	48.6533203125	0.5819812	0.00027492857142857137	0.0009164285714285714	9.554992198944092	6903.475128889084
586	541.3066752909153	784.12	47.394775390625	0.581835	0.00027488571428571423	0.0009162857142857143	10.510640144348145	6913.987518787384
587	589.6531973173595	829.77	47.672119140625	0.5817669	0.0002748428571428571	0.0009161428571428571	9.540462017059326	6923.528611421585
588	572.4754305757729	827.02	47.44140625	0.5817047	0.0002748	0.000916	9.559644222259521	6933.08854842186
589	610.1870254655167	882.83	48.326171875	0.58164907	0.0002747571428571428	0.0009158571428571428	10.068828582763672	6943.159171581268
590	594.3890284037652	892.95	48.059326171875	0.5815869	0.0002747142857142857	0.0009157142857142858	9.602277517318726	6952.762142896652
591	631.6538374964522	893.47	48.084228515625	0.5815274	0.00027467142857142855	0.0009155714285714286	9.638227701187134	6962.40096783638
592	580.2399888604693	855.67	48.327392578125	0.58146155	0.0002746285714285714	0.0009154285714285715	10.02980089187622	6972.432189941406
593	557.312411299277	832.57	48.85009765625	0.58138776	0.0002745857142857143	0.0009152857142857143	9.669454574584961	6982.10226392746
594	618.1130438880286	872.67	48.101318359375	0.5812548	0.00027454285714285714	0.0009151428571428572	9.687182664871216	6991.790993452072
595	587.013268057425	873.92	48.36572265625	0.58118767	0.0002745	0.000915	9.58513069152832	7001.376667737961
596	597.10794667166	892.24	48.87109375	0.58112687	0.0002744571428571428	0.0009148571428571428	10.039917707443237	7011.418856620789
597	599.4288534276657	880.85	48.63232421875	0.58107126	0.0002744142857142857	0.0009147142857142857	9.613523483276367	7021.032935857773
598	545.4363730103353	836.28	48.87451171875	0.5810172	0.00027437142857142854	0.0009145714285714287	9.578613042831421	7030.6135721206665
599	570.5579824805258	841.93	48.396484375	0.58095914	0.0002743285714285714	0.0009144285714285714	9.830180406570435	7040.444335460663
600	581.1985935721157	868.92	48.1396484375	0.5809091	0.00027428571428571427	0.0009142857142857143	9.553698062896729	7050.000476837158
601	648.1236720732667	925.53	48.9013671875	0.58085376	0.00027424285714285713	0.0009141428571428572	9.54972219467163	7059.550731182098
602	555.551856160871	825.49	47.918701171875	0.58079934	0.0002742	0.0009140000000000001	9.69551396369934	7069.24863743782
603	566.9514276570774	819.18	47.92333984375	0.58074045	0.0002741571428571428	0.0009138571428571428	9.548779964447021	7078.797972917557
604	532.1514579018393	780.77	48.18505859375	0.5806863	0.00027411428571428567	0.0009137142857142857	9.56606125831604	7088.365961551666
605	558.6553915189763	803.76	48.681884765625	0.58063334	0.00027407142857142853	0.0009135714285714286	9.62592363357544	7097.992513179779
606	533.866731704573	750.78	48.700439453125	0.58057076	0.0002740285714285714	0.0009134285714285715	9.554519891738892	7107.548476696014
607	539.2078422741697	797.85	48.46044921875	0.5805107	0.00027398571428571426	0.0009132857142857142	9.540378332138062	7117.089450836182
608	611.3769982751949	819.4	48.467041015625	0.58044183	0.0002739428571428571	0.0009131428571428572	9.991111755371094	7127.0826025009155
609	603.0006141112573	843.35	48.22216796875	0.58036965	0.0002739	0.0009130000000000001	9.571468591690063	7136.6546404361725
610	644.8578719940723	857.36	47.720458984375	0.58021086	0.0002738571428571428	0.0009128571428571429	9.604609966278076	7146.26108622551
611	644.7263381889965	881.84	48.743896484375	0.5801373	0.00027381428571428566	0.0009127142857142857	9.962087631225586	7156.223717927933
612	608.2330370939883	853.51	48.251953125	0.58006185	0.00027377142857142853	0.0009125714285714286	9.55335283279419	7165.7788100242615
613	644.5981392767793	909.67	49.00537109375	0.57998806	0.0002737285714285714	0.0009124285714285714	9.54232668876648	7175.321759939194
614	587.0087682139026	832.74	48.267578125	0.5798512	0.00027368571428571425	0.0009122857142857143	10.384944438934326	7185.708713054657
615	634.2881440990913	903.73	48.5234375	0.57978153	0.0002736428571428571	0.0009121428571428571	9.551247119903564	7195.260582923889
616	639.6931531096667	898.83	49.271484375	0.5797085	0.0002736	0.000912	9.515029668807983	7204.776200532913
617	635.1486660536212	871.28	49.040283203125	0.5796362	0.0002735571428571428	0.0009118571428571429	9.968027591705322	7214.747049331665
618	636.0350522023698	870.5	48.545166015625	0.5795571	0.0002735142857142857	0.0009117142857142857	9.537115573883057	7224.284717798233
619	615.1039958087342	819.15	48.55224609375	0.57947236	0.0002734714285714286	0.0009115714285714286	10.029497146606445	7234.316103219986
620	583.0753459493645	806.7	48.81494140625	0.5793874	0.00027342857142857144	0.0009114285714285715	9.974135398864746	7244.2907791137695
621	532.9849659496193	731.47	48.572509765625	0.57930654	0.00027338571428571425	0.0009112857142857143	9.902996301651001	7254.196082353592
622	580.6687080283855	798.18	47.813720703125	0.5791486	0.0002733428571428571	0.0009111428571428571	9.548027992248535	7263.74468255043
623	653.4368240600259	884.27	49.084716796875	0.57906383	0.0002733	0.000911	10.013899087905884	7273.761242866516
624	669.3272324119362	913.63	49.34375	0.5789835	0.00027325714285714284	0.0009108571428571428	9.495985269546509	7283.257801771164
625	680.5517498503677	912.48	48.089111328125	0.57890815	0.0002732142857142857	0.0009107142857142857	9.517904996871948	7292.777801513672
626	677.2881652724151	920.34	48.3603515625	0.5788352	0.00027317142857142857	0.0009105714285714286	10.013996362686157	7302.792396068573
627	651.4583510662559	863.94	48.6171875	0.5787662	0.00027312857142857143	0.0009104285714285715	9.564573526382446	7312.360307216644
628	604.4368443283736	844.58	47.883544921875	0.5786927	0.00027308571428571424	0.0009102857142857143	9.55638837814331	7321.9172422885895
629	590.7034572193978	844.39	47.63818359375	0.5785467	0.0002730428571428571	0.0009101428571428572	9.565271139144897	7331.4845058918
630	609.3375295574571	872.23	49.382568359375	0.5784762	0.00027299999999999997	0.00091	10.231462717056274	7341.716515541077
631	623.4155346136339	873.52	49.150146484375	0.5784047	0.00027295714285714283	0.0009098571428571428	9.515408515930176	7351.233402967453
632	652.8020453590391	897.61	45.836669921875	0.57832855	0.0002729142857142857	0.0009097142857142857	9.48991870880127	7360.723928928375
633	682.5030560881461	895.46	49.126220703125	0.5782527	0.00027287142857142856	0.0009095714285714286	9.773298025131226	7370.4996073246
634	649.635128465791	860.97	48.651611328125	0.5781711	0.0002728285714285714	0.0009094285714285714	9.514277696609497	7380.0140018463135
635	578.4753800037665	815.75	48.408447265625	0.5780886	0.00027278571428571423	0.0009092857142857143	9.49740743637085	7389.514954090118
636	589.3044500975113	779.43	48.174072265625	0.57800967	0.0002727428571428571	0.0009091428571428572	9.583295822143555	7399.098810911179
637	554.1879714185558	745.62	48.922119140625	0.5779365	0.00027269999999999996	0.0009090000000000001	9.483795642852783	7408.584504842758
638	579.3990186741236	766.96	47.7021484375	0.5777561	0.0002726571428571428	0.0009088571428571428	9.550157070159912	7418.135293483734
639	575.1837058093746	786.54	49.204345703125	0.5776637	0.0002726142857142857	0.0009087142857142857	9.566929817199707	7427.703763246536
640	685.623275743764	888.99	48.94873046875	0.5775719	0.00027257142857142855	0.0009085714285714286	9.536127805709839	7437.240102052689
641	610.5147888390943	835.47	48.234619140625	0.57748723	0.0002725285714285714	0.0009084285714285715	9.529573917388916	7446.771815538406
642	705.572197418594	913.17	48.734619140625	0.57740045	0.0002724857142857142	0.0009082857142857142	10.04947280883789	7456.821918725967
643	623.83671998478	836.04	48.23876953125	0.5773153	0.00027244285714285714	0.0009081428571428571	9.528989553451538	7466.352452993393
644	695.766616238542	885.72	48.75244140625	0.577225	0.0002724	0.0009080000000000001	9.510403633117676	7475.863400220871
645	608.9415422023884	825.15	48.510498046875	0.57703245	0.00027235714285714287	0.000907857142857143	10.208407163619995	7486.075575590134
646	668.2974525974372	858.45	48.764404296875	0.57693166	0.0002723142857142857	0.0009077142857142857	9.547250270843506	7495.62344288826
647	674.1174993780888	905.25	49.2744140625	0.57684404	0.00027227142857142854	0.0009075714285714286	9.487146139144897	7505.1111426353455
648	624.414497006323	849.44	48.76806640625	0.57674915	0.0002722285714285714	0.0009074285714285715	10.021616220474243	7515.134696483612
649	651.8063066345321	879.4	49.04052734375	0.57665306	0.00027218571428571427	0.0009072857142857143	9.504953622817993	7524.640199184418
650	628.6198538778491	858.34	48.549560546875	0.5765607	0.00027214285714285714	0.0009071428571428571	9.475221633911133	7534.118716239929
651	627.0796213909153	870.58	49.047119140625	0.57645893	0.0002721	0.000907	9.982792615890503	7544.102097272873
652	615.2107852657115	837.39	47.562744140625	0.57626253	0.0002720571428571428	0.0009068571428571428	9.658287525177002	7553.765030384064
653	656.8245334570342	897.1	47.830810546875	0.576166	0.0002720142857142857	0.0009067142857142858	9.45151400566101	7563.2171313762665
654	648.6696791089605	867.7	49.0810546875	0.57606864	0.00027197142857142854	0.0009065714285714286	9.987804651260376	7573.207258462906
655	588.0166850992629	809.03	48.100341796875	0.57597625	0.0002719285714285714	0.0009064285714285715	9.5393807888031	7582.747209072113
656	609.2421490218426	824.76	49.59326171875	0.575883	0.00027188571428571427	0.0009062857142857143	9.525741815567017	7592.275353431702
657	522.1978610838664	740.15	48.861328125	0.57579774	0.00027184285714285713	0.0009061428571428572	9.588201761245728	7601.864195108414
658	608.1281410918617	797.29	47.880615234375	0.5757095	0.0002718	0.000906	10.331175804138184	7612.197083473206
659	581.2997746093196	769.42	49.133056640625	0.57562613	0.00027175714285714286	0.0009058571428571429	9.565074682235718	7621.762770175934
660	549.4781320930985	711.56	48.641845703125	0.5755438	0.00027171428571428567	0.0009057142857142857	9.548430442810059	7631.313023805618
661	600.2780323666734	770.26	47.16015625	0.5753878	0.00027167142857142853	0.0009055714285714287	9.748597145080566	7641.0622363090515
662	546.7055117243465	717.13	49.410400390625	0.5753024	0.0002716285714285714	0.0009054285714285715	9.56281852722168	7650.627458333969
663	571.7783505396029	761.76	47.927001953125	0.57521945	0.00027158571428571426	0.0009052857142857143	9.540772438049316	7660.1688051223755
664	580.0360399535991	768.92	49.431884765625	0.5751378	0.0002715428571428571	0.0009051428571428572	9.71762228012085	7669.889302015305
665	594.9334156545488	811.66	49.442626953125	0.5750588	0.0002715	0.0009050000000000001	9.482579946517944	7679.37242269516
666	596.9106079222491	804.76	48.95166015625	0.57498515	0.0002714571428571428	0.0009048571428571428	9.481766939163208	7688.85609126091
667	644.327749783671	851.33	49.46142578125	0.5749112	0.00027141428571428566	0.0009047142857142857	9.500256061553955	7698.356969118118
668	632.1483539206113	853.07	49.721435546875	0.5748318	0.0002713714285714286	0.0009045714285714286	9.4850172996521	7707.845747947693
669	625.4799299373401	820.7	48.230712890625	0.5746669	0.00027132857142857144	0.0009044285714285715	9.546176671981812	7717.392472743988
670	647.5758152095569	866.53	48.740478515625	0.57458216	0.00027128571428571425	0.0009042857142857142	10.008929967880249	7727.403760433197
671	608.8916427626082	801.36	49.249267578125	0.5744968	0.0002712428571428571	0.0009041428571428572	9.535413265228271	7736.939743757248
672	518.6306793564022	701.92	48.01171875	0.5744093	0.0002712	0.0009040000000000001	9.482856273651123	7746.424504995346
673	495.0877651945448	696.08	49.019775390625	0.5743165	0.00027115714285714284	0.0009038571428571429	9.978233337402344	7756.403342247009
674	577.2740614180733	770.94	49.27734375	0.5742242	0.0002711142857142857	0.0009037142857142857	9.52200198173523	7765.926302433014
675	547.517386230218	755.53	49.29052734375	0.5741286	0.00027107142857142857	0.0009035714285714286	9.50461196899414	7775.431514263153
676	576.8622642565406	795.8	49.30126953125	0.57403535	0.00027102857142857143	0.0009034285714285715	9.995808362960815	7785.4299194812775
677	661.4315060185313	847.59	49.30908203125	0.5739436	0.00027098571428571424	0.0009032857142857142	9.53009033203125	7794.9606375694275
678	658.0981792728613	848.96	49.318359375	0.57384896	0.0002709428571428571	0.0009031428571428571	9.502493381500244	7804.46372961998
679	612.0203613000818	841.99	49.3291015625	0.5737534	0.00027089999999999997	0.000903	9.999747037887573	7814.4678366184235
680	628.8473322000733	857.21	49.34033203125	0.57356983	0.00027085714285714283	0.0009028571428571429	9.633121013641357	7824.101526260376
681	642.1009741728104	852.57	49.348876953125	0.57347685	0.0002708142857142857	0.0009027142857142857	9.69493055343628	7833.799711465836
682	653.7544984230191	883.35	49.357666015625	0.5733833	0.00027077142857142856	0.0009025714285714286	10.085968732833862	7843.886225938797
683	642.6644497691934	835.19	49.36865234375	0.5732894	0.0002707285714285714	0.0009024285714285715	9.819835901260376	7853.707943439484
684	584.8812050078744	796.14	49.37939453125	0.57319385	0.00027068571428571424	0.0009022857142857143	9.493951082229614	7863.202444314957
685	570.3306294050994	759.27	49.38623046875	0.57309186	0.0002706428571428571	0.0009021428571428571	10.07870626449585	7873.283071517944
686	550.3268086840162	769.24	49.398193359375	0.5729004	0.00027059999999999996	0.000902	9.6403489112854	7882.923982143402
687	598.3630338611955	808.65	50.158203125	0.5728062	0.00027055714285714283	0.0009018571428571429	9.536232948303223	7892.463826656342
688	615.2768166790111	814.51	49.404296875	0.5727043	0.0002705142857142857	0.0009017142857142857	9.812108516693115	7902.276508569717
689	645.6060520774569	882.63	46.359375	0.57260114	0.00027047142857142856	0.0009015714285714286	9.606547355651855	7911.885797739029
690	659.6117345601128	836.23	48.66259765625	0.57250565	0.0002704285714285714	0.0009014285714285715	9.522096633911133	7921.408458709717
691	715.1544901233616	892.75	49.191162109375	0.5724178	0.00027038571428571423	0.0009012857142857143	9.50748610496521	7930.918789148331
692	647.753951734661	874.26	49.203369140625	0.5723322	0.0002703428571428571	0.0009011428571428572	9.648815870285034	7940.56816983223
693	647.7856537385458	849.76	49.21240234375	0.57225007	0.00027029999999999996	0.000901	9.531858444213867	7950.103185176849
694	623.6561386464537	823.25	49.223876953125	0.5720712	0.0002702571428571428	0.0009008571428571428	9.602402687072754	7959.706181049347
695	634.6106343126766	846.14	49.236083984375	0.57198906	0.0002702142857142857	0.0009007142857142857	9.621749877929688	7969.330684423447
696	632.0169101180536	856.96	49.24267578125	0.571902	0.00027017142857142855	0.0009005714285714286	9.555397510528564	7978.886690616608
697	670.4987506404417	855.99	49.2568359375	0.57181144	0.0002701285714285714	0.0009004285714285714	9.509039640426636	7988.401153326035
698	625.2889012150429	833.44	49.265380859375	0.57173055	0.0002700857142857143	0.0009002857142857143	9.663190841674805	7998.064924955368
699	643.129590134655	831.08	49.274658203125	0.5716528	0.00027004285714285714	0.0009001428571428572	9.525660276412964	8007.59388756752
700	638.6378309308941	840.76	49.285400390625	0.5715857	0.00027	0.0009000000000000001	9.793409585952759	8017.387899160385
701	614.0220114071363	794.6	48.7880859375	0.57151717	0.00026995714285714287	0.0008998571428571429	9.943874597549438	8027.3337225914
702	637.5634270080657	816.53	49.552978515625	0.57144403	0.0002699142857142857	0.0008997142857142857	9.522948741912842	8036.857246637344
703	588.9945794146287	787.45	49.312744140625	0.57137114	0.00026987142857142854	0.0008995714285714286	9.529068946838379	8046.388603448868
704	666.184651172324	852.86	49.075927734375	0.5712947	0.0002698285714285714	0.0008994285714285715	10.060579538345337	8056.449769020081
705	626.7229308198916	829.09	49.579345703125	0.57122093	0.00026978571428571427	0.0008992857142857142	9.515805006027222	8065.970794916153
706	634.4142827196954	827.75	49.594482421875	0.57108355	0.00026974285714285713	0.0008991428571428571	9.615511178970337	8075.586495399475
707	676.7968505055155	847.96	49.11328125	0.5710241	0.0002697	0.0008990000000000001	10.036321640014648	8085.624934434891
708	685.0057024493383	862.36	49.600830078125	0.5709592	0.0002696571428571428	0.0008988571428571429	9.661425828933716	8095.287004470825
709	571.0146491217117	765.17	50.375	0.57089657	0.00026961428571428567	0.0008987142857142857	9.541048049926758	8104.828624248505
710	560.4739205683684	743.32	49.130859375	0.5707577	0.00026957142857142853	0.0008985714285714286	10.04581069946289	8114.876834154129
711	680.977413611802	866.52	49.64404296875	0.57068276	0.0002695285714285714	0.0008984285714285715	9.644975900650024	8124.522405862808
712	687.8697722917834	863.01	49.653076171875	0.57061076	0.00026948571428571426	0.0008982857142857143	9.5165536403656	8134.039521455765
713	641.6005785386554	832.85	49.650390625	0.5705338	0.0002694428571428571	0.0008981428571428571	10.010944366455078	8144.055783510208
714	694.6867942825697	874.48	49.673828125	0.5704587	0.0002694	0.000898	9.569836139678955	8153.626265287399
715	678.5827560456554	852.87	49.439697265625	0.5703845	0.00026935714285714285	0.000897857142857143	9.507923364639282	8163.134752035141
716	617.329815208833	798.9	49.678955078125	0.5703095	0.00026931428571428566	0.0008977142857142858	9.962571382522583	8173.0999875068665
717	573.3808082819787	754.54	49.697265625	0.57022613	0.0002692714285714285	0.0008975714285714286	9.669534683227539	8182.770153284073
718	640.2659585378511	833.22	49.71337890625	0.5701495	0.0002692285714285714	0.0008974285714285715	9.486404657363892	8192.256660461426
719	621.48656476565	821.14	49.720703125	0.56988984	0.00026918571428571425	0.0008972857142857143	9.71412205696106	8201.973411798477
720	642.2869420401439	844.41	49.73291015625	0.5697985	0.0002691428571428571	0.0008971428571428572	9.867469310760498	8211.841237783432
721	670.767379420629	877.89	49.74169921875	0.5697052	0.0002691	0.000897	9.48801302909851	8221.330289363861
722	633.8566741849181	858.93	49.99072265625	0.5696154	0.0002690571428571428	0.0008968571428571428	9.49385404586792	8230.824729204178
723	681.1720201600899	896.1	49.7734375	0.5694313	0.0002690142857142857	0.0008967142857142857	9.620827198028564	8240.44895362854
724	677.6584995811685	913.58	50.27783203125	0.56933856	0.0002689714285714286	0.0008965714285714285	9.473719596862793	8249.923209667206
725	713.7707384836634	902.91	49.791748046875	0.56925565	0.00026892857142857144	0.0008964285714285715	9.626475811004639	8259.555590391159
726	641.3169064598076	860.6	49.303466796875	0.5691769	0.00026888571428571425	0.0008962857142857143	9.566960334777832	8269.123205184937
727	567.7101103871416	778.28	49.798828125	0.56910205	0.0002688428571428571	0.0008961428571428572	9.55438756942749	8278.679257154465
728	675.0620651880585	844.9	50.3212890625	0.5690306	0.0002688	0.000896	9.507288932800293	8288.18708062172
729	610.9125817605021	797.14	49.3330078125	0.56895906	0.00026875714285714284	0.0008958571428571429	9.529942035675049	8297.720012187958
730	591.1977605970746	773.06	49.343017578125	0.56889194	0.0002687142857142857	0.0008957142857142857	9.530287027359009	8307.25090098381
731	623.0360231023781	808.53	49.8525390625	0.5688302	0.00026867142857142857	0.0008955714285714286	9.513551235198975	8316.767171621323
732	623.9085933590602	786.49	49.849853515625	0.56876844	0.00026862857142857143	0.0008954285714285714	10.021301746368408	8326.789072036743
733	617.0816089475886	799.19	49.868408203125	0.5687	0.00026858571428571424	0.0008952857142857142	9.530356645584106	8336.323074817657
734	648.4109867577641	824.06	49.877197265625	0.5685511	0.0002685428571428571	0.0008951428571428572	9.571850538253784	8345.895505666733
735	648.9444220715089	839.28	50.383056640625	0.56846565	0.00026849999999999997	0.0008950000000000001	10.072434663772583	8355.969936847687
736	701.5801758989276	879.0	50.151123046875	0.56838	0.00026845714285714283	0.0008948571428571428	9.528141260147095	8365.498647212982
737	689.4581370266457	861.72	49.9111328125	0.5682942	0.0002684142857142857	0.0008947142857142857	9.504286050796509	8375.005907297134
738	745.0070017807271	929.91	49.919677734375	0.56821305	0.00026837142857142856	0.0008945714285714286	10.285048007965088	8385.29157090187
739	705.6975734747067	900.29	49.677734375	0.5681351	0.0002683285714285714	0.0008944285714285715	9.53683614730835	8394.830050230026
740	699.5053366772672	889.89	49.691650390625	0.5679697	0.00026828571428571423	0.0008942857142857142	9.562844276428223	8404.393455266953
741	692.5763042746279	847.31	50.437744140625	0.5678879	0.0002682428571428571	0.0008941428571428571	9.950494050979614	8414.346251010895
742	695.8160048322715	872.49	49.957275390625	0.5678065	0.00026819999999999996	0.000894	9.556750774383545	8423.903535842896
743	733.7010161498954	913.99	49.47509765625	0.5677313	0.0002681571428571428	0.000893857142857143	9.50833010673523	8433.41364812851
744	652.7886252602832	835.97	49.97900390625	0.56765676	0.0002681142857142857	0.0008937142857142857	9.94348669052124	8443.357711791992
745	681.8885660158753	857.36	49.740966796875	0.5675831	0.00026807142857142855	0.0008935714285714286	9.843526363372803	8453.202880620956
746	635.8947239031348	829.79	50.000732421875	0.56751394	0.0002680285714285714	0.0008934285714285715	9.49680781364441	8462.700309991837
747	630.4173435248457	823.45	46.93359375	0.56737727	0.0002679857142857142	0.0008932857142857143	10.030458688735962	8472.73345208168
748	637.2232013078022	850.17	50.018310546875	0.567301	0.0002679428571428571	0.0008931428571428571	9.526557445526123	8482.260588407516
749	630.4268975663493	834.42	49.749267578125	0.5672226	0.0002679	0.000893	9.462594270706177	8491.725343227386
750	736.9358691879189	899.68	49.2744140625	0.5671465	0.00026785714285714287	0.0008928571428571429	9.455567836761475	8501.181507587433
751	681.6320203287668	881.75	48.791015625	0.56706965	0.0002678142857142857	0.0008927142857142857	9.564699411392212	8510.74836063385
752	723.69297876292	899.6	49.7919921875	0.5669957	0.00026777142857142854	0.0008925714285714286	9.562947750091553	8520.3118994236
753	699.415508372826	859.64	49.0576171875	0.5668493	0.0002677285714285714	0.0008924285714285715	9.555965185165405	8529.870191335678
754	734.4699281095868	916.39	49.567626953125	0.5667763	0.00026768571428571427	0.0008922857142857143	9.602787494659424	8539.473503351212
755	660.8213880066074	825.13	50.31396484375	0.56670636	0.00026764285714285714	0.0008921428571428572	9.493202924728394	8548.968856573105
756	669.1215139470634	844.42	50.086181640625	0.5666347	0.0002676	0.000892	9.544909000396729	8558.51437664032
757	623.0286901207228	793.01	49.10400390625	0.56656617	0.00026755714285714286	0.0008918571428571429	9.520497560501099	8568.036248922348
758	626.2811260588247	798.26	49.591552734375	0.5664973	0.00026751428571428567	0.0008917142857142857	9.602950811386108	8577.639847517014
759	567.4036607140647	744.11	49.8662109375	0.56642926	0.00026747142857142854	0.0008915714285714286	9.489829301834106	8587.131934404373
760	581.1057279419099	764.18	49.86376953125	0.5663536	0.0002674285714285714	0.0008914285714285714	9.99419116973877	8597.126732349396
761	616.3689839176641	776.12	49.884521484375	0.56627685	0.00026738571428571426	0.0008912857142857143	9.55010437965393	8606.678282260895
762	605.0463326364453	747.99	49.636962890625	0.5661217	0.00026734285714285713	0.0008911428571428572	9.575362920761108	8616.254263162613
763	631.5286199338748	815.36	50.1533203125	0.56604475	0.0002673	0.0008910000000000001	9.986343383789062	8626.24251961708
764	630.9947469399525	807.08	49.9150390625	0.56597	0.00026725714285714286	0.0008908571428571429	9.590496301651001	8635.833619356155
765	679.8213936858348	872.62	50.17236328125	0.565893	0.00026721428571428567	0.0008907142857142857	9.533355712890625	8645.368836164474
766	617.0231863477717	803.84	49.917724609375	0.5658178	0.00026717142857142853	0.0008905714285714286	10.074039936065674	8655.443502664566
767	736.0573482462146	908.21	50.444580078125	0.56574124	0.0002671285714285714	0.0008904285714285715	9.604102373123169	8665.049184083939
768	703.1618398366024	905.59	49.712890625	0.5656629	0.00026708571428571426	0.0008902857142857143	9.510076761245728	8674.559859752655
769	757.2470661428212	938.86	50.20947265625	0.56557804	0.0002670428571428571	0.0008901428571428571	10.000766515731812	8684.56272149086
770	727.6885146401768	940.47	50.223388671875	0.5654922	0.000267	0.0008900000000000001	9.828391551971436	8694.391753435135
771	674.135403638476	896.05	50.234375	0.56532824	0.00026695714285714285	0.000889857142857143	9.561642408370972	8703.953496932983
772	757.5949677024137	903.63	50.2392578125	0.56524223	0.00026691428571428566	0.0008897142857142857	9.978081226348877	8713.934180021286
773	659.0267293860902	813.03	50.5029296875	0.56516224	0.0002668714285714285	0.0008895714285714286	9.548538446426392	8723.483266592026
774	644.491835314479	841.06	50.25	0.5650866	0.00026682857142857144	0.0008894285714285715	9.49897027015686	8732.984407663345
775	585.5351587396608	744.2	50.7734375	0.5650076	0.00026678571428571425	0.0008892857142857142	9.9533371925354	8742.937871932983
776	559.845819085202	764.83	50.2841796875	0.56493276	0.0002667428571428571	0.0008891428571428571	9.586118936538696	8752.525448560715
777	584.726905744965	744.01	51.0361328125	0.56485784	0.0002667	0.000889	9.510459661483765	8762.03648352623
778	669.04630404713	867.44	50.546142578125	0.56478184	0.00026665714285714284	0.000888857142857143	9.532402276992798	8771.571084737778
779	654.9203435165472	844.17	50.062255859375	0.5647106	0.0002666142857142857	0.0008887142857142856	9.605070114135742	8781.176728248596
780	699.877735395298	852.83	50.811279296875	0.56463856	0.00026657142857142857	0.0008885714285714286	9.508612155914307	8790.6878221035
781	582.5708286709495	755.57	50.82958984375	0.5645659	0.00026652857142857143	0.0008884285714285715	9.483644485473633	8800.172076702118
782	635.5152719852929	825.6	51.090576171875	0.564489	0.0002664857142857143	0.0008882857142857144	9.903504848480225	8810.079813718796
783	527.9503685542842	685.31	50.584716796875	0.5644138	0.0002664428571428571	0.0008881428571428571	9.487843990325928	8819.568225383759
784	605.3400568580314	786.32	50.361328125	0.564336	0.00026639999999999997	0.000888	9.517351865768433	8829.087431669235
785	603.4757665010741	787.66	50.615234375	0.56425893	0.00026635714285714283	0.0008878571428571429	9.62712836265564	8838.715170621872
786	656.5246026868253	828.41	50.63037109375	0.5641849	0.0002663142857142857	0.0008877142857142857	9.489050388336182	8848.205964326859
787	721.3313547385405	872.04	50.638916015625	0.5641084	0.00026627142857142856	0.0008875714285714285	9.492675065994263	8857.699232816696
788	728.3123634395665	853.14	50.635986328125	0.56402826	0.0002662285714285714	0.0008874285714285715	9.853923559188843	8867.55614900589
789	689.0724006377197	836.03	51.41162109375	0.56395346	0.00026618571428571424	0.0008872857142857143	9.505292415618896	8877.061995506287
790	688.4085625455338	838.28	50.41943359375	0.56379193	0.0002661428571428571	0.0008871428571428572	9.552623987197876	8886.61679148674
791	678.654650251538	828.91	50.67822265625	0.56370753	0.00026609999999999996	0.000887	10.041887760162354	8896.65924334526
792	736.3560439116317	912.42	50.691162109375	0.56362915	0.0002660571428571428	0.0008868571428571429	9.5205659866333	8906.181341648102
793	645.0951655259034	849.6	50.69873046875	0.56355804	0.0002660142857142857	0.0008867142857142857	9.467963218688965	8915.649873971939
794	715.803409078821	889.04	51.198974609375	0.5634753	0.00026597142857142855	0.0008865714285714286	10.10241985321045	8925.754805803299
795	724.4038700535143	922.36	50.967041015625	0.5633958	0.0002659285714285714	0.0008864285714285714	10.538843631744385	8936.294261693954
796	687.7775645168724	867.24	50.478515625	0.563218	0.0002658857142857143	0.0008862857142857143	9.540165901184082	8945.836246967316
797	685.6141065074615	855.12	51.229248046875	0.56312734	0.0002658428571428571	0.0008861428571428572	9.994394540786743	8955.831213235855
798	678.0102635512492	834.98	50.498046875	0.5630423	0.00026579999999999996	0.0008860000000000001	9.627387762069702	8965.46014881134
799	767.1922035839515	922.62	51.251953125	0.5629584	0.0002657571428571428	0.0008858571428571429	9.51437497138977	8974.975150346756
800	698.9887812556663	852.3	50.26806640625	0.56287086	0.0002657142857142857	0.0008857142857142857	9.973119258880615	8984.950236320496
801	727.1624259012799	846.75	50.778076171875	0.5627853	0.00026567142857142855	0.0008855714285714286	10.0542311668396	8995.005058765411
802	754.1685408131631	899.4	50.787841796875	0.56270665	0.0002656285714285714	0.0008854285714285715	9.43412184715271	9004.441608667374
803	692.0928435846228	860.36	51.5478515625	0.56263155	0.0002655857142857142	0.0008852857142857142	9.923307180404663	9014.365523815155
804	719.7996957390633	863.75	47.491943359375	0.5624657	0.00026554285714285714	0.0008851428571428571	9.551387548446655	9023.918399095535
805	658.8906334872845	807.38	50.320068359375	0.5623789	0.0002655	0.000885	9.430606365203857	9033.349622011185
806	640.4604106630784	819.18	50.826904296875	0.56229	0.00026545714285714287	0.000884857142857143	9.903432369232178	9043.256564855576
807	717.3826269181345	857.88	50.088134765625	0.5621974	0.0002654142857142857	0.0008847142857142857	9.890191078186035	9053.147377729416
808	705.7254057770355	869.78	49.6044921875	0.5621004	0.00026537142857142854	0.0008845714285714286	9.472979307174683	9062.622437953949
809	701.5587417528284	837.82	49.613525390625	0.5620031	0.0002653285714285714	0.0008844285714285715	9.935368776321411	9072.5584025383
810	617.4504356175386	769.29	50.36767578125	0.56190944	0.00026528571428571427	0.0008842857142857144	9.568999767303467	9082.130375862122
811	637.554980811226	779.22	50.62548828125	0.5618237	0.00026524285714285713	0.0008841428571428571	9.479423522949219	9091.61039185524
812	586.1608179361414	752.2	49.636474609375	0.56163186	0.0002652	0.000884	9.49734878540039	9101.109340190887
813	667.9253093260138	846.06	50.396240234375	0.5615385	0.00026515714285714286	0.0008838571428571429	9.628410816192627	9110.738282680511
814	691.9419430078736	848.77	50.406005859375	0.561446	0.00026511428571428567	0.0008837142857142857	9.431668043136597	9120.172172546387
815	709.8621349104948	887.88	50.666748046875	0.56135076	0.00026507142857142853	0.0008835714285714286	9.45250391960144	9129.62528181076
816	623.0201883795562	797.94	50.92041015625	0.5612555	0.0002650285714285714	0.0008834285714285715	9.473914861679077	9139.101133823395
817	696.8802521600925	863.05	50.9365234375	0.5611617	0.00026498571428571426	0.0008832857142857143	9.479007244110107	9148.580706834793
818	736.7337081306706	902.76	50.696533203125	0.5610695	0.0002649428571428571	0.0008831428571428572	9.45064115524292	9158.034229755402
819	745.6321989574973	897.05	50.201171875	0.56097764	0.0002649	0.000883	9.579230070114136	9167.614048480988
820	741.7103965618574	896.34	50.216064453125	0.5608836	0.00026485714285714285	0.0008828571428571429	10.316676139831543	9177.932244300842
821	717.4834036586421	863.32	50.22607421875	0.5607924	0.00026481428571428566	0.0008827142857142857	9.454632043838501	9187.387444972992
822	713.847429983683	890.22	49.72021484375	0.56061393	0.0002647714285714285	0.0008825714285714286	10.014120101928711	9197.404891490936
823	721.6140138455256	838.44	50.994384765625	0.5605261	0.0002647285714285714	0.0008824285714285714	9.526898622512817	9206.93235039711
824	670.2280596874027	797.29	50.987548828125	0.56044096	0.00026468571428571425	0.0008822857142857144	9.466258525848389	9216.400426149368
825	656.4472024666921	822.09	50.75341796875	0.56035227	0.0002646428571428571	0.0008821428571428572	9.906149864196777	9226.307195186615
826	676.755303709192	843.24	50.022705078125	0.56027037	0.0002646	0.000882	9.771339893341064	9236.081497430801
827	680.7173464737144	840.7	50.5341796875	0.56018585	0.00026455714285714284	0.0008818571428571429	9.461877584457397	9245.543957948685
828	616.0469371698847	773.72	50.7802734375	0.5600999	0.00026451428571428565	0.0008817142857142857	10.051463842391968	9255.596938610077
829	639.3414440000205	806.34	49.802734375	0.55991906	0.00026447142857142857	0.0008815714285714286	9.602821111679077	9265.20035147667
830	666.9353082850967	813.78	50.311767578125	0.5598229	0.00026442857142857144	0.0008814285714285714	9.468044757843018	9274.673763751984
831	668.6268329222688	836.22	50.5712890625	0.55973035	0.00026438571428571425	0.0008812857142857142	9.942709922790527	9284.617041826248
832	679.6501085435843	837.68	51.079833984375	0.5596426	0.0002643428571428571	0.0008811428571428571	9.80546236038208	9294.424353837967
833	718.053925889192	874.19	50.59326171875	0.5595493	0.0002643	0.0008810000000000001	9.455794334411621	9303.880915164948
834	772.4021917308871	891.35	51.103271484375	0.5594619	0.00026425714285714284	0.0008808571428571429	9.927273035049438	9313.808800458908
835	718.4082535645946	862.15	51.11181640625	0.5593781	0.0002642142857142857	0.0008807142857142857	9.45760726928711	9323.269828081131
836	719.1541488992411	827.26	51.122802734375	0.559298	0.00026417142857142856	0.0008805714285714286	9.482978105545044	9332.75340127945
837	711.7511307443478	844.71	50.63232421875	0.5592249	0.00026412857142857143	0.0008804285714285715	9.940189838409424	9342.69633436203
838	696.1770073632985	819.7	49.892333984375	0.559063	0.0002640857142857143	0.0008802857142857143	9.532235383987427	9352.229117393494
839	734.2150636146351	862.98	50.903076171875	0.55897886	0.0002640428571428571	0.0008801428571428571	9.550546169281006	9361.781340360641
840	697.3874228455574	838.42	50.411865234375	0.5589004	0.00026399999999999997	0.00088	9.456367492675781	9371.238270282745
841	792.9335224871378	902.79	50.670654296875	0.5588191	0.00026395714285714283	0.000879857142857143	9.50832223892212	9380.749167203903
842	730.9281444398282	845.89	49.937744140625	0.55874336	0.0002639142857142857	0.0008797142857142856	9.470520973205566	9390.22040271759
843	724.791881113913	864.94	50.44140625	0.5586657	0.00026387142857142856	0.0008795714285714286	9.475796222686768	9399.696791648865
844	671.7532536706863	823.61	49.94921875	0.5584878	0.0002638285714285714	0.0008794285714285715	9.604749202728271	9409.303994894028
845	674.7980178266969	799.84	51.21044921875	0.55839825	0.00026378571428571423	0.0008792857142857143	22.640599727630615	9431.945125102997
846	671.6258553045566	822.7	50.229248046875	0.55830425	0.0002637428571428571	0.0008791428571428571	16.399198532104492	9448.34614610672
847	762.7072427814336	903.83	49.7373046875	0.5582157	0.00026369999999999996	0.000879	9.52260136604309	9457.8697514534
848	739.1637353870548	877.21	51.2392578125	0.5581259	0.0002636571428571428	0.0008788571428571429	9.654458045959473	9467.526421546936
849	752.3349365276122	873.75	49.75537109375	0.55803585	0.0002636142857142857	0.0008787142857142857	9.534763813018799	9477.061744689941
850	691.9094344169325	817.0	50.508056640625	0.55794585	0.00026357142857142855	0.0008785714285714285	9.954106330871582	9487.018054962158
851	728.4867602766666	859.27	50.027587890625	0.557855	0.0002635285714285714	0.0008784285714285715	10.037156343460083	9497.055754184723
852	782.4312239188663	914.99	50.27978515625	0.55776167	0.0002634857142857143	0.0008782857142857144	9.523657083511353	9506.652799129486
853	762.5439829932859	901.56	49.04736328125	0.5575568	0.0002634428571428571	0.0008781428571428572	9.514183282852173	9516.16763162613
854	779.4887329096005	923.2	50.05615234375	0.5574567	0.00026339999999999995	0.000878	9.912345170974731	9526.082393169403
855	746.5268959164325	872.7	51.560302734375	0.5573589	0.00026335714285714287	0.0008778571428571429	9.579386472702026	9535.662362575531
856	768.7953921096055	888.05	50.818359375	0.55726475	0.0002633142857142857	0.0008777142857142857	9.482115268707275	9545.14642381668
857	731.0062461929664	853.27	51.329833984375	0.55716556	0.00026327142857142854	0.0008775714285714286	10.029721021652222	9555.176729679108
858	755.1486392718517	871.43	50.837646484375	0.557074	0.0002632285714285714	0.0008774285714285714	9.56197190284729	9564.740628957748
859	728.2209441238552	864.45	51.095458984375	0.5569801	0.00026318571428571427	0.0008772857142857142	9.482030391693115	9574.223278999329
860	710.8036473407763	836.47	50.109619140625	0.55679363	0.00026314285714285713	0.0008771428571428572	10.032998085021973	9584.256906032562
861	730.8692568171011	858.44	51.6181640625	0.5567054	0.0002631	0.0008770000000000001	9.489717245101929	9593.748275518417
862	759.742659505171	882.07	48.0654296875	0.5566196	0.00026305714285714286	0.0008768571428571429	9.970182180404663	9603.71904015541
863	758.1651199089313	895.53	51.34375	0.5565403	0.00026301428571428567	0.0008767142857142857	9.957468271255493	9613.678074836731
864	735.5496736032266	865.64	50.8544921875	0.55645674	0.00026297142857142854	0.0008765714285714286	9.47155475616455	9623.150333881378
865	775.5877328492201	893.03	51.381103515625	0.5563723	0.0002629285714285714	0.0008764285714285715	9.480172395706177	9632.631056547165
866	745.3299647313931	883.65	50.1591796875	0.5562168	0.00026288571428571426	0.0008762857142857143	9.895192623138428	9642.527633428574
867	743.693206018061	892.21	51.40771484375	0.5561436	0.00026284285714285713	0.0008761428571428571	9.777139902114868	9652.305372476578
868	729.228266103191	873.04	50.443359375	0.5560748	0.0002628	0.000876	9.618458271026611	9661.927563428879
869	746.7446704828388	885.49	50.944091796875	0.5560054	0.00026275714285714285	0.000875857142857143	9.499763011932373	9671.427893161774
870	781.3085290778171	914.57	50.946044921875	0.55593586	0.00026271428571428566	0.0008757142857142857	9.599515199661255	9681.029397726059
871	796.9789517827501	932.94	51.466064453125	0.55587184	0.00026267142857142853	0.0008755714285714286	9.53966999053955	9690.569674253464
872	687.100472070348	831.2	51.220703125	0.55580044	0.0002626285714285714	0.0008754285714285715	9.496351718902588	9700.06853222847
873	640.1676458157206	784.13	50.729736328125	0.5557248	0.00026258571428571426	0.0008752857142857144	9.649826288223267	9709.718974590302
874	719.1980638172714	824.49	50.99169921875	0.5556542	0.0002625428571428571	0.0008751428571428571	9.53831958770752	9719.259111642838
875	661.3496557089602	793.64	50.254638671875	0.5555251	0.0002625	0.000875	9.59328818321228	9728.85294008255
876	719.5256682955899	838.36	51.26025390625	0.55546707	0.00026245714285714285	0.0008748571428571429	9.494190692901611	9738.349725961685
877	730.8135086191058	835.62	51.27490234375	0.5554061	0.0002624142857142857	0.0008747142857142858	9.552252292633057	9747.902573823929
878	724.6118788990378	849.94	51.785888671875	0.55534786	0.0002623714285714285	0.0008745714285714285	9.47037935256958	9757.377519369125
879	757.8875740641658	890.84	51.281982421875	0.5552945	0.0002623285714285714	0.0008744285714285715	10.096722602844238	9767.47486948967
880	806.2296490761041	913.66	50.804931640625	0.5552447	0.0002622857142857143	0.0008742857142857144	9.638581275939941	9777.1160364151
881	780.729629572495	918.84	50.315185546875	0.5551581	0.0002622428571428571	0.0008741428571428571	9.668733596801758	9786.785309791565
882	749.6240979238491	892.89	51.07421875	0.55511224	0.0002622	0.000874	10.11989426612854	9796.906918048859
883	794.926718214086	910.7	51.085205078125	0.5550688	0.00026215714285714284	0.0008738571428571429	9.530164957046509	9806.43763923645
884	755.0460627037489	886.23	51.094970703125	0.5550227	0.00026211428571428565	0.0008737142857142857	9.46399450302124	9815.903472185135
885	768.3296665952454	899.7	51.355224609375	0.55496943	0.00026207142857142857	0.0008735714285714285	10.130067586898804	9826.034187078476
886	768.5648893002071	892.29	51.362548828125	0.55491364	0.00026202857142857143	0.0008734285714285714	9.706597328186035	9835.743540287018
887	720.3197190311839	858.45	51.37353515625	0.55485827	0.00026198571428571424	0.0008732857142857142	9.57187271118164	9845.315551519394
888	702.8006484368075	817.21	50.88427734375	0.55474216	0.0002619428571428571	0.0008731428571428572	10.069001197814941	9855.385919809341
889	743.305417970434	869.18	50.40185546875	0.5546843	0.00026189999999999997	0.000873	9.472217559814453	9864.85830450058
890	713.050987594928	847.5	51.403076171875	0.5546287	0.00026185714285714283	0.0008728571428571429	9.507688045501709	9874.367869853973
891	691.115931215225	793.91	51.410888671875	0.5545664	0.0002618142857142857	0.0008727142857142858	10.008610010147095	9884.377192020416
892	803.7685099063806	922.35	51.4228515625	0.55450803	0.00026177142857142856	0.0008725714285714286	9.870701313018799	9894.248430490494
893	745.9984194968619	845.99	51.4287109375	0.55445164	0.0002617285714285714	0.0008724285714285714	9.463583707809448	9903.719074010849
894	724.0669718035862	847.7	51.442626953125	0.55438966	0.0002616857142857143	0.0008722857142857143	10.025345802307129	9913.744980096817
895	767.0045470800255	877.38	51.45263671875	0.5535336	0.0002616428571428571	0.0008721428571428571	10.132404565811157	9923.879189252853
896	780.0811436727447	898.05	51.44873046875	0.55346507	0.00026159999999999996	0.000872	9.509946823120117	9933.389693021774
897	798.8709636449219	906.88	51.472412109375	0.55339926	0.0002615571428571428	0.0008718571428571429	9.96657657623291	9943.35915517807
898	728.3696129367406	855.69	51.478759765625	0.5533286	0.0002615142857142857	0.0008717142857142857	9.46820330619812	9952.8279671669
899	787.2416296276771	888.3	51.491943359375	0.55325645	0.00026147142857142855	0.0008715714285714286	9.419693231582642	9962.25060915947
900	754.0006924805535	859.81	51.501708984375	0.5530997	0.0002614285714285714	0.0008714285714285715	9.511670351028442	9971.762854099274
901	751.3102060056997	848.24	51.510009765625	0.55301404	0.0002613857142857142	0.0008712857142857142	9.486693859100342	9981.25139260292
902	770.0654329704286	902.76	51.271240234375	0.5529297	0.0002613428571428571	0.0008711428571428571	9.448901414871216	9990.700887203217
903	830.1018801969594	941.97	51.28125	0.55284244	0.00026129999999999995	0.000871	9.47776198387146	10000.180426597595
904	780.0022860941666	907.35	51.283935546875	0.5527486	0.0002612571428571428	0.0008708571428571429	9.802385807037354	10009.983429670334
905	812.4521855973582	915.83	51.551025390625	0.55265605	0.0002612142857142857	0.0008707142857142858	9.539006471633911	10019.52767777443
906	741.8163247714083	875.84	51.30859375	0.5524723	0.00026117142857142855	0.0008705714285714286	9.564801931381226	10029.093016147614
907	762.6362398210108	890.03	51.5673828125	0.55237895	0.0002611285714285714	0.0008704285714285715	9.490464210510254	10038.585470676422
908	785.7640459112304	922.92	51.581298828125	0.55229014	0.0002610857142857143	0.0008702857142857144	9.546950101852417	10048.132708311081
909	782.4878504987577	875.32	51.583984375	0.5521974	0.0002610428571428571	0.0008701428571428571	9.500283479690552	10057.63492155075
910	774.1442538671913	894.62	51.35009765625	0.5521023	0.000261	0.00087	9.777025699615479	10067.412546396255
911	793.5741433138757	898.78	51.360595703125	0.5520104	0.00026095714285714287	0.0008698571428571429	9.530404806137085	10076.94497513771
912	710.2171711887569	802.56	51.8681640625	0.55191797	0.0002609142857142857	0.0008697142857142857	9.478473424911499	10086.424008131027
913	693.214314536556	833.28	51.62890625	0.5517284	0.00026087142857142854	0.0008695714285714285	10.003497123718262	10096.429814338684
914	744.4906273023392	856.59	51.637939453125	0.55162615	0.0002608285714285714	0.0008694285714285715	9.468197345733643	10105.898554325104
915	850.9255636728844	924.96	51.648681640625	0.55153364	0.00026078571428571427	0.0008692857142857143	9.447574377059937	10115.347815275192
916	803.2218899664664	927.58	52.15771484375	0.55145085	0.00026074285714285713	0.0008691428571428572	10.149692296981812	10125.498122215271
917	819.5582262289421	934.37	51.91845703125	0.55136603	0.0002607	0.000869	9.551600217819214	10135.051528930664
918	774.4286961178229	903.3	51.928466796875	0.551281	0.00026065714285714286	0.0008688571428571429	9.48573613166809	10144.537808179855
919	816.3121353503624	945.2	48.626953125	0.551107	0.0002606142857142857	0.0008687142857142858	10.00102972984314	10154.540703296661
920	762.85014340377	887.09	51.166259765625	0.5510176	0.00026057142857142853	0.0008685714285714286	9.485069036483765	10164.02640414238
921	775.7679197034092	896.67	51.45263671875	0.55092704	0.0002605285714285714	0.0008684285714285714	9.435113668441772	10173.462122440338
922	785.3717209714896	905.49	50.96044921875	0.5508383	0.00026048571428571426	0.0008682857142857143	9.9644935131073	10183.429098367691
923	773.2303919244898	876.3	51.72314453125	0.55075294	0.0002604428571428571	0.0008681428571428571	9.437627792358398	10192.86724805832
924	731.8108472812756	855.13	50.49169921875	0.5506697	0.0002604	0.0008680000000000001	9.54578161239624	10202.414026737213
925	757.2214486175966	869.48	51.4970703125	0.55059236	0.00026035714285714285	0.0008678571428571429	10.042603731155396	10212.457187891006
926	720.6326129744143	815.22	50.758056640625	0.55043405	0.00026031428571428566	0.0008677142857142857	9.537737369537354	10221.996965885162
927	745.3185455434406	843.69	51.265869140625	0.5503513	0.0002602714285714285	0.0008675714285714286	9.432322263717651	10231.429843187332
928	764.1633864222853	865.57	51.776611328125	0.5502699	0.0002602285714285714	0.0008674285714285714	9.449075937271118	10240.880775690079
929	789.0533358436776	897.11	51.51953125	0.55019134	0.00026018571428571425	0.0008672857142857143	9.825057983398438	10250.706423521042
930	791.0300231532184	915.26	50.797119140625	0.55011076	0.0002601428571428571	0.0008671428571428571	9.45462417602539	10260.162425041199
931	837.0095629119701	937.73	52.304931640625	0.5500273	0.0002601	0.000867	9.472958326339722	10269.635956048965
932	790.9571485682329	936.58	51.314208984375	0.549844	0.00026005714285714284	0.0008668571428571428	9.68666410446167	10279.324824094772
933	770.9087936783632	876.67	52.06689453125	0.54974574	0.0002600142857142857	0.0008667142857142858	9.479384422302246	10288.804771184921
934	794.1359933848844	924.17	51.085205078125	0.54965335	0.0002599714285714285	0.0008665714285714286	9.4418306350708	10298.248347759247
935	748.9580403010508	871.37	51.594970703125	0.54956	0.00025992857142857144	0.0008664285714285715	9.469154834747314	10307.71808385849
936	792.4625515926183	903.16	51.84619140625	0.54946965	0.0002598857142857143	0.0008662857142857143	9.507102489471436	10317.22685456276
937	743.8812046751378	836.46	52.114501953125	0.54937845	0.0002598428571428571	0.0008661428571428571	9.394097089767456	10326.621583938599
938	659.4136206465446	778.42	52.62353515625	0.54929	0.00025979999999999997	0.000866	9.914165019989014	10336.539756774902
939	716.768005822056	840.58	53.126953125	0.54920435	0.00025975714285714284	0.0008658571428571429	9.448805093765259	10345.989211082458
940	709.3864499651584	801.35	52.894287109375	0.54903746	0.0002597142857142857	0.0008657142857142856	9.514446020126343	10355.505856275558
941	781.1234637149457	874.07	52.655029296875	0.5489523	0.00025967142857142856	0.0008655714285714285	9.933210372924805	10365.439626216888
942	778.8498129677663	867.69	52.651123046875	0.54886544	0.00025962857142857143	0.0008654285714285715	9.559607982635498	10375.00077867508
943	790.0063473096842	890.5	52.674560546875	0.54877824	0.0002595857142857143	0.0008652857142857144	9.436737298965454	10384.438068389893
944	816.5307538235793	924.88	52.670166015625	0.5486986	0.0002595428571428571	0.0008651428571428571	10.096434116363525	10394.53611779213
945	825.6368424332736	909.34	52.6923828125	0.5486173	0.00025949999999999997	0.000865	9.448560953140259	10403.98528790474
946	752.3226422580467	884.88	52.700439453125	0.54845923	0.00025945714285714283	0.0008648571428571429	9.483026266098022	10413.470742225647
947	730.1279448629815	864.37	53.20654296875	0.5483787	0.0002594142857142857	0.0008647142857142858	9.904870986938477	10423.376178264618
948	795.3085266116121	909.99	52.722900390625	0.54830486	0.00025937142857142856	0.0008645714285714285	9.439148426055908	10432.817047834396
949	776.121508632601	870.01	52.73388671875	0.54823035	0.0002593285714285714	0.0008644285714285714	9.40990662574768	10442.227488994598
950	727.6282988799529	833.13	52.97900390625	0.54815143	0.0002592857142857143	0.0008642857142857144	9.395916938781738	10451.626311540604
951	787.8434345191384	901.76	52.753173828125	0.54807407	0.0002592428571428571	0.0008641428571428572	9.591495037078857	10461.218372821808
952	748.4707650339083	846.76	52.750732421875	0.54799587	0.00025919999999999996	0.000864	9.44322419166565	10470.663071155548
953	699.5586321659605	783.97	52.77294921875	0.54680085	0.0002591571428571428	0.0008638571428571429	11.480880737304688	10482.144489049911
954	752.4480018416685	875.84	52.7802734375	0.5468138	0.0002591142857142857	0.0008637142857142857	9.98792028427124	10492.134461641312
955	757.832887805538	880.83	52.789794921875	0.54681295	0.00025907142857142855	0.0008635714285714286	9.413630485534668	10501.548619508743
956	816.1184112759553	908.23	52.785400390625	0.54680735	0.0002590285714285714	0.0008634285714285714	9.400470495223999	10510.951145648956
957	723.8731125820908	822.76	53.060791015625	0.5467927	0.0002589857142857143	0.0008632857142857143	10.044639348983765	10520.996489286423
958	761.0399656817336	870.1	52.819580078125	0.54676765	0.00025894285714285714	0.0008631428571428572	9.507006645202637	10530.50409245491
959	764.3115049646757	869.64	52.829833984375	0.54673976	0.00025889999999999995	0.000863	9.446135997772217	10539.952134370804
960	848.8711567476978	948.23	52.84033203125	0.5466686	0.0002588571428571428	0.0008628571428571429	9.554420471191406	10549.507133483887
961	789.8155665669354	891.01	52.83349609375	0.5466261	0.00025881428571428573	0.0008627142857142858	9.471405982971191	10558.980397939682
962	799.1991729625016	898.29	52.368896484375	0.54657763	0.00025877142857142854	0.0008625714285714286	9.412726640701294	10568.393671274185
963	766.6640496652842	852.91	52.869873046875	0.5465253	0.0002587285714285714	0.0008624285714285715	9.476658344268799	10577.872649908066
964	728.7743135302526	838.29	52.866943359375	0.5464746	0.00025868571428571427	0.0008622857142857143	9.460914373397827	10587.334098815918
965	733.7665746429816	830.43	52.890625	0.54641706	0.00025864285714285713	0.0008621428571428571	9.41881012916565	10596.75450015068
966	695.4418330037314	783.74	52.898193359375	0.54627883	0.0002586	0.000862	9.978355646133423	10606.733437538147
967	779.4786856314403	857.62	52.910400390625	0.5462001	0.00025855714285714286	0.0008618571428571429	9.566366195678711	10616.30111503601
968	782.7238999103199	871.51	52.920166015625	0.5461241	0.00025851428571428567	0.0008617142857142856	9.397119760513306	10625.69879937172
969	735.645755425067	823.07	52.927734375	0.54605216	0.00025847142857142853	0.0008615714285714286	9.892301321029663	10635.593337774277
970	795.6188193285225	892.4	53.1904296875	0.5459859	0.0002584285714285714	0.0008614285714285715	9.424914836883545	10645.01878786087
971	764.2017121196301	864.52	52.949462890625	0.545826	0.00025838571428571426	0.0008612857142857144	9.478687763214111	10654.4994764328
972	778.4528338265569	889.46	52.957275390625	0.54574144	0.0002583428571428571	0.0008611428571428572	10.122620820999146	10664.622663021088
973	819.9728615011157	914.44	53.21826171875	0.54565924	0.0002583	0.000861	9.409764051437378	10674.0343542099
974	774.5224919617767	874.77	53.22998046875	0.54557854	0.00025825714285714285	0.0008608571428571429	9.473476886749268	10683.508470058441
975	749.5438436091488	850.21	52.988525390625	0.54550296	0.0002582142857142857	0.0008607142857142858	9.990020513534546	10693.500291109085
976	752.2601497638128	865.52	52.99951171875	0.54534364	0.00025817142857142853	0.0008605714285714285	9.509211301803589	10703.010072231293
977	795.83627833467	872.34	49.19970703125	0.545264	0.0002581285714285714	0.0008604285714285714	9.43392038345337	10712.445752382278
978	762.4203771877626	844.73	52.027587890625	0.5451841	0.00025808571428571426	0.0008602857142857144	9.631073713302612	10722.077424049377
979	805.1316136080054	898.8	51.281982421875	0.54509836	0.0002580428571428571	0.0008601428571428571	9.739622354507446	10731.822046518326
980	782.4353677827894	867.29	52.036376953125	0.5450211	0.000258	0.00086	9.472275733947754	10741.294899702072
981	798.9642920365987	884.06	52.04638671875	0.54493904	0.00025795714285714285	0.0008598571428571429	9.399948596954346	10750.697134017944
982	800.1714477035146	882.3	52.555419921875	0.54486275	0.00025791428571428566	0.0008597142857142857	9.44595456123352	10760.143796682358
983	782.3976860123969	883.18	51.851318359375	0.5445233	0.0002578714285714285	0.0008595714285714285	9.696887731552124	10769.841299533844
984	776.1406554211104	879.6	52.573974609375	0.5444536	0.0002578285714285714	0.0008594285714285714	9.423616409301758	10779.267231702805
985	813.9309473972228	917.87	52.336669921875	0.5443874	0.00025778571428571425	0.0008592857142857143	9.455209493637085	10788.723091363907
986	884.9496003501308	971.01	52.346923828125	0.54432636	0.00025774285714285717	0.0008591428571428573	9.43478274345398	10798.160534143448
987	838.7449050660683	901.21	52.10498046875	0.54426306	0.0002577	0.000859	9.399261474609375	10807.560589313507
988	803.4284578109099	879.29	52.116455078125	0.54378974	0.00025765714285714284	0.0008588571428571429	10.246973991394043	10817.808209657669
989	817.0246286008331	920.88	52.625732421875	0.54372394	0.0002576142857142857	0.0008587142857142858	9.821943283081055	10827.633002758026
990	814.8911274562269	913.9	52.376220703125	0.543666	0.0002575714285714285	0.0008585714285714286	9.445568323135376	10837.079147338867
991	833.136275135541	926.76	52.51953125	0.5421078	0.00025752857142857143	0.0008584285714285714	15.908090829849243	10852.989585638046
992	863.062382894288	934.27	52.52880859375	0.54069215	0.0002574857142857143	0.0008582857142857143	15.087435245513916	10868.077830076218
993	850.6955456133417	926.42	53.034423828125	0.5406495	0.0002574428571428571	0.0008581428571428571	9.54581069946289	10877.625494480133
994	878.1431055356135	934.35	52.294189453125	0.53945243	0.00025739999999999997	0.000858	15.09313440322876	10892.719284534454
995	786.0602104330491	868.52	52.55224609375	0.5382764	0.00025735714285714283	0.0008578571428571428	15.626746416091919	10908.346847057343
996	889.7940396813424	953.68	52.56005859375	0.5382126	0.0002573142857142857	0.0008577142857142857	9.612882614135742	10917.961836338043
997	874.0818739865165	939.83	52.568359375	0.5370583	0.00025727142857142856	0.0008575714285714286	15.52983832359314	10933.492212295532
998	895.7804841664954	949.32	52.575927734375	0.53577256	0.0002572285714285714	0.0008574285714285715	15.223504543304443	10948.71764922142
999	857.828673500937	934.96	52.582275390625	0.5344675	0.0002571857142857143	0.0008572857142857143	15.604119777679443	10964.322977781296
1000	895.7294077953426	957.4	52.588134765625	0.5329292	0.00025714285714285715	0.0008571428571428572	15.439124345779419	10979.764240503311
1001	884.3357317380556	939.97	52.597900390625	0.5320401	0.00025709999999999996	0.000857	15.47179365158081	10995.237733364105
1002	874.1668248275711	936.73	52.60498046875	0.5311219	0.0002570571428571428	0.0008568571428571429	22.231911659240723	11017.47168636322
1003	876.417882649754	905.39	52.61474609375	0.52982897	0.0002570142857142857	0.0008567142857142857	15.575268745422363	11033.04920387268
1004	876.9735084915508	929.48	53.12109375	0.52855486	0.00025697142857142855	0.0008565714285714285	15.169835090637207	11048.220737457275
1005	894.7575814240746	923.6	52.87890625	0.5277113	0.0002569285714285714	0.0008564285714285715	15.12740182876587	11063.349557876587
1006	894.2289955024551	937.38	52.884521484375	0.5265402	0.0002568857142857143	0.0008562857142857144	15.0962233543396	11078.447689771652
1007	925.3272581897936	963.48	53.1455078125	0.52537566	0.0002568428571428571	0.0008561428571428571	15.552909851074219	11094.002522706985
1008	891.6947728032376	932.26	52.154541015625	0.5236041	0.00025679999999999995	0.000856	15.12295651435852	11109.127023935318
1009	923.6812208607865	937.29	53.16015625	0.5223331	0.0002567571428571428	0.0008558571428571429	15.110676288604736	11124.23939704895
1010	879.7536538591845	918.03	52.919921875	0.5208946	0.0002567142857142857	0.0008557142857142857	15.116984844207764	11139.357914924622
1011	925.6637284678916	967.66	53.41796875	0.5207827	0.00025667142857142855	0.0008555714285714285	9.565835237503052	11148.92596244812
1012	891.3980699398162	945.31	52.93408203125	0.51986486	0.0002566285714285714	0.0008554285714285714	15.26564359664917	11164.192240715027
1013	895.5633130123206	946.71	53.44384765625	0.51822716	0.00025658571428571427	0.0008552857142857144	15.594288349151611	11179.788237810135
1014	893.8888264658832	928.6	52.457275390625	0.51685834	0.00025654285714285714	0.0008551428571428573	15.177562713623047	11194.967654705048
1015	932.0165597961036	956.44	53.209228515625	0.51580334	0.00025649999999999995	0.000855	15.824871301651001	11210.794072151184
1016	936.7423115406767	964.52	53.21533203125	0.51475257	0.00025645714285714286	0.0008548571428571429	15.148208141326904	11225.944401979446
1017	912.4273696298868	938.82	53.474365234375	0.5132783	0.00025641428571428573	0.0008547142857142858	15.71934962272644	11241.666135072708
1018	912.3297439681957	939.51	54.23388671875	0.51222456	0.00025637142857142854	0.0008545714285714286	15.19223141670227	11256.85980296135
1019	920.9564506881387	952.5	52.989990234375	0.5111824	0.0002563285714285714	0.0008544285714285714	15.686617374420166	11272.54739689827
1020	927.3299983193959	951.21	53.248291015625	0.5100257	0.00025628571428571427	0.0008542857142857143	15.103698968887329	11287.652798175812
1021	921.4356435940089	925.75	53.256103515625	0.50893164	0.00025624285714285713	0.0008541428571428571	15.390517711639404	11303.044700860977
1022	927.6097366688613	927.52	53.263916015625	0.5087988	0.0002562	0.000854	10.573431730270386	11313.62045454979
1023	904.2761362789839	947.71	53.02197265625	0.50766844	0.00025615714285714286	0.0008538571428571429	15.605988502502441	11329.227100849152
1024	933.0464247855385	942.04	53.02783203125	0.50653607	0.00025611428571428567	0.0008537142857142857	15.191879749298096	11344.420247793198
1025	951.309582056818	965.23	52.7880859375	0.50550467	0.00025607142857142853	0.0008535714285714286	15.568211317062378	11359.990606069565
1026	924.4512830981901	953.33	52.052490234375	0.50428945	0.0002560285714285714	0.0008534285714285715	15.122891187667847	11375.115041017532
1027	941.3170176480327	954.78	53.55322265625	0.5033025	0.00025598571428571426	0.0008532857142857143	15.563754796981812	11390.680318593979
1028	944.9496537551003	941.4	52.06982421875	0.503232	0.0002559428571428571	0.0008531428571428572	9.570993661880493	11400.253275156021
1029	943.1626351923445	963.9	52.81982421875	0.501973	0.0002559	0.000853	15.538161516189575	11415.792141914368
1030	946.7921006753448	948.0	53.077880859375	0.50190955	0.00025585714285714285	0.0008528571428571428	9.559366941452026	11425.353736877441
1031	982.8026347170521	960.87	53.58544921875	0.500917	0.0002558142857142857	0.0008527142857142857	15.08071756362915	11440.434988975525
1032	963.5025383546952	977.15	52.843505859375	0.49972662	0.0002557714285714285	0.0008525714285714286	15.52995252609253	11455.968291282654
1033	949.5080226220215	942.43	53.10107421875	0.4989191	0.0002557285714285714	0.0008524285714285715	15.022738456726074	11470.99306511879
1034	982.19103162103	983.48	49.320556640625	0.4978718	0.00025568571428571425	0.0008522857142857143	15.19908857345581	11486.194027423859
1035	909.9953418845791	935.37	51.955322265625	0.4969435	0.0002556428571428571	0.0008521428571428571	15.00297236442566	11501.198825836182
1036	890.6652289323486	907.3	51.645751953125	0.4955616	0.0002556	0.000852	15.199197769165039	11516.400181531906
1037	949.0962418741605	952.17	52.153564453125	0.4944586	0.00025555714285714284	0.0008518571428571429	15.067136526107788	11531.47059750557
1038	982.719201821365	984.99	52.164306640625	0.4935173	0.00025551428571428565	0.0008517142857142856	15.210049152374268	11546.684251308441
1039	957.4696699693475	932.56	50.930908203125	0.49202397	0.0002554714285714285	0.0008515714285714285	15.071460008621216	11561.756537437439
1040	979.8783509108658	965.21	51.93994140625	0.49121645	0.0002554285714285714	0.0008514285714285714	15.725603818893433	11577.483663797379
1041	985.3338522156415	961.3	51.948974609375	0.4901077	0.0002553857142857143	0.0008512857142857144	15.548967123031616	11593.03410577774
1042	1041.5195483818843	1001.19	51.705322265625	0.48888445	0.00025534285714285716	0.0008511428571428572	15.068775653839111	11608.105405569077
1043	1002.941191488178	977.42	50.72314453125	0.48768607	0.00025529999999999997	0.000851	16.040255308151245	11624.148594856262
1044	1014.8263209491402	967.27	51.72314453125	0.48647144	0.00025525714285714284	0.0008508571428571429	15.285104036331177	11639.434771060944
1045	1011.1484602690459	985.25	51.72998046875	0.4853686	0.0002552142857142857	0.0008507142857142858	15.61600399017334	11655.052736282349
1046	957.039584037047	956.53	51.953369140625	0.48464695	0.00025517142857142856	0.0008505714285714285	15.12299370765686	11670.177196741104
1047	957.7851660507015	951.82	52.21142578125	0.48376927	0.0002551285714285714	0.0008504285714285714	15.570585250854492	11685.749419927597
1048	996.076422566498	977.45	52.46826171875	0.48246357	0.0002550857142857143	0.0008502857142857143	15.167480945587158	11700.917900562286
1049	966.4447171125187	954.96	51.977294921875	0.4815774	0.0002550428571428571	0.0008501428571428571	15.570279121398926	11716.489718198776
1050	1038.5011975183183	981.35	52.23486328125	0.48096594	0.00025499999999999996	0.00085	15.132444381713867	11731.62675857544
1051	954.3424000458325	931.0	52.242919921875	0.48002538	0.00025495714285714283	0.0008498571428571429	15.600760459899902	11747.228058576584
1052	999.5333787681922	964.28	52.751708984375	0.4799155	0.0002549142857142857	0.0008497142857142858	9.502386569976807	11756.732504844666
1053	955.4996128081101	960.67	52.259521484375	0.47877276	0.00025487142857142856	0.0008495714285714286	15.046832799911499	11771.779922246933
1054	970.2232884067619	960.18	52.266357421875	0.47763535	0.0002548285714285714	0.0008494285714285714	15.135531425476074	11786.917358398438
1055	1036.5111015531713	999.4	52.538330078125	0.47754762	0.0002547857142857143	0.0008492857142857143	9.701437950134277	11796.621475458145
1056	1035.636234008067	984.47	52.036376953125	0.47678995	0.00025474285714285715	0.0008491428571428572	16.16419553756714	11812.786308765411
1057	1001.0171385295107	977.16	52.045654296875	0.47601	0.00025469999999999996	0.000849	15.242648124694824	11828.030668735504
1058	983.3626636337453	958.84	52.303955078125	0.4752741	0.0002546571428571428	0.0008488571428571428	15.110437154769897	11843.14257144928
1059	1005.5971173056737	947.56	52.814453125	0.47414514	0.0002546142857142857	0.0008487142857142858	15.61119556427002	11858.755643606186
1060	1033.8176596441976	989.28	53.073486328125	0.47322705	0.00025457142857142855	0.0008485714285714286	15.134734869003296	11873.892285823822
1061	1017.4405130560617	970.13	52.83349609375	0.47212923	0.0002545285714285714	0.0008484285714285715	15.143321752548218	11889.036001205444
1062	987.4248562563548	962.12	52.842529296875	0.47147942	0.0002544857142857143	0.0008482857142857143	15.181325435638428	11904.218831777573
1063	1008.5716884362876	982.94	52.353271484375	0.4702886	0.0002544428571428571	0.0008481428571428571	15.15498423576355	11919.37557721138
1064	1022.1550362480438	975.92	52.11328125	0.46981895	0.00025439999999999995	0.000848	15.438262224197388	11934.815737724304
1065	971.348504442654	968.05	52.623046875	0.4688411	0.0002543571428571428	0.0008478571428571429	15.107300519943237	11949.924586296082
1066	1032.2613840088188	989.29	52.3828125	0.46787563	0.0002543142857142857	0.0008477142857142857	15.229488372802734	11965.155553817749
1067	1037.5732667431178	983.16	52.393798828125	0.46679536	0.00025427142857142854	0.0008475714285714285	15.169616460800171	11980.326266050339
1068	980.040507563437	947.18	51.9033203125	0.46584496	0.0002542285714285714	0.0008474285714285715	15.074297904968262	11995.403824567795
1069	1046.911070350068	990.84	52.662109375	0.46506813	0.00025418571428571427	0.0008472857142857144	15.194236278533936	12010.599682807922
1070	1053.8956089353162	993.41	52.422119140625	0.46411645	0.00025414285714285713	0.0008471428571428572	15.125572681427002	12025.726837158203
1071	1035.653585384257	992.24	52.680908203125	0.46334586	0.0002541	0.000847	17.16601252555847	12042.894797801971
1072	1013.8736521344242	962.68	52.69287109375	0.46315718	0.00025405714285714286	0.0008468571428571429	9.87733507156372	12052.773612976074
1073	1041.498206553797	993.78	53.20068359375	0.46220043	0.0002540142857142857	0.0008467142857142858	15.134093284606934	12067.90825510025
1074	1045.475857049738	984.73	52.46240234375	0.46124828	0.00025397142857142853	0.0008465714285714285	15.135556697845459	12083.045318603516
1075	1054.5849868694884	1004.38	52.470458984375	0.4598688	0.0002539285714285714	0.0008464285714285714	15.55621075630188	12098.604984521866
1076	1033.9564086387168	978.0	52.73095703125	0.45885685	0.00025388571428571426	0.0008462857142857143	15.053489923477173	12113.660721302032
1077	1057.3350731849687	976.53	52.74169921875	0.45782697	0.0002538428571428571	0.0008461428571428572	15.068255424499512	12128.7320394516
1078	1016.3161741430808	977.38	53.0009765625	0.4567831	0.0002538	0.000846	15.45078158378601	12144.187533855438
1079	1072.3997478556826	976.4	53.26171875	0.45599434	0.00025375714285714285	0.0008458571428571429	15.19688367843628	12159.38580942154
1080	998.130316362186	947.56	52.279296875	0.4550768	0.0002537142857142857	0.0008457142857142858	15.579351425170898	12174.966871976852
1081	1058.3294085493717	986.82	52.78125	0.45428312	0.0002536714285714286	0.0008455714285714287	15.212697267532349	12190.182253837585
1082	1046.0301652828798	990.17	53.291259765625	0.45411816	0.0002536285714285714	0.0008454285714285714	9.57906174659729	12199.764060258865
1083	1024.3294417136522	989.16	53.051025390625	0.4529995	0.00025358571428571425	0.0008452857142857143	15.141849040985107	12214.906528711319
1084	1055.6618916677498	1000.95	52.810791015625	0.4521688	0.0002535428571428571	0.0008451428571428572	15.545374393463135	12230.453796386719
1085	1063.4139198236282	991.02	52.81982421875	0.45107064	0.0002535	0.0008449999999999999	15.143818378448486	12245.59905719757
1086	1044.2859786562562	975.9	53.570068359375	0.45104924	0.00025345714285714285	0.0008448571428571429	10.19123387336731	12255.792002916336
1087	1051.4834064496017	981.88	53.33984375	0.4500772	0.0002534142857142857	0.0008447142857142858	15.083088636398315	12270.875786304474
1088	1131.888745883252	1024.0	53.3486328125	0.4490286	0.0002533714285714285	0.0008445714285714286	15.853498697280884	12286.733820676804
1089	1047.3865129107146	991.74	53.359375	0.447951	0.0002533285714285714	0.0008444285714285714	15.136212825775146	12301.870429515839
1090	1066.7260523936034	1003.02	53.368896484375	0.44680104	0.00025328571428571425	0.0008442857142857143	15.62690258026123	12317.499345064163
1091	1060.8291284202573	993.44	49.83740234375	0.44573668	0.0002532428571428571	0.0008441428571428571	15.08715534210205	12332.5880382061
1092	1062.662340187309	995.89	52.996826171875	0.44502738	0.0002532	0.000844	15.739293575286865	12348.331600189209
1093	1026.3647047570876	977.34	53.01806640625	0.44454563	0.00025315714285714284	0.0008438571428571428	15.170775651931763	12363.503822088242
1094	1050.895952280837	990.62	53.407470703125	0.44362774	0.0002531142857142857	0.0008437142857142857	15.993942975997925	12379.499091863632
1095	1041.4231769057371	983.78	53.41748046875	0.4427972	0.00025307142857142857	0.0008435714285714287	15.142646312713623	12394.643445968628
1096	1037.4995945144904	982.35	53.42724609375	0.44192672	0.0002530285714285714	0.0008434285714285715	16.08765983581543	12410.734251499176
1097	1071.8247767354003	987.24	53.437255859375	0.44124195	0.0002529857142857143	0.0008432857142857143	14.91408896446228	12425.651811361313
1098	1090.2929890189678	1005.71	53.447021484375	0.44019723	0.00025294285714285716	0.0008431428571428572	15.64428424835205	12441.298389673233
1099	1071.773384037009	997.06	53.45703125	0.43926474	0.00025289999999999997	0.000843	15.123859643936157	12456.4237844944
1100	1059.1760727792082	987.81	53.466552734375	0.43849453	0.00025285714285714283	0.0008428571428571429	15.611249923706055	12472.036940574646
1101	1077.6263023217334	969.81	53.477294921875	0.4376122	0.0002528142857142857	0.0008427142857142857	15.209911346435547	12487.248777627945
1102	1066.397435291924	985.66	53.486572265625	0.43674493	0.00025277142857142856	0.0008425714285714285	15.545979022979736	12502.795813798904
1103	1125.3815974197857	1006.24	53.496826171875	0.4361018	0.0002527285714285714	0.0008424285714285714	15.08810043334961	12517.88597869873
1104	1081.6391499375557	998.99	53.5078125	0.43509856	0.0002526857142857143	0.0008422857142857144	15.491101503372192	12533.379502296448
1105	1060.9687710575897	973.32	53.516357421875	0.43437323	0.0002526428571428571	0.0008421428571428571	15.170924425125122	12548.551943540573
1106	1054.4129284206888	985.04	53.52734375	0.43346015	0.00025259999999999996	0.000842	15.055501222610474	12563.60942864418
1107	1102.7178672703928	1004.51	53.537353515625	0.43241227	0.0002525571428571428	0.0008418571428571429	15.04233169555664	12578.65572810173
1108	1080.5194768480883	991.67	53.547119140625	0.43234876	0.0002525142857142857	0.0008417142857142858	9.641585111618042	12588.29873251915
1109	1087.0026173059862	1012.02	53.55517578125	0.43142936	0.00025247142857142855	0.0008415714285714286	15.12876582145691	12603.42818903923
1110	1059.9955942759284	977.7	53.565185546875	0.43069324	0.0002524285714285714	0.0008414285714285714	15.554386615753174	12618.98348903656
1111	1081.8877095758066	988.35	53.574951171875	0.4298401	0.0002523857142857143	0.0008412857142857143	15.06788682937622	12634.052832365036
1112	1055.541158195906	975.39	53.584716796875	0.42912552	0.00025234285714285714	0.0008411428571428573	16.17191481590271	12650.226287841797
1113	1066.6791302260003	1003.5	53.5947265625	0.42876998	0.00025229999999999995	0.000841	15.225080251693726	12665.45336151123
1114	1094.9917203860243	1011.41	53.6044921875	0.42814326	0.0002522571428571428	0.0008408571428571429	15.652663230895996	12681.108518600464
1115	1039.3383918457757	977.06	53.6142578125	0.42720214	0.0002522142857142857	0.0008407142857142858	15.156963348388672	12696.267539739609
1116	1042.9317175004012	958.65	53.623046875	0.42652032	0.00025217142857142854	0.0008405714285714286	15.977609395980835	12712.24766778946
1117	1089.4155128180719	983.9	53.884765625	0.4257233	0.0002521285714285714	0.0008404285714285714	15.056997299194336	12727.306549787521
1118	1082.1434831736915	987.35	53.139892578125	0.4256005	0.00025208571428571427	0.0008402857142857143	10.024430513381958	12737.332812070847
1119	1058.0652967351448	980.93	53.77880859375	0.42484477	0.0002520428571428571	0.0008401428571428571	15.078748226165771	12752.412115097046
1120	1071.799022055064	983.58	53.786865234375	0.42367306	0.00025199999999999995	0.00084	16.077991724014282	12768.49154663086
1121	1110.552224883459	989.43	53.794677734375	0.42297873	0.0002519571428571428	0.0008398571428571428	15.247646570205688	12783.741113185883
1122	1098.2004222421879	1007.87	53.801513671875	0.4222465	0.00025191428571428573	0.0008397142857142858	15.618690967559814	12799.361329078674
1123	1110.5430792482593	999.25	53.810546875	0.42126247	0.0002518714285714286	0.0008395714285714287	15.266983270645142	12814.629783153534
1124	1094.0052348262677	986.03	53.816650390625	0.42035	0.0002518285714285714	0.0008394285714285715	15.633432388305664	12830.264323711395
1125	1101.4543724488744	1005.36	53.826171875	0.4195206	0.00025178571428571426	0.0008392857142857143	15.136377811431885	12845.403857469559
1126	1087.889768243772	1004.73	53.83203125	0.41913447	0.00025174285714285713	0.0008391428571428572	15.482945919036865	12860.889535188675
1127	1088.7758603942996	986.3	53.591796875	0.4184252	0.0002517	0.000839	15.091026067733765	12875.982459306717
1128	1109.3315907222097	1004.4	53.599853515625	0.417551	0.00025165714285714286	0.0008388571428571429	16.11459994316101	12892.100710868835
1129	1094.1387042901877	982.84	53.857666015625	0.4170448	0.0002516142857142857	0.0008387142857142857	15.14413571357727	12907.248616695404
1130	1141.2593234521817	1002.92	53.865478515625	0.41632238	0.00025157142857142853	0.0008385714285714285	15.570536375045776	12922.821095228195
1131	1058.6750523205599	973.15	53.873291015625	0.4155275	0.0002515285714285714	0.0008384285714285715	15.096925258636475	12937.919785261154
1132	1059.6445221850126	975.26	54.129638671875	0.41551366	0.00025148571428571426	0.0008382857142857144	9.957205772399902	12947.880929470062
1133	1084.209045723982	1004.51	53.3876953125	0.41502938	0.0002514428571428571	0.0008381428571428571	15.152007341384888	12963.033517599106
1134	1093.690581427476	982.95	53.896728515625	0.4141071	0.0002514	0.000838	15.715916872024536	12978.750977039337
1135	1165.8226746108942	1011.88	53.904541015625	0.41321918	0.00025135714285714285	0.0008378571428571429	15.122050523757935	12993.87591600418
1136	1068.6343974618849	978.13	53.912353515625	0.41274986	0.0002513142857142857	0.0008377142857142857	16.0280704498291	13009.90591788292
1137	1032.4620508585363	971.85	53.920166015625	0.41226617	0.0002512714285714286	0.0008375714285714286	15.114365816116333	13025.022054672241
1138	1074.6966321016555	974.57	54.177001953125	0.41172442	0.0002512285714285714	0.0008374285714285714	15.55437445640564	13040.578236103058
1139	1132.839150137043	1002.36	53.935546875	0.4105878	0.00025118571428571425	0.0008372857142857143	15.115688562393188	13055.695343255997
1140	1135.3973349378705	1008.72	53.94384765625	0.40970337	0.0002511428571428571	0.0008371428571428572	15.751013994216919	13071.448505163193
1141	1128.5086224383324	1005.42	54.45166015625	0.4096893	0.0002511	0.000837	9.510042428970337	13080.960033893585
1142	1113.9083368625852	992.27	53.95947265625	0.4093301	0.00025105714285714284	0.0008368571428571429	15.568813562393188	13096.52943611145
1143	1075.4722276994837	977.82	54.467529296875	0.40860125	0.0002510142857142857	0.0008367142857142858	15.042873859405518	13111.573767900467
1144	1106.0263376283388	997.76	53.72509765625	0.4079702	0.0002509714285714285	0.0008365714285714285	15.59496521949768	13127.170929670334
1145	1077.1170826207585	993.6	53.2412109375	0.40687093	0.0002509285714285714	0.0008364285714285714	14.856862545013428	13142.029616355896
1146	1102.7831164147883	986.83	54.491455078125	0.40685257	0.00025088571428571424	0.0008362857142857143	9.517176151275635	13151.548032045364
1147	1133.2069727596854	1013.03	53.998291015625	0.4062284	0.0002508428571428571	0.0008361428571428571	15.240427732467651	13166.789034843445
1148	1095.0680056600213	984.65	55.00439453125	0.40616736	0.00025079999999999997	0.0008359999999999999	9.61131238937378	13176.40223455429
1149	1138.2055440017552	998.59	50.4736328125	0.40555224	0.00025075714285714283	0.0008358571428571429	19.061814785003662	13195.466179609299
1150	1101.5356761282949	987.77	53.43798828125	0.40462258	0.0002507142857142857	0.0008357142857142858	15.007185220718384	13210.475545883179
1151	1124.1260400498609	988.12	53.693359375	0.40455535	0.00025067142857142856	0.0008355714285714287	9.598429203033447	13220.075929880142
1152	1072.3466097477349	960.24	53.4658203125	0.40383753	0.0002506285714285714	0.0008354285714285714	14.098146677017212	13234.174778938293
1153	1119.433567316652	1001.23	52.9951171875	0.40285632	0.0002505857142857143	0.0008352857142857143	16.31595230102539	13250.49161863327
1154	1106.5855051233461	1004.2	53.75341796875	0.4024298	0.00025054285714285715	0.0008351428571428572	14.92702317237854	13265.420954942703
1155	1128.2691726636297	995.44	54.009765625	0.40235224	0.00025049999999999996	0.000835	10.020046710968018	13275.442693471909
1156	1101.5346265765925	980.28	53.01953125	0.40150604	0.0002504571428571428	0.0008348571428571428	15.059452533721924	13290.503525018692
1157	1144.9531509026137	1011.45	53.27734375	0.40063307	0.0002504142857142857	0.0008347142857142857	15.683496713638306	13306.18888425827
1158	1135.035482354717	1001.99	54.285400390625	0.40062907	0.00025037142857142855	0.0008345714285714286	9.509155988693237	13315.699498176575
1159	1127.295380392474	1000.47	53.291259765625	0.3999698	0.0002503285714285714	0.0008344285714285715	15.121755599975586	13330.821870803833
1160	1091.9606968713538	981.67	53.30029296875	0.39981702	0.0002502857142857143	0.0008342857142857143	9.683427333831787	13340.5090072155
1161	1076.1084185036348	981.07	53.807861328125	0.39974812	0.0002502428571428571	0.0008341428571428571	9.406984329223633	13349.916568994522
1162	1088.9337584963898	982.44	53.81689453125	0.39967465	0.00025019999999999996	0.000834	9.418726682662964	13359.336879253387
1163	1138.7415683895676	1001.4	54.07470703125	0.39960137	0.0002501571428571428	0.0008338571428571429	9.43965220451355	13368.777142047882
1164	1052.1347620230265	953.28	53.5830078125	0.39924753	0.0002501142857142857	0.0008337142857142857	9.726290941238403	13378.50650882721
1165	1111.0701583137215	983.39	53.589111328125	0.39898482	0.00025007142857142855	0.0008335714285714286	9.616940021514893	13388.123996973038
1166	1110.176393361027	992.69	53.5986328125	0.39889672	0.0002500285714285714	0.0008334285714285714	9.415006160736084	13397.543966770172
1167	1109.8685747030552	981.76	53.607177734375	0.39881694	0.0002499857142857143	0.0008332857142857144	9.41849660873413	13406.963078975677
1168	1113.3075657920824	995.32	53.863037109375	0.3987478	0.00024994285714285714	0.0008331428571428572	9.471818447113037	13416.436782121658
1169	1098.7324567204478	977.44	53.373046875	0.39867926	0.00024989999999999995	0.000833	10.137771606445312	13426.575280189514
1170	1104.2753512847794	990.33	53.630615234375	0.39781043	0.0002498571428571428	0.0008328571428571429	15.102949619293213	13441.679298639297
1171	1086.8405037890384	991.48	53.648681640625	0.39730963	0.0002498142857142857	0.0008327142857142858	15.624127864837646	13457.305160284042
1172	1131.3038414544528	1007.4	54.158203125	0.39649466	0.00024977142857142854	0.0008325714285714285	15.031038284301758	13472.337672948837
1173	1135.0198577510498	1007.59	53.665283203125	0.3959377	0.0002497285714285714	0.0008324285714285714	16.077574253082275	13488.417272806168
1174	1110.063587140713	990.62	53.174072265625	0.3949856	0.00024968571428571427	0.0008322857142857143	15.329608917236328	13503.748410701752
1175	1144.0739393916704	1020.44	54.427978515625	0.39479327	0.00024964285714285713	0.0008321428571428573	10.161274433135986	13513.911497831345
1176	1099.8781989342597	985.31	53.187255859375	0.3947321	0.00024959999999999994	0.000832	9.261661767959595	13526.063440322876
1177	1080.71710119479	975.38	54.1962890625	0.39467582	0.00024955714285714286	0.0008318571428571429	9.491440534591675	13535.555508375168
1178	1116.2097752303262	995.71	53.944091796875	0.39462504	0.0002495142857142857	0.0008317142857142858	10.177905559539795	13545.734833717346
1179	1098.7643700677602	992.29	53.7119140625	0.39457178	0.0002494714285714286	0.0008315714285714287	9.42692756652832	13555.16187953949
1180	1138.4413530293996	1006.13	53.969970703125	0.39429244	0.0002494285714285714	0.0008314285714285714	60.79680299758911	13615.960047483444
1181	1087.6405306186007	983.68	54.227783203125	0.39420858	0.00024938571428571426	0.0008312857142857143	9.54434061050415	13625.508674144745
1182	1091.9184993128383	986.92	54.485595703125	0.39413238	0.0002493428571428571	0.0008311428571428572	9.941009044647217	13635.450269699097
1183	1119.0577205474133	1004.72	53.7451171875	0.39405715	0.0002493	0.0008309999999999999	9.452908277511597	13644.90587425232
1184	1068.2047702454681	985.89	53.755126953125	0.39397833	0.00024925714285714285	0.0008308571428571428	9.452719688415527	13654.3592171669
1185	1049.1893911443228	979.76	54.26513671875	0.39380455	0.0002492142857142857	0.0008307142857142858	10.160599708557129	13664.522429466248
1186	1082.902118937327	975.13	53.77490234375	0.3937745	0.0002491714285714285	0.0008305714285714286	9.428840160369873	13673.95186328888
1187	1056.3982977178403	963.38	54.53466796875	0.39374328	0.0002491285714285714	0.0008304285714285714	9.461603164672852	13683.415573358536
1188	1070.846804261113	975.58	54.54443359375	0.3937063	0.00024908571428571425	0.0008302857142857143	9.939903497695923	13693.356065511703
1189	1075.4588797684855	973.96	54.55419921875	0.3936731	0.0002490428571428571	0.0008301428571428572	9.441615581512451	13702.799825906754
1190	1085.0013121458064	976.91	54.705810546875	0.39299098	0.000249	0.00083	15.099726915359497	13717.900164842606
1191	1120.5809100802617	994.57	54.214111328125	0.39291283	0.00024895714285714284	0.0008298571428571428	9.828640460968018	13727.730283975601
1192	1068.6679521747185	961.25	54.47509765625	0.3923808	0.0002489142857142857	0.0008297142857142857	15.111867904663086	13742.842730283737
1193	1122.977473959117	1005.73	54.48486328125	0.391731	0.00024887142857142857	0.0008295714285714286	15.572938203811646	13758.417928218842
1194	1115.3071728298949	988.91	54.74462890625	0.3911462	0.0002488285714285714	0.0008294285714285715	15.075181007385254	13773.49459195137
1195	1110.0561434636506	979.66	54.75439453125	0.39057902	0.00024878571428571425	0.0008292857142857143	16.405298233032227	13789.900509119034
1196	1069.6184178652743	975.34	55.012939453125	0.39052066	0.0002487428571428571	0.0008291428571428572	9.551947355270386	13799.454278945923
1197	1084.8612526614345	988.87	54.522705078125	0.38968337	0.0002487	0.000829	15.690178394317627	13815.145069360733
1198	1079.8690858747493	974.34	55.030517578125	0.38916323	0.00024865714285714284	0.0008288571428571429	15.279968738555908	13830.426628351212
1199	1068.1147427164208	958.63	54.79248046875	0.3889061	0.0002486142857142857	0.0008287142857142857	15.273485660552979	13845.70150256157
1200	1125.8676277872758	1006.89	54.80126953125	0.3888546	0.0002485714285714285	0.0008285714285714285	9.700744867324829	13855.406172275543
1201	1125.240459157894	985.83	54.813232421875	0.38881722	0.0002485285714285714	0.0008284285714285714	12.089756488800049	13867.496527194977
1202	1058.1151632354447	964.24	54.82275390625	0.3887718	0.0002484857142857143	0.0008282857142857143	9.864009618759155	13877.364005327225
1203	1101.6336378125827	1005.49	54.832763671875	0.38872766	0.00024844285714285716	0.0008281428571428572	9.4388267993927	13886.803386449814
1204	1060.5989061797727	933.98	54.841796875	0.38868877	0.0002484	0.0008280000000000001	9.42442536354065	13896.230484962463
1205	1089.1007805654601	984.68	54.8466796875	0.3886473	0.00024835714285714283	0.0008278571428571429	10.077271699905396	13906.308322429657
1206	1056.937026358551	959.12	51.44970703125	0.3886133	0.0002483142857142857	0.0008277142857142858	9.408151388168335	13915.717885255814
1207	1109.506118825259	987.93	54.015625	0.38845178	0.00024827142857142856	0.0008275714285714286	12.993023872375488	13928.711087703705
1208	1111.7362807539232	994.24	54.02783203125	0.38840386	0.0002482285714285714	0.0008274285714285714	9.520634174346924	13938.233542442322
1209	1154.062669610833	1002.82	54.28759765625	0.38835523	0.0002481857142857143	0.0008272857142857143	9.417499303817749	13947.651640176773
1210	1114.0861938643031	997.86	54.033935546875	0.38831213	0.00024814285714285715	0.0008271428571428572	9.461372137069702	13957.11525464058
1211	1093.2350191724033	964.08	54.307373046875	0.38826942	0.00024809999999999996	0.0008269999999999999	9.856864213943481	13966.972664117813
1212	1094.7424179379807	959.22	53.817138671875	0.38822448	0.0002480571428571428	0.0008268571428571429	9.460928440093994	13976.435482740402
1213	1057.645439337522	959.35	53.334716796875	0.38808766	0.0002480142857142857	0.0008267142857142858	9.631829738616943	13986.067486286163
1214	1068.6635674904344	951.31	54.337158203125	0.38806263	0.00024797142857142855	0.0008265714285714286	9.872272491455078	13995.942456960678
1215	1082.5779016175156	968.72	54.587646484375	0.38803652	0.0002479285714285714	0.0008264285714285714	9.392656803131104	14005.335701227188
1216	1088.5837065329877	963.84	54.353515625	0.38801035	0.0002478857142857143	0.0008262857142857143	9.411280870437622	14014.749373912811
1217	1057.7051240765975	942.97	54.86572265625	0.3879858	0.00024784285714285714	0.0008261428571428572	9.976751327514648	14024.726718187332
1218	1041.4533697775628	939.66	54.363037109375	0.38795438	0.0002478	0.0008260000000000001	9.3912193775177	14034.119267225266
1219	1080.9816977701346	992.37	53.630615234375	0.38764933	0.0002477571428571428	0.0008258571428571428	13.31258225440979	14047.432412862778
1220	1111.0087961305792	983.39	54.146240234375	0.387645	0.0002477142857142857	0.0008257142857142857	9.964616060256958	14057.399791955948
1221	1083.445617185017	982.22	54.906005859375	0.38763186	0.00024767142857142854	0.0008255714285714287	9.383164644241333	14066.783538341522
1222	1029.7055122899903	942.11	54.173828125	0.38760826	0.0002476285714285714	0.0008254285714285715	9.461204051971436	14076.246800899506
1223	1103.1763096542113	985.5	53.926025390625	0.3870349	0.00024758571428571427	0.0008252857142857143	16.102511882781982	14092.349849700928
1224	1079.4402588791033	980.12	54.185791015625	0.38653097	0.00024754285714285713	0.0008251428571428572	13.139336109161377	14105.491185426712
1225	1049.871201276431	948.16	54.945556640625	0.3865349	0.00024749999999999994	0.000825	9.865201711654663	14115.35692691803
1226	1116.3991461733194	983.91	54.948974609375	0.38653383	0.0002474571428571428	0.0008248571428571429	9.366021633148193	14124.726957321167
1227	1110.7292985719257	992.08	54.96337890625	0.38653457	0.00024741428571428567	0.0008247142857142857	9.40982460975647	14134.137355327606
1228	1106.4761595866194	986.64	54.9736328125	0.38653708	0.00024737142857142854	0.0008245714285714285	14.101765871047974	14148.241355895996
1229	1105.5312638341295	984.19	53.98486328125	0.38610455	0.0002473285714285714	0.0008244285714285714	14.598194122314453	14162.84024310112
1230	1146.8368280016987	994.0	53.744873046875	0.38547778	0.00024728571428571426	0.0008242857142857144	15.51062822341919	14178.354182958603
1231	1124.0407317396132	1001.98	52.76220703125	0.38456145	0.00024724285714285713	0.0008241428571428572	19.63178825378418	14197.98743724823
1232	1106.9551882375833	988.77	53.765380859375	0.38387308	0.0002472	0.0008240000000000001	15.36809515953064	14213.357305765152
1233	1145.93947108119	1004.36	52.531005859375	0.38337317	0.00024715714285714286	0.0008238571428571429	15.077296495437622	14228.435590267181
1234	1139.9203536859752	1001.37	54.281982421875	0.38285187	0.0002471142857142857	0.0008237142857142858	14.710955142974854	14243.14797592163
1235	1083.6748485611313	974.56	54.283935546875	0.38279262	0.0002470714285714286	0.0008235714285714286	9.494112968444824	14252.643460273743
1236	1100.9190443719017	978.91	53.804443359375	0.3823756	0.0002470285714285714	0.0008234285714285714	15.764775276184082	14268.412621736526
1237	1102.9405346395404	997.29	54.06298828125	0.38228843	0.00024698571428571426	0.0008232857142857143	9.577425479888916	14277.991453886032
1238	1082.609268717276	973.01	53.82275390625	0.3819015	0.0002469428571428571	0.0008231428571428571	15.64380955696106	14293.63602757454
1239	1092.4138599416524	961.94	54.082763671875	0.38182488	0.0002469	0.000823	9.469346284866333	14303.107189416885
1240	1132.4172212843773	992.44	54.115966796875	0.38140264	0.00024685714285714285	0.0008228571428571429	14.995730876922607	14318.103456258774
1241	1125.074130312053	992.16	54.102294921875	0.3808472	0.0002468142857142857	0.0008227142857142858	14.483883619308472	14332.589301586151
1242	1116.1537917699184	960.62	54.09765625	0.38070562	0.0002467714285714285	0.0008225714285714285	9.545558214187622	14342.136237859726
1243	1132.1267915268352	988.14	54.8720703125	0.38064644	0.0002467285714285714	0.0008224285714285714	9.457300662994385	14351.594089508057
1244	1127.5012448243735	1003.14	54.871826171875	0.3805914	0.00024668571428571425	0.0008222857142857143	9.401854753494263	14360.998079538345
1245	1148.71383674745	998.21	54.891845703125	0.38053966	0.0002466428571428571	0.0008221428571428572	9.3624906539917	14370.361138105392
1246	1151.8232855408228	1015.92	54.9013671875	0.38048792	0.0002466	0.000822	9.45814561843872	14379.82304239273
1247	1106.0001186321806	961.43	55.025634765625	0.38044	0.00024655714285714284	0.0008218571428571428	9.628759860992432	14389.452356100082
1248	1141.529590877569	990.07	54.293701171875	0.37986335	0.0002465142857142857	0.0008217142857142858	15.008531093597412	14404.462419748306
1249	1132.0500028864044	984.61	53.84326171875	0.3798649	0.00024647142857142857	0.0008215714285714287	9.991095542907715	14414.455510854721
1250	1143.0056196800565	1001.08	54.058349609375	0.3796142	0.0002464285714285714	0.0008214285714285714	15.69341492652893	14430.149487733841
1251	1130.8998734621466	972.88	54.568115234375	0.37950942	0.00024638571428571424	0.0008212857142857143	9.512307167053223	14439.66398191452
1252	1091.048953251747	956.9	54.326171875	0.37883618	0.0002463428571428571	0.0008211428571428572	15.061758995056152	14454.726298332214
1253	1098.3172946586176	976.69	54.5703125	0.37874958	0.00024629999999999997	0.000821	9.530058145523071	14464.257967948914
1254	1126.7866048196545	997.81	54.599365234375	0.37871528	0.00024625714285714283	0.0008208571428571428	9.873075723648071	14474.131593942642
1255	1147.1844603080792	1009.43	55.099609375	0.37867215	0.0002462142857142857	0.0008207142857142857	9.373359203338623	14483.506501197815
1256	1110.7576653576364	980.18	55.60107421875	0.3786335	0.0002461714285714285	0.0008205714285714285	9.514574527740479	14493.021258354187
1257	1135.0961862937263	999.38	55.365478515625	0.3785969	0.00024612857142857137	0.0008204285714285715	9.955679416656494	14502.978572368622
1258	1163.9121103719406	1012.19	54.623291015625	0.3785616	0.0002460857142857143	0.0008202857142857143	9.407366514205933	14512.38654088974
1259	1121.459521208822	990.4	54.381103515625	0.37805796	0.00024604285714285715	0.0008201428571428572	15.099229097366333	14527.487650156021
1260	1125.4728864958206	1000.44	54.14501953125	0.3780048	0.000246	0.0008200000000000001	10.075915575027466	14537.56601190567
1261	1165.5401238612574	1014.14	53.9033203125	0.37798333	0.0002459571428571428	0.0008198571428571429	9.393298864364624	14546.959933519363
1262	1121.1554360452437	1005.03	54.3984375	0.37796864	0.0002459142857142857	0.0008197142857142857	9.381958723068237	14556.342507839203
1263	1144.96452576222	995.47	55.161376953125	0.37794876	0.00024587142857142855	0.0008195714285714286	9.878443479537964	14566.224328517914
1264	1154.2404655451476	998.69	52.111572265625	0.3779265	0.0002458285714285714	0.0008194285714285714	9.475787162780762	14575.700688123703
1265	1133.8061734226594	1004.76	54.406982421875	0.3779073	0.0002457857142857143	0.0008192857142857143	9.382761001586914	14585.085249185562
1266	1128.0827125604744	1001.0	54.935546875	0.37779868	0.00024574285714285715	0.0008191428571428572	15.566494941711426	14600.65234708786
1267	1144.2446689493713	990.98	55.193115234375	0.3769308	0.00024569999999999995	0.000819	15.064628839492798	14615.721117258072
1268	1174.7488104312924	999.57	54.951171875	0.37637344	0.0002456571428571428	0.0008188571428571429	16.3956139087677	14632.118858575821
1269	1133.6196747250242	995.79	54.95947265625	0.37630582	0.0002456142857142857	0.0008187142857142858	9.557935237884521	14641.6797478199
1270	1128.8725487497939	998.49	55.217041015625	0.37627423	0.00024557142857142855	0.0008185714285714285	9.409311771392822	14651.089694976807
1271	1098.413734945	977.9	54.72021484375	0.3762467	0.0002455285714285714	0.0008184285714285714	9.42683219909668	14660.51709485054
1272	1131.3011201765728	995.34	55.233154296875	0.37622094	0.0002454857142857143	0.0008182857142857143	9.38620114326477	14669.906028985977
1273	1134.6884443673316	1015.46	55.240966796875	0.3761902	0.00024544285714285714	0.0008181428571428572	9.459315776824951	14679.365913629532
1274	1156.4596091095693	1018.69	55.24658203125	0.37614262	0.0002454	0.000818	9.461917638778687	14688.82980132103
1275	1130.0423818327351	1005.84	55.255615234375	0.37596264	0.0002453571428571428	0.0008178571428571428	9.62906813621521	14698.459437131882
1276	1087.8156920818465	971.63	55.264404296875	0.3759195	0.0002453142857142857	0.0008177142857142858	9.512448787689209	14707.975583076477
1277	1098.6708167171312	993.25	55.2685546875	0.37587026	0.00024527142857142854	0.0008175714285714287	9.588202953338623	14717.564361572266
1278	1060.7164427794944	963.33	55.5302734375	0.37581787	0.0002452285714285714	0.0008174285714285714	9.439307689666748	14727.00504398346
1279	984.0718477350166	903.67	55.5380859375	0.3755435	0.00024518571428571427	0.0008172857142857143	9.687838554382324	14736.693507432938
1280	1066.703628526038	965.3	55.54443359375	0.3754573	0.00024514285714285713	0.0008171428571428572	9.963254690170288	14746.658467769623
1281	1082.6757894069515	985.31	55.55126953125	0.37536204	0.00024509999999999994	0.000817	10.02632761001587	14756.68534398079
1282	1074.243889443862	970.98	55.547119140625	0.3752739	0.0002450571428571428	0.0008168571428571428	9.444766759872437	14766.13211774826
1283	1045.2209342769047	956.63	55.064697265625	0.37518904	0.0002450142857142857	0.0008167142857142857	9.957666873931885	14776.090387821198
1284	1068.0793555683265	951.56	55.57763671875	0.37511027	0.00024497142857142853	0.0008165714285714285	9.490604639053345	14785.583178043365
1285	972.7445855815884	912.42	55.58544921875	0.37487975	0.0002449285714285714	0.0008164285714285715	9.615012645721436	14795.198794603348
1286	1017.0742421932102	950.96	55.59130859375	0.37416723	0.00024488571428571426	0.0008162857142857143	16.586044549942017	14811.786864042282
1287	1062.2637793860515	978.71	55.358154296875	0.37412298	0.0002448428571428571	0.0008161428571428572	9.7952241897583	14821.583340406418
1288	1045.9038691996448	961.26	55.370849609375	0.37327385	0.0002448	0.0008160000000000001	15.642118453979492	14837.22810959816
1289	1066.5481214622605	974.17	55.411865234375	0.37254366	0.00024475714285714285	0.0008158571428571428	14.675920009613037	14851.906254053116
1290	1070.430829852251	971.78	55.669677734375	0.37251684	0.0002447142857142857	0.0008157142857142857	9.64797592163086	14861.555678129196
1291	1060.1040276839178	963.1	55.80908203125	0.37191764	0.0002446714285714286	0.0008155714285714286	15.245527982711792	14876.801787614822
1292	1091.3902008205732	993.05	55.81689453125	0.371279	0.0002446285714285714	0.0008154285714285714	15.269402742385864	14892.072695493698
1293	1052.3237641738476	945.02	55.822509765625	0.37058747	0.00024458571428571425	0.0008152857142857142	15.17587924003601	14907.250410079956
1294	1053.7752303590903	971.58	55.81884765625	0.37047827	0.0002445428571428571	0.0008151428571428572	11.177953243255615	14918.428966999054
1295	1059.098517798706	956.91	55.839599609375	0.37043437	0.0002445	0.000815	9.46158742904663	14927.930129766464
1296	1086.9863963834332	972.65	56.098388671875	0.37038088	0.00024445714285714284	0.0008148571428571429	9.598286867141724	14937.529101610184
1297	1076.999648901879	985.62	55.59716796875	0.3703303	0.0002444142857142857	0.0008147142857142857	9.469955444335938	14946.999692201614
1298	1074.7893840980405	969.02	55.615234375	0.370285	0.00024437142857142857	0.0008145714285714286	10.021241188049316	14957.022787094116
1299	1086.854567009881	979.92	55.870849609375	0.3702451	0.0002443285714285714	0.0008144285714285714	9.486058712005615	14966.509477853775
1300	1076.7342506256086	977.08	56.120361328125	0.37022042	0.00024428571428571424	0.0008142857142857143	9.463446617126465	14975.973531723022
1301	1107.3633327648797	983.02	55.631591796875	0.37019953	0.0002442428571428571	0.0008141428571428571	10.051429748535156	14986.027296543121
1302	1097.8639041353056	976.0	55.64501953125	0.3701792	0.00024419999999999997	0.000814	9.485903263092041	14995.513826847076
1303	1085.6615306564413	965.2	55.892578125	0.37015322	0.00024415714285714284	0.0008138571428571429	9.532169342041016	15005.046606779099
1304	1094.7736253025098	957.06	55.910888671875	0.37012526	0.0002441142857142857	0.0008137142857142858	9.962745666503906	15015.012269973755
1305	1125.2115112535503	991.47	55.918701171875	0.36948323	0.00024407142857142856	0.0008135714285714286	15.156468629837036	15030.169337511063
1306	1116.9332053048881	991.6	55.9267578125	0.36871052	0.0002440285714285714	0.0008134285714285714	15.619483947753906	15045.791706323624
1307	1083.7289407566007	955.68	55.9345703125	0.36812997	0.00024398571428571426	0.0008132857142857143	15.339346408843994	15061.132945537567
1308	1107.194328599197	972.76	55.942626953125	0.3680646	0.00024394285714285713	0.0008131428571428572	9.63974118232727	15070.77457022667
1309	1166.2135001839624	1009.63	55.950439453125	0.36747193	0.00024389999999999997	0.0008129999999999999	26.285756587982178	15097.060979604721
1310	1132.979428622483	998.02	55.9580078125	0.36744282	0.00024385714285714283	0.0008128571428571428	10.152451038360596	15107.216968297958
1311	1130.358333464709	993.3	55.224365234375	0.36690804	0.0002438142857142857	0.0008127142857142858	15.100496292114258	15122.31905579567
1312	1177.2239951010154	1006.68	56.2265625	0.36689797	0.00024377142857142856	0.0008125714285714287	9.915714502334595	15132.23637676239
1313	1141.2932102341783	994.63	55.986572265625	0.36634636	0.0002437285714285714	0.0008124285714285714	14.178124189376831	15146.41528582573
1314	1131.5464926570246	992.07	56.236083984375	0.3662438	0.00024368571428571426	0.0008122857142857143	9.716963768005371	15156.132881879807
1315	1110.6204591732899	983.61	55.757080078125	0.36620542	0.00024364285714285712	0.0008121428571428572	9.944377422332764	15166.078999519348
1316	1154.2836207981359	1004.45	56.01708984375	0.36617306	0.00024359999999999999	0.0008120000000000001	9.533973217010498	15175.613581418991
1317	1143.9140774427726	993.84	56.02587890625	0.36614892	0.00024355714285714282	0.0008118571428571428	9.631996631622314	15185.247164011002
1318	1112.843275192064	987.85	56.036376953125	0.36612156	0.00024351428571428569	0.0008117142857142857	9.930659770965576	15195.17837381363
1319	1110.4624283188466	981.8	56.044677734375	0.3660892	0.00024347142857142855	0.0008115714285714286	9.45010495185852	15204.631206512451
1320	1118.9137056831587	997.9	55.550048828125	0.3658782	0.00024342857142857139	0.0008114285714285715	9.709858894348145	15214.341809272766
1321	1069.7702723127954	956.65	52.580810546875	0.36580524	0.00024338571428571425	0.0008112857142857143	9.99127197265625	15224.334091424942
1322	1119.1055154129228	980.75	54.926025390625	0.36573935	0.00024334285714285714	0.0008111428571428572	9.426074266433716	15233.760787725449
1323	1120.4271205697949	997.14	54.675048828125	0.36566803	0.00024329999999999995	0.000811	9.704152584075928	15243.46959900856
1324	1125.9206600621424	987.06	55.427001953125	0.36560187	0.00024325714285714284	0.0008108571428571429	10.147295951843262	15253.617499113083
1325	1072.5873224507245	953.21	55.439208984375	0.36498058	0.0002432142857142857	0.0008107142857142857	13.42520260810852	15267.044858694077
1326	1125.9828534955902	985.26	55.44921875	0.3641636	0.00024317142857142857	0.0008105714285714286	14.147174596786499	15281.192658901215
1327	1111.649192287844	990.66	55.459228515625	0.3635269	0.0002431285714285714	0.0008104285714285714	15.642135858535767	15296.83622264862
1328	1097.9754426492955	974.43	55.455322265625	0.36348966	0.00024308571428571427	0.0008102857142857143	9.563570022583008	15306.401632070541
1329	1105.4704795070343	988.36	55.478759765625	0.36331654	0.00024304285714285713	0.0008101428571428571	15.615062952041626	15322.017297744751
1330	1105.2019414068004	961.48	55.48974609375	0.3628842	0.000243	0.0008100000000000001	15.010787963867188	15337.029651165009
1331	1109.072125348806	986.79	55.49951171875	0.36287677	0.00024295714285714283	0.0008098571428571429	10.085939168930054	15347.118057250977
1332	1131.9296867321154	981.54	55.50927734375	0.3628749	0.0002429142857142857	0.0008097142857142858	9.432902574539185	15356.551499605179
1333	1117.0656229480255	982.94	56.009521484375	0.36286378	0.00024287142857142856	0.0008095714285714286	9.452807903289795	15366.006131649017
1334	1102.3796296471546	971.49	55.52880859375	0.36284363	0.0002428285714285714	0.0008094285714285714	9.919954776763916	15375.926649570465
1335	1086.87535333798	962.81	55.538818359375	0.36282232	0.00024278571428571426	0.0008092857142857143	9.417524576187134	15385.34604716301
1336	1116.4662065377788	974.17	55.533935546875	0.36279967	0.00024274285714285713	0.0008091428571428572	9.465638399124146	15394.81232380867
1337	1068.8384915826898	962.43	55.55908203125	0.36277583	0.00024269999999999996	0.0008089999999999999	9.948514699935913	15404.76283288002
1338	1106.721565315857	969.46	55.56884765625	0.3627452	0.00024265714285714283	0.0008088571428571428	9.71759819984436	15414.48097538948
1339	1091.0728887754685	953.92	55.5791015625	0.36247	0.0002426142857142857	0.0008087142857142858	9.765312910079956	15424.248183488846
1340	1104.149657660029	985.29	55.83740234375	0.3622032	0.00024257142857142855	0.0008085714285714286	10.368062496185303	15434.616347312927
1341	1141.3902570732755	1004.61	55.597900390625	0.36213684	0.00024252857142857142	0.0008084285714285715	9.414457559585571	15444.033464193344
1342	1141.9214481113638	998.07	55.60205078125	0.36207148	0.00024248571428571426	0.0008082857142857143	9.47057056427002	15453.504654169083
1343	1044.6552172973213	938.09	55.6162109375	0.36201206	0.00024244285714285712	0.0008081428571428572	10.059961795806885	15463.566546440125
1344	1111.137622480078	979.14	55.62255859375	0.36195326	0.00024239999999999998	0.000808	9.459893941879272	15473.027058839798
1345	1074.3884753579343	956.11	56.129638671875	0.36189863	0.00024235714285714282	0.0008078571428571428	9.51990556716919	15482.550206422806
1346	1134.726267801373	996.21	55.39599609375	0.3614589	0.00024231428571428568	0.0008077142857142857	15.774142742156982	15498.324959516525
1347	1103.6056966534034	966.12	55.653564453125	0.36143363	0.00024227142857142855	0.0008075714285714287	9.526663303375244	15507.853556632996
1348	1117.6264757585348	977.19	55.653076171875	0.36132655	0.00024222857142857138	0.0008074285714285714	9.553107261657715	15517.407235145569
1349	1163.9788742648234	987.77	55.676513671875	0.36059555	0.00024218571428571425	0.0008072857142857143	16.01583242416382	15533.425292015076
1350	1112.8339531020329	966.17	55.686279296875	0.36019292	0.00024214285714285714	0.0008071428571428572	15.136805534362793	15548.564029932022
1351	1129.8034833029496	983.13	55.68212890625	0.36009204	0.00024209999999999995	0.000807	9.527827024459839	15558.093266487122
1352	1129.6366109252501	992.48	55.705810546875	0.3594391	0.00024205714285714284	0.0008068571428571428	14.840633153915405	15572.934622526169
1353	1117.249399763469	963.07	55.71484375	0.35940087	0.0002420142857142857	0.0008067142857142857	10.143453598022461	15583.08146905899
1354	1130.871963762161	990.87	55.7119140625	0.3593795	0.00024197142857142857	0.0008065714285714286	9.443027973175049	15592.525085687637
1355	1118.0639103299166	988.11	55.7353515625	0.35936436	0.00024192857142857143	0.0008064285714285715	9.862349033355713	15602.389283657074
1356	1113.7929078471177	987.9	55.7451171875	0.35935447	0.00024188571428571427	0.0008062857142857142	9.534120559692383	15611.92398571968
1357	1108.5901751402707	982.94	55.741455078125	0.35934398	0.00024184285714285713	0.0008061428571428572	9.525469541549683	15621.451283216476
1358	1139.2337641407778	994.79	55.76513671875	0.35924113	0.0002418	0.0008060000000000001	9.590731143951416	15631.042637825012
1359	1079.0980504624913	979.14	55.77490234375	0.35920998	0.00024175714285714283	0.0008058571428571429	9.470503091812134	15640.515326499939
1360	1130.6266182690085	1010.54	55.784912109375	0.35917768	0.0002417142857142857	0.0008057142857142857	9.912067413330078	15650.427947282791
1361	1022.0061085097384	926.52	56.29443359375	0.3591462	0.00024167142857142856	0.0008055714285714286	9.467177867889404	15659.89721417427
1362	1069.1169918008525	975.49	55.80419921875	0.35911825	0.0002416285714285714	0.0008054285714285714	9.451282262802124	15669.349111557007
1363	1045.4191163268772	939.01	55.814453125	0.3589947	0.00024158571428571426	0.0008052857142857143	9.646304845809937	15678.99788928032
1364	1103.1831494861933	983.88	55.82470703125	0.3583921	0.00024154285714285712	0.0008051428571428571	14.652946949005127	15693.651409626007
1365	1105.3364710088606	983.77	55.833740234375	0.3583883	0.00024149999999999996	0.0008049999999999999	9.985061645507812	15703.639484167099
1366	1108.0395303139285	983.63	55.843505859375	0.35787007	0.00024145714285714283	0.0008048571428571429	14.645957946777344	15718.287234783173
1367	1108.1073420973669	982.03	55.850830078125	0.35737172	0.0002414142857142857	0.0008047142857142858	16.07845425605774	15734.366273880005
1368	1068.5078672685004	956.06	55.862548828125	0.35721144	0.00024137142857142855	0.0008045714285714286	14.752023935317993	15749.121680736542
1369	1112.687263571934	986.16	55.872314453125	0.35714749	0.00024132857142857142	0.0008044285714285715	9.576827764511108	15758.701372623444
1370	1050.5954562513157	946.83	55.882080078125	0.35711393	0.00024128571428571425	0.0008042857142857143	9.524471521377563	15768.226435184479
1371	1124.023689122216	994.1	55.89013671875	0.35708514	0.00024124285714285712	0.0008041428571428572	9.479600191116333	15777.708694934845
1372	1066.6183156760928	957.05	55.901611328125	0.3570535	0.00024119999999999998	0.000804	9.473554849624634	15787.18279337883
1373	1032.5334356797969	936.45	55.90966796875	0.35702455	0.00024115714285714282	0.0008038571428571428	9.998939275741577	15797.183143854141
1374	1111.3538347625279	983.49	55.91943359375	0.35699555	0.00024111428571428568	0.0008037142857142857	9.439453601837158	15806.623206853867
1375	1104.1463245334583	995.31	55.931396484375	0.35696414	0.00024107142857142857	0.0008035714285714287	54.17103862762451	15860.796889543533
1376	1094.352051929338	977.46	55.941162109375	0.35636476	0.00024102857142857138	0.0008034285714285714	14.935511350631714	15875.73687505722
1377	1087.0570963885582	958.37	55.950927734375	0.3563564	0.00024098571428571427	0.0008032857142857143	10.12471604347229	15885.864675283432
1378	1117.5577548281353	973.18	55.21875	0.3558992	0.00024094285714285714	0.0008031428571428572	15.117965936660767	15900.983265638351
1379	1051.1979132992556	946.93	53.15380859375	0.35579622	0.00024089999999999995	0.000803	9.637763261795044	15910.624247789383
1380	1162.2761097156092	1015.93	55.826416015625	0.35574865	0.00024085714285714284	0.0008028571428571428	9.961270570755005	15920.586817502975
1381	1161.2502716414488	990.53	56.097900390625	0.35569635	0.0002408142857142857	0.0008027142857142857	9.419654369354248	15930.007030248642
1382	1136.2409987033072	983.05	56.608154296875	0.35564932	0.00024077142857142857	0.0008025714285714286	9.397043704986572	15939.406039476395
1383	1146.926715855431	980.44	56.3662109375	0.35560063	0.00024072857142857143	0.0008024285714285716	9.458720922470093	15948.86537528038
1384	1176.3977290455134	1008.2	56.124267578125	0.35555446	0.00024068571428571427	0.0008022857142857143	9.442579507827759	15958.309820652008
1385	1124.239471887685	971.37	56.37841796875	0.35551253	0.00024064285714285713	0.0008021428571428572	9.488656520843506	15967.799073457718
1386	1149.7448919778803	984.42	55.396240234375	0.3554745	0.0002406	0.0008020000000000001	9.711241245269775	15977.512155771255
1387	1169.2887198702513	986.19	56.896484375	0.3554374	0.00024055714285714283	0.0008018571428571429	9.411437511444092	15986.924242019653
1388	1147.7867956073342	989.31	55.65478515625	0.3549488	0.0002405142857142857	0.0008017142857142857	15.28166651725769	16002.207516431808
1389	1152.2684343555386	994.03	55.162109375	0.3548378	0.00024047142857142856	0.0008015714285714286	15.511299133300781	16017.720542907715
1390	1169.6103812968854	993.72	55.920166015625	0.35423824	0.0002404285714285714	0.0008014285714285714	15.52852749824524	16033.250661611557
1391	1163.7907517012507	997.51	56.427978515625	0.35379902	0.00024038571428571426	0.0008012857142857142	16.29459309577942	16049.546245574951
1392	1126.5528875174175	964.39	55.68603515625	0.35374078	0.00024034285714285712	0.0008011428571428571	9.510088205337524	16059.058220386505
1393	1166.2396582088086	1006.35	55.443603515625	0.3529105	0.00024029999999999996	0.000801	15.093496561050415	16074.153262853622
1394	1159.5030233410084	997.82	56.18798828125	0.35289952	0.00024025714285714282	0.0008008571428571429	9.504481792449951	16083.660508155823
1395	1147.4866461331974	1008.11	56.207763671875	0.3528171	0.0002402142857142857	0.0008007142857142857	10.10651421546936	16093.767627477646
1396	1185.9890324282042	1002.58	55.716552734375	0.35278857	0.00024017142857142855	0.0008005714285714286	9.518338680267334	16103.28778553009
1397	1189.7937858208957	1012.88	56.212890625	0.35275638	0.00024012857142857141	0.0008004285714285715	9.40873408317566	16112.697151899338
1398	1176.9561416786303	1011.67	56.484619140625	0.35272574	0.00024008571428571425	0.0008002857142857143	9.967504501342773	16122.668045282364
1399	1139.9467379189955	963.54	56.4921875	0.35270417	0.00024004285714285712	0.0008001428571428571	9.741600036621094	16132.410245656967
1400	1161.4455208550978	986.81	56.23681640625	0.3526818	0.00023999999999999998	0.0008	9.368206977844238	16141.780380487442
1401	1208.8384687589457	1018.47	57.0078125	0.35265926	0.00023995714285714282	0.0007998571428571428	9.460265636444092	16151.241223335266
1402	1127.2567196574978	979.81	56.765869140625	0.35263076	0.00023991428571428568	0.0007997142857142858	9.42759370803833	16160.671239852905
1403	1168.8552138711686	989.82	56.022705078125	0.3520074	0.00023987142857142857	0.0007995714285714286	13.175420999526978	16173.847259044647
1404	1174.9162651430336	995.8	56.281494140625	0.3520154	0.00023982857142857138	0.0007994285714285714	9.91394305229187	16183.764978408813
1405	1131.8667278509956	978.18	55.7900390625	0.35154197	0.00023978571428571427	0.0007992857142857143	14.127919912338257	16197.893442869186
1406	1189.235480296824	1010.12	56.0478515625	0.35147774	0.00023974285714285713	0.0007991428571428572	9.485167741775513	16207.379591226578
1407	1161.3956969091294	1002.74	56.05419921875	0.350836	0.00023969999999999997	0.0007989999999999999	16.335073709487915	16223.715291261673
1408	1213.3519418600774	1020.25	56.311279296875	0.3508331	0.00023965714285714284	0.0007988571428571428	9.407799005508423	16233.12500333786
1409	1180.716622560121	995.83	56.070068359375	0.35058752	0.0002396142857142857	0.0007987142857142857	14.878862619400024	16248.004555940628
1410	1215.0218710969637	1009.74	56.078125	0.34988967	0.00023957142857142856	0.0007985714285714287	15.11029839515686	16263.116986989975
1411	1193.6396902556758	1006.87	55.835693359375	0.34981415	0.00023952857142857143	0.0007984285714285715	10.016772270202637	16273.1350543499
1412	1149.1232555894112	1006.59	56.59375	0.3497741	0.00023948571428571426	0.0007982857142857143	9.410677909851074	16282.547360181808
1413	1189.6689501240407	1000.94	56.351318359375	0.34973457	0.00023944285714285713	0.0007981428571428572	9.366917610168457	16291.916033506393
1414	1180.0653167479452	993.28	56.859375	0.34970176	0.0002394	0.0007980000000000001	9.367067575454712	16301.283682107925
1415	1196.0228558059218	1007.57	56.126220703125	0.34966075	0.00023935714285714283	0.0007978571428571428	9.419430255889893	16310.705300569534
1416	1167.8300059673875	1009.23	56.112548828125	0.34916398	0.0002393142857142857	0.0007977142857142857	13.74510908126831	16324.451001882553
1417	1159.4711823821908	981.2	56.134033203125	0.34911358	0.00023927142857142856	0.0007975714285714286	10.001827478408813	16334.454692363739
1418	1143.1226890243533	991.89	56.64208984375	0.3490988	0.0002392285714285714	0.0007974285714285714	9.356797695159912	16343.812064886093
1419	1198.7366605085576	1009.59	56.63623046875	0.34907886	0.00023918571428571426	0.0007972857142857142	9.385077238082886	16353.200945615768
1420	1156.616191896315	989.35	56.65576171875	0.3490562	0.00023914285714285712	0.0007971428571428572	9.888783931732178	16363.09034872055
1421	1155.689236315729	991.87	56.664306640625	0.34903315	0.00023909999999999996	0.000797	9.71688199043274	16372.808633327484
1422	1099.025243351929	956.67	56.67333984375	0.34901342	0.00023905714285714282	0.0007968571428571429	9.400921821594238	16382.209768295288
1423	1161.0348549700798	991.86	56.43017578125	0.34880224	0.00023901428571428568	0.0007967142857142857	14.872820615768433	16397.085203409195
1424	1148.9153288426576	978.33	56.18798828125	0.34880587	0.00023897142857142855	0.0007965714285714286	9.631057739257812	16406.719048261642
1425	1108.343426303073	960.77	56.697265625	0.34873572	0.0002389285714285714	0.0007964285714285715	9.504339456558228	16416.223998069763
1426	1165.6156035510974	1001.68	56.455078125	0.3483226	0.00023888571428571425	0.0007962857142857143	15.44990587234497	16431.677308321
1427	1121.2419883380833	965.2	56.7119140625	0.348343	0.0002388428571428571	0.0007961428571428571	9.496808767318726	16441.175649404526
1428	1142.8395101858232	967.34	56.228515625	0.3475107	0.0002388	0.000796	13.425532579421997	16454.60180735588
1429	1152.2266664588935	990.6	56.727783203125	0.34750903	0.00023875714285714281	0.0007958571428571429	9.458197355270386	16464.062314748764
1430	1181.9127929372812	999.58	56.72216796875	0.34750935	0.0002387142857142857	0.0007957142857142858	9.366549730300903	16473.429433822632
1431	1175.4377040896118	1002.32	57.24365234375	0.34697714	0.00023867142857142857	0.0007955714285714286	15.169997930526733	16488.602558374405
1432	1180.2971538058111	994.94	56.751708984375	0.34697536	0.00023862857142857138	0.0007954285714285714	9.37607192993164	16497.984068870544
1433	1180.3834610135243	1010.63	56.759765625	0.3465743	0.00023858571428571427	0.0007952857142857143	15.732343912124634	16513.71700167656
1434	1140.5848186239646	989.66	56.7666015625	0.34655452	0.00023854285714285713	0.0007951428571428572	9.549814462661743	16523.26922774315
1435	1173.5856439062404	1002.63	57.016845703125	0.34654272	0.0002385	0.000795	9.352571249008179	16532.622363090515
1436	1131.6764893436844	971.07	53.728759765625	0.34652376	0.00023845714285714283	0.0007948571428571428	9.800891160964966	16542.42619562149
1437	1150.3604863091182	972.87	56.53955078125	0.34650478	0.0002384142857142857	0.0007947142857142857	9.436422109603882	16551.86325097084
1438	1170.0424085704406	1011.13	57.034423828125	0.3464899	0.00023837142857142856	0.0007945714285714287	9.402657747268677	16561.26783299446
1439	1170.969555328005	981.78	56.30615234375	0.34647754	0.00023832857142857143	0.0007944285714285715	9.413217067718506	16570.681633234024
1440	1168.3188430217292	1009.98	56.312744140625	0.34618878	0.00023828571428571426	0.0007942857142857143	15.141294240951538	16585.825679063797
1441	1199.5146603550702	995.26	55.818115234375	0.34605455	0.00023824285714285713	0.0007941428571428572	9.518459558486938	16595.345091342926
1442	1148.1477123168359	991.63	57.580810546875	0.34601033	0.0002382	0.0007940000000000001	9.93186616897583	16605.27751326561
1443	1188.1804507544234	1014.79	57.08837890625	0.3459635	0.00023815714285714283	0.0007938571428571428	9.523446798324585	16614.802720069885
1444	1182.0846693234953	1009.25	56.707763671875	0.34591782	0.0002381142857142857	0.0007937142857142857	9.376908540725708	16624.180171489716
1445	1193.4663047362656	1006.7	56.229736328125	0.34567842	0.00023807142857142855	0.0007935714285714286	9.995923519134521	16634.178613185883
1446	1195.3389633812526	1012.43	56.73828125	0.3456101	0.0002380285714285714	0.0007934285714285713	9.405614614486694	16643.58478951454
1447	1150.5156374950677	1004.89	56.491455078125	0.3455454	0.00023798571428571425	0.0007932857142857143	9.371509552001953	16652.957721471786
1448	1171.698187607958	1002.06	57.504150390625	0.3454881	0.00023794285714285712	0.0007931428571428572	9.939540147781372	16662.8978805542
1449	1129.5691930517246	984.44	56.261962890625	0.3449392	0.00023789999999999998	0.0007930000000000001	13.152099609375	16676.051127672195
1450	1133.9872523942329	1006.57	56.51806640625	0.344723	0.00023785714285714282	0.0007928571428571428	14.609216928482056	16690.660948753357
1451	1117.547024733637	981.7	56.76611328125	0.34472036	0.00023781428571428568	0.0007927142857142857	9.604753971099854	16700.26776242256
1452	1173.8438292036471	1012.12	56.53173828125	0.34381834	0.00023777142857142855	0.0007925714285714286	14.053789377212524	16714.322187900543
1453	1141.1768697803386	978.58	56.541748046875	0.3432959	0.0002377285714285714	0.0007924285714285715	13.913942337036133	16728.23947072029
1454	1170.359536186485	1006.58	56.0576171875	0.34275687	0.00023768571428571425	0.0007922857142857142	14.440115928649902	16742.680168390274
1455	1157.7051435435185	1003.77	56.5576171875	0.34262422	0.0002376428571428571	0.0007921428571428571	10.111135721206665	16752.79370546341
1456	1193.8962952552165	1019.25	56.563720703125	0.3424697	0.0002376	0.0007920000000000001	9.463250637054443	16762.25835299492
1457	1183.674440761983	1011.18	56.573486328125	0.34177998	0.0002375571428571428	0.0007918571428571429	27.98427391052246	16790.243246793747
1458	1164.1186589486233	996.52	57.0654296875	0.34122136	0.0002375142857142857	0.0007917142857142857	14.75653600692749	16805.002761125565
1459	1165.3893508255842	1000.05	56.589111328125	0.34109816	0.00023747142857142857	0.0007915714285714286	10.098203182220459	16815.103301286697
1460	1124.5510262569157	981.09	56.105224609375	0.3410624	0.0002374285714285714	0.0007914285714285714	9.350922346115112	16824.45486354828
1461	1152.106274387735	1000.58	56.85009765625	0.3410252	0.00023738571428571427	0.0007912857142857143	9.349334955215454	16833.804828882217
1462	1131.0236195002449	989.88	57.361083984375	0.34098682	0.00023734285714285713	0.0007911428571428571	9.971109867095947	16843.778599739075
1463	1190.8457751873566	1017.77	56.620849609375	0.3409388	0.0002373	0.000791	9.607711553573608	16853.38689851761
1464	1163.7486067498949	997.71	56.87939453125	0.34056464	0.00023725714285714286	0.000790857142857143	14.701263904571533	16868.089643478394
1465	1165.6740783809682	1007.69	56.385986328125	0.34050235	0.0002372142857142857	0.0007907142857142858	9.693939447402954	16877.78529572487
1466	1119.8612799845482	966.73	57.395263671875	0.34047687	0.00023717142857142856	0.0007905714285714286	9.381688356399536	16887.167600393295
1467	1183.3813325282533	1006.03	57.402099609375	0.34045067	0.00023712857142857142	0.0007904285714285715	9.392871856689453	16896.562601804733
1468	1191.198164958854	1005.93	57.40087890625	0.34042707	0.00023708571428571426	0.0007902857142857143	9.877272367477417	16906.440509557724
1469	1169.987136943483	1003.51	56.918701171875	0.34039232	0.00023704285714285712	0.0007901428571428572	9.34412670135498	16915.786678791046
1470	1123.5629093022937	967.21	57.41943359375	0.34035766	0.000237	0.00079	9.373633861541748	16925.160962820053
1471	1155.1859659449217	993.68	57.684326171875	0.34032008	0.00023695714285714282	0.0007898571428571428	9.941777229309082	16935.103375434875
1472	1150.532621721386	983.65	56.69091796875	0.34028938	0.0002369142857142857	0.0007897142857142857	9.509121417999268	16944.614010810852
1473	1155.6313897970988	991.2	56.697509765625	0.3401581	0.00023687142857142855	0.0007895714285714287	9.493558883666992	16954.108182430267
1474	1191.1364001857771	1003.0	56.706787109375	0.33989736	0.0002368285714285714	0.0007894285714285713	16.10288381576538	16970.21330356598
1475	1148.8877167819844	993.28	56.714599609375	0.3395194	0.00023678571428571425	0.0007892857142857143	15.089873790740967	16985.305339097977
1476	1224.4844289449945	1010.79	56.972412109375	0.33894968	0.00023674285714285712	0.0007891428571428572	15.56987190246582	17000.876742601395
1477	1141.3346364632475	972.72	56.98046875	0.3382889	0.00023669999999999998	0.0007890000000000001	14.916738271713257	17015.795094251633
1478	1163.633402042167	983.11	56.724853515625	0.3382922	0.00023665714285714284	0.0007888571428571429	10.024913549423218	17025.822050094604
1479	1161.4260949495808	994.46	56.9970703125	0.33829275	0.00023661428571428568	0.0007887142857142857	9.359389781951904	17035.182098388672
1480	1171.9667510129227	989.61	56.991455078125	0.33828864	0.00023657142857142854	0.0007885714285714286	9.351454257965088	17044.5341527462
1481	1117.0662671690482	962.71	57.01123046875	0.33829036	0.00023652857142857144	0.0007884285714285715	9.879332780838013	17054.415681362152
1482	1163.1696572430817	1013.07	57.77099609375	0.3382925	0.00023648571428571425	0.0007882857142857142	9.399039506912231	17063.815325021744
1483	1183.816914940307	1002.4	58.0224609375	0.33828548	0.00023644285714285714	0.0007881428571428572	9.405517578125	17073.22350025177
1484	1120.0898281474285	974.32	56.78466796875	0.33826423	0.0002364	0.0007880000000000001	10.204058408737183	17083.42817378044
1485	1089.67063649622	931.15	57.794677734375	0.33825445	0.0002363571428571428	0.0007878571428571429	9.631839513778687	17093.06233739853
1486	1140.7463084798771	981.62	57.060302734375	0.33824635	0.0002363142857142857	0.0007877142857142857	9.364060878753662	17102.42694544792
1487	1113.0682495716187	980.3	57.310302734375	0.338241	0.00023627142857142856	0.0007875714285714286	9.373460054397583	17111.802879571915
1488	1097.3904601296692	952.98	57.316650390625	0.3382356	0.0002362285714285714	0.0007874285714285714	9.432371139526367	17121.23586654663
1489	1135.711707609232	983.38	57.326171875	0.33822694	0.00023618571428571426	0.0007872857142857143	9.364348649978638	17130.603626728058
1490	1088.178863682022	952.83	57.333984375	0.338214	0.00023614285714285713	0.0007871428571428571	9.475536823272705	17140.079797029495
1491	1111.9697981569348	983.91	57.341552734375	0.33769202	0.0002361	0.000787	15.128950119018555	17155.210765361786
1492	1035.717114973682	924.39	57.35009765625	0.33712354	0.00023605714285714286	0.000786857142857143	14.412259101867676	17169.62587928772
1493	1109.9811385173316	981.82	56.864501953125	0.33662036	0.0002360142857142857	0.0007867142857142857	14.072357892990112	17183.700034856796
1494	1111.423086814057	974.4	54.30859375	0.3365705	0.00023597142857142856	0.0007865714285714286	13.478153467178345	17197.178835392
1495	1090.691560542742	952.53	57.133056640625	0.3361965	0.00023592857142857142	0.0007864285714285715	16.001906394958496	17213.181319475174
1496	1091.687929937532	979.11	56.876708984375	0.3362019	0.00023588571428571426	0.0007862857142857143	9.554802179336548	17222.73873758316
1497	1106.5850507329276	989.31	57.888427734375	0.3361896	0.00023584285714285712	0.0007861428571428571	9.695255756378174	17232.436894893646
1498	1110.9027458772937	980.52	57.145263671875	0.33617464	0.00023579999999999999	0.000786	9.492802143096924	17241.930276870728
1499	1110.1203756393454	980.91	57.904296875	0.3361529	0.00023575714285714282	0.0007858571428571428	9.380765438079834	17251.31318116188
1500	1052.2247171025977	955.31	57.412109375	0.3361286	0.00023571428571428569	0.0007857142857142857	9.374181509017944	17260.68809723854
1501	1109.687821207128	985.73	56.919921875	0.33602893	0.00023567142857142855	0.0007855714285714286	15.90969467163086	17276.598384141922
1502	1077.8502428342172	968.98	56.18359375	0.33573648	0.0002356285714285714	0.0007854285714285714	15.07429051399231	17291.67733001709
1503	1088.7312993728667	969.27	56.921142578125	0.33567593	0.00023558571428571425	0.0007852857142857143	9.65827465057373	17301.33842730522
1504	1125.2439077384856	980.63	56.943359375	0.33498755	0.00023554285714285711	0.0007851428571428572	15.067697525024414	17316.406711816788
1505	1115.8741320893603	976.93	57.200439453125	0.33495674	0.00023549999999999998	0.000785	10.82534909248352	17327.234350442886
1506	1173.7894453862777	1015.99	56.46728515625	0.33484074	0.00023545714285714284	0.0007848571428571429	9.573543787002563	17336.80810213089
1507	1126.5240122858236	974.42	57.21533203125	0.33418712	0.00023541428571428568	0.0007847142857142857	15.084336519241333	17351.894661664963
1508	1092.2241022643211	975.69	57.212646484375	0.3341347	0.00023537142857142854	0.0007845714285714286	9.600133657455444	17361.49608182907
1509	1149.2248713689048	1002.68	56.986083984375	0.33388376	0.00023532857142857143	0.0007844285714285714	14.959397077560425	17376.45605444908
1510	1127.9557036652438	976.71	57.74609375	0.3338554	0.00023528571428571424	0.0007842857142857143	10.17059063911438	17386.6285405159
1511	1134.7781891971347	990.01	57.755859375	0.33304515	0.00023524285714285713	0.0007841428571428572	14.885540962219238	17401.516295671463
1512	1139.9840167709838	1003.0	57.264892578125	0.3330301	0.0002352	0.0007840000000000001	9.51591157913208	17411.034187555313
1513	1112.9342465374864	996.81	57.516357421875	0.33272958	0.00023515714285714283	0.0007838571428571428	14.613886594772339	17425.648679971695
1514	1096.2570189790747	978.8	57.53515625	0.33270136	0.0002351142857142857	0.0007837142857142857	9.5058012008667	17435.161012649536
1515	1124.4783498301886	991.59	57.295166015625	0.3323213	0.00023507142857142856	0.0007835714285714286	16.24663209915161	17451.408231973648
1516	1143.291671382436	1000.28	57.554443359375	0.33232793	0.0002350285714285714	0.0007834285714285714	9.524051666259766	17460.934156417847
1517	1111.7529106838956	960.17	57.299560546875	0.3322681	0.00023498571428571426	0.0007832857142857142	9.6183180809021	17470.553089141846
1518	1109.346990053486	975.48	56.83203125	0.33194372	0.00023494285714285713	0.0007831428571428571	14.41373062133789	17484.968626976013
1519	1127.5420000304464	988.85	58.083984375	0.33194092	0.0002349	0.0007830000000000001	9.402807712554932	17494.372019052505
1520	1144.2043282876518	992.37	58.09375	0.33193365	0.00023485714285714285	0.000782857142857143	9.881558418273926	17504.256927251816
1521	1112.85813125716	946.9	58.093505859375	0.3318371	0.0002348142857142857	0.0007827142857142857	9.581785440444946	17513.839324951172
1522	1183.8402427450187	1022.16	57.863525390625	0.33179435	0.00023477142857142855	0.0007825714285714286	9.393893718719482	17523.23468065262
1523	1142.6152378964541	992.51	58.123046875	0.3317581	0.00023472857142857142	0.0007824285714285715	9.891492366790771	17533.126785755157
1524	1073.6138877442727	946.51	58.119384765625	0.33171952	0.00023468571428571426	0.0007822857142857143	9.389113664627075	17542.51890730858
1525	1163.5910588687252	1008.01	58.39306640625	0.33168778	0.00023464285714285712	0.0007821428571428571	9.402127981185913	17551.921595335007
1526	1142.0340262170284	1001.27	58.40283203125	0.33165535	0.00023459999999999998	0.000782	9.413215398788452	17561.337168455124
1527	1143.5919336670167	974.52	58.402587890625	0.33162108	0.00023455714285714282	0.0007818571428571428	9.728652000427246	17571.06645345688
1528	1152.2310984200249	984.06	58.6708984375	0.33158198	0.00023451428571428568	0.0007817142857142858	9.369909763336182	17580.440551519394
1529	1131.172845175234	966.96	58.423095703125	0.33120596	0.00023447142857142855	0.0007815714285714286	9.731821060180664	17590.173046588898
1530	1159.5701896939634	992.69	58.693115234375	0.33114934	0.00023442857142857138	0.0007814285714285714	9.45984959602356	17599.63396048546
1531	1158.3739096118086	1001.26	58.45263671875	0.33110225	0.00023438571428571425	0.0007812857142857143	9.422273397445679	17609.056797504425
1532	1162.1230547291457	1005.71	58.46240234375	0.33106354	0.0002343428571428571	0.0007811428571428572	9.356416940689087	17618.414716482162
1533	1181.3345601510784	998.23	58.471435546875	0.33102342	0.00023429999999999998	0.000781	9.471826076507568	17627.887123823166
1534	1117.457716532263	959.34	57.48046875	0.33048135	0.00023425714285714287	0.0007808571428571429	15.332355976104736	17643.22159051895
1535	1139.4972309695263	995.07	57.7421875	0.3301728	0.00023421428571428568	0.0007807142857142857	15.604890584945679	17658.82771062851
1536	1111.1643631431157	942.99	58.25	0.32953188	0.00023417142857142857	0.0007805714285714286	13.825820207595825	17672.655289888382
1537	1156.553655701158	976.18	58.011962890625	0.3294004	0.00023412857142857143	0.0007804285714285715	10.164039850234985	17682.819976568222
1538	1144.0373872491054	1002.78	58.02197265625	0.32930633	0.00023408571428571424	0.0007802857142857143	9.84544587135315	17692.665776252747
1539	1172.31091897455	997.3	58.2802734375	0.32893413	0.00023404285714285713	0.0007801428571428572	13.784588098526001	17706.45090818405
1540	1162.1893649794533	989.6	57.297119140625	0.32864553	0.000234	0.0007800000000000001	15.293580293655396	17721.74598622322
1541	1111.8760925738802	963.17	58.548583984375	0.32862094	0.00023395714285714283	0.0007798571428571428	9.564968585968018	17731.31310725212
1542	1149.928256995731	984.46	58.681396484375	0.32861057	0.0002339142857142857	0.0007797142857142857	9.371906757354736	17740.68558573723
1543	1154.0045001125225	980.35	58.689208984375	0.32860318	0.00023387142857142856	0.0007795714285714286	9.480456590652466	17750.168209791183
1544	1157.5618104413631	995.81	58.6982421875	0.3285923	0.0002338285714285714	0.0007794285714285713	9.464112043380737	17759.63289141655
1545	1143.0413438972073	985.68	58.7060546875	0.3285763	0.00023378571428571426	0.0007792857142857142	9.408471584320068	17769.043169021606
1546	1153.263167548189	990.83	58.215087890625	0.32830593	0.00023374285714285712	0.0007791428571428572	14.335693359375	17783.379452943802
1547	1133.51201326923	968.2	58.47265625	0.32787296	0.0002337	0.0007790000000000001	14.530241966247559	17797.911586284637
1548	1137.3469992290454	994.25	58.230712890625	0.32782003	0.00023365714285714285	0.0007788571428571429	9.786895513534546	17807.70163154602
1549	1151.0661631334906	990.76	58.73876953125	0.32757255	0.0002336142857142857	0.0007787142857142857	14.181241035461426	17821.884947299957
1550	1158.9625793258215	985.51	58.00439453125	0.3275601	0.00023357142857142855	0.0007785714285714286	9.527524471282959	17831.413073301315
1551	1123.5843299777373	960.7	54.94921875	0.327315	0.00023352857142857142	0.0007784285714285715	13.72462511062622	17845.139533519745
1552	1130.3402640404365	959.9	57.956298828125	0.3267351	0.00023348571428571425	0.0007782857142857142	14.067617177963257	17859.207749843597
1553	1174.014023728499	999.83	57.520263671875	0.3267125	0.00023344285714285712	0.0007781428571428571	9.739912509918213	17868.95209813118
1554	1164.2944300339063	985.79	57.778076171875	0.32669458	0.00023339999999999998	0.000778	9.525934934616089	17878.47868204117
1555	1121.3553605619743	955.53	57.535888671875	0.3266682	0.00023335714285714282	0.0007778571428571429	9.387617111206055	17887.866871356964
1556	1154.1402129084513	991.51	58.2939453125	0.32663435	0.00023331428571428568	0.0007777142857142857	9.64397931098938	17897.51335978508
1557	1126.995951417744	968.43	58.302001953125	0.32659653	0.00023327142857142855	0.0007775714285714286	9.38517713546753	17906.899120092392
1558	1139.8188807592946	978.58	58.559326171875	0.32656202	0.0002332285714285714	0.0007774285714285715	9.383987665176392	17916.284982442856
1559	1118.7856906735758	948.5	58.56591796875	0.32653233	0.00023318571428571425	0.0007772857142857143	10.107246398925781	17926.392830371857
1560	1151.503694284772	980.96	57.823974609375	0.3264997	0.0002331428571428571	0.0007771428571428571	9.926173448562622	17936.320583105087
1561	1158.8376321186752	983.64	58.081787109375	0.32638088	0.00023309999999999997	0.000777	9.504956722259521	17945.82610964775
1562	1171.0141918989034	973.65	58.090576171875	0.325762	0.00023305714285714286	0.0007768571428571429	14.66340970993042	17960.491341352463
1563	1100.5870782229174	941.55	57.598388671875	0.32527798	0.00023301428571428567	0.0007767142857142857	13.704559564590454	17974.197641849518
1564	1151.241614874171	980.25	57.8564453125	0.32522497	0.00023297142857142857	0.0007765714285714286	10.059589385986328	17984.25776720047
1565	1133.5455025904248	970.73	58.3642578125	0.32520184	0.00023292857142857143	0.0007764285714285715	9.390778541564941	17993.65071463585
1566	1140.273462572632	976.6	58.3720703125	0.325173	0.00023288571428571427	0.0007762857142857143	9.379136085510254	18003.03046321869
1567	1147.5043443710638	972.63	57.385986328125	0.3251514	0.00023284285714285713	0.0007761428571428572	9.898315191268921	18012.930711507797
1568	1162.6464448445902	981.21	58.387939453125	0.32513216	0.0002328	0.000776	9.417680740356445	18022.34896659851
1569	1173.9776575982812	974.65	58.395751953125	0.32511932	0.00023275714285714283	0.0007758571428571428	9.418521165847778	18031.769327878952
1570	1169.073633029985	985.23	58.40283203125	0.32510573	0.0002327142857142857	0.0007757142857142857	9.393643617630005	18041.16356229782
1571	1190.7848019488194	1005.11	57.91162109375	0.3248918	0.00023267142857142856	0.0007755714285714286	10.370895385742188	18051.536030054092
1572	1132.6332591429364	968.62	57.91943359375	0.32462633	0.00023262857142857142	0.0007754285714285714	13.306742191314697	18064.843343019485
1573	1155.000229429907	943.14	58.17626953125	0.32424748	0.00023258571428571426	0.0007752857142857142	15.45294451713562	18080.298139095306
1574	1181.6405731565867	993.02	57.935302734375	0.32418576	0.00023254285714285712	0.0007751428571428572	9.57770562171936	18089.878252983093
1575	1175.0610951498215	999.34	58.443115234375	0.32415	0.00023249999999999999	0.0007750000000000001	9.389329671859741	18099.268185853958
1576	1145.7983607924334	973.66	58.201171875	0.32410958	0.00023245714285714285	0.0007748571428571429	9.55929970741272	18108.828089237213
1577	1167.504613014101	978.35	58.208984375	0.3240672	0.0002324142857142857	0.0007747142857142857	9.435476541519165	18118.266011714935
1578	1230.2377661355051	1014.85	58.2177734375	0.3240222	0.00023237142857142855	0.0007745714285714286	9.392598390579224	18127.659186840057
1579	1176.124409948121	978.02	58.225830078125	0.32398212	0.00023232857142857141	0.0007744285714285715	9.764047145843506	18137.425080299377
1580	1161.8229508162583	967.23	58.233642578125	0.32363334	0.00023228571428571425	0.0007742857142857142	13.187256813049316	18150.61244869232
1581	1153.0485960765416	974.38	58.237548828125	0.32362998	0.00023224285714285712	0.0007741428571428571	9.480232000350952	18160.096043109894
1582	1183.3195860863223	970.19	58.74755859375	0.323037	0.00023219999999999998	0.0007740000000000001	15.16706657409668	18175.263355493546
1583	1205.2576410419272	991.9	58.755615234375	0.32307532	0.00023215714285714282	0.0007738571428571429	9.603389501571655	18184.869105815887
1584	1213.1303118958756	991.9	58.261474609375	0.3230778	0.00023211428571428568	0.0007737142857142857	9.874938011169434	18194.746112823486
1585	1172.0039426857988	983.24	58.020263671875	0.3230838	0.00023207142857142854	0.0007735714285714286	13.065807104110718	18207.812474489212
1586	1156.4414624865392	971.57	58.279296875	0.32308745	0.0002320285714285714	0.0007734285714285715	11.461225986480713	18219.275279045105
1587	1147.1359737101097	970.13	58.287353515625	0.32308853	0.0002319857142857143	0.0007732857142857144	9.518739938735962	18228.794206380844
1588	1183.2314656108117	985.3	58.279541015625	0.32308558	0.0002319428571428571	0.0007731428571428571	9.457650899887085	18238.253404855728
1589	1142.1096323676759	971.18	58.30078125	0.32268885	0.0002319	0.000773	17.297118663787842	18255.551103830338
1590	1151.6562065082057	981.2	58.3095703125	0.3226293	0.00023185714285714286	0.000772857142857143	9.647531032562256	18265.200011968613
1591	1168.8841245058948	974.44	58.304931640625	0.3226067	0.00023181428571428567	0.0007727142857142858	9.383073329925537	18274.583694934845
1592	1160.4759735254809	956.31	58.326416015625	0.32258612	0.00023177142857142856	0.0007725714285714286	9.90291953086853	18284.48724579811
1593	1189.1561943434508	977.62	58.33447265625	0.32256562	0.00023172857142857143	0.0007724285714285715	10.145129680633545	18294.633954286575
1594	1145.7370734688955	958.42	58.32763671875	0.32254243	0.00023168571428571426	0.0007722857142857143	9.41345477104187	18304.047939538956
1595	1175.2408919759928	984.85	58.601318359375	0.32251906	0.00023164285714285713	0.0007721428571428572	10.120866775512695	18314.170674085617
1596	1142.727706506844	962.13	58.357177734375	0.3224951	0.0002316	0.000772	9.497205972671509	18323.668524980545
1597	1170.3314799550158	981.88	58.616943359375	0.32225755	0.00023155714285714283	0.0007718571428571428	12.803982734680176	18336.473937511444
1598	1155.2570866521194	961.38	58.373291015625	0.32225087	0.0002315142857142857	0.0007717142857142857	10.065224885940552	18346.539726495743
1599	1180.929928636439	978.43	58.380859375	0.32217845	0.00023147142857142856	0.0007715714285714285	13.49088716506958	18360.03217101097
1600	1101.4165574579017	937.88	58.640625	0.32216927	0.00023142857142857142	0.0007714285714285715	10.333582162857056	18370.36629319191
1601	1165.8804329430436	978.43	58.3984375	0.32216284	0.00023138571428571428	0.0007712857142857144	9.558477878570557	18379.927891492844
1602	1182.4168023771942	994.62	58.404541015625	0.3221545	0.00023134285714285712	0.0007711428571428572	9.54979681968689	18389.47827553749
1603	1112.230372692104	938.52	58.411865234375	0.3221533	0.00023129999999999998	0.000771	9.422908306121826	18398.90257000923
1604	1115.6118462687361	949.86	58.418701171875	0.32215133	0.00023125714285714285	0.0007708571428571429	9.577823638916016	18408.480998516083
1605	1120.8957527971463	939.57	59.1787109375	0.32172534	0.00023121428571428568	0.0007707142857142857	13.132385969161987	18421.614837884903
1606	1101.8059041787849	942.57	58.308349609375	0.3217194	0.00023117142857142855	0.0007705714285714286	9.454777717590332	18431.070172309875
1607	1076.958734769237	931.77	59.068359375	0.32164982	0.0002311285714285714	0.0007704285714285714	13.947489738464355	18445.01946234703
1608	1125.518416601248	960.2	58.573974609375	0.32162926	0.00023108571428571425	0.0007702857142857142	9.676697731018066	18454.697008371353
1609	1099.5210867523901	953.35	55.529052734375	0.3216134	0.0002310428571428571	0.0007701428571428572	10.14077115058899	18464.83833551407
1610	1116.6521364062553	955.68	58.579345703125	0.3216	0.00023099999999999998	0.0007700000000000001	9.470928192138672	18474.311105966568
1611	1121.543438165001	943.03	58.840087890625	0.32159448	0.00023095714285714281	0.0007698571428571428	9.447841167449951	18483.759544610977
1612	1168.2462653036694	974.84	58.605224609375	0.32158846	0.00023091428571428568	0.0007697142857142857	10.163752317428589	18493.92528605461
1613	1146.2791222407393	961.63	58.117431640625	0.32107696	0.00023087142857142854	0.0007695714285714286	13.198860883712769	18507.124850988388
1614	1128.4114171804167	953.97	57.87451171875	0.32077917	0.0002308285714285714	0.0007694285714285715	14.230533123016357	18521.35596370697
1615	1150.1839364453922	965.35	58.13330078125	0.32076284	0.0002307857142857143	0.0007692857142857143	9.932408094406128	18531.290248155594
1616	1183.781294044465	1001.91	58.139404296875	0.32075134	0.0002307428571428571	0.0007691428571428571	9.398597955703735	18540.68941783905
1617	1185.5342340763948	976.98	58.644287109375	0.32073846	0.0002307	0.000769	9.490965604782104	18550.184120178223
1618	1231.6633243205356	1004.04	58.65478515625	0.32071975	0.00023065714285714286	0.000768857142857143	9.533609867095947	18559.718310832977
1619	1228.9437647967904	1003.83	59.164794921875	0.32069644	0.0002306142857142857	0.0007687142857142857	9.393834829330444	18569.113610744476
1620	1156.0878175639684	961.13	57.680419921875	0.3206776	0.00023057142857142856	0.0007685714285714286	9.581676721572876	18578.696031332016
1621	1179.9726148858474	979.39	58.180419921875	0.31988546	0.00023052857142857143	0.0007684285714285715	14.26735258102417	18592.963968992233
1622	1175.6748499086973	976.52	58.438720703125	0.3198774	0.00023048571428571426	0.0007682857142857143	9.588475704193115	18602.554286003113
1623	1193.626676346358	981.36	58.443603515625	0.3198574	0.00023044285714285713	0.0007681428571428571	10.073189735412598	18612.628049135208
1624	1245.8829140936625	1013.8	59.20263671875	0.31983426	0.0002304	0.000768	9.451451778411865	18622.081730127335
1625	1170.3114268092747	972.94	57.960693359375	0.31981757	0.00023035714285714283	0.0007678571428571428	9.42780327796936	18631.51016163826
1626	1186.4437921522344	989.51	58.217529296875	0.3198054	0.0002303142857142857	0.0007677142857142857	9.417100667953491	18640.929164648056
1627	1157.676024042846	956.86	59.2265625	0.3197881	0.00023027142857142855	0.0007675714285714285	9.908916473388672	18650.83869409561
1628	1186.4869843571898	991.46	58.4853515625	0.31971058	0.00023022857142857142	0.0007674285714285715	9.524037599563599	18660.36577105522
1629	1167.4094695493013	975.5	59.2431640625	0.3191298	0.00023018571428571428	0.0007672857142857144	14.459883689880371	18674.82634806633
1630	1151.4418812658291	977.05	58.237548828125	0.31903937	0.00023014285714285712	0.0007671428571428572	9.620115280151367	18684.447072982788
1631	1189.8701127020875	980.29	59.009033203125	0.31899828	0.00023009999999999998	0.000767	9.45384168624878	18693.903921842575
1632	1175.9562048506164	980.57	57.525146484375	0.3189569	0.00023005714285714285	0.0007668571428571429	9.955415725708008	18703.85994529724
1633	1177.0375778581872	978.36	59.025146484375	0.318912	0.00023001428571428568	0.0007667142857142857	9.464761972427368	18713.328051805496
1634	1166.4321387634318	986.02	59.28271484375	0.31886062	0.00022997142857142855	0.0007665714285714286	9.428432941436768	18722.756695508957
1635	1117.2911760798675	945.55	59.27685546875	0.31880733	0.0002299285714285714	0.0007664285714285714	9.948567867279053	18732.70752310753
1636	1154.9652086307703	961.74	58.546630859375	0.31876257	0.00022988571428571425	0.0007662857142857142	9.474489688873291	18742.182227134705
1637	1172.3369229805398	984.37	59.305419921875	0.31862333	0.0002298428571428571	0.0007661428571428572	9.550925016403198	18751.734647750854
1638	1149.6671319342101	967.56	58.300537109375	0.3184763	0.00022979999999999997	0.0007660000000000001	13.446796894073486	18765.18211865425
1639	1202.4370883922627	992.72	59.565673828125	0.3184821	0.0002297571428571428	0.0007658571428571428	9.632017374038696	18774.814754009247
1640	1173.3447159153739	987.0	58.329833984375	0.31836638	0.00022971428571428568	0.0007657142857142857	15.136956930160522	18789.953167676926
1641	1146.973443653095	975.89	58.338134765625	0.31834283	0.00022967142857142854	0.0007655714285714286	9.760300159454346	18799.715375185013
1642	1180.1439239859542	979.63	58.345947265625	0.31768385	0.00022962857142857143	0.0007654285714285715	14.474914312362671	18814.19098162651
1643	1184.92115440608	986.46	58.3515625	0.31745493	0.0002295857142857143	0.0007652857142857143	14.641057014465332	18828.83262848854
1644	1208.7191181983105	981.46	58.112548828125	0.31721964	0.0002295428571428571	0.0007651428571428571	15.061490058898926	18843.896077632904
1645	1191.7924553901566	991.92	58.3544921875	0.317208	0.0002295	0.0007650000000000001	10.470126628875732	18854.36841392517
1646	1235.764131795042	1011.85	58.375244140625	0.31693074	0.00022945714285714286	0.000764857142857143	15.271275758743286	18869.641252040863
1647	1170.319935491205	975.76	58.38427734375	0.31661722	0.0002294142857142857	0.0007647142857142857	15.578222274780273	18885.221842765808
1648	1194.8894722421326	992.57	57.650146484375	0.31642446	0.00022937142857142856	0.0007645714285714286	15.490434885025024	18900.715352535248
1649	1193.7643599702506	997.49	58.3984375	0.31594482	0.00022932857142857142	0.0007644285714285715	15.568345785140991	18916.285985469818
1650	1202.4992713374552	996.51	58.394287109375	0.31591186	0.00022928571428571426	0.0007642857142857142	9.584402084350586	18925.872529745102
1651	1227.0807328189526	1006.19	58.665771484375	0.3152842	0.00022924285714285712	0.0007641428571428571	14.450416803359985	18940.323559761047
1652	1198.770483474306	993.88	59.174072265625	0.3152841	0.0002292	0.000764	9.652926206588745	18949.98150062561
1653	1197.7200806285452	996.77	58.670654296875	0.31525385	0.00022915714285714282	0.0007638571428571428	9.534209966659546	18959.517514944077
1654	1176.756788281047	990.18	58.439697265625	0.3150053	0.0002291142857142857	0.0007637142857142856	14.776942729949951	18974.29507803917
1655	1178.3307492326762	979.05	58.697509765625	0.31497923	0.00022907142857142855	0.0007635714285714286	9.595961570739746	18983.894011974335
1656	1223.3553609626788	1008.95	58.705322265625	0.31442037	0.00022902857142857142	0.0007634285714285715	14.361894369125366	18998.257195711136
1657	1165.1385336894125	973.32	58.463134765625	0.31436923	0.00022898571428571428	0.0007632857142857144	9.623453617095947	19007.881211042404
1658	1204.8947155901517	991.49	58.47119140625	0.31438956	0.00022894285714285712	0.0007631428571428571	14.031371355056763	19021.915244102478
1659	1217.3917922153557	1001.13	59.4765625	0.31433997	0.00022889999999999998	0.000763	9.66325068473816	19031.579328536987
1660	1178.8914571497241	977.79	58.73681640625	0.31431842	0.00022885714285714284	0.0007628571428571429	9.65480351448059	19041.234654664993
1661	1175.4897583493316	966.84	58.74462890625	0.31429288	0.00022881428571428568	0.0007627142857142857	9.443441390991211	19050.680218458176
1662	1201.3305737167536	1003.29	59.50341796875	0.3142633	0.00022877142857142854	0.0007625714285714285	9.483824253082275	19060.16459274292
1663	1240.3345919982864	1009.63	59.011474609375	0.31423467	0.0002287285714285714	0.0007624285714285715	9.535831928253174	19069.70318722725
1664	1216.305760430838	997.66	59.00927734375	0.31421113	0.00022868571428571425	0.0007622857142857143	9.443759202957153	19079.147504091263
1665	1218.3977335113107	1007.39	59.027099609375	0.31419227	0.0002286428571428571	0.0007621428571428572	9.465972185134888	19088.615477323532
1666	1237.3223829199121	1009.41	55.9775390625	0.31416455	0.00022859999999999997	0.000762	9.52116346359253	19098.13724708557
1667	1151.3649881612262	953.14	58.776123046875	0.31402737	0.0002285571428571428	0.0007618571428571428	9.610345840454102	19107.75055718422
1668	1189.5960540010026	1011.2	58.799560546875	0.31398773	0.00022851428571428567	0.0007617142857142857	9.382085800170898	19117.13317513466
1669	1200.651697361593	993.52	59.30712890625	0.31394628	0.00022847142857142854	0.0007615714285714286	9.92599105834961	19127.061431884766
1670	1209.7512929174827	1004.48	58.0751953125	0.3139056	0.00022842857142857143	0.0007614285714285714	9.479656457901001	19136.54168200493
1671	1211.3850671875514	999.14	57.834716796875	0.31386063	0.0002283857142857143	0.0007612857142857143	9.388101577758789	19145.931572198868
1672	1189.985097246221	991.11	59.33056640625	0.31382063	0.00022834285714285713	0.0007611428571428572	9.939377307891846	19155.871720790863
1673	1232.9997715595857	1012.32	60.096923828125	0.3137846	0.0002283	0.0007610000000000001	9.398129224777222	19165.27049446106
1674	1188.2414197531825	989.49	58.856689453125	0.31344828	0.00022825714285714286	0.0007608571428571429	12.85679578781128	19178.129585504532
1675	1215.1457535773777	1012.33	59.61669921875	0.31344065	0.0002282142857142857	0.0007607142857142857	9.504110097885132	19187.63436317444
1676	1170.9166058087	986.05	58.874267578125	0.3130581	0.00022817142857142856	0.0007605714285714286	13.38000226020813	19201.014986038208
1677	1185.5123189409333	974.62	58.636962890625	0.31298432	0.00022812857142857142	0.0007604285714285715	9.56517243385315	19210.582188129425
1678	1200.318680149289	977.71	59.147216796875	0.31295845	0.00022808571428571426	0.0007602857142857142	9.51839303970337	19220.101159334183
1679	1229.49833879523	1015.1	59.15673828125	0.3129348	0.00022804285714285712	0.0007601428571428571	9.38339638710022	19229.486812353134
1680	1181.723101269101	982.94	58.91650390625	0.31290653	0.00022799999999999999	0.00076	15.22842288017273	19244.715965509415
1681	1249.490311995295	1009.11	59.17626953125	0.31288284	0.00022795714285714285	0.000759857142857143	9.859451532363892	19254.57775759697
1682	1192.5219355431148	980.41	58.93505859375	0.31285843	0.00022791428571428569	0.0007597142857142857	9.416149616241455	19263.994575977325
1683	1204.5045391975382	996.73	59.196044921875	0.31283662	0.00022787142857142855	0.0007595714285714286	9.922094106674194	19273.91725206375
1684	1230.8529451888398	1001.12	59.2060546875	0.3128095	0.00022782857142857141	0.0007594285714285715	9.476598501205444	19283.395629644394
1685	1223.6111325202414	1014.88	59.2138671875	0.31278142	0.00022778571428571428	0.0007592857142857144	9.426390647888184	19292.822585344315
1686	1240.3429340559271	1012.74	59.223876953125	0.31274727	0.00022774285714285711	0.0007591428571428571	9.961642980575562	19302.786670446396
1687	1257.8217868547026	1018.16	58.73388671875	0.31241122	0.00022769999999999998	0.000759	12.173777103424072	19314.96107530594
1688	1222.613427597858	997.24	58.99267578125	0.3121151	0.00022765714285714284	0.0007588571428571429	10.004517793655396	19324.969505548477
1689	1258.8105683592753	1021.44	59.25390625	0.31206837	0.00022761428571428568	0.0007587142857142857	9.916377305984497	19334.88645029068
1690	1222.428249326963	1007.08	59.763427734375	0.312024	0.00022757142857142854	0.0007585714285714285	9.452394485473633	19344.340284585953
1691	1201.652888129231	996.24	59.759765625	0.31198207	0.0002275285714285714	0.0007584285714285715	9.41074538230896	19353.75159931183
1692	1201.5708474774708	997.54	59.783203125	0.3119474	0.00022748571428571424	0.0007582857142857143	9.826154708862305	19363.579574108124
1693	1242.9045945194955	1008.28	59.294189453125	0.31160942	0.0002274428571428571	0.0007581428571428572	13.418029069900513	19376.99817609787
1694	1234.587628132247	1016.34	58.5537109375	0.3112089	0.00022739999999999997	0.000758	12.764699935913086	19389.765172958374
1695	1220.162902776672	1007.0	59.3125	0.31120047	0.00022735714285714286	0.0007578571428571429	9.441422700881958	19399.20728445053
1696	1239.958340791205	1005.28	58.831298828125	0.3111883	0.00022731428571428567	0.0007577142857142857	9.38718843460083	19408.595076322556
1697	1222.6568801787407	1007.2	58.833251953125	0.31085768	0.00022727142857142854	0.0007575714285714286	13.365852117538452	19421.962779521942
1698	1221.3130089411013	995.86	59.57958984375	0.31085977	0.00022722857142857143	0.0007574285714285714	9.436462163925171	19431.399798631668
1699	1220.2302762029221	993.15	58.853271484375	0.31065747	0.0002271857142857143	0.0007572857142857144	14.09046196937561	19445.49210214615
1700	1211.5472866425332	997.8	59.11181640625	0.3105667	0.00022714285714285713	0.0007571428571428572	10.130690574645996	19455.623420715332
1701	1235.4097340588917	1007.94	59.62255859375	0.3105345	0.0002271	0.000757	9.523723363876343	19465.14899945259
1702	1203.7290595216682	998.04	59.618896484375	0.3104969	0.00022705714285714285	0.0007568571428571429	9.40755844116211	19474.5567343235
1703	1213.652163024794	992.42	60.142822265625	0.3104642	0.0002270142857142857	0.0007567142857142857	9.91409420967102	19484.47144675255
1704	1185.6446313840204	991.93	60.15234375	0.31042823	0.00022697142857142856	0.0007565714285714286	9.746071100234985	19494.2190451622
1705	1239.5181329798177	1014.68	59.1572265625	0.31032494	0.00022692857142857142	0.0007564285714285714	9.584887266159058	19503.804488897324
1706	1217.9416456446233	997.04	59.671630859375	0.3103015	0.00022688571428571426	0.0007562857142857142	9.962205410003662	19513.768512010574
1707	1188.077339848621	992.26	59.430419921875	0.31027767	0.00022684285714285712	0.0007561428571428571	9.44711971282959	19523.216173648834
1708	1210.0252204007315	991.36	60.191650390625	0.31025645	0.00022679999999999998	0.000756	9.41130256652832	19532.628870487213
1709	1225.5318624125598	1007.43	59.951171875	0.31023654	0.00022675714285714285	0.0007558571428571429	9.714958906173706	19542.344458580017
1710	1216.155248586519	993.39	59.948486328125	0.31022057	0.0002267142857142857	0.0007557142857142858	9.736350059509277	19552.082324028015
1711	1164.726523251789	969.12	59.71826171875	0.3101224	0.00022667142857142855	0.0007555714285714286	9.577406644821167	19561.660389900208
1712	1228.6205988635943	1018.09	59.730224609375	0.3097076	0.0002266285714285714	0.0007554285714285715	15.052266836166382	19576.713263511658
1713	1203.0264359404998	1001.05	59.739990234375	0.30928674	0.00022658571428571428	0.0007552857142857143	14.012951850891113	19590.72818517685
1714	1191.151671232474	996.99	59.7490234375	0.30926195	0.0002265428571428571	0.0007551428571428571	9.59572434425354	19600.32410812378
1715	1190.7966504824583	972.77	60.506103515625	0.3092556	0.00022649999999999998	0.000755	9.868717908859253	19610.193382263184
1716	1221.5938461143883	1013.83	59.76953125	0.3092514	0.00022645714285714284	0.0007548571428571429	9.416623592376709	19619.611481666565
1717	1200.4938096646217	997.15	60.028076171875	0.309244	0.00022641428571428568	0.0007547142857142856	9.406211376190186	19629.017881393433
1718	1156.8772568844722	980.45	60.289306640625	0.30923486	0.00022637142857142854	0.0007545714285714286	9.581846952438354	19638.602543354034
1719	1191.720606692334	1000.87	60.04931640625	0.30887285	0.0002263285714285714	0.0007544285714285715	15.21403431892395	19653.817210435867
1720	1202.254045131216	1007.15	60.308837890625	0.30883032	0.00022628571428571424	0.0007542857142857143	10.1450674533844	19663.964579582214
1721	1195.113173970006	1006.36	60.06591796875	0.3088088	0.0002262428571428571	0.0007541428571428571	9.500349998474121	19673.465514183044
1722	1165.5491457629919	989.15	60.07861328125	0.3087904	0.00022619999999999997	0.000754	9.442736387252808	19682.909764528275
1723	1139.1470755620308	949.85	60.08837890625	0.3087705	0.00022615714285714286	0.0007538571428571429	9.905710458755493	19692.816069364548
1724	1191.6871413390236	990.95	56.54443359375	0.3087557	0.00022611428571428572	0.0007537142857142858	9.484286069869995	19702.3022646904
1725	1155.8192255324345	975.41	60.074951171875	0.3087427	0.00022607142857142856	0.0007535714285714285	9.893409252166748	19712.196286678314
1726	1209.5546093366377	1006.37	59.61865234375	0.30872968	0.00022602857142857142	0.0007534285714285715	9.424917221069336	19721.622899770737
1727	1200.6875768628768	993.78	59.377197265625	0.30857572	0.0002259857142857143	0.0007532857142857144	10.132175922393799	19731.755667209625
1728	1179.891681519662	967.96	58.896484375	0.30848023	0.00022594285714285712	0.0007531428571428572	9.548274040222168	19741.305290222168
1729	1212.1676291458966	1003.09	59.897705078125	0.3080639	0.0002259	0.000753	15.246891975402832	19756.55278801918
1730	1161.8414097086115	968.96	58.914794921875	0.30803725	0.00022585714285714285	0.0007528571428571429	9.639346361160278	19766.194591760635
1731	1220.8672949979489	1010.09	59.666748046875	0.3075935	0.0002258142857142857	0.0007527142857142857	14.930505275726318	19781.125667333603
1732	1211.5120711721972	1002.92	59.667724609375	0.30758458	0.00022577142857142855	0.0007525714285714286	9.571396350860596	19790.699222564697
1733	1198.4304316228117	994.47	59.436279296875	0.30752	0.00022572857142857142	0.0007524285714285714	9.608677387237549	19800.30992460251
1734	1196.1048133459733	1002.58	60.0693359375	0.30749914	0.00022568571428571425	0.0007522857142857142	9.374247550964355	19809.68475151062
1735	1195.7480447391195	982.18	60.326171875	0.30747473	0.00022564285714285712	0.0007521428571428571	9.505625009536743	19819.19220495224
1736	1216.4215852755935	1016.18	60.3349609375	0.30745336	0.00022559999999999998	0.0007520000000000001	9.44734239578247	19828.640143871307
1737	1225.637576310696	1005.03	60.343017578125	0.30743107	0.00022555714285714285	0.0007518571428571429	9.440701723098755	19838.08273458481
1738	1210.329846126024	996.23	60.347900390625	0.3074098	0.0002255142857142857	0.0007517142857142858	9.446016073226929	19847.529369831085
1739	1176.6714649777307	991.67	60.85791015625	0.30703515	0.00022547142857142855	0.0007515714285714286	14.097530603408813	19861.628764867783
1740	1203.8837703674108	983.05	61.11669921875	0.30689237	0.0002254285714285714	0.0007514285714285715	9.732871770858765	19871.36226773262
1741	1209.610314019876	990.31	60.12451171875	0.3067398	0.00022538571428571427	0.0007512857142857143	9.734235048294067	19881.099637508392
1742	1219.7015309879719	998.8	60.88330078125	0.30670667	0.0002253428571428571	0.0007511428571428571	9.42820692062378	19890.528386831284
1743	1185.0056863696448	975.19	61.39111328125	0.30667087	0.00022529999999999997	0.000751	9.455389499664307	19899.98579621315
1744	1236.6916018219026	1004.99	61.39697265625	0.30663726	0.00022525714285714284	0.000750857142857143	9.581404685974121	19909.567778348923
1745	1196.9660090074717	995.11	60.9072265625	0.3066069	0.00022521428571428567	0.0007507142857142857	9.435023784637451	19919.00518655777
1746	1181.2524962845664	966.83	61.414794921875	0.30657488	0.00022517142857142854	0.0007505714285714286	9.43223786354065	19928.43801522255
1747	1219.069395855906	1001.1	61.422607421875	0.30607304	0.0002251285714285714	0.0007504285714285715	15.254435777664185	19943.694328069687
1748	1233.19768377265	1009.67	61.430419921875	0.30605146	0.00022508571428571424	0.0007502857142857142	9.556990146636963	19953.25315141678
1749	1194.2643248986724	999.19	61.438232421875	0.30547535	0.0002250428571428571	0.0007501428571428571	15.058051347732544	19968.311831474304
1750	1225.9531863467955	1003.91	61.446533203125	0.3053555	0.000225	0.00075	9.726041555404663	19978.0398311615
1751	1194.812764645125	978.33	61.452880859375	0.30531618	0.0002249571428571428	0.0007498571428571428	9.410904169082642	19987.452044010162
1752	1195.4153320348803	988.32	61.4609375	0.30527103	0.00022491428571428572	0.0007497142857142858	9.835730791091919	19997.288348913193
1753	1169.5798204696052	974.2	61.21875	0.3052317	0.00022487142857142856	0.0007495714285714285	9.47546648979187	20006.76570725441
1754	1247.1215292111267	1024.0	61.4765625	0.30519488	0.00022482857142857142	0.0007494285714285715	9.399060249328613	20016.165322065353
1755	1164.3061150755182	996.77	61.482421875	0.30515423	0.00022478571428571429	0.0007492857142857144	9.92473816871643	20026.09184861183
1756	1199.7508273509407	1008.48	61.4921875	0.30497435	0.00022474285714285712	0.0007491428571428571	9.74958086013794	20035.841601610184
1757	1197.1204369823695	986.71	61.500244140625	0.30490497	0.0002247	0.000749	9.570910692214966	20045.414158582687
1758	1206.3242050500107	995.24	61.508544921875	0.30489275	0.00022465714285714285	0.0007488571428571429	9.968542575836182	20055.383252859116
1759	1215.413413068127	1007.56	61.516845703125	0.304875	0.0002246142857142857	0.0007487142857142857	9.479842185974121	20064.864572286606
1760	1216.649072088911	1005.15	61.52490234375	0.3048536	0.00022457142857142855	0.0007485714285714285	9.43241810798645	20074.297577142715
1761	1231.8700094620917	1009.88	61.532470703125	0.30483422	0.00022452857142857141	0.0007484285714285714	10.61735725402832	20084.917135953903
1762	1227.7382672109693	1001.94	61.54052734375	0.3048094	0.00022448571428571425	0.0007482857142857142	9.78380012512207	20094.701534748077
1763	1221.0305740850367	998.91	61.54736328125	0.30478498	0.00022444285714285714	0.0007481428571428573	9.433607339859009	20104.1366417408
1764	1203.54095035126	1000.53	61.556396484375	0.3047607	0.00022439999999999998	0.000748	10.129319667816162	20114.26654815674
1765	1240.0844770784413	999.95	61.563232421875	0.30406	0.00022435714285714282	0.0007478571428571428	14.602420330047607	20128.870824813843
1766	1223.373437959969	1005.15	61.071044921875	0.30403566	0.0002243142857142857	0.0007477142857142858	9.529836893081665	20138.403039693832
1767	1202.9042637714085	982.43	61.329833984375	0.30353597	0.00022427142857142854	0.0007475714285714286	14.283912897109985	20152.687620401382
1768	1176.1459992485509	974.25	61.336669921875	0.30320916	0.0002242285714285714	0.0007474285714285714	13.542779684066772	20166.231333732605
1769	1194.2892088332085	1004.61	61.345703125	0.3031458	0.00022418571428571427	0.0007472857142857143	10.179694652557373	20176.41162443161
1770	1218.8961912266568	1008.02	60.861328125	0.30306318	0.0002241428571428571	0.0007471428571428571	9.73970103263855	20186.153161287308
1771	1215.118972117098	1000.03	61.361328125	0.30304733	0.00022409999999999997	0.000747	9.46964144706726	20195.623418092728
1772	1229.5584279332286	999.83	61.614013671875	0.3030286	0.00022405714285714284	0.0007468571428571429	9.917335510253906	20205.541383743286
1773	1269.3989825229391	1015.0	61.625732421875	0.30301067	0.00022401428571428567	0.0007467142857142857	9.818644762039185	20215.361483573914
1774	1224.4808653527562	1000.41	61.6337890625	0.30299714	0.00022397142857142854	0.0007465714285714286	9.410501956939697	20224.77255296707
1775	1200.8553603622154	1000.78	61.636962890625	0.3029869	0.0002239285714285714	0.0007464285714285715	9.90621542930603	20234.680708169937
1776	1175.1302368439165	975.32	61.650390625	0.3024833	0.00022388571428571424	0.0007462857142857142	15.178656339645386	20249.85992527008
1777	1237.1034428201265	1010.7	61.658203125	0.30198893	0.00022384285714285716	0.0007461428571428572	15.931745290756226	20265.79332590103
1778	1229.5661527976197	1001.04	61.666259765625	0.3019527	0.0002238	0.000746	9.607355833053589	20275.402206659317
1779	1223.0838410899923	1000.18	61.674072265625	0.3013937	0.0002237571428571428	0.0007458571428571428	14.35781478881836	20289.76059603691
1780	1228.5652631371738	994.28	61.181884765625	0.30135974	0.00022371428571428572	0.0007457142857142857	9.764231443405151	20299.52730846405
1781	1236.9735642528524	1004.38	57.1357421875	0.30135056	0.00022367142857142856	0.0007455714285714286	9.423627853393555	20308.951494455338
1782	1217.1666138504693	989.01	60.632080078125	0.3013384	0.00022362857142857142	0.0007454285714285715	9.430420637130737	20318.38428092003
1783	1232.9753724856869	1009.67	60.9521484375	0.30132362	0.00022358571428571428	0.0007452857142857144	9.526851654052734	20327.91171526909
1784	1216.263062205744	1003.02	59.963134765625	0.30130938	0.00022354285714285712	0.0007451428571428571	9.568489789962769	20337.484206676483
1785	1275.487418690499	1021.34	59.970703125	0.30129543	0.00022349999999999998	0.000745	9.401105403900146	20346.885903596878
1786	1209.2291870308065	997.69	60.21533203125	0.30128577	0.00022345714285714285	0.0007448571428571429	9.888836145401001	20356.776556253433
1787	1206.6683017654425	1006.91	60.236572265625	0.3012773	0.00022341428571428569	0.0007447142857142857	9.459030866622925	20366.236129522324
1788	1202.2268440008374	994.96	60.244384765625	0.3008454	0.00022337142857142855	0.0007445714285714285	14.591801166534424	20380.83013176918
1789	1170.7174780818468	977.79	60.253173828125	0.30076563	0.0002233285714285714	0.0007444285714285714	14.543485164642334	20395.37556052208
1790	1225.109358127647	1013.37	60.2607421875	0.3007581	0.00022328571428571425	0.0007442857142857143	26.90622353553772	20422.282383918762
1791	1234.2956039040264	1000.62	59.764892578125	0.30075803	0.00022324285714285714	0.0007441428571428573	9.40660309791565	20431.691557645798
1792	1233.6024178107778	1008.12	60.277099609375	0.3008223	0.00022319999999999998	0.000744	9.70567512512207	20441.397864818573
1793	1230.933763215684	1013.06	60.27099609375	0.30081213	0.00022315714285714284	0.0007438571428571429	10.113050699234009	20451.512582063675
1794	1218.9818384998125	997.71	60.29345703125	0.3004519	0.0002231142857142857	0.0007437142857142858	13.944520473480225	20465.45764684677
1795	1206.402820812183	986.91	60.30126953125	0.30042621	0.00022307142857142854	0.0007435714285714286	10.151657342910767	20475.610753297806
1796	1263.006937251846	1022.23	60.305419921875	0.30041993	0.0002230285714285714	0.0007434285714285714	9.503329277038574	20485.11468720436
1797	1254.408546743349	1017.97	60.315185546875	0.30041018	0.00022298571428571427	0.0007432857142857143	9.408602952957153	20494.52548265457
1798	1264.4160221038535	1015.4	60.4482421875	0.30039734	0.0002229428571428571	0.0007431428571428571	9.868427276611328	20504.394471406937
1799	1232.8620792810484	1016.23	60.4560546875	0.3003814	0.00022289999999999997	0.0007430000000000001	9.504043817520142	20513.89999771118
1800	1208.2853139814908	1000.73	60.449951171875	0.3003722	0.00022285714285714283	0.0007428571428571429	9.45335054397583	20523.35394525528
1801	1169.19307072946	987.22	60.4716796875	0.30032372	0.00022281428571428567	0.0007427142857142857	10.114133358001709	20533.47044825554
1802	1222.855539169066	1004.23	60.479736328125	0.30002227	0.00022277142857142853	0.0007425714285714286	14.457398176193237	20547.92796087265
1803	1247.8149531903364	1018.93	60.4873046875	0.29999825	0.00022272857142857143	0.0007424285714285714	9.512303590774536	20557.441634655
1804	1198.183945036411	993.66	60.4951171875	0.299537	0.00022268571428571423	0.0007422857142857142	20.43303632736206	20577.875228881836
1805	1260.8611567477442	1011.6	60.503173828125	0.29903862	0.00022264285714285715	0.0007421428571428572	14.914472818374634	20592.791727542877
1806	1266.7771464792654	1023.78	60.510986328125	0.29892126	0.0002226	0.000742	9.602367401123047	20602.395490407944
1807	1255.8230275987983	1024.0	60.512939453125	0.29887643	0.00022255714285714285	0.0007418571428571428	9.419479608535767	20611.815534830093
1808	1215.0210702338475	995.09	60.52783203125	0.29884157	0.00022251428571428572	0.0007417142857142858	9.426315307617188	20621.243740797043
1809	1225.1832625081408	1002.19	60.533203125	0.2988058	0.00022247142857142855	0.0007415714285714286	9.580589294433594	20630.82493162155
1810	1230.8551889670798	986.13	60.54345703125	0.29877514	0.00022242857142857142	0.0007414285714285715	9.416677951812744	20640.243245124817
1811	1226.3284258331921	1007.67	60.55126953125	0.29874307	0.00022238571428571428	0.0007412857142857143	9.395698308944702	20649.639514923096
1812	1223.886798254729	1010.3	60.559326171875	0.29870906	0.00022234285714285712	0.0007411428571428571	9.49396562576294	20659.135870456696
1813	1221.6842569950277	988.13	60.567626953125	0.29846016	0.00022229999999999998	0.000741	14.821845293045044	20673.957961797714
1814	1193.1368438311092	998.74	60.57373046875	0.29846805	0.00022225714285714285	0.0007408571428571429	10.170870780944824	20684.130722522736
1815	1244.9502074636925	1010.09	60.581787109375	0.2981898	0.00022221428571428568	0.0007407142857142856	14.218821048736572	20698.349762678146
1816	1191.5180384650998	992.76	60.58984375	0.29778108	0.00022217142857142855	0.0007405714285714285	14.757131814956665	20713.10898208618
1817	1235.9521807389779	1004.55	60.59765625	0.29778424	0.0002221285714285714	0.0007404285714285715	9.431679964065552	20722.542521953583
1818	1232.522153259277	993.13	60.1005859375	0.29774025	0.00022208571428571425	0.0007402857142857143	9.607047319412231	20732.150180101395
1819	1242.5815679242528	1009.62	61.113525390625	0.29770777	0.00022204285714285714	0.0007401428571428572	9.439805746078491	20741.591469049454
1820	1275.2427303144823	1023.39	61.11474609375	0.29767513	0.00022199999999999998	0.00074	9.600589752197266	20751.19272875786
1821	1275.4389921403313	1020.91	60.629150390625	0.2976458	0.00022195714285714284	0.0007398571428571429	9.429715871810913	20760.625141620636
1822	1253.537487406717	1012.61	60.636962890625	0.2976217	0.0002219142857142857	0.0007397142857142858	9.447594165802002	20770.073325157166
1823	1203.603556267622	985.96	60.886474609375	0.29759738	0.00022187142857142854	0.0007395714285714285	9.760236501693726	20779.835391044617
1824	1253.3946448744891	1007.37	60.650634765625	0.29707393	0.0002218285714285714	0.0007394285714285714	14.145824193954468	20793.98185992241
1825	1241.3514043812017	1004.71	60.66162109375	0.29701403	0.00022178571428571427	0.0007392857142857144	10.087831974029541	20804.07140660286
1826	1208.4134602637332	997.51	60.66943359375	0.29699293	0.0002217428571428571	0.0007391428571428572	9.92854118347168	20814.000512599945
1827	1264.4533894976935	1008.82	60.67724609375	0.2969769	0.00022169999999999997	0.000739	9.424954652786255	20823.42687511444
1828	1249.6420546684742	1010.09	60.18505859375	0.29696044	0.00022165714285714283	0.0007388571428571429	9.947600364685059	20833.375075101852
1829	1235.1498408485968	1003.52	60.693359375	0.2969422	0.00022161428571428567	0.0007387142857142857	9.436059474945068	20842.813090324402
1830	1206.134356607362	972.73	60.700927734375	0.2969204	0.00022157142857142853	0.0007385714285714286	9.445623636245728	20852.25933790207
1831	1256.6947558712	1021.34	60.708984375	0.2968965	0.00022152857142857142	0.0007384285714285714	9.442280292510986	20861.703464269638
1832	1235.2890658031251	1001.96	60.465576171875	0.29687452	0.00022148571428571423	0.0007382857142857142	9.981870412826538	20871.685971736908
1833	1251.1436332835194	1011.92	60.724609375	0.2967795	0.00022144285714285715	0.0007381428571428572	9.606507062911987	20881.2942943573
1834	1234.855676026185	1002.86	60.7314453125	0.29675114	0.0002214	0.000738	9.410162448883057	20890.704998493195
1835	1212.244410009428	1003.68	60.23388671875	0.29672328	0.00022135714285714285	0.0007378571428571429	9.635015964508057	20900.34223794937
1836	1250.1215274796057	1004.29	60.746826171875	0.29668877	0.00022131428571428572	0.0007377142857142858	9.423202276229858	20909.766060590744
1837	1265.5913264427647	1023.32	60.7548828125	0.2966514	0.00022127142857142855	0.0007375714285714286	9.42004656791687	20919.18804359436
1838	1256.37329778158	1015.64	60.756591796875	0.29661736	0.00022122857142857142	0.0007374285714285715	9.771749496459961	20928.96038889885
1839	1230.001206808191	1010.68	57.7177734375	0.29658142	0.00022118571428571428	0.0007372857142857143	10.014018058776855	20938.976327896118
1840	1250.6566554623664	1024.0	60.499267578125	0.29654503	0.00022114285714285712	0.0007371428571428571	9.438368082046509	20948.41533923149
1841	1248.559676167553	1012.21	60.535400390625	0.29625666	0.00022109999999999998	0.000737	9.876110792160034	20958.29333591461
1842	1240.0773707684543	1006.73	60.544921875	0.29606965	0.00022105714285714284	0.0007368571428571429	9.675570487976074	20967.969475269318
1843	1242.8852792557827	1005.95	60.80126953125	0.29603592	0.00022101428571428568	0.0007367142857142856	9.405310153961182	20977.376233816147
1844	1245.9844071477937	1001.13	61.310791015625	0.29599866	0.00022097142857142857	0.0007365714285714287	9.893795490264893	20987.270725250244
1845	1265.3537675573548	1012.56	60.07666015625	0.29596052	0.0002209285714285714	0.0007364285714285715	9.98842716217041	20997.259755373
1846	1279.8549085831855	1016.33	60.812744140625	0.29592815	0.00022088571428571425	0.0007362857142857143	9.392005681991577	21006.65430831909
1847	1245.9371549640332	1005.18	60.83447265625	0.2958953	0.00022084285714285714	0.0007361428571428572	9.895365715026855	21016.550284147263
1848	1236.957425149657	988.87	60.3427734375	0.295857	0.00022079999999999997	0.000736	9.491191387176514	21026.04442501068
1849	1197.6951063029717	978.1	60.83740234375	0.29567486	0.00022075714285714284	0.0007358571428571429	9.63410758972168	21035.679163217545
1850	1255.6907821433451	1000.13	60.858154296875	0.295624	0.0002207142857142857	0.0007357142857142858	9.954986095428467	21045.635780334473
1851	1236.6316172825793	1010.29	60.865234375	0.29557073	0.00022067142857142854	0.0007355714285714285	9.699292182922363	21055.335686922073
1852	1220.6357950144497	994.38	60.860107421875	0.2955231	0.0002206285714285714	0.0007354285714285714	9.428577423095703	21064.764828681946
1853	1218.0227442544474	1000.7	60.8818359375	0.29547232	0.00022058571428571427	0.0007352857142857144	10.76280951499939	21075.52995944023
1854	1282.7474109993457	1017.73	60.8896484375	0.29543003	0.0002205428571428571	0.0007351428571428571	9.489546060562134	21085.020115613937
1855	1225.8269893803047	999.19	60.8837890625	0.29539308	0.00022049999999999997	0.000735	9.424649715423584	21094.44665670395
1856	1253.3826514463249	1008.54	60.9052734375	0.2952337	0.00022045714285714286	0.0007348571428571429	10.060795545578003	21104.50811982155
1857	1206.4731917928275	984.86	60.91162109375	0.29518992	0.00022041428571428567	0.0007347142857142857	9.630687952041626	21114.140665769577
1858	1233.1818961378356	1010.13	60.905029296875	0.29514956	0.00022037142857142858	0.0007345714285714286	9.407844066619873	21123.54863882065
1859	1254.7066720062073	1009.16	61.178466796875	0.29511717	0.00022032857142857142	0.0007344285714285714	10.029428482055664	21133.579210996628
1860	1230.412522040987	994.01	60.673095703125	0.2950844	0.00022028571428571423	0.0007342857142857142	9.438332319259644	21143.018118858337
1861	1228.8425401721759	996.95	60.4521484375	0.29505357	0.00022024285714285715	0.0007341428571428573	9.413117408752441	21152.43336892128
1862	1228.1609831336596	1007.94	60.9541015625	0.29474515	0.00022019999999999999	0.000734	13.52006721496582	21165.95402789116
1863	1258.521866558366	1017.67	60.964111328125	0.2947418	0.00022015714285714285	0.0007338571428571429	10.978160858154297	21176.93654346466
1864	1222.9882205745387	1001.39	60.723876953125	0.29455903	0.0002201142857142857	0.0007337142857142858	12.70696234703064	21189.64415359497
1865	1215.379350090791	983.2	60.968994140625	0.29417795	0.00022007142857142855	0.0007335714285714286	12.659204483032227	21202.305030584335
1866	1257.5970524367062	999.39	60.49365234375	0.29364944	0.00022002857142857141	0.0007334285714285714	13.11117672920227	21215.416801691055
1867	1247.254919216545	1010.23	60.995361328125	0.29352394	0.00021998571428571428	0.0007332857142857143	12.790000200271606	21228.20879507065
1868	1220.3642420835752	992.13	61.01318359375	0.29352638	0.00021994285714285711	0.0007331428571428571	9.498909711837769	21237.708275556564
1869	1241.1131753270868	1014.43	61.02294921875	0.293169	0.00021989999999999998	0.000733	14.21342945098877	21251.923174142838
1870	1255.0022345667392	1000.81	61.019287109375	0.29307377	0.00021985714285714284	0.0007328571428571428	9.99534559249878	21261.91914486885
1871	1240.124725240167	1006.53	61.04296875	0.29305488	0.00021981428571428568	0.0007327142857142857	9.436217069625854	21271.357328653336
1872	1276.1793485594346	1020.96	60.802734375	0.2930351	0.00021977142857142857	0.0007325714285714287	9.397594451904297	21280.755633354187
1873	1256.121312774981	1016.62	61.048583984375	0.29301265	0.0002197285714285714	0.0007324285714285715	9.804067134857178	21290.560328245163
1874	1215.6814955157229	983.19	61.5712890625	0.2929915	0.00021968571428571424	0.0007322857142857142	9.460950374603271	21300.02325820923
1875	1199.7659065455862	994.14	61.33203125	0.29296535	0.00021964285714285713	0.0007321428571428572	9.378312110900879	21309.40214562416
1876	1259.0325979103766	1016.11	61.078857421875	0.29272637	0.00021959999999999997	0.000732	12.903154850006104	21322.307816267014
1877	1181.2231642788859	972.02	61.1025390625	0.29246116	0.00021955714285714283	0.0007318571428571429	13.037140846252441	21335.345503091812
1878	1245.964400756332	1014.33	61.112548828125	0.29195952	0.0002195142857142857	0.0007317142857142857	14.166474342346191	21349.513796567917
1879	1266.287163885655	1018.07	61.12109375	0.29177862	0.00021947142857142854	0.0007315714285714285	13.892909288406372	21363.407279729843
1880	1234.8561457974042	1003.49	61.130615234375	0.29174635	0.0002194285714285714	0.0007314285714285715	10.056624174118042	21373.466290712357
1881	1224.117644137725	998.41	61.140380859375	0.29165936	0.00021938571428571426	0.0007312857142857144	13.750534296035767	21387.217457056046
1882	1243.034806764549	1003.43	61.150390625	0.2913728	0.0002193428571428571	0.0007311428571428571	9.921565055847168	21397.140697717667
1883	1249.2993466758264	1006.37	60.9052734375	0.29133466	0.00021929999999999996	0.000731	9.86656141281128	21407.00782108307
1884	1242.0989683659054	1013.31	61.169921875	0.2912967	0.00021925714285714285	0.0007308571428571429	9.718373537063599	21416.727992534637
1885	1259.1123537291062	1009.92	60.4375	0.2912569	0.00021921428571428566	0.0007307142857142857	9.410379886627197	21426.138932704926
1886	1223.824884883006	995.17	61.439697265625	0.29121858	0.00021917142857142858	0.0007305714285714286	9.922152042388916	21436.0629093647
1887	1228.7949913414623	1008.84	60.699462890625	0.29092595	0.00021912857142857142	0.0007304285714285714	13.923643589019775	21449.98712325096
1888	1264.5489217378024	1021.08	60.959228515625	0.29046187	0.00021908571428571423	0.0007302857142857142	13.928377866744995	21463.917057037354
1889	1252.5420485516263	1018.97	60.978759765625	0.2899592	0.00021904285714285715	0.0007301428571428573	14.398046016693115	21478.315704345703
1890	1209.0956412519417	1001.07	61.75439453125	0.28956744	0.00021899999999999998	0.00073	14.500190019607544	21492.81806731224
1891	1237.4008263782723	1003.26	60.7783203125	0.289528	0.00021895714285714285	0.0007298571428571429	9.573457956314087	21502.393319129944
1892	1243.350149301081	997.23	60.785888671875	0.28950465	0.0002189142857142857	0.0007297142857142858	9.390805006027222	21511.785551786423
1893	1231.5152014011549	1012.47	61.300537109375	0.28948495	0.00021887142857142855	0.0007295714285714286	9.397526025772095	21521.18366932869
1894	1186.2440695077823	985.51	61.055419921875	0.28945675	0.0002188285714285714	0.0007294285714285714	9.865733861923218	21531.051393032074
1895	1216.2283722593443	1009.95	60.577880859375	0.28943393	0.00021878571428571428	0.0007292857142857143	9.501723766326904	21540.55368733406
1896	1208.8763380478763	992.14	58.2841796875	0.2894085	0.0002187428571428571	0.0007291428571428571	9.416835069656372	21549.97232747078
1897	1242.532067245601	1001.15	61.307861328125	0.2893875	0.00021869999999999998	0.000729	9.634429454803467	21559.607365131378
1898	1202.4312112372404	991.35	61.864501953125	0.28936777	0.00021865714285714284	0.0007288571428571429	9.485400915145874	21569.09428501129
1899	1207.5710281546656	986.7	61.385498046875	0.28923747	0.00021861428571428568	0.0007287142857142857	9.629034519195557	21578.723894119263
1900	1221.3296562512726	1008.16	61.40625	0.28919998	0.00021857142857142857	0.0007285714285714287	9.640417337417603	21588.36602282524
1901	1209.1765903844164	990.8	61.175537109375	0.28916734	0.0002185285714285714	0.0007284285714285715	9.616708755493164	21597.983411073685
1902	1176.1336464258059	961.96	61.435302734375	0.2891342	0.00021848571428571424	0.0007282857142857142	9.504289388656616	21607.489331007004
1903	1218.3174030396344	987.87	61.474853515625	0.28909937	0.00021844285714285713	0.0007281428571428572	9.92574143409729	21617.415684461594
1904	1166.927163410926	947.57	61.49072265625	0.2890714	0.00021839999999999997	0.000728	9.484525918960571	21626.901040315628
1905	1163.421120523994	938.97	61.504638671875	0.28893062	0.00021835714285714283	0.0007278571428571428	10.135028600692749	21637.036613941193
1906	1151.1802137611103	937.37	61.514404296875	0.28889367	0.0002183142857142857	0.0007277142857142857	9.933708667755127	21646.971421957016
1907	1143.754358656633	929.5	61.023193359375	0.28885868	0.00021827142857142853	0.0007275714285714286	9.640504360198975	21656.612554073334
1908	1177.8489527147785	960.95	61.521240234375	0.2888184	0.0002182285714285714	0.0007274285714285715	9.419280529022217	21666.03328061104
1909	1190.3584891006756	970.38	61.5439453125	0.28878435	0.0002181857142857143	0.0007272857142857143	9.887901067733765	21675.92176938057
1910	1161.6606452842364	952.47	61.553466796875	0.2887434	0.0002181428571428571	0.0007271428571428571	9.43336796760559	21685.35703921318
1911	1152.7771459446717	939.74	61.551025390625	0.2887019	0.00021809999999999996	0.000727	9.455037593841553	21694.812690019608
1912	1160.951268825256	948.69	61.5703125	0.28882316	0.00021805714285714285	0.0007268571428571429	14.821097135543823	21709.636113643646
1913	1181.6569029415514	984.1	61.333984375	0.28878215	0.00021801428571428566	0.0007267142857142856	9.617106199264526	21719.254358053207
1914	1206.0509251374237	982.44	61.34326171875	0.28850424	0.00021797142857142858	0.0007265714285714286	14.237009525299072	21733.491987228394
1915	1147.6377683181236	934.12	61.59716796875	0.28851822	0.00021792857142857142	0.0007264285714285714	9.596891641616821	21743.091375350952
1916	1186.654475445371	972.87	61.61376953125	0.28852412	0.00021788571428571428	0.0007262857142857144	9.431896924972534	21752.523835897446
1917	1193.7394006217964	973.01	61.62353515625	0.2885274	0.00021784285714285714	0.0007261428571428572	10.160895347595215	21762.68669104576
1918	1156.6717127015925	958.97	61.14111328125	0.28853253	0.00021779999999999998	0.000726	12.08541989326477	21774.772723197937
1919	1144.4360084445439	951.6	61.64306640625	0.28853774	0.00021775714285714285	0.0007258571428571429	9.420778036117554	21784.1951918602
1920	1187.1476126386801	991.62	61.65185546875	0.2885392	0.0002177142857142857	0.0007257142857142858	9.923928260803223	21794.119712352753
1921	1147.1741256608723	978.21	61.410888671875	0.28799924	0.00021767142857142855	0.0007255714285714285	12.326841115951538	21806.448135852814
1922	1154.4145332460448	947.01	61.658935546875	0.28770855	0.0002176285714285714	0.0007254285714285714	12.727959394454956	21819.17671394348
1923	1119.3196808428138	941.85	61.431396484375	0.28737244	0.00021758571428571427	0.0007252857142857143	10.344792604446411	21829.522547721863
1924	1149.5525601497634	940.33	61.689697265625	0.28734407	0.0002175428571428571	0.0007251428571428571	9.523143291473389	21839.046301603317
1925	1130.4143613247484	951.41	61.685791015625	0.28731552	0.00021749999999999997	0.000725	9.597763538360596	21848.645565748215
1926	1134.6433491735788	945.34	61.58349609375	0.2870634	0.00021745714285714284	0.0007248571428571429	14.121285676956177	21862.76745390892
1927	1174.2439948347612	986.58	61.841552734375	0.2870411	0.00021741428571428567	0.0007247142857142857	9.529103994369507	21872.29837703705
1928	1156.1332269423735	964.64	61.6005859375	0.28666243	0.00021737142857142857	0.0007245714285714287	12.456003665924072	21884.754976511
1929	1148.975289099181	944.52	61.8447265625	0.2866609	0.0002173285714285714	0.0007244285714285714	9.790777921676636	21894.54811811447
1930	1120.121673418172	926.69	61.864990234375	0.28665745	0.00021728571428571427	0.0007242857142857143	9.439932107925415	21903.988610982895
1931	1149.3533518474849	957.41	61.6240234375	0.28654405	0.00021724285714285713	0.0007241428571428572	14.4567129611969	21918.44764304161
1932	1146.3615127328999	963.9	61.879638671875	0.285981	0.00021719999999999997	0.000724	13.698716878890991	21932.148240089417
1933	1137.5855927363743	957.97	61.8896484375	0.28577182	0.00021715714285714283	0.0007238571428571428	14.690183877944946	21946.83899116516
1934	1145.4355331393242	951.14	61.898193359375	0.28535837	0.0002171142857142857	0.0007237142857142858	14.118297100067139	21960.95919561386
1935	1213.3686362299359	991.99	61.405517578125	0.28473347	0.00021707142857142853	0.0007235714285714286	14.834589958190918	21975.79589533806
1936	1138.9020010137294	953.76	61.912109375	0.28470388	0.0002170285714285714	0.0007234285714285715	9.61402153968811	21985.411823511124
1937	1206.128178616949	987.69	61.90771484375	0.28468874	0.00021698571428571429	0.0007232857142857143	9.390950202941895	21994.803380012512
1938	1185.050357742454	972.13	61.927734375	0.28466666	0.0002169428571428571	0.0007231428571428571	9.917921304702759	22004.721835374832
1939	1216.5215888513067	988.12	61.936279296875	0.2846472	0.0002169	0.000723	10.139711380004883	22014.863703727722
1940	1200.2147726004528	993.02	61.94384765625	0.28463018	0.00021685714285714285	0.0007228571428571429	9.391000747680664	22024.255289793015
1941	1250.6210131258233	1009.84	61.95361328125	0.28460976	0.0002168142857142857	0.0007227142857142856	9.894453048706055	22034.15208721161
1942	1217.1589986657536	1001.15	61.94775390625	0.28458965	0.00021677142857142858	0.0007225714285714286	9.394526720046997	22043.54720902443
1943	1206.4751259857799	988.48	61.46923828125	0.28456882	0.00021672857142857141	0.0007224285714285715	9.392568588256836	22052.94161105156
1944	1213.1605173084224	972.74	62.22705078125	0.28455132	0.00021668571428571428	0.0007222857142857144	9.878352642059326	22062.820540189743
1945	1193.811499672639	984.94	61.468505859375	0.28449082	0.00021664285714285714	0.0007221428571428572	9.811222314834595	22072.63397216797
1946	1203.0038765852953	982.41	61.99169921875	0.28444347	0.00021659999999999998	0.000722	9.559826135635376	22082.194371700287
1947	1189.784532816647	967.99	62.000244140625	0.2842655	0.00021655714285714284	0.0007218571428571429	12.94694447517395	22095.142983436584
1948	1220.6399883441222	986.64	62.24462890625	0.28426597	0.0002165142857142857	0.0007217142857142858	9.392748594284058	22104.536308288574
1949	1244.5857239485968	999.53	62.01611328125	0.28404316	0.00021647142857142854	0.0007215714285714285	12.711568355560303	22117.249915122986
1950	1174.6498023478969	973.26	62.02392578125	0.2836269	0.0002164285714285714	0.0007214285714285714	14.21703314781189	22131.46764612198
1951	1217.2751002223154	999.2	62.03173828125	0.28315285	0.00021638571428571427	0.0007212857142857143	12.7565598487854	22144.22651743889
1952	1189.109534565315	974.39	62.287841796875	0.28315017	0.0002163428571428571	0.0007211428571428572	9.984468460083008	22154.21161341667
1953	1228.3278099617767	995.73	62.047607421875	0.28249493	0.00021629999999999997	0.000721	14.500104665756226	22168.712599992752
1954	1234.7040058257478	995.59	59.00146484375	0.28249678	0.00021625714285714284	0.0007208571428571429	9.595310688018799	22178.309665203094
1955	1214.0335548498522	989.32	61.772705078125	0.28249532	0.00021621428571428567	0.0007207142857142857	9.536098957061768	22187.846324443817
1956	1252.246353985883	1004.98	62.819580078125	0.2824922	0.00021617142857142856	0.0007205714285714287	9.394577741622925	22197.243404626846
1957	1228.950467349459	998.82	62.065673828125	0.28248906	0.0002161285714285714	0.0007204285714285714	9.397548198699951	22206.641575574875
1958	1180.029128075865	952.29	62.3359375	0.28248173	0.00021608571428571426	0.0007202857142857143	9.874448537826538	22216.517915010452
1959	1202.397055983428	990.12	62.08154296875	0.28247312	0.00021604285714285713	0.0007201428571428572	9.409534454345703	22225.92800951004
1960	1208.405051940091	975.05	62.353271484375	0.2818133	0.00021599999999999996	0.0007199999999999999	10.92731261253357	22236.85717010498
1961	1190.1751404542465	962.35	61.368896484375	0.2817841	0.00021595714285714283	0.0007198571428571429	9.908049583435059	22246.765778779984
1962	1182.135702152478	976.8	61.607421875	0.2817589	0.00021591428571428572	0.0007197142857142858	9.438335657119751	22256.20632481575
1963	1240.675560907258	994.8	61.6259765625	0.28152785	0.00021587142857142853	0.0007195714285714286	9.754382848739624	22265.96090221405
1964	1239.4692539197272	999.53	61.634765625	0.28148785	0.0002158285714285714	0.0007194285714285714	10.5131676197052	22276.476359128952
1965	1214.4166022517327	982.37	61.640869140625	0.28144616	0.00021578571428571428	0.0007192857142857143	9.400395393371582	22285.877447605133
1966	1193.7855459395314	963.22	61.648681640625	0.28140783	0.0002157428571428571	0.0007191428571428571	9.46438217163086	22295.34243798256
1967	1188.5454764929975	972.05	61.65673828125	0.2810157	0.00021569999999999998	0.000719	10.348088502883911	22305.692679405212
1968	1189.2682766455741	969.02	61.664794921875	0.28096098	0.00021565714285714285	0.0007188571428571428	9.430436849594116	22315.123745441437
1969	1180.40214831182	960.66	61.672607421875	0.28090563	0.00021561428571428569	0.0007187142857142856	9.420480728149414	22324.544867515564
1970	1160.9691999124018	956.84	61.679443359375	0.28084978	0.00021557142857142858	0.0007185714285714287	9.957988262176514	22334.50495171547
1971	1187.3260563119925	979.21	61.6884765625	0.2808016	0.0002155285714285714	0.0007184285714285715	9.414246082305908	22343.919749975204
1972	1145.087723831714	953.73	61.6962890625	0.28075674	0.00021548571428571428	0.0007182857142857143	9.466904878616333	22353.387808084488
1973	1178.7861323935786	962.28	61.704345703125	0.2807118	0.00021544285714285714	0.0007181428571428572	9.976922988891602	22363.365367412567
1974	1169.7461168505151	950.7	62.213134765625	0.28039244	0.00021539999999999998	0.000718	13.007667064666748	22376.37461400032
1975	1217.816402479243	995.41	62.21923828125	0.28039268	0.00021535714285714284	0.0007178571428571429	9.421475887298584	22385.796679973602
1976	1162.7800527700674	948.91	62.228759765625	0.2803913	0.0002153142857142857	0.0007177142857142857	9.926571130752563	22395.725091934204
1977	1233.4241153285332	1008.04	62.23583984375	0.28029484	0.00021527142857142854	0.0007175714285714285	13.810400009155273	22409.5360994339
1978	1208.5882107637829	990.66	62.24462890625	0.28027418	0.0002152285714285714	0.0007174285714285714	9.594103813171387	22419.132020950317
1979	1191.894783851415	971.26	62.251708984375	0.2802595	0.00021518571428571427	0.0007172857142857144	9.468480825424194	22428.60107588768
1980	1199.0309156859264	969.12	62.260498046875	0.28025088	0.0002151428571428571	0.0007171428571428571	9.421430110931396	22438.024357557297
1981	1209.512680576088	981.52	62.268798828125	0.28024513	0.0002151	0.0007170000000000001	9.406339168548584	22447.43130660057
1982	1151.4996338711783	951.54	62.276611328125	0.2802348	0.00021505714285714283	0.0007168571428571429	10.008939981460571	22457.442954540253
1983	1140.0401829263449	955.24	62.284423828125	0.2802211	0.00021501428571428567	0.0007167142857142857	9.420685529708862	22466.8642745018
1984	1112.2490215378843	931.31	62.291259765625	0.28020713	0.00021497142857142856	0.0007165714285714286	9.4064302444458	22476.27261352539
1985	1146.9532945659557	955.7	62.300048828125	0.28000295	0.0002149285714285714	0.0007164285714285714	14.269968032836914	22490.543218135834
1986	1223.5556933026044	1008.04	62.30810546875	0.28000358	0.00021488571428571426	0.0007162857142857143	9.502530336380005	22500.04773068428
1987	1118.2709323910938	929.87	62.316162109375	0.27959082	0.00021484285714285713	0.0007161428571428572	13.440677881240845	22513.48854136467
1988	1086.0387878596944	903.72	62.32177734375	0.27917737	0.00021479999999999996	0.000716	10.26643991470337	22523.756552934647
1989	1159.6688016220128	964.93	62.830810546875	0.27914947	0.00021475714285714283	0.0007158571428571429	10.596332788467407	22534.353461265564
1990	1154.559306987283	953.82	62.4619140625	0.27912393	0.00021471428571428572	0.0007157142857142858	9.88900089263916	22544.24349975586
1991	1156.763922074584	957.96	62.469970703125	0.2791043	0.00021467142857142853	0.0007155714285714286	9.427184104919434	22553.671284675598
1992	1177.96846794723	969.37	62.97998046875	0.2790859	0.00021462857142857142	0.0007154285714285714	9.491130590438843	22563.164994716644
1993	1241.085554230953	997.48	62.48583984375	0.27868137	0.00021458571428571428	0.0007152857142857143	13.236708164215088	22576.402292251587
1994	1189.2484184761465	974.38	61.995849609375	0.27844772	0.00021454285714285712	0.0007151428571428571	13.6383056640625	22590.043820381165
1995	1244.092498763248	1010.77	62.50341796875	0.2784425	0.0002145	0.0007150000000000001	9.431666612625122	22599.47604560852
1996	1208.7629454701746	972.14	62.01123046875	0.27818513	0.00021445714285714285	0.0007148571428571428	10.532105445861816	22610.010070562363
1997	1203.2234471084507	974.77	62.519287109375	0.2781658	0.00021441428571428568	0.0007147142857142856	9.482428789138794	22619.49315595627
1998	1161.515516513975	968.51	62.284912109375	0.27814952	0.00021437142857142857	0.0007145714285714287	9.40015459060669	22628.89470434189
1999	1169.4650855467469	964.32	62.03515625	0.27792788	0.0002143285714285714	0.0007144285714285715	13.516507148742676	22642.411804437637
2000	1203.0132618129621	980.04	63.04296875	0.27792397	0.00021428571428571427	0.0007142857142857143	50.38042068481445	22692.794486761093
2001	1184.5884881102631	972.91	62.80078125	0.2779254	0.00021424285714285714	0.0007141428571428572	9.443655729293823	22702.240023851395
2002	1175.7259046165634	961.72	62.5576171875	0.27792668	0.00021419999999999998	0.000714	9.496641159057617	22711.737268686295
2003	1201.5470224158814	989.02	62.5517578125	0.27792776	0.00021415714285714284	0.0007138571428571429	9.40524673461914	22721.14429950714
2004	1210.8885956729814	990.17	62.57421875	0.27792743	0.0002141142857142857	0.0007137142857142857	10.683212995529175	22731.82811141014
2005	1198.7637441965803	975.36	62.581298828125	0.27792296	0.00021407142857142854	0.0007135714285714285	9.443411827087402	22741.27352166176
2006	1183.375560320207	984.8	62.577392578125	0.2779152	0.0002140285714285714	0.0007134285714285715	9.395190477371216	22750.669260263443
2007	1225.4785601987126	1001.88	62.596923828125	0.27790833	0.00021398571428571427	0.0007132857142857144	10.208876371383667	22760.880585193634
2008	1207.7071786173867	993.26	62.355712890625	0.27765128	0.0002139428571428571	0.0007131428571428571	12.586374759674072	22773.467523097992
2009	1217.8028680396487	986.92	62.6123046875	0.27759346	0.0002139	0.0007130000000000001	10.363147735595703	22783.833254814148
2010	1205.435404814664	983.12	62.613525390625	0.27757668	0.00021385714285714283	0.0007128571428571429	9.51043438911438	22793.344291448593
2011	1209.653430738701	990.73	59.5771484375	0.27755338	0.00021381428571428567	0.0007127142857142856	9.431197166442871	22802.77707886696
2012	1227.8795330377973	990.91	62.843505859375	0.27753162	0.00021377142857142856	0.0007125714285714286	15.723684549331665	22818.501392364502
2013	1212.603914613259	977.38	62.106201171875	0.27751052	0.0002137285714285714	0.0007124285714285714	9.464723348617554	22827.96762728691
2014	1193.0184830571698	980.31	62.40185546875	0.2771943	0.00021368571428571426	0.0007122857142857143	13.459584474563599	22841.42782473564
2015	1200.760111021843	984.31	62.657958984375	0.27691272	0.00021364285714285715	0.0007121428571428572	14.43803095817566	22855.867587566376
2016	1219.688624913642	994.44	62.66796875	0.2766614	0.00021359999999999996	0.000712	13.095221519470215	22868.96345424652
2017	1180.679915224906	964.28	62.67578125	0.27659515	0.00021355714285714282	0.0007118571428571429	10.051907062530518	22879.01660823822
2018	1185.9278859002252	967.14	62.933837890625	0.27656803	0.00021351428571428572	0.0007117142857142858	9.435203552246094	22888.45241165161
2019	1175.0699783593075	972.37	62.690185546875	0.27654034	0.00021347142857142853	0.0007115714285714285	9.432169437408447	22897.88558125496
2020	1186.3279238627358	975.77	62.44873046875	0.27650902	0.00021342857142857142	0.0007114285714285714	9.547308683395386	22907.43350458145
2021	1168.8282087607083	956.64	62.707275390625	0.27648076	0.00021338571428571428	0.0007112857142857143	9.384817361831665	22916.820772647858
2022	1206.5777932283788	980.17	62.216064453125	0.27644932	0.00021334285714285712	0.0007111428571428571	9.39323902130127	22926.21459555626
2023	1184.1857969379114	965.45	62.72216796875	0.27610576	0.0002133	0.000711	14.55035924911499	22940.76680803299
2024	1181.5939178528404	974.37	62.731689453125	0.27608392	0.00021325714285714284	0.0007108571428571429	9.568021059036255	22950.337029218674
2025	1213.2981228847657	989.08	62.73974609375	0.2759137	0.00021321428571428568	0.0007107142857142857	13.740350723266602	22964.077556610107
2026	1200.679013126708	974.02	62.74755859375	0.2758616	0.00021317142857142857	0.0007105714285714287	9.892805099487305	22973.970947027206
2027	1165.009941119596	965.08	62.25048828125	0.27584338	0.0002131285714285714	0.0007104285714285714	9.395675659179688	22983.367708206177
2028	1178.5893257869905	968.16	63.00341796875	0.2758278	0.00021308571428571427	0.0007102857142857143	9.966363430023193	22993.334639549255
2029	1234.0492864023422	1007.9	62.769775390625	0.2758149	0.00021304285714285714	0.0007101428571428572	9.378664016723633	23002.715262174606
2030	1187.819407516742	977.49	62.778076171875	0.27580044	0.00021299999999999997	0.00071	9.460647583007812	23012.17658472061
2031	1247.8797924627331	1020.4	62.77197265625	0.2757836	0.00021295714285714284	0.0007098571428571428	9.376941204071045	23021.55549645424
2032	1184.8807459929467	977.37	62.051513671875	0.27576303	0.0002129142857142857	0.0007097142857142857	9.422026634216309	23030.97814846039
2033	1231.8886857406267	1005.86	63.051513671875	0.2757406	0.00021287142857142854	0.0007095714285714285	9.433413743972778	23040.41409111023
2034	1176.5518657818961	973.58	62.8095703125	0.27530378	0.0002128285714285714	0.0007094285714285715	13.53793478012085	23053.952694892883
2035	1216.2265387906843	995.25	62.817138671875	0.27529308	0.00021278571428571427	0.0007092857142857143	9.580069780349731	23063.533348560333
2036	1178.9024694870645	972.57	62.824951171875	0.2752826	0.0002127428571428571	0.0007091428571428571	9.407747745513916	23072.942788124084
2037	1244.127938276317	1003.37	62.5908203125	0.27527016	0.0002127	0.0007090000000000001	9.933741331100464	23082.87708878517
2038	1222.5199974020488	999.32	63.0810546875	0.27525598	0.00021265714285714283	0.0007088571428571429	9.717159748077393	23092.596176862717
2039	1227.0781457055546	999.11	62.599853515625	0.27524534	0.0002126142857142857	0.0007087142857142857	9.46114993095398	23102.0578687191
2040	1237.2315162827163	1004.01	62.60791015625	0.27523366	0.00021257142857142856	0.0007085714285714286	9.397593975067139	23111.457597255707
2041	1206.071860043555	994.99	62.864501953125	0.2749613	0.0002125285714285714	0.0007084285714285714	14.187716960906982	23125.645926237106
2042	1229.7521272257568	991.47	62.859619140625	0.27490842	0.00021248571428571426	0.0007082857142857144	9.878389120101929	23135.526633501053
2043	1199.0352684213012	975.83	63.129638671875	0.2748914	0.00021244285714285715	0.0007081428571428572	10.043548822402954	23145.57077240944
2044	1229.53145059076	996.49	62.87353515625	0.2748717	0.00021239999999999996	0.000708	9.427088260650635	23154.999534368515
2045	1257.7140123751446	1002.89	62.39697265625	0.27485183	0.00021235714285714285	0.0007078571428571429	9.47653865814209	23164.4762904644
2046	1244.2308541706802	1001.5	62.162353515625	0.2748298	0.0002123142857142857	0.0007077142857142858	9.91935920715332	23174.397950172424
2047	1248.9381146219564	998.94	62.912353515625	0.27481025	0.00021227142857142855	0.0007075714285714285	9.408018350601196	23183.806545734406
2048	1270.33464250517	1004.23	62.92138671875	0.27479443	0.00021222857142857141	0.0007074285714285714	9.486542463302612	23193.295363664627
2049	1243.0263209363734	1001.16	62.67919921875	0.27470693	0.00021218571428571428	0.0007072857142857143	14.372110366821289	23207.668075799942
2050	1260.3565679137323	1016.18	63.437255859375	0.274213	0.00021214285714285711	0.0007071428571428571	12.456276893615723	23220.12640118599
2051	1234.5253448310243	988.35	62.943359375	0.27420765	0.0002121	0.0007070000000000001	9.509883165359497	23229.63760471344
2052	1254.2888223599566	1001.88	62.451171875	0.27378637	0.00021205714285714284	0.0007068571428571429	14.247877359390259	23243.88697886467
2053	1246.1416823757518	1005.23	62.709228515625	0.2737559	0.0002120142857142857	0.0007067142857142858	9.644271850585938	23253.531821250916
2054	1237.2383283356453	998.28	63.092041015625	0.2737402	0.00021197142857142857	0.0007065714285714287	9.942243576049805	23263.476202487946
2055	1224.44070334473	990.56	62.35693359375	0.2737202	0.0002119285714285714	0.0007064285714285714	9.414822340011597	23272.891235113144
2056	1269.7149780581742	1021.53	63.10888671875	0.2737024	0.00021188571428571427	0.0007062857142857143	9.471094846725464	23282.363911390305
2057	1257.3772587254168	995.67	62.37451171875	0.27368918	0.00021184285714285713	0.0007061428571428572	9.405021667480469	23291.76904296875
2058	1273.7337622451118	1009.07	63.124755859375	0.27367136	0.00021179999999999997	0.0007059999999999999	9.470390796661377	23301.241345882416
2059	1223.8439219172258	987.83	63.632568359375	0.2736538	0.00021175714285714283	0.0007058571428571428	9.41326117515564	23310.654842615128
2060	1272.9480666895452	1008.2	63.138427734375	0.27326745	0.0002117142857142857	0.0007057142857142858	10.14049768447876	23320.79759645462
2061	1213.559201651967	983.74	63.148193359375	0.2732471	0.00021167142857142854	0.0007055714285714286	9.854322910308838	23330.652552604675
2062	1279.5563475235392	1008.22	62.413818359375	0.2732232	0.0002116285714285714	0.0007054285714285714	9.45643424987793	23340.10933947563
2063	1208.9887352238036	985.39	63.1640625	0.27279878	0.00021158571428571426	0.0007052857142857143	13.399426937103271	23353.50936818123
2064	1222.8413919450863	985.56	62.427978515625	0.27279565	0.0002115428571428571	0.0007051428571428571	9.417593240737915	23362.928749084473
2065	1241.9085863148364	997.18	63.179931640625	0.27249572	0.0002115	0.0007050000000000001	12.962432622909546	23375.891793966293
2066	1206.301722866584	979.4	63.186767578125	0.27243277	0.00021145714285714283	0.0007048571428571428	14.36826753616333	23390.262876987457
2067	1226.7280421691823	987.65	63.195556640625	0.2720796	0.0002114142857142857	0.0007047142857142857	13.542858123779297	23403.80779981613
2068	1186.3665598919952	965.17	60.153076171875	0.2720439	0.00021137142857142858	0.0007045714285714286	10.087066173553467	23413.895421743393
2069	1238.6046987617212	989.17	63.106201171875	0.2720306	0.0002113285714285714	0.0007044285714285715	9.439610719680786	23423.336510658264
2070	1213.9592779249795	992.2	63.189453125	0.27201757	0.00021128571428571426	0.0007042857142857143	9.477884769439697	23432.814940214157
2071	1201.0950955665492	972.29	63.197998046875	0.2719961	0.00021124285714285715	0.0007041428571428572	9.99907898902893	23442.81593155861
2072	1197.7460383065204	965.16	63.205810546875	0.27197284	0.00021119999999999996	0.000704	9.892439842224121	23452.708976984024
2073	1229.0892303299004	995.75	62.498779296875	0.27195212	0.00021115714285714285	0.0007038571428571429	9.519280195236206	23462.228859186172
2074	1263.7336958641142	1016.17	63.248779296875	0.27173588	0.0002111142857142857	0.0007037142857142857	13.567155838012695	23475.79744076729
2075	1179.7681010979068	953.53	63.004638671875	0.27173546	0.00021107142857142855	0.0007035714285714285	9.76716136932373	23485.566781759262
2076	1205.2469660839968	967.06	63.26318359375	0.27159417	0.0002110285714285714	0.0007034285714285714	9.817078351974487	23495.38462662697
2077	1182.5009486649517	974.11	63.7666015625	0.27156484	0.00021098571428571428	0.0007032857142857143	9.936173677444458	23505.321330547333
2078	1189.2982104136672	957.58	63.28076171875	0.27153495	0.0002109428571428571	0.000703142857142857	9.416554927825928	23514.73974442482
2079	1215.3588439421828	997.28	63.288818359375	0.2715056	0.0002109	0.0007030000000000001	9.504136323928833	23524.244593143463
2080	1228.3990177527623	998.99	63.296630859375	0.27147555	0.00021085714285714284	0.0007028571428571429	9.85668396949768	23534.102863788605
2081	1233.0372761481005	1000.8	63.304443359375	0.27144226	0.0002108142857142857	0.0007027142857142858	9.515692234039307	23543.619112491608
2082	1224.231416912436	1000.41	63.312255859375	0.27114588	0.00021077142857142857	0.0007025714285714286	12.898452997207642	23556.519322395325
2083	1219.1823269562012	996.63	63.8134765625	0.27114668	0.0002107285714285714	0.0007024285714285714	9.969823837280273	23566.48975133896
2084	1226.7710585584935	986.74	63.328857421875	0.270875	0.00021068571428571427	0.0007022857142857143	13.43354344367981	23579.924754858017
2085	1206.0363637263429	994.74	63.586181640625	0.27086744	0.00021064285714285713	0.0007021428571428572	9.403379917144775	23589.328699827194
2086	1213.135586113989	985.65	63.3447265625	0.27077803	0.00021059999999999997	0.0007019999999999999	9.787317991256714	23599.118039608
2087	1203.2388466309653	987.52	63.3388671875	0.27075744	0.00021055714285714283	0.0007018571428571428	9.380500078201294	23608.499133110046
2088	1219.64888256164	986.17	62.859375	0.27073994	0.0002105142857142857	0.0007017142857142858	9.389021873474121	23617.890111923218
2089	1228.0440088447142	972.48	63.355712890625	0.27071726	0.00021047142857142853	0.0007015714285714286	9.541930437088013	23627.432638168335
2090	1223.4749730026283	980.64	63.377197265625	0.2706954	0.0002104285714285714	0.0007014285714285714	9.414422988891602	23636.848896980286
2091	1227.5321625675804	972.51	63.885009765625	0.27067122	0.00021038571428571426	0.0007012857142857143	9.473659038543701	23646.32315468788
2092	1206.9322425736254	980.73	63.1318359375	0.27064615	0.0002103428571428571	0.0007011428571428571	9.926436185836792	23656.251257658005
2093	1217.7018765006485	988.39	62.908447265625	0.27033612	0.0002103	0.0007010000000000001	13.40267562866211	23669.65452170372
2094	1267.7595162522432	1015.32	63.406494140625	0.2700846	0.00021025714285714283	0.0007008571428571428	13.150174617767334	23682.806223869324
2095	1262.804350804017	1001.17	63.914794921875	0.26965034	0.0002102142857142857	0.0007007142857142857	12.819398403167725	23695.626168489456
2096	1243.3414786693006	988.3	63.423095703125	0.2696554	0.00021017142857142858	0.0007005714285714287	9.450105428695679	23705.077761888504
2097	1226.6413412396175	995.28	63.430908203125	0.26936075	0.0002101285714285714	0.0007004285714285715	13.416648864746094	23718.494736909866
2098	1233.5645080992754	991.47	62.696533203125	0.26935694	0.00021008571428571428	0.0007002857142857143	9.602870225906372	23728.097809791565
2099	1226.2650311397533	982.23	63.44677734375	0.26908702	0.00021004285714285714	0.0007001428571428572	13.728636026382446	23741.82791876793
2100	1216.1480137367582	984.43	63.45263671875	0.2688574	0.00020999999999999998	0.0007	12.538151502609253	23754.366671800613
2101	1244.0303282747532	991.34	63.46240234375	0.26832426	0.00020995714285714285	0.0006998571428571429	12.74973750114441	23767.118582487106
2102	1207.4765081738383	969.78	63.228271484375	0.26832387	0.0002099142857142857	0.0006997142857142857	9.956347942352295	23777.075558185577
2103	1212.888995227014	970.54	63.476318359375	0.26813495	0.00020987142857142855	0.0006995714285714285	13.256122589111328	23790.33225417137
2104	1222.8710138255537	980.58	63.486328125	0.26813477	0.00020982857142857144	0.0006994285714285715	9.56066632270813	23799.894548892975
2105	1218.2744582330904	986.08	63.494873046875	0.26813105	0.00020978571428571427	0.0006992857142857144	9.440788269042969	23809.335904836655
2106	1255.930246826655	992.87	63.487060546875	0.2681258	0.0002097428571428571	0.000699142857142857	9.535305738449097	23818.87343120575
2107	1260.6685377832607	1009.03	63.5107421875	0.26812163	0.0002097	0.0006990000000000001	9.441637516021729	23828.315746307373
2108	1261.3865567496764	1009.98	63.5185546875	0.26768175	0.00020965714285714284	0.0006988571428571429	12.674014329910278	23840.990396022797
2109	1268.2884294219273	1014.8	63.524658203125	0.26768202	0.0002096142857142857	0.0006987142857142858	9.39390230178833	23850.386181354523
2110	1221.9320183308434	975.59	63.284423828125	0.26765522	0.00020957142857142857	0.0006985714285714286	14.46683406829834	23864.853635311127
2111	1210.3483862637672	973.23	63.2919921875	0.26767957	0.0002095285714285714	0.0006984285714285714	9.55061936378479	23874.40602684021
2112	1231.423512934513	984.91	63.550048828125	0.2676834	0.00020948571428571427	0.0006982857142857143	9.45278549194336	23883.858922719955
2113	1235.749200252325	987.07	63.55615234375	0.26768604	0.00020944285714285713	0.0006981428571428571	9.884938955307007	23893.744913816452
2114	1238.4375862232575	996.89	63.565673828125	0.26768443	0.00020939999999999997	0.0006979999999999999	9.385823726654053	23903.13087105751
2115	1216.339305367154	997.19	63.572265625	0.26768097	0.00020935714285714283	0.0006978571428571429	9.495604515075684	23912.62876677513
2116	1217.6273439813888	995.6	63.580322265625	0.2675785	0.0002093142857142857	0.0006977142857142858	13.721063137054443	23926.349945306778
2117	1253.0671321650389	996.98	63.588134765625	0.26751685	0.00020927142857142853	0.0006975714285714285	9.784568071365356	23936.135536909103
2118	1205.090034931046	972.61	62.85595703125	0.26749504	0.00020922857142857142	0.0006974285714285715	9.40647268295288	23945.542634248734
2119	1236.6299948688818	996.29	63.60791015625	0.2674743	0.00020918571428571426	0.0006972857142857143	9.897730588912964	23955.443216323853
2120	1222.037605096159	991.81	63.617919921875	0.2674605	0.0002091428571428571	0.0006971428571428571	9.375743627548218	23964.81950354576
2121	1246.7938408868224	1002.46	63.626708984375	0.26744682	0.00020910000000000001	0.000697	9.41201639175415	23974.23336291313
2122	1239.2959779556552	996.79	63.388427734375	0.26702017	0.00020905714285714282	0.0006968571428571428	13.833373785018921	23988.06728553772
2123	1240.7991755173352	1012.45	63.648193359375	0.26701787	0.0002090142857142857	0.0006967142857142858	9.361852645874023	23997.431134939194
2124	1202.439887316336	979.3	63.657958984375	0.26665804	0.00020897142857142858	0.0006965714285714287	12.407274961471558	24009.839039564133
2125	1217.069012164522	978.85	63.66796875	0.26666036	0.0002089285714285714	0.0006964285714285714	9.458274364471436	24019.298724889755
2126	1238.5877619073717	997.67	60.62548828125	0.26653776	0.00020888571428571428	0.0006962857142857143	13.640296459197998	24032.939645051956
2127	1204.0086760487302	988.47	63.435302734375	0.2662076	0.00020884285714285714	0.0006961428571428572	13.188556909561157	24046.130320310593
2128	1163.2304803396712	957.49	63.44482421875	0.26606324	0.00020879999999999998	0.000696	13.587202072143555	24059.718081235886
2129	1239.9441334073301	994.72	63.692138671875	0.26606572	0.00020875714285714284	0.0006958571428571428	9.389410018920898	24069.109371185303
2130	1234.4113789168196	1000.28	63.7158203125	0.26583546	0.0002087142857142857	0.0006957142857142857	12.61526370048523	24081.725244283676
2131	1245.745856722495	1008.65	63.7255859375	0.26588702	0.00020867142857142854	0.0006955714285714285	12.753530025482178	24094.480680942535
2132	1286.4670280905345	1009.54	63.2353515625	0.26588193	0.00020862857142857143	0.0006954285714285716	10.027332544326782	24104.508710622787
2133	1270.7510271638228	1006.8	63.7314453125	0.2658782	0.00020858571428571427	0.0006952857142857143	10.396635055541992	24114.905890464783
2134	1180.3177714005226	969.07	63.753173828125	0.2658768	0.0002085428571428571	0.0006951428571428571	9.464383363723755	24124.372620821
2135	1237.8206066396199	997.8	63.264892578125	0.26548907	0.0002085	0.0006950000000000001	12.915922164916992	24137.289181232452
2136	1242.5354583276478	1008.88	62.774658203125	0.26532838	0.00020845714285714284	0.0006948571428571429	13.137977600097656	24150.427713871002
2137	1256.5869625677992	981.32	63.28369140625	0.2652309	0.0002084142857142857	0.0006947142857142857	14.005311012268066	24164.43501138687
2138	1267.9373722785751	1006.58	63.533935546875	0.26523778	0.00020837142857142856	0.0006945714285714286	9.816375970840454	24174.251933336258
2139	1226.0772021190646	990.53	64.053955078125	0.2652367	0.0002083285714285714	0.0006944285714285714	16.515945196151733	24190.769642829895
2140	1258.878498804565	1008.61	62.5712890625	0.2652364	0.00020828571428571426	0.0006942857142857143	9.451122522354126	24200.222677230835
2141	1238.518670766824	1005.26	62.5791015625	0.2652309	0.00020824285714285713	0.0006941428571428571	10.14179015159607	24210.36507177353
2142	1211.2369702075648	965.21	63.333251953125	0.2652249	0.00020819999999999996	0.000694	9.382296323776245	24219.74968290329
2143	1222.2983219531288	987.21	62.85107421875	0.2652176	0.00020815714285714283	0.0006938571428571429	9.417473793029785	24229.16775083542
2144	1240.9961574447273	1003.13	63.352783203125	0.26521298	0.0002081142857142857	0.0006937142857142858	9.37332820892334	24238.543016195297
2145	1187.691343129258	961.99	63.36279296875	0.26473555	0.00020807142857142853	0.0006935714285714285	12.833861589431763	24251.377442359924
2146	1202.7426056180507	986.81	63.12158203125	0.2643996	0.00020802857142857142	0.0006934285714285715	13.10669469833374	24264.486180782318
2147	1207.7348816845872	980.27	63.132568359375	0.26414412	0.00020798571428571426	0.0006932857142857143	10.012426614761353	24274.499177217484
2148	1212.0720167470004	993.19	63.62841796875	0.26411211	0.0002079428571428571	0.0006931428571428571	9.931763172149658	24284.432423114777
2149	1243.1645951331013	1011.14	63.402099609375	0.26407856	0.0002079	0.000693	9.769338130950928	24294.201868772507
2150	1221.5909069264565	970.86	63.40185546875	0.26405033	0.00020785714285714282	0.0006928571428571428	9.441132307052612	24303.644816160202
2151	1265.434523561201	1016.81	64.17138671875	0.26402554	0.0002078142857142857	0.0006927142857142858	9.89375376701355	24313.539141893387
2152	1220.5071743236676	978.94	63.681396484375	0.2639973	0.00020777142857142858	0.0006925714285714287	9.36528730392456	24322.906307458878
2153	1249.140726280529	987.81	62.69921875	0.2639636	0.0002077285714285714	0.0006924285714285714	9.523845672607422	24332.430762529373
2154	1241.7410936910308	990.09	62.209716796875	0.2637881	0.00020768571428571428	0.0006922857142857143	13.060215473175049	24345.4926776886
2155	1194.6693260663512	966.27	62.719970703125	0.26378834	0.00020764285714285714	0.0006921428571428572	9.373139142990112	24354.866397619247
2156	1215.502676744193	991.35	62.971923828125	0.26352784	0.00020759999999999998	0.000692	11.800528049468994	24366.668652057648
2157	1273.2998306512027	1013.76	62.73974609375	0.26353106	0.00020755714285714284	0.0006918571428571428	9.96950912475586	24376.63874220848
2158	1198.2308040353398	962.67	63.239990234375	0.2632703	0.0002075142857142857	0.0006917142857142857	12.869034767150879	24389.509222507477
2159	1249.1310100063772	987.22	63.999755859375	0.2632667	0.00020747142857142854	0.0006915714285714285	9.352444410324097	24398.86230778694
2160	1310.7527275621608	1021.64	63.258544921875	0.26325926	0.00020742857142857143	0.0006914285714285716	9.396162509918213	24408.259103536606
2161	1226.7007664510058	980.32	62.277587890625	0.26301527	0.00020738571428571427	0.0006912857142857143	12.81154751777649	24421.072561502457
2162	1228.4978498631149	983.81	64.273193359375	0.26301706	0.00020734285714285713	0.0006911428571428572	9.355777263641357	24430.42903661728
2163	1235.4683247324415	981.6	63.039306640625	0.2629301	0.0002073	0.0006910000000000001	12.47168517112732	24442.90131545067
2164	1266.3705015046392	998.92	63.53564453125	0.2625164	0.00020725714285714283	0.0006908571428571428	12.385506868362427	24455.28923726082
2165	1244.6035228817184	1005.4	62.809326171875	0.26219448	0.0002072142857142857	0.0006907142857142857	13.008111238479614	24468.297925710678
2166	1252.68481860957	984.77	63.31884765625	0.26178065	0.00020717142857142856	0.0006905714285714286	12.4055814743042	24480.705010652542
2167	1246.953885847894	1002.0	63.8291015625	0.26164362	0.0002071285714285714	0.0006904285714285714	13.450836181640625	24494.156393051147
2168	1261.2200706286392	1006.72	63.588623046875	0.26121238	0.00020708571428571426	0.0006902857142857142	12.555561304092407	24506.713993787766
2169	1245.6493403574984	995.54	62.606201171875	0.26076102	0.00020704285714285713	0.0006901428571428572	11.789743423461914	24518.50430583954
2170	1248.2796215707313	1001.87	63.60693359375	0.26077002	0.00020699999999999996	0.00069	9.436525344848633	24527.94276714325
2171	1284.4174345495394	1014.29	64.118896484375	0.2607751	0.00020695714285714283	0.0006898571428571429	9.571334838867188	24537.514696359634
2172	1243.3046029542802	998.82	63.37890625	0.26061335	0.0002069142857142857	0.0006897142857142857	9.891992330551147	24547.408996343613
2173	1258.0743186284467	999.27	63.62890625	0.2605822	0.00020687142857142853	0.0006895714285714285	9.940653085708618	24557.350182771683
2174	1259.8132802104383	993.52	64.1484375	0.26054892	0.00020682857142857145	0.0006894285714285715	9.40632939338684	24566.7587454319
2175	1266.3206337931538	1007.77	62.666259765625	0.26052266	0.00020678571428571426	0.0006892857142857143	9.410252094268799	24576.169599294662
2176	1231.3153804115993	985.42	63.174072265625	0.26049468	0.00020674285714285712	0.0006891428571428571	9.903533220291138	24586.074624300003
2177	1260.9136126522021	1007.51	62.685791015625	0.2604657	0.0002067	0.000689	9.393842458724976	24595.469046592712
2178	1251.0174029564755	1005.28	62.695556640625	0.26017657	0.00020665714285714282	0.0006888571428571429	12.13538670539856	24607.606297016144
2179	1210.0736247372383	977.18	63.936279296875	0.26017502	0.0002066142857142857	0.0006887142857142858	9.820712566375732	24617.427560567856
2180	1250.7744879551142	992.96	63.706298828125	0.26003936	0.00020657142857142857	0.0006885714285714286	9.788596391677856	24627.218116044998
2181	1278.7032760857119	1020.26	63.9658203125	0.26001224	0.0002065285714285714	0.0006884285714285714	9.435863256454468	24636.654617786407
2182	1239.6750955298191	988.12	63.72412109375	0.2599816	0.00020648571428571427	0.0006882857142857143	12.300007343292236	24648.95518732071
2183	1254.6276446042443	997.51	61.1865234375	0.25994965	0.00020644285714285714	0.0006881428571428572	9.5363187789917	24658.493411064148
2184	1198.2081784494765	970.14	63.994140625	0.25969115	0.00020639999999999998	0.0006879999999999999	13.97062873840332	24672.464625120163
2185	1248.0566008860424	995.46	63.01171875	0.25968972	0.00020635714285714284	0.0006878571428571428	9.489417552947998	24681.956075906754
2186	1260.8830652693161	1009.3	63.763427734375	0.25927624	0.0002063142857142857	0.0006877142857142857	12.348267555236816	24694.30498623848
2187	1254.7784776867068	989.48	64.0244140625	0.25928494	0.00020627142857142854	0.0006875714285714286	9.898837327957153	24704.205617666245
2188	1272.0191836839697	1000.8	64.03515625	0.25928816	0.00020622857142857143	0.0006874285714285715	9.399570941925049	24713.60574364662
2189	1237.8882371469053	997.2	64.03515625	0.25928992	0.00020618571428571427	0.0006872857142857143	9.410671710968018	24723.01833343506
2190	1278.7661077746686	1005.95	64.2890625	0.25929508	0.00020614285714285713	0.0006871428571428572	9.907264709472656	24732.9261906147
2191	1281.537412627203	999.96	64.0625	0.25929824	0.0002061	0.0006870000000000001	9.390843152999878	24742.318850040436
2192	1268.561121868533	1017.1	62.343505859375	0.2593033	0.00020605714285714283	0.0006868571428571428	10.023201942443848	24752.34270620346
2193	1262.3112339609008	997.88	63.8349609375	0.25930658	0.0002060142857142857	0.0006867142857142857	9.634582281112671	24761.977902173996
2194	1290.2623704648875	1000.79	64.3447265625	0.25930655	0.00020597142857142856	0.0006865714285714286	9.948256492614746	24771.92795777321
2195	1294.6755987078263	1007.73	63.362548828125	0.25930575	0.0002059285714285714	0.0006864285714285714	9.38569188117981	24781.314207315445
2196	1306.499628960982	1018.36	64.364501953125	0.25931337	0.00020588571428571426	0.0006862857142857143	9.393671035766602	24790.710317134857
2197	1265.3670214878196	990.54	64.374267578125	0.2593163	0.00020584285714285712	0.0006861428571428572	9.566588640213013	24800.27750968933
2198	1264.3831628497098	997.02	64.507080078125	0.25931457	0.00020579999999999996	0.000686	9.45479679107666	24809.73486328125
2199	1291.0652943608961	1016.9	63.76513671875	0.25903505	0.00020575714285714282	0.0006858571428571429	12.363077640533447	24822.098618745804
2200	1269.8750285746341	1008.37	63.759521484375	0.25905326	0.0002057142857142857	0.0006857142857142857	9.66207480430603	24831.761292696
2201	1305.9355932314904	1015.94	62.7890625	0.2588633	0.00020567142857142853	0.0006855714285714285	11.47649884223938	24843.239685297012
2202	1286.8708558361575	1003.87	64.788818359375	0.2588646	0.00020562857142857144	0.0006854285714285715	9.872068405151367	24853.112389564514
2203	1281.6547534076624	1008.14	64.297119140625	0.25886536	0.00020558571428571425	0.0006852857142857143	9.401021242141724	24862.51484823227
2204	1300.0709759471072	1012.5	62.800048828125	0.25876224	0.00020554285714285714	0.0006851428571428571	9.779766082763672	24872.2952105999
2205	1265.7812485239663	992.54	64.813720703125	0.25873926	0.0002055	0.0006850000000000001	10.323602676391602	24882.62074446678
2206	1250.548515007991	975.65	64.821533203125	0.25872004	0.00020545714285714284	0.0006848571428571429	9.726480722427368	24892.347903490067
2207	1286.7223247274321	1005.58	64.822998046875	0.25870237	0.0002054142857142857	0.0006847142857142858	9.395157098770142	24901.74409222603
2208	1308.7329209792063	1014.32	63.594970703125	0.25868976	0.00020537142857142857	0.0006845714285714286	9.354640483856201	24911.099360227585
2209	1252.502960396253	1000.16	64.5947265625	0.25868285	0.0002053285714285714	0.0006844285714285714	9.543179512023926	24920.64416694641
2210	1324.5659321899157	1019.6	63.111572265625	0.2582352	0.00020528571428571427	0.0006842857142857143	11.294246435165405	24931.939072847366
2211	1279.7591560728147	1002.7	64.8515625	0.25824577	0.00020524285714285714	0.0006841428571428572	9.826893329620361	24941.767902374268
2212	1295.3038613755882	1011.43	63.627197265625	0.25825024	0.00020519999999999997	0.0006839999999999999	9.59151577949524	24951.359993696213
2213	1293.1240101098695	1013.4	64.127197265625	0.25824907	0.00020515714285714284	0.0006838571428571428	9.461620092391968	24960.823439359665
2214	1267.6096129542032	1010.53	64.633056640625	0.2582409	0.0002051142857142857	0.0006837142857142858	9.440059661865234	24970.264141321182
2215	1279.058955881561	1010.84	64.37939453125	0.25822946	0.00020507142857142854	0.0006835714285714285	9.566479206085205	24979.831207752228
2216	1247.0379967589608	994.35	64.15087890625	0.25821987	0.00020502857142857143	0.0006834285714285715	9.394714593887329	24989.22816467285
2217	1260.5508008375946	1007.99	63.65869140625	0.25820833	0.00020498571428571427	0.0006832857142857143	9.491219758987427	24998.720014333725
2218	1248.6202343794241	995.32	64.166015625	0.25819948	0.00020494285714285713	0.0006831428571428572	9.539360284805298	25008.26086831093
2219	1232.1307544653712	993.65	64.425048828125	0.25819048	0.0002049	0.000683	9.476523637771606	25017.738034963608
2220	1263.6742930102373	995.59	64.67041015625	0.25817934	0.00020485714285714283	0.0006828571428571428	9.444863080978394	25027.18515944481
2221	1269.368525097465	995.61	62.949462890625	0.25811943	0.0002048142857142857	0.0006827142857142857	10.238636255264282	25037.42434477806
2222	1217.5918333648783	980.47	63.455322265625	0.25810975	0.00020477142857142856	0.0006825714285714287	9.510952472686768	25046.93649506569
2223	1239.4498420306925	986.78	63.46337890625	0.25809854	0.0002047285714285714	0.0006824285714285714	9.526902198791504	25056.464046001434
2224	1248.8358450282246	991.62	64.46923828125	0.25808373	0.00020468571428571426	0.0006822857142857143	9.91312861442566	25066.37864255905
2225	1268.7436515533475	1004.87	64.47119140625	0.25807318	0.00020464285714285712	0.0006821428571428572	9.40808916091919	25075.787306547165
2226	1291.3226097051256	1016.84	64.729248046875	0.25806454	0.00020459999999999996	0.000682	9.398072481155396	25085.187781572342
2227	1292.9393418104069	1019.3	64.232177734375	0.25805548	0.00020455714285714288	0.0006818571428571429	9.934413433074951	25095.12283229828
2228	1316.1398908779263	1022.24	64.7451171875	0.25804102	0.0002045142857142857	0.0006817142857142857	9.498775243759155	25104.623032331467
2229	1246.3263722707475	988.19	64.0146484375	0.25799215	0.00020447142857142852	0.0006815714285714285	9.586904048919678	25114.210486650467
2230	1285.7626166082932	1011.25	63.759521484375	0.2578999	0.00020442857142857144	0.0006814285714285715	10.241640090942383	25124.454311847687
2231	1296.9115154713074	1006.19	65.0166015625	0.257884	0.00020438571428571425	0.0006812857142857142	9.719178676605225	25134.174078941345
2232	1267.5247641875167	989.09	64.526611328125	0.25787035	0.00020434285714285714	0.0006811428571428572	9.367825984954834	25143.54372882843
2233	1238.1618321599224	983.37	64.7744140625	0.2578606	0.0002043	0.0006810000000000001	9.904417514801025	25153.448553800583
2234	1249.7200378942077	989.08	65.03955078125	0.25785044	0.00020425714285714284	0.0006808571428571429	9.367331743240356	25162.81600880623
2235	1249.6930697130651	987.9	64.065185546875	0.25771993	0.0002042142857142857	0.0006807142857142857	9.807427167892456	25172.625012397766
2236	1268.2777444088993	991.41	65.05908203125	0.25769812	0.00020417142857142857	0.0006805714285714286	10.14396047592163	25182.76909804344
2237	1275.934216631202	997.83	63.82470703125	0.2576804	0.0002041285714285714	0.0006804285714285714	9.386976480484009	25192.15812563896
2238	1274.9336650405974	990.27	64.814453125	0.2576617	0.00020408571428571427	0.0006802857142857143	9.464027881622314	25201.622782707214
2239	1264.872238101997	979.86	64.831787109375	0.25765052	0.00020404285714285713	0.0006801428571428571	9.394352674484253	25211.019503831863
2240	1265.194521675771	998.77	64.340576171875	0.25763902	0.00020399999999999997	0.0006799999999999999	9.569404363632202	25220.589272260666
2241	1236.8034213336728	981.36	61.79638671875	0.25756553	0.00020395714285714286	0.000679857142857143	9.696488380432129	25230.28593802452
2242	1258.0311515747228	999.04	64.09423828125	0.2572051	0.0002039142857142857	0.0006797142857142858	11.607574939727783	25241.895681858063
2243	1278.3186743278843	1001.12	64.110595703125	0.25716412	0.00020387142857142854	0.0006795714285714285	10.247201442718506	25252.143432617188
2244	1263.5336732833953	997.32	63.613037109375	0.25715178	0.00020382857142857143	0.0006794285714285715	9.405599594116211	25261.551188468933
2245	1276.7832074251858	994.13	63.634521484375	0.25713822	0.00020378571428571426	0.0006792857142857143	9.463342666625977	25271.015116214752
2246	1294.1052952610814	1014.14	64.634521484375	0.25712764	0.00020374285714285713	0.0006791428571428572	9.543004512786865	25280.56024336815
2247	1303.1189283077197	998.77	65.133544921875	0.25711697	0.0002037	0.000679	9.44091010093689	25290.001735448837
2248	1270.8512711397261	1007.13	64.65087890625	0.25710443	0.00020365714285714283	0.0006788571428571428	9.470987558364868	25299.4751598835
2249	1256.0111408719877	985.92	65.408935546875	0.257093	0.0002036142857142857	0.0006787142857142857	9.571131229400635	25309.046897172928
2250	1291.6071863877246	1011.06	64.153564453125	0.2567748	0.00020357142857142856	0.0006785714285714287	11.630854845046997	25320.679323911667
2251	1276.1456337579887	1005.77	63.669189453125	0.2567804	0.0002035285714285714	0.0006784285714285714	9.408263206481934	25330.088116645813
2252	1254.3775447661587	981.17	65.184814453125	0.256785	0.00020348571428571426	0.0006782857142857143	9.552831649780273	25339.64277791977
2253	1300.935378664337	1011.29	63.200439453125	0.2568256	0.00020344285714285712	0.0006781428571428572	9.534427165985107	25349.177466869354
2254	1270.7128495872478	992.65	64.21630859375	0.25680986	0.00020339999999999996	0.000678	9.583676815032959	25358.761691331863
2255	1276.710704337009	998.2	64.47412109375	0.25679952	0.00020335714285714287	0.0006778571428571429	9.612543821334839	25368.376716136932
2256	1309.5783701290266	1019.38	64.715087890625	0.256789	0.00020331428571428568	0.0006777142857142857	9.470660924911499	25377.847949028015
2257	1258.9668778840878	993.52	64.72412109375	0.25677556	0.00020327142857142852	0.0006775714285714285	9.457853078842163	25387.310242652893
2258	1264.4850438573785	984.09	65.482421875	0.25676614	0.00020322857142857144	0.0006774285714285716	9.92667841911316	25397.237510681152
2259	1276.8809569638856	1009.94	64.23974609375	0.25671872	0.00020318571428571428	0.0006772857142857143	16.201646327972412	25413.44068670273
2260	1240.532512864261	971.31	63.255859375	0.25665003	0.00020314285714285714	0.0006771428571428572	10.129827499389648	25423.572079896927
2261	1266.8049119174843	1004.13	65.505859375	0.25663278	0.0002031	0.0006770000000000001	9.70398497581482	25433.27664041519
2262	1257.9469544791891	990.94	65.638427734375	0.2566141	0.00020305714285714284	0.0006768571428571429	9.431912183761597	25442.710577487946
2263	1207.934452220247	969.3	65.39697265625	0.2565975	0.0002030142857142857	0.0006767142857142857	9.660603523254395	25452.371788740158
2264	1211.967419110282	971.13	65.154296875	0.25657928	0.00020297142857142857	0.0006765714285714286	9.58092713356018	25461.954298973083
2265	1244.1103101278254	989.7	63.662353515625	0.25643662	0.0002029285714285714	0.0006764285714285714	11.759690523147583	25473.714581012726
2266	1263.1113715523136	1005.02	64.670166015625	0.25643852	0.00020288571428571427	0.0006762857142857142	9.982696056365967	25483.698797941208
2267	1252.948085753567	997.4	64.176025390625	0.25643766	0.00020284285714285713	0.0006761428571428571	9.903140783309937	25493.602518320084
2268	1244.4676164386683	992.84	64.68408203125	0.25643247	0.00020279999999999997	0.000676	9.418453216552734	25503.02304673195
2269	1271.1219293796237	992.18	65.193115234375	0.25642663	0.00020275714285714286	0.000675857142857143	9.942721366882324	25512.966413259506
2270	1233.7938244665952	979.75	65.200927734375	0.2564176	0.0002027142857142857	0.0006757142857142857	9.431133270263672	25522.3995513916
2271	1259.1687614757022	985.67	64.20849609375	0.25640333	0.00020267142857142853	0.0006755714285714285	9.446293115615845	25531.846456050873
2272	1219.8943127008547	962.91	64.96630859375	0.25639147	0.00020262857142857142	0.0006754285714285715	9.468002319335938	25541.316421747208
2273	1234.3827781312662	983.48	64.724365234375	0.2563837	0.00020258571428571426	0.0006752857142857143	16.013468980789185	25557.33046770096
2274	1281.4232130566475	1012.93	63.990234375	0.25637022	0.00020254285714285713	0.0006751428571428571	9.463726282119751	25566.796568870544
2275	1228.5234877785485	988.14	65.230224609375	0.25635764	0.0002025	0.000675	9.90743350982666	25576.704584360123
2276	1222.2912093078965	965.99	64.748046875	0.2562239	0.00020245714285714283	0.0006748571428571428	11.53230881690979	25588.23905467987
2277	1253.0676019509594	990.7	64.0126953125	0.25623208	0.0002024142857142857	0.0006747142857142858	9.441999435424805	25597.681614637375
2278	1234.9932076572018	984.15	64.513916015625	0.25626197	0.00020237142857142855	0.0006745714285714286	9.971794366836548	25607.65559530258
2279	1250.3889519960562	990.43	63.52978515625	0.256036	0.0002023285714285714	0.0006744285714285714	13.678350687026978	25621.33452272415
2280	1270.9493613887191	992.98	65.279541015625	0.25603455	0.00020228571428571425	0.0006742857142857143	9.469377517700195	25630.80584168434
2281	1234.6622539460043	985.5	65.27392578125	0.25603032	0.00020224285714285712	0.0006741428571428572	9.573197603225708	25640.3796749115
2282	1263.5829052531374	996.26	64.040283203125	0.25586218	0.00020219999999999995	0.0006739999999999999	11.422983169555664	25651.804570436478
2283	1284.3127431741934	988.35	64.55322265625	0.2558707	0.00020215714285714287	0.0006738571428571429	9.510846138000488	25661.31604242325
2284	1241.3226570221327	987.23	64.561279296875	0.25587153	0.00020211428571428568	0.0006737142857142857	9.49038028717041	25670.80698800087
2285	1241.6932629866467	981.95	65.56884765625	0.25586942	0.00020207142857142857	0.0006735714285714286	9.41005277633667	25680.218874931335
2286	1259.9874001513372	988.37	65.064453125	0.25586382	0.00020202857142857144	0.0006734285714285715	9.538448095321655	25689.757947206497
2287	1250.5556938962536	1006.39	65.327880859375	0.2558585	0.00020198571428571427	0.0006732857142857143	9.494591236114502	25699.254150152206
2288	1195.5322199598832	956.35	64.10009765625	0.2558525	0.00020194285714285714	0.0006731428571428572	9.394638538360596	25708.649394750595
2289	1219.2073653371124	981.36	63.35791015625	0.25584248	0.0002019	0.0006730000000000001	9.495760202407837	25718.14735865593
2290	1239.4820850463047	986.92	65.358154296875	0.25584063	0.00020185714285714284	0.0006728571428571428	9.49869966506958	25727.646727085114
2291	1216.694997100251	967.65	65.359375	0.25583595	0.0002018142857142857	0.0006727142857142857	10.72771692276001	25738.376353025436
2292	1227.5494317193304	979.67	65.623779296875	0.2558266	0.00020177142857142857	0.0006725714285714286	9.512317419052124	25747.889298915863
2293	1225.9299304140968	969.92	65.131591796875	0.25582	0.0002017285714285714	0.0006724285714285714	9.761817455291748	25757.652849435806
2294	1268.8935516630756	999.32	64.146484375	0.2558114	0.00020168571428571427	0.0006722857142857142	9.50022578239441	25767.153700113297
2295	1258.610821553976	985.15	65.8916015625	0.2558048	0.00020164285714285713	0.0006721428571428572	9.379480838775635	25776.535791873932
2296	1247.1321867919999	988.32	65.4052734375	0.2557939	0.00020159999999999997	0.000672	9.953326225280762	25786.48978304863
2297	1266.3616227668836	991.0	64.421142578125	0.25578138	0.00020155714285714286	0.000671857142857143	9.6115243434906	25796.102754831314
2298	1259.527874086934	994.18	62.372314453125	0.25572172	0.0002015142857142857	0.0006717142857142857	9.667242050170898	25805.770580530167
2299	1270.5397399845365	998.26	65.655517578125	0.25570855	0.00020147142857142856	0.0006715714285714286	9.974868535995483	25815.747433662415
2300	1254.1572176635432	990.42	64.93505859375	0.25569615	0.00020142857142857142	0.0006714285714285715	9.431051254272461	25825.179230690002
2301	1228.3850027752455	961.38	65.69287109375	0.2556845	0.00020138571428571426	0.0006712857142857143	9.444232702255249	25834.624089241028
2302	1204.1382943477242	949.18	65.201904296875	0.25567582	0.00020134285714285712	0.0006711428571428571	9.936251640319824	25844.562342882156
2303	1211.058030767273	956.09	65.7021484375	0.25566536	0.0002013	0.000671	9.858571290969849	25854.421501159668
2304	1195.7918886875689	955.18	64.71826171875	0.25522777	0.00020125714285714282	0.0006708571428571429	11.736549615859985	25866.159472703934
2305	1267.5573189313943	977.89	65.22509765625	0.25523466	0.0002012142857142857	0.0006707142857142858	9.947554349899292	25876.107615947723
2306	1241.760780746142	993.96	64.732421875	0.25494197	0.00020117142857142855	0.0006705714285714286	11.669175624847412	25887.77866268158
2307	1230.2713426775695	984.9	64.4912109375	0.25494495	0.0002011285714285714	0.0006704285714285714	9.601450204849243	25897.38085079193
2308	1198.897048445766	957.51	64.752685546875	0.2549045	0.00020108571428571425	0.0006702857142857143	10.304260492324829	25907.68568444252
2309	1249.7701047350502	985.35	64.752197265625	0.25489587	0.00020104285714285712	0.0006701428571428572	9.523138523101807	25917.210602760315
2310	1150.692817103322	936.44	65.515380859375	0.25488514	0.00020099999999999995	0.0006699999999999999	9.422385215759277	25926.6336915493
2311	1254.0428970236662	994.22	65.75732421875	0.25487673	0.00020095714285714287	0.0006698571428571429	10.122243165969849	25936.75654578209
2312	1186.1173907884595	948.91	63.78662109375	0.25438884	0.0002009142857142857	0.0006697142857142857	11.523619174957275	25948.282434940338
2313	1251.72820469128	998.13	65.037353515625	0.25439453	0.00020087142857142857	0.0006695714285714287	9.404029130935669	25957.68709874153
2314	1201.7240463919165	953.92	65.546630859375	0.25439945	0.00020082857142857144	0.0006694285714285715	9.786746501922607	25967.474440813065
2315	1255.4749828958784	1002.25	64.312255859375	0.25440213	0.00020078571428571427	0.0006692857142857143	9.446439266204834	25976.922371149063
2316	1239.6409205217228	982.42	65.05615234375	0.25441575	0.00020074285714285714	0.0006691428571428572	9.442975044250488	25986.365983963013
2317	1215.5492804936553	959.7	66.0712890625	0.2544203	0.0002007	0.0006690000000000001	9.947975635528564	25996.316076517105
2318	1241.8157212100666	983.04	65.813720703125	0.2544207	0.00020065714285714284	0.0006688571428571428	9.414032936096191	26005.730675458908
2319	1266.5765844365085	1005.0	65.3447265625	0.2544202	0.0002006142857142857	0.0006687142857142857	9.40961503982544	26015.142394304276
2320	1230.7397260439138	976.11	65.094970703125	0.25441658	0.00020057142857142856	0.0006685714285714286	9.865289449691772	26025.008287906647
2321	1196.5154825242355	963.6	65.350830078125	0.25441477	0.0002005285714285714	0.0006684285714285713	9.36978006362915	26034.380134105682
2322	1199.7925557549888	976.88	66.098388671875	0.25440696	0.00020048571428571426	0.0006682857142857143	9.720633029937744	26044.101369142532
2323	1218.2989429846486	982.11	65.118408203125	0.25439465	0.00020044285714285713	0.0006681428571428572	10.019667863845825	26054.12282896042
2324	1206.1237152690437	992.63	65.626708984375	0.2543842	0.00020039999999999997	0.000668	9.378026723861694	26063.50143146515
2325	1201.6437713636258	951.73	65.880615234375	0.25437716	0.00020035714285714286	0.0006678571428571429	9.371546268463135	26072.87508559227
2326	1201.1804790198385	958.42	65.503662109375	0.25436866	0.0002003142857142857	0.0006677142857142857	9.911188840866089	26082.786459684372
2327	1167.2673258863092	949.55	64.78271484375	0.25435898	0.00020027142857142856	0.0006675714285714286	9.741044282913208	26092.53074336052
2328	1200.6676064780822	965.85	64.540771484375	0.25435153	0.00020022857142857142	0.0006674285714285715	9.638001918792725	26102.16927409172
2329	1190.311238749573	948.3	65.540771484375	0.25434476	0.00020018571428571426	0.0006672857142857142	9.452339887619019	26111.62343096733
2330	1231.5879459082776	993.14	65.04736328125	0.25412837	0.00020014285714285712	0.0006671428571428571	9.926952600479126	26121.55099463463
2331	1249.4241579636298	994.79	64.5625	0.25409436	0.00020009999999999998	0.0006670000000000001	9.49656057357788	26131.049273967743
2332	1184.2287123170688	945.78	65.562744140625	0.25406304	0.00020005714285714282	0.0006668571428571429	9.458154916763306	26140.50800728798
2333	1251.9015963597892	988.7	65.069580078125	0.25403208	0.00020001428571428569	0.0006667142857142857	9.429014682769775	26149.938465833664
2334	1205.416877104929	957.78	65.07666015625	0.253921	0.00019997142857142855	0.0006665714285714286	9.646438360214233	26159.585501670837
2335	1242.3349518626849	998.45	65.586181640625	0.25390384	0.00019992857142857139	0.0006664285714285714	9.42513394355774	26169.01240181923
2336	1224.592775770353	972.23	66.343505859375	0.25388756	0.00019988571428571425	0.0006662857142857143	9.614265441894531	26178.626842021942
2337	1219.9943686045708	975.36	65.853271484375	0.25387314	0.00019984285714285711	0.0006661428571428571	9.383208274841309	26188.012358903885
2338	1255.9989872080876	981.55	64.618896484375	0.25385985	0.00019979999999999995	0.0006659999999999999	9.439799785614014	26197.452778339386
2339	1197.7042930545174	957.3	64.624755859375	0.25385	0.00019975714285714287	0.000665857142857143	9.876349687576294	26207.331157445908
2340	1247.7216210245285	985.43	65.363037109375	0.25383902	0.0001997142857142857	0.0006657142857142858	9.46603274345398	26216.79776287079
2341	1228.3610773898351	961.12	64.642578125	0.2536398	0.00019967142857142857	0.0006655714285714286	11.635934829711914	26228.43611598015
2342	1272.218405517218	996.0	65.142578125	0.2532929	0.00019962857142857143	0.0006654285714285715	11.458874940872192	26239.895610570908
2343	1253.381509430439	983.24	64.657958984375	0.25329572	0.00019958571428571427	0.0006652857142857143	9.40955138206482	26249.306562900543
2344	1236.0392316414702	974.61	65.658203125	0.2532396	0.00019954285714285713	0.0006651428571428572	11.685935735702515	26260.993107557297
2345	1284.6608293719626	1006.91	65.664794921875	0.25323418	0.0001995	0.000665	9.613059759140015	26270.607152223587
2346	1283.8886733675586	1009.37	64.674072265625	0.25307503	0.00019945714285714283	0.0006648571428571428	11.510099172592163	26282.11783337593
2347	1260.4713772840807	994.52	66.181884765625	0.2530763	0.0001994142857142857	0.0006647142857142857	9.438059568405151	26291.55778694153
2348	1212.616000621855	961.23	65.67626953125	0.25307533	0.00019937142857142856	0.0006645714285714286	9.47202754020691	26301.030370235443
2349	1265.3737617711067	993.34	65.697998046875	0.253074	0.0001993285714285714	0.0006644285714285713	9.38601279258728	26310.418598890305
2350	1246.8356827989708	978.54	64.963623046875	0.25307	0.0001992857142857143	0.0006642857142857144	9.474092960357666	26319.893310070038
2351	1291.9708698524742	1010.48	65.22265625	0.25305668	0.00019924285714285713	0.0006641428571428572	10.024061918258667	26329.918825149536
2352	1273.747453785132	990.87	65.7109375	0.25305167	0.00019919999999999996	0.000664	9.413400411605835	26339.332795858383
2353	1277.3102954965934	992.74	65.729248046875	0.25304478	0.00019915714285714285	0.0006638571428571429	9.432627439498901	26348.76703429222
2354	1275.8956260596472	1016.16	66.237060546875	0.2530359	0.0001991142857142857	0.0006637142857142857	9.53638243675232	26358.303981542587
2355	1245.7094367916043	997.46	64.752685546875	0.25302276	0.00019907142857142855	0.0006635714285714286	9.403410911560059	26367.709820985794
2356	1269.8611456878214	994.17	62.953857421875	0.2529864	0.00019902857142857142	0.0006634285714285715	9.63573169708252	26377.346151590347
2357	1254.501108398354	987.36	66.00048828125	0.2529791	0.00019898571428571426	0.0006632857142857142	9.936804056167603	26387.285082101822
2358	1252.0991872929571	992.14	65.015380859375	0.25297073	0.00019894285714285712	0.0006631428571428572	9.420875310897827	26396.70648789406
2359	1253.8717264145919	990.39	66.0166015625	0.25296554	0.00019889999999999998	0.0006630000000000001	9.412101745605469	26406.120366096497
2360	1300.278914224434	1012.43	66.024658203125	0.25295997	0.00019885714285714282	0.0006628571428571429	10.659400939941406	26416.780336618423
2361	1276.724825116316	1011.79	66.0224609375	0.25295475	0.00019881428571428568	0.0006627142857142857	9.837788343429565	26426.620636940002
2362	1259.4615135533852	985.98	65.298583984375	0.25288972	0.00019877142857142855	0.0006625714285714286	9.655354499816895	26436.276523590088
2363	1283.5747779415499	1004.83	66.29296875	0.2528733	0.00019872857142857138	0.0006624285714285714	9.950340509414673	26446.228641986847
2364	1280.721800679995	1000.08	65.072509765625	0.25285837	0.0001986857142857143	0.0006622857142857144	9.477587699890137	26455.706782102585
2365	1233.0980456435195	975.78	65.080078125	0.25284293	0.00019864285714285714	0.0006621428571428571	9.397571325302124	26465.10646557808
2366	1251.719251465524	974.37	66.330078125	0.2528261	0.00019859999999999995	0.0006619999999999999	10.427978277206421	26475.534638404846
2367	1276.8564532261344	1009.1	65.839111328125	0.25281242	0.00019855714285714287	0.000661857142857143	9.430574655532837	26484.96660232544
2368	1252.0722446077934	989.44	64.605224609375	0.25275773	0.0001985142857142857	0.0006617142857142857	9.668866157531738	26494.63607287407
2369	1262.6408164500085	1012.35	65.85498046875	0.25274333	0.00019847142857142857	0.0006615714285714286	9.995071411132812	26504.632796525955
2370	1261.1974906662902	988.26	66.113037109375	0.25272673	0.00019842857142857143	0.0006614285714285715	9.387529373168945	26514.02089905739
2371	1231.997969036669	986.17	65.870361328125	0.2527132	0.00019838571428571427	0.0006612857142857143	9.399776697158813	26523.42279458046
2372	1254.899762239385	996.22	65.879150390625	0.25270012	0.00019834285714285713	0.0006611428571428571	10.150516510009766	26533.5739839077
2373	1261.087470804804	998.86	66.136962890625	0.25268644	0.0001983	0.000661	9.442916631698608	26543.017521858215
2374	1250.867883020782	986.17	66.14501953125	0.25267544	0.00019825714285714283	0.0006608571428571428	9.428987264633179	26552.448605537415
2375	1292.4352651510883	1006.06	66.14990234375	0.25266004	0.0001982142857142857	0.0006607142857142857	9.753506422042847	26562.20271754265
2376	1262.3666689571864	984.5	65.909423828125	0.25264934	0.00019817142857142856	0.0006605714285714286	10.23755693435669	26572.44673514366
2377	1267.1727393943368	985.74	65.17529296875	0.2526355	0.0001981285714285714	0.0006604285714285714	9.37705683708191	26581.824421405792
2378	1319.1331263354548	1024.0	65.42529296875	0.2525616	0.0001980857142857143	0.0006602857142857144	9.718117713928223	26591.545154571533
2379	1243.295893848781	978.85	65.933349609375	0.2525454	0.00019804285714285712	0.0006601428571428572	9.456013202667236	26601.00173330307
2380	1262.9770730966914	1006.0	65.68994140625	0.25252664	0.00019799999999999996	0.0006599999999999999	9.411732912063599	26610.41556787491
2381	1232.5130219323378	967.79	66.197998046875	0.25251168	0.00019795714285714285	0.0006598571428571429	9.461265087127686	26619.877412080765
2382	1240.3760151544686	989.61	66.19677734375	0.2524962	0.0001979142857142857	0.0006597142857142857	9.445867538452148	26629.324861049652
2383	1265.5427408096436	983.9	65.96484375	0.2524822	0.00019787142857142855	0.0006595714285714286	9.421157598495483	26638.7465839386
2384	1288.2443038854174	1000.66	65.4736328125	0.25240847	0.00019782857142857142	0.0006594285714285714	9.657508611679077	26648.406087636948
2385	1238.8541470779053	981.67	65.7314453125	0.252394	0.00019778571428571425	0.0006592857142857142	9.536361455917358	26657.943036794662
2386	1213.28665384978	962.37	65.986328125	0.25238377	0.00019774285714285712	0.0006591428571428572	9.404193878173828	26667.349559545517
2387	1249.573909958388	986.72	65.497314453125	0.25237456	0.00019769999999999998	0.0006590000000000001	9.408538818359375	26676.758719921112
2388	1263.1032076646795	984.83	65.262939453125	0.25236818	0.00019765714285714282	0.0006588571428571428	9.956757545471191	26686.71764278412
2389	1278.7607899256486	990.89	66.512939453125	0.25235763	0.00019761428571428568	0.0006587142857142857	9.473814487457275	26696.191995620728
2390	1268.6172817806266	995.12	66.02099609375	0.2523469	0.00019757142857142855	0.0006585714285714286	9.39151906967163	26705.58683514595
2391	1273.6665099873162	1009.86	66.531005859375	0.25233057	0.00019752857142857138	0.0006584285714285714	9.904531002044678	26715.491998434067
2392	1255.7647022796875	996.41	65.541015625	0.2520023	0.0001974857142857143	0.0006582857142857143	12.132886171340942	26727.626785993576
2393	1305.2140128990852	1012.5	66.051025390625	0.2520026	0.00019744285714285714	0.0006581428571428571	9.40091347694397	26737.0283908844
2394	1291.6198289271706	1008.9	66.060302734375	0.25200447	0.00019739999999999995	0.000658	9.957112789154053	26746.986115455627
2395	1276.329067350784	994.24	65.820556640625	0.25200453	0.00019735714285714286	0.000657857142857143	9.44535493850708	26756.433324575424
2396	1311.096900722509	1021.23	66.080322265625	0.2519963	0.0001973142857142857	0.0006577142857142857	9.454160213470459	26765.888048887253
2397	1281.5704092348847	1001.01	65.595947265625	0.25198722	0.00019727142857142857	0.0006575714285714286	10.30076289176941	26776.190999269485
2398	1229.885139696754	981.14	65.106201171875	0.25197837	0.00019722857142857143	0.0006574285714285715	9.378503322601318	26785.570061206818
2399	1239.9294156775845	986.88	66.3583984375	0.25196603	0.00019718571428571427	0.0006572857142857143	9.428197622299194	26794.999998807907
2400	1266.6607515845565	995.72	66.368408203125	0.25195333	0.00019714285714285713	0.0006571428571428571	10.00719928741455	26805.00782585144
2401	1289.0017841492856	1010.58	65.3779296875	0.25193915	0.0001971	0.000657	9.79436707496643	26814.803767681122
2402	1261.9605539496072	993.35	66.88916015625	0.25193068	0.00019705714285714283	0.0006568571428571428	9.433228254318237	26824.237641334534
2403	1265.0758145777393	1008.64	66.147705078125	0.25192216	0.0001970142857142857	0.0006567142857142858	10.145979404449463	26834.3842086792
2404	1271.746469438579	992.23	66.4072265625	0.25191113	0.00019697142857142856	0.0006565714285714286	9.415888786315918	26843.801696538925
2405	1294.9806317504572	988.12	66.168212890625	0.25189844	0.0001969285714285714	0.0006564285714285714	9.39704942703247	26853.199450731277
2406	1227.1769110602936	971.06	66.177734375	0.2518884	0.00019688571428571429	0.0006562857142857144	10.024520874023438	26863.224553585052
2407	1301.476323529315	1006.09	65.687744140625	0.25203747	0.00019684285714285712	0.0006561428571428572	12.509851932525635	26875.735778808594
2408	1257.97597966092	994.83	66.447998046875	0.25204378	0.00019679999999999999	0.000656	9.4063138961792	26885.143714427948
2409	1292.8241528475428	1010.13	65.707763671875	0.25208125	0.00019675714285714285	0.0006558571428571429	10.426594972610474	26895.57096004486
2410	1284.118359230844	1005.28	65.967529296875	0.25208154	0.0001967142857142857	0.0006557142857142857	9.399069786071777	26904.972234725952
2411	1293.2215369343978	1010.55	66.22509765625	0.25208214	0.00019667142857142855	0.0006555714285714286	9.395071983337402	26914.367936372757
2412	1301.419984191963	1017.56	66.237060546875	0.25208077	0.00019662857142857141	0.0006554285714285715	9.988189935684204	26924.357915878296
2413	1255.204694637971	984.88	63.446533203125	0.25167662	0.00019658571428571425	0.0006552857142857143	12.167880773544312	26936.52636408806
2414	1282.8187836332397	992.7	65.23046875	0.25168183	0.00019654285714285711	0.0006551428571428572	9.3908212184906	26945.918650388718
2415	1279.3420279082122	995.22	65.263916015625	0.25159612	0.00019649999999999998	0.0006550000000000001	10.449787378311157	26956.369085788727
2416	1305.6860688953004	1014.57	66.260498046875	0.2515789	0.00019645714285714282	0.0006548571428571428	9.424084424972534	26965.79483771324
2417	1317.0370939347968	1013.41	66.2705078125	0.25155914	0.00019641428571428568	0.0006547142857142857	9.521393299102783	26975.316840171814
2418	1270.7267545766476	1001.22	66.794189453125	0.25154445	0.00019637142857142857	0.0006545714285714286	10.025291681289673	26985.343650341034
2419	1290.0403540898815	1001.58	65.79052734375	0.25153202	0.00019632857142857138	0.0006544285714285713	12.70335078239441	26998.04711484909
2420	1270.1588641384885	997.0	65.814208984375	0.251298	0.0001962857142857143	0.0006542857142857143	12.794852018356323	27010.84334397316
2421	1277.4707658965172	988.03	65.704833984375	0.25129738	0.00019624285714285713	0.0006541428571428572	9.463189601898193	27020.30709552765
2422	1300.0363115484379	1009.58	65.956787109375	0.25104165	0.0001962	0.0006540000000000001	11.82313323020935	27032.13319015503
2423	1223.1727529518416	966.95	66.451171875	0.2509964	0.00019615714285714286	0.0006538571428571429	9.791191816329956	27041.924971342087
2424	1233.4181239409763	970.98	65.22265625	0.2509473	0.0001961142857142857	0.0006537142857142857	10.051362037658691	27051.978187799454
2425	1298.407484020951	1005.77	65.48828125	0.2509372	0.00019607142857142856	0.0006535714285714286	9.440661668777466	27061.418975830078
2426	1287.8920794753194	1008.76	65.496826171875	0.25092664	0.00019602857142857143	0.0006534285714285715	9.422216892242432	27070.842925548553
2427	1262.930734304981	990.07	66.496826171875	0.25091407	0.00019598571428571426	0.0006532857142857142	9.582080125808716	27080.42518734932
2428	1252.4984838727548	983.93	66.49072265625	0.25090265	0.00019594285714285713	0.0006531428571428571	9.518569707870483	27089.945795297623
2429	1288.5165009625134	1016.81	65.762451171875	0.25084236	0.0001959	0.000653	11.657538414001465	27101.603433847427
2430	1293.7141424598676	998.12	66.768798828125	0.2508423	0.00019585714285714283	0.0006528571428571429	9.459404945373535	27111.064122915268
2431	1264.6001739363435	1007.46	65.528076171875	0.2505288	0.0001958142857142857	0.0006527142857142857	12.200779914855957	27123.265491724014
2432	1282.6494944767794	999.72	66.53466796875	0.2505323	0.00019577142857142856	0.0006525714285714286	10.013641834259033	27133.280703783035
2433	1327.9599203199998	1012.61	66.5439453125	0.25024775	0.0001957285714285714	0.0006524285714285714	12.193968534469604	27145.475385904312
2434	1285.5661607396435	1005.32	66.55078125	0.2499963	0.00019568571428571428	0.0006522857142857144	12.698068380355835	27158.174032211304
2435	1285.7577019227492	1012.22	67.059814453125	0.2499968	0.00019564285714285712	0.0006521428571428571	9.442301750183105	27167.617990493774
2436	1263.786131259511	1003.51	66.068603515625	0.24969314	0.00019559999999999998	0.000652	12.211845636367798	27179.830526590347
2437	1256.1623192561083	990.58	66.825439453125	0.24970007	0.00019555714285714285	0.0006518571428571429	9.45122480392456	27189.281954050064
2438	1286.8674736588973	1008.87	67.08447265625	0.24970853	0.00019551428571428568	0.0006517142857142857	11.009782075881958	27200.293671369553
2439	1256.6977274849169	996.61	66.340576171875	0.24949841	0.00019547142857142855	0.0006515714285714285	12.54168438911438	27212.835962295532
2440	1243.6164839258706	984.2	66.84423828125	0.24949515	0.0001954285714285714	0.0006514285714285715	9.95887303352356	27222.795439004898
2441	1269.9078576755353	990.5	64.8994140625	0.24926402	0.00019538571428571425	0.0006512857142857143	12.607593059539795	27235.404874801636
2442	1307.0438743754494	1006.72	67.112060546875	0.24926193	0.0001953428571428571	0.0006511428571428572	9.435366868972778	27244.840807676315
2443	1283.2063069686667	998.8	65.622314453125	0.24903698	0.00019529999999999998	0.000651	13.650280237197876	27258.49312067032
2444	1280.5486414777674	1022.11	66.8798828125	0.2490351	0.0001952571428571428	0.0006508571428571428	9.423572778701782	27267.91728234291
2445	1306.39967995053	1017.51	66.135986328125	0.24873908	0.00019521428571428568	0.0006507142857142857	12.62988829612732	27280.54830312729
2446	1270.3931457246065	993.26	66.14599609375	0.24865763	0.00019517142857142857	0.0006505714285714286	10.433552742004395	27290.982435703278
2447	1251.3489205433818	991.33	66.903564453125	0.24864544	0.00019512857142857138	0.0006504285714285713	9.40964126586914	27300.394305467606
2448	1283.604600719932	1003.21	67.16162109375	0.24863596	0.0001950857142857143	0.0006502857142857144	9.426329374313354	27309.821315050125
2449	1278.755305700702	997.23	66.65966796875	0.24862872	0.00019504285714285713	0.0006501428571428572	9.497150421142578	27319.32036113739
2450	1230.9250176482815	981.18	66.177490234375	0.24833314	0.000195	0.0006500000000000001	12.278863906860352	27331.599834918976
2451	1239.1663705565568	991.41	66.686279296875	0.24833548	0.00019495714285714286	0.0006498571428571429	9.402734994888306	27341.00455379486
2452	1271.0471870403148	1001.85	66.4443359375	0.24831843	0.0001949142857142857	0.0006497142857142857	12.25084376335144	27353.256019830704
2453	1257.7561842980062	989.26	65.9599609375	0.24831979	0.00019487142857142856	0.0006495714285714286	9.421670198440552	27362.679718494415
2454	1245.002951329058	972.2	66.209716796875	0.24802808	0.00019482857142857142	0.0006494285714285715	12.27311635017395	27374.953506946564
2455	1223.7849906544322	956.61	67.218017578125	0.24803317	0.00019478571428571426	0.0006492857142857142	9.403549432754517	27384.359369039536
2456	1277.2575599660204	1006.88	67.225830078125	0.24803454	0.00019474285714285713	0.0006491428571428571	9.394010543823242	27393.753983020782
2457	1235.2940537100724	975.91	66.9736328125	0.24803759	0.0001947	0.0006490000000000001	10.356930017471313	27404.112917661667
2458	1256.869186438959	999.63	65.499267578125	0.2478203	0.00019465714285714283	0.0006488571428571429	13.370127201080322	27417.48366999626
2459	1275.9917985596796	1000.29	66.006103515625	0.2478189	0.0001946142857142857	0.0006487142857142857	9.455435991287231	27426.93971014023
2460	1230.1733640346815	959.95	66.25732421875	0.24775314	0.00019457142857142855	0.0006485714285714286	10.423343420028687	27437.36513185501
2461	1292.975788972691	1011.74	66.764892578125	0.24773633	0.0001945285714285714	0.0006484285714285714	9.431659698486328	27446.797337055206
2462	1312.942038529542	1016.06	67.022705078125	0.24772243	0.00019448571428571428	0.0006482857142857144	9.393470048904419	27456.192756414413
2463	1280.1191866847912	997.27	67.28076171875	0.24770786	0.00019444285714285712	0.0006481428571428571	9.926796197891235	27466.1201505661
2464	1284.3599121512345	995.11	67.27294921875	0.2476985	0.00019439999999999998	0.000648	9.509573936462402	27475.631189584732
2465	1279.2973301118566	1000.66	66.794921875	0.2476892	0.00019435714285714285	0.0006478571428571429	9.395091533660889	27485.02695608139
2466	1268.176672683782	996.11	67.052978515625	0.2476787	0.00019431428571428568	0.0006477142857142858	9.977726221084595	27495.0067050457
2467	1266.1818394151735	994.14	66.8115234375	0.24767172	0.00019427142857142855	0.0006475714285714286	10.346856594085693	27505.353744745255
2468	1264.0645090101323	995.33	66.0693359375	0.24762696	0.0001942285714285714	0.0006474285714285715	9.575958251953125	27514.92982363701
2469	1256.6721627909392	998.83	66.327392578125	0.24753779	0.00019418571428571425	0.0006472857142857143	10.27329158782959	27525.20457839966
2470	1296.1789551266481	1013.41	67.075439453125	0.24752633	0.0001941428571428571	0.0006471428571428572	9.595111608505249	27534.800391435623
2471	1287.0382841006397	1014.17	64.044189453125	0.24751328	0.0001941	0.000647	9.429608821868896	27544.230624198914
2472	1269.5663485443424	993.4	67.331298828125	0.2475018	0.0001940571428571428	0.0006468571428571428	9.989443063735962	27554.222439289093
2473	1248.4813908767355	982.56	66.84033203125	0.24749012	0.00019401428571428573	0.0006467142857142858	10.169861793518066	27564.39289045334
2474	1242.628264495308	982.07	66.365478515625	0.24714339	0.00019397142857142857	0.0006465714285714285	11.475788831710815	27575.870195388794
2475	1286.0161754434907	1012.54	66.373779296875	0.24670923	0.00019392857142857138	0.0006464285714285713	12.291369199752808	27588.162165403366
2476	1274.5618847109579	994.99	66.882080078125	0.24672209	0.0001938857142857143	0.0006462857142857144	9.419698715209961	27597.584707260132
2477	1282.8783607727805	986.04	65.651611328125	0.24675226	0.00019384285714285713	0.0006461428571428572	9.588770866394043	27607.174099206924
2478	1268.4540041411963	998.11	66.14794921875	0.24625556	0.0001938	0.000646	12.608335971832275	27619.783483982086
2479	1251.159237248557	980.62	66.163818359375	0.2462639	0.00019375714285714286	0.0006458571428571429	9.436788558959961	27629.2209277153
2480	1278.0504721762484	989.64	67.16357421875	0.2462732	0.0001937142857142857	0.0006457142857142857	9.455186367034912	27638.677972078323
2481	1255.2152834956378	986.05	66.421630859375	0.2458177	0.00019367142857142856	0.0006455714285714286	12.142862558364868	27650.821449279785
2482	1292.6255955979004	993.51	66.9296875	0.24582176	0.00019362857142857142	0.0006454285714285714	9.428325891494751	27660.251678705215
2483	1270.6367289085463	988.15	67.438232421875	0.24582542	0.00019358571428571426	0.0006452857142857142	9.419992446899414	27669.672365427017
2484	1313.049802012648	1004.55	66.4541015625	0.2455682	0.00019354285714285712	0.0006451428571428571	12.35900354385376	27682.031966924667
2485	1308.2418583723988	1012.56	66.0869140625	0.24556811	0.0001935	0.0006450000000000001	9.426788330078125	27691.460479974747
2486	1264.1891840528267	971.58	67.32177734375	0.24556775	0.00019345714285714282	0.0006448571428571428	9.541803121566772	27701.002870082855
2487	1270.800270095102	991.18	67.34326171875	0.24556655	0.00019341428571428571	0.0006447142857142858	9.614277362823486	27710.619138002396
2488	1295.0005342952218	1002.43	66.60107421875	0.24553233	0.00019337142857142855	0.0006445714285714286	12.112348556518555	27722.73172044754
2489	1286.9959871391518	997.12	66.366943359375	0.24553262	0.0001933285714285714	0.0006444285714285714	10.077523231506348	27732.810799121857
2490	1323.2558761994637	1009.77	67.3671875	0.24553229	0.00019328571428571428	0.0006442857142857143	9.47215461730957	27742.28307533264
2491	1305.5794216203085	1004.05	66.873779296875	0.24514069	0.00019324285714285712	0.0006441428571428571	12.47839093208313	27754.7629942894
2492	1322.8258732940965	1010.88	66.140869140625	0.24513878	0.00019319999999999998	0.000644	10.15486192703247	27764.918531656265
2493	1295.583990623586	1004.5	67.139892578125	0.24513699	0.00019315714285714284	0.000643857142857143	9.7150239944458	27774.63411641121
2494	1296.6822719534848	1008.81	66.648681640625	0.24512452	0.00019311428571428568	0.0006437142857142857	9.509900569915771	27784.146203041077
2495	1291.5971019892545	997.94	67.646484375	0.2451127	0.00019307142857142854	0.0006435714285714286	9.954283475875854	27794.10105252266
2496	1290.7723610734354	1000.97	67.413818359375	0.24509901	0.0001930285714285714	0.0006434285714285715	9.386539936065674	27803.489378213882
2497	1332.9496324314307	1017.54	66.923095703125	0.2450894	0.00019298571428571424	0.0006432857142857143	9.375788927078247	27812.865748405457
2498	1294.8053517608223	995.49	67.430908203125	0.24507898	0.0001929428571428571	0.0006431428571428571	9.905189990997314	27822.772762298584
2499	1303.0354375286615	1011.44	67.18994140625	0.24506825	0.0001929	0.000643	9.400858879089355	27832.1742310524
2500	1296.1150058965447	1014.66	66.9462890625	0.24505906	0.0001928571428571428	0.0006428571428571428	9.397810220718384	27841.5738799572
2501	1278.2250728901463	1004.68	66.955322265625	0.24500407	0.00019281428571428573	0.0006427142857142858	9.610063552856445	27851.184509277344
2502	1276.303192663106	992.47	67.96337890625	0.24498963	0.00019277142857142856	0.0006425714285714285	9.692784786224365	27860.87832427025
2503	1292.067003894978	1015.17	67.72119140625	0.24497493	0.0001927285714285714	0.0006424285714285714	9.386810541152954	27870.2657058239
2504	1294.8034142219308	1013.94	66.23681640625	0.2449609	0.0001926857142857143	0.0006422857142857144	9.401267528533936	27879.66934800148
2505	1278.1907918326822	986.76	67.236083984375	0.2449467	0.00019264285714285713	0.0006421428571428572	9.57499885559082	27889.24498105049
2506	1307.7077171324618	1005.07	67.494873046875	0.24493317	0.0001926	0.000642	9.447812795639038	27898.69421482086
2507	1289.3317735163678	1011.29	66.5087890625	0.24492292	0.00019255714285714286	0.0006418571428571429	9.494703531265259	27908.189553022385
2508	1331.616816469332	1014.32	67.50927734375	0.24491186	0.0001925142857142857	0.0006417142857142857	9.777138948440552	27917.968818187714
2509	1301.5233967720915	1005.71	66.76708984375	0.2444244	0.00019247142857142856	0.0006415714285714286	12.798461198806763	27930.767829418182
2510	1304.6082723406078	1006.84	67.024169921875	0.24396245	0.00019242857142857142	0.0006414285714285714	12.985270738601685	27943.75457906723
2511	1296.42904337153	1009.71	67.03173828125	0.24396412	0.00019238571428571426	0.0006412857142857142	9.415516376495361	27953.17068719864
2512	1302.8790897092522	1002.85	67.04052734375	0.24360055	0.00019234285714285712	0.0006411428571428572	12.61316704750061	27965.785768032074
2513	1270.9173691293154	969.57	67.547607421875	0.24360502	0.00019229999999999999	0.0006410000000000001	9.959590673446655	27975.745946884155
2514	1291.6331637296216	997.25	66.306396484375	0.24353327	0.00019225714285714282	0.0006408571428571428	13.258163928985596	27989.00559449196
2515	1308.2674560249916	1009.35	66.8134765625	0.24300848	0.0001922142857142857	0.0006407142857142858	11.62666654586792	28000.63285303116
2516	1266.442184237056	976.8	67.81689453125	0.2430173	0.00019217142857142855	0.0006405714285714286	9.889519929885864	28010.522906303406
2517	1287.205885115349	984.13	66.8310546875	0.24276221	0.00019212857142857139	0.0006404285714285714	12.237062692642212	28022.761408805847
2518	1315.2477141127417	1015.43	67.089111328125	0.24253975	0.00019208571428571428	0.0006402857142857143	12.640271425247192	28035.40223145485
2519	1303.4328569476154	1008.15	67.3369140625	0.24254765	0.00019204285714285711	0.0006401428571428571	9.407198190689087	28044.811103343964
2520	1329.4979235916499	1014.28	67.104736328125	0.24255508	0.00019199999999999998	0.00064	9.413136720657349	28054.224861383438
2521	1294.0385915382208	1010.31	67.8623046875	0.24256082	0.00019195714285714284	0.000639857142857143	10.035486936569214	28064.262135267258
2522	1294.7422679166223	1011.01	66.87060546875	0.24233396	0.00019191428571428568	0.0006397142857142857	12.612258434295654	28076.875097751617
2523	1304.3509311428454	999.12	66.878173828125	0.24211605	0.00019187142857142854	0.0006395714285714286	13.105345726013184	28089.981011629105
2524	1314.164650333299	1016.21	67.38623046875	0.2418961	0.00019182857142857143	0.0006394285714285715	12.06013798713684	28102.042991399765
2525	1312.8485341220887	1008.2	67.394287109375	0.24189973	0.00019178571428571424	0.0006392857142857142	9.693835973739624	28111.73695898056
2526	1300.468392434663	1009.05	67.652587890625	0.24189822	0.00019174285714285713	0.0006391428571428571	9.421790838241577	28121.160564422607
2527	1293.2406364646142	990.68	66.908447265625	0.24175407	0.0001917	0.000639	16.344633102416992	28137.505849123
2528	1317.5036097750497	1001.67	64.617919921875	0.24149953	0.0001916571428571428	0.0006388571428571428	12.033435821533203	28149.540810108185
2529	1296.1159029949827	1004.33	66.921630859375	0.24130435	0.00019161428571428573	0.0006387142857142858	12.854321241378784	28162.395770311356
2530	1277.5035275858831	985.92	67.6796875	0.24130385	0.00019157142857142856	0.0006385714285714286	9.670270204544067	28172.067767620087
2531	1317.2398725461235	1015.05	66.44775390625	0.24108697	0.0001915285714285714	0.0006384285714285714	13.394093751907349	28185.46253657341
2532	1314.4279978912425	1009.93	66.94873046875	0.24097581	0.0001914857142857143	0.0006382857142857144	10.026346683502197	28195.489502191544
2533	1312.967238106759	1022.12	67.956787109375	0.24096303	0.00019144285714285713	0.0006381428571428571	9.429435968399048	28204.920788288116
2534	1334.7781950139665	1016.85	67.958251953125	0.24095409	0.0001914	0.000638	10.001449823379517	28214.922830104828
2535	1335.1929507469706	1003.95	67.22119140625	0.24094091	0.00019135714285714285	0.0006378571428571429	9.414424419403076	28224.33912587166
2536	1329.508084920261	1007.78	66.011474609375	0.24052624	0.0001913142857142857	0.0006377142857142857	12.491352319717407	28236.83109331131
2537	1324.9968092028723	1010.39	67.488037109375	0.24053197	0.00019127142857142855	0.0006375714285714285	10.058478355407715	28246.89107441902
2538	1321.0215750943948	1013.92	66.745849609375	0.24013485	0.00019122857142857142	0.0006374285714285714	12.64689016342163	28259.53850388527
2539	1306.4703432205997	996.45	68.003662109375	0.24013074	0.00019118571428571426	0.0006372857142857143	9.389048099517822	28268.92945742607
2540	1294.016519385066	1003.08	67.01171875	0.24007352	0.00019114285714285712	0.0006371428571428572	9.942977905273438	28278.873096227646
2541	1314.6013053085094	1004.64	67.26953125	0.239974	0.00019109999999999998	0.000637	9.593696117401123	28288.468265771866
2542	1306.9475411446338	997.1	67.27685546875	0.23994535	0.00019105714285714282	0.0006368571428571428	9.545139789581299	28298.013972997665
2543	1272.7385231983092	981.76	66.29345703125	0.23991995	0.0001910142857142857	0.0006367142857142858	9.606847047805786	28307.622622728348
2544	1327.565323057255	1016.22	67.79345703125	0.23989825	0.00019097142857142855	0.0006365714285714286	9.478201627731323	28317.10137271881
2545	1310.2863098005782	1018.19	67.80126953125	0.23987764	0.0001909285714285714	0.0006364285714285714	9.46292781829834	28326.566251277924
2546	1260.2945919718973	984.81	68.05908203125	0.23985763	0.00019088571428571428	0.0006362857142857143	10.263672113418579	28336.830543279648
2547	1265.3266996039956	977.02	67.565673828125	0.23983885	0.0001908428571428571	0.0006361428571428571	9.580920696258545	28346.414474010468
2548	1293.7633199025456	1006.89	67.323486328125	0.23968656	0.00019079999999999998	0.0006360000000000001	14.1715247631073	28360.586691379547
2549	1271.2664945613965	989.02	67.95751953125	0.23969026	0.00019075714285714284	0.0006358571428571429	9.77819037437439	28370.36548757553
2550	1266.9143426185642	987.88	66.47314453125	0.23925644	0.00019071428571428568	0.0006357142857142857	13.437698125839233	28383.80471754074
2551	1292.9784844677588	990.93	67.246337890625	0.23900954	0.00019067142857142854	0.0006355714285714286	14.063176155090332	28397.868502616882
2552	1267.6159663808585	992.28	67.23095703125	0.23899186	0.00019062857142857143	0.0006354285714285715	9.632005214691162	28407.502031087875
2553	1307.3443974823504	1008.62	67.989013671875	0.23898302	0.00019058571428571424	0.0006352857142857142	9.523866415023804	28417.026448726654
2554	1277.1312700820495	987.8	67.9970703125	0.23897289	0.00019054285714285713	0.0006351428571428571	9.96657419204712	28426.9951877594
2555	1320.4037895397912	1018.59	68.254638671875	0.23896368	0.0001905	0.000635	9.436925172805786	28436.432692289352
2556	1311.2468324308447	1009.79	67.7626953125	0.23895888	0.00019045714285714283	0.0006348571428571428	9.421401500701904	28445.856075048447
2557	1337.1709841052698	1015.79	68.020751953125	0.23895007	0.00019041428571428572	0.0006347142857142858	10.14130711555481	28455.99797654152
2558	1322.3986735214808	1000.66	67.778564453125	0.23873441	0.00019037142857142856	0.0006345714285714286	12.378387451171875	28468.377900123596
2559	1265.8983574269475	983.03	67.811767578125	0.23873647	0.00019032857142857142	0.0006344285714285715	10.153786659240723	28478.532288074493
2560	1331.601857423966	1010.35	68.044189453125	0.23873228	0.0001902857142857143	0.0006342857142857144	9.616742134094238	28488.151137828827
2561	1342.1799750811583	1008.18	67.80224609375	0.23872441	0.00019024285714285712	0.0006341428571428571	9.47771406173706	28497.62943816185
2562	1326.0484573339763	1002.2	66.81787109375	0.2387141	0.0001902	0.000634	9.443446636199951	28507.07474064827
2563	1312.4729780877315	996.67	67.81787109375	0.23870449	0.00019015714285714285	0.0006338571428571429	10.051312923431396	28517.126614809036
2564	1291.0923415833886	995.52	66.831298828125	0.23869433	0.0001901142857142857	0.0006337142857142857	9.466654777526855	28526.595534086227
2565	1286.3143661482598	995.38	66.341796875	0.23827122	0.00019007142857142855	0.0006335714285714285	11.93504810333252	28538.531212091446
2566	1305.0804097237096	991.44	68.3427734375	0.23827936	0.00019002857142857142	0.0006334285714285715	9.58609676361084	28548.1191842556
2567	1302.8983379899703	1002.1	67.600341796875	0.23810136	0.00018998571428571425	0.0006332857142857143	12.687380075454712	28560.80716776848
2568	1296.8416910139192	989.45	66.365966796875	0.23807138	0.00018994285714285712	0.0006331428571428572	9.689223527908325	28570.49827814102
2569	1278.4407985339658	994.6	66.87451171875	0.23802857	0.00018989999999999998	0.000633	9.774202823638916	28580.273062467575
2570	1306.9434646048485	999.04	68.159423828125	0.23802023	0.00018985714285714282	0.0006328571428571428	9.41113018989563	28589.685941696167
2571	1299.3029460319833	992.54	66.9228515625	0.23801093	0.0001898142857142857	0.0006327142857142858	9.611559629440308	28599.298094511032
2572	1318.4806181774165	1003.19	67.923095703125	0.23800139	0.00018977142857142855	0.0006325714285714286	9.597013711929321	28608.897156476974
2573	1269.762424584714	977.32	67.439208984375	0.23799397	0.0001897285714285714	0.0006324285714285714	9.544609308242798	28618.44236445427
2574	1277.8388861504998	979.11	66.410888671875	0.237532	0.00018968571428571427	0.0006322857142857144	11.687018156051636	28630.14347577095
2575	1324.5758684689563	1012.02	68.411865234375	0.23753639	0.0001896428571428571	0.0006321428571428572	9.646938562393188	28639.79101538658
2576	1311.9892782724442	1006.92	67.919677734375	0.23755021	0.00018959999999999997	0.000632	9.57933759689331	28649.371797323227
2577	1321.3710871179082	1007.44	67.677734375	0.23733364	0.00018955714285714286	0.0006318571428571429	11.565943717956543	28660.93832397461
2578	1309.5422435805658	1014.48	68.182373046875	0.23733498	0.00018951428571428567	0.0006317142857142857	9.623457908630371	28670.563863754272
2579	1244.5683425007003	962.84	66.451171875	0.23717879	0.00018947142857142857	0.0006315714285714286	12.634705781936646	28683.199167966843
2580	1295.5102612035212	995.67	66.458740234375	0.23692465	0.00018942857142857143	0.0006314285714285714	10.516167879104614	28693.71756219864
2581	1292.8963271108373	997.71	68.458251953125	0.23689307	0.00018938571428571424	0.0006312857142857142	9.444758415222168	28703.162908792496
2582	1296.3485143638695	989.54	66.974853515625	0.23686607	0.00018934285714285713	0.0006311428571428571	9.430821418762207	28712.595595121384
2583	1322.5083428670748	1013.14	66.98388671875	0.23684037	0.0001893	0.000631	9.747952699661255	28722.344165325165
2584	1302.788462313429	998.06	67.9736328125	0.2368152	0.00018925714285714283	0.0006308571428571427	9.711942911148071	28732.05863237381
2585	1280.6583516041558	983.91	68.4853515625	0.23678862	0.00018921428571428572	0.0006307142857142858	9.446302652359009	28741.505507707596
2586	1276.54099049151	979.85	65.203125	0.23658001	0.00018917142857142856	0.0006305714285714286	13.175999164581299	28754.68365740776
2587	1309.6435339726638	999.65	67.756103515625	0.2363186	0.00018912857142857142	0.0006304285714285715	13.292990446090698	28767.977197647095
2588	1310.8946473139667	1011.81	66.523193359375	0.23595227	0.00018908571428571429	0.0006302857142857143	12.719976425170898	28780.69916653633
2589	1291.9316214939765	997.0	67.523193359375	0.23579384	0.00018904285714285712	0.0006301428571428571	13.165614128112793	28793.86535334587
2590	1304.5264818140633	993.17	67.555908203125	0.23573385	0.00018899999999999999	0.00063	9.732627153396606	28803.60060954094
2591	1317.037627386864	997.65	68.032470703125	0.23562981	0.00018895714285714285	0.0006298571428571429	12.82668685913086	28816.42784023285
2592	1300.5105278722326	999.51	68.037109375	0.2355057	0.0001889142857142857	0.0006297142857142856	12.655508995056152	28829.08520412445
2593	1281.6910564860002	1000.39	66.81103515625	0.23516507	0.00018887142857142855	0.0006295714285714286	13.737648725509644	28842.82339167595
2594	1318.4072012759173	997.84	68.8046875	0.23516387	0.00018882857142857141	0.0006294285714285715	9.750710487365723	28852.57608652115
2595	1249.480690580021	966.9	65.826904296875	0.23484193	0.00018878571428571425	0.0006292857142857143	12.94664216041565	28865.5233066082
2596	1340.8873636405913	1008.14	67.83447265625	0.2348367	0.00018874285714285714	0.0006291428571428572	9.91936182975769	28875.444598197937
2597	1265.7635300857066	977.72	68.084716796875	0.23453511	0.00018869999999999998	0.000629	12.874934911727905	28888.320168972015
2598	1312.8045409032677	999.67	68.841796875	0.23454143	0.00018865714285714282	0.0006288571428571428	9.6908118724823	28898.013196706772
2599	1307.605054328194	1005.31	68.3515625	0.2345491	0.0001886142857142857	0.0006287142857142858	9.632240295410156	28907.646011829376
2600	1304.8186592425427	1002.42	68.109619140625	0.23455878	0.00018857142857142854	0.0006285714285714285	9.410126209259033	28917.058084249496
2601	1310.787268859319	993.3	68.117431640625	0.23456907	0.0001885285714285714	0.0006284285714285714	9.413385152816772	28926.472102880478
2602	1359.8452837097273	1024.0	68.12548828125	0.23430423	0.00018848571428571427	0.0006282857142857144	12.961183071136475	28939.435555696487
2603	1340.7498403743043	1023.79	68.12353515625	0.23430276	0.0001884428571428571	0.0006281428571428572	9.447718858718872	28948.88382458687
2604	1330.7867190497645	1012.79	68.14111328125	0.23441423	0.00018839999999999997	0.000628	16.48020052909851	28965.365873336792
2605	1354.1987065833453	1024.0	67.39892578125	0.23401445	0.00018835714285714286	0.0006278571428571429	12.37152910232544	28977.739472150803
2606	1328.1935705381995	1004.67	67.680419921875	0.2338221	0.00018831428571428567	0.0006277142857142857	12.282017707824707	28990.022092103958
2607	1330.4241608160569	1016.79	67.914794921875	0.23373295	0.00018827142857142856	0.0006275714285714286	10.050726175308228	29000.07483434677
2608	1351.4039586029	1019.44	68.6591796875	0.23371695	0.00018822857142857143	0.0006274285714285714	9.416024923324585	29009.491406202316
2609	1329.400936141124	1004.4	68.4306640625	0.23370479	0.00018818571428571426	0.0006272857142857142	9.463164329528809	29018.956514835358
2610	1305.6589014649473	989.97	68.4384765625	0.23369628	0.00018814285714285715	0.0006271428571428573	9.746323347091675	29028.70341515541
2611	1326.7539223531758	1009.74	68.195556640625	0.23368879	0.0001881	0.0006270000000000001	9.440673589706421	29038.146586418152
2612	1294.3307712889007	992.07	67.70361328125	0.23368157	0.00018805714285714283	0.0006268571428571428	9.43330192565918	29047.580512285233
2613	1315.1076839973455	1007.46	67.094482421875	0.23354155	0.00018801428571428572	0.0006267142857142858	13.251710891723633	29060.834128141403
2614	1331.6223216645042	1018.22	67.603271484375	0.23354228	0.00018797142857142856	0.0006265714285714286	9.460985898971558	29070.29570221901
2615	1337.3106174156505	1022.07	67.853515625	0.23320894	0.00018792857142857142	0.0006264285714285715	13.778252840042114	29084.076345682144
2616	1341.9613696841743	1011.94	66.869140625	0.23317367	0.00018788571428571428	0.0006262857142857143	12.988999843597412	29097.065920829773
2617	1317.1394895320961	1000.4	68.86962890625	0.23317558	0.00018784285714285712	0.0006261428571428571	9.43049430847168	29106.49833035469
2618	1351.9122070377434	1024.0	68.377197265625	0.23303795	0.00018779999999999998	0.000626	12.51622200012207	29119.015171051025
2619	1324.313117958651	1008.21	68.384033203125	0.23304462	0.00018775714285714285	0.000625857142857143	9.416931629180908	29128.433195590973
2620	1296.8055412394215	985.12	67.386474609375	0.2327538	0.00018771428571428568	0.0006257142857142857	12.953574895858765	29141.387389421463
2621	1306.5170721088728	1002.04	68.89892578125	0.232637	0.00018767142857142855	0.0006255714285714286	12.723876237869263	29154.11274266243
2622	1340.1165503330226	1020.19	68.396728515625	0.23263682	0.0001876285714285714	0.0006254285714285715	9.444944620132446	29163.55825471878
2623	1301.0821594085776	995.71	66.922607421875	0.23231636	0.00018758571428571425	0.0006252857142857142	13.21372938156128	29176.77394604683
2624	1300.420484030118	1002.14	68.1728515625	0.23231785	0.00018754285714285714	0.0006251428571428572	9.44929051399231	29186.223826169968
2625	1337.668953828522	1023.97	67.929443359375	0.23220204	0.00018749999999999998	0.000625	9.835548162460327	29196.06144809723
2626	1318.8870227260027	1018.2	68.9384765625	0.23217745	0.0001874571428571428	0.0006248571428571428	9.939773321151733	29206.001798391342
2627	1309.2185941633206	1001.31	68.946533203125	0.23215668	0.0001874142857142857	0.0006247142857142858	9.558634996414185	29215.56189084053
2628	1318.9771255787791	1009.35	67.462158203125	0.23213798	0.00018737142857142854	0.0006245714285714285	9.41054630279541	29224.973150730133
2629	1304.1821930154929	1003.02	68.4619140625	0.23211755	0.0001873285714285714	0.0006244285714285715	10.130013227462769	29235.10375905037
2630	1310.4516023619678	1011.18	68.469970703125	0.23209894	0.0001872857142857143	0.0006242857142857144	9.42400336265564	29244.529768705368
2631	1335.849177857851	1019.62	67.486328125	0.23208101	0.0001872428571428571	0.0006241428571428571	9.403520822525024	29253.933851003647
2632	1348.4748822791769	1012.85	67.486572265625	0.23198517	0.0001872	0.000624	12.997648239135742	29266.933049440384
2633	1312.8448014321289	1017.06	68.494873046875	0.23198672	0.00018715714285714286	0.0006238571428571429	9.453751564025879	29276.38736128807
2634	1338.292376094239	1016.34	68.010498046875	0.2319858	0.00018711428571428567	0.0006237142857142857	9.43732762336731	29285.82662653923
2635	1333.3513367621774	1013.7	68.7587890625	0.23198546	0.00018707142857142856	0.0006235714285714285	9.90792179107666	29295.735149860382
2636	1313.4272263189953	1012.25	69.01806640625	0.23198764	0.00018702857142857142	0.0006234285714285714	9.401236295700073	29305.138251781464
2637	1329.3848313053156	1022.05	69.026123046875	0.2319849	0.00018698571428571426	0.0006232857142857142	9.4214026927948	29314.560239076614
2638	1319.0264033713786	998.98	68.533935546875	0.23186684	0.00018694285714285715	0.0006231428571428573	13.021468162536621	29327.583827018738
2639	1345.5033397442503	1018.35	67.549560546875	0.23186807	0.0001869	0.000623	9.494007587432861	29337.078418016434
2640	1330.6246334998834	1022.34	68.549560546875	0.23140687	0.00018685714285714283	0.0006228571428571428	11.609609365463257	29348.69010591507
2641	1332.7725698644053	1008.79	68.307861328125	0.23124862	0.00018681428571428572	0.0006227142857142858	13.069775342941284	29361.760459899902
2642	1329.836841927962	1020.08	67.073486328125	0.2311282	0.00018677142857142855	0.0006225714285714286	12.173699855804443	29373.936323165894
2643	1298.9736638236943	993.2	65.776123046875	0.23112993	0.00018672857142857142	0.0006224285714285714	10.399812936782837	29384.33682823181
2644	1288.607046044275	1000.9	67.085693359375	0.23107658	0.00018668571428571428	0.0006222857142857143	9.783603191375732	29394.121025562286
2645	1319.308594918561	1008.32	68.58642578125	0.2310598	0.00018664285714285712	0.0006221428571428571	9.430216073989868	29403.553540945053
2646	1331.8881750247945	1009.9	67.85302734375	0.23104149	0.00018659999999999998	0.000622	9.974530935287476	29413.528704166412
2647	1327.054942474114	1005.3	67.860595703125	0.23102172	0.00018655714285714285	0.0006218571428571429	9.420266151428223	29422.951066970825
2648	1324.7251583388309	1018.38	67.86767578125	0.23100166	0.00018651428571428568	0.0006217142857142857	9.44747281074524	29432.39911389351
2649	1288.520686489082	998.69	69.119873046875	0.23098068	0.00018647142857142855	0.0006215714285714286	10.679612874984741	29443.08111667633
2650	1282.6546049679716	989.75	67.88525390625	0.23096073	0.0001864285714285714	0.0006214285714285715	9.80604863166809	29452.88777756691
2651	1337.4233214767623	1010.9	67.143310546875	0.23086856	0.00018638571428571425	0.0006212857142857142	9.671167135238647	29462.56067466736
2652	1305.9494787538965	1009.55	67.651611328125	0.23085032	0.00018634285714285714	0.0006211428571428572	9.967648983001709	29472.528955936432
2653	1358.7257464014367	1018.13	68.1513671875	0.23083518	0.00018629999999999997	0.000621	9.51112413406372	29482.042290210724
2654	1314.3446316127267	1000.99	67.6669921875	0.23082091	0.0001862571428571428	0.0006208571428571428	9.420429468154907	29491.463356494904
2655	1325.0915716605343	1011.14	69.4091796875	0.23080714	0.0001862142857142857	0.0006207142857142857	9.45559573173523	29500.919587135315
2656	1327.1683860546495	1011.64	67.182861328125	0.230686	0.00018617142857142854	0.0006205714285714286	9.894088745117188	29510.816087961197
2657	1283.8090493225866	995.46	68.931640625	0.23065943	0.0001861285714285714	0.0006204285714285715	9.438399314880371	29520.25504922867
2658	1274.4743274659309	984.71	68.940673828125	0.23063748	0.0001860857142857143	0.0006202857142857144	12.387574911117554	29532.64366197586
2659	1343.3337617860368	1013.95	67.706298828125	0.23062025	0.0001860428571428571	0.0006201428571428571	9.500751256942749	29542.145046710968
2660	1341.6359334578092	1010.74	68.94287109375	0.23060697	0.000186	0.00062	9.41190481185913	29551.55945944786
2661	1312.0452067776416	1010.05	67.222412109375	0.23051508	0.00018595714285714286	0.0006198571428571429	9.87262487411499	29561.43272280693
2662	1304.1309697295296	1008.33	68.47216796875	0.23050343	0.0001859142857142857	0.0006197142857142857	9.933273077011108	29571.367814064026
2663	1336.758228450005	1012.25	69.22998046875	0.23048957	0.00018587142857142856	0.0006195714285714285	9.413098812103271	29580.78149819374
2664	1334.4677254314124	1008.86	69.239013671875	0.23047654	0.00018582857142857142	0.0006194285714285714	9.428750991821289	29590.21213746071
2665	1317.2649925231683	1011.99	68.496826171875	0.23024993	0.00018578571428571426	0.0006192857142857143	12.497359991073608	29602.710121393204
2666	1332.690322862365	1016.11	68.7548828125	0.23026001	0.00018574285714285715	0.0006191428571428573	20.22158646583557	29622.933921337128
2667	1346.3908298079891	1020.41	69.0126953125	0.2302655	0.0001857	0.000619	9.474125623703003	29632.409893274307
2668	1318.8576005824311	999.56	68.270751953125	0.23008414	0.00018565714285714285	0.0006188571428571429	12.091382026672363	29644.501900672913
2669	1338.453419851074	1021.41	69.026611328125	0.23008527	0.00018561428571428571	0.0006187142857142858	10.088656902313232	29654.59248161316
2670	1347.0636830256701	1020.02	67.784423828125	0.23002638	0.00018557142857142855	0.0006185714285714286	9.818433284759521	29664.411505937576
2671	1327.4419073194085	1011.07	69.04248046875	0.23001106	0.00018552857142857142	0.0006184285714285714	9.42704701423645	29673.8404006958
2672	1279.9482405039257	989.63	68.80029296875	0.2299958	0.00018548571428571428	0.0006182857142857143	9.98003339767456	29683.821031808853
2673	1326.200082682588	1007.08	69.05810546875	0.22997923	0.00018544285714285712	0.0006181428571428571	9.701396703720093	29693.524258375168
2674	1314.0947306817843	1000.61	69.066162109375	0.2299615	0.00018539999999999998	0.0006180000000000001	9.41037392616272	29702.935227155685
2675	1333.5032723629306	1012.55	68.82421875	0.22989906	0.00018535714285714284	0.0006178571428571429	12.07708740234375	29715.014152288437
2676	1325.3880410246295	1010.61	69.08203125	0.22989851	0.00018531428571428568	0.0006177142857142857	9.449009418487549	29724.463742733
2677	1312.0589602961359	1011.74	68.340576171875	0.22981535	0.00018527142857142854	0.0006175714285714286	9.797510385513306	29734.263597488403
2678	1368.1715208350558	1021.51	68.59912109375	0.22979893	0.0001852285714285714	0.0006174285714285714	10.03623366355896	29744.300407886505
2679	1346.4348059533452	1022.07	69.35986328125	0.22978508	0.00018518571428571424	0.0006172857142857142	9.41392183303833	29753.715183258057
2680	1330.1403883707555	1016.49	68.868408203125	0.22976975	0.00018514285714285714	0.0006171428571428572	9.437110185623169	29763.15289402008
2681	1329.7514223145304	998.47	68.88037109375	0.22975115	0.00018509999999999997	0.000617	10.004766464233398	29773.15946173668
2682	1321.916113932637	1008.49	69.639892578125	0.22973263	0.00018505714285714284	0.0006168571428571428	9.475410461425781	29782.63546037674
2683	1318.1585706518388	1008.6	69.14794921875	0.22971566	0.00018501428571428573	0.0006167142857142858	9.474386215209961	29792.11185503006
2684	1330.9424614707063	1006.1	68.14599609375	0.2296838	0.00018497142857142854	0.0006165714285714286	9.81773853302002	29801.930294036865
2685	1331.5089387695077	1009.0	68.177734375	0.22967172	0.00018492857142857143	0.0006164285714285715	9.940178155899048	29811.873032093048
2686	1356.034697769644	1019.17	68.687255859375	0.22966026	0.0001848857142857143	0.0006162857142857143	9.410543203353882	29821.284192323685
2687	1348.100503828922	1024.0	68.939208984375	0.2296464	0.0001848428571428571	0.0006161428571428571	9.442614316940308	29830.72868180275
2688	1296.9468575253445	993.66	69.698974609375	0.22963266	0.0001848	0.000616	9.719588279724121	29840.44852757454
2689	1284.4939103601182	976.38	68.9541015625	0.2296179	0.00018475714285714286	0.0006158571428571429	9.415760040283203	29849.865708112717
2690	1341.2485684070987	1000.05	69.218505859375	0.22960408	0.0001847142857142857	0.0006157142857142856	9.450491428375244	29859.316794395447
2691	1330.3985978071769	1006.03	68.47705078125	0.22920048	0.00018467142857142856	0.0006155714285714285	12.068560600280762	29871.38689494133
2692	1344.754088278232	1010.76	68.9873046875	0.22857673	0.00018462857142857142	0.0006154285714285715	11.834834337234497	29883.22229361534
2693	1320.348168035395	984.71	69.4970703125	0.22858226	0.00018458571428571426	0.0006152857142857143	9.998505353927612	29893.222885370255
2694	1328.009850254693	1012.4	68.506591796875	0.22823477	0.00018454285714285715	0.0006151428571428572	11.871052742004395	29905.094150304794
2695	1316.8765784530024	997.41	68.5166015625	0.22822933	0.00018449999999999999	0.000615	9.680304765701294	29914.775864601135
2696	1298.7814073676493	984.24	69.0263671875	0.22822398	0.00018445714285714285	0.0006148571428571429	10.01891016960144	29924.795085668564
2697	1330.164475660138	1009.79	69.0361328125	0.22821683	0.0001844142857142857	0.0006147142857142858	9.710144996643066	29934.507052898407
2698	1369.280755259983	1021.45	68.052734375	0.22820961	0.00018437142857142855	0.0006145714285714285	9.493478059768677	29944.000651836395
2699	1338.5686127468841	1009.17	68.81494140625	0.22820115	0.0001843285714285714	0.0006144285714285714	10.059343099594116	29954.06144952774
2700	1325.5203067502205	1009.88	69.31689453125	0.22819357	0.00018428571428571428	0.0006142857142857143	9.600933313369751	29963.662944316864
2701	1291.8244581040838	995.14	66.280029296875	0.22818668	0.00018424285714285711	0.0006141428571428572	9.452251672744751	29973.117265939713
2702	1338.2113955360103	1016.58	68.3427734375	0.22809505	0.00018419999999999998	0.000614	13.607804775238037	29986.725658655167
2703	1299.9568866084103	995.84	68.595947265625	0.22800547	0.00018415714285714284	0.0006138571428571429	12.464365005493164	29999.19148015976
2704	1309.1656200163263	989.18	69.355712890625	0.22783588	0.00018411428571428568	0.0006137142857142857	13.537009716033936	30012.72918319702
2705	1327.2575559344252	1016.15	69.115478515625	0.22782248	0.00018407142857142854	0.0006135714285714286	12.302606105804443	30025.032400608063
2706	1289.2246830892245	990.11	69.62548828125	0.22782052	0.0001840285714285714	0.0006134285714285714	9.47426462173462	30034.508858680725
2707	1302.7776770941914	996.21	68.39306640625	0.2278164	0.00018398571428571424	0.0006132857142857142	9.990349292755127	30044.499816656113
2708	1327.8160709504548	995.14	68.89501953125	0.2273872	0.00018394285714285713	0.0006131428571428572	12.202579259872437	30056.70390033722
2709	1269.6890044926552	970.83	69.15478515625	0.22714758	0.00018389999999999997	0.000613	12.60682725906372	30069.31126856804
2710	1332.5918975141415	1004.95	69.16259765625	0.22690384	0.00018385714285714283	0.0006128571428571429	13.125401973724365	30082.43767094612
2711	1320.4478316616628	1012.41	69.67333984375	0.22690159	0.00018381428571428573	0.0006127142857142858	9.445673704147339	30091.884017944336
2712	1302.0897059816778	1001.61	69.18310546875	0.22654474	0.00018377142857142854	0.0006125714285714286	12.106037139892578	30103.990624189377
2713	1320.210691719102	1004.84	69.19287109375	0.22611201	0.00018372857142857143	0.0006124285714285715	11.617058992385864	30115.609613656998
2714	1320.3306121928954	1006.03	69.20361328125	0.22611482	0.0001836857142857143	0.0006122857142857143	9.511121034622192	30125.121337890625
2715	1326.445118319844	1007.11	69.461669921875	0.22611791	0.00018364285714285713	0.0006121428571428571	10.024279594421387	30135.147343158722
2716	1320.1545067302206	1001.07	69.223388671875	0.2261371	0.0001836	0.000612	9.693850755691528	30144.84189558029
2717	1314.3375225055167	1006.45	69.233154296875	0.22613876	0.00018355714285714285	0.0006118571428571429	9.451494455337524	30154.29400587082
2718	1267.8522165624067	975.45	69.9931640625	0.22614104	0.0001835142857142857	0.0006117142857142856	10.006366491317749	30164.30209350586
2719	1314.972738251218	993.33	69.7392578125	0.22614211	0.00018347142857142858	0.0006115714285714287	9.803976774215698	30174.106609106064
2720	1344.4166410090836	1018.46	69.512939453125	0.22614215	0.00018342857142857142	0.0006114285714285715	9.443185806274414	30183.551636219025
2721	1334.7252041024942	1005.91	70.272705078125	0.22614054	0.00018338571428571426	0.0006112857142857143	10.025200128555298	30193.577044010162
2722	1342.2542613510034	1024.0	69.5322265625	0.22613354	0.00018334285714285715	0.0006111428571428572	9.485685348510742	30203.064776659012
2723	1334.5429659712206	1011.87	70.042236328125	0.22612618	0.00018329999999999998	0.000611	9.455780506134033	30212.520683050156
2724	1365.4989673214025	1022.83	69.29541015625	0.2260759	0.00018325714285714285	0.0006108571428571429	10.223222732543945	30222.745601177216
2725	1343.558360389025	1006.81	69.81201171875	0.22603454	0.0001832142857142857	0.0006107142857142858	9.876454830169678	30232.622802495956
2726	1341.2764301896352	1003.16	69.821533203125	0.22603433	0.00018317142857142855	0.0006105714285714285	9.426867961883545	30242.05024600029
2727	1321.70052255407	1004.0	69.33056640625	0.22603428	0.0001831285714285714	0.0006104285714285714	9.438976764678955	30251.492731809616
2728	1301.9693429487959	995.49	68.849365234375	0.22603469	0.00018308571428571428	0.0006102857142857144	9.555500507354736	30261.048808813095
2729	1319.1665567475472	1005.67	69.349853515625	0.22563161	0.0001830428571428571	0.0006101428571428571	11.624794244766235	30272.67445039749
2730	1293.042608932234	993.95	69.35888671875	0.22565971	0.00018299999999999998	0.00061	10.199284791946411	30282.874260902405
2731	1317.3060391661459	1005.58	70.12060546875	0.22565787	0.00018295714285714284	0.0006098571428571429	10.214539527893066	30293.091285943985
2732	1281.6122058881506	993.24	69.630615234375	0.22565778	0.00018291428571428568	0.0006097142857142857	9.461459159851074	30302.55330324173
2733	1317.8434019783606	1003.07	69.648193359375	0.22565861	0.00018287142857142857	0.0006095714285714286	9.701489925384521	30312.25660300255
2734	1323.1394580371314	1005.15	69.900146484375	0.22565995	0.0001828285714285714	0.0006094285714285714	9.523938179016113	30321.781197309494
2735	1250.360157806319	971.65	69.646484375	0.22565861	0.00018278571428571424	0.0006092857142857142	9.434512615203857	30331.217937469482
2736	1298.067209536963	996.91	69.670166015625	0.22565657	0.00018274285714285716	0.0006091428571428573	9.436344861984253	30340.65490627289
2737	1279.4257194653205	989.41	70.1796875	0.22565556	0.00018269999999999997	0.000609	9.572073221206665	30350.22892308235
2738	1326.7601343474519	1001.72	70.189697265625	0.2256494	0.00018265714285714286	0.0006088571428571429	9.398318529129028	30359.627806425095
2739	1250.0695284313304	962.22	69.449462890625	0.2256283	0.00018261428571428572	0.0006087142857142858	9.636485576629639	30369.26668190956
2740	1302.5512198447298	996.4	69.444580078125	0.22562082	0.00018257142857142853	0.0006085714285714286	9.47886610031128	30378.746136426926
2741	1261.8310830996402	966.77	69.84375	0.2256108	0.00018252857142857142	0.0006084285714285714	9.410272121429443	30388.158242225647
2742	1290.7716670853479	978.83	70.101806640625	0.22559755	0.0001824857142857143	0.0006082857142857143	9.431644916534424	30397.590508461
2743	1300.6209139905993	986.01	70.359619140625	0.22558463	0.00018244285714285712	0.0006081428571428571	9.858984231948853	30407.451227903366
2744	1313.2215629179075	1006.6	70.103271484375	0.22557576	0.0001824	0.000608	9.592207670211792	30417.043553113937
2745	1359.610947421668	1015.9	69.125732421875	0.2255351	0.00018235714285714285	0.0006078571428571428	9.635718822479248	30426.68121600151
2746	1321.9644823269318	1003.72	70.634521484375	0.22552656	0.0001823142857142857	0.0006077142857142856	9.961648225784302	30436.64349937439
2747	1270.8555930225	963.67	70.142333984375	0.22551835	0.00018227142857142858	0.0006075714285714287	9.42210078239441	30446.068490982056
2748	1316.5578136919978	1001.97	70.149169921875	0.22551005	0.00018222857142857142	0.0006074285714285715	9.422030925750732	30455.491146326065
2749	1273.6406477154155	984.86	69.657958984375	0.22549827	0.00018218571428571425	0.0006072857142857142	10.08983063697815	30465.582877874374
2750	1345.2556012254613	1017.04	70.166015625	0.22548991	0.00018214285714285714	0.0006071428571428572	9.459896564483643	30475.043345451355
2751	1291.5087019442226	986.24	70.673828125	0.22548155	0.00018209999999999998	0.000607	9.425565958023071	30484.471084833145
2752	1295.4012610690775	989.28	70.181884765625	0.2254733	0.00018205714285714284	0.0006068571428571429	9.956062316894531	30494.427759885788
2753	1327.7197046848073	1010.86	70.439697265625	0.22546566	0.0001820142857142857	0.0006067142857142857	9.453622579574585	30503.883262872696
2754	1320.165572807619	998.56	70.19580078125	0.22545569	0.00018197142857142855	0.0006065714285714285	9.528311491012573	30513.41216158867
2755	1345.2586046608235	1004.1	69.95361328125	0.22544901	0.0001819285714285714	0.0006064285714285715	9.947155714035034	30523.36257481575
2756	1318.1423457356923	1001.22	69.961669921875	0.2250637	0.00018188571428571427	0.0006062857142857144	12.53227949142456	30535.895431756973
2757	1354.2261724595185	1017.05	70.219482421875	0.22507387	0.0001818428571428571	0.0006061428571428571	9.448351860046387	30545.34533762932
2758	1308.708319498315	990.54	66.931640625	0.22508305	0.00018179999999999997	0.000606	9.977167129516602	30555.32274055481
2759	1300.4218930545144	993.22	69.720703125	0.22509293	0.00018175714285714284	0.0006058571428571429	9.513100862503052	30564.837391614914
2760	1318.7738305775615	1001.03	69.264892578125	0.22513206	0.00018171428571428567	0.0006057142857142857	9.848262786865234	30574.686224222183
2761	1313.0820175964056	987.93	69.515625	0.22513075	0.0001816714285714286	0.0006055714285714286	9.972008228302002	30584.660071611404
2762	1320.706562396564	983.16	68.765380859375	0.22512724	0.0001816285714285714	0.0006054285714285714	9.482910633087158	30594.143555402756
2763	1299.312791476431	975.45	68.77490234375	0.22512488	0.00018158571428571424	0.0006052857142857142	9.445197820663452	30603.591061115265
2764	1336.7961388345016	1006.19	70.525146484375	0.22512107	0.00018154285714285716	0.0006051428571428573	10.346555948257446	30613.938234329224
2765	1303.4401912131864	995.65	69.03271484375	0.2250945	0.00018149999999999997	0.000605	9.663428783416748	30623.603597402573
2766	1386.6986685084316	1024.0	69.29052734375	0.22458947	0.00018145714285714286	0.0006048571428571429	11.39724349975586	30635.001520872116
2767	1294.8091493240029	992.1	68.806640625	0.2245997	0.00018141428571428572	0.0006047142857142858	9.918394088745117	30644.92192387581
2768	1323.163973962695	1000.91	70.556396484375	0.22460707	0.00018137142857142856	0.0006045714285714286	9.828179359436035	30654.75065112114
2769	1313.3570286952186	1005.77	69.814453125	0.22440292	0.00018132857142857142	0.0006044285714285714	11.643285989761353	30666.395342350006
2770	1327.9995901620332	1002.29	70.56396484375	0.22440241	0.00018128571428571429	0.0006042857142857143	9.953234672546387	30676.34916949272
2771	1304.1916804223454	1003.02	68.087890625	0.22439341	0.00018124285714285712	0.0006041428571428571	9.49385118484497	30685.844717025757
2772	1316.8368242878528	1000.83	69.338134765625	0.22438554	0.00018119999999999999	0.000604	9.447405576705933	30695.29267835617
2773	1354.258754567693	1016.59	68.8525390625	0.22437872	0.00018115714285714285	0.0006038571428571429	10.169109344482422	30705.46412920952
2774	1331.890561150237	1011.59	69.850341796875	0.22437136	0.0001811142857142857	0.0006037142857142857	10.013810873031616	30715.478494405746
2775	1272.8520973722768	985.78	69.8603515625	0.22436221	0.00018107142857142858	0.0006035714285714287	9.455382347106934	30724.935334444046
2776	1284.2817283484321	985.87	70.1181640625	0.22435437	0.00018102857142857141	0.0006034285714285715	10.11989951133728	30735.05585861206
2777	1332.9373731641404	1012.62	69.875	0.2243466	0.00018098571428571425	0.0006032857142857142	9.476268291473389	30744.53456401825
2778	1347.7015503959647	1008.8	69.634033203125	0.22430496	0.00018094285714285714	0.0006031428571428572	9.640945434570312	30754.17604112625
2779	1332.4062162093192	1003.83	68.89990234375	0.22429521	0.00018089999999999998	0.000603	9.954163312911987	30764.13199877739
2780	1294.0956079895427	986.75	69.90087890625	0.2242883	0.00018085714285714284	0.0006028571428571428	9.742558240890503	30773.875128030777
2781	1355.6073864168209	1012.09	70.408935546875	0.22428423	0.0001808142857142857	0.0006027142857142857	9.445375680923462	30783.322709560394
2782	1353.1353307452218	1016.57	69.914306640625	0.22428322	0.00018077142857142854	0.0006025714285714286	10.258742332458496	30793.58204483986
2783	1323.9444449164255	1006.76	70.674560546875	0.22428018	0.0001807285714285714	0.0006024285714285715	9.491178035736084	30803.07524871826
2784	1318.522798244813	1004.35	69.432373046875	0.22425705	0.00018068571428571427	0.0006022857142857143	9.600796937942505	30812.676647663116
2785	1338.225713726499	1013.17	69.940185546875	0.22416444	0.0001806428571428571	0.0006021428571428571	10.537785768508911	30823.216477394104
2786	1332.5178582931899	1009.38	70.447998046875	0.22414927	0.00018059999999999997	0.000602	9.613204002380371	30832.83021759987
2787	1311.9859101432148	1008.43	70.205810546875	0.22413428	0.00018055714285714284	0.0006018571428571429	9.403008937835693	30842.23511481285
2788	1288.030281264121	978.87	69.471435546875	0.2241215	0.00018051428571428567	0.0006017142857142856	9.397035121917725	30851.632766723633
2789	1304.42363132321	983.27	68.9716796875	0.22375487	0.0001804714285714286	0.0006015714285714286	12.32015609741211	30863.9552628994
2790	1324.6533358294348	1003.37	69.7294921875	0.22375442	0.0001804285714285714	0.0006014285714285714	9.60424542427063	30873.560091257095
2791	1325.4204831572067	1006.76	69.987548828125	0.22375189	0.0001803857142857143	0.0006012857142857144	9.986632585525513	30883.548174619675
2792	1336.1430333460992	996.44	69.501708984375	0.22374646	0.00018034285714285715	0.0006011428571428572	10.180994033813477	30893.7297475338
2793	1335.9098492046335	1000.96	69.009521484375	0.22373895	0.00018029999999999996	0.000601	9.430761098861694	30903.162159204483
2794	1327.5604568571748	1012.35	70.760009765625	0.22373255	0.00018025714285714286	0.0006008571428571429	10.87928581237793	30914.04203748703
2795	1336.4449016773387	1016.63	70.507568359375	0.22372603	0.00018021428571428572	0.0006007142857142858	9.50907564163208	30923.552572250366
2796	1287.7763443755457	986.11	70.5263671875	0.22372203	0.00018017142857142856	0.0006005714285714285	9.44871997833252	30933.00188422203
2797	1335.9739825499082	1012.26	68.542236328125	0.22364235	0.00018012857142857142	0.0006004285714285714	10.393300533294678	30943.399486780167
2798	1314.105140004283	1002.94	69.790283203125	0.22362906	0.00018008571428571428	0.0006002857142857143	9.507632732391357	30952.90768623352
2799	1333.6853454497625	1004.99	70.298095703125	0.2236148	0.00018004285714285712	0.0006001428571428571	9.431898832321167	30962.34130334854
2800	1316.869391690021	1003.59	70.302978515625	0.2236004	0.00017999999999999998	0.0006	9.421027183532715	30971.762926340103
2801	1337.9679250962936	1008.69	70.064697265625	0.22358727	0.00017995714285714285	0.0005998571428571429	9.514601707458496	30981.279411554337
2802	1294.8942868789995	989.03	70.573974609375	0.22357297	0.00017991428571428568	0.0005997142857142857	9.410570621490479	30990.690591335297
2803	1270.3411829195857	977.76	69.07958984375	0.22350657	0.00017987142857142858	0.0005995714285714287	9.630876064300537	31000.32338166237
2804	1342.40104265773	1004.73	69.589599609375	0.22319193	0.0001798285714285714	0.0005994285714285714	12.655662298202515	31012.97963476181
2805	1320.7664149459563	1003.74	69.972412109375	0.22319442	0.00017978571428571428	0.0005992857142857143	9.453070163726807	31022.43458199501
2806	1305.182340110621	994.87	70.23046875	0.2229246	0.00017974285714285714	0.0005991428571428572	12.600541353225708	31035.035710811615
2807	1330.7798233763972	1008.21	69.99609375	0.2229259	0.00017969999999999998	0.000599	9.438356637954712	31044.47569155693
2808	1288.4933807703258	993.6	69.00390625	0.22290778	0.00017965714285714284	0.0005988571428571428	9.627451419830322	31054.10374879837
2809	1312.3647855445886	1011.9	70.50390625	0.22287335	0.0001796142857142857	0.0005987142857142858	10.130681037902832	31064.236570596695
2810	1276.9965858093829	986.31	70.51171875	0.22286476	0.00017957142857142854	0.0005985714285714286	10.655913352966309	31074.89304971695
2811	1350.056285584599	1014.68	69.52734375	0.22285895	0.0001795285714285714	0.0005984285714285715	9.437399625778198	31084.331862211227
2812	1308.1382745635985	988.86	71.017333984375	0.22285128	0.00017948571428571427	0.0005982857142857143	10.030439615249634	31094.362937927246
2813	1342.3023193761837	1009.99	69.78662109375	0.22274627	0.0001794428571428571	0.0005981428571428571	9.903525114059448	31104.267053604126
2814	1316.258913642811	1007.49	70.792724609375	0.22273093	0.00017939999999999997	0.000598	9.540298461914062	31113.809638261795
2815	1333.858874916936	1007.32	70.300537109375	0.22271623	0.00017935714285714283	0.0005978571428571429	9.96154499053955	31123.77188181877
2816	1322.5256191215003	999.01	67.51416015625	0.22269957	0.00017931428571428567	0.0005977142857142856	9.906054973602295	31133.67851471901
2817	1281.0199010065296	970.54	69.3056640625	0.22268307	0.0001792714285714286	0.0005975714285714286	9.447628736495972	31143.12765264511
2818	1336.0001286033532	1005.91	70.056640625	0.22264282	0.0001792285714285714	0.0005974285714285715	10.082982063293457	31153.21125769615
2819	1299.4823026630872	986.85	70.569580078125	0.22262393	0.0001791857142857143	0.0005972857142857144	9.506255865097046	31162.71834588051
2820	1305.4760670760995	989.61	70.086669921875	0.2226088	0.00017914285714285715	0.0005971428571428572	9.45253849029541	31172.17148041725
2821	1310.1335166422045	982.8	70.84521484375	0.22259425	0.0001791	0.000597	9.438599586486816	31181.612059354782
2822	1326.2530868988729	1009.55	70.853271484375	0.22257994	0.00017905714285714285	0.0005968571428571429	9.471243143081665	31191.083880662918
2823	1296.417012817797	996.27	70.60107421875	0.22256683	0.00017901428571428572	0.0005967142857142858	9.586564302444458	31200.672510623932
2824	1302.2927523431092	997.76	69.870849609375	0.22236507	0.00017897142857142855	0.0005965714285714285	11.946703910827637	31212.619797229767
2825	1346.7625423581721	1007.59	70.379150390625	0.22236936	0.00017892857142857142	0.0005964285714285714	9.661952495574951	31222.284514427185
2826	1335.9225801443774	1020.51	71.136962890625	0.22236967	0.00017888571428571428	0.0005962857142857143	9.387594223022461	31231.672328948975
2827	1296.5357035313211	982.48	70.14501953125	0.22235154	0.00017884285714285712	0.0005961428571428572	9.616575241088867	31241.29107761383
2828	1348.5813279507286	1012.32	69.90087890625	0.22219191	0.00017879999999999998	0.000596	10.32573938369751	31251.617363214493
2829	1313.4630712662836	990.77	70.410888671875	0.22216769	0.00017875714285714285	0.0005958571428571429	9.428905010223389	31261.047703504562
2830	1342.8797852229059	1004.93	70.420166015625	0.22214682	0.00017871428571428568	0.0005957142857142857	9.416139841079712	31270.464477300644
2831	1331.6311756334928	1010.62	70.927734375	0.22213091	0.00017867142857142857	0.0005955714285714287	9.508394002914429	31279.974919319153
2832	1320.2555906944049	996.4	70.436279296875	0.22191413	0.0001786285714285714	0.0005954285714285714	11.615296602249146	31291.590789318085
2833	1293.5377792637069	977.25	70.1943359375	0.22180681	0.00017858571428571427	0.0005952857142857143	12.371715068817139	31303.964628219604
2834	1330.0960318238604	1006.9	70.95263671875	0.22180815	0.00017854285714285714	0.0005951428571428572	9.55112624168396	31313.515862464905
2835	1323.2961347046692	1006.64	70.96044921875	0.2217598	0.00017849999999999997	0.0005949999999999999	11.678248643875122	31325.195609092712
2836	1344.2312894169454	1011.57	69.954345703125	0.22175437	0.00017845714285714284	0.0005948571428571428	10.016562700271606	31335.21274828911
2837	1337.3779940570714	999.3	70.473876953125	0.22175063	0.0001784142857142857	0.0005947142857142858	9.464274406433105	31344.678639173508
2838	1335.2769010725851	1013.71	70.483642578125	0.2217431	0.00017837142857142854	0.0005945714285714286	9.399781465530396	31354.078967809677
2839	1290.349915075011	977.59	70.491455078125	0.22173464	0.0001783285714285714	0.0005944285714285714	10.011343002319336	31364.092197179794
2840	1312.7662571238775	993.5	70.49755859375	0.22172743	0.00017828571428571427	0.0005942857142857143	9.938869714736938	31374.0316324234
2841	1333.4415042324927	1008.19	70.991455078125	0.22172026	0.0001782428571428571	0.0005941428571428571	9.412715435028076	31383.445853233337
2842	1353.4438535648526	1022.16	70.009033203125	0.22171259	0.00017819999999999997	0.000594	10.148754119873047	31393.595191001892
2843	1319.3203739027695	977.24	70.521240234375	0.22170508	0.00017815714285714283	0.0005938571428571428	9.47171664237976	31403.068591833115
2844	1335.8226831079148	1002.72	70.029052734375	0.22167404	0.00017811428571428567	0.0005937142857142856	9.589869737625122	31412.659060239792
2845	1331.883949858855	1013.45	70.037109375	0.22160919	0.00017807142857142859	0.0005935714285714287	10.231589078903198	31422.892306804657
2846	1343.8573790994537	1007.21	70.7958984375	0.22147012	0.0001780285714285714	0.0005934285714285715	10.1016206741333	31432.994537830353
2847	1294.6675160299715	990.74	71.293701171875	0.22144721	0.0001779857142857143	0.0005932857142857143	9.438026189804077	31442.43434238434
2848	1336.0202461930073	996.09	70.80078125	0.22142364	0.00017794285714285715	0.0005931428571428572	9.417613983154297	31451.852559566498
2849	1342.30126998198	995.98	69.819580078125	0.22094469	0.0001779	0.000593	11.433407068252563	31463.28743124008
2850	1321.2321122537917	985.1	70.07421875	0.22095425	0.00017785714285714285	0.0005928571428571429	9.424320697784424	31472.712375164032
2851	1322.4397227678853	995.76	71.085205078125	0.22096248	0.00017781428571428572	0.0005927142857142857	9.944714069366455	31482.65900158882
2852	1280.6934563027762	975.78	70.09326171875	0.22097884	0.00017777142857142855	0.0005925714285714285	9.95701551437378	31492.61620950699
2853	1330.8494386692641	1010.25	70.09619140625	0.220978	0.00017772857142857142	0.0005924285714285714	11.147643327713013	31503.765696763992
2854	1315.6711278112648	994.09	70.10888671875	0.22079243	0.00017768571428571428	0.0005922857142857144	12.078126430511475	31515.844410419464
2855	1301.593683480998	969.4	70.61669921875	0.22078739	0.00017764285714285712	0.000592142857142857	9.434765577316284	31525.280728816986
2856	1347.1819442048911	1016.95	71.124755859375	0.22078119	0.0001776	0.0005920000000000001	9.664463996887207	31534.94581270218
2857	1325.812691990598	996.83	70.144287109375	0.22076625	0.00017755714285714284	0.0005918571428571429	10.177901268005371	31545.125229120255
2858	1336.0420445257957	1005.12	71.140380859375	0.22075741	0.00017751428571428568	0.0005917142857142857	9.458613157272339	31554.58451652527
2859	1381.5415378647367	1018.57	70.643310546875	0.2207483	0.00017747142857142857	0.0005915714285714286	9.408889532089233	31563.99351501465
2860	1261.2112540304638	961.91	71.156494140625	0.22073726	0.0001774285714285714	0.0005914285714285714	10.118457317352295	31574.11398744583
2861	1340.4595867202934	1008.94	71.414306640625	0.22072478	0.00017738571428571427	0.0005912857142857143	9.448493719100952	31583.563061714172
2862	1323.1965435821724	1014.48	70.671875	0.22071253	0.00017734285714285714	0.0005911428571428572	9.546553134918213	31593.111739635468
2863	1330.6739858345047	1003.0	69.92724609375	0.22069198	0.00017729999999999997	0.0005909999999999999	10.069565296173096	31603.18194627762
2864	1303.5620171810308	989.01	70.435302734375	0.2206822	0.00017725714285714284	0.0005908571428571429	9.824975967407227	31613.008504629135
2865	1301.6934218189174	990.63	69.952880859375	0.22067542	0.0001772142857142857	0.0005907142857142858	9.406756162643433	31622.41590332985
2866	1294.46298057083	976.02	71.451171875	0.22066863	0.00017717142857142854	0.0005905714285714286	9.442382335662842	31631.85967731476
2867	1352.1009882103065	1010.39	71.45458984375	0.22066319	0.0001771285714285714	0.0005904285714285714	9.560349464416504	31641.420609474182
2868	1310.7951903869055	1000.29	70.21875	0.22065912	0.00017708571428571426	0.0005902857142857143	9.418221235275269	31650.841234207153
2869	1347.3453829478622	1010.88	71.34521484375	0.22065616	0.0001770428571428571	0.0005901428571428571	9.402279615402222	31660.24413752556
2870	1303.389154255705	985.4	70.8583984375	0.22065341	0.00017700000000000002	0.0005900000000000001	9.452675819396973	31669.698674678802
2871	1344.0842619246212	1007.92	71.1171875	0.22065	0.00017695714285714283	0.0005898571428571428	9.39634370803833	31679.095618724823
2872	1308.8901340744535	998.32	71.125	0.22064602	0.00017691428571428567	0.0005897142857142856	9.42308497428894	31688.52085661888
2873	1336.494150206876	1005.68	68.088134765625	0.22060323	0.00017687142857142858	0.0005895714285714287	9.734342813491821	31698.25585079193
2874	1330.7744413381058	999.86	71.081787109375	0.22059123	0.00017682857142857142	0.0005894285714285715	9.477699995040894	31707.73540711403
2875	1315.0362474180354	1002.87	69.865234375	0.22058229	0.00017678571428571428	0.0005892857142857143	9.406622171401978	31717.14261174202
2876	1348.2595761001542	1010.9	71.142578125	0.22057313	0.00017674285714285715	0.0005891428571428572	9.950296878814697	31727.09473013878
2877	1309.4996243444705	982.88	71.151611328125	0.2205612	0.00017669999999999999	0.000589	9.775643825531006	31736.87095427513
2878	1311.124324766633	995.61	71.159423828125	0.22054726	0.00017665714285714285	0.0005888571428571429	9.457811117172241	31746.330648183823
2879	1345.7490373753424	1008.44	71.154541015625	0.2205345	0.0001766142857142857	0.0005887142857142857	10.32449722290039	31756.655713558197
2880	1350.5892458923586	1010.5	71.183837890625	0.2205051	0.00017657142857142855	0.0005885714285714285	9.553914070129395	31766.21065402031
2881	1326.9890631229428	1012.87	71.195068359375	0.2204917	0.00017652857142857141	0.0005884285714285715	9.408069849014282	31775.619292259216
2882	1329.512270900238	1001.87	70.703857421875	0.22047798	0.00017648571428571428	0.0005882857142857144	9.954289436340332	31785.575357675552
2883	1325.2879161029662	995.97	70.711669921875	0.22046284	0.00017644285714285711	0.0005881428571428571	9.52051854133606	31795.096548080444
2884	1356.9945184352543	1014.77	71.21484375	0.22045088	0.0001764	0.0005880000000000001	9.433726072311401	31804.530848503113
2885	1362.8266056218747	1005.47	71.224853515625	0.22043943	0.00017635714285714284	0.0005878571428571429	10.258938312530518	31814.79149913788
2886	1330.8149874001874	1011.39	71.232177734375	0.22042628	0.00017631428571428568	0.0005877142857142856	9.471643209457397	31824.26326084137
2887	1342.9847206965717	1010.33	71.241943359375	0.22041316	0.00017627142857142857	0.0005875714285714286	9.415691375732422	31833.68043613434
2888	1320.0844674692305	996.86	71.249755859375	0.22038905	0.0001762285714285714	0.0005874285714285714	10.022140979766846	31843.703171253204
2889	1337.1579381501742	1009.61	71.2578125	0.22037412	0.00017618571428571427	0.0005872857142857143	9.6392502784729	31853.344272851944
2890	1359.676619875724	1005.58	70.5234375	0.22036111	0.00017614285714285713	0.0005871428571428571	9.554428815841675	31862.899252653122
2891	1347.9968632177543	1014.3	71.258056640625	0.22035104	0.00017609999999999997	0.000587	9.938212394714355	31872.83887529373
2892	1324.3763773481437	1006.73	71.28173828125	0.22034101	0.00017605714285714283	0.0005868571428571429	9.418402194976807	31882.257888555527
2893	1331.749099902378	1008.59	71.28955078125	0.22032797	0.0001760142857142857	0.0005867142857142858	9.423088550567627	31891.68327474594
2894	1330.220348315649	1008.94	71.298583984375	0.22025579	0.00017597142857142854	0.0005865714285714285	9.591837406158447	31901.275702238083
2895	1305.0543035715061	979.26	71.306640625	0.2199055	0.0001759285714285714	0.0005864285714285714	11.466595649719238	31912.744054555893
2896	1345.3066504034016	1018.11	70.5703125	0.21990724	0.00017588571428571426	0.0005862857142857143	9.445836544036865	31922.1904668808
2897	1308.2611326749616	1001.81	70.8212890625	0.21990478	0.0001758428571428571	0.0005861428571428571	10.393002986907959	31932.585300683975
2898	1288.048562724489	974.09	70.088134765625	0.21990341	0.00017580000000000002	0.000586	9.49279522895813	31942.07883954048
2899	1314.8252098478968	984.37	70.8359375	0.21988857	0.00017575714285714283	0.0005858571428571428	9.596022844314575	31951.675468444824
2900	1317.3238650971368	1010.56	70.843994140625	0.2196626	0.00017571428571428566	0.0005857142857142857	11.696614265441895	31963.374449253082
2901	1334.294441172088	1005.69	71.090087890625	0.21966279	0.00017567142857142858	0.0005855714285714287	9.627120733261108	31973.00217628479
2902	1277.4875659382396	977.29	71.111572265625	0.21966468	0.00017562857142857142	0.0005854285714285714	9.415547370910645	31982.41825556755
2903	1308.5045720688618	982.93	71.869384765625	0.21966694	0.00017558571428571428	0.0005852857142857143	9.608324527740479	31992.02849817276
2904	1312.4439950903563	993.06	70.627197265625	0.21968727	0.00017554285714285715	0.0005851428571428572	9.753428220748901	32001.78248000145
2905	1293.6273011023702	978.09	70.884033203125	0.21942782	0.00017549999999999998	0.000585	11.532970190048218	32013.316902399063
2906	1306.0103416859463	1004.43	71.641845703125	0.21943021	0.00017545714285714285	0.0005848571428571428	9.964093446731567	32023.281591653824
2907	1346.1997151792507	1014.88	71.641357421875	0.21943386	0.0001754142857142857	0.0005847142857142857	9.398560047149658	32032.68114089966
2908	1307.0172642462658	1000.35	71.4013671875	0.21943718	0.00017537142857142855	0.0005845714285714285	9.452486276626587	32042.134263515472
2909	1315.0074544925083	995.29	70.91552734375	0.21944027	0.0001753285714285714	0.0005844285714285715	9.465938329696655	32051.60220837593
2910	1298.7951216155825	985.61	70.42333984375	0.21944201	0.00017528571428571428	0.0005842857142857143	9.48169231414795	32061.084022045135
2911	1300.4829916419526	990.73	71.43115234375	0.21944074	0.0001752428571428571	0.0005841428571428571	9.413491010665894	32070.499596834183
2912	1355.1925840924441	1020.55	71.190185546875	0.21943803	0.0001752	0.0005840000000000001	9.395779371261597	32079.89601445198
2913	1330.10875506223	1001.54	71.447998046875	0.21943599	0.00017515714285714284	0.0005838571428571429	9.508545637130737	32089.40634393692
2914	1349.8502809932124	1011.67	70.955810546875	0.21943386	0.0001751142857142857	0.0005837142857142857	9.545987844467163	32098.952926635742
2915	1335.6692639945882	1014.75	70.4716796875	0.21942954	0.00017507142857142857	0.0005835714285714286	10.176510572433472	32109.131058216095
2916	1351.3098071619504	1016.91	71.4716796875	0.21942478	0.0001750285714285714	0.0005834285714285714	9.560774564743042	32118.692456007004
2917	1310.8899062119986	997.7	70.478271484375	0.2194149	0.00017498571428571427	0.0005832857142857144	9.500839233398438	32128.195321321487
2918	1308.6101212170333	1000.26	71.236083984375	0.21941109	0.00017494285714285713	0.0005831428571428572	9.388479471206665	32137.5843667984
2919	1352.5958027228169	1012.99	71.7451171875	0.21940537	0.00017489999999999997	0.000583	9.816910982131958	32147.40331196785
2920	1353.471711364428	1016.05	71.0029296875	0.2194009	0.00017485714285714283	0.0005828571428571429	9.507118940353394	32156.911005735397
2921	1318.4042109385673	991.01	71.006103515625	0.21939594	0.0001748142857142857	0.0005827142857142858	9.448933362960815	32166.36171770096
2922	1303.9375216771189	994.11	72.01904296875	0.21939151	0.00017477142857142853	0.0005825714285714285	9.98463749885559	32176.346965789795
2923	1325.380114665172	1000.01	71.526611328125	0.21938641	0.0001747285714285714	0.0005824285714285714	9.480164527893066	32185.828779935837
2924	1299.5234500977606	1000.83	71.283203125	0.21937938	0.00017468571428571426	0.0005822857142857143	9.729286909103394	32195.55818629265
2925	1261.2302906028688	968.31	71.064697265625	0.21934481	0.0001746428571428571	0.0005821428571428571	10.234170198440552	32205.793994426727
2926	1342.7431704211988	1004.21	70.306884765625	0.21933918	0.00017460000000000002	0.000582	9.585679769515991	32215.379797935486
2927	1332.5684879036698	1016.2	71.802490234375	0.21933441	0.00017455714285714285	0.0005818571428571429	9.417042255401611	32224.798280239105
2928	1337.1712358882191	1007.12	71.8095703125	0.21933056	0.00017451428571428572	0.0005817142857142858	10.003599882125854	32234.80250620842
2929	1291.7282486460974	979.06	71.32373046875	0.21932475	0.00017447142857142858	0.0005815714285714287	9.456072568893433	32244.26050925255
2930	1349.6430152281098	1010.59	71.581787109375	0.21931596	0.00017442857142857142	0.0005814285714285714	9.4467191696167	32253.707803726196
2931	1293.7885790443015	971.4	68.531982421875	0.21929894	0.00017438571428571428	0.0005812857142857143	10.025128364562988	32263.734375476837
2932	1325.4918639129462	1010.33	71.33837890625	0.21928972	0.00017434285714285714	0.0005811428571428572	9.420698165893555	32273.155680179596
2933	1289.490635741001	978.78	70.972900390625	0.2192821	0.00017429999999999998	0.0005809999999999999	9.44116997718811	32282.59862136841
2934	1318.2953994546326	993.06	71.9853515625	0.21926911	0.00017425714285714285	0.0005808571428571428	10.192960023880005	32292.79220867157
2935	1326.4403635723565	1002.68	70.7509765625	0.2192543	0.0001742142857142857	0.0005807142857142858	9.422698259353638	32302.2164812088
2936	1294.4111833999407	984.25	71.990966796875	0.21924092	0.00017417142857142855	0.0005805714285714286	9.394716501235962	32311.61179471016
2937	1322.218673307272	1001.1	72.2587890625	0.21922731	0.0001741285714285714	0.0005804285714285714	9.459487199783325	32321.073078870773
2938	1311.3612447563887	999.15	71.266845703125	0.21919946	0.00017408571428571427	0.0005802857142857143	9.946946382522583	32331.0206553936
2939	1285.3328422055422	978.72	71.7763671875	0.21918589	0.0001740428571428571	0.0005801428571428571	9.464957237243652	32340.48703289032
2940	1339.8074332348647	1008.23	71.7841796875	0.21917273	0.000174	0.0005800000000000001	9.413098812103271	32349.900725603104
2941	1323.2659405895176	1013.35	72.53955078125	0.21916045	0.00017395714285714284	0.0005798571428571428	9.51818037033081	32359.42969560623
2942	1280.6833523759362	963.65	71.800048828125	0.21914923	0.0001739142857142857	0.0005797142857142857	9.491503715515137	32368.921791553497
2943	1332.2626326764405	1009.87	71.5654296875	0.21914107	0.00017387142857142857	0.0005795714285714286	9.554742097854614	32378.478137493134
2944	1323.5785230311621	1010.71	71.8154296875	0.21913463	0.0001738285714285714	0.0005794285714285714	9.555234432220459	32388.034070253372
2945	1306.1195588302244	983.97	71.32373046875	0.21912827	0.00017378571428571427	0.0005792857142857143	9.445839881896973	32397.480489253998
2946	1342.9557322368946	1006.53	71.832275390625	0.21912359	0.00017374285714285713	0.0005791428571428572	9.403612613677979	32406.886118650436
2947	1311.8675341360267	987.1	69.84814453125	0.21910997	0.00017369999999999997	0.000579	12.696829080581665	32419.583560228348
2948	1338.1413053133565	1011.86	71.84814453125	0.21910329	0.00017365714285714283	0.0005788571428571429	9.506974458694458	32429.092498779297
2949	1370.2987616108967	1016.27	70.61376953125	0.2190966	0.0001736142857142857	0.0005787142857142857	9.415814876556396	32438.508870601654
2950	1315.3465838973445	994.98	71.864013671875	0.2190904	0.00017357142857142853	0.0005785714285714285	9.41408109664917	32447.925026655197
2951	1298.2000795029787	991.98	71.621826171875	0.21908748	0.0001735285714285714	0.0005784285714285714	9.554747343063354	32457.480388641357
2952	1327.1302744859515	1003.64	71.387451171875	0.21908675	0.00017348571428571429	0.0005782857142857143	9.41227412223816	32466.89462327957
2953	1333.6915215284243	1014.26	70.645263671875	0.2190869	0.0001734428571428571	0.000578142857142857	9.97449517250061	32476.86971139908
2954	1346.7956288583796	1011.47	71.3955078125	0.21908708	0.0001734	0.0005780000000000001	9.469285488128662	32486.34173154831
2955	1294.6181001839154	976.76	71.6533203125	0.21909507	0.00017335714285714285	0.0005778571428571429	9.474954843521118	32495.817245721817
2956	1296.1441096882775	979.18	71.66015625	0.2190998	0.00017331428571428571	0.0005777142857142858	9.89721417427063	32505.716332912445
2957	1331.9507575460227	1007.69	71.9189453125	0.21910131	0.00017327142857142858	0.0005775714285714286	9.446981430053711	32515.16395187378
2958	1353.4437994849868	1011.65	71.677001953125	0.21910495	0.00017322857142857141	0.0005774285714285714	9.541868209838867	32524.706411600113
2959	1355.9528385634526	1020.33	71.934814453125	0.21910608	0.00017318571428571428	0.0005772857142857143	10.924269676208496	32535.632496595383
2960	1353.021310224961	1008.78	71.44287109375	0.2191044	0.00017314285714285714	0.0005771428571428572	9.403565168380737	32545.036662340164
2961	1314.090397880449	990.2	71.70166015625	0.2191035	0.00017309999999999998	0.0005769999999999999	9.432165622711182	32554.469914913177
2962	1332.7770127275692	1000.96	71.20947265625	0.2190805	0.00017305714285714284	0.0005768571428571428	10.268698453903198	32564.739202022552
2963	1333.1338513396759	1009.37	71.71533203125	0.21857226	0.0001730142857142857	0.0005767142857142858	11.556326866149902	32576.29751443863
2964	1364.7577308492755	1014.76	71.21142578125	0.21857649	0.00017297142857142854	0.0005765714285714286	9.582828521728516	32585.880926847458
2965	1348.3642841281962	1014.85	71.231201171875	0.21854866	0.0001729285714285714	0.0005764285714285714	11.34984040260315	32597.231713056564
2966	1328.0207991236841	999.8	72.239501953125	0.2185421	0.00017288571428571427	0.0005762857142857143	16.838983058929443	32614.071045398712
2967	1304.6656550997611	999.8	72.247314453125	0.21853487	0.0001728428571428571	0.0005761428571428571	9.952152490615845	32624.02571082115
2968	1341.1915453157608	1006.63	72.005126953125	0.21852966	0.0001728	0.0005760000000000001	9.400125741958618	32633.42638874054
2969	1308.7481580019394	983.13	72.259521484375	0.21852648	0.00017275714285714284	0.0005758571428571428	9.469508409500122	32642.89755797386
2970	1288.3920749085933	985.11	71.52099609375	0.21852066	0.0001727142857142857	0.0005757142857142857	10.014750957489014	32652.91288971901
2971	1310.011896702577	998.68	70.28662109375	0.21840842	0.00017267142857142856	0.0005755714285714287	9.854082584381104	32662.76777458191
2972	1327.12881250393	998.81	71.785888671875	0.21839108	0.0001726285714285714	0.0005754285714285715	9.424342393875122	32672.192682266235
2973	1338.0386318085034	1005.16	70.802490234375	0.21837759	0.00017258571428571426	0.0005752857142857143	9.431578159332275	32681.62666463852
2974	1324.5350524730272	992.62	72.0390625	0.2183636	0.00017254285714285713	0.0005751428571428572	9.926729202270508	32691.553978681564
2975	1346.9433221591423	1010.21	71.810546875	0.2183501	0.00017249999999999996	0.000575	9.493499040603638	32701.048947811127
2976	1348.1966344988646	1009.32	71.818603515625	0.2183361	0.00017245714285714283	0.0005748571428571429	9.420475244522095	32710.469984292984
2977	1326.5396077913908	1005.43	70.3349609375	0.21827394	0.0001724142857142857	0.0005747142857142857	9.753992795944214	32720.226001501083
2978	1317.2553005539971	988.87	71.5849609375	0.21815409	0.00017237142857142853	0.0005745714285714285	11.20534086227417	32731.431956768036
2979	1341.7974364963586	1010.71	72.3330078125	0.21815771	0.00017232857142857145	0.0005744285714285715	9.41115403175354	32740.845081806183
2980	1339.413889076683	1002.2	71.10107421875	0.21815884	0.00017228571428571428	0.0005742857142857144	9.517932415008545	32750.363580465317
2981	1327.2755286378206	996.31	71.366455078125	0.2181605	0.0001722428571428571	0.000574142857142857	9.432220697402954	32759.7982609272
2982	1337.074000019572	1002.01	72.11669921875	0.21815424	0.0001722	0.0005740000000000001	9.592605352401733	32769.39145207405
2983	1334.4268341652712	1012.63	71.37451171875	0.21808523	0.00017215714285714285	0.0005738571428571429	10.080236434936523	32779.47332453728
2984	1371.7725864553752	1021.43	72.127685546875	0.21807493	0.0001721142857142857	0.0005737142857142858	9.448627710342407	32788.922483444214
2985	1321.9251279978841	994.25	72.37841796875	0.2180664	0.00017207142857142858	0.0005735714285714286	9.57804822921753	32798.50214600563
2986	1350.5941627520651	1010.41	71.146484375	0.21804394	0.0001720285714285714	0.0005734285714285714	9.618138551712036	32808.1209423542
2987	1328.409977214657	1004.45	72.40478515625	0.21803361	0.00017198571428571428	0.0005732857142857143	9.60483169555664	32817.727263212204
2988	1354.3464433778543	1009.58	69.119873046875	0.21802264	0.00017194285714285714	0.0005731428571428571	9.415853023529053	32827.14366865158
2989	1355.23440453182	1010.13	72.146240234375	0.21801293	0.00017189999999999998	0.0005729999999999999	10.03381061553955	32837.17902445793
2990	1304.1065747549226	995.81	72.177490234375	0.21800096	0.00017185714285714284	0.0005728571428571429	9.4239821434021	32846.60375928879
2991	1361.4766406090482	1016.58	71.430419921875	0.21799207	0.0001718142857142857	0.0005727142857142858	9.42062497138977	32856.02499580383
2992	1277.3313103946546	986.95	71.693603515625	0.2179836	0.00017177142857142854	0.0005725714285714285	9.909887313842773	32865.937378406525
2993	1327.6059136891354	997.77	71.4521484375	0.21792448	0.00017172857142857143	0.0005724285714285715	9.637993812561035	32875.57594347
2994	1366.6915186497029	1022.11	71.958740234375	0.21791147	0.00017168571428571427	0.0005722857142857143	9.543492794036865	32885.121166944504
2995	1338.422323778324	1016.0	72.46826171875	0.21789567	0.0001716428571428571	0.0005721428571428571	9.9712975025177	32895.09307551384
2996	1349.3477657765698	1007.16	72.22607421875	0.21788107	0.0001716	0.000572	9.856608390808105	32904.95138287544
2997	1339.944846841044	1001.87	70.991943359375	0.21786755	0.00017155714285714283	0.0005718571428571428	9.395344257354736	32914.34729361534
2998	1333.5531029430754	1002.43	72.494140625	0.21785296	0.0001715142857142857	0.0005717142857142857	10.172363042831421	32924.52185201645
2999	1304.4315437710948	977.88	72.743896484375	0.21784091	0.00017147142857142856	0.0005715714285714287	9.655900478363037	32934.17832016945
3000	1310.4371033345449	1000.51	71.513671875	0.21779807	0.0001714285714285714	0.0005714285714285714	9.615007877349854	32943.79424548149
3001	1348.00672440361	1013.18	72.273681640625	0.2177909	0.00017138571428571426	0.0005712857142857143	9.935709714889526	32953.73056983948
3002	1322.9610716994007	1014.34	72.53369140625	0.21778537	0.00017134285714285713	0.0005711428571428572	10.298171997070312	32964.02981233597
3003	1347.6416626636894	1015.59	72.54345703125	0.21778144	0.00017129999999999996	0.000571	9.411089420318604	32973.44109368324
3004	1351.792427993615	1024.0	72.302001953125	0.21777771	0.00017125714285714283	0.0005708571428571428	10.047379732131958	32983.48906111717
3005	1346.7203036896774	1011.82	72.0517578125	0.21777569	0.00017121428571428572	0.0005707142857142857	9.395477533340454	32992.88634753227
3006	1350.6755073098277	1010.09	71.82177734375	0.21775545	0.00017117142857142853	0.0005705714285714285	9.658823490142822	33002.54585194588
3007	1316.8104566429504	997.34	72.081298828125	0.21774846	0.00017112857142857144	0.0005704285714285716	9.446330308914185	33011.99276423454
3008	1316.4735874916382	1003.53	72.091552734375	0.21774262	0.00017108571428571428	0.0005702857142857143	9.586623907089233	33021.580550670624
3009	1337.1566248663498	1018.48	72.59912109375	0.21774006	0.0001710428571428571	0.0005701428571428571	9.45391321182251	33031.03510069847
3010	1327.2294536355926	1009.23	72.362060546875	0.2177396	0.000171	0.0005700000000000001	9.356096744537354	33040.39272594452
3011	1341.1284615087418	1006.13	71.6298828125	0.21773826	0.00017095714285714285	0.0005698571428571429	9.895727634429932	33050.28908228874
3012	1309.4608973119239	1004.57	71.632080078125	0.21772091	0.0001709142857142857	0.0005697142857142857	9.741238355636597	33060.03178167343
3013	1331.7096583282578	1003.87	71.1494140625	0.21771693	0.00017087142857142857	0.0005695714285714286	9.388842105865479	33069.42081332207
3014	1343.7398303010443	1024.0	71.159423828125	0.2177121	0.0001708285714285714	0.0005694285714285714	9.471419334411621	33078.892399549484
3015	1308.8877748523964	984.65	71.419189453125	0.21770652	0.00017078571428571427	0.0005692857142857143	9.950546979904175	33088.84478020668
3016	1298.652407542036	996.88	71.428955078125	0.21770193	0.00017074285714285714	0.0005691428571428571	9.406179428100586	33098.25152564049
3017	1362.881571864342	1024.0	72.180908203125	0.21770002	0.00017069999999999998	0.000569	9.425867557525635	33107.679814338684
3018	1332.738499875482	1018.14	72.189697265625	0.2176991	0.00017065714285714284	0.0005688571428571429	9.415486335754395	33117.09594774246
3019	1365.0575497360373	1024.0	71.94580078125	0.21769875	0.0001706142857142857	0.0005687142857142858	9.38068699836731	33126.478585243225
3020	1296.766830681432	984.4	71.71044921875	0.21767722	0.00017057142857142854	0.0005685714285714285	10.217165231704712	33136.69638442993
3021	1336.5550888029811	1019.68	70.72802734375	0.21743123	0.00017052857142857143	0.0005684285714285715	11.31689977645874	33148.01478624344
3022	1334.8846012902095	1016.53	72.72998046875	0.21743344	0.00017048571428571427	0.0005682857142857143	9.394216060638428	33157.40953493118
3023	1329.7046779819734	1011.0	71.24755859375	0.21743448	0.0001704428571428571	0.0005681428571428571	9.936722755432129	33167.34802007675
3024	1336.4854273409	999.38	72.249755859375	0.21743567	0.0001704	0.000568	9.461919784545898	33176.81051039696
3025	1308.8192645189329	995.69	71.76904296875	0.21742938	0.00017035714285714283	0.0005678571428571428	9.633809089660645	33186.44634461403
3026	1321.9036545585454	1003.08	72.519287109375	0.21742594	0.0001703142857142857	0.0005677142857142858	9.936298131942749	33196.38330698013
3027	1341.5436084413877	1009.07	72.2783203125	0.21741931	0.00017027142857142856	0.0005675714285714287	9.399439811706543	33205.78334712982
3028	1344.96760328126	1018.2	72.288330078125	0.217411	0.0001702285714285714	0.0005674285714285714	9.663079738616943	33215.44805908203
3029	1338.0529430951062	1007.0	72.29833984375	0.21740349	0.00017018571428571426	0.0005672857142857143	10.156794786453247	33225.6050658226
3030	1334.8764397293278	1020.1	72.55810546875	0.21739618	0.00017014285714285712	0.0005671428571428572	9.408267974853516	33235.01453948021
3031	1351.0568382549914	1018.72	71.32568359375	0.21738684	0.00017009999999999996	0.000567	9.429920196533203	33244.44510149956
3032	1359.651906224536	1016.53	71.58544921875	0.21737947	0.00017005714285714282	0.0005668571428571428	10.003880500793457	33254.45122718811
3033	1343.2130127719593	1008.56	72.837646484375	0.21737026	0.00017001428571428572	0.0005667142857142857	9.413941621780396	33263.8657913208
3034	1370.7712328343487	1016.75	71.597412109375	0.21734987	0.00016997142857142852	0.0005665714285714285	10.774061441421509	33274.64045262337
3035	1366.0343433821854	1022.46	71.857177734375	0.21733987	0.00016992857142857144	0.0005664285714285716	9.990751028060913	33284.63350200653
3036	1349.842618710014	1018.12	72.6171875	0.21732979	0.00016988571428571428	0.0005662857142857143	9.682844161987305	33294.316890239716
3037	1369.4957079225487	1022.16	72.626953125	0.21732093	0.00016984285714285714	0.0005661428571428572	9.411205530166626	33303.730087041855
3038	1341.8188376595242	1006.16	71.89453125	0.21731181	0.0001698	0.0005660000000000001	10.00264835357666	33313.73333144188
3039	1331.9996531061379	999.33	72.646484375	0.2173049	0.00016975714285714284	0.0005658571428571428	9.399167537689209	33323.13396692276
3040	1295.5196493919186	985.4	71.6640625	0.21729459	0.0001697142857142857	0.0005657142857142857	9.551950693130493	33332.686103105545
3041	1338.2679903862827	1020.28	72.916259765625	0.21728627	0.00016967142857142857	0.0005655714285714286	10.587974309921265	33343.27561354637
3042	1355.1773427405801	1014.26	72.17626953125	0.21727264	0.0001696285714285714	0.0005654285714285714	9.43500018119812	33352.711181640625
3043	1296.0020385545345	980.55	72.436767578125	0.2172671	0.00016958571428571427	0.0005652857142857142	9.443929672241211	33362.15664219856
3044	1325.1947824541903	998.91	71.454345703125	0.21726227	0.00016954285714285714	0.0005651428571428572	9.38069224357605	33371.537895679474
3045	1337.5024243196106	1006.33	69.663330078125	0.21725751	0.00016949999999999997	0.000565	9.50870394706726	33381.048469781876
3046	1352.035110662187	1006.82	72.45263671875	0.21725444	0.00016945714285714284	0.0005648571428571429	9.436451196670532	33390.48549246788
3047	1348.1456331085778	1018.15	72.4638671875	0.21724676	0.0001694142857142857	0.0005647142857142857	9.587135791778564	33400.07425403595
3048	1314.0995637992173	994.52	72.476318359375	0.2172395	0.00016937142857142854	0.0005645714285714285	9.862547636032104	33409.93742132187
3049	1339.2293442069733	1009.75	73.492919921875	0.21723342	0.00016932857142857143	0.0005644285714285715	9.845183372497559	33419.784685373306
3050	1344.0460108841276	1010.76	72.498046875	0.21697378	0.00016928571428571427	0.0005642857142857143	11.676446199417114	33431.46166563034
3051	1344.4747551215987	1024.0	72.76416015625	0.21697979	0.00016924285714285713	0.0005641428571428571	9.456016778945923	33440.91961455345
3052	1315.0605469135608	1005.7	72.52392578125	0.21699183	0.0001692	0.000564	9.685649871826172	33450.605885744095
3053	1330.4409322568504	1011.36	72.03369140625	0.2169758	0.00016915714285714283	0.0005638571428571429	9.608419179916382	33460.21590733528
3054	1345.1942852902303	1016.18	73.292724609375	0.21696912	0.0001691142857142857	0.0005637142857142858	9.480010032653809	33469.6964673996
3055	1315.3005193345361	994.3	71.311279296875	0.21696335	0.00016907142857142856	0.0005635714285714286	9.48131012916565	33479.17943263054
3056	1337.6921719739203	1002.32	72.549560546875	0.21695842	0.0001690285714285714	0.0005634285714285714	9.403185606002808	33488.58322882652
3057	1342.5271769561334	1019.86	72.57177734375	0.21695232	0.00016898571428571426	0.0005632857142857143	9.495523452758789	33498.07936358452
3058	1281.5256757760237	997.86	72.8330078125	0.21694498	0.00016894285714285715	0.0005631428571428572	9.391679525375366	33507.4728679657
3059	1286.3859208976783	999.14	72.591796875	0.21687521	0.00016889999999999996	0.0005629999999999999	15.682294368743896	33523.15578365326
3060	1329.5302194587593	1017.04	72.353759765625	0.21687661	0.00016885714285714282	0.0005628571428571428	9.73930048942566	33532.89687204361
3061	1331.1366317308973	1024.0	73.23828125	0.2168773	0.0001688142857142857	0.0005627142857142857	9.789371728897095	33542.68686366081
3062	1303.9149476948714	988.99	72.49609375	0.21687813	0.00016877142857142852	0.0005625714285714286	11.17187786102295	33553.86024928093
3063	1306.8184585200656	1005.29	72.01171875	0.21687806	0.00016872857142857144	0.0005624285714285715	9.422030687332153	33563.28289818764
3064	1254.4449891462584	966.42	73.248291015625	0.21687865	0.00016868571428571428	0.0005622857142857143	9.434420347213745	33572.717926979065
3065	1330.0947556142048	1014.73	71.527587890625	0.21687722	0.00016864285714285714	0.0005621428571428572	10.060760021209717	33582.78051877022
3066	1323.4061996357088	1009.88	72.5263671875	0.21687561	0.0001686	0.0005620000000000001	9.589487791061401	33592.37067222595
3067	1303.1201024625623	1004.58	72.7841796875	0.21687694	0.00016855714285714284	0.0005618571428571428	9.439416408538818	33601.81221103668
3068	1282.8539255853423	1001.5	72.792236328125	0.21687645	0.0001685142857142857	0.0005617142857142857	9.819857835769653	33611.63264417648
3069	1331.0762085803162	1015.7	72.795166015625	0.21687758	0.00016847142857142857	0.0005615714285714286	9.61510682106018	33621.249836206436
3070	1315.1052105481792	1019.68	72.555908203125	0.21687967	0.0001684285714285714	0.0005614285714285714	9.55429983139038	33630.804715394974
3071	1289.508584059326	1001.88	72.31591796875	0.21688248	0.00016838571428571427	0.0005612857142857143	9.416820049285889	33640.223022699356
3072	1323.6286891201019	1014.76	73.321533203125	0.2168829	0.00016834285714285713	0.0005611428571428572	9.874099731445312	33650.09771466255
3073	1273.1961218308518	991.59	73.0751953125	0.21688163	0.00016829999999999997	0.000561	9.52796721458435	33659.62757015228
3074	1316.4846766713515	1015.84	73.08984375	0.21688177	0.00016825714285714283	0.0005608571428571429	9.404764175415039	33669.0329682827
3075	1296.5417289420939	992.51	72.84765625	0.21688092	0.0001682142857142857	0.0005607142857142857	9.46675419807434	33678.501529455185
3076	1308.7051175165113	1007.9	72.356201171875	0.21658373	0.00016817142857142854	0.0005605714285714285	11.664852857589722	33690.16709303856
3077	1324.2228869746227	1013.39	71.6220703125	0.21658857	0.00016812857142857143	0.0005604285714285715	9.709030628204346	33699.87665438652
3078	1288.6193096606817	997.51	73.1220703125	0.21659178	0.00016808571428571426	0.0005602857142857143	9.490637302398682	33709.369703769684
3079	1305.043047682881	996.8	72.875	0.21659315	0.00016804285714285713	0.0005601428571428571	9.43467092514038	33718.804978847504
3080	1316.3885746481112	1004.5	73.137939453125	0.21659236	0.000168	0.0005600000000000001	9.408106327056885	33728.215069532394
3081	1297.8858206002121	1010.05	73.1455078125	0.21658804	0.00016795714285714283	0.0005598571428571429	9.56112790107727	33737.77681159973
3082	1329.1607343253825	1018.68	73.653564453125	0.21658333	0.0001679142857142857	0.0005597142857142858	9.39222764968872	33747.1704518795
3083	1286.5948105645061	984.71	73.16162109375	0.21658242	0.00016787142857142856	0.0005595714285714286	9.423097610473633	33756.59415721893
3084	1308.3166390574947	1021.84	73.9169921875	0.21658128	0.0001678285714285714	0.0005594285714285714	9.940234661102295	33766.536303281784
3085	1277.4276047522987	975.76	73.17724609375	0.21657914	0.00016778571428571426	0.0005592857142857143	9.456368923187256	33775.99325013161
3086	1309.5156699493796	1011.64	73.181396484375	0.2165754	0.00016774285714285715	0.0005591428571428572	9.579394578933716	33785.574031829834
3087	1288.6448879007557	991.19	73.189453125	0.21655773	0.00016769999999999996	0.0005589999999999999	10.221188306808472	33795.79580760002
3088	1291.0194443538169	1000.82	73.199462890625	0.2164607	0.00016765714285714285	0.0005588571428571428	11.484898090362549	33807.28217101097
3089	1282.783639308047	1006.52	72.952392578125	0.21645944	0.0001676142857142857	0.0005587142857142858	9.429245948791504	33816.7119615078
3090	1276.7455647876436	997.16	72.71533203125	0.21645862	0.00016757142857142855	0.0005585714285714285	10.035992860794067	33826.74984383583
3091	1251.303656348051	983.61	73.221923828125	0.21646039	0.00016752857142857144	0.0005584285714285715	9.429879903793335	33836.17992544174
3092	1261.5215022583557	984.49	73.23095703125	0.2164625	0.00016748571428571428	0.0005582857142857143	10.054531812667847	33846.236602544785
3093	1290.7405208344396	984.12	72.740234375	0.21646087	0.00016744285714285714	0.0005581428571428572	10.03972578048706	33856.27701854706
3094	1303.6608050108935	999.21	73.234130859375	0.21645902	0.0001674	0.000558	9.437307834625244	33865.71490597725
3095	1295.7427559725222	998.59	73.255615234375	0.21645771	0.00016735714285714284	0.0005578571428571428	9.534629583358765	33875.25130581856
3096	1270.9773706132821	981.63	73.263427734375	0.21618289	0.0001673142857142857	0.0005577142857142857	12.120548486709595	33887.372527360916
3097	1309.2617871625823	1001.34	73.76904296875	0.2161839	0.00016727142857142857	0.0005575714285714286	9.493892192840576	33896.86793804169
3098	1307.9854594607107	1002.72	73.27978515625	0.2161823	0.0001672285714285714	0.0005574285714285713	9.420223712921143	33906.288788080215
3099	1281.4429588118326	979.72	73.285400390625	0.2161804	0.00016718571428571427	0.0005572857142857143	10.04032301902771	33916.33102488518
3100	1296.7308115074675	998.98	73.28125	0.21617852	0.00016714285714285713	0.0005571428571428572	9.406168460845947	33925.7377614975
3101	1335.099067756664	1016.6	73.802734375	0.21617366	0.00016709999999999997	0.000557	9.406153917312622	33935.14584302902
3102	1302.1954102811353	1002.49	74.060546875	0.21616781	0.00016705714285714286	0.0005568571428571429	9.953640460968018	33945.1000931263
3103	1368.0310124699688	1020.78	70.275634765625	0.21611379	0.0001670142857142857	0.0005567142857142857	9.602601528167725	33954.704498529434
3104	1332.773507180996	1014.1	73.065185546875	0.21603008	0.00016697142857142853	0.0005565714285714285	9.67649793624878	33964.38163423538
3105	1346.983351915367	1007.97	73.32373046875	0.21600978	0.00016692857142857142	0.0005564285714285715	10.135189294815063	33974.517402648926
3106	1349.4729677314535	1010.38	72.0927734375	0.21599025	0.00016688571428571426	0.0005562857142857142	9.395152568817139	33983.91523528099
3107	1334.091989706322	1018.24	73.843017578125	0.2159719	0.00016684285714285712	0.0005561428571428572	9.462635278701782	33993.37847542763
3108	1328.3236961289106	1003.25	72.35791015625	0.21595377	0.0001668	0.0005560000000000001	10.12885332107544	34003.509031534195
3109	1321.0623249734545	989.73	73.609619140625	0.21593644	0.00016675714285714283	0.0005558571428571429	9.680697441101074	34013.19029021263
3110	1325.709222483554	1000.06	73.61767578125	0.21591897	0.0001667142857142857	0.0005557142857142857	9.532562971115112	34022.72559976578
3111	1324.3847071151135	999.04	72.374267578125	0.2158886	0.00016667142857142858	0.0005555714285714286	10.015755891799927	34032.74195814133
3112	1360.9428933735219	1017.35	72.88330078125	0.21587712	0.0001666285714285714	0.0005554285714285714	9.395816326141357	34042.14035439491
3113	1342.1900308647153	1005.06	72.40234375	0.2158664	0.00016658571428571425	0.0005552857142857143	9.459255933761597	34051.600221157074
3114	1327.9604459565276	996.9	73.650390625	0.2158549	0.00016654285714285714	0.0005551428571428571	9.423563003540039	34061.02523946762
3115	1351.887458688308	1007.32	73.41015625	0.21584469	0.00016649999999999995	0.0005549999999999999	9.461608409881592	34070.48747897148
3116	1338.7832895320755	1009.39	73.1669921875	0.21583633	0.00016645714285714287	0.000554857142857143	9.496390104293823	34079.9857916832
3117	1342.1890517629276	1008.55	72.43798828125	0.21581922	0.0001664142857142857	0.0005547142857142858	9.503037214279175	34089.48938179016
3118	1357.7406922774505	1021.5	73.183837890625	0.21580939	0.00016637142857142855	0.0005545714285714285	9.431200504302979	34098.922288656235
3119	1350.8655672261862	1014.84	73.19189453125	0.21579985	0.00016632857142857144	0.0005544285714285715	9.409823656082153	34108.332721948624
3120	1337.2332964046832	1008.25	72.457275390625	0.21579047	0.00016628571428571427	0.0005542857142857143	9.423325300216675	34117.75809240341
3121	1363.093765374859	1014.14	72.95751953125	0.21578263	0.00016624285714285714	0.0005541428571428572	9.722079992294312	34127.480722904205
3122	1370.848015596997	1024.0	73.21435546875	0.21577805	0.0001662	0.000554	9.534969568252563	34137.01754260063
3123	1354.7751426790285	1017.73	73.2255859375	0.21577077	0.00016615714285714284	0.0005538571428571428	9.400874614715576	34146.41906619072
3124	1328.9989441391183	993.74	73.48193359375	0.21576203	0.0001661142857142857	0.0005537142857142857	10.003408670425415	34156.423088788986
3125	1315.340647218363	988.54	73.3701171875	0.2157142	0.00016607142857142857	0.0005535714285714287	9.659288883209229	34166.08449077606
3126	1303.449448898343	982.92	73.37353515625	0.21570139	0.0001660285714285714	0.0005534285714285714	9.392164707183838	34175.477254629135
3127	1330.8535024753144	1010.68	74.13232421875	0.21569	0.00016598571428571427	0.0005532857142857143	9.952169418334961	34185.43145561218
3128	1345.9179412176964	1007.35	73.389892578125	0.2156807	0.00016594285714285713	0.0005531428571428572	9.419756412506104	34194.85178613663
3129	1328.1196822721345	1005.34	72.8974609375	0.2156717	0.00016589999999999997	0.000553	9.705241680145264	34204.55857181549
3130	1370.9886987720122	1009.91	73.641357421875	0.21566415	0.00016585714285714286	0.0005528571428571429	9.95046067237854	34214.50958490372
3131	1353.4915924428212	1016.1	73.912841796875	0.21565922	0.0001658142857142857	0.0005527142857142857	9.403794050216675	34223.91490316391
3132	1310.8569685039076	994.8	73.4208984375	0.21565326	0.00016577142857142853	0.0005525714285714285	9.42977261543274	34233.34525704384
3133	1337.4685126416416	1002.59	72.928955078125	0.21563548	0.00016572857142857142	0.0005524285714285716	10.224377632141113	34243.571692705154
3134	1348.091873510436	1016.42	73.93701171875	0.21563311	0.00016568571428571426	0.0005522857142857143	9.819870948791504	34253.391686201096
3135	1360.6768591576197	1010.28	73.934814453125	0.2156281	0.00016564285714285712	0.0005521428571428572	9.470425128936768	34262.86397886276
3136	1364.8934838041378	1024.0	73.952880859375	0.21562238	0.0001656	0.0005520000000000001	9.966135740280151	34272.83067846298
3137	1337.8566539433364	997.94	74.460693359375	0.21561755	0.00016555714285714282	0.0005518571428571429	9.433546304702759	34282.26523041725
3138	1371.7279752333184	1012.65	72.968505859375	0.2156142	0.0001655142857142857	0.0005517142857142857	9.425339698791504	34291.691175699234
3139	1381.1471776960605	1020.04	72.734375	0.21560931	0.00016547142857142858	0.0005515714285714286	9.398636102676392	34301.09141230583
3140	1312.5600824517014	996.97	73.2294921875	0.21560383	0.0001654285714285714	0.0005514285714285714	9.622102499008179	34310.714158535004
3141	1351.854464397067	1016.82	73.49072265625	0.21559632	0.00016538571428571428	0.0005512857142857142	9.387425899505615	34320.10341525078
3142	1342.942694335609	984.44	72.999755859375	0.21549393	0.00016534285714285714	0.0005511428571428571	9.81766128540039	34329.92171430588
3143	1323.2700077726563	986.87	74.008056640625	0.215479	0.00016529999999999998	0.000551	9.822308540344238	34339.74570941925
3144	1352.5215869778008	1013.17	73.766845703125	0.21546586	0.00016525714285714287	0.000550857142857143	9.373476505279541	34349.11986994743
3145	1341.6966272350232	1006.55	73.7646484375	0.21545343	0.0001652142857142857	0.0005507142857142857	9.366117238998413	34358.486614227295
3146	1317.8022296902266	997.99	74.282470703125	0.21544105	0.00016517142857142854	0.0005505714285714285	9.44161868095398	34367.93012213707
3147	1334.223936175732	1006.71	72.048095703125	0.21540965	0.00016512857142857143	0.0005504285714285715	9.601698398590088	34377.53245329857
3148	1336.9977854204374	1005.69	73.298095703125	0.21498428	0.00016508571428571427	0.0005502857142857143	11.377702951431274	34388.91141796112
3149	1304.741615478855	978.58	73.055908203125	0.21496014	0.00016504285714285714	0.0005501428571428571	9.862807750701904	34398.77490925789
3150	1364.7956088149176	1020.87	74.052001953125	0.21495114	0.000165	0.00055	9.442830562591553	34408.220276117325
3151	1349.5925674706173	1012.27	73.321044921875	0.21494316	0.00016495714285714284	0.0005498571428571428	9.417636394500732	34417.63853788376
3152	1318.2879458110976	983.93	73.566162109375	0.21493824	0.0001649142857142857	0.0005497142857142858	9.823979377746582	34427.4643304348
3153	1336.9486347746952	1004.87	73.334228515625	0.21493109	0.00016487142857142856	0.0005495714285714286	9.496699094772339	34436.961676836014
3154	1347.6661058588536	1014.32	73.841796875	0.21492393	0.0001648285714285714	0.0005494285714285714	9.413214683532715	34446.37572932243
3155	1334.6317498894384	995.8	73.341796875	0.21490474	0.00016478571428571426	0.0005492857142857143	10.224451065063477	34456.600774765015
3156	1369.8764255133415	1024.0	73.609619140625	0.21489833	0.00016474285714285713	0.0005491428571428572	9.39911150932312	34466.00141620636
3157	1352.9494518036238	1016.72	73.61767578125	0.21488954	0.00016469999999999996	0.0005489999999999999	9.46351957321167	34475.46555137634
3158	1338.028574484678	1001.47	73.62451171875	0.21488214	0.00016465714285714286	0.0005488571428571429	9.988659858703613	34485.45593857765
3159	1348.4300398331013	1007.13	73.38427734375	0.21487297	0.0001646142857142857	0.0005487142857142857	9.570364713668823	34495.02688574791
3160	1337.5709641582735	1007.45	70.8505859375	0.21486552	0.00016457142857142856	0.0005485714285714286	9.439007043838501	34504.46794247627
3161	1371.7280697928416	1024.0	73.595947265625	0.21485649	0.00016452857142857142	0.0005484285714285715	10.000671863555908	34514.46916627884
3162	1352.5594894840917	1012.39	73.127197265625	0.21484846	0.00016448571428571426	0.0005482857142857143	9.389557838439941	34523.86071038246
3163	1330.9982420624103	1001.89	73.377197265625	0.21484019	0.00016444285714285712	0.0005481428571428572	9.564589500427246	34533.42590045929
3164	1339.9846942263189	1015.61	73.385009765625	0.21483113	0.0001644	0.0005480000000000001	9.978727340698242	34543.40645766258
3165	1349.6437092365131	1015.29	73.178955078125	0.2147917	0.00016435714285714282	0.0005478571428571428	9.626481771469116	34553.03350710869
3166	1358.99749467773	1008.82	73.186767578125	0.21473528	0.00016431428571428569	0.0005477142857142857	11.580888748168945	34564.61637997627
3167	1349.1521486684278	1014.73	73.94580078125	0.21473444	0.00016427142857142858	0.0005475714285714286	10.090789556503296	34574.707716464996
3168	1347.768782684168	1014.4	73.70361328125	0.21470435	0.00016422857142857139	0.0005474285714285714	9.686717987060547	34584.3969438076
3169	1340.0588916579984	1008.53	73.96142578125	0.21469699	0.00016418571428571428	0.0005472857142857142	9.529018878936768	34593.926599025726
3170	1365.204156799584	1016.12	73.719482421875	0.21468984	0.00016414285714285714	0.0005471428571428572	9.938241481781006	34603.866325855255
3171	1333.181920606296	995.69	73.478515625	0.21468389	0.00016409999999999998	0.000547	10.056524515151978	34613.922979831696
3172	1368.3310898353736	1012.19	73.986572265625	0.21467777	0.00016405714285714287	0.000546857142857143	9.487831592559814	34623.413301467896
3173	1324.4707271571347	1002.66	73.994384765625	0.21467263	0.0001640142857142857	0.0005467142857142857	10.116698503494263	34633.530635118484
3174	1316.1923912157197	991.25	74.001220703125	0.21466534	0.00016397142857142857	0.0005465714285714286	9.447676181793213	34642.978934288025
3175	1315.3744162855007	998.23	72.509521484375	0.21437675	0.00016392857142857143	0.0005464285714285715	11.702262163162231	34654.683240652084
3176	1360.1568949148793	996.69	73.017822265625	0.21437703	0.00016388571428571427	0.0005462857142857143	10.101883172988892	34664.78569316864
3177	1360.6350168360484	1016.21	73.525390625	0.21437751	0.00016384285714285713	0.0005461428571428571	10.006333827972412	34674.79308843613
3178	1319.6096196393808	985.79	73.533447265625	0.21437655	0.0001638	0.000546	9.477324485778809	34684.271020412445
3179	1346.1103200083487	1006.45	73.03271484375	0.2143671	0.00016375714285714283	0.0005458571428571429	10.177341222763062	34694.45054888725
3180	1329.1718641101324	996.46	73.04931640625	0.21433751	0.0001637142857142857	0.0005457142857142858	9.739163160324097	34704.19026398659
3181	1330.054774279435	1001.48	73.55712890625	0.2140876	0.00016367142857142856	0.0005455714285714286	11.840287685394287	34716.032039642334
3182	1376.292148317907	1016.14	74.314697265625	0.2140892	0.0001636285714285714	0.0005454285714285714	10.048292875289917	34726.08086204529
3183	1330.3873245481843	991.6	73.322998046875	0.21407373	0.00016358571428571426	0.0005452857142857143	9.80619740486145	34735.88901567459
3184	1343.7654861437734	999.73	74.080810546875	0.2140701	0.00016354285714285713	0.0005451428571428572	9.468392372131348	34745.3579454422
3185	1320.6090684097478	995.06	73.838623046875	0.21406622	0.00016349999999999996	0.0005449999999999999	9.943865060806274	34755.30369639397
3186	1303.2361495445514	985.03	73.591552734375	0.21406205	0.00016345714285714285	0.0005448571428571429	9.392462968826294	34764.69678592682
3187	1369.1470725133406	1012.88	74.354736328125	0.21405709	0.0001634142857142857	0.0005447142857142857	9.449492931365967	34774.14956021309
3188	1337.6042499836226	998.77	73.362548828125	0.21398164	0.00016337142857142855	0.0005445714285714287	10.358309268951416	34784.50843954086
3189	1353.5535228946933	1011.16	74.2451171875	0.21396957	0.00016332857142857142	0.0005444285714285715	10.11620306968689	34794.627004146576
3190	1342.4990458088278	998.83	74.253173828125	0.2139554	0.00016328571428571425	0.0005442857142857143	9.458508253097534	34804.08623838425
3191	1298.3391504524193	986.97	74.761962890625	0.2139438	0.00016324285714285712	0.0005441428571428572	10.094284057617188	34814.18107891083
3192	1344.4731043710315	1007.35	74.014892578125	0.21393621	0.0001632	0.0005440000000000001	9.413886070251465	34823.597093105316
3193	1369.9402185473655	1018.35	74.028076171875	0.21393174	0.00016315714285714282	0.0005438571428571428	9.4600248336792	34833.05773282051
3194	1354.6091704096852	999.93	73.785888671875	0.21388568	0.0001631142857142857	0.0005437142857142857	10.140211343765259	34843.19897675514
3195	1358.4575361278808	1015.25	74.292236328125	0.21387269	0.00016307142857142857	0.0005435714285714286	9.853069067001343	34853.05259728432
3196	1366.0993578172763	1014.13	73.557861328125	0.21386386	0.0001630285714285714	0.0005434285714285713	9.653916597366333	34862.70815849304
3197	1339.3805043156515	999.46	74.5517578125	0.21385555	0.00016298571428571427	0.0005432857142857142	10.065230369567871	34872.77398920059
3198	1309.4159742929032	980.19	74.06591796875	0.21384923	0.00016294285714285714	0.0005431428571428572	9.377831935882568	34882.154116392136
3199	1308.273292332054	980.19	73.331298828125	0.21384268	0.00016289999999999998	0.000543	9.389788627624512	34891.5445356369
3200	1322.8282034130548	989.76	73.58056640625	0.21364474	0.00016285714285714287	0.0005428571428571429	12.524115800857544	34904.07087755203
3201	1363.372092967014	1001.82	73.58935546875	0.21364452	0.0001628142857142857	0.0005427142857142857	9.650033235549927	34913.721462249756
3202	1294.6166450651074	971.63	74.09716796875	0.21364473	0.00016277142857142857	0.0005425714285714286	9.488585948944092	34923.212074518204
3203	1334.5929500258924	999.76	74.605224609375	0.21364367	0.00016272857142857143	0.0005424285714285715	10.10554051399231	34933.318169116974
3204	1363.8817259461428	1006.6	74.113037109375	0.21364342	0.00016268571428571427	0.0005422857142857142	9.40952444076538	34942.72947144508
3205	1348.5877418066657	1014.57	74.37109375	0.21364225	0.00016264285714285713	0.0005421428571428571	9.495802640914917	34952.22587609291
3206	1354.0736849253578	1013.62	74.129150390625	0.21363807	0.0001626	0.0005420000000000001	9.395769834518433	34961.623484134674
3207	1361.6659134880113	1004.57	74.136962890625	0.2136329	0.00016255714285714283	0.0005418571428571429	9.877868175506592	34971.50198960304
3208	1320.3688435352506	988.07	74.395751953125	0.21333148	0.0001625142857142857	0.0005417142857142857	11.653035163879395	34983.15773510933
3209	1348.9868230463853	1003.45	74.653564453125	0.21333323	0.00016247142857142856	0.0005415714285714286	10.012757778167725	34993.17107343674
3210	1309.3554773184828	996.04	73.16162109375	0.21328771	0.0001624285714285714	0.0005414285714285714	12.61940860748291	35005.79252052307
3211	1278.3712074149748	967.16	73.669189453125	0.21327306	0.00016238571428571426	0.0005412857142857143	9.664536476135254	35015.4576792717
3212	1324.3224111654708	998.08	74.17724609375	0.21326874	0.00016234285714285712	0.0005411428571428571	9.967647552490234	35025.42587399483
3213	1305.0808425010412	973.96	73.191162109375	0.21326436	0.00016229999999999996	0.0005409999999999999	9.418397665023804	35034.84675979614
3214	1352.119734513992	1010.67	74.693115234375	0.21325947	0.00016225714285714285	0.000540857142857143	9.480587482452393	35044.32794046402
3215	1326.9333540893792	988.9	73.45849609375	0.21325241	0.0001622142857142857	0.0005407142857142858	10.153653383255005	35054.483372211456
3216	1308.6300578420505	987.99	74.457275390625	0.21324396	0.00016217142857142855	0.0005405714285714286	9.430202007293701	35063.914110183716
3217	1332.6662393906286	1008.99	73.715087890625	0.21288025	0.00016212857142857144	0.0005404285714285715	11.541049242019653	35075.45796394348
3218	1316.8191162695782	999.63	71.429443359375	0.21289682	0.00016208571428571425	0.0005402857142857143	10.170173645019531	35085.62878155708
3219	1341.8955150455386	1004.22	73.23583984375	0.21273102	0.00016204285714285712	0.0005401428571428572	11.83806037902832	35097.46739435196
3220	1307.1985475727465	986.62	74.48828125	0.21273391	0.000162	0.00054	9.649656057357788	35107.11953139305
3221	1355.8062772612202	1009.2	73.50439453125	0.21273707	0.00016195714285714282	0.0005398571428571428	10.058137893676758	35117.17830610275
3222	1308.39073982092	979.76	74.00341796875	0.21267885	0.0001619142857142857	0.0005397142857142857	11.70557713508606	35128.88442373276
3223	1348.758154335593	1012.04	75.512451171875	0.21268101	0.00016187142857142857	0.0005395714285714286	9.425213813781738	35138.31142091751
3224	1355.8707046968777	1010.53	74.279052734375	0.21267946	0.0001618285714285714	0.0005394285714285713	9.6112060546875	35147.9231865406
3225	1341.6508325593898	1008.49	73.779052734375	0.2126642	0.0001617857142857143	0.0005392857142857144	9.699334621429443	35157.62440609932
3226	1341.5753284950706	1002.2	75.0341796875	0.21266104	0.00016174285714285714	0.0005391428571428572	9.515870094299316	35167.14094591141
3227	1343.2734596483256	1006.91	75.044677734375	0.21265812	0.00016169999999999997	0.000539	9.92017126083374	35177.061697244644
3228	1313.3481266786198	977.79	74.552978515625	0.21265374	0.00016165714285714286	0.0005388571428571429	9.428287744522095	35186.491911411285
3229	1348.065492835762	1003.21	74.550537109375	0.21264993	0.0001616142857142857	0.0005387142857142857	9.69139814376831	35196.18391561508
3230	1294.3122383223165	970.9	74.068603515625	0.21264513	0.00016157142857142856	0.0005385714285714286	10.00611662864685	35206.191454172134
3231	1336.1962469088123	1002.78	74.566650390625	0.21263959	0.00016152857142857143	0.0005384285714285715	9.613452434539795	35215.80549240112
3232	1317.4233148021117	995.86	74.83447265625	0.21263574	0.00016148571428571427	0.0005382857142857142	9.788328647613525	35225.596331357956
3233	1277.214263288756	973.08	73.342041015625	0.21257864	0.00016144285714285713	0.0005381428571428572	10.293581485748291	35235.89050745964
3234	1371.0988997324002	1012.65	74.348876953125	0.2125646	0.0001614	0.0005380000000000001	9.433433055877686	35245.325786590576
3235	1322.7890191545357	991.64	74.35791015625	0.21254878	0.00016135714285714283	0.0005378571428571429	9.509251594543457	35254.835641384125
3236	1340.532701563	1008.74	74.3642578125	0.21253355	0.0001613142857142857	0.0005377142857142857	10.15369176864624	35264.99153327942
3237	1358.78586827498	1012.83	74.872314453125	0.2125207	0.00016127142857142856	0.0005375714285714286	9.455212593078613	35274.4473965168
3238	1347.8995149351947	1018.0	75.13037109375	0.21251036	0.0001612285714285714	0.0005374285714285714	9.65129041671753	35284.1004948616
3239	1327.9581683883212	994.77	73.38623046875	0.21239293	0.00016118571428571429	0.0005372857142857144	10.523303985595703	35294.624415397644
3240	1341.5250982729683	1004.52	74.385009765625	0.21237588	0.00016114285714285712	0.0005371428571428571	9.423789501190186	35304.04874110222
3241	1329.700311342004	991.9	74.40478515625	0.21235919	0.00016109999999999996	0.0005369999999999999	9.482189416885376	35313.53234410286
3242	1333.3225399262208	1010.06	73.41845703125	0.21234292	0.00016105714285714285	0.000536857142857143	9.981895446777344	35323.51478290558
3243	1339.662530464782	1007.8	73.4287109375	0.21233298	0.00016101428571428569	0.0005367142857142857	9.963529109954834	35333.47989153862
3244	1321.2321150158575	996.14	74.6787109375	0.21232398	0.00016097142857142855	0.0005365714285714286	9.458662986755371	35342.9391272068
3245	1332.006809283632	1002.69	74.444091796875	0.21231522	0.00016092857142857144	0.0005364285714285715	9.974109649658203	35352.91507744789
3246	1307.348202020587	987.17	73.444091796875	0.21203966	0.00016088571428571425	0.0005362857142857143	12.535470247268677	35365.45072340965
3247	1309.1907057269311	985.53	73.6962890625	0.21181531	0.00016084285714285714	0.0005361428571428571	11.89145016670227	35377.3443543911
3248	1334.9557206148932	1002.23	73.958740234375	0.21179743	0.0001608	0.000536	10.145127773284912	35387.490015506744
3249	1333.3794313774863	1007.31	72.975341796875	0.21152002	0.00016075714285714284	0.0005358571428571428	11.574173927307129	35399.06575465202
3250	1292.4489693979167	974.23	74.4765625	0.21135624	0.0001607142857142857	0.0005357142857142857	12.669126987457275	35411.7354490757
3251	1311.969315216045	989.6	74.484130859375	0.21122678	0.00016067142857142857	0.0005355714285714285	13.804388999938965	35425.54219555855
3252	1326.864016958214	991.99	74.491943359375	0.21119611	0.0001606285714285714	0.0005354285714285714	9.653548002243042	35435.1963121891
3253	1333.8251318684474	1017.55	73.8828125	0.21118575	0.0001605857142857143	0.0005352857142857144	10.150765895843506	35445.34914684296
3254	1304.067396151935	976.61	74.8828125	0.21117705	0.00016054285714285713	0.0005351428571428572	9.484005212783813	35454.833773612976
3255	1341.510812957461	1008.9	74.640869140625	0.21116988	0.00016049999999999997	0.0005349999999999999	10.252405643463135	35465.087926864624
3256	1344.3468840593957	1002.79	73.906494140625	0.21116169	0.00016045714285714286	0.0005348571428571429	9.949548482894897	35475.03811645508
3257	1356.6236116027449	1007.48	75.645751953125	0.21115343	0.0001604142857142857	0.0005347142857142857	9.65115213394165	35484.68985390663
3258	1372.7978180402006	1018.21	74.6640625	0.21114683	0.00016037142857142856	0.0005345714285714286	9.492997884750366	35494.18490123749
3259	1333.7550900391373	1006.41	74.4208984375	0.21100318	0.00016032857142857143	0.0005344285714285714	12.653188467025757	35506.83865785599
3260	1318.8245120576228	986.18	74.67822265625	0.2110007	0.00016028571428571426	0.0005342857142857142	12.322216510772705	35519.16289186478
3261	1340.491091663744	994.31	74.687744140625	0.21102042	0.00016024285714285713	0.0005341428571428572	9.748988389968872	35528.91252422333
3262	1341.7596812606537	1001.99	74.945556640625	0.21102412	0.0001602	0.0005340000000000001	9.534717082977295	35538.447902202606
3263	1362.4585286140332	1022.03	75.20361328125	0.211028	0.00016015714285714283	0.0005338571428571428	9.41086745262146	35547.860991477966
3264	1324.4751173208713	997.22	73.968994140625	0.21103108	0.0001601142857142857	0.0005337142857142857	9.469587087631226	35557.33076119423
3265	1357.3952763187483	1014.42	75.459228515625	0.21103531	0.00016007142857142856	0.0005335714285714286	10.000626564025879	35567.33237743378
3266	1311.4916505832548	997.66	74.23486328125	0.2110381	0.0001600285714285714	0.0005334285714285714	9.515055894851685	35576.84800672531
3267	1341.086987692983	1009.01	74.2353515625	0.2108217	0.00015998571428571428	0.0005332857142857143	12.583008766174316	35589.432884693146
3268	1329.1754555547411	1008.51	74.742919921875	0.21048029	0.00015994285714285712	0.0005331428571428571	12.17582082748413	35601.60929465294
3269	1352.6004311910933	1014.4	74.750732421875	0.2104403	0.00015989999999999996	0.0005329999999999999	9.839306592941284	35611.45015501976
3270	1318.90995434854	1010.59	74.7587890625	0.21043079	0.00015985714285714287	0.000532857142857143	9.446125030517578	35620.89684820175
3271	1350.9871662854375	1002.41	74.024169921875	0.21041884	0.00015981428571428568	0.0005327142857142857	9.469952821731567	35630.36862540245
3272	1317.8917101408938	978.17	75.2744140625	0.21040656	0.00015977142857142855	0.0005325714285714286	9.395203113555908	35639.764466285706
3273	1351.5188178413844	1017.69	75.03076171875	0.21039538	0.00015972857142857144	0.0005324285714285715	9.451449155807495	35649.217756032944
3274	1335.9716359127858	990.54	74.7890625	0.21031599	0.00015968571428571425	0.0005322857142857143	10.016571998596191	35659.23493051529
3275	1319.0321416805882	992.04	72.0078125	0.21031092	0.00015964285714285714	0.0005321428571428571	9.436351537704468	35668.67346692085
3276	1333.082794378365	999.64	74.710693359375	0.2103077	0.0001596	0.000532	9.478195190429688	35678.15227103233
3277	1346.9692709410626	1010.55	75.298583984375	0.21030414	0.00015955714285714284	0.0005318571428571428	9.61875057220459	35687.77184009552
3278	1343.865394334046	999.01	75.5712890625	0.21030007	0.0001595142857142857	0.0005317142857142858	9.437912225723267	35697.20996880531
3279	1349.424708240159	998.15	74.5791015625	0.21012555	0.00015947142857142857	0.0005315714285714286	12.628835678100586	35709.84066748619
3280	1326.3322795894899	978.8	74.5849609375	0.20993705	0.0001594285714285714	0.0005314285714285714	12.956539154052734	35722.79782509804
3281	1313.22684823559	997.75	74.343017578125	0.20964192	0.0001593857142857143	0.0005312857142857144	13.553279399871826	35736.35292387009
3282	1339.9520112873445	1001.25	74.8515625	0.20959502	0.00015934285714285713	0.0005311428571428572	14.026154041290283	35750.37966942787
3283	1333.4739555983845	1001.18	73.3662109375	0.20958203	0.0001593	0.000531	9.625391244888306	35760.005615234375
3284	1287.7069406262974	954.37	74.866943359375	0.20957811	0.00015925714285714286	0.0005308571428571429	9.422184467315674	35769.42926812172
3285	1346.656682170781	1013.52	75.623046875	0.20957649	0.0001592142857142857	0.0005307142857142857	9.539126873016357	35778.9689950943
3286	1326.8587501513155	1008.67	74.640625	0.20957388	0.00015917142857142856	0.0005305714285714286	9.443249702453613	35788.41419148445
3287	1346.7591229365114	1008.37	75.380615234375	0.20956983	0.00015912857142857142	0.0005304285714285715	9.476001262664795	35797.89081263542
3288	1342.6010132276538	1000.79	73.906494140625	0.20956688	0.00015908571428571426	0.0005302857142857143	9.677696943283081	35807.57004570961
3289	1360.9874753874944	1013.5	75.156494140625	0.2095652	0.00015904285714285712	0.0005301428571428572	9.44060230255127	35817.01122260094
3290	1321.2456069294951	993.91	73.92333984375	0.20956534	0.000159	0.0005300000000000001	9.874794960021973	35826.88811182976
3291	1342.8481833529097	994.27	75.172119140625	0.2095651	0.00015895714285714283	0.0005298571428571428	10.052497863769531	35836.94115233421
3292	1331.4560723316793	1002.69	73.43896484375	0.2093827	0.0001589142857142857	0.0005297142857142857	13.227946043014526	35850.17079496384
3293	1382.5793130627137	1022.17	74.18896484375	0.20940216	0.00015887142857142855	0.0005295714285714286	9.860235214233398	35860.03161621094
3294	1343.9250218503846	1003.19	75.436767578125	0.20940389	0.0001588285714285714	0.0005294285714285713	9.588768482208252	35869.6224296093
3295	1332.24499680501	1008.27	74.70361328125	0.2094057	0.00015878571428571428	0.0005292857142857143	9.489192247390747	35879.111743450165
3296	1262.7962246829752	957.56	75.454345703125	0.20940702	0.00015874285714285712	0.0005291428571428571	9.504297256469727	35888.61708855629
3297	1277.0283281065083	976.11	74.72021484375	0.20940931	0.00015869999999999998	0.0005290000000000001	9.496082067489624	35898.11371588707
3298	1316.8740740730666	992.65	75.46484375	0.20941047	0.00015865714285714287	0.0005288571428571429	9.442716360092163	35907.5587849617
3299	1311.0625371788879	1000.39	74.736328125	0.20913917	0.00015861428571428568	0.0005287142857142857	13.892749786376953	35921.45212721825
3300	1294.8960680195771	986.05	73.500732421875	0.20915852	0.00015857142857142857	0.0005285714285714286	10.097426652908325	35931.55158948898
3301	1321.1071852394641	989.99	75.002197265625	0.2091615	0.00015852857142857144	0.0005284285714285715	9.438784122467041	35940.990941762924
3302	1328.800682659532	1000.07	74.753173828125	0.20916373	0.00015848571428571427	0.0005282857142857142	9.59261679649353	35950.58514738083
3303	1348.594605177371	1002.99	75.01611328125	0.20916273	0.00015844285714285714	0.0005281428571428571	9.568546533584595	35960.15438199043
3304	1325.862832552028	995.42	74.281982421875	0.20916145	0.0001584	0.000528	9.440304279327393	35969.59525871277
3305	1335.5980325538806	989.25	75.27197265625	0.2091588	0.00015835714285714284	0.0005278571428571428	9.520509958267212	35979.116980314255
3306	1339.9094834869438	998.3	75.2900390625	0.209157	0.0001583142857142857	0.0005277142857142857	9.47371792793274	35988.59129548073
3307	1347.8016617456046	1004.11	75.047607421875	0.20915855	0.00015827142857142857	0.0005275714285714286	9.453747034072876	35998.04681420326
3308	1358.0470170524716	1015.18	75.306640625	0.20915914	0.0001582285714285714	0.0005274285714285714	9.595163822174072	36007.642583847046
3309	1315.2312987911146	986.0	74.564697265625	0.20919646	0.0001581857142857143	0.0005272857142857144	13.577939510345459	36021.22233295441
3310	1333.4361203429476	993.0	73.580322265625	0.20917903	0.00015814285714285713	0.0005271428571428571	9.614710569381714	36030.83757066727
3311	1332.1514500342091	994.49	75.330322265625	0.20917112	0.0001581	0.000527	9.913641691207886	36040.75370001793
3312	1321.9423534009286	990.62	74.58349609375	0.20916407	0.00015805714285714286	0.0005268571428571429	9.928556203842163	36050.682849407196
3313	1312.5841591653307	983.74	75.345947265625	0.20915794	0.0001580142857142857	0.0005267142857142857	9.426872968673706	36060.11133861542
3314	1293.9144807169573	975.63	74.10400390625	0.20905958	0.00015797142857142856	0.0005265714285714285	14.423967361450195	36074.535900592804
3315	1328.1256714311087	997.06	74.851806640625	0.20883559	0.00015792857142857142	0.0005264285714285715	13.746880769729614	36088.28469777107
3316	1320.0987290534663	980.46	75.1201171875	0.20867063	0.00015788571428571426	0.0005262857142857143	14.83038592338562	36103.11668896675
3317	1336.9632554160496	1000.01	74.739501953125	0.20865305	0.00015784285714285712	0.0005261428571428572	9.5412437915802	36112.65941429138
3318	1344.4462354468901	1009.85	74.760986328125	0.20853312	0.0001578	0.000526	14.716527938842773	36127.37652349472
3319	1327.535283206018	992.82	75.254638671875	0.20853138	0.00015775714285714282	0.0005258571428571428	9.99370265007019	36137.371998786926
3320	1368.3971394713976	1007.95	75.027099609375	0.20852621	0.0001577142857142857	0.0005257142857142857	9.644958257675171	36147.017523527145
3321	1321.1295428269443	1006.17	75.78466796875	0.20852451	0.00015767142857142855	0.0005255714285714286	9.52600383758545	36156.54561877251
3322	1353.481347042138	1001.04	75.79052734375	0.2085224	0.0001576285714285714	0.0005254285714285713	10.244986057281494	36166.791174173355
3323	1385.5739353823797	1020.46	75.2998046875	0.20851785	0.0001575857142857143	0.0005252857142857144	9.577432870864868	36176.37009143829
3324	1331.2024708836364	1006.73	74.565673828125	0.20851429	0.00015754285714285712	0.0005251428571428572	9.718469142913818	36186.08876991272
3325	1354.3697172957895	1012.21	75.314453125	0.20850928	0.00015749999999999998	0.0005250000000000001	9.962629318237305	36196.05334877968
3326	1351.309029263196	1001.8	74.33154296875	0.208504	0.00015745714285714287	0.0005248571428571429	9.431224584579468	36205.48511791229
3327	1355.7199613353002	997.12	74.83154296875	0.20848908	0.00015741428571428568	0.0005247142857142857	9.631192684173584	36215.11738419533
3328	1340.5609543115265	1013.19	76.086669921875	0.20848648	0.00015737142857142857	0.0005245714285714286	10.042721271514893	36225.1606464386
3329	1343.0828018193847	1002.51	75.59765625	0.20848416	0.00015732857142857143	0.0005244285714285715	9.470094680786133	36234.63232898712
3330	1369.7733172287087	1014.06	74.612060546875	0.20847921	0.00015728571428571427	0.0005242857142857142	9.444448471069336	36244.07731986046
3331	1343.7098530899605	994.82	75.113037109375	0.20847481	0.00015724285714285714	0.0005241428571428571	9.965595960617065	36254.044984817505
3332	1351.8827879041708	1012.39	75.870849609375	0.20847182	0.0001572	0.000524	9.426746845245361	36263.472307920456
3333	1252.6477554052638	949.45	72.58984375	0.20834172	0.00015715714285714284	0.0005238571428571429	14.60097336769104	36278.07571029663
3334	1357.9096886424936	1010.4	74.634521484375	0.20821817	0.0001571142857142857	0.0005237142857142857	13.654782772064209	36291.73114967346
3335	1357.28376909217	1016.19	75.392822265625	0.20815451	0.00015707142857142856	0.0005235714285714286	12.499554634094238	36304.23303747177
3336	1345.8220339426857	1002.27	75.151611328125	0.20786625	0.0001570285714285714	0.0005234285714285714	14.155419826507568	36318.38902950287
3337	1353.2097142368764	1004.41	75.158447265625	0.20784284	0.0001569857142857143	0.0005232857142857144	9.937251091003418	36328.32817411423
3338	1338.5346624719052	1002.87	75.668212890625	0.20783122	0.00015694285714285713	0.0005231428571428571	9.46878719329834	36337.797481536865
3339	1333.6518249925618	1004.48	74.9267578125	0.20782131	0.0001569	0.000523	9.818571329116821	36347.61704659462
3340	1351.7428009966302	1003.19	75.18505859375	0.20781143	0.00015685714285714286	0.0005228571428571429	9.527666330337524	36357.14527177811
3341	1341.372304725486	1008.04	75.441650390625	0.20780377	0.0001568142857142857	0.0005227142857142858	9.477067947387695	36366.62373518944
3342	1368.9146200587725	1018.29	75.70068359375	0.2077936	0.00015677142857142856	0.0005225714285714286	9.987951278686523	36376.61224722862
3343	1375.2240939159972	1021.4	74.9453125	0.20776969	0.00015672857142857142	0.0005224285714285715	9.62677526473999	36386.24093794823
3344	1348.4952478519235	1012.9	75.966796875	0.2077636	0.00015668571428571426	0.0005222857142857143	9.427957534790039	36395.66942715645
3345	1299.21555223214	979.6	75.974365234375	0.20775652	0.00015664285714285712	0.0005221428571428572	10.066733598709106	36405.73800635338
3346	1341.6270102737947	996.89	75.480224609375	0.20775141	0.00015659999999999998	0.000522	9.655160665512085	36415.3936984539
3347	1369.2506891851788	1014.61	76.234619140625	0.20774405	0.00015655714285714282	0.0005218571428571428	9.427544593811035	36424.82338833809
3348	1331.2588438751004	994.12	75.006103515625	0.20770286	0.0001565142857142857	0.0005217142857142858	10.562424898147583	36435.386419057846
3349	1371.1498691215404	1020.95	74.77001953125	0.20767635	0.00015647142857142855	0.0005215714285714285	9.556310415267944	36444.94416284561
3350	1361.2605475318778	1014.31	75.01220703125	0.20739734	0.00015642857142857139	0.0005214285714285713	13.767358779907227	36458.71210384369
3351	1347.8586919665058	1006.87	74.028076171875	0.20737875	0.0001563857142857143	0.0005212857142857144	9.749908208847046	36468.46396803856
3352	1336.4677951678518	1010.45	76.277099609375	0.20737147	0.0001563428571428571	0.0005211428571428572	9.450677394866943	36477.91517448425
3353	1355.0885048088126	1009.81	76.035888671875	0.20736356	0.0001563	0.000521	9.48707127571106	36487.404222011566
3354	1348.1390077038552	1005.05	76.03369140625	0.20735538	0.00015625714285714287	0.0005208571428571429	10.129502296447754	36497.53426170349
3355	1355.4536940068763	1009.56	76.051513671875	0.20734751	0.0001562142857142857	0.0005207142857142857	9.399179697036743	36506.93498468399
3356	1347.4831332520441	991.42	74.068115234375	0.20721515	0.00015617142857142857	0.0005205714285714286	13.88786768913269	36520.82344841957
3357	1349.8820537426593	1007.02	76.068115234375	0.20721911	0.00015612857142857143	0.0005204285714285714	9.847972393035889	36530.67304992676
3358	1342.528487762105	1012.49	74.084228515625	0.20704406	0.00015608571428571427	0.0005202857142857142	12.99544620513916	36543.669073820114
3359	1365.4410843550268	1019.18	75.583984375	0.20704293	0.00015604285714285713	0.0005201428571428571	10.01002311706543	36553.681352853775
3360	1347.1168670210184	1014.92	75.342041015625	0.207039	0.000156	0.0005200000000000001	9.492954969406128	36563.174874544144
3361	1343.3701311211603	1006.72	74.10791015625	0.20689797	0.00015595714285714283	0.0005198571428571428	12.70591139793396	36575.88224720955
3362	1346.3536507809085	1011.3	75.10791015625	0.20677024	0.00015591428571428572	0.0005197142857142858	10.57612681388855	36586.45850419998
3363	1306.4237987563265	986.77	74.87353515625	0.20675194	0.00015587142857142856	0.0005195714285714286	9.467005252838135	36595.9265704155
3364	1343.496699949645	1005.38	74.63134765625	0.20673434	0.0001558285714285714	0.0005194285714285714	9.435022592544556	36605.36178803444
3365	1373.0498206344987	1020.03	75.8818359375	0.20671976	0.0001557857142857143	0.0005192857142857143	10.379079580307007	36615.7410299778
3366	1354.380781055219	1010.92	74.645263671875	0.20670742	0.00015574285714285713	0.0005191428571428571	9.622422218322754	36625.365282058716
3367	1313.0977363672164	991.65	75.145751953125	0.20669597	0.0001557	0.000519	9.45952558517456	36634.82542300224
3368	1319.3380959734086	990.71	74.161376953125	0.20645814	0.00015565714285714285	0.000518857142857143	13.979918241500854	36648.80701136589
3369	1342.773242652885	1001.65	75.658203125	0.20645694	0.0001556142857142857	0.0005187142857142857	9.454293966293335	36658.261833667755
3370	1351.8547706263614	1014.14	75.405517578125	0.20645481	0.00015557142857142855	0.0005185714285714286	9.43968415260315	36667.70367407799
3371	1342.4656629553874	993.34	75.67578125	0.20645194	0.00015552857142857142	0.0005184285714285715	9.911890983581543	36677.61618757248
3372	1353.985669463502	1010.83	75.68603515625	0.20635845	0.00015548571428571425	0.0005182857142857143	12.535921812057495	36690.15385103226
3373	1338.1960966719323	993.94	75.444091796875	0.20636249	0.00015544285714285712	0.0005181428571428571	9.498433113098145	36699.65288352966
3374	1349.2235278200037	1002.07	75.447265625	0.20604296	0.00015539999999999998	0.000518	12.487853288650513	36712.14216351509
3375	1350.2050333239729	1009.84	75.709716796875	0.2060924	0.00015535714285714282	0.0005178571428571428	12.476825952529907	36724.6195371151
3376	1361.0745228147975	1010.62	75.467529296875	0.20609517	0.00015531428571428574	0.0005177142857142858	10.221754789352417	36734.84349370003
3377	1350.248729205478	1005.14	76.225341796875	0.20609953	0.00015527142857142855	0.0005175714285714285	9.444225311279297	36744.28832983971
3378	1337.944298220506	1003.49	74.740966796875	0.2059704	0.00015522857142857138	0.0005174285714285714	12.89197325706482	36757.18198442459
3379	1356.41199679996	1009.82	73.9990234375	0.2056895	0.0001551857142857143	0.0005172857142857144	13.390045166015625	36770.57258152962
3380	1357.5179124054155	1008.28	75.7490234375	0.20564109	0.0001551428571428571	0.0005171428571428572	11.938992261886597	36782.512951135635
3381	1364.5249546870564	1017.37	75.75732421875	0.20564307	0.0001551	0.000517	9.60201382637024	36792.11554694176
3382	1357.9153179490456	995.68	75.76708984375	0.2053675	0.00015505714285714287	0.0005168571428571429	12.505431175231934	36804.62275266647
3383	1327.1827786367255	1009.05	75.52197265625	0.2053685	0.0001550142857142857	0.0005167142857142857	9.420239686965942	36814.04357647896
3384	1369.2573470265315	1012.16	75.536865234375	0.20520635	0.00015497142857142857	0.0005165714285714286	13.965410947799683	36828.010813474655
3385	1365.0596700122908	1016.18	74.30419921875	0.20516264	0.00015492857142857143	0.0005164285714285714	13.08005142211914	36841.091436862946
3386	1375.986446896783	1017.35	75.54638671875	0.20514911	0.00015488571428571427	0.0005162857142857142	15.925920963287354	36857.01933860779
3387	1376.548840120153	1024.0	76.5634765625	0.2051463	0.00015484285714285713	0.0005161428571428572	9.452391386032104	36866.47426533699
3388	1358.4209035042268	1008.63	75.574462890625	0.20514293	0.0001548	0.0005160000000000001	9.452615022659302	36875.927434921265
3389	1359.9741431756204	1007.56	75.8369140625	0.20514022	0.00015475714285714283	0.0005158571428571428	10.1982581615448	36886.12801647186
3390	1343.0240391377595	1013.6	73.0576171875	0.2048778	0.00015471428571428572	0.0005157142857142858	12.582332849502563	36898.710884571075
3391	1341.6089203175975	1012.31	75.547119140625	0.20487642	0.00015467142857142856	0.0005155714285714286	9.496837854385376	36908.20927786827
3392	1359.259225868467	1001.68	75.36279296875	0.20482491	0.0001546285714285714	0.0005154285714285714	11.26078987121582	36919.47062540054
3393	1342.1132362052554	1004.98	75.61865234375	0.20481586	0.0001545857142857143	0.0005152857142857143	9.620247602462769	36929.09223675728
3394	1383.838350157895	1018.28	75.632568359375	0.20480806	0.00015454285714285712	0.0005151428571428571	9.479668378829956	36938.572608947754
3395	1361.3862730014478	1017.21	76.3828125	0.20480187	0.0001545	0.000515	9.48661470413208	36948.05979323387
3396	1369.075928963137	1008.56	74.903076171875	0.20457256	0.00015445714285714285	0.000514857142857143	10.126585483551025	36958.18820476532
3397	1341.9686893979085	1010.19	75.419677734375	0.20455344	0.0001544142857142857	0.0005147142857142857	9.669844150543213	36967.85866236687
3398	1335.046419174253	1007.39	74.430908203125	0.20446144	0.00015437142857142855	0.0005145714285714286	13.078150987625122	36980.93852305412
3399	1353.7598415904006	1006.53	75.43212890625	0.20448267	0.00015432857142857142	0.0005144285714285715	9.629400730133057	36990.568032979965
3400	1362.4696239459681	1018.57	76.192626953125	0.20448548	0.00015428571428571425	0.0005142857142857142	9.479575872421265	37000.04907178879
3401	1332.2822818074126	1004.12	76.1923828125	0.20448804	0.00015424285714285712	0.0005141428571428571	9.72289490699768	37009.772547483444
3402	1350.1639217955608	1009.34	74.969970703125	0.20448762	0.00015419999999999998	0.000514	9.423467636108398	37019.197902202606
3403	1361.3425292661177	1001.85	76.722412109375	0.20448542	0.00015415714285714282	0.0005138571428571428	9.501200199127197	37028.69968032837
3404	1310.475084584841	982.54	76.71875	0.20448096	0.00015411428571428574	0.0005137142857142857	9.562784194946289	37038.26426362991
3405	1335.461900331119	999.52	74.5	0.20429605	0.00015407142857142854	0.0005135714285714286	14.009165287017822	37052.27399849892
3406	1361.106762042953	1007.97	75.2529296875	0.2042136	0.00015402857142857138	0.0005134285714285714	13.9298255443573	37066.20590186119
3407	1363.2988966372252	1016.52	75.5126953125	0.2040351	0.0001539857142857143	0.0005132857142857144	13.841686010360718	37080.049862384796
3408	1356.022521385757	1012.57	75.5224609375	0.2040327	0.00015394285714285714	0.0005131428571428571	9.861386775970459	37089.91285920143
3409	1381.9839958394177	1018.5	76.018798828125	0.20403232	0.0001539	0.000513	9.537054538726807	37099.450791597366
3410	1364.706232651509	1015.13	75.787841796875	0.20402741	0.00015385714285714286	0.0005128571428571429	9.408933877944946	37108.860275030136
3411	1336.5487329428936	1000.59	76.552490234375	0.20402355	0.0001538142857142857	0.0005127142857142857	9.524409055709839	37118.38647031784
3412	1329.41500345414	1011.33	75.812744140625	0.20402253	0.00015377142857142856	0.0005125714285714285	9.55525803565979	37127.94231534004
3413	1314.007867916722	984.11	76.072265625	0.20402186	0.00015372857142857143	0.0005124285714285714	9.484282970428467	37137.42849135399
3414	1356.2261630737341	1017.12	75.5810546875	0.20386392	0.00015368571428571427	0.0005122857142857143	13.692929744720459	37151.122015953064
3415	1356.6906248335408	1012.35	76.091552734375	0.2038654	0.00015364285714285713	0.0005121428571428572	9.685606956481934	37160.80950689316
3416	1364.9042970521818	1017.98	75.109130859375	0.20386402	0.0001536	0.000512	9.422555923461914	37170.232642650604
3417	1364.2552360194002	1014.79	75.11767578125	0.20386638	0.00015355714285714283	0.0005118571428571428	9.79088807106018	37180.02554726601
3418	1371.1431990644967	1015.01	75.11474609375	0.20353486	0.00015351428571428572	0.0005117142857142858	14.24308443069458	37194.26916909218
3419	1367.3771370858362	1016.09	76.37939453125	0.20328481	0.00015347142857142856	0.0005115714285714286	14.475135087966919	37208.74622750282
3420	1357.4612737513523	1010.05	76.13916015625	0.20327252	0.00015342857142857142	0.0005114285714285714	9.63342547416687	37218.381123781204
3421	1357.0355749639039	1016.23	75.14892578125	0.20311147	0.00015338571428571429	0.0005112857142857143	13.469054698944092	37231.85074734688
3422	1320.7359583816897	997.94	75.650146484375	0.2030939	0.00015334285714285712	0.0005111428571428571	9.658714532852173	37241.510902643204
3423	1373.5299659066097	1017.98	76.40966796875	0.20308252	0.00015329999999999999	0.0005110000000000001	9.751193523406982	37251.2626388073
3424	1390.0958420005463	1024.0	76.179443359375	0.2030741	0.00015325714285714285	0.0005108571428571429	9.433565139770508	37260.69781422615
3425	1359.6137167158488	1007.02	75.939453125	0.20306432	0.00015321428571428569	0.0005107142857142857	9.515181541442871	37270.2135951519
3426	1371.63735920336	1024.0	75.206787109375	0.20305572	0.00015317142857142855	0.0005105714285714286	9.502459287643433	37279.71691727638
3427	1379.6989477555335	1024.0	76.458984375	0.203049	0.00015312857142857141	0.0005104285714285715	9.407543897628784	37289.125049352646
3428	1363.960171879953	1020.25	75.740478515625	0.20292823	0.00015308571428571425	0.0005102857142857142	10.186571836471558	37299.31545448303
3429	1367.426147512858	1020.11	75.994384765625	0.20292042	0.00015304285714285711	0.0005101428571428571	9.562984466552734	37308.87905263901
3430	1360.8269305869926	1024.0	75.9873046875	0.20291282	0.00015299999999999998	0.00051	9.417511940002441	37318.297169446945
3431	1332.0680695563933	1008.87	76.48828125	0.20290472	0.00015295714285714282	0.0005098571428571428	9.40809154510498	37327.708914756775
3432	1352.6729369984919	1013.85	75.758056640625	0.20288515	0.00015291428571428573	0.0005097142857142858	10.370450735092163	37338.08010101318
3433	1353.3576082212771	1018.9	75.27587890625	0.20288171	0.00015287142857142854	0.0005095714285714286	9.500898838043213	37347.581600666046
3434	1334.0134404780215	1008.46	76.278076171875	0.20287953	0.00015282857142857143	0.0005094285714285715	9.421587467193604	37357.00533127785
3435	1305.5508972586786	995.38	76.037841796875	0.20287877	0.0001527857142857143	0.0005092857142857144	10.044572114944458	37367.05049943924
3436	1345.2106795862148	1013.51	76.297607421875	0.2026153	0.00015274285714285713	0.0005091428571428571	13.780699729919434	37380.83385300636
3437	1306.136645150575	1006.34	75.80712890625	0.20261616	0.0001527	0.000509	9.668170690536499	37390.50259852409
3438	1337.300843435931	1014.23	75.831298828125	0.20261307	0.00015265714285714286	0.0005088571428571429	10.706016063690186	37401.211066007614
3439	1305.6608142759633	991.46	77.07763671875	0.2026099	0.0001526142857142857	0.0005087142857142857	9.42298674583435	37410.63458800316
3440	1308.514605580461	1002.86	76.087646484375	0.20260592	0.00015257142857142856	0.0005085714285714285	9.518349647521973	37420.15503072739
3441	1335.2966052089062	1004.86	76.595703125	0.20260344	0.00015252857142857143	0.0005084285714285715	9.660984516143799	37429.81660962105
3442	1342.0099341818382	1006.93	76.855712890625	0.20259927	0.00015248571428571426	0.0005082857142857143	9.413767576217651	37439.232052087784
3443	1352.729297446585	1009.13	75.861083984375	0.20259416	0.00015244285714285713	0.0005081428571428572	9.40407657623291	37448.63671684265
3444	1384.464174233174	1024.0	75.383544921875	0.20259078	0.0001524	0.000508	9.47094202041626	37458.11005449295
3445	1350.4540185026	1013.88	77.130859375	0.20258981	0.00015235714285714283	0.0005078571428571428	9.410042762756348	37467.52071738243
3446	1366.1705254604394	1014.15	75.40185546875	0.20259057	0.00015231428571428572	0.0005077142857142858	9.448835611343384	37476.97136068344
3447	1326.4829814382852	992.45	75.150146484375	0.20254941	0.00015227142857142856	0.0005075714285714286	10.22585940361023	37487.19785141945
3448	1331.1372298704002	988.04	73.6259765625	0.20253284	0.00015222857142857142	0.0005074285714285714	9.50572919845581	37496.705503702164
3449	1379.009219947035	1017.99	75.3662109375	0.20251405	0.00015218571428571428	0.0005072857142857143	9.53966999053955	37506.24576854706
3450	1362.5475595548833	1015.43	76.14453125	0.20249556	0.00015214285714285712	0.0005071428571428572	10.14667797088623	37516.39440011978
3451	1373.6817525651218	1020.68	76.94287109375	0.20247813	0.00015209999999999998	0.000507	9.441137075424194	37525.83612370491
3452	1366.1562958785546	1018.01	76.95361328125	0.20246108	0.00015205714285714285	0.0005068571428571429	9.417802810668945	37535.25566649437
3453	1322.0553020752682	994.63	76.70263671875	0.20244962	0.00015201428571428568	0.0005067142857142857	10.00689172744751	37545.263216495514
3454	1331.9747653849188	996.98	76.473388671875	0.20243965	0.00015197142857142855	0.0005065714285714286	9.401962280273438	37554.667231321335
3455	1378.2065045823226	1010.76	75.984375	0.20218383	0.0001519285714285714	0.0005064285714285714	11.78926396369934	37566.45721554756
3456	1293.94709882995	980.8	75.002197265625	0.20196891	0.00015188571428571425	0.0005062857142857142	13.261660099029541	37579.719412088394
3457	1270.3674446043908	956.5	76.751953125	0.2019671	0.0001518428571428571	0.0005061428571428571	9.42383337020874	37589.14502167702
3458	1333.2532606356824	990.0	77.263916015625	0.20180722	0.00015179999999999998	0.000506	14.321674346923828	37603.46728634834
3459	1311.2277104111956	968.46	75.031494140625	0.20162617	0.0001517571428571428	0.0005058571428571427	13.63004183769226	37617.09904885292
3460	1359.3760660717783	1004.41	76.032470703125	0.20162825	0.00015171428571428573	0.0005057142857142858	9.403015375137329	37626.50269317627
3461	1371.6525145341575	1000.57	76.293701171875	0.20163138	0.00015167142857142857	0.0005055714285714286	10.095912218093872	37636.59920454025
3462	1306.432398825021	979.67	76.0869140625	0.20143662	0.00015162857142857143	0.0005054285714285715	13.874807357788086	37650.47568655014
3463	1328.8352034359302	995.94	76.060546875	0.20130694	0.0001515857142857143	0.0005052857142857143	13.149908304214478	37663.62622952461
3464	1312.6404863723928	977.13	75.079345703125	0.20116736	0.00015154285714285713	0.0005051428571428571	14.430249691009521	37678.05828332901
3465	1340.3161951133059	1004.89	76.324951171875	0.20110635	0.0001515	0.000505	9.921380281448364	37687.98072195053
3466	1345.5722293571746	1001.38	77.341064453125	0.20110072	0.00015145714285714286	0.0005048571428571429	9.684114456176758	37697.66622400284
3467	1341.4190958812012	999.81	76.35107421875	0.20109254	0.0001514142857142857	0.0005047142857142856	9.539686918258667	37707.206500291824
3468	1359.7858662837766	1009.51	76.860107421875	0.2010852	0.00015137142857142856	0.0005045714285714286	9.428074598312378	37716.63632583618
3469	1316.3878159635722	990.39	75.64404296875	0.20075136	0.00015132857142857142	0.0005044285714285715	13.222909212112427	37729.8598074913
3470	1364.6439468503481	1017.87	76.37841796875	0.200635	0.00015128571428571426	0.0005042857142857143	12.693384408950806	37742.55532646179
3471	1342.1241537612214	998.3	76.388916015625	0.20063178	0.00015124285714285715	0.0005041428571428572	13.711667537689209	37756.267599105835
3472	1345.6750533501972	1000.68	76.651123046875	0.20063233	0.0001512	0.000504	9.399099826812744	37765.66826415062
3473	1373.100259695536	1022.07	76.18310546875	0.20053984	0.00015115714285714283	0.0005038571428571428	12.935434103012085	37778.60439300537
3474	1382.896271155364	1014.26	76.421630859375	0.20047583	0.00015111428571428572	0.0005037142857142858	9.866466999053955	37788.47144770622
3475	1361.950268802784	1009.4	76.68017578125	0.2004645	0.00015107142857142855	0.0005035714285714285	9.393605709075928	37797.86702489853
3476	1370.0173246253862	1014.47	76.68994140625	0.20045365	0.00015102857142857142	0.0005034285714285714	9.410816192626953	37807.278448581696
3477	1348.4176730547797	997.0	76.57470703125	0.20044862	0.00015098571428571428	0.0005032857142857144	9.989433288574219	37817.26977348328
3478	1327.8265610884926	989.92	77.33056640625	0.20044427	0.00015094285714285712	0.0005031428571428572	9.415198802947998	37826.68553066254
3479	1360.581199893472	1009.18	77.34033203125	0.20044237	0.00015089999999999998	0.000503	9.523592472076416	37836.21081542969
3480	1334.9870277887726	985.76	76.348388671875	0.20031218	0.00015085714285714285	0.0005028571428571429	12.2269446849823	37848.43787407875
3481	1359.843160300126	1004.94	76.1064453125	0.19988823	0.00015081428571428568	0.0005027142857142857	12.48271656036377	37860.92271184921
3482	1293.0372958840912	969.69	77.35791015625	0.19989152	0.00015077142857142855	0.0005025714285714286	9.666264295578003	37870.58957576752
3483	1307.148527249548	981.75	76.86962890625	0.19989431	0.0001507285714285714	0.0005024285714285714	9.536058187484741	37880.127444028854
3484	1354.6793319537537	1012.87	75.386474609375	0.19990979	0.00015068571428571425	0.0005022857142857142	9.839332818984985	37889.967427015305
3485	1369.580198198082	1004.39	76.63671875	0.19990881	0.00015064285714285716	0.0005021428571428573	9.421077013015747	37899.38999938965
3486	1358.2822017288493	1000.42	76.89453125	0.19990824	0.00015059999999999997	0.0005020000000000001	9.457953214645386	37908.8485584259
3487	1364.4524955181435	1010.52	76.888671875	0.19990695	0.0001505571428571428	0.0005018571428571428	9.405622005462646	37918.256311655045
3488	1350.5970898515993	999.63	76.651123046875	0.19982676	0.00015051428571428573	0.0005017142857142858	9.980745315551758	37928.23765993118
3489	1343.9698006430442	1003.29	76.917236328125	0.19981915	0.00015047142857142857	0.0005015714285714286	9.485134601593018	37937.724838495255
3490	1376.604718447716	1012.5	76.927001953125	0.19980906	0.00015042857142857143	0.0005014285714285715	12.160409450531006	37949.88584446907
3491	1339.474746538058	996.07	75.9326171875	0.19967835	0.0001503857142857143	0.0005012857142857143	12.851709604263306	37962.73897600174
3492	1383.8027773616375	1012.71	75.95068359375	0.19967873	0.00015034285714285713	0.0005011428571428571	9.749552726745605	37972.48911166191
3493	1360.9484677572018	1005.62	76.450439453125	0.19962923	0.0001503	0.000501	9.854355573654175	37982.34553575516
3494	1356.4035176915122	1008.0	77.70849609375	0.19962007	0.00015025714285714286	0.000500857142857143	9.547981262207031	37991.894089221954
3495	1316.276445528454	975.53	77.206298828125	0.19961202	0.0001502142857142857	0.0005007142857142856	9.52796459197998	38001.42348265648
3496	1353.3689464004797	997.93	76.974365234375	0.19960393	0.00015017142857142856	0.0005005714285714286	9.434794425964355	38010.85889005661
3497	1363.1946266360264	1005.75	76.48193359375	0.19949202	0.00015012857142857142	0.0005004285714285715	12.531641006469727	38023.39225125313
3498	1367.8948504049838	998.81	75.495849609375	0.19926165	0.00015008571428571426	0.0005002857142857142	12.702075958251953	38036.09490990639
3499	1354.4518177871505	1001.29	75.9931640625	0.19896376	0.00015004285714285715	0.0005001428571428572	12.395109176635742	38048.4921271801
3500	1319.0838365987843	986.3	77.505859375	0.19896631	0.00015	0.0005	9.587594747543335	38058.0803437233
3501	1393.8543835271867	1021.95	76.763427734375	0.19879538	0.00014995714285714285	0.0004998571428571429	12.941584348678589	38071.02414393425
3502	1347.717485602544	992.94	77.521484375	0.19880326	0.0001499142857142857	0.0004997142857142856	9.484426975250244	38080.50914168358
3503	1374.7850741522243	1010.17	77.527587890625	0.19881655	0.00014987142857142855	0.0004995714285714285	10.32524847984314	38090.83639502525
3504	1356.4838850598721	1001.37	78.03076171875	0.1988213	0.00014982857142857142	0.0004994285714285715	9.407296419143677	38100.24425983429
3505	1374.063087157032	1011.6	74.25537109375	0.19882637	0.00014978571428571428	0.0004992857142857144	9.39682912826538	38109.643572330475
3506	1311.9405636932188	973.11	77.197021484375	0.19883026	0.00014974285714285712	0.0004991428571428571	9.488311052322388	38119.13251376152
3507	1370.3771478316132	1010.45	77.74853515625	0.19882913	0.00014969999999999998	0.000499	9.421571254730225	38128.55585050583
3508	1333.6707204246459	977.35	77.292236328125	0.19882856	0.00014965714285714284	0.0004988571428571429	9.431884288787842	38137.98833680153
3509	1360.1172782326626	1010.18	77.287353515625	0.1988297	0.00014961428571428568	0.0004987142857142857	9.764463663101196	38147.75488448143
3510	1307.3405761505114	965.62	77.320068359375	0.1988284	0.00014957142857142854	0.0004985714285714285	9.423873901367188	38157.17941856384
3511	1368.3179037604402	1008.87	77.32421875	0.19882804	0.0001495285714285714	0.0004984285714285714	9.414776802062988	38166.59593939781
3512	1316.7571033632923	990.79	77.098876953125	0.19869073	0.0001494857142857143	0.0004982857142857143	13.628510475158691	38180.225054979324
3513	1353.7596648031174	1001.35	76.3642578125	0.19868983	0.0001494428571428571	0.0004981428571428572	9.941230058670044	38190.16824555397
3514	1328.8089138135535	984.68	76.12255859375	0.1986898	0.0001494	0.000498	9.439573049545288	38199.60839509964
3515	1335.1224568998682	979.71	76.62255859375	0.19836055	0.00014935714285714286	0.0004978571428571429	13.365116834640503	38212.97522377968
3516	1326.6841186219854	995.91	76.880615234375	0.198364	0.00014931428571428567	0.0004977142857142857	9.38455581665039	38222.360350847244
3517	1352.523718820818	1006.02	76.878662109375	0.19838797	0.00014927142857142856	0.0004975714285714286	10.633220195770264	38232.99546957016
3518	1356.4425837056142	1002.7	77.396484375	0.19838655	0.00014922857142857143	0.0004974285714285714	9.402533531188965	38242.398562431335
3519	1353.620352971637	998.87	77.154541015625	0.19838418	0.0001491857142857143	0.0004972857142857143	9.599545001983643	38252.00034117699
3520	1353.5224866528615	996.58	76.91064453125	0.1983793	0.00014914285714285713	0.0004971428571428571	9.457210540771484	38261.45808172226
3521	1337.028968823377	993.13	77.421142578125	0.19837303	0.0001491	0.000497	9.59708571434021	38271.056500673294
3522	1389.5226840889	1018.09	77.672607421875	0.19836746	0.00014905714285714286	0.0004968571428571429	9.451634645462036	38280.50879263878
3523	1338.9999014381924	991.05	77.1865234375	0.19817923	0.0001490142857142857	0.0004967142857142857	14.068724870681763	38294.57950735092
3524	1373.9175739712973	1001.2	77.18115234375	0.19818175	0.00014897142857142856	0.0004965714285714286	9.403536796569824	38303.983588933945
3525	1307.8674803671217	982.86	76.702392578125	0.1979428	0.00014892857142857142	0.0004964285714285715	12.384615898132324	38316.36995124817
3526	1333.48314565426	981.54	76.960205078125	0.19795258	0.00014888571428571428	0.0004962857142857143	13.392740964889526	38329.76323580742
3527	1348.3487286783097	995.2	77.718017578125	0.19795392	0.00014884285714285712	0.0004961428571428571	9.457921743392944	38339.2227268219
3528	1335.5894098259157	990.01	76.475830078125	0.19789107	0.00014879999999999998	0.000496	12.888253450393677	38352.111563682556
3529	1372.0065745261538	1010.78	76.997314453125	0.19783908	0.00014875714285714285	0.0004958571428571429	12.74380612373352	38364.85645985603
3530	1348.5775762564092	996.51	77.25634765625	0.19783826	0.00014871428571428569	0.0004957142857142856	9.638806104660034	38374.495864629745
3531	1391.4378556450624	1019.69	76.748046875	0.19765116	0.00014867142857142855	0.0004955714285714286	13.849257230758667	38388.34571933746
3532	1379.4180107070142	1012.02	77.006103515625	0.1975031	0.0001486285714285714	0.0004954285714285715	12.670769929885864	38401.018198013306
3533	1380.6564841149022	1002.24	77.257568359375	0.19728912	0.00014858571428571428	0.0004952857142857144	12.648358821868896	38413.66708612442
3534	1352.7430285357268	998.91	76.771728515625	0.19724034	0.00014854285714285711	0.0004951428571428571	9.821454763412476	38423.49042606354
3535	1370.8071160986979	1004.8	76.287353515625	0.19723016	0.00014849999999999998	0.000495	9.422197341918945	38432.91319346428
3536	1346.0329718327037	983.57	76.29541015625	0.197221	0.00014845714285714284	0.0004948571428571429	10.05024266242981	38442.96522188187
3537	1355.0558437950478	991.54	77.29638671875	0.19721265	0.00014841428571428568	0.0004947142857142857	9.798230648040771	38452.76399850845
3538	1380.7199177884593	1014.74	76.31201171875	0.1972053	0.00014837142857142854	0.0004945714285714285	9.403429746627808	38462.16874265671
3539	1377.5140994816204	1017.8	78.06005859375	0.19719793	0.0001483285714285714	0.0004944285714285714	9.490703105926514	38471.660048246384
3540	1346.880014328173	989.35	77.06982421875	0.19718917	0.0001482857142857143	0.0004942857142857144	9.578657388687134	38481.24079084396
3541	1340.705086055051	994.18	76.452880859375	0.19698958	0.0001482428571428571	0.0004941428571428572	12.218497276306152	38493.45988821983
3542	1365.8035109941402	998.51	76.958984375	0.19699033	0.0001482	0.000494	10.118103742599487	38503.579401254654
3543	1367.1106842856018	1004.49	78.218505859375	0.19698799	0.00014815714285714286	0.0004938571428571429	9.440011978149414	38513.019994974136
3544	1374.4263273559443	1010.44	77.97021484375	0.1969869	0.0001481142857142857	0.0004937142857142857	9.426087617874146	38522.44811248779
3545	1379.2877365323502	1004.84	77.269287109375	0.19693536	0.00014807142857142856	0.0004935714285714286	10.349054098129272	38532.79782652855
3546	1361.6051516900625	999.19	77.9921875	0.19692308	0.00014802857142857143	0.0004934285714285714	9.583778619766235	38542.38200879097
3547	1326.192700550929	983.97	78.0	0.19691296	0.0001479857142857143	0.0004932857142857143	9.43912386894226	38551.821707725525
3548	1364.9096062631015	1020.03	76.7578125	0.19690393	0.00014794285714285713	0.0004931428571428571	9.413472890853882	38561.23668074608
3549	1354.1862878794639	1003.3	78.009521484375	0.19689596	0.0001479	0.0004930000000000001	9.918787240982056	38571.15607047081
3550	1352.6540234467623	1012.08	77.27392578125	0.19689041	0.00014785714285714285	0.0004928571428571429	9.467105150222778	38580.624702215195
3551	1356.5895157182645	1011.16	77.02978515625	0.19671087	0.0001478142857142857	0.0004927142857142857	12.578609228134155	38593.20349216461
3552	1380.0716738742385	1020.23	77.037841796875	0.19670552	0.00014777142857142855	0.0004925714285714286	9.806104898452759	38603.0105805397
3553	1339.152098921203	993.39	77.2958984375	0.19637166	0.00014772857142857142	0.0004924285714285714	11.877199411392212	38614.88830828667
3554	1338.0273378804973	990.79	77.0546875	0.19627422	0.00014768571428571428	0.0004922857142857143	12.619871616363525	38627.510278463364
3555	1333.9874929794016	995.21	76.068359375	0.19606274	0.00014764285714285712	0.0004921428571428571	12.113539934158325	38639.62394070625
3556	1333.77656581867	995.18	77.320556640625	0.19609599	0.00014759999999999998	0.000492	9.776504039764404	38649.40210914612
3557	1359.3016801266547	1009.6	77.328369140625	0.19610031	0.00014755714285714285	0.0004918571428571428	9.553350925445557	38658.95608019829
3558	1355.0259179325417	1013.08	76.59423828125	0.19610356	0.00014751428571428568	0.0004917142857142856	9.416993856430054	38668.37536215782
3559	1370.2506264652857	1009.0	76.850830078125	0.19610925	0.00014747142857142855	0.0004915714285714286	9.49282717704773	38677.868807554245
3560	1372.37814945455	1016.06	77.101806640625	0.19611542	0.0001474285714285714	0.0004914285714285715	9.678051948547363	38687.54917669296
3561	1348.007323371138	1002.69	76.61767578125	0.19612126	0.00014738571428571427	0.0004912857142857143	9.51775574684143	38697.06746721268
3562	1366.597091111586	1014.81	77.86767578125	0.19612737	0.0001473428571428571	0.0004911428571428571	9.441245317459106	38706.51025247574
3563	1321.416544925009	995.87	74.837158203125	0.1961335	0.00014729999999999998	0.000491	10.089868545532227	38716.60072684288
3564	1342.8142115751639	1003.52	77.122314453125	0.19611977	0.00014725714285714284	0.0004908571428571429	9.628649950027466	38726.23074364662
3565	1364.8603155371818	1014.66	76.636962890625	0.1959127	0.00014721428571428573	0.0004907142857142857	11.691670417785645	38737.92297959328
3566	1356.302735432203	1010.21	77.63818359375	0.19591713	0.00014717142857142854	0.0004905714285714285	9.648114442825317	38747.57343840599
3567	1311.532893479861	979.25	77.149169921875	0.19589303	0.00014712857142857143	0.0004904285714285715	9.650170087814331	38757.224177360535
3568	1323.7158120138356	986.7	77.407958984375	0.19573517	0.0001470857142857143	0.0004902857142857144	12.458709001541138	38769.685190200806
3569	1320.613317973789	986.44	76.923828125	0.19573863	0.0001470428571428571	0.0004901428571428571	9.521141529083252	38779.206894397736
3570	1391.3105087823487	1016.25	77.430419921875	0.19574274	0.000147	0.00049	9.432416915893555	38788.641117334366
3571	1387.1944693308312	1015.37	77.6884765625	0.19574656	0.00014695714285714286	0.0004898571428571429	9.475120067596436	38798.116814374924
3572	1382.2951407554588	1019.8	76.9541015625	0.19575132	0.00014691428571428572	0.0004897142857142858	9.565755605697632	38807.68435359001
3573	1369.1122404842117	1014.47	76.962158203125	0.19575214	0.00014687142857142856	0.0004895714285714285	9.472124338150024	38817.157066345215
3574	1342.7330111975355	1012.12	78.46240234375	0.19575322	0.00014682857142857142	0.0004894285714285714	9.458003282546997	38826.61761713028
3575	1392.6887548514353	1022.92	76.71923828125	0.19572891	0.0001467857142857143	0.0004892857142857143	10.6411714553833	38837.25937509537
3576	1381.7360459716617	1024.0	78.22705078125	0.19571836	0.00014674285714285712	0.0004891428571428572	9.439469575881958	38846.7009909153
3577	1376.0983738429975	1014.21	77.985107421875	0.19571048	0.0001467	0.000489	9.74895191192627	38856.45054078102
3578	1351.1411420168047	993.41	77.741455078125	0.1957011	0.00014665714285714285	0.0004888571428571429	10.132818698883057	38866.58537721634
3579	1372.0144664498712	1014.21	78.251220703125	0.19569302	0.00014661428571428572	0.0004887142857142858	9.442409992218018	38876.02838087082
3580	1341.3160825053155	1009.95	76.265625	0.19555807	0.00014657142857142855	0.0004885714285714286	11.793938398361206	38887.824472904205
3581	1389.2106041305162	1005.6	77.766845703125	0.19556022	0.00014652857142857142	0.0004884285714285714	9.699731588363647	38897.52474093437
3582	1388.0083761566339	1024.0	77.031494140625	0.19556125	0.00014648571428571428	0.0004882857142857143	9.492303609848022	38907.019042015076
3583	1320.3630007968675	993.01	77.30615234375	0.19555499	0.00014644285714285712	0.00048814285714285713	9.87851619720459	38916.89811348915
3584	1384.534133263288	1022.42	76.79833984375	0.1955496	0.00014639999999999998	0.000488	10.110564231872559	38927.010600566864
3585	1372.317390223521	1016.93	78.048583984375	0.19554393	0.00014635714285714284	0.0004878571428571429	9.599343538284302	38936.61060667038
3586	1343.6834290926208	1000.87	76.814208984375	0.19553852	0.0001463142857142857	0.00048771428571428577	9.453897476196289	38946.06462550163
3587	1365.037842110612	1017.84	77.8154296875	0.19553052	0.00014627142857142855	0.0004875714285714286	10.155026912689209	38956.22134971619
3588	1344.1372788545495	989.95	76.830810546875	0.19552477	0.0001462285714285714	0.00048742857142857144	9.491946697235107	38965.71396160126
3589	1362.2698708720675	1010.9	78.331298828125	0.1955183	0.00014618571428571427	0.00048728571428571435	13.770775079727173	38979.48676609993
3590	1354.4668637254676	1010.81	77.339111328125	0.19516663	0.0001461428571428571	0.0004871428571428571	12.17854642868042	38991.666229724884
3591	1359.4442249434471	1009.66	78.344970703125	0.19516711	0.00014609999999999997	0.000487	9.501397609710693	39001.16819190979
3592	1349.6202772942183	1020.89	76.8544921875	0.19495	0.00014605714285714284	0.0004868571428571429	12.40919804573059	39013.57915735245
3593	1356.3683216137015	1007.21	76.870361328125	0.19495125	0.00014601428571428573	0.0004867142857142858	9.473447322845459	39023.05321288109
3594	1339.4130594662513	1013.83	77.3701171875	0.1948678	0.00014597142857142854	0.00048657142857142855	11.895192861557007	39034.95016479492
3595	1370.792558043963	1011.79	78.37841796875	0.19486602	0.00014592857142857143	0.00048642857142857147	10.176968336105347	39045.127722501755
3596	1346.7594193295743	994.49	78.384521484375	0.19486535	0.0001458857142857143	0.0004862857142857143	9.82695984840393	39054.95656323433
3597	1351.3377813770596	1000.06	77.392578125	0.19481675	0.00014584285714285713	0.00048614285714285713	11.842782497406006	39066.799939870834
3598	1365.4850491213035	1016.06	77.150634765625	0.19481869	0.0001458	0.000486	10.225009441375732	39077.026532649994
3599	1361.4995231412604	1014.34	78.1572265625	0.19481723	0.00014575714285714286	0.0004858571428571429	9.47744369506836	39086.5045478344
3600	1373.671231841857	1013.14	77.666259765625	0.19481827	0.00014571428571428572	0.00048571428571428577	9.82490873336792	39096.33179974556
3601	1364.7121956501908	1009.8	78.424072265625	0.19481997	0.00014567142857142856	0.0004855714285714286	10.114211797714233	39106.446561813354
3602	1353.725429278198	993.47	78.43017578125	0.1948204	0.00014562857142857142	0.00048542857142857144	9.449702024459839	39115.89842629433
3603	1365.2926796908566	1016.08	78.190673828125	0.19481947	0.00014558571428571429	0.00048528571428571436	9.436095952987671	39125.33512330055
3604	1352.4073158190733	1008.22	78.69873046875	0.19481844	0.00014554285714285712	0.0004851428571428571	10.122565984725952	39135.459711790085
3605	1376.3333064988205	1020.71	78.58154296875	0.19481553	0.00014549999999999999	0.00048499999999999997	9.463029146194458	39144.92330431938
3606	1365.5099178931755	1011.55	77.839599609375	0.19481295	0.00014545714285714285	0.0004848571428571429	9.670159578323364	39154.59528017044
3607	1352.4514283146063	1009.08	77.597412109375	0.19478172	0.00014541428571428571	0.00048471428571428575	10.220607280731201	39164.81649494171
3608	1349.1336842867086	995.43	78.105224609375	0.1948005	0.00014537142857142855	0.00048457142857142856	12.76609468460083	39177.58399105072
3609	1398.0062656181306	1019.53	77.120849609375	0.19479756	0.00014532857142857141	0.0004844285714285714	9.467727661132812	39187.052408218384
3610	1357.6756396685691	1006.94	78.36181640625	0.19479561	0.00014528571428571428	0.00048428571428571433	10.303421258926392	39197.356442689896
3611	1380.0377681024838	1016.4	76.68359375	0.19478226	0.00014524285714285711	0.0004841428571428571	9.873132705688477	39207.231682777405
3612	1355.4653296502179	999.4	78.136962890625	0.19478153	0.00014519999999999998	0.000484	9.48226547241211	39216.71455407143
3613	1378.1550725687835	1009.04	78.144775390625	0.19478048	0.00014515714285714284	0.00048385714285714286	10.165674448013306	39226.88178110123
3614	1357.1627692654465	1009.49	78.90234375	0.1947801	0.0001451142857142857	0.0004837142857142858	9.403499603271484	39236.28582859039
3615	1379.735406052179	1007.47	77.16796875	0.19478202	0.00014507142857142854	0.00048357142857142853	9.43745732307434	39245.725105047226
3616	1388.9599567929909	1015.66	78.166748046875	0.1947815	0.0001450285714285714	0.00048342857142857145	10.274312019348145	39255.9999961853
3617	1352.3354281991647	999.43	77.6611328125	0.19474512	0.00014498571428571427	0.0004832857142857143	9.709073066711426	39265.71039915085
3618	1365.3388184703151	1000.38	77.440673828125	0.19473493	0.0001449428571428571	0.0004831428571428571	9.44783067703247	39275.158839702606
3619	1381.5164008874626	1008.74	78.439453125	0.19472311	0.00014489999999999997	0.000483	10.092145204544067	39285.25281763077
3620	1380.8136944503954	1016.65	75.41015625	0.19470835	0.00014485714285714286	0.0004828571428571429	9.593576192855835	39294.84694266319
3621	1406.62452155377	1024.0	78.390625	0.19469757	0.00014481428571428573	0.00048271428571428575	9.494176864624023	39304.34252882004
3622	1380.2199682903022	1007.1	78.161376953125	0.1946881	0.00014477142857142856	0.00048257142857142856	10.137786388397217	39314.4809422493
3623	1368.1921447472946	1013.8	78.18310546875	0.19467945	0.00014472857142857143	0.0004824285714285714	9.468385934829712	39323.950700998306
3624	1364.4703666264509	998.13	77.48779296875	0.19452165	0.0001446857142857143	0.00048228571428571434	12.4037926197052	39336.35510826111
3625	1368.2571816619134	1016.76	77.245849609375	0.1945228	0.00014464285714285713	0.0004821428571428571	10.122184753417969	39346.479132413864
3626	1359.158107576378	1009.52	76.75390625	0.19452308	0.0001446	0.000482	9.707270383834839	39356.186985731125
3627	1371.2393398850484	1014.92	79.003662109375	0.19452131	0.00014455714285714285	0.00048185714285714287	9.491591930389404	39365.68038368225
3628	1380.584108947537	1018.48	77.26953125	0.19452178	0.00014451428571428572	0.0004817142857142858	10.182699203491211	39375.863684892654
3629	1372.3893340447062	1011.65	78.014892578125	0.19452089	0.00014447142857142856	0.00048157142857142854	9.448541402816772	39385.31359291077
3630	1368.2549253147947	1000.71	78.028076171875	0.1945181	0.00014442857142857142	0.00048142857142857145	9.463645935058594	39394.777846336365
3631	1392.4131041945927	1024.0	78.785888671875	0.19451953	0.00014438571428571428	0.0004812857142857143	10.26395583152771	39405.043270111084
3632	1384.3173828602005	1018.59	76.801513671875	0.19451223	0.00014434285714285712	0.0004811428571428571	9.907165765762329	39414.95101118088
3633	1347.3859418156505	996.19	78.0517578125	0.19447936	0.00014429999999999998	0.000481	9.636824369430542	39424.58871603012
3634	1381.503643694733	1004.72	77.317138671875	0.19446976	0.00014425714285714285	0.0004808571428571429	10.057141780853271	39434.646441698074
3635	1390.4623664579835	1010.5	78.3173828125	0.19446045	0.0001442142857142857	0.00048071428571428576	9.437355995178223	39444.086001873016
3636	1371.5736167541647	1004.38	78.576171875	0.19445312	0.00014417142857142855	0.00048057142857142857	9.812397003173828	39453.899097681046
3637	1393.7198352905177	1024.0	77.341796875	0.19444485	0.0001441285714285714	0.00048042857142857143	10.168170690536499	39464.067838430405
3638	1396.0217175496864	1016.41	77.599853515625	0.19443749	0.00014408571428571428	0.00048028571428571434	9.49217677116394	39473.56137752533
3639	1376.2938612017406	1003.19	76.858154296875	0.19435199	0.0001440428571428571	0.0004801428571428571	9.821922779083252	39483.38392043114
3640	1381.1706663238676	1014.49	78.10595703125	0.19433892	0.00014399999999999998	0.00048	10.265610456466675	39493.651173591614
3641	1394.3877381578548	1011.08	78.86376953125	0.19432689	0.00014395714285714284	0.0004798571428571429	9.476837158203125	39503.12856864929
3642	1397.068521915756	1022.4	77.379638671875	0.1943134	0.0001439142857142857	0.0004797142857142858	9.425015211105347	39512.55534696579
3643	1402.191867545079	1024.0	77.387451171875	0.19430244	0.00014387142857142854	0.00047957142857142854	10.071162462234497	39522.627091407776
3644	1392.8339667780613	1013.72	78.637939453125	0.19429207	0.0001438285714285714	0.00047942857142857146	9.859878540039062	39532.48851633072
3645	1371.3579539969055	1011.27	77.153564453125	0.19399516	0.00014378571428571427	0.0004792857142857143	12.315638780593872	39544.804272413254
3646	1394.9306495438827	1024.0	78.138671875	0.19399782	0.0001437428571428571	0.0004791428571428571	10.158733129501343	39554.96449160576
3647	1382.7455887212377	1015.13	77.41943359375	0.19400121	0.00014369999999999997	0.000479	9.44175386428833	39564.406821250916
3648	1388.8297101238816	1024.0	78.409423828125	0.1939739	0.00014365714285714286	0.0004788571428571429	9.607476711273193	39574.0161986351
3649	1371.5762649796054	1006.44	77.685302734375	0.19396107	0.00014361428571428572	0.00047871428571428576	10.013766050338745	39584.030514240265
3650	1380.2273797041346	1016.64	76.943115234375	0.19386242	0.00014357142857142856	0.00047857142857142857	11.941035747528076	39595.973044633865
3651	1389.3145176923645	1020.25	77.71435546875	0.19364537	0.00014352857142857142	0.00047842857142857143	13.17400312423706	39609.14760708809
3652	1384.408399378984	1024.0	77.709716796875	0.19364321	0.0001434857142857143	0.00047828571428571435	9.700731039047241	39618.84990262985
3653	1376.43980495178	1024.0	76.9677734375	0.19338854	0.00014344285714285713	0.0004781428571428571	12.881168603897095	39631.73165726662
3654	1374.6665698707511	1010.8	77.475341796875	0.19339037	0.0001434	0.00047799999999999996	9.485158681869507	39641.21897768974
3655	1364.8019708397426	1009.79	78.46923828125	0.19328214	0.00014335714285714285	0.0004778571428571429	10.545602560043335	39651.76522350311
3656	1356.2175304274613	1015.69	78.983642578125	0.19326687	0.00014331428571428572	0.0004777142857142858	9.435733079910278	39661.20265555382
3657	1373.021826043945	1004.41	78.7314453125	0.1932531	0.00014327142857142855	0.00047757142857142855	9.452205657958984	39670.65551877022
3658	1363.9790681616307	1007.56	78.749267578125	0.1932388	0.00014322857142857142	0.0004774285714285714	9.818902730941772	39680.476191043854
3659	1364.9917222635274	1016.71	78.257080078125	0.19307572	0.00014318571428571428	0.0004772857142857143	13.605806589126587	39694.082647800446
3660	1362.48092100691	1013.06	77.51513671875	0.19279015	0.00014314285714285712	0.0004771428571428571	13.419525623321533	39707.50377559662
3661	1362.4085271046715	1017.6	78.294677734375	0.19250666	0.00014309999999999998	0.000477	13.083355188369751	39720.58776855469
3662	1388.0533355668063	1024.0	78.052734375	0.19240741	0.00014305714285714285	0.00047685714285714285	14.088099718093872	39734.678169727325
3663	1369.4784540602725	1009.05	78.287353515625	0.19218777	0.0001430142857142857	0.00047671428571428577	13.013025999069214	39747.69183969498
3664	1400.629478377728	1023.13	78.044921875	0.19203432	0.00014297142857142855	0.0004765714285714285	12.8719642162323	39760.56461882591
3665	1356.0669560012577	1007.57	78.54296875	0.19203614	0.0001429285714285714	0.00047642857142857144	9.969465970993042	39770.53477859497
3666	1392.0979216914652	1022.11	78.31103515625	0.1920606	0.00014288571428571427	0.0004762857142857143	10.033744812011719	39780.569145441055
3667	1348.545379582321	998.44	78.56884765625	0.19205946	0.0001428428571428571	0.0004761428571428571	9.447487592697144	39790.01850056648
3668	1401.776295983298	1020.02	77.82666015625	0.19205695	0.00014279999999999997	0.00047599999999999997	9.75220775604248	39799.77130508423
3669	1402.0459505995582	1024.0	78.71044921875	0.1920551	0.00014275714285714284	0.0004758571428571429	16.54733633995056	39816.32045340538
3670	1336.0853636115041	1000.17	78.46826171875	0.19198917	0.0001427142857142857	0.00047571428571428575	13.501273393630981	39829.82317304611
3671	1370.575112455663	1016.75	78.22607421875	0.19189806	0.00014267142857142854	0.00047557142857142855	11.888206481933594	39841.71194410324
3672	1340.3303379757056	994.44	79.234375	0.19190182	0.0001426285714285714	0.0004754285714285714	9.444826602935791	39851.15845155716
3673	1368.974734776346	1016.52	78.241943359375	0.19172388	0.0001425857142857143	0.00047528571428571433	12.517168521881104	39863.6762137413
3674	1383.8561002133815	1018.19	78.499755859375	0.19151877	0.0001425428571428571	0.0004751428571428571	12.243656158447266	39875.92122340202
3675	1365.4052530119736	1017.07	78.757568359375	0.19152576	0.0001425	0.000475	10.071589231491089	39885.99338769913
3676	1345.7285189499723	990.79	78.039794921875	0.19141994	0.00014245714285714286	0.00047485714285714286	10.05976939201355	39896.0546746254
3677	1387.804977186544	1014.18	79.274169921875	0.19140494	0.00014241428571428572	0.0004747142857142858	9.442996263504028	39905.498296022415
3678	1375.4156255193905	1020.42	75.980712890625	0.19139104	0.00014237142857142856	0.00047457142857142853	10.19657039642334	39915.69545054436
3679	1376.7558443971898	1010.25	78.277099609375	0.19111435	0.00014232857142857142	0.00047442857142857144	11.77878999710083	39927.47612428665
3680	1391.0337952375805	1022.3	79.03369140625	0.19111593	0.00014228571428571429	0.0004742857142857143	9.462062358856201	39936.93873214722
3681	1400.2624953560694	1016.31	78.793212890625	0.19114302	0.00014224285714285712	0.0004741428571428571	10.539312362670898	39947.48005986214
3682	1376.765369837207	1024.0	77.807861328125	0.19114502	0.0001422	0.000474	9.453768730163574	39956.9343521595
3683	1364.5990110827427	1009.87	78.558837890625	0.19114475	0.00014215714285714285	0.0004738571428571429	9.595674991607666	39966.53191065788
3684	1360.221181915805	996.8	78.8017578125	0.19114624	0.00014211428571428571	0.00047371428571428575	10.098461627960205	39976.630965948105
3685	1376.3700031580147	1004.28	79.072998046875	0.19114693	0.00014207142857142855	0.00047357142857142856	9.442920684814453	39986.07563710213
3686	1316.3540414828356	991.69	78.832275390625	0.19114536	0.00014202857142857142	0.0004734285714285714	9.53572130203247	39995.61195874214
3687	1360.7609715013316	1005.83	78.3525390625	0.1910435	0.00014198571428571428	0.00047328571428571434	12.69664454460144	40008.309656858444
3688	1379.9118756617218	1018.35	79.347900390625	0.19104479	0.00014194285714285714	0.0004731428571428572	9.630925416946411	40017.94111227989
3689	1370.8578017169386	1011.98	79.355712890625	0.19104768	0.00014189999999999998	0.000473	9.465592861175537	40027.40904021263
3690	1360.4072228935233	1006.4	77.15673828125	0.19085367	0.00014185714285714284	0.00047285714285714287	12.832567930221558	40040.24218773842
3691	1374.166693649895	1019.93	78.8720703125	0.19085677	0.0001418142857142857	0.0004727142857142858	9.438837051391602	40049.68290114403
3692	1360.847568951958	1002.65	79.3798828125	0.19085734	0.00014177142857142854	0.00047257142857142853	9.452526092529297	40059.13600277901
3693	1386.9205762301865	1014.07	79.1376953125	0.19085805	0.0001417285714285714	0.00047242857142857145	9.784862995147705	40068.92270731926
3694	1385.2857064778539	1024.0	79.1669921875	0.19067527	0.00014168571428571427	0.0004722857142857143	12.11974573135376	40081.04302239418
3695	1350.2731330158215	1001.56	78.1533203125	0.1905989	0.00014164285714285714	0.00047214285714285723	13.208865880966187	40094.253746032715
3696	1365.65346247354	1010.04	79.4111328125	0.19060576	0.00014159999999999997	0.000472	9.486093282699585	40103.74038505554
3697	1381.6561492105427	1014.4	79.4189453125	0.19061236	0.00014155714285714284	0.0004718571428571429	9.47324275970459	40113.215695142746
3698	1385.8185386651146	1014.83	78.42724609375	0.1902414	0.0001415142857142857	0.00047171428571428576	13.338294744491577	40126.5545732975
3699	1368.9441364881784	1014.38	78.435302734375	0.19003206	0.00014147142857142854	0.00047157142857142856	11.565701723098755	40138.12220740318
3700	1360.6900724466966	998.17	78.44287109375	0.1898662	0.0001414285714285714	0.0004714285714285714	12.017912864685059	40150.140712976456
3701	1393.9864257826785	1022.12	78.70068359375	0.18985231	0.0001413857142857143	0.00047128571428571434	12.998570203781128	40163.14023280144
3702	1387.7304962214694	1018.11	77.490966796875	0.1898035	0.00014134285714285716	0.0004711428571428572	9.812847375869751	40172.95365667343
3703	1341.6323199611281	1001.29	78.21728515625	0.18979156	0.0001413	0.000471	10.142102479934692	40183.09745645523
3704	1406.5137698904741	1024.0	79.46533203125	0.1897821	0.00014125714285714286	0.00047085714285714287	9.571105718612671	40192.66922593117
3705	1372.318684971243	1007.0	78.483154296875	0.18977201	0.00014121428571428572	0.0004707142857142858	9.473994493484497	40202.144783735275
3706	1378.4606709971101	1007.05	79.7412109375	0.18976216	0.00014117142857142856	0.00047057142857142854	9.489183187484741	40211.63415765762
3707	1378.0784045366918	1018.44	77.505859375	0.1895588	0.00014112857142857142	0.0004704285714285714	13.330663204193115	40224.96652626991
3708	1362.8362001815915	1013.63	79.02880859375	0.18955265	0.00014108571428571428	0.0004702857142857143	9.703901290893555	40234.670991659164
3709	1390.130793394332	1018.23	78.76318359375	0.18954827	0.00014104285714285715	0.0004701428571428572	10.056782722473145	40244.729633808136
3710	1361.2851280570032	1009.35	78.77099609375	0.1895432	0.00014099999999999998	0.00047	9.996781826019287	40254.72695541382
3711	1392.0975085292253	1016.88	79.51513671875	0.18953794	0.00014095714285714285	0.00046985714285714285	9.463223457336426	40264.19210886955
3712	1395.482138047111	1022.31	79.03564453125	0.18928528	0.0001409142857142857	0.00046971428571428576	12.513982057571411	40276.706704854965
3713	1386.6897523709642	1019.09	78.79443359375	0.18898928	0.00014087142857142855	0.0004695714285714285	12.181702613830566	40288.89042568207
3714	1369.5846171088458	1002.03	79.29150390625	0.18899298	0.0001408285714285714	0.00046942857142857143	9.464791297912598	40298.35581922531
3715	1357.3510130388634	1003.99	78.560546875	0.18889254	0.00014078571428571428	0.0004692857142857143	12.273792266845703	40310.63167023659
3716	1406.498823185637	1018.95	79.56201171875	0.18889505	0.00014074285714285714	0.0004691428571428572	9.459599494934082	40320.09183740616
3717	1371.1314690528825	1008.77	79.075927734375	0.18884768	0.00014069999999999998	0.00046899999999999996	9.84155011177063	40329.93509221077
3718	1361.147762376639	1005.26	78.0927734375	0.18883686	0.00014065714285714284	0.0004688571428571429	9.554195165634155	40339.48985362053
3719	1390.180547131561	1014.0	78.82763671875	0.18882716	0.0001406142857142857	0.00046871428571428574	9.474266529083252	40348.96508765221
3720	1368.5994242354543	1011.44	78.85107421875	0.18881737	0.00014057142857142854	0.00046857142857142855	9.442703485488892	40358.40838718414
3721	1361.0703703437362	1010.4	79.34912109375	0.18880515	0.0001405285714285714	0.0004684285714285714	9.632298946380615	40368.0424952507
3722	1366.9814429715502	1018.14	79.36669921875	0.18879402	0.00014048571428571427	0.0004682857142857143	9.515160322189331	40377.55825638771
3723	1349.6524225576247	1014.18	79.123046875	0.1887833	0.00014044285714285713	0.0004681428571428572	9.4324471950531	40386.99255204201
3724	1370.9415067132275	1021.95	79.132568359375	0.18839459	0.00014039999999999997	0.000468	12.29444408416748	40399.28766322136
3725	1340.3904966877474	1002.35	78.888916015625	0.18824302	0.00014035714285714283	0.00046785714285714285	12.078592538833618	40411.36684179306
3726	1338.3682703218726	1001.29	78.154541015625	0.18824631	0.00014031428571428573	0.00046771428571428577	9.66700029373169	40421.03530097008
3727	1365.6326005540247	1016.04	79.90478515625	0.18824832	0.00014027142857142853	0.0004675714285714285	9.620233535766602	40430.65618276596
3728	1385.8656622508374	1017.89	78.42041015625	0.18825006	0.00014022857142857143	0.00046742857142857144	9.43758249282837	40440.09515976906
3729	1362.2821946950169	1007.51	78.428466796875	0.18825044	0.0001401857142857143	0.0004672857142857143	9.442418813705444	40449.538175582886
3730	1386.07130323384	1017.31	78.92529296875	0.18825012	0.00014014285714285715	0.0004671428571428572	9.594695329666138	40459.13497233391
3731	1375.160999401866	1016.16	78.690185546875	0.18821843	0.0001401	0.00046699999999999997	9.619446992874146	40468.755001306534
3732	1362.7828281658742	1023.97	78.943115234375	0.18825656	0.00014005714285714285	0.0004668571428571429	11.509937047958374	40480.266474962234
3733	1349.2209807548973	1002.83	78.572265625	0.18825632	0.00014001428571428572	0.00046671428571428574	9.95209288597107	40490.2191991806
3734	1360.0164385791222	1013.17	79.5849609375	0.1882574	0.00013997142857142855	0.00046657142857142855	9.839790105819702	40500.06004047394
3735	1392.1824363679275	1022.53	76.567626953125	0.18812717	0.00013992857142857142	0.0004664285714285714	13.11516547203064	40513.17578983307
3736	1386.8237946346535	1021.93	79.3427734375	0.18813324	0.00013988571428571428	0.00046628571428571433	9.551796197891235	40522.7296397686
3737	1348.067605661542	996.81	79.602783203125	0.18814027	0.00013984285714285715	0.0004661428571428572	9.471264123916626	40532.20147943497
3738	1398.671402316903	1024.0	79.353759765625	0.18814725	0.00013979999999999998	0.000466	9.465270519256592	40541.66857457161
3739	1356.1281466904786	993.04	79.119140625	0.18815418	0.00013975714285714285	0.00046585714285714286	9.597614049911499	40551.26675629616
3740	1353.293072834536	1010.07	78.866943359375	0.18814294	0.0001397142857142857	0.0004657142857142858	9.721824407577515	40560.989934921265
3741	1420.246138161408	1022.21	78.392822265625	0.18813549	0.00013967142857142855	0.00046557142857142853	9.432607889175415	40570.42311549187
3742	1301.0851503623996	973.16	79.64306640625	0.188129	0.0001396285714285714	0.00046542857142857144	9.544379711151123	40579.969564437866
3743	1393.1877166416934	1018.09	78.6640625	0.18812309	0.00013958571428571427	0.0004652857142857143	9.441846132278442	40589.412017822266
3744	1372.628408406172	1019.19	78.421875	0.18811558	0.00013954285714285714	0.0004651428571428572	9.445651292800903	40598.85954904556
3745	1384.1264458615094	1016.63	79.171875	0.18787642	0.00013949999999999998	0.00046499999999999997	14.112653017044067	40612.97274327278
3746	1380.737721974265	1021.94	79.178466796875	0.18790044	0.00013945714285714284	0.0004648571428571429	10.154597520828247	40623.12840414047
3747	1377.7091161753094	1014.61	80.179931640625	0.18789917	0.0001394142857142857	0.00046471428571428575	10.048434734344482	40633.17695975304
3748	1357.3100112853697	1006.96	79.4443359375	0.18789738	0.00013937142857142854	0.00046457142857142856	9.502859354019165	40642.68120098114
3749	1369.3463064377613	1020.53	79.2021484375	0.18789643	0.0001393285714285714	0.0004644285714285714	9.459460496902466	40652.14083695412
3750	1356.9912329955737	996.77	79.706787109375	0.18789643	0.00013928571428571427	0.00046428571428571433	9.453929424285889	40661.59668278694
3751	1369.6171323250583	1020.15	77.976318359375	0.18761595	0.00013924285714285713	0.0004641428571428572	12.447946548461914	40674.04519844055
3752	1391.9098910144446	1016.23	79.2265625	0.18761773	0.00013919999999999997	0.000464	9.438636302947998	40683.48593854904
3753	1368.0024000563055	1010.7	79.484375	0.18763494	0.00013915714285714283	0.00046385714285714286	10.176487445831299	40693.663009405136
3754	1360.6995339568589	1008.79	78.250244140625	0.18732576	0.00013911428571428572	0.0004637142857142858	12.056344747543335	40705.72075462341
3755	1348.5950806843207	1009.18	79.022705078125	0.18728389	0.00013907142857142853	0.00046357142857142853	9.890878438949585	40715.61224412918
3756	1353.649981636949	1009.16	79.508544921875	0.18727231	0.00013902857142857142	0.00046342857142857145	10.07123851776123	40725.68402314186
3757	1387.6631327964485	1020.11	79.7666015625	0.18726248	0.0001389857142857143	0.0004632857142857143	9.53230595588684	40735.21831393242
3758	1375.238114955035	1018.59	79.26806640625	0.18725161	0.00013894285714285715	0.0004631428571428572	9.494089603424072	40744.712965250015
3759	1370.375714093053	1016.16	79.781005859375	0.18724173	0.0001389	0.000463	10.072984457015991	40754.788180828094
3760	1375.480607329084	1022.17	79.5400390625	0.18723162	0.00013885714285714285	0.00046285714285714284	9.48439645767212	40764.273114442825
3761	1379.9710249121104	1018.52	79.3212890625	0.18691106	0.00013881428571428572	0.00046271428571428576	11.915118217468262	40776.19001913071
3762	1360.1585378429643	1007.4	79.8056640625	0.18691838	0.00013877142857142855	0.0004625714285714285	10.25550389289856	40786.446054935455
3763	1375.395870886204	1024.0	79.349365234375	0.18668932	0.00013872857142857142	0.0004624285714285714	12.095344305038452	40798.54330205917
3764	1392.6372556192284	1020.1	79.320068359375	0.18669747	0.00013868571428571428	0.0004622857142857143	9.89914584159851	40808.44301056862
3765	1359.2555929849716	1011.55	79.81982421875	0.18669863	0.00013864285714285714	0.0004621428571428572	9.646222829818726	40818.093913793564
3766	1399.5879850905765	1021.59	78.845947265625	0.18669826	0.00013859999999999998	0.00046199999999999995	9.46396279335022	40827.55842614174
3767	1395.0908563784674	1024.0	79.34423828125	0.18669783	0.00013855714285714284	0.00046185714285714287	9.6672203540802	40837.228288412094
3768	1384.3777690154507	1016.28	79.353271484375	0.18669689	0.0001385142857142857	0.00046171428571428573	10.212112665176392	40847.4409737587
3769	1359.814951413045	1009.44	79.611328125	0.18669426	0.00013847142857142855	0.00046157142857142854	9.513453245162964	40856.95636844635
3770	1361.5225878831538	1014.67	78.8642578125	0.18668957	0.0001384285714285714	0.0004614285714285714	9.465630292892456	40866.42263531685
3771	1332.1947896440747	984.37	79.876953125	0.18668349	0.00013838571428571427	0.0004612857142857143	10.062915086746216	40876.487844944
3772	1367.3152391168132	1015.5	79.884521484375	0.18667872	0.00013834285714285714	0.0004611428571428572	9.48578429222107	40885.97417783737
3773	1358.7592479326565	1016.05	78.6376953125	0.18665643	0.00013829999999999997	0.000461	9.628537893295288	40895.60470747948
3774	1374.0709852760076	1007.0	78.900390625	0.18653537	0.00013825714285714284	0.00046085714285714285	10.439780712127686	40906.045014858246
3775	1365.481012333599	1012.59	79.8984375	0.18651736	0.0001382142857142857	0.00046071428571428576	9.463551998138428	40915.51061987877
3776	1361.7682866279265	1009.51	79.916259765625	0.18650131	0.00013817142857142854	0.0004605714285714285	9.490712404251099	40925.00189900398
3777	1368.9582689567344	1008.65	79.424072265625	0.1864868	0.0001381285714285714	0.00046042857142857143	10.077234029769897	40935.08099722862
3778	1366.476417625584	1020.22	79.43212890625	0.18645829	0.00013808571428571427	0.0004602857142857143	9.546478986740112	40944.62802481651
3779	1384.3721681322243	1010.82	79.43994140625	0.18644474	0.00013804285714285716	0.0004601428571428572	9.460980415344238	40954.09096121788
3780	1370.8708643690327	1008.84	79.43408203125	0.18643083	0.00013799999999999997	0.00045999999999999996	10.36366891860962	40964.455229759216
3781	1381.404202417398	1012.26	79.705810546875	0.18641657	0.00013795714285714286	0.0004598571428571429	10.604564189910889	40975.06126666069
3782	1342.7825726897283	992.49	78.7216796875	0.18640508	0.00013791428571428572	0.00045971428571428574	9.48392105102539	40984.54538297653
3783	1368.96812200168	1012.02	78.9794921875	0.18639396	0.00013787142857142853	0.00045957142857142854	10.061925172805786	40994.60791301727
3784	1397.5037911880268	1022.08	79.729736328125	0.18638127	0.00013782857142857142	0.0004594285714285714	9.547538042068481	41004.15723347664
3785	1397.7599398364357	1024.0	79.2373046875	0.18637003	0.00013778571428571429	0.0004592857142857143	9.465427160263062	41013.62330150604
3786	1385.0405834147248	1018.08	78.754150390625	0.18630438	0.00013774285714285715	0.0004591428571428572	10.458119869232178	41024.08203434944
3787	1362.6667878270225	1010.49	80.50439453125	0.18629289	0.00013769999999999999	0.000459	9.496963500976562	41033.580513477325
3788	1376.2402128234378	1012.88	79.51025390625	0.18628322	0.00013765714285714285	0.00045885714285714285	9.93216848373413	41043.51328802109
3789	1381.3212707928649	1014.12	80.2685546875	0.18627363	0.00013761428571428571	0.00045871428571428577	10.126363039016724	41053.64143013954
3790	1367.4541392741876	1003.28	79.275146484375	0.18626483	0.00013757142857142855	0.0004585714285714285	9.511893033981323	41063.153883218765
3791	1369.1147786899758	1014.34	80.03466796875	0.18625544	0.00013752857142857141	0.00045842857142857144	9.4664785861969	41072.62214040756
3792	1381.5057297658298	1020.09	79.79248046875	0.18608254	0.00013748571428571428	0.0004582857142857143	13.09423017501831	41085.71697497368
3793	1375.7051425722536	1016.39	77.0234375	0.18605119	0.00013744285714285714	0.0004581428571428572	10.073280334472656	41095.79196667671
3794	1391.236091134861	1015.54	80.295654296875	0.18604594	0.00013739999999999998	0.00045799999999999997	9.498199224472046	41105.29073572159
3795	1347.6902241108678	1005.84	79.80810546875	0.18604122	0.00013735714285714284	0.0004578571428571429	10.066138505935669	41115.35836529732
3796	1380.064681244944	1010.33	80.32275390625	0.18603586	0.0001373142857142857	0.00045771428571428574	9.49260687828064	41124.851558446884
3797	1374.1162241383238	1000.28	80.452880859375	0.1860292	0.00013727142857142854	0.00045757142857142855	9.458674669265747	41134.312104701996
3798	1362.082894608631	1004.38	79.22119140625	0.18602242	0.0001372285714285714	0.0004574285714285714	10.087342739105225	41144.40006327629
3799	1383.4932910283649	1008.49	79.47021484375	0.18596958	0.00013718571428571427	0.0004572857142857143	9.72975778579712	41154.13146185875
3800	1355.5396472789091	995.21	79.979736328125	0.18595648	0.00013714285714285713	0.0004571428571428572	9.475072383880615	41163.607145786285
3801	1366.2913646387578	1009.1	80.488525390625	0.18594326	0.00013709999999999997	0.000457	10.119855880737305	41173.72846150398
3802	1369.473796104757	1018.46	79.746337890625	0.18592878	0.00013705714285714284	0.00045685714285714286	9.78752326965332	41183.51663970947
3803	1364.9485705638401	1010.51	79.01171875	0.18591505	0.0001370142857142857	0.00045671428571428577	9.462634801864624	41192.98075890541
3804	1380.7545909496362	1017.22	79.76220703125	0.18553872	0.00013697142857142854	0.0004565714285714285	12.753347635269165	41205.73473763466
3805	1364.5469814327087	1014.22	79.520263671875	0.18542467	0.0001369285714285714	0.00045642857142857144	12.007965087890625	41217.74517965317
3806	1346.477487964519	1003.58	80.5283203125	0.18542737	0.00013688571428571426	0.0004562857142857143	9.78854775428772	41227.53428864479
3807	1353.86453834491	988.18	80.033935546875	0.18542542	0.00013684285714285715	0.0004561428571428572	10.116421461105347	41237.652564525604
3808	1339.511019595453	991.81	79.8056640625	0.18528344	0.00013679999999999996	0.00045599999999999997	11.86988878250122	41249.52305293083
3809	1345.225576475987	987.9	79.55078125	0.18520309	0.00013675714285714286	0.00045585714285714283	13.454485893249512	41262.97968125343
3810	1351.9585113470657	990.4	80.3017578125	0.18520355	0.00013671428571428572	0.00045571428571428575	9.513261318206787	41272.493530750275
3811	1358.0750036923605	997.87	80.05224609375	0.18516941	0.00013667142857142856	0.0004555714285714285	10.14433765411377	41282.63926625252
3812	1405.4870990300637	1024.0	79.573974609375	0.18516415	0.00013662857142857142	0.0004554285714285714	10.119587421417236	41292.7594294548
3813	1352.4386618253652	998.81	80.58203125	0.1851591	0.00013658571428571428	0.0004552857142857143	9.509050846099854	41302.270392656326
3814	1376.1721198196815	1021.91	80.089599609375	0.18515503	0.00013654285714285715	0.0004551428571428572	9.467232704162598	41311.738179683685
3815	1373.646743099086	1005.07	80.844970703125	0.18515152	0.00013649999999999998	0.00045499999999999995	9.46614933013916	41321.206151247025
3816	1366.2717088670781	1000.14	80.59912109375	0.18514888	0.00013645714285714285	0.00045485714285714286	10.108970403671265	41331.31573843956
3817	1380.7158879105223	1021.72	79.12109375	0.18514483	0.0001364142857142857	0.0004547142857142857	9.464203596115112	41340.781839847565
3818	1358.2587617304293	1005.49	79.8720703125	0.18490142	0.00013637142857142858	0.00045457142857142864	13.627696752548218	41354.41025304794
3819	1348.2105888352253	998.52	80.630126953125	0.18490618	0.0001363285714285714	0.0004544285714285714	9.542399644851685	41363.953214883804
3820	1372.6832094305378	1008.17	80.387939453125	0.18482675	0.00013628571428571428	0.0004542857142857143	9.876712322235107	41373.83142828941
3821	1385.3329017555523	1012.12	80.645751953125	0.1848111	0.00013624285714285714	0.00045414285714285717	10.11979341506958	41383.95181679726
3822	1331.4853185512518	993.21	80.64013671875	0.18479554	0.00013619999999999998	0.000454	9.55165719985962	41393.50500822067
3823	1375.6184546045538	1005.79	80.146240234375	0.18478161	0.00013615714285714284	0.00045385714285714284	9.498630046844482	41403.00418972969
3824	1410.6616857257834	1024.0	79.91943359375	0.18476911	0.0001361142857142857	0.00045371428571428575	10.063153982162476	41413.06924390793
3825	1371.726050528732	1013.68	79.672607421875	0.18475927	0.00013607142857142857	0.0004535714285714286	9.524853706359863	41422.594670534134
3826	1353.6992485005958	998.2	80.435302734375	0.18451054	0.0001360285714285714	0.0004534285714285714	13.172832489013672	41435.76901817322
3827	1347.6298560555858	988.34	79.703857421875	0.18449861	0.00013598571428571427	0.0004532857142857143	10.591746807098389	41446.361328125
3828	1402.2003197400645	1024.0	78.470458984375	0.18444908	0.00013594285714285713	0.0004531428571428572	9.74223017692566	41456.105103731155
3829	1388.664264988996	1006.34	80.20751953125	0.1844359	0.00013589999999999997	0.00045299999999999995	9.501830101013184	41465.60751223564
3830	1381.7639010016837	1004.56	79.963623046875	0.18442464	0.00013585714285714283	0.00045285714285714287	10.619069576263428	41476.2284719944
3831	1384.949697860617	1007.31	80.223388671875	0.1844136	0.0001358142857142857	0.00045271428571428573	9.524046659469604	41485.753158807755
3832	1383.754655698309	1022.49	80.47119140625	0.184404	0.0001357714285714286	0.00045257142857142864	9.471912622451782	41495.22718977928
3833	1378.685352625669	1024.0	80.4892578125	0.18439198	0.0001357285714285714	0.0004524285714285714	10.125069379806519	41505.35286235809
3834	1367.2303800287318	1013.75	79.7578125	0.18412052	0.0001356857142857143	0.0004522857142857143	12.839864492416382	41518.19423151016
3835	1389.2209625035985	1019.59	80.005859375	0.18412471	0.00013564285714285715	0.0004521428571428572	9.444738864898682	41527.63956236839
3836	1393.4412199393191	1019.99	79.799072265625	0.18410814	0.00013559999999999996	0.000452	14.052198648452759	41541.69360470772
3837	1388.313359025641	1022.06	80.021484375	0.1838727	0.00013555714285714285	0.00045185714285714284	11.863680601119995	41553.5579097271
3838	1380.8495697418364	1016.18	80.321533203125	0.1838498	0.00013551428571428572	0.00045171428571428576	10.439107894897461	41563.999714136124
3839	1382.3693747534298	1014.0	79.78759765625	0.18361627	0.00013547142857142858	0.0004515714285714286	10.587215900421143	41574.58753967285
3840	1364.4036130132267	1003.34	80.54541015625	0.1835986	0.00013542857142857142	0.00045142857142857143	9.48468828201294	41584.07546567917
3841	1354.5430661213445	993.38	80.30322265625	0.18358321	0.00013538571428571428	0.0004512857142857143	10.243618249893188	41594.31983065605
3842	1395.560771898374	1020.13	80.309814453125	0.18356855	0.00013534285714285715	0.0004511428571428572	9.524155139923096	41603.84409689903
3843	1385.3705199529445	1012.2	79.56396484375	0.18340527	0.00013529999999999998	0.00045099999999999996	11.707852840423584	41615.55433821678
3844	1400.7679917904532	1017.23	80.326904296875	0.18340619	0.00013525714285714285	0.0004508571428571429	10.07355785369873	41625.628457307816
3845	1393.3533701903796	1016.22	80.08447265625	0.18340786	0.0001352142857142857	0.00045071428571428573	9.53113603591919	41635.16175556183
3846	1398.8314833484171	1022.18	79.865966796875	0.18337207	0.00013517142857142857	0.00045057142857142865	13.047134399414062	41648.20946955681
3847	1376.2094956175738	1006.68	80.600341796875	0.18329178	0.0001351285714285714	0.0004504285714285714	12.939842462539673	41661.15151190758
3848	1320.6848613079812	991.71	80.10888671875	0.18329239	0.00013508571428571427	0.0004502857142857143	9.674110412597656	41670.82622694969
3849	1351.564690933538	1000.51	79.134521484375	0.18326116	0.00013504285714285714	0.0004501428571428572	9.721872091293335	41680.55102133751
3850	1382.202571424315	1011.23	77.597900390625	0.1832502	0.00013499999999999997	0.00045	10.090267419815063	41690.64186286926
3851	1365.7522413672373	997.96	80.806640625	0.18324101	0.00013495714285714284	0.00044985714285714285	9.504642724990845	41700.1476392746
3852	1389.360273043789	1016.26	80.130859375	0.18323338	0.0001349142857142857	0.00044971428571428576	9.495057106018066	41709.643342494965
3853	1412.4937052340244	1024.0	80.638916015625	0.1832273	0.00013487142857142857	0.0004495714285714286	9.694601774215698	41719.339945077896
3854	1394.9850699930946	1016.11	79.660400390625	0.1832211	0.0001348285714285714	0.00044942857142857143	9.490453720092773	41728.83100771904
3855	1371.0553764041586	1002.58	80.9091796875	0.18321638	0.00013478571428571427	0.0004492857142857143	9.43233871459961	41738.26532316208
3856	1355.3912257096617	994.94	80.41943359375	0.18321003	0.00013474285714285713	0.0004491428571428572	9.527591466903687	41747.79352927208
3857	1397.8323345721722	1009.82	78.935791015625	0.18320888	0.00013469999999999997	0.00044899999999999996	12.447609663009644	41760.243020772934
3858	1379.1125677832592	1014.73	79.709228515625	0.18309195	0.00013465714285714283	0.0004488571428571429	13.41386103630066	41773.65748310089
3859	1364.946567434162	1003.36	80.94384765625	0.18309076	0.0001346142857142857	0.00044871428571428574	9.586052417755127	41783.24677801132
3860	1366.7929954702274	1003.21	80.20166015625	0.18309075	0.00013457142857142859	0.00044857142857142866	9.45396900177002	41792.701295137405
3861	1355.3660802548031	998.17	80.710693359375	0.18308955	0.0001345285714285714	0.0004484285714285714	10.115087747573853	41802.818808317184
3862	1378.865645676642	1016.45	78.978515625	0.18302776	0.0001344857142857143	0.00044828571428571427	14.391772985458374	41817.2112057209
3863	1378.6057432559473	1010.73	80.273193359375	0.18288891	0.00013444285714285715	0.0004481428571428572	12.230873823165894	41829.44449996948
3864	1362.520328863889	1010.16	80.255859375	0.182629	0.0001344	0.00044799999999999994	18.082871198654175	41847.5294585228
3865	1365.9915224307174	1008.18	80.000244140625	0.18263267	0.00013435714285714285	0.00044785714285714285	9.539714574813843	41857.07153010368
3866	1375.850789338968	997.93	81.01025390625	0.18263412	0.00013431428571428571	0.0004477142857142857	10.053920269012451	41867.126080513
3867	1388.2591430716864	1024.0	80.271484375	0.18263172	0.00013427142857142858	0.00044757142857142863	9.517860889434814	41876.64476561546
3868	1344.7656401874847	997.94	80.531494140625	0.18262835	0.00013422857142857142	0.0004474285714285714	9.489429950714111	41886.134778261185
3869	1386.7556235290413	1022.13	81.283447265625	0.18262446	0.00013418571428571428	0.0004472857142857143	10.32041049003601	41896.457591056824
3870	1378.145192433918	1014.33	80.2998046875	0.18261804	0.00013414285714285714	0.00044714285714285716	9.57150650024414	41906.02928519249
3871	1413.0854126934018	1023.96	80.55859375	0.18247414	0.00013409999999999998	0.00044699999999999997	12.758932113647461	41918.78879952431
3872	1373.63622308652	1014.31	80.1044921875	0.1823347	0.00013405714285714284	0.00044685714285714283	13.32887053489685	41932.11945104599
3873	1391.940323442999	1022.28	80.829345703125	0.18233615	0.0001340142857142857	0.00044671428571428575	9.47887921333313	41941.59890413284
3874	1360.8497318915763	996.84	80.839111328125	0.1823793	0.00013397142857142857	0.0004465714285714286	9.825708389282227	41951.42645382881
3875	1357.3501298811289	999.56	80.84912109375	0.18238519	0.0001339285714285714	0.0004464285714285714	9.633286714553833	41961.06030893326
3876	1386.2975356348093	1008.34	80.62451171875	0.18239105	0.00013388571428571427	0.0004462857142857143	9.497730493545532	41970.56043148041
3877	1394.7563369063794	1019.33	80.118408203125	0.18239532	0.00013384285714285714	0.0004461428571428572	9.516334533691406	41980.07745909691
3878	1391.7124234230155	1011.48	80.628662109375	0.1824004	0.00013379999999999997	0.00044599999999999994	9.523862361907959	41989.60193777084
3879	1342.8486984630456	982.99	79.896240234375	0.18240349	0.00013375714285714284	0.00044585714285714286	9.478109359741211	41999.08185482025
3880	1396.1359864918466	1012.43	80.398193359375	0.18240641	0.0001337142857142857	0.0004457142857142857	9.476379156112671	42008.558841466904
3881	1385.84544845995	1013.04	79.666015625	0.18240751	0.00013367142857142856	0.00044557142857142864	9.530014753341675	42018.09070849419
3882	1336.6550216253108	975.82	80.192138671875	0.18238981	0.0001336285714285714	0.0004454285714285714	12.670532703399658	42030.76185941696
3883	1378.8477423646973	1009.94	79.6865234375	0.18238908	0.00013358571428571426	0.0004452857142857143	9.482634544372559	42040.24595999718
3884	1392.7846112419747	1006.83	79.937255859375	0.18202478	0.00013354285714285713	0.00044514285714285717	12.35690188407898	42052.603544950485
3885	1345.6467290954686	989.27	80.1962890625	0.18202561	0.00013349999999999997	0.000445	9.469429969787598	42062.073560237885
3886	1388.036100267153	1009.7	80.2080078125	0.18206346	0.00013345714285714283	0.00044485714285714284	13.593154430389404	42075.669159173965
3887	1397.7657626751989	1014.92	79.9677734375	0.18185271	0.00013341428571428572	0.00044471428571428575	12.992787837982178	42088.662506103516
3888	1389.9465837967464	1007.28	80.724609375	0.18185236	0.00013337142857142858	0.0004445714285714286	9.894917011260986	42098.559286117554
3889	1376.7753789297524	1011.06	80.986083984375	0.18190132	0.0001333285714285714	0.0004444285714285714	12.680906295776367	42111.24075126648
3890	1331.2351433083365	978.47	80.996337890625	0.1818998	0.00013328571428571428	0.0004442857142857143	9.530369997024536	42120.773383140564
3891	1354.0910440600146	991.89	80.006103515625	0.18167055	0.00013324285714285715	0.0004441428571428572	13.003594636917114	42133.77755880356
3892	1375.53902801505	1011.28	79.52392578125	0.18153453	0.00013319999999999999	0.00044399999999999995	12.345525026321411	42146.12394738197
3893	1384.4430561425754	1008.67	80.275146484375	0.18155463	0.00013315714285714285	0.00044385714285714287	9.770754337310791	42155.895280599594
3894	1374.8738118268145	1010.2	80.78466796875	0.18155862	0.0001331142857142857	0.00044371428571428573	10.120400190353394	42166.01794505119
3895	1366.432463771787	998.75	80.545654296875	0.18156151	0.00013307142857142858	0.00044357142857142864	9.665290832519531	42175.683841228485
3896	1332.0144634809187	976.91	80.805419921875	0.18156333	0.0001330285714285714	0.0004434285714285714	9.47286868095398	42185.15856432915
3897	1374.823068986761	998.44	80.31396484375	0.18156426	0.00013298571428571428	0.0004432857142857143	10.082065343856812	42195.24125266075
3898	1378.4106019532999	1009.01	81.074951171875	0.18156624	0.00013294285714285714	0.0004431428571428572	9.543083667755127	42204.786188840866
3899	1367.8235354996505	1003.56	81.0849609375	0.18156731	0.00013289999999999998	0.000443	9.482246160507202	42214.26901912689
3900	1356.4908063476441	993.79	80.103515625	0.18156786	0.00013285714285714284	0.00044285714285714284	10.244628667831421	42224.5159509182
3901	1378.7144658975312	1006.21	80.8544921875	0.18156946	0.0001328142857142857	0.00044271428571428576	9.570638656616211	42234.08715343475
3902	1365.915207787872	996.75	80.365478515625	0.1815129	0.00013277142857142857	0.0004425714285714286	12.164772033691406	42246.254368543625
3903	1391.0571727106121	1016.82	80.375	0.18145259	0.0001327285714285714	0.0004424285714285714	10.443131923675537	42256.69810175896
3904	1406.1551407974941	1020.01	80.205322265625	0.18134654	0.00013268571428571427	0.0004422857142857143	12.176935195922852	42268.87761259079
3905	1415.1659939671488	1018.71	80.408447265625	0.18134029	0.00013264285714285713	0.0004421428571428572	9.677467107772827	42278.55568933487
3906	1357.749027565151	987.93	80.670166015625	0.18131156	0.00013259999999999997	0.00044199999999999996	9.788809537887573	42288.34601163864
3907	1387.2655102364008	1012.67	80.679931640625	0.18130334	0.00013255714285714283	0.00044185714285714287	9.588517427444458	42297.93508529663
3908	1374.9857493513607	1012.88	78.1484375	0.181298	0.0001325142857142857	0.00044171428571428573	9.477778196334839	42307.41503739357
3909	1362.3122220447146	996.87	80.648681640625	0.18129079	0.00013247142857142856	0.00044157142857142865	10.343942165374756	42317.75957226753
3910	1378.979312118987	1000.29	80.673583984375	0.18128522	0.0001324285714285714	0.0004414285714285714	9.582086324691772	42327.34385895729
3911	1402.7173561969478	1019.98	80.947265625	0.18127924	0.00013238571428571426	0.0004412857142857143	9.463851690292358	42336.80825138092
3912	1398.2005630629803	1011.2	79.21728515625	0.18122609	0.00013234285714285713	0.0004411428571428572	13.449007272720337	42350.259123802185
3913	1359.3927750363046	997.4	79.97119140625	0.18118174	0.00013229999999999996	0.00044099999999999993	12.793749809265137	42363.0534453392
3914	1365.5259612878249	987.96	80.720947265625	0.18126057	0.00013225714285714283	0.00044085714285714285	12.899606943130493	42375.95562386513
3915	1361.4034208361586	999.08	81.49072265625	0.18126166	0.00013221428571428572	0.0004407142857142857	9.790290117263794	42385.74650669098
3916	1379.9288695991304	996.83	81.00146484375	0.18109338	0.00013217142857142858	0.0004405714285714286	12.492771625518799	42398.24081349373
3917	1347.717096557457	997.85	80.011474609375	0.18103679	0.00013212857142857142	0.0004404285714285714	10.038011074066162	42408.27941918373
3918	1367.8009710446358	998.65	80.029052734375	0.18102382	0.00013208571428571428	0.0004402857142857143	9.58209228515625	42417.86334037781
3919	1360.2330035884913	994.78	80.78125	0.18101038	0.00013204285714285715	0.00044014285714285715	9.55389142036438	42427.41785597801
3920	1359.3147590125036	987.43	80.7900390625	0.18099625	0.00013199999999999998	0.00043999999999999996	10.133882284164429	42437.55406856537
3921	1390.7535172144646	1010.13	81.298828125	0.18098277	0.00013195714285714285	0.0004398571428571428	9.679456233978271	42447.234077215195
3922	1367.929889655988	998.61	81.310791015625	0.18097062	0.0001319142857142857	0.00043971428571428574	9.499307632446289	42456.73547387123
3923	1396.0591490062934	1006.88	81.071044921875	0.18095966	0.00013187142857142857	0.0004395714285714286	10.065596580505371	42466.80168366432
3924	1340.6940548953717	981.77	81.329833984375	0.18091552	0.0001318285714285714	0.0004394285714285714	12.539935827255249	42479.34313201904
3925	1371.9087129436916	997.65	81.0908203125	0.18091519	0.00013178571428571428	0.00043928571428571427	9.48126745223999	42488.8249566555
3926	1364.0063542857386	992.87	80.3505859375	0.18091065	0.00013174285714285714	0.0004391428571428572	9.641417026519775	42498.4683971405
3927	1392.971230998689	1016.69	81.3603515625	0.18090999	0.00013169999999999998	0.00043899999999999994	9.568023204803467	42508.03702187538
3928	1362.6732578308586	992.37	81.494384765625	0.1809078	0.00013165714285714284	0.00043885714285714285	9.457189083099365	42517.4961938858
3929	1386.0579997860668	1011.55	80.26025390625	0.18090548	0.0001316142857142857	0.0004387142857142857	10.023440837860107	42527.520270586014
3930	1376.587050199034	1009.64	81.508544921875	0.18090081	0.00013157142857142857	0.00043857142857142863	9.663563251495361	42537.18524312973
3931	1366.5842612349359	995.26	80.774169921875	0.1808964	0.0001315285714285714	0.0004384285714285714	9.733576774597168	42546.91940450668
3932	1369.2589234946165	1005.08	80.283447265625	0.18089227	0.00013148571428571427	0.0004382857142857143	10.158648014068604	42557.08045506477
3933	1361.458170219291	1000.11	81.0322265625	0.18088873	0.00013144285714285713	0.00043814285714285716	9.557231903076172	42566.63834476471
3934	1376.8657135426342	989.06	80.78857421875	0.18086581	0.00013139999999999997	0.00043799999999999997	9.681435585021973	42576.32114768028
3935	1360.075118954596	1004.91	81.298583984375	0.18053125	0.00013135714285714283	0.00043785714285714283	13.246515274047852	42589.56822800636
3936	1353.729686420935	990.08	82.05712890625	0.18053198	0.0001313142857142857	0.00043771428571428574	9.494099140167236	42599.06416296959
3937	1379.8557490018661	1005.74	80.8662109375	0.18056238	0.00013127142857142856	0.0004375714285714286	13.629774808883667	42612.69463849068
3938	1385.0286862916278	1003.31	80.6318359375	0.18049906	0.0001312285714285714	0.0004374285714285714	13.160535097122192	42625.855763435364
3939	1380.4815364870838	1003.51	80.845458984375	0.18043031	0.00013118571428571426	0.0004372857142857143	11.669232606887817	42637.526717185974
3940	1405.873018862217	1014.74	81.0888671875	0.18043058	0.00013114285714285715	0.0004371428571428572	10.02130937576294	42647.548630952835
3941	1346.1353490654187	982.61	81.345458984375	0.1804294	0.00013110000000000002	0.00043700000000000005	9.588024377822876	42657.138152599335
3942	1375.9142698144603	996.62	81.604248046875	0.18042614	0.00013105714285714282	0.00043685714285714286	9.50638222694397	42666.64510321617
3943	1337.7336153341112	979.33	81.1025390625	0.180411	0.00013101428571428572	0.0004367142857142857	10.277491092681885	42676.92439365387
3944	1368.4284679622062	996.77	79.8779296875	0.18019538	0.00013097142857142858	0.00043657142857142864	11.992007493972778	42688.9169421196
3945	1390.702161393522	1016.47	81.376708984375	0.180196	0.00013092857142857142	0.0004364285714285714	9.491185903549194	42698.41019845009
3946	1354.445864505381	983.49	80.885986328125	0.1799736	0.00013088571428571428	0.0004362857142857143	12.794889211654663	42711.205652713776
3947	1382.1620976661843	1012.45	80.88916015625	0.17997575	0.00013084285714285714	0.00043614285714285717	9.511750221252441	42720.71977066994
3948	1377.3319080785127	1000.34	80.660400390625	0.17992182	0.0001308	0.0004360000000000001	12.146657228469849	42732.86703014374
3949	1382.8195679514129	1005.22	81.16064453125	0.17984836	0.00013075714285714284	0.00043585714285714283	10.086249589920044	42742.9555978775
3950	1399.706238550337	1014.36	81.16845703125	0.17983596	0.0001307142857142857	0.00043571428571428575	9.47532057762146	42752.43154478073
3951	1376.353428820801	1005.44	80.43310546875	0.17982508	0.00013067142857142857	0.0004355714285714286	9.610316753387451	42762.04406070709
3952	1400.021288127384	1016.25	81.67041015625	0.1798132	0.0001306285714285714	0.0004354285714285714	9.912494421005249	42771.957152843475
3953	1349.5792823386187	988.15	80.942138671875	0.17971335	0.00013058571428571427	0.0004352857142857143	12.57995057106018	42784.53862595558
3954	1414.2120020840766	1021.47	81.449951171875	0.17971331	0.00013054285714285714	0.0004351428571428572	10.107388496398926	42794.64635872841
3955	1396.3758583257043	1010.75	81.207763671875	0.17940913	0.0001305	0.00043500000000000006	12.48095178604126	42807.12965130806
3956	1415.2063123492774	1018.27	81.4521484375	0.17941427	0.00013045714285714284	0.00043485714285714286	9.718628883361816	42816.848855018616
3957	1378.8898728036274	1005.68	81.221923828125	0.17936982	0.0001304142857142857	0.0004347142857142857	10.462364435195923	42827.31297302246
3958	1395.111537914634	1001.17	81.230224609375	0.17936218	0.00013037142857142857	0.00043457142857142864	9.605984210968018	42836.919513463974
3959	1391.5636369064584	1002.84	80.4951171875	0.17935576	0.0001303285714285714	0.0004344285714285714	9.755834341049194	42846.677107572556
3960	1356.838460634734	998.88	81.7451171875	0.1793483	0.00013028571428571427	0.0004342857142857143	10.207306623458862	42856.88460826874
3961	1372.0993054471871	1007.31	81.501953125	0.17934076	0.00013024285714285713	0.00043414285714285717	9.577929496765137	42866.46380662918
3962	1383.0746929611726	1009.15	80.768798828125	0.17933291	0.0001302	0.0004340000000000001	9.55792236328125	42876.021871089935
3963	1334.3262418838317	983.72	81.76904296875	0.17915668	0.00013015714285714283	0.00043385714285714284	14.577523708343506	42890.60104680061
3964	1377.8783432689079	1018.88	82.52685546875	0.17915444	0.0001301142857142857	0.0004337142857142857	9.505479335784912	42900.10823607445
3965	1379.4562148666123	987.61	78.7587890625	0.17903431	0.00013007142857142856	0.0004335714285714286	13.186411619186401	42913.29518723488
3966	1378.5642594266026	1009.61	80.790283203125	0.17888594	0.0001300285714285714	0.00043342857142857137	12.722443342208862	42926.019842624664
3967	1339.2237757039793	978.48	81.548095703125	0.178891	0.00012998571428571426	0.0004332857142857143	9.485014200210571	42935.50549077988
3968	1383.777713577024	1002.35	81.056884765625	0.17889382	0.00012994285714285715	0.00043314285714285715	14.317184925079346	42949.82495713234
3969	1381.7362475592754	1008.96	81.5634765625	0.17889506	0.0001299	0.00043300000000000006	9.4839928150177	42959.30961585045
3970	1409.988751889328	1008.79	81.322509765625	0.17889719	0.00012985714285714285	0.0004328571428571428	9.514909029006958	42968.82512497902
3971	1372.48311523943	994.82	81.83056640625	0.1788996	0.00012981428571428571	0.00043271428571428573	9.564892530441284	42978.39184594154
3972	1392.1064218906592	1005.59	81.337646484375	0.17884147	0.00012977142857142858	0.0004325714285714286	13.748129606246948	42992.140573740005
3973	1357.9971264549354	985.93	81.3466796875	0.17884211	0.00012972857142857141	0.0004324285714285714	9.720070600509644	43001.86346054077
3974	1375.484376095071	1005.78	81.602783203125	0.1788444	0.00012968571428571428	0.00043228571428571426	10.056162118911743	43011.920191287994
3975	1400.6094359361464	1008.83	81.109375	0.17884545	0.00012964285714285714	0.0004321428571428572	9.488733053207397	43021.41163659096
3976	1381.5894500908119	1007.06	81.37255859375	0.1788463	0.0001296	0.00043200000000000004	9.479900121688843	43030.892179727554
3977	1346.6966971150732	968.2	80.63818359375	0.17884539	0.00012955714285714284	0.00043185714285714285	9.622422933578491	43040.516884326935
3978	1364.2449129256863	992.37	82.376953125	0.17884459	0.0001295142857142857	0.0004317142857142857	9.705146789550781	43050.22263431549
3979	1372.94485049362	1001.45	80.40283203125	0.17883284	0.00012947142857142857	0.0004315714285714286	9.768394947052002	43059.99304533005
3980	1369.3265101032532	996.92	81.90283203125	0.17882396	0.0001294285714285714	0.0004314285714285714	9.651073455810547	43069.64468789101
3981	1347.9037435700493	982.93	80.168701171875	0.1784211	0.00012938571428571427	0.0004312857142857143	12.25747561454773	43081.90447807312
3982	1338.7379257166808	989.12	81.419677734375	0.17819445	0.00012934285714285713	0.00043114285714285715	12.619779348373413	43094.524960279465
3983	1418.0389708490018	1024.0	81.199951171875	0.17801736	0.0001293	0.00043100000000000007	12.1805260181427	43106.706107616425
3984	1358.7612724197645	1002.17	81.934326171875	0.17802013	0.00012925714285714284	0.0004308571428571428	9.43214726448059	43116.14034128189
3985	1358.5781667544622	1004.2	81.941162109375	0.17802222	0.0001292142857142857	0.00043071428571428574	10.078603744506836	43126.2194981575
3986	1388.528639986072	1006.55	81.951171875	0.17802298	0.00012917142857142856	0.0004305714285714286	9.659761428833008	43135.88096499443
3987	1379.6802902376398	1010.17	81.958984375	0.17796308	0.0001291285714285714	0.0004304285714285714	12.985459804534912	43148.866980075836
3988	1332.262539988135	979.68	81.967041015625	0.17796694	0.00012908571428571426	0.00043028571428571427	12.296142339706421	43161.16544723511
3989	1389.150035006112	1014.11	81.959228515625	0.17798717	0.00012904285714285713	0.0004301428571428572	12.401449918746948	43173.567623376846
3990	1368.5312284874358	1011.01	81.982666015625	0.17797697	0.000129	0.00043000000000000004	10.398694515228271	43183.96689772606
3991	1389.873437838973	1006.5	81.98876953125	0.17795284	0.00012895714285714283	0.00042985714285714285	9.61838698387146	43193.58692407608
3992	1396.2819469690066	1014.61	81.87060546875	0.17774463	0.0001289142857142857	0.0004297142857142857	12.23704719543457	43205.82458496094
3993	1385.7152529590771	1015.9	82.13134765625	0.17774254	0.00012887142857142858	0.00042957142857142863	10.272602558135986	43216.099068403244
3994	1344.834605897387	980.78	82.137939453125	0.17774238	0.0001288285714285714	0.0004294285714285714	9.491214513778687	43225.59085941315
3995	1370.9196817520915	1000.4	82.14697265625	0.17774044	0.00012878571428571426	0.0004292857142857143	10.773981809616089	43236.36696767807
3996	1386.8468848939124	1003.38	81.905029296875	0.17773847	0.00012874285714285715	0.00042914285714285716	10.079930543899536	43246.44752287865
3997	1404.583168977755	1018.34	82.1611328125	0.17773674	0.0001287	0.0004290000000000001	9.57010006904602	43256.01961636543
3998	1358.503022469437	1002.08	82.166748046875	0.1777366	0.00012865714285714285	0.0004288571428571428	9.71453332901001	43265.73476719856
3999	1392.9094439208382	1007.4	82.927978515625	0.1777348	0.0001286142857142857	0.00042871428571428574	10.024635553359985	43275.76186513901
4000	1389.889015602686	1013.36	82.18505859375	0.17756201	0.00012857142857142858	0.0004285714285714286	11.969391107559204	43287.73182797432
4001	1373.6449840963146	1010.23	82.19384765625	0.1775666	0.0001285285714285714	0.0004284285714285714	9.477925300598145	43297.21135759354
4002	1375.7608628326518	1007.14	82.201904296875	0.17757528	0.00012848571428571428	0.00042828571428571427	10.522422552108765	43307.73439884186
4003	1407.078082826792	1004.44	82.209716796875	0.17757575	0.00012844285714285714	0.0004281428571428572	9.516364812850952	43317.2534866333
4004	1379.8533962267725	1007.38	82.217529296875	0.17757683	0.0001284	0.00042800000000000005	9.46786093711853	43326.72192072868
4005	1344.6373714716508	991.72	81.975341796875	0.17757864	0.00012835714285714284	0.00042785714285714286	10.102783441543579	43336.82674264908
4006	1399.12203138718	1008.57	81.7412109375	0.17757857	0.0001283142857142857	0.0004277142857142857	9.51650357246399	43346.34386539459
4007	1421.9822595234496	1024.0	82.491455078125	0.1775776	0.00012827142857142857	0.00042757142857142863	9.465430498123169	43355.81124472618
4008	1407.0026652586232	1012.86	82.2490234375	0.17757702	0.0001282285714285714	0.0004274285714285714	10.179271221160889	43365.99111175537
4009	1398.85732744231	1010.43	82.255859375	0.17757791	0.00012818571428571427	0.0004272857142857143	9.644216299057007	43375.63699913025
4010	1383.5138105498847	1012.1	82.2646484375	0.17756937	0.00012814285714285713	0.00042714285714285716	9.652282238006592	43385.28984975815
4011	1407.5448708104418	1018.47	82.27294921875	0.17752768	0.0001281	0.0004270000000000001	10.462435007095337	43395.75386071205
4012	1376.1839727949598	1006.39	82.280517578125	0.1775219	0.00012805714285714283	0.00042685714285714283	9.488209962844849	43405.24263095856
4013	1355.344534524581	983.13	82.282470703125	0.17751499	0.0001280142857142857	0.00042671428571428575	9.46781301498413	43414.712604761124
4014	1369.6235243093697	998.16	82.79736328125	0.17750871	0.00012797142857142856	0.0004265714285714286	10.277207374572754	43424.99041056633
4015	1377.5550854513144	993.27	82.299560546875	0.1775016	0.0001279285714285714	0.00042642857142857136	9.47426462173462	43434.46639204025
4016	1366.817107313302	992.91	82.813232421875	0.17749412	0.00012788571428571426	0.0004262857142857143	9.5180983543396	43443.98511338234
4017	1405.5450557273514	1016.42	82.306640625	0.17745881	0.00012784285714285713	0.00042614285714285714	10.301296472549438	43454.28864789009
4018	1382.0437219261428	1003.82	82.3291015625	0.17745252	0.0001278	0.00042600000000000005	9.494610071182251	43463.78384637833
4019	1358.5766813407058	999.84	81.830078125	0.17744422	0.00012775714285714283	0.0004258571428571428	9.446892023086548	43473.234345674515
4020	1367.9680756299376	992.91	81.8447265625	0.17743409	0.0001277142857142857	0.0004257142857142857	10.40458345413208	43483.639531612396
4021	1377.6548257342167	1011.36	82.340576171875	0.17742474	0.00012767142857142858	0.0004255714285714286	10.130560636520386	43493.77305364609
4022	1383.714978728413	1000.24	79.33447265625	0.17741714	0.0001276285714285714	0.0004254285714285714	9.499890565872192	43503.27356123924
4023	1394.095858736084	1013.41	82.602783203125	0.1773532	0.00012758571428571428	0.00042528571428571425	10.59696650505066	43513.87218618393
4024	1363.521789165166	985.54	82.111572265625	0.17734505	0.00012754285714285715	0.00042514285714285717	9.513167381286621	43523.38588476181
4025	1404.4944485906326	1020.2	82.359619140625	0.17733692	0.0001275	0.00042500000000000003	9.458579063415527	43532.846442461014
4026	1364.6574538778586	1000.04	82.132080078125	0.17725413	0.00012745714285714285	0.00042485714285714284	13.807892560958862	43546.65493631363
4027	1402.7848757313593	1012.46	82.390380859375	0.17707156	0.0001274142857142857	0.0004247142857142857	12.752654314041138	43559.41011452675
4028	1417.6091141493498	1022.22	82.149658203125	0.17697714	0.00012737142857142857	0.0004245714285714286	13.581046342849731	43572.9917140007
4029	1401.9597509612133	1008.74	81.93505859375	0.17691459	0.0001273285714285714	0.00042442857142857137	9.911256074905396	43582.904754161835
4030	1356.8548026035871	990.52	81.91748046875	0.1769026	0.00012728571428571427	0.0004242857142857143	9.462987422943115	43592.368268966675
4031	1409.820211811468	1013.56	82.426513671875	0.1768918	0.00012724285714285714	0.00042414285714285714	9.551455736160278	43601.92175555229
4032	1396.6503237182988	1011.24	82.6845703125	0.17688386	0.0001272	0.00042400000000000006	9.872050762176514	43611.79433441162
4033	1367.2161885679627	989.13	81.690673828125	0.17684178	0.00012715714285714284	0.0004238571428571428	9.681726694107056	43621.47855043411
4034	1376.061756333375	991.32	81.9580078125	0.17683221	0.0001271142857142857	0.00042371428571428573	9.486921072006226	43630.96602129936
4035	1375.7569297971017	1006.48	82.708251953125	0.17682397	0.00012707142857142857	0.0004235714285714286	9.639666080474854	43640.60760521889
4036	1360.4543651416666	998.51	82.216064453125	0.17681335	0.0001270285714285714	0.0004234285714285714	9.531894207000732	43650.14012885094
4037	1378.7026632300906	1008.37	81.972900390625	0.17665225	0.00012698571428571427	0.00042328571428571426	12.17063045501709	43662.31252908707
4038	1360.9060555442366	995.96	82.98193359375	0.17665498	0.00012694285714285713	0.0004231428571428572	9.534099578857422	43671.84724330902
4039	1354.901355972574	985.64	81.73974609375	0.17647253	0.0001269	0.00042300000000000004	12.359227895736694	43684.20864486694
4040	1382.5318917909892	1008.44	81.74755859375	0.17647171	0.00012685714285714283	0.00042285714285714284	10.086239576339722	43694.295485019684
4041	1369.4130376257153	994.35	82.74755859375	0.17647044	0.0001268142857142857	0.0004227142857142857	9.508022546768188	43703.805151224136
4042	1399.8985269712334	1022.57	82.511962890625	0.1762975	0.00012677142857142856	0.0004225714285714286	12.428084135055542	43716.23384261131
4043	1364.5621149731764	988.33	81.52001953125	0.17606963	0.0001267285714285714	0.0004224285714285714	12.98884654045105	43729.224298238754
4044	1398.3209029242082	1013.22	82.277587890625	0.17584942	0.00012668571428571426	0.0004222857142857143	12.830294609069824	43742.05517578125
4045	1387.6125184584193	1005.66	82.035888671875	0.17585129	0.00012664285714285712	0.00042214285714285715	9.513833045959473	43751.570652484894
4046	1363.0819372961028	995.01	82.79345703125	0.17585337	0.00012660000000000001	0.00042200000000000007	9.726624250411987	43761.29751563072
4047	1359.6226612197713	993.21	81.301513671875	0.17590831	0.00012655714285714282	0.0004218571428571428	10.119367837905884	43771.418394804
4048	1387.0352856054121	1017.71	82.30908203125	0.17591108	0.0001265142857142857	0.00042171428571428573	9.534518480300903	43780.95307922363
4049	1422.4639317543254	1020.15	82.568359375	0.17591248	0.00012647142857142858	0.0004215714285714286	9.851825714111328	43790.80679631233
4050	1352.8475688874162	991.49	81.826171875	0.17587698	0.0001264285714285714	0.0004214285714285714	10.10156512260437	43800.90893507004
4051	1365.876001018043	999.58	82.834716796875	0.17587024	0.00012638571428571428	0.00042128571428571426	9.500884532928467	43810.41125035286
4052	1395.4784229115517	1014.89	82.342529296875	0.17586465	0.00012634285714285714	0.0004211428571428572	9.615991830825806	43820.02784085274
4053	1380.7384854784195	1002.43	81.1083984375	0.17585778	0.0001263	0.00042100000000000004	9.658828258514404	43829.688467264175
4054	1399.9714230948885	1010.66	82.601806640625	0.17585139	0.00012625714285714284	0.00042085714285714285	9.504251480102539	43839.19284534454
4055	1406.9927889539454	1017.96	82.859619140625	0.1758443	0.0001262142857142857	0.0004207142857142857	9.561326742172241	43848.75637412071
4056	1365.4205698099051	1005.47	81.998779296875	0.17583716	0.00012617142857142857	0.0004205714285714286	9.548235416412354	43858.305216789246
4057	1377.4976648579996	999.31	82.557861328125	0.17553745	0.0001261285714285714	0.0004204285714285714	11.941364288330078	43870.24854040146
4058	1367.6779118313214	1005.27	83.24951171875	0.17554224	0.00012608571428571427	0.0004202857142857143	9.525829315185547	43879.77449846268
4059	1385.3226657324083	1003.83	83.01611328125	0.17554726	0.00012604285714285714	0.00042014285714285716	9.591773748397827	43889.36809754372
4060	1356.3654998349316	989.47	82.030517578125	0.17556888	0.000126	0.00042000000000000007	9.675523042678833	43899.04416298866
4061	1383.0447061295388	1006.95	83.028564453125	0.17563522	0.00012595714285714284	0.0004198571428571428	9.988000392913818	43909.03359627724
4062	1409.6793737725575	1014.78	83.29638671875	0.17564112	0.0001259142857142857	0.00041971428571428574	9.578625679016113	43918.61275410652
4063	1334.8549360623088	987.04	82.803955078125	0.17564489	0.00012587142857142856	0.0004195714285714286	9.529330730438232	43928.143584012985
4064	1354.4573795627546	991.04	83.312744140625	0.17564665	0.00012582857142857143	0.0004194285714285715	9.630004167556763	43937.77420592308
4065	1368.1246557299623	988.39	82.32080078125	0.17567943	0.00012578571428571426	0.00041928571428571427	12.583869218826294	43950.359961271286
4066	1385.5011722204813	1018.6	82.575927734375	0.17541152	0.00012574285714285713	0.0004191428571428572	13.645519733428955	43964.00607085228
4067	1374.3182935731288	1004.58	83.0849609375	0.17541473	0.0001257	0.00041900000000000005	9.87906551361084	43973.88686084747
4068	1399.3913721528484	1013.33	83.0927734375	0.17541741	0.00012565714285714283	0.0004188571428571428	9.508757829666138	43983.39622044563
4069	1387.2695100547564	1014.58	82.100830078125	0.1754015	0.0001256142857142857	0.0004187142857142857	10.560564279556274	43993.95863986015
4070	1377.8716902196777	1001.88	82.35888671875	0.175395	0.00012557142857142856	0.0004185714285714286	9.485381126403809	44003.444586992264
4071	1424.1830513040213	1020.44	83.11669921875	0.17538859	0.00012552857142857142	0.0004184285714285715	15.489780187606812	44018.936710596085
4072	1393.305348147581	1010.68	82.624267578125	0.1753813	0.00012548571428571426	0.00041828571428571425	9.662731647491455	44028.60198044777
4073	1335.0824419431844	983.07	82.881103515625	0.17537422	0.00012544285714285712	0.00041814285714285716	9.565176248550415	44038.1676940918
4074	1372.610767338937	1008.52	82.64013671875	0.175367	0.0001254	0.000418	9.502945184707642	44047.67216873169
4075	1387.2919259637347	1004.61	82.89794921875	0.17517602	0.00012535714285714282	0.00041785714285714283	13.786872863769531	44061.45963048935
4076	1368.7323636841131	1001.78	82.906005859375	0.17517634	0.0001253142857142857	0.0004177142857142857	9.601005554199219	44071.062403678894
4077	1343.2158934183528	983.19	82.163818359375	0.17510279	0.00012527142857142858	0.0004175714285714286	12.292669773101807	44083.35564446449
4078	1346.5223424377627	982.57	82.670654296875	0.17510241	0.00012522857142857144	0.00041742857142857147	9.827632188796997	44093.18498158455
4079	1393.2488333850479	1015.33	82.179443359375	0.17508201	0.00012518571428571428	0.0004172857142857143	9.704482555389404	44102.89004135132
4080	1370.296118591057	990.93	79.9169921875	0.1750753	0.00012514285714285714	0.00041714285714285714	13.059239387512207	44115.95154285431
4081	1381.4124325281161	999.09	83.1611328125	0.17507719	0.0001251	0.00041700000000000005	9.509781837463379	44125.46190524101
4082	1357.1747904809629	993.51	82.43701171875	0.17500842	0.00012505714285714284	0.0004168571428571428	13.313432931900024	44138.777290821075
4083	1368.8221279452957	1009.35	82.230224609375	0.17479084	0.0001250142857142857	0.0004167142857142857	11.854954481124878	44150.63286232948
4084	1403.650624786229	1013.79	82.95458984375	0.17479284	0.00012497142857142857	0.0004165714285714286	9.568485498428345	44160.20191025734
4085	1376.7234143561643	993.8	82.722412109375	0.17479499	0.00012492857142857143	0.0004164285714285715	9.488530158996582	44169.69202756882
4086	1380.9165388820536	1011.3	81.48876953125	0.17479582	0.00012488571428571427	0.00041628571428571425	9.61873722076416	44179.31132555008
4087	1366.5212611210786	998.48	83.24365234375	0.17479555	0.00012484285714285713	0.00041614285714285717	9.787309885025024	44189.10029363632
4088	1337.5086003090507	982.27	83.492431640625	0.17479306	0.0001248	0.00041600000000000003	9.506248950958252	44198.60667467117
4089	1369.123283058245	997.78	82.560546875	0.17470127	0.00012475714285714283	0.00041585714285714284	10.435166120529175	44209.04378271103
4090	1387.6607242635014	1008.39	82.76806640625	0.17468876	0.0001247142857142857	0.0004157142857142857	9.585802793502808	44218.63022994995
4091	1398.4972540267472	1018.32	82.776123046875	0.17467953	0.00012467142857142856	0.0004155714285714286	9.462099552154541	44228.105737924576
4092	1349.3232418477246	988.97	82.782958984375	0.17467012	0.00012462857142857143	0.0004154285714285715	9.57747507095337	44237.68380999565
4093	1385.9904919132791	1011.34	82.540771484375	0.17465453	0.00012458571428571426	0.0004152857142857143	9.536173105239868	44247.221881866455
4094	1370.5989224247262	1005.17	83.293212890625	0.17464763	0.00012454285714285713	0.00041514285714285714	9.466346025466919	44256.68877410889
4095	1399.261861309768	1002.45	83.307861328125	0.17464083	0.0001245	0.00041500000000000006	10.108785152435303	44266.7993042469
4096	1374.1348415015743	992.89	82.805419921875	0.17463319	0.00012445714285714283	0.0004148571428571428	9.488318681716919	44276.288259744644
4097	1406.6632222054773	1015.74	82.082275390625	0.17462657	0.0001244142857142857	0.00041471428571428573	9.494152784347534	44285.78302240372
4098	1368.797832778479	1005.51	82.332275390625	0.17462009	0.00012437142857142855	0.0004145714285714286	10.056945085525513	44295.84209418297
4099	1396.7548823452003	987.4	82.588134765625	0.17461403	0.00012432857142857145	0.0004144285714285715	9.478764295578003	44305.32141494751
4100	1387.9655769554183	1010.43	82.598388671875	0.17460924	0.00012428571428571426	0.00041428571428571426	9.48327374458313	44314.80648469925
4101	1374.2682181630403	1006.13	82.355712890625	0.1745704	0.00012424285714285715	0.00041414285714285717	10.537081003189087	44325.34419584274
4102	1378.2070260186424	997.23	82.120361328125	0.17456369	0.0001242	0.00041400000000000003	10.019554853439331	44335.36650180817
4103	1373.8150274377508	1000.15	83.371337890625	0.1745575	0.00012415714285714282	0.00041385714285714284	9.507975578308105	44344.87512969971
4104	1375.618100236942	997.79	81.8876953125	0.17455097	0.0001241142857142857	0.0004137142857142857	10.160019397735596	44355.036974430084
4105	1368.057069701197	991.42	82.6376953125	0.17444317	0.00012407142857142857	0.0004135714285714286	11.775206089019775	44366.81277656555
4106	1407.7145789208773	1020.21	82.669189453125	0.17430419	0.00012402857142857144	0.0004134285714285715	12.475230932235718	44379.290095090866
4107	1388.068825286233	1008.64	83.403564453125	0.17430459	0.00012398571428571428	0.0004132857142857143	9.656330585479736	44388.94701337814
4108	1367.1162401915612	993.73	82.911376953125	0.17430483	0.00012394285714285714	0.00041314285714285715	9.536069393157959	44398.485455513
4109	1397.5188989344201	1006.72	82.41943359375	0.1742955	0.0001239	0.00041300000000000006	9.651679992675781	44408.137729644775
4110	1421.7194174389672	1013.95	82.228515625	0.17426376	0.00012385714285714284	0.0004128571428571428	12.52135682106018	44420.66065144539
4111	1336.9771282994398	981.67	83.183349609375	0.17426483	0.0001238142857142857	0.00041271428571428573	9.814819812774658	44430.47608113289
4112	1392.1587557353364	1006.89	82.46484375	0.17418055	0.00012377142857142857	0.0004125714285714286	13.316923141479492	44443.79491353035
4113	1394.6878035863149	1005.58	82.450439453125	0.17418158	0.00012372857142857143	0.0004124285714285715	9.860773086547852	44453.656413793564
4114	1332.0360183682046	974.63	82.468017578125	0.1741002	0.00012368571428571427	0.00041228571428571426	12.56974482536316	44466.22676730156
4115	1396.7453099653694	1008.63	82.751220703125	0.17409438	0.00012364285714285713	0.0004121428571428572	10.24138593673706	44476.47017788887
4116	1368.5685806018241	996.92	82.72412109375	0.17407207	0.0001236	0.00041200000000000004	9.690231323242188	44486.16096353531
4117	1367.216483988319	993.82	83.482177734375	0.17406505	0.00012355714285714283	0.0004118571428571428	9.482236385345459	44495.64467167854
4118	1394.3084203178378	1006.39	82.4892578125	0.17405862	0.0001235142857142857	0.0004117142857142857	10.435509204864502	44506.08080101013
4119	1381.318007772713	1006.27	83.488037109375	0.17405413	0.00012347142857142856	0.00041157142857142857	9.485149621963501	44515.567819833755
4120	1385.622565609425	1002.69	83.130615234375	0.17405105	0.00012342857142857142	0.0004114285714285715	9.547964811325073	44525.11634898186
4121	1385.8892890707875	990.59	83.13623046875	0.1740474	0.00012338571428571426	0.00041128571428571424	10.177273750305176	44535.295462846756
4122	1369.8082895428236	998.19	82.396240234375	0.17382026	0.00012334285714285712	0.00041114285714285715	12.880383968353271	44548.17640566826
4123	1415.5393704842165	1016.99	83.154296875	0.17382336	0.0001233	0.000411	9.483424663543701	44557.66171813011
4124	1406.1662862020682	1015.49	82.912841796875	0.17383851	0.00012325714285714283	0.0004108571428571428	10.089240074157715	44567.751591444016
4125	1404.1462041666587	1005.65	82.44384765625	0.17370008	0.0001232142857142857	0.0004107142857142857	12.612754344940186	44580.36587333679
4126	1352.9814095570723	993.21	83.4287109375	0.17370117	0.00012317142857142855	0.0004105714285714286	9.480906963348389	44589.847340106964
4127	1341.3000309413753	990.06	83.4365234375	0.1734237	0.00012312857142857144	0.00041042857142857146	12.833511590957642	44602.68265748024
4128	1350.3509802794474	986.56	83.444091796875	0.1733743	0.00012308571428571425	0.00041028571428571427	13.01050329208374	44615.69372057915
4129	1371.2523070021084	1002.08	83.453369140625	0.17330028	0.00012304285714285714	0.00041014285714285713	13.167827606201172	44628.863221883774
4130	1399.4754951513564	1017.83	83.458984375	0.17330019	0.000123	0.00041000000000000005	9.735785007476807	44638.599571704865
4131	1417.3585977994107	1020.11	83.467041015625	0.17330068	0.00012295714285714284	0.0004098571428571428	9.701147317886353	44648.30255365372
4132	1390.5919329899366	1004.59	83.47509765625	0.17329633	0.0001229142857142857	0.0004097142857142857	9.708349227905273	44658.011546611786
4133	1355.154308367717	998.5	83.483154296875	0.17327036	0.00012287142857142857	0.0004095714285714286	10.013788223266602	44668.027395009995
4134	1374.4947571210746	1000.51	83.74072265625	0.17326666	0.00012282857142857144	0.0004094285714285715	9.55641484260559	44677.58444523811
4135	1380.0073668140003	1012.53	83.498779296875	0.1732635	0.00012278571428571427	0.00040928571428571424	9.962441444396973	44687.54749941826
4136	1376.320389720349	1003.31	83.2568359375	0.17310274	0.00012274285714285714	0.00040914285714285716	12.764648675918579	44700.31405878067
4137	1392.760893386029	1018.11	80.49169921875	0.17310351	0.0001227	0.000409	9.460532188415527	44709.775216817856
4138	1350.3735086713134	996.24	84.266845703125	0.17310564	0.00012265714285714284	0.00040885714285714283	9.714603424072266	44719.49042677879
4139	1368.969692273142	999.94	83.513916015625	0.17310865	0.0001226142857142857	0.0004087142857142857	9.530316829681396	44729.02264857292
4140	1396.845697789391	1004.33	83.533447265625	0.17311215	0.00012257142857142857	0.0004085714285714286	9.469492673873901	44738.49269127846
4141	1370.5256249492463	1000.48	83.542724609375	0.17311536	0.00012252857142857143	0.00040842857142857147	9.646751880645752	44748.14134478569
4142	1353.3796912689595	989.63	83.7880859375	0.17311613	0.00012248571428571427	0.0004082857142857143	9.662543296813965	44757.80448246002
4143	1369.0500528732439	1005.25	83.81005859375	0.17311734	0.00012244285714285713	0.00040814285714285714	9.510082006454468	44767.31599664688
4144	1407.4347657946182	1016.45	83.8173828125	0.1730953	0.0001224	0.00040800000000000005	10.357524156570435	44777.67413067818
4145	1413.6827769427798	1014.35	83.8251953125	0.17308845	0.00012235714285714283	0.0004078571428571428	9.458735466003418	44787.13481426239
4146	1372.8514741246825	993.05	83.833984375	0.17308211	0.0001223142857142857	0.0004077142857142857	9.485854864120483	44796.621311187744
4147	1409.5831001209895	1018.23	83.843505859375	0.17307657	0.00012227142857142856	0.0004075714285714286	10.042361497879028	44806.66557431221
4148	1340.7128630215373	995.13	83.851318359375	0.1730696	0.00012222857142857142	0.0004074285714285715	9.618036031723022	44816.28416919708
4149	1405.071177002269	1020.13	83.859375	0.17306334	0.00012218571428571426	0.00040728571428571425	9.490903615951538	44825.77686858177
4150	1378.334431981069	1016.32	83.8671875	0.17305733	0.00012214285714285712	0.00040714285714285717	10.065518379211426	44835.84298539162
4151	1382.3438603327918	1018.42	83.874267578125	0.17300572	0.00012209999999999999	0.000407	10.117019653320312	44845.962094306946
4152	1360.5695695364059	1001.97	83.633056640625	0.17300178	0.00012205714285714284	0.00040685714285714283	9.524435997009277	44855.487134218216
4153	1381.077759041504	1011.35	83.387451171875	0.17299855	0.0001220142857142857	0.0004067142857142857	10.270717144012451	44865.75951528549
4154	1333.4942504790172	996.37	83.13720703125	0.17299646	0.00012197142857142856	0.0004065714285714286	9.486891508102417	44875.2465262413
4155	1402.149149339087	1011.85	83.9052734375	0.17299537	0.00012192857142857143	0.00040642857142857147	9.48720097541809	44884.73525238037
4156	1386.3944978285017	1008.95	82.6708984375	0.17299378	0.00012188571428571426	0.0004062857142857143	10.133547306060791	44894.86899590492
4157	1342.0809896629441	992.7	82.921142578125	0.17299281	0.00012184285714285713	0.00040614285714285714	9.497248411178589	44904.36848497391
4158	1393.313514330383	1013.97	83.6689453125	0.17274289	0.00012179999999999999	0.00040600000000000006	11.781383275985718	44916.150492191315
4159	1326.883533058274	980.43	82.9375	0.17271714	0.00012175714285714283	0.0004058571428571428	10.518401384353638	44926.67063164711
4160	1403.454129803754	1014.03	83.695068359375	0.17271136	0.00012171428571428569	0.0004057142857142857	10.010090827941895	44936.68127202988
4161	1379.4786805253552	993.17	82.947998046875	0.17270537	0.00012167142857142857	0.0004055714285714286	9.475819110870361	44946.157955646515
4162	1375.1949837218626	997.68	83.4609375	0.1726988	0.00012162857142857143	0.0004054285714285715	10.111148595809937	44956.26969242096
4163	1407.8694988954346	1020.15	84.2099609375	0.1726939	0.00012158571428571426	0.00040528571428571426	9.502745389938354	44965.773869514465
4164	1340.458421136955	980.11	83.4765625	0.17268865	0.00012154285714285713	0.00040514285714285717	9.487908124923706	44975.26237273216
4165	1375.6069674177058	1000.02	83.485595703125	0.17268366	0.0001215	0.00040500000000000003	10.126319169998169	44985.390892744064
4166	1332.2985843999725	969.58	83.243408203125	0.17257972	0.00012145714285714284	0.00040485714285714284	12.549387454986572	44997.94084382057
4167	1351.8209402698296	982.72	83.274658203125	0.17236398	0.0001214142857142857	0.0004047142857142857	12.33149003982544	45010.27406549454
4168	1386.994897817907	1006.09	83.009521484375	0.1721536	0.00012137142857142856	0.0004045714285714286	12.935992240905762	45023.21062207222
4169	1391.2857386854532	1009.91	83.267333984375	0.17216653	0.00012132857142857143	0.0004044285714285715	10.137515544891357	45033.349910497665
4170	1375.3049143931419	998.51	83.02392578125	0.17216744	0.00012128571428571426	0.00040428571428571423	10.182215690612793	45043.5326693058
4171	1394.077039669746	1008.21	83.782958984375	0.17216708	0.00012124285714285713	0.00040414285714285715	10.006902933120728	45053.54130101204
4172	1389.2640736694857	1007.81	82.78955078125	0.17208655	0.00012119999999999999	0.000404	12.096780061721802	45065.638647556305
4173	1359.447125167144	993.06	83.071044921875	0.17197812	0.00012115714285714283	0.0004038571428571428	13.588014364242554	45079.228623867035
4174	1399.423701123532	1006.6	83.805419921875	0.17198034	0.00012111428571428569	0.0004037142857142857	9.519013166427612	45088.74831557274
4175	1378.7281744313325	1018.31	83.313232421875	0.17175896	0.00012107142857142857	0.0004035714285714286	12.554446935653687	45101.30338001251
4176	1400.9491578584975	1004.46	83.0791015625	0.1717607	0.00012102857142857143	0.00040342857142857145	9.613695621490479	45110.91849923134
4177	1367.0308508444266	1005.66	83.5791015625	0.17176276	0.00012098571428571427	0.00040328571428571426	9.567732334136963	45120.4864192009
4178	1385.774555766091	999.53	83.4189453125	0.17156172	0.00012094285714285713	0.0004031428571428571	14.069945335388184	45134.5578827858
4179	1409.7828992180073	1011.13	83.34375	0.17154406	0.0001209	0.00040300000000000004	10.050918579101562	45144.60941696167
4180	1399.5920507307223	1005.49	83.351806640625	0.17153962	0.00012085714285714283	0.0004028571428571428	9.547046899795532	45154.157037734985
4181	1354.1182649284278	989.88	83.861572265625	0.17153661	0.0001208142857142857	0.0004027142857142857	10.115899324417114	45164.27518224716
4182	1377.4183479226308	994.89	84.111328125	0.17153357	0.00012077142857142856	0.00040257142857142857	9.874415159225464	45174.15016746521
4183	1409.5580060859274	1022.15	82.885009765625	0.17152993	0.00012072857142857143	0.0004024285714285715	10.022413969039917	45184.17397427559
4184	1402.649632389046	1019.34	83.26025390625	0.171344	0.00012068571428571426	0.00040228571428571424	12.972700357437134	45197.14723467827
4185	1387.0977231257277	998.4	83.018310546875	0.17107792	0.00012064285714285713	0.00040214285714285715	12.29722261428833	45209.446749687195
4186	1359.1909947921044	982.91	83.776123046875	0.17107742	0.00012059999999999999	0.000402	9.488488912582397	45218.93590903282
4187	1377.1544207024615	1009.32	83.555419921875	0.17107652	0.00012055714285714283	0.0004018571428571428	10.180317640304565	45229.11683320999
4188	1394.319485232385	1014.91	84.042236328125	0.17107429	0.00012051428571428569	0.0004017142857142857	9.480579376220703	45238.59963607788
4189	1403.3215204876612	1000.73	84.285888671875	0.17107086	0.00012047142857142857	0.0004015714285714286	9.494704008102417	45248.095000982285
4190	1379.7697504341193	991.56	83.331298828125	0.17083383	0.00012042857142857143	0.00040142857142857146	12.163100957870483	45260.25994324684
4191	1379.6743250046864	1001.55	83.5654296875	0.1708374	0.00012038571428571427	0.00040128571428571427	9.478840351104736	45269.739345788956
4192	1418.8810659839007	1018.32	83.569580078125	0.17074381	0.00012034285714285713	0.00040114285714285713	13.34522819519043	45283.08673143387
4193	1368.108204343979	991.61	84.07763671875	0.1706426	0.0001203	0.00040100000000000004	12.897825479507446	45295.98517560959
4194	1353.7877940777837	992.44	83.337646484375	0.17058252	0.00012025714285714286	0.0004008571428571429	10.163446187973022	45306.1491625309
4195	1386.725424300276	999.02	81.073974609375	0.17057192	0.0001202142857142857	0.0004007142857142857	10.028791904449463	45316.17940568924
4196	1417.6667673161282	1016.22	83.848388671875	0.17056273	0.00012017142857142856	0.0004005714285714286	9.516643047332764	45325.6967151165
4197	1404.0765908596989	1009.55	83.596435546875	0.17055649	0.00012012857142857143	0.0004004285714285715	9.561383247375488	45335.26017665863
4198	1374.4572561193904	1009.15	84.11328125	0.17055024	0.00012008571428571426	0.00040028571428571424	10.198321104049683	45345.459105968475
4199	1425.7837125584454	1014.2	83.39794921875	0.17037381	0.00012004285714285713	0.00040014285714285716	13.094976902008057	45358.55623245239
4200	1383.4538685233288	995.75	83.634765625	0.17036559	0.00011999999999999999	0.0004	12.385003566741943	45370.94179010391
4201	1375.701887808744	986.0	83.889404296875	0.17029713	0.00011995714285714287	0.00039985714285714293	10.270544290542603	45381.214602947235
4202	1363.1368881731087	991.47	84.151123046875	0.17028695	0.00011991428571428569	0.0003997142857142857	9.56724762916565	45390.782524347305
4203	1350.8442195189082	982.59	84.40771484375	0.17027605	0.00011987142857142857	0.0003995714285714286	9.533889293670654	45400.31696343422
4204	1383.2894122415016	1000.98	83.916748046875	0.17026703	0.00011982857142857143	0.00039942857142857146	10.01029634475708	45410.329595804214
4205	1386.5702009936433	998.62	82.932861328125	0.17025954	0.00011978571428571427	0.00039928571428571427	9.507957458496094	45419.83810901642
4206	1382.002992728948	1009.33	83.93310546875	0.1702535	0.00011974285714285713	0.00039914285714285713	9.549484252929688	45429.38952755928
4207	1389.9128704006769	1018.09	84.19091796875	0.17024751	0.0001197	0.00039900000000000005	9.586394548416138	45438.97653388977
4208	1372.746941868062	999.07	83.447265625	0.17021163	0.00011965714285714286	0.0003988571428571429	9.698171615600586	45448.67660713196
4209	1416.0380836304323	1011.09	82.464111328125	0.17017442	0.0001196142857142857	0.0003987142857142857	9.689213037490845	45458.36634516716
4210	1381.026565640412	1001.15	83.462646484375	0.17016734	0.00011957142857142856	0.0003985714285714286	9.676833152770996	45468.04479646683
4211	1371.58515374575	1000.01	83.971923828125	0.17016089	0.00011952857142857142	0.0003984285714285715	9.54440975189209	45477.58980798721
4212	1352.4531757496834	980.59	83.977783203125	0.17015468	0.00011948571428571426	0.00039828571428571425	9.513597965240479	45487.10559105873
4213	1381.2420812042872	1001.65	84.223388671875	0.1701475	0.00011944285714285712	0.00039814285714285716	10.426573991775513	45497.53273487091
4214	1382.561549634317	1001.39	83.983154296875	0.17014223	0.0001194	0.000398	9.456488370895386	45506.99088764191
4215	1394.0870269167704	1007.68	84.253173828125	0.17013812	0.00011935714285714287	0.00039785714285714294	9.521481037139893	45516.51296377182
4216	1403.970818918723	1018.25	84.51123046875	0.1701362	0.00011931428571428569	0.0003977142857142857	10.1306471824646	45526.64552092552
4217	1379.6784686428948	1006.51	83.54248046875	0.17014563	0.00011927142857142857	0.0003975714285714286	9.76462197303772	45536.41068339348
4218	1387.488775285206	1008.56	84.272216796875	0.1701469	0.00011922857142857143	0.00039742857142857147	9.495115280151367	45545.90729165077
4219	1380.1202206611194	1008.41	84.534912109375	0.1701471	0.00011918571428571427	0.0003972857142857142	10.124503135681152	45556.03234767914
4220	1338.5524754541382	984.81	84.042724609375	0.17014827	0.00011914285714285713	0.00039714285714285714	9.48434567451477	45565.519253492355
4221	1326.6529418315695	972.77	84.300537109375	0.1701471	0.0001191	0.00039700000000000005	9.53841257095337	45575.05825686455
4222	1396.9092839099387	1013.34	84.558349609375	0.17014515	0.00011905714285714286	0.0003968571428571429	10.142976522445679	45585.20271515846
4223	1408.1089511483683	1015.96	84.316650390625	0.1701435	0.0001190142857142857	0.00039671428571428567	9.470086336135864	45594.67335152626
4224	1378.871937539102	1004.27	83.574462890625	0.17010932	0.00011897142857142856	0.0003965714285714286	9.932253122329712	45604.607553720474
4225	1395.0737087586187	1005.98	84.58251953125	0.17010437	0.00011892857142857142	0.00039642857142857145	10.218183279037476	45614.82636094093
4226	1403.95793869934	1017.97	84.59033203125	0.17009942	0.00011888571428571426	0.00039628571428571425	9.474482774734497	45624.30267691612
4227	1372.0902673076669	995.16	84.0966796875	0.17009509	0.00011884285714285712	0.0003961428571428571	9.52201223373413	45633.82530784607
4228	1344.1887076306336	982.96	83.870849609375	0.17009042	0.0001188	0.00039600000000000003	10.12122654914856	45643.94800543785
4229	1382.1166141582953	999.35	84.364990234375	0.17008625	0.00011875714285714286	0.0003958571428571429	9.920566082000732	45653.86916041374
4230	1377.2049948050571	999.89	83.622802734375	0.16995929	0.0001187142857142857	0.0003957142857142857	14.318856000900269	45668.189844846725
4231	1407.5800769235022	1020.19	83.62841796875	0.16994967	0.00011867142857142857	0.00039557142857142856	9.888169527053833	45678.07855510712
4232	1367.5070201783071	1004.84	84.138427734375	0.16994427	0.00011862857142857143	0.0003954285714285715	9.494372367858887	45687.57496213913
4233	1367.825074634605	994.04	84.1455078125	0.16993944	0.00011858571428571427	0.00039528571428571423	9.479880094528198	45697.05556702614
4234	1390.0037130017176	1007.9	83.412109375	0.1699364	0.00011854285714285713	0.00039514285714285714	10.159862518310547	45707.216005563736
4235	1403.7364099084164	1020.34	84.398681640625	0.16993408	0.0001185	0.000395	9.480667114257812	45716.69871592522
4236	1392.338879989909	1015.18	83.92041015625	0.16993177	0.00011845714285714286	0.0003948571428571429	9.963699579238892	45726.662984609604
4237	1377.4681616229248	996.12	84.17529296875	0.1699308	0.0001184142857142857	0.0003947142857142857	10.110864162445068	45736.77533555031
4238	1339.7933241709338	961.59	83.684326171875	0.1699223	0.00011837142857142856	0.0003945714285714286	14.879845142364502	45751.65582585335
4239	1403.176956308969	1016.52	83.942138671875	0.16986136	0.00011832857142857142	0.00039442857142857145	9.84907579421997	45761.50638103485
4240	1385.3585614411368	1011.63	83.699951171875	0.16984819	0.00011828571428571426	0.00039428571428571426	9.963600873947144	45771.47060251236
4241	1357.5145968314143	983.04	84.4580078125	0.16983698	0.00011824285714285712	0.0003941428571428571	9.500540733337402	45780.97172546387
4242	1383.2268257150818	1007.3	84.465576171875	0.16982712	0.0001182	0.00039400000000000004	9.652130603790283	45790.6261985302
4243	1384.6138994123735	1006.32	84.2236328125	0.16981722	0.00011815714285714286	0.0003938571428571429	9.52373480796814	45800.15050697327
4244	1380.651481266782	999.97	84.4716796875	0.16980815	0.0001181142857142857	0.0003937142857142857	9.495080947875977	45809.64749240875
4245	1367.2030763501843	1001.73	84.238525390625	0.16979998	0.00011807142857142856	0.00039357142857142857	9.54116153717041	45819.18929862976
4246	1354.100083085242	996.74	83.248291015625	0.16972291	0.00011802857142857143	0.0003934285714285715	13.146623134613037	45832.33784651756
4247	1379.7520519411005	1008.75	84.75634765625	0.16972335	0.00011798571428571426	0.00039328571428571423	9.657173156738281	45841.99558758736
4248	1357.202993936705	984.24	84.63916015625	0.16972351	0.00011794285714285713	0.00039314285714285715	9.551140785217285	45851.54908943176
4249	1400.8316165421038	1014.78	83.89501953125	0.16967039	0.00011789999999999999	0.000393	13.441385746002197	45864.99106502533
4250	1415.5102271184537	1013.95	83.655029296875	0.16966993	0.00011785714285714286	0.00039285714285714293	9.504274129867554	45874.49703359604
4251	1397.083732789486	1018.56	84.16259765625	0.16959147	0.0001178142857142857	0.0003927142857142857	13.764912366867065	45888.26251792908
4252	1386.6815734685626	1003.01	81.648681640625	0.16946362	0.00011777142857142856	0.0003925714285714286	13.732978105545044	45901.997452020645
4253	1419.286039429124	1016.04	84.67236328125	0.16946338	0.00011772857142857142	0.00039242857142857146	9.606141567230225	45911.60418319702
4254	1423.397852076306	1020.45	84.681884765625	0.16946189	0.00011768571428571426	0.00039228571428571426	9.620412588119507	45921.226536273956
4255	1374.6586504578288	997.63	85.19140625	0.16946137	0.00011764285714285712	0.0003921428571428571	9.483200550079346	45930.71035242081
4256	1379.995708201759	1014.68	84.700927734375	0.1693858	0.0001176	0.00039200000000000004	14.209001779556274	45944.921160936356
4257	1393.1101017193773	1012.0	84.708740234375	0.16914624	0.00011755714285714286	0.0003918571428571429	12.942545413970947	45957.86431598663
4258	1407.407243457344	1010.36	84.714111328125	0.16914684	0.0001175142857142857	0.0003917142857142857	9.536704063415527	45967.40161156654
4259	1400.131218371637	1010.48	82.98095703125	0.16916786	0.00011747142857142856	0.00039157142857142857	10.472958326339722	45977.87671160698
4260	1405.5051453106428	1021.2	84.23095703125	0.16917033	0.00011742857142857143	0.0003914285714285715	9.487870454788208	45987.36469745636
4261	1377.0716853293964	1008.64	84.98876953125	0.16917236	0.00011738571428571426	0.00039128571428571424	9.566782236099243	45996.93386363983
4262	1370.6618343171065	1002.52	84.242919921875	0.16917546	0.00011734285714285713	0.00039114285714285716	10.165055751800537	46007.09956717491
4263	1419.5342394140348	1024.0	84.50439453125	0.16917974	0.00011729999999999999	0.000391	9.586302757263184	46016.68652009964
4264	1386.6614233133112	1006.86	84.513427734375	0.1691832	0.00011725714285714286	0.00039085714285714293	9.583120822906494	46026.2716550827
4265	1399.2227881793408	1019.5	84.27001953125	0.16918623	0.00011721428571428569	0.0003907142857142857	10.08762240409851	46036.35984301567
4266	1374.9596046947422	1001.88	85.029296875	0.16919033	0.00011717142857142856	0.0003905714285714286	9.502374410629272	46045.8636739254
4267	1384.0908330007878	1011.8	84.035888671875	0.16918878	0.00011712857142857143	0.00039042857142857146	9.735548973083496	46055.59984946251
4268	1378.6804068136057	1009.55	84.045166015625	0.16918494	0.00011708571428571426	0.00039028571428571427	10.116765260696411	46065.71814441681
4269	1390.0681618979831	1010.24	84.552978515625	0.16918083	0.00011704285714285712	0.00039014285714285713	9.525971412658691	46075.24474596977
4270	1405.4931055306715	1020.24	84.310791015625	0.16917646	0.000117	0.00039000000000000005	9.552100658416748	46084.79870510101
4271	1403.2036675975742	1024.0	84.318603515625	0.1690141	0.00011695714285714286	0.0003898571428571429	13.764668226242065	46098.563913822174
4272	1396.6109475173428	1011.07	83.834228515625	0.16890611	0.0001169142857142857	0.00038971428571428566	13.525185823440552	46112.0911359787
4273	1358.5411634607656	998.94	84.334228515625	0.1688952	0.00011687142857142856	0.0003895714285714286	9.71317982673645	46121.80488228798
4274	1376.2287565345239	1000.69	85.09228515625	0.16888916	0.00011682857142857143	0.00038942857142857144	9.927413702011108	46131.73515295982
4275	1409.9554637959068	1024.0	84.347900390625	0.16888388	0.00011678571428571426	0.00038928571428571425	9.496332883834839	46141.23204374313
4276	1386.074162839668	1021.27	85.108154296875	0.16887867	0.00011674285714285713	0.0003891428571428571	9.471205949783325	46150.705159664154
4277	1366.557103987699	1004.88	85.110107421875	0.16887318	0.00011669999999999999	0.000389	9.581525802612305	46160.287299871445
4278	1379.9987810433192	1002.94	84.375244140625	0.16886954	0.00011665714285714285	0.0003888571428571429	9.502766370773315	46169.79193735123
4279	1387.99021118968	1004.23	83.63330078125	0.16879874	0.00011661428571428569	0.0003887142857142857	14.289968013763428	46184.08251142502
4280	1402.025348885296	1024.0	84.6416015625	0.16884996	0.00011657142857142856	0.00038857142857142855	12.940517902374268	46197.02414059639
4281	1378.4385268256178	1008.9	84.6484375	0.16884877	0.00011652857142857143	0.00038842857142857147	9.782948970794678	46206.807671546936
4282	1401.5609743178945	1017.91	84.166015625	0.1688707	0.00011648571428571426	0.0003882857142857142	10.637277603149414	46217.44583320618
4283	1373.6690682205008	1002.67	85.16357421875	0.16887361	0.00011644285714285713	0.00038814285714285714	9.522108554840088	46226.96848106384
4284	1394.7539641458552	1024.0	83.67822265625	0.16887498	0.0001164	0.000388	9.598796367645264	46236.56918215752
4285	1380.6985381971872	1012.62	85.17919921875	0.16887762	0.00011635714285714286	0.0003878571428571429	10.1719491481781	46246.741664886475
4286	1381.3010978321417	997.47	84.937255859375	0.16887788	0.0001163142857142857	0.00038771428571428567	9.570078134536743	46256.31275177002
4287	1383.4628633080824	1007.67	85.195068359375	0.16887516	0.00011627142857142856	0.0003875714285714286	9.549118757247925	46265.86242198944
4288	1410.2767314785235	1018.38	84.952880859375	0.16887265	0.00011622857142857143	0.00038742857142857144	10.342481851577759	46276.206374168396
4289	1386.3135325318353	1002.9	84.210693359375	0.16874261	0.00011618571428571426	0.00038728571428571425	12.040247917175293	46288.24719333649
4290	1378.2674597636249	1006.26	83.968505859375	0.16874458	0.00011614285714285713	0.0003871428571428571	9.543097019195557	46297.792253017426
4291	1393.6759645366599	1014.08	83.7265625	0.16855006	0.00011609999999999999	0.00038700000000000003	14.968484878540039	46312.76131057739
4292	1388.8868360625183	1013.74	84.220703125	0.16854487	0.00011605714285714285	0.0003868571428571429	9.688837051391602	46322.45202469826
4293	1368.0363425386295	1007.67	84.990234375	0.16854185	0.00011601428571428569	0.0003867142857142857	9.61780858039856	46332.07037806511
4294	1363.0643352806144	998.31	85.000244140625	0.16853869	0.00011597142857142855	0.00038657142857142856	9.60895586013794	46341.681146621704
4295	1362.4020631686692	1006.8	84.996337890625	0.16853447	0.00011592857142857143	0.0003864285714285715	9.507798433303833	46351.18956613541
4296	1382.488895349341	1007.5	85.26708984375	0.16852908	0.00011588571428571425	0.0003862857142857142	9.511405229568481	46360.702776670456
4297	1383.7210813045012	1009.26	84.032958984375	0.16852398	0.00011584285714285713	0.00038614285714285714	9.949271440505981	46370.652685165405
4298	1389.6668689226688	1014.76	84.28271484375	0.168518	0.0001158	0.000386	9.527350664138794	46380.181715250015
4299	1367.1107030537212	1002.78	83.28466796875	0.16848661	0.00011575714285714286	0.0003858571428571429	9.695316076278687	46389.87765479088
4300	1358.8849371732429	998.79	83.806396484375	0.16847812	0.0001157142857142857	0.00038571428571428567	9.948789119720459	46399.828567266464
4301	1353.1876696965314	1000.14	84.80126953125	0.16847028	0.00011567142857142856	0.0003855714285714286	9.529176473617554	46409.35834002495
4302	1377.1750766633943	1011.44	85.064208984375	0.16846102	0.00011562857142857142	0.00038542857142857145	9.542436122894287	46418.90305638313
4303	1357.967221213275	990.19	85.0673828125	0.16845466	0.00011558571428571426	0.00038528571428571426	9.58715558052063	46428.49080777168
4304	1371.0433761717275	1017.71	85.079833984375	0.16845052	0.00011554285714285712	0.0003851428571428571	9.477741718292236	46437.96912360191
4305	1377.175321635128	994.45	84.836181640625	0.16844647	0.00011549999999999999	0.00038500000000000003	9.766708850860596	46447.73766064644
4306	1361.0442379335464	1002.72	84.343994140625	0.16827698	0.00011545714285714287	0.0003848571428571429	13.765891313552856	46461.50413227081
4307	1414.4204073562069	1020.71	84.852294921875	0.16811848	0.00011541428571428569	0.0003847142857142857	13.773624658584595	46475.27969837189
4308	1375.1097104329535	1007.83	84.360107421875	0.1681666	0.00011537142857142855	0.00038457142857142856	14.067118644714355	46489.347418785095
4309	1387.8879623108996	1024.0	84.367919921875	0.16798782	0.00011532857142857143	0.0003844285714285715	12.345938920974731	46501.695362091064
4310	1366.272061851949	1005.07	82.104248046875	0.16799043	0.00011528571428571425	0.00038428571428571423	9.602382898330688	46511.298347473145
4311	1398.4185426509355	1024.0	84.633544921875	0.16764398	0.00011524285714285713	0.00038414285714285715	12.8994722366333	46524.19985103607
4312	1402.0711832265415	1013.43	85.642333984375	0.16764647	0.0001152	0.000384	9.60671353340149	46533.80712866783
4313	1381.3111910351884	1011.36	85.15234375	0.1676494	0.00011515714285714286	0.0003838571428571429	10.161228895187378	46543.96972823143
4314	1359.758151545023	1000.9	84.662109375	0.16747217	0.0001151142857142857	0.0003837142857142857	12.383851289749146	46556.35420894623
4315	1365.806707732422	1004.45	85.420166015625	0.16726168	0.00011507142857142856	0.0003835714285714286	11.943753480911255	46568.299553632736
4316	1369.3531350685412	1001.71	84.931884765625	0.16725753	0.00011502857142857142	0.00038342857142857146	10.06199336051941	46578.36211967468
4317	1361.254600675364	998.27	84.94189453125	0.16725409	0.00011498571428571429	0.00038328571428571437	9.457309484481812	46587.82089948654
4318	1370.6422787713673	999.01	84.9521484375	0.16725062	0.00011494285714285712	0.0003831428571428571	9.587519645690918	46597.40898537636
4319	1328.8813431559215	996.68	84.711669921875	0.16724722	0.00011489999999999999	0.00038300000000000004	11.303326606750488	46608.71372675896
4320	1354.1387532353672	991.36	84.971435546875	0.1672432	0.00011485714285714286	0.0003828571428571429	13.113892555236816	46621.82831096649
4321	1375.0742801876756	999.64	84.731689453125	0.16710158	0.00011481428571428569	0.0003827142857142857	13.193842649459839	46635.02274107933
4322	1389.7201249454527	1013.19	84.74169921875	0.16682881	0.00011477142857142855	0.00038257142857142857	11.944378137588501	46646.969148635864
4323	1371.2111290407076	1006.7	85.001220703125	0.16683012	0.00011472857142857143	0.0003824285714285715	9.586332321166992	46656.55608320236
4324	1403.0511488049328	1019.64	85.0009765625	0.16665728	0.00011468571428571429	0.00038228571428571435	13.624598503112793	46670.181214571
4325	1374.3673385102936	992.27	85.020751953125	0.16665615	0.00011464285714285713	0.0003821428571428571	9.49869179725647	46679.68165779114
4326	1404.816050238072	1020.19	85.78125	0.1666568	0.0001146	0.000382	9.726963520050049	46689.40921831131
4327	1391.181739532781	1011.88	84.789306640625	0.16656359	0.00011455714285714286	0.0003818571428571429	11.949092149734497	46701.360166311264
4328	1339.1566104838203	992.53	84.80029296875	0.16644824	0.0001145142857142857	0.0003817142857142857	13.52934718132019	46714.89005732536
4329	1382.5223537485822	1022.05	85.059814453125	0.1664485	0.00011447142857142856	0.00038157142857142855	10.046664476394653	46724.93835926056
4330	1353.2851808563712	982.51	84.819580078125	0.16624896	0.00011442857142857142	0.00038142857142857146	12.380983114242554	46737.319886922836
4331	1390.6267157984007	1007.14	85.079345703125	0.1661352	0.00011438571428571429	0.0003812857142857143	12.67234492301941	46749.993726968765
4332	1378.5247586996559	1006.78	84.839111328125	0.16618353	0.00011434285714285712	0.00038114285714285713	10.127811193466187	46760.12188625336
4333	1383.4884879698634	1003.92	85.09912109375	0.166187	0.00011429999999999999	0.000381	9.459437131881714	46769.581966638565
4334	1403.1631774017726	1022.62	85.109130859375	0.16618982	0.00011425714285714286	0.0003808571428571429	9.524917840957642	46779.10905241966
4335	1430.5441900138858	1021.77	85.368896484375	0.16619124	0.00011421428571428569	0.00038071428571428566	9.5382821559906	46788.64803171158
4336	1379.2351492701675	998.03	85.377685546875	0.16619135	0.00011417142857142856	0.0003805714285714286	9.479703187942505	46798.1283428669
4337	1388.0441611017816	1007.21	84.888671875	0.16601272	0.00011412857142857143	0.00038042857142857144	12.081552028656006	46810.21174573898
4338	1375.753808133278	1003.96	85.3984375	0.16601208	0.00011408571428571429	0.00038028571428571435	10.485564470291138	46820.69803357124
4339	1388.448484158922	1011.17	85.158203125	0.16586061	0.00011404285714285713	0.0003801428571428571	12.371947765350342	46833.07060670853
4340	1387.192364586227	1018.16	85.16796875	0.1657305	0.00011399999999999999	0.00038	12.99299144744873	46846.065420627594
4341	1390.1536742438254	1022.24	84.927978515625	0.16573404	0.00011395714285714286	0.0003798571428571429	9.764894247055054	46855.83103656769
4342	1401.8156562689087	1006.85	85.437744140625	0.1655595	0.0001139142857142857	0.0003797142857142857	11.672607898712158	46867.504269361496
4343	1370.2855782766364	1008.09	85.447509765625	0.16556202	0.00011387142857142856	0.00037957142857142855	10.301335334777832	46877.80727601051
4344	1387.7576614964134	1016.87	85.45068359375	0.16556315	0.00011382857142857142	0.00037942857142857147	9.46925663948059	46887.27728962898
4345	1390.3029920338263	1013.91	85.468017578125	0.16556525	0.00011378571428571428	0.00037928571428571433	9.513602256774902	46896.791459321976
4346	1367.9810006196992	998.21	85.477783203125	0.1655677	0.00011374285714285712	0.00037914285714285714	10.106467247009277	46906.89983892441
4347	1381.4300701450882	1004.64	84.98828125	0.16564499	0.00011369999999999999	0.000379	11.649508714675903	46918.54996609688
4348	1416.4050727666274	1011.3	84.984130859375	0.16563748	0.00011365714285714286	0.0003788571428571429	9.608413696289062	46928.15897703171
4349	1355.4468452970839	986.87	86.00732421875	0.16563441	0.00011361428571428569	0.00037871428571428567	9.600378036499023	46937.76150417328
4350	1370.145983031682	1010.7	85.766357421875	0.16563158	0.00011357142857142856	0.0003785714285714286	9.754130363464355	46947.51628899574
4351	1396.3244758492312	1015.53	85.275634765625	0.16562817	0.00011352857142857143	0.00037842857142857144	9.55241584777832	46957.069328546524
4352	1366.697632041631	1000.16	85.27880859375	0.16562566	0.00011348571428571429	0.00037828571428571436	10.193225383758545	46967.264585494995
4353	1382.1739852039912	998.19	85.295166015625	0.165622	0.00011344285714285713	0.0003781428571428571	9.888207197189331	46977.1529147625
4354	1363.8408350756229	989.88	84.81298828125	0.16561955	0.00011339999999999999	0.000378	9.536003828048706	46986.69097328186
4355	1376.3013396492495	993.68	85.314208984375	0.1656161	0.00011335714285714286	0.0003778571428571429	10.242074489593506	46996.93365073204
4356	1369.4998895336487	1006.51	84.824951171875	0.16557068	0.00011331428571428569	0.0003777142857142857	10.105274438858032	47007.04083919525
4357	1389.0977805384332	1014.03	86.084716796875	0.16555916	0.00011327142857142856	0.00037757142857142856	9.665589332580566	47016.70701956749
4358	1371.0302917168958	994.73	85.8447265625	0.16554977	0.00011322857142857142	0.00037742857142857147	14.280747652053833	47030.99000811577
4359	1383.458323283382	1004.2	85.3544921875	0.16554154	0.0001131857142857143	0.00037728571428571433	9.514232635498047	47040.50489974022
4360	1376.9360828700178	1003.58	85.614013671875	0.16553402	0.00011314285714285712	0.00037714285714285714	9.526782751083374	47050.03227496147
4361	1393.5842064743138	1006.31	85.375	0.16552769	0.00011309999999999998	0.000377	9.670130014419556	47059.704339027405
4362	1399.1619990187744	1006.54	85.634765625	0.16552229	0.00011305714285714286	0.0003768571428571429	9.462573528289795	47069.16758751869
4363	1394.909649577667	1007.84	85.14453125	0.1654853	0.00011301428571428568	0.00037671428571428567	9.72188663482666	47078.89008522034
4364	1382.27791610829	1013.46	85.4033203125	0.16547553	0.00011297142857142856	0.0003765714285714286	9.69125485420227	47088.58335876465
4365	1391.641466825765	1010.41	85.414306640625	0.16546586	0.00011292857142857143	0.00037642857142857145	9.522099733352661	47098.10608291626
4366	1379.1649206945922	1006.12	85.674072265625	0.1654578	0.00011288571428571429	0.00037628571428571436	9.568885326385498	47107.67710328102
4367	1398.4782286573402	1005.54	82.66357421875	0.1654491	0.00011284285714285713	0.0003761428571428571	14.239127159118652	47121.91643714905
4368	1412.0661458354616	1020.7	85.431884765625	0.16544144	0.00011279999999999999	0.00037600000000000003	9.473684072494507	47131.39123916626
4369	1375.678390796157	992.69	85.941650390625	0.16543387	0.00011275714285714285	0.0003758571428571429	9.489333629608154	47140.88118338585
4370	1394.335590994067	1022.22	85.200439453125	0.16542633	0.00011271428571428569	0.0003757142857142857	9.602535247802734	47150.48574876785
4371	1376.5484660702784	1000.81	84.71826171875	0.16522838	0.00011267142857142856	0.00037557142857142856	13.038594961166382	47163.524976968765
4372	1360.4143697945956	1007.66	84.98046875	0.16511779	0.00011262857142857142	0.0003754285714285715	13.355108261108398	47176.88242316246
4373	1389.8593509230673	1009.61	84.989501953125	0.16490248	0.0001125857142857143	0.00037528571428571434	12.592218399047852	47189.47477340698
4374	1372.0970967990613	1002.27	85.750244140625	0.16490218	0.00011254285714285712	0.0003751428571428571	9.579162120819092	47199.05510830879
4375	1392.2175572345807	1013.3	84.517822265625	0.16490157	0.0001125	0.000375	9.65528392791748	47208.71103000641
4376	1390.1688197544472	1011.77	85.14501953125	0.16477509	0.00011245714285714286	0.0003748571428571429	13.4858558177948	47222.199093580246
4377	1389.2257481319393	1005.86	84.6611328125	0.16477546	0.00011241428571428568	0.0003747142857142857	9.471190929412842	47231.67089009285
4378	1396.1798879450039	1002.74	85.1591796875	0.1647755	0.00011237142857142856	0.00037457142857142854	9.673128128051758	47241.34612131119
4379	1367.7022115356026	1003.94	85.22021484375	0.1647202	0.00011232857142857143	0.00037442857142857145	13.064576864242554	47254.41130757332
4380	1348.971776700228	980.55	85.4267578125	0.16443734	0.00011228571428571429	0.0003742857142857143	12.848072052001953	47267.26038146019
4381	1393.5252906016203	1022.25	86.184326171875	0.16443966	0.00011224285714285713	0.0003741428571428571	9.488305568695068	47276.7492377758
4382	1372.2243376195768	1008.93	85.192626953125	0.16444191	0.00011219999999999999	0.000374	9.91010332107544	47286.661434412
4383	1380.5078772073875	1012.34	85.7001953125	0.16442618	0.00011215714285714285	0.0003738571428571429	10.496079444885254	47297.15810441971
4384	1384.7880362609792	1007.76	85.70703125	0.16442296	0.00011211428571428569	0.00037371428571428565	9.527581691741943	47306.6871650219
4385	1392.469591393067	1011.38	85.96630859375	0.16442005	0.00011207142857142855	0.00037357142857142857	9.571033954620361	47316.25878858566
4386	1382.4490918361491	991.86	86.223876953125	0.16441695	0.00011202857142857142	0.00037342857142857143	10.116352319717407	47326.37758231163
4387	1416.1347978232477	1013.23	86.23193359375	0.16441298	0.0001119857142857143	0.00037328571428571434	9.569124698638916	47335.9472591877
4388	1422.7673588233417	1018.08	85.239990234375	0.16421156	0.00011194285714285712	0.0003731428571428571	12.512079000473022	47348.46037387848
4389	1386.849103126199	1004.54	84.746826171875	0.16399619	0.0001119	0.000373	13.839183330535889	47362.300126075745
4390	1376.1580747811834	995.19	85.255859375	0.1639034	0.00011185714285714286	0.0003728571428571429	13.195834636688232	47375.49686908722
4391	1390.1367229707012	1004.34	84.781982421875	0.1636753	0.00011181428571428568	0.0003727142857142857	13.525099754333496	47389.0225687027
4392	1415.030670920237	1016.81	85.27001953125	0.16364463	0.00011177142857142856	0.00037257142857142854	13.2184579372406	47402.24318647385
4393	1401.0424201744627	1008.95	85.779296875	0.16364388	0.00011172857142857142	0.00037242857142857146	9.495465993881226	47411.739213228226
4394	1363.9621502829355	987.96	85.786865234375	0.1636436	0.00011168571428571429	0.0003722857142857143	9.642153978347778	47421.384732723236
4395	1373.860317013507	992.78	85.294921875	0.1635986	0.00011164285714285712	0.00037214285714285713	12.845503807067871	47434.23034095764
4396	1401.4639824474477	1002.48	85.802490234375	0.16359894	0.00011159999999999999	0.000372	10.175325393676758	47444.40757417679
4397	1362.8556089619442	994.4	83.818359375	0.16332667	0.00011155714285714285	0.0003718571428571429	13.056376934051514	47457.46451544762
4398	1408.8073237923788	1017.73	85.568359375	0.16332927	0.00011151428571428569	0.00037171428571428566	9.75360894203186	47467.21929883957
4399	1379.383384476819	1018.53	85.574951171875	0.16333325	0.00011147142857142855	0.0003715714285714286	10.659089803695679	47477.878927230835
4400	1397.1159942472632	1005.62	85.583984375	0.16333468	0.00011142857142857142	0.00037142857142857143	9.552453756332397	47487.43310332298
4401	1422.984976021727	1024.0	85.341796875	0.163337	0.0001113857142857143	0.00037128571428571435	9.666053056716919	47497.09972643852
4402	1424.1212529154716	1024.0	86.099853515625	0.16333981	0.00011134285714285712	0.0003711428571428571	10.131627082824707	47507.23253035545
4403	1401.7583579363097	1006.41	85.89111328125	0.16334215	0.0001113	0.000371	9.505101203918457	47516.738112688065
4404	1399.3698063223353	1017.74	85.158935546875	0.16334532	0.00011125714285714286	0.0003708571428571429	9.53973913192749	47526.280381441116
4405	1412.2973036955068	1016.14	85.1669921875	0.16334747	0.0001112142857142857	0.0003707142857142857	10.136207103729248	47536.41717863083
4406	1388.763213418706	1010.18	85.6298828125	0.16334197	0.00011117142857142856	0.00037057142857142855	13.01527190208435	47549.43468785286
4407	1388.6672857480992	1009.98	85.1396484375	0.16332467	0.00011112857142857142	0.00037042857142857146	9.863297700881958	47559.298560380936
4408	1404.4505485629952	1016.16	85.659423828125	0.1633384	0.00011108571428571429	0.0003702857142857143	12.97257924079895	47572.27267932892
4409	1391.1614783021878	1003.71	86.15673828125	0.16333787	0.00011104285714285712	0.00037014285714285713	9.514692783355713	47581.7879884243
4410	1399.6634979143284	1008.0	85.664794921875	0.16313733	0.00011099999999999999	0.00037	12.372925758361816	47594.16153335571
4411	1395.5429457738085	1011.39	85.19580078125	0.16294892	0.00011095714285714285	0.0003698571428571429	11.928949117660522	47606.09209060669
4412	1402.6217713538158	1003.19	84.9365234375	0.16295336	0.00011091428571428569	0.00036971428571428566	9.76093339920044	47615.85371470451
4413	1385.3610947573318	1003.97	85.4365234375	0.16295543	0.00011087142857142855	0.0003695714285714286	10.495353698730469	47626.349652290344
4414	1392.979697326261	1005.66	86.194580078125	0.16295448	0.00011082857142857142	0.00036942857142857144	9.50593376159668	47635.85703468323
4415	1397.5147330357386	1016.3	85.702392578125	0.16295375	0.0001107857142857143	0.00036928571428571436	9.506195783615112	47645.36381793022
4416	1382.7484694731713	1004.73	85.958251953125	0.1629513	0.00011074285714285712	0.0003691428571428571	10.115940809249878	47655.481558799744
4417	1379.2744303478746	1002.67	86.46826171875	0.16294952	0.0001107	0.000369	9.489305973052979	47664.971489191055
4418	1372.8095099796617	1002.29	85.47607421875	0.16271493	0.00011065714285714286	0.0003688571428571429	11.915171384811401	47676.88874435425
4419	1400.4215986132776	1020.16	86.23193359375	0.16271393	0.0001106142857142857	0.0003687142857142857	10.312324047088623	47687.20163607597
4420	1367.2989179376514	1000.69	85.7421875	0.16271414	0.00011057142857142856	0.00036857142857142855	9.55057954788208	47696.753771305084
4421	1382.658278268767	999.71	86.249755859375	0.16271447	0.00011052857142857142	0.00036842857142857147	9.47549557685852	47706.22991895676
4422	1359.007335041176	992.42	86.0078125	0.16271551	0.00011048571428571429	0.00036828571428571433	10.188297033309937	47716.420347213745
4423	1349.9811741715623	1001.05	86.515625	0.16271654	0.00011044285714285712	0.00036814285714285714	9.510754823684692	47725.93164920807
4424	1344.4060237986757	979.79	85.523681640625	0.1627163	0.00011039999999999999	0.000368	9.663368701934814	47735.59695982933
4425	1391.3326955522405	1016.76	83.258544921875	0.16271536	0.00011035714285714285	0.0003678571428571429	10.115176916122437	47745.71270060539
4426	1384.2647069748105	1001.29	85.525146484375	0.162426	0.00011031428571428569	0.00036771428571428567	12.355440378189087	47758.07171201706
4427	1387.1861109039194	1005.73	86.04638671875	0.16243294	0.00011027142857142855	0.00036757142857142853	9.553073644638062	47767.62539219856
4428	1364.6280515042872	992.95	86.304443359375	0.16243738	0.00011022857142857143	0.00036742857142857145	10.001311302185059	47777.627722263336
4429	1361.9870736691657	1006.62	85.3134765625	0.162261	0.00011018571428571429	0.0003672857142857143	12.082378149032593	47789.71064186096
4430	1337.078730208606	983.29	85.821533203125	0.16226315	0.00011014285714285712	0.0003671428571428571	9.536608934402466	47799.2486641407
4431	1384.7722186333965	1012.99	84.33740234375	0.16226588	0.00011009999999999999	0.000367	9.714538097381592	47808.963805913925
4432	1396.9826489886705	1024.0	86.337158203125	0.16226713	0.00011005714285714286	0.0003668571428571429	9.526209115982056	47818.49428486824
4433	1367.5207355672878	1008.56	85.843505859375	0.16226806	0.0001100142857142857	0.00036671428571428564	9.871666669845581	47828.36653089523
4434	1346.6107542413345	990.61	86.601318359375	0.16226962	0.00010997142857142856	0.00036657142857142856	9.545764446258545	47837.913794994354
4435	1358.4152536464317	987.44	86.609375	0.16226989	0.00010992857142857142	0.0003664285714285714	9.497223377227783	47847.41134548187
4436	1389.4238410382466	1021.93	85.8662109375	0.16211708	0.00010988571428571428	0.00036628571428571434	12.015743255615234	47859.42726993561
4437	1368.9785914455838	1006.52	86.619140625	0.16211925	0.00010984285714285712	0.0003661428571428571	9.595010995864868	47869.023337602615
4438	1343.241901113993	987.77	85.139892578125	0.16212112	0.00010979999999999999	0.000366	9.491808414459229	47878.515780210495
4439	1392.9296313961388	1021.69	86.64013671875	0.16212247	0.00010975714285714285	0.00036585714285714287	9.592841625213623	47888.110864162445
4440	1372.9309548383753	999.69	86.774169921875	0.16212349	0.00010971428571428573	0.0003657142857142858	9.594390153884888	47897.70587134361
4441	1380.3301690646542	1001.46	85.78173828125	0.16211767	0.00010967142857142855	0.00036557142857142854	9.654130935668945	47907.36322307587
4442	1400.7030406296783	1018.42	86.039794921875	0.16189362	0.00010962857142857143	0.00036542857142857145	12.238056182861328	47919.601920843124
4443	1378.8323016222964	1003.64	86.798828125	0.16189635	0.00010958571428571429	0.0003652857142857143	9.563572406768799	47929.166049957275
4444	1396.9322059255885	1017.08	86.056640625	0.16190343	0.00010954285714285711	0.0003651428571428571	9.654303550720215	47938.82200098038
4445	1386.333788689114	1013.06	86.31396484375	0.16190724	0.00010949999999999999	0.000365	9.552767038345337	47948.37530851364
4446	1367.3970040141348	988.67	85.822998046875	0.16191052	0.00010945714285714286	0.0003648571428571429	9.637600421905518	47958.01470065117
4447	1371.0566354198052	1006.75	87.0810546875	0.16191421	0.00010941428571428572	0.00036471428571428576	9.53792428970337	47967.553226709366
4448	1390.403340245931	1008.02	86.58740234375	0.16191705	0.00010937142857142856	0.00036457142857142857	9.662303924560547	47977.216584682465
4449	1415.8824145247113	1023.76	86.3466796875	0.16191696	0.00010932857142857142	0.00036442857142857143	10.216586828231812	47987.433287382126
4450	1323.4320350139665	979.02	86.3447265625	0.16191615	0.00010928571428571428	0.00036428571428571434	9.5090491771698	47996.94374585152
4451	1407.681182732819	1016.35	86.6123046875	0.16191569	0.00010924285714285712	0.0003641428571428571	9.476354122161865	48006.420754909515
4452	1404.4039100775765	1014.24	85.87060546875	0.16172512	0.00010919999999999998	0.000364	12.879913568496704	48019.30270433426
4453	1381.389281146248	1008.0	86.628173828125	0.16172457	0.00010915714285714285	0.0003638571428571429	9.518088817596436	48028.821368694305
4454	1415.1482382301076	1016.76	84.6435546875	0.16174312	0.00010911428571428573	0.0003637142857142858	9.787358283996582	48038.61058282852
4455	1433.1096948422974	1016.09	86.14404296875	0.16156472	0.00010907142857142855	0.00036357142857142854	12.182641744613647	48050.79377961159
4456	1417.1133629771919	1016.23	86.646728515625	0.16156691	0.00010902857142857143	0.00036342857142857146	9.46003007888794	48060.2562212944
4457	1377.880349555898	1008.03	86.407958984375	0.1615693	0.00010898571428571429	0.0003632857142857143	9.859294176101685	48070.11609840393
4458	1401.898459014112	1019.51	85.6611328125	0.1615691	0.00010894285714285713	0.0003631428571428571	9.568285703659058	48079.68632364273
4459	1350.1898985268742	977.95	86.175048828125	0.16161962	0.00010889999999999999	0.000363	12.937233209609985	48092.6241312027
4460	1396.93449779519	1014.94	86.1826171875	0.16161999	0.00010885714285714285	0.0003628571428571429	9.961386442184448	48102.587725162506
4461	1405.8126439298317	1024.0	85.702392578125	0.16161563	0.00010881428571428572	0.00036271428571428576	9.786534070968628	48112.374829769135
4462	1381.264743324342	1001.87	85.948486328125	0.16159894	0.00010877142857142856	0.00036257142857142857	11.713218450546265	48124.08995771408
4463	1413.1554884109155	1016.64	85.464599609375	0.16159938	0.00010872857142857142	0.00036242857142857143	11.06944465637207	48135.15995001793
4464	1407.798028078009	1017.49	85.714599609375	0.16159649	0.00010868571428571428	0.00036228571428571435	9.570812463760376	48144.73223900795
4465	1423.2454274472389	1024.0	86.72216796875	0.16159388	0.00010864285714285712	0.0003621428571428571	9.456087350845337	48154.18886804581
4466	1368.3144759628144	1003.79	86.969970703125	0.16159226	0.00010859999999999998	0.000362	10.206806421279907	48164.39749908447
4467	1418.2491694570097	1020.34	86.988037109375	0.16159002	0.00010855714285714285	0.0003618571428571429	9.904016017913818	48174.3020670414
4468	1393.0364059402173	1006.49	86.743408203125	0.1615878	0.00010851428571428572	0.0003617142857142858	9.470881223678589	48183.77495956421
4469	1383.246172468766	1005.71	86.003662109375	0.16158567	0.00010847142857142855	0.00036157142857142855	10.099475383758545	48193.87500333786
4470	1379.144300834812	998.52	86.748046875	0.16158175	0.00010842857142857143	0.00036142857142857146	9.59516978263855	48203.472331762314
4471	1347.0783643598988	983.57	86.019287109375	0.16135614	0.00010838571428571429	0.0003612857142857143	12.020350933074951	48215.493255376816
4472	1400.7569197468176	1010.37	87.027099609375	0.16135985	0.00010834285714285713	0.00036114285714285713	10.171794176101685	48225.66678953171
4473	1412.5699570118281	1011.49	85.53515625	0.16134715	0.00010829999999999999	0.000361	9.71649694442749	48235.38383960724
4474	1385.2405303929427	1004.63	86.541748046875	0.16134128	0.00010825714285714285	0.0003608571428571429	9.477346897125244	48244.86264371872
4475	1419.1725340482271	1020.07	86.801025390625	0.161335	0.00010821428571428572	0.00036071428571428577	10.309519529342651	48255.17278432846
4476	1406.338316320652	1006.57	86.55810546875	0.16133054	0.00010817142857142855	0.0003605714285714286	9.51806640625	48264.69242453575
4477	1401.6036188335995	1015.84	86.318115234375	0.16132638	0.00010812857142857142	0.00036042857142857144	9.488529920578003	48274.181510686874
4478	1408.3226789764929	1015.99	85.831787109375	0.1613234	0.00010808571428571428	0.00036028571428571435	10.825164318084717	48285.00882458687
4479	1401.4656808512632	1004.44	86.60546875	0.16129611	0.00010804285714285712	0.0003601428571428571	10.078817367553711	48295.08820796013
4480	1406.2054028026253	1013.83	87.077880859375	0.16128811	0.00010799999999999998	0.00035999999999999997	9.470496654510498	48304.56016111374
4481	1386.2158763083999	1004.73	85.85546875	0.16128066	0.00010795714285714286	0.0003598571428571429	11.781563520431519	48316.34232258797
4482	1413.1559090712317	1017.94	83.82861328125	0.1612734	0.00010791428571428572	0.00035971428571428575	9.479657649993896	48325.82437348366
4483	1405.7705710922187	1020.18	87.107177734375	0.16126655	0.00010787142857142855	0.00035957142857142855	9.472453117370605	48335.29741311073
4484	1399.8089963828038	1006.41	86.868408203125	0.16125928	0.00010782857142857142	0.0003594285714285714	10.872455835342407	48346.17270207405
4485	1389.9546548147382	1004.72	86.876953125	0.16125332	0.00010778571428571429	0.00035928571428571433	9.47127652168274	48355.64452123642
4486	1419.2064477949687	1020.23	86.134765625	0.16122748	0.00010774285714285712	0.0003591428571428571	9.691004276275635	48365.33755517006
4487	1401.4292046268426	1006.78	86.1435546875	0.16118993	0.00010769999999999999	0.000359	12.282477378845215	48377.620631456375
4488	1383.5089926468468	996.91	87.151123046875	0.16119121	0.00010765714285714285	0.00035885714285714286	9.484647512435913	48387.10580158234
4489	1363.0084854309514	996.93	86.158935546875	0.16119097	0.00010761428571428572	0.0003587142857142858	9.65850567817688	48396.76624774933
4490	1429.2740585728031	1024.0	86.16748046875	0.1611022	0.00010757142857142855	0.00035857142857142853	14.369261264801025	48411.1360578537
4491	1413.851750849261	1020.11	86.915283203125	0.16110332	0.00010752857142857142	0.00035842857142857144	9.494969129562378	48420.63262462616
4492	1408.84170380773	1013.32	86.183349609375	0.16102037	0.00010748571428571428	0.0003582857142857143	13.938710689544678	48434.573076963425
4493	1409.3570134860265	1016.93	86.192138671875	0.16080879	0.00010744285714285712	0.0003581428571428571	11.5588538646698	48446.1325545311
4494	1397.0651238851644	994.61	86.6845703125	0.16080862	0.00010739999999999998	0.000358	9.464128255844116	48455.59872198105
4495	1419.7563990307417	1015.06	86.7080078125	0.1606543	0.00010735714285714286	0.0003578571428571429	13.173039436340332	48468.77245092392
4496	1414.6565728303874	1016.22	87.4658203125	0.16065393	0.00010731428571428572	0.00035771428571428575	9.487398386001587	48478.26005125046
4497	1386.3494905791067	1001.19	86.72412109375	0.16065504	0.00010727142857142856	0.00035757142857142856	9.986525058746338	48488.24880576134
4498	1405.316108813097	1004.53	85.98046875	0.16065347	0.00010722857142857142	0.0003574285714285714	9.740053176879883	48497.98955607414
4499	1382.8731490049788	1004.96	86.73828125	0.16065167	0.00010718571428571429	0.00035728571428571434	9.487216234207153	48507.47687578201
4500	1409.510977034515	1024.0	86.99609375	0.16065095	0.00010714285714285712	0.0003571428571428571	9.490496158599854	48516.96920156479
4501	1378.7399957476705	1002.79	86.254150390625	0.16065101	0.00010709999999999999	0.000357	10.185338973999023	48527.15521788597
4502	1397.4658541214455	1022.04	86.019775390625	0.16065122	0.00010705714285714285	0.00035685714285714287	9.57823395729065	48536.734436273575
4503	1398.7600639686011	1011.5	87.009765625	0.16065122	0.00010701428571428572	0.0003567142857142858	9.456880807876587	48546.19190573692
4504	1360.490687768386	996.35	87.652587890625	0.16065168	0.00010697142857142855	0.00035657142857142853	10.847516298294067	48557.04129552841
4505	1407.7649526143039	1014.27	87.15869140625	0.16065256	0.00010692857142857142	0.00035642857142857145	9.476129055023193	48566.51809334755
4506	1409.052058252302	1016.61	86.40478515625	0.16064861	0.00010688571428571428	0.0003562857142857143	9.695084810256958	48576.2137901783
4507	1364.8589960853317	999.5	86.18408203125	0.160572	0.00010684285714285712	0.0003561428571428571	13.264736890792847	48589.480375766754
4508	1411.4640033334879	1019.04	86.435302734375	0.1605041	0.00010679999999999998	0.000356	12.347533464431763	48601.82845592499
4509	1396.197193075012	1016.38	86.443359375	0.1604962	0.00010675714285714286	0.0003558571428571429	13.394074201583862	48615.224492788315
4510	1384.1214329721197	1008.42	86.724609375	0.16048147	0.00010671428571428572	0.00035571428571428576	10.076602458953857	48625.30169296265
4511	1401.9960737607005	1020.0	86.723388671875	0.16047853	0.00010667142857142856	0.00035557142857142856	9.480176448822021	48634.7843477726
4512	1404.8511764425534	1012.99	86.716552734375	0.16047372	0.00010662857142857142	0.0003554285714285714	10.424978017807007	48645.20995092392
4513	1382.9486878965474	994.26	86.497802734375	0.16045131	0.00010658571428571429	0.00035528571428571434	13.017648458480835	48658.23006892204
4514	1395.0905024962847	1008.41	86.767822265625	0.16017856	0.00010654285714285712	0.0003551428571428571	12.866236925125122	48671.09651994705
4515	1387.1867313916414	1003.99	85.99072265625	0.15996839	0.00010649999999999999	0.000355	13.151419639587402	48684.24971365929
4516	1414.504934830639	1017.07	86.498291015625	0.15993118	0.00010645714285714285	0.00035485714285714287	9.911586999893188	48694.16185879707
4517	1384.535024032584	1006.38	87.506103515625	0.15992348	0.00010641428571428571	0.0003547142857142858	10.198546409606934	48704.361847400665
4518	1413.7111169057798	1018.8	87.003173828125	0.159916	0.00010637142857142855	0.00035457142857142854	9.519851207733154	48713.88224077225
4519	1360.8881255482952	981.83	86.528076171875	0.15990989	0.00010632857142857141	0.00035442857142857146	9.807847738265991	48723.69231796265
4520	1369.2834923468304	982.78	87.0283203125	0.15990464	0.00010628571428571428	0.0003542857142857143	10.19846510887146	48733.891392469406
4521	1408.1887961106086	1017.04	86.0439453125	0.15988638	0.00010624285714285712	0.0003541428571428571	11.833431482315063	48745.72671723366
4522	1402.0241049125605	1004.72	86.085693359375	0.15984267	0.00010619999999999998	0.000354	10.310972213745117	48756.03824400902
4523	1390.1673962667064	1010.91	86.8115234375	0.15983689	0.00010615714285714286	0.0003538571428571429	10.163406133651733	48766.20377445221
4524	1422.5349416820586	1022.19	87.06005859375	0.15983155	0.00010611428571428572	0.00035371428571428576	9.66865062713623	48775.87302446365
4525	1408.3249715841964	1016.45	87.56591796875	0.15982668	0.00010607142857142856	0.00035357142857142857	9.517835855484009	48785.393141269684
4526	1385.1366969358246	1002.72	86.576416015625	0.15952384	0.00010602857142857142	0.00035342857142857143	12.691753625869751	48798.085475444794
4527	1411.4179588828088	1014.29	87.578125	0.15952231	0.00010598571428571428	0.00035328571428571435	9.514558792114258	48807.60219049454
4528	1411.5117601996085	1009.52	87.092041015625	0.1595212	0.00010594285714285712	0.0003531428571428571	9.53641653060913	48817.139209508896
4529	1398.8896346376785	1006.17	87.350341796875	0.1595208	0.00010589999999999999	0.00035299999999999996	10.268372535705566	48827.40939497948
4530	1409.8309860122476	1024.0	88.108154296875	0.15951924	0.00010585714285714285	0.0003528571428571429	9.481209516525269	48836.89113354683
4531	1427.8751935409355	1024.0	86.617431640625	0.159514	0.00010581428571428571	0.0003527142857142858	9.581911325454712	48846.4748442173
4532	1396.9507445260924	1014.13	86.3818359375	0.15951087	0.00010577142857142855	0.00035257142857142855	10.148655652999878	48856.624109983444
4533	1424.0971961314472	1018.11	87.3818359375	0.15950762	0.00010572857142857141	0.0003524285714285714	9.59980058670044	48866.22444844246
4534	1393.2281966164173	996.58	86.889892578125	0.1595053	0.00010568571428571429	0.0003522857142857143	9.470228910446167	48875.69668388367
4535	1407.3631252531454	1016.41	87.1337890625	0.15950231	0.00010564285714285711	0.0003521428571428571	10.179933547973633	48885.877214193344
4536	1387.801788985167	1000.5	85.913330078125	0.159501	0.00010559999999999998	0.000352	9.576112747192383	48895.45526623726
4537	1386.6687425587297	1003.6	86.658447265625	0.15934695	0.00010555714285714286	0.00035185714285714285	12.5142982006073	48907.97015810013
4538	1427.4090163085314	1024.0	86.17138671875	0.15924735	0.00010551428571428572	0.00035171428571428577	12.391100645065308	48920.363151073456
4539	1394.5085479523668	1006.51	86.68701171875	0.15924546	0.00010547142857142856	0.0003515714285714285	9.495371341705322	48929.85906171799
4540	1407.9056517956467	1016.52	84.408447265625	0.1592425	0.00010542857142857142	0.00035142857142857144	9.498101472854614	48939.35938858986
4541	1380.748654705044	998.67	87.384765625	0.15924029	0.00010538571428571428	0.0003512857142857143	9.66986608505249	48949.02985429764
4542	1402.2172093776978	1008.33	87.667236328125	0.15923719	0.00010534285714285712	0.0003511428571428571	9.735222816467285	48958.766897916794
4543	1395.3430597419917	996.58	86.943115234375	0.15922742	0.00010529999999999998	0.00035099999999999997	9.568382978439331	48968.335518836975
4544	1369.3001600500702	998.01	87.466796875	0.15922229	0.00010525714285714285	0.0003508571428571429	9.65308403968811	48977.99047088623
4545	1362.0473114510103	986.22	87.718505859375	0.15921818	0.00010521428571428571	0.00035071428571428574	9.473533630371094	48987.4642059803
4546	1376.354382918868	1008.47	87.232666015625	0.15921268	0.00010517142857142855	0.00035057142857142855	9.456008434295654	48996.92124390602
4547	1396.9376429754466	1016.43	87.227294921875	0.15920886	0.00010512857142857141	0.0003504285714285714	10.200727939605713	49007.122564315796
4548	1390.4390251819866	1014.01	87.248779296875	0.15920468	0.00010508571428571429	0.00035028571428571433	9.543271541595459	49016.667916059494
4549	1396.391514706556	1007.47	87.7568359375	0.15920185	0.00010504285714285711	0.0003501428571428571	9.507098197937012	49026.17560720444
4550	1403.9113510034847	1001.5	87.2646484375	0.15919752	0.00010499999999999999	0.00035	10.23171615600586	49036.40966486931
4551	1388.8689152702968	1008.21	87.771484375	0.1591958	0.00010495714285714285	0.00034985714285714286	9.500153303146362	49045.91038656235
4552	1393.565606684793	1007.71	87.5302734375	0.15919288	0.00010491428571428572	0.0003497142857142858	9.493326187133789	49055.405494213104
4553	1373.0953843089485	999.02	88.038330078125	0.15918957	0.00010487142857142856	0.0003495714285714285	10.380649328231812	49065.78674006462
4554	1404.9407170238667	1007.37	87.296142578125	0.15918578	0.00010482857142857142	0.00034942857142857144	9.510441064834595	49075.29914402962
4555	1386.6069834278937	1018.11	88.05419921875	0.1591823	0.00010478571428571428	0.0003492857142857143	9.55078911781311	49084.8505294323
4556	1416.9330991159395	1024.0	87.060546875	0.15917929	0.00010474285714285712	0.0003491428571428571	10.183476686477661	49095.035496234894
4557	1397.6832706253551	1014.34	87.06982421875	0.15914507	0.00010469999999999998	0.00034899999999999997	9.751696825027466	49104.787810087204
4558	1390.6394988564364	1010.06	87.077880859375	0.15913644	0.00010465714285714285	0.0003488571428571429	9.48978877067566	49114.27950310707
4559	1395.227521803158	1006.72	87.336669921875	0.15912859	0.00010461428571428571	0.00034871428571428575	10.640686988830566	49124.92081308365
4560	1372.6529165308439	994.01	87.59423828125	0.1591203	0.00010457142857142855	0.00034857142857142856	9.77586054801941	49134.69889378548
4561	1385.160765521678	1003.52	87.85205078125	0.15911417	0.00010452857142857141	0.0003484285714285714	9.461085557937622	49144.160695552826
4562	1407.1767305666424	1014.1	87.61083984375	0.15911043	0.00010448571428571429	0.00034828571428571433	10.296630144119263	49154.45795536041
4563	1392.2394271800656	1010.65	87.11865234375	0.1591033	0.00010444285714285715	0.0003481428571428572	9.810911893844604	49164.27057862282
4564	1360.4038720581707	986.63	87.374755859375	0.15909936	0.00010439999999999999	0.000348	9.489392042160034	49173.76059961319
4565	1415.9088899171331	1020.4	87.3828125	0.15909635	0.00010435714285714285	0.00034785714285714286	10.162529230117798	49183.9237408638
4566	1394.253427522782	1010.37	87.390625	0.15909384	0.00010431428571428572	0.0003477142857142858	9.497877836227417	49193.42370843887
4567	1397.8705704107676	1012.29	86.90625	0.15909158	0.00010427142857142855	0.00034757142857142853	9.519427299499512	49202.943818092346
4568	1401.2177936268622	1006.56	87.531494140625	0.15908954	0.00010422857142857142	0.00034742857142857145	10.192591667175293	49213.13703250885
4569	1399.8163765377594	1016.57	87.78955078125	0.15908693	0.00010418571428571428	0.0003472857142857143	9.480058193206787	49222.620309114456
4570	1379.8662583925523	996.53	87.547119140625	0.15908246	0.00010414285714285715	0.0003471428571428572	9.50911569595337	49232.130093574524
4571	1413.9426744291711	1011.36	88.0537109375	0.15907638	0.00010409999999999998	0.000347	9.551028490066528	49241.68177008629
4572	1415.2432765240771	1014.09	87.07080078125	0.15907027	0.00010405714285714285	0.0003468571428571429	10.367790460586548	49252.05116415024
4573	1417.0126594403673	1018.7	87.560546875	0.15904306	0.00010401428571428571	0.00034671428571428575	9.933427572250366	49261.98521733284
4574	1420.5205180861612	1019.92	88.077880859375	0.15904233	0.00010397142857142855	0.00034657142857142856	9.526096105575562	49271.51185441017
4575	1431.0415410036628	1024.0	87.595458984375	0.1590426	0.00010392857142857141	0.0003464285714285714	9.572791337966919	49281.088755607605
4576	1429.2206362615284	1024.0	87.843505859375	0.1590414	0.00010388571428571429	0.00034628571428571434	9.471831560134888	49290.561218738556
4577	1393.8185810057603	997.01	87.603759765625	0.15903889	0.00010384285714285715	0.0003461428571428572	9.484323024749756	49300.04611182213
4578	1412.4361233011846	1016.3	86.869140625	0.15903653	0.00010379999999999999	0.000346	10.101628303527832	49310.14957523346
4579	1406.9719886300268	1012.23	87.619384765625	0.15903406	0.00010375714285714285	0.00034585714285714287	9.544192552566528	49319.69433760643
4580	1377.2311207535936	996.74	87.625244140625	0.1589355	0.00010371428571428572	0.0003457142857142858	13.66653037071228	49333.36186361313
4581	1392.5741630009134	1004.92	87.383056640625	0.15872131	0.00010367142857142855	0.00034557142857142854	12.783743143081665	49346.14616537094
4582	1386.3130371780637	1004.56	88.14306640625	0.15872061	0.00010362857142857142	0.0003454285714285714	9.49290943145752	49355.64122605324
4583	1394.6913973147298	998.63	86.658447265625	0.15860614	0.00010358571428571428	0.0003452857142857143	12.853299379348755	49368.495134592056
4584	1412.4795581340313	1018.04	88.15869140625	0.15860553	0.00010354285714285714	0.0003451428571428572	9.730872392654419	49378.22790312767
4585	1420.4968281814322	1024.0	87.40283203125	0.15853688	0.00010349999999999998	0.000345	12.83762812614441	49391.06622457504
4586	1383.946867985618	997.24	87.17431640625	0.15850927	0.00010345714285714285	0.00034485714285714284	10.280134677886963	49401.34693932533
4587	1425.9044331031027	1016.76	87.680908203125	0.15850514	0.00010341428571428572	0.00034471428571428576	9.830208778381348	49411.17995548248
4588	1418.22775532803	1024.0	88.1884765625	0.15850088	0.00010337142857142855	0.0003445714285714285	9.537949085235596	49420.71859431267
4589	1396.5472931841075	1006.35	87.695556640625	0.15849668	0.00010332857142857141	0.00034442857142857143	9.617043733596802	49430.33622264862
4590	1387.6493060899406	1004.66	87.704833984375	0.1584538	0.00010328571428571429	0.0003442857142857143	12.126944065093994	49442.465109825134
4591	1425.2160290404206	1020.2	86.7216796875	0.15844686	0.00010324285714285715	0.0003441428571428572	10.754327774047852	49453.220094919205
4592	1368.4747304750658	984.37	87.220458984375	0.15833183	0.00010319999999999999	0.00034399999999999996	14.109555959701538	49467.330285549164
4593	1421.627641439601	1020.41	87.4775390625	0.15801992	0.00010315714285714285	0.0003438571428571429	12.11624026298523	49479.448817014694
4594	1426.5711693132134	1020.51	87.4873046875	0.15802152	0.00010311428571428572	0.00034371428571428574	9.765355825424194	49489.21485161781
4595	1394.6647080203413	1014.04	87.74462890625	0.15801987	0.00010307142857142855	0.00034357142857142854	9.550671577453613	49498.76611018181
4596	1415.369530182423	1018.03	87.752197265625	0.15801808	0.00010302857142857142	0.0003434285714285714	9.490631341934204	49508.25857949257
4597	1416.7173424925525	1009.63	84.989990234375	0.15801622	0.00010298571428571428	0.0003432857142857143	9.564198970794678	49517.823457956314
4598	1427.9829798079809	1024.0	87.168212890625	0.15801407	0.00010294285714285714	0.0003431428571428572	9.502461910247803	49527.326560258865
4599	1408.7624100181495	1006.49	88.012939453125	0.15801153	0.00010289999999999998	0.000343	9.543405771255493	49536.87184357643
4600	1405.884885244959	1020.04	87.770751953125	0.15800902	0.00010285714285714284	0.00034285714285714285	10.310332298278809	49547.182821273804
4601	1414.8147498259707	1024.0	87.554443359375	0.15791988	0.00010281428571428572	0.00034271428571428577	10.205559968948364	49557.389708042145
4602	1433.123119979573	1010.32	88.049072265625	0.15791284	0.00010277142857142854	0.0003425714285714285	9.507868528366089	49566.897763967514
4603	1411.6415383487986	1010.22	87.306884765625	0.15790553	0.00010272857142857142	0.00034242857142857143	10.217618942260742	49577.11749267578
4604	1419.920527637829	1020.12	88.064697265625	0.15781897	0.00010268571428571429	0.0003422857142857143	14.474643468856812	49591.59267067909
4605	1446.8510850674909	1024.0	87.572265625	0.157705	0.00010264285714285715	0.0003421428571428572	13.6719810962677	49605.266241788864
4606	1411.024101443541	1024.0	87.33056640625	0.15776075	0.00010259999999999999	0.00034199999999999996	13.083410263061523	49618.3502266407
4607	1402.7329765516663	1018.01	87.337158203125	0.1576624	0.00010255714285714285	0.0003418571428571429	13.342180252075195	49631.69476175308
4608	1392.6512060904695	1011.5	86.852294921875	0.1576637	0.00010251428571428571	0.00034171428571428574	9.619066953659058	49641.31439328194
4609	1407.326150840115	1006.87	87.353759765625	0.15741612	0.00010247142857142855	0.00034157142857142855	12.747872591018677	49654.06520032883
4610	1418.5714589175404	1018.67	87.611572265625	0.15737645	0.00010242857142857141	0.0003414285714285714	10.835961818695068	49664.901775598526
4611	1415.7314446692696	1014.2	87.61474609375	0.15737183	0.00010238571428571428	0.0003412857142857143	9.488808870315552	49674.39113903046
4612	1439.0936161119735	1018.13	88.12744140625	0.15736835	0.00010234285714285714	0.0003411428571428572	9.509558200836182	49683.90271949768
4613	1422.2252580009038	1024.0	87.6865234375	0.15726174	0.00010229999999999998	0.000341	12.87396240234375	49696.77729058266
4614	1413.5470011393377	1008.27	87.8935546875	0.15733375	0.00010225714285714284	0.00034085714285714286	13.863937854766846	49710.64177966118
4615	1389.7115522505055	1002.55	86.9013671875	0.15723029	0.00010221428571428572	0.00034071428571428577	14.603291273117065	49725.24720287323
4616	1388.1553189724284	1003.84	87.40966796875	0.15706907	0.00010217142857142854	0.0003405714285714285	14.0966157913208	49739.345828294754
4617	1412.015062445464	1014.21	87.916259765625	0.15706788	0.00010212857142857142	0.00034042857142857144	9.508150100708008	49748.85455107689
4618	1416.4981333460287	1014.32	87.46044921875	0.15700476	0.00010208571428571429	0.0003402857142857143	13.457001209259033	49762.31345844269
4619	1406.5746793991173	998.7	86.933349609375	0.15690576	0.00010204285714285715	0.0003401428571428572	13.157044172286987	49775.47105169296
4620	1414.9266525764435	1014.37	87.691162109375	0.15673429	0.00010199999999999999	0.00033999999999999997	13.392902135848999	49788.865928173065
4621	1412.9496818707776	1022.08	87.948974609375	0.15673663	0.00010195714285714285	0.0003398571428571429	9.49799656867981	49798.364601135254
4622	1437.0089573412638	1018.96	87.443603515625	0.15664731	0.00010191428571428571	0.00033971428571428575	13.332327365875244	49811.69753193855
4623	1421.3767271953352	1024.0	87.465087890625	0.15642393	0.00010187142857142855	0.00033957142857142855	12.142021417617798	49823.843193769455
4624	1375.0909409538788	994.9	87.974365234375	0.15642558	0.00010182857142857141	0.0003394285714285714	9.503982543945312	49833.3477833271
4625	1423.3132644615287	1024.0	87.244140625	0.15642622	0.00010178571428571428	0.00033928571428571433	10.180100202560425	49843.528497457504
4626	1413.0862225945414	1012.07	87.99072265625	0.1564259	0.00010174285714285714	0.0003391428571428572	9.76069688796997	49853.290883779526
4627	1406.9060927789649	1018.42	87.997802734375	0.15642625	0.00010169999999999998	0.000339	9.5003023147583	49862.79178881645
4628	1448.0330104196837	1024.0	88.25634765625	0.15642704	0.00010165714285714284	0.00033885714285714286	10.147469997406006	49872.941192388535
4629	1424.350591584882	1022.2	88.50048828125	0.15642606	0.00010161428571428572	0.0003387142857142858	9.492656230926514	49882.43439626694
4630	1421.365242227622	1024.0	88.2568359375	0.15642531	0.00010157142857142854	0.00033857142857142853	9.764053583145142	49892.20195531845
4631	1415.505892484471	1010.25	88.5283203125	0.15642452	0.00010152857142857142	0.00033842857142857145	9.49593186378479	49901.69848680496
4632	1426.6020040646958	1021.9	88.40478515625	0.15642376	0.00010148571428571428	0.0003382857142857143	9.666565418243408	49911.366792201996
4633	1427.4131113978053	1018.06	88.419189453125	0.15642315	0.00010144285714285715	0.0003381428571428572	13.54741358757019	49924.91478562355
4634	1398.509714857359	1006.51	87.6767578125	0.15642197	0.00010139999999999998	0.000338	10.203915357589722	49935.12027549744
4635	1395.3149262556815	1008.99	87.684814453125	0.15638222	0.00010135714285714285	0.00033785714285714284	12.292312622070312	49947.41313481331
4636	1410.1161882044264	1014.59	87.942626953125	0.15628998	0.00010131428571428571	0.00033771428571428575	12.668554306030273	49960.08384466171
4637	1378.4886431247767	993.62	88.200439453125	0.15629336	0.00010127142857142855	0.0003375714285714285	9.869800806045532	49969.95431160927
4638	1408.3566155714016	1009.61	88.455810546875	0.1560943	0.00010122857142857141	0.0003374285714285714	12.958267211914062	49982.91313171387
4639	1424.8923800933067	1016.17	86.759521484375	0.15588254	0.00010118571428571428	0.0003372857142857143	13.010465860366821	49995.9246866703
4640	1383.8630983236462	999.2	87.74853515625	0.15582609	0.00010114285714285715	0.0003371428571428572	10.20598578453064	50006.13130021095
4641	1403.7128010399133	1014.25	88.482177734375	0.15581994	0.00010109999999999998	0.00033699999999999995	9.501026153564453	50015.63286995888
4642	1393.309900268079	1009.49	88.240966796875	0.15581408	0.00010105714285714284	0.00033685714285714287	10.166594982147217	50025.80155658722
4643	1413.804985221411	1013.95	88.748779296875	0.15580814	0.00010101428571428572	0.00033671428571428573	9.494692325592041	50035.29687452316
4644	1379.354283472579	1008.43	88.006591796875	0.15571415	0.00010097142857142854	0.00033657142857142854	14.37077808380127	50049.66824507713
4645	1399.8126551083394	1004.62	88.5009765625	0.1556439	0.00010092857142857142	0.0003364285714285714	10.500567436218262	50060.17035269737
4646	1378.6671418281203	1005.52	88.022705078125	0.15545362	0.00010088571428571428	0.0003362857142857143	13.019819736480713	50073.191668748856
4647	1418.7283717418363	1020.29	88.030517578125	0.15533532	0.00010084285714285715	0.0003361428571428572	14.950550556182861	50088.14279985428
4648	1434.4414856675783	1020.08	88.033447265625	0.15534428	0.00010079999999999998	0.000336	10.063137292861938	50098.207538843155
4649	1386.121446779925	999.25	88.296142578125	0.15534548	0.00010075714285714285	0.00033585714285714284	9.501029968261719	50107.70911383629
4650	1422.2553785225814	1008.68	88.55419921875	0.15534443	0.00010071428571428571	0.00033571428571428576	10.143347263336182	50117.85480809212
4651	1384.8518038770699	1004.34	88.311279296875	0.15534289	0.00010067142857142855	0.0003355714285714285	9.785316228866577	50127.640255212784
4652	1380.1376196689862	993.29	88.568359375	0.15534171	0.00010062857142857141	0.0003354285714285714	9.489032745361328	50137.13146209717
4653	1393.0739869721044	998.39	88.076171875	0.1553045	0.00010058571428571428	0.0003352857142857143	14.664823293685913	50151.79690718651
4654	1439.1112862189852	1024.0	88.084228515625	0.1552806	0.00010054285714285715	0.0003351428571428572	14.702352046966553	50166.5015912056
4655	1370.1175967165657	997.19	85.573974609375	0.15525894	0.00010049999999999998	0.00033499999999999996	10.626511573791504	50177.12975692749
4656	1411.0977301283037	1012.24	88.072509765625	0.1552522	0.00010045714285714285	0.00033485714285714287	9.513718128204346	50186.644042253494
4657	1415.7442989160802	1022.3	88.355224609375	0.15524471	0.00010041428571428572	0.00033471428571428573	9.528165578842163	50196.1742374897
4658	1400.5264085411886	1008.06	87.864013671875	0.15523656	0.00010037142857142854	0.00033457142857142854	10.213899374008179	50206.3888399601
4659	1384.9723094279116	1003.56	88.371826171875	0.15522878	0.00010032857142857142	0.0003344285714285714	9.557711601257324	50215.94711446762
4660	1423.728069049702	1016.58	88.38232421875	0.15522148	0.00010028571428571428	0.0003342857142857143	11.684956789016724	50227.63364362717
4661	1392.7278038460186	1013.06	87.889892578125	0.15514906	0.00010024285714285715	0.0003341428571428572	11.407973766326904	50239.04224944115
4662	1373.3222048351388	996.76	88.89794921875	0.1551474	0.00010019999999999998	0.000334	9.521043539047241	50248.56390810013
4663	1385.6288981034754	998.87	88.156005859375	0.15514481	0.00010015714285714285	0.00033385714285714285	9.516688585281372	50258.08254098892
4664	1406.091859938265	1020.15	88.163818359375	0.15496956	0.00010011428571428571	0.00033371428571428576	14.1586172580719	50272.24183630943
4665	1403.1648174593593	1011.51	88.671875	0.15496966	0.00010007142857142855	0.0003335714285714285	9.521642684936523	50281.7640645504
4666	1397.7340978330278	998.45	87.714599609375	0.15493631	0.00010002857142857141	0.00033342857142857143	9.882728099822998	50291.64863777161
4667	1412.565908973367	1015.96	88.738525390625	0.15491264	9.998571428571427e-05	0.0003332857142857143	9.846029043197632	50301.49530529976
4668	1388.7065573429636	1004.75	88.246826171875	0.15467103	9.994285714285715e-05	0.0003331428571428572	13.833822965621948	50315.3297598362
4669	1367.7956840971235	976.71	87.953369140625	0.1546699	9.989999999999998e-05	0.00033299999999999996	19.893635272979736	50335.22529029846
4670	1413.4199482138783	1010.94	88.461181640625	0.15468062	9.985714285714285e-05	0.0003328571428571429	14.90604305267334	50350.13340592384
4671	1335.4483472873235	975.52	87.476806640625	0.15467925	9.981428571428572e-05	0.00033271428571428574	9.633922576904297	50359.77005362511
4672	1412.9734702551639	1005.5	88.47607421875	0.15466134	9.977142857142855e-05	0.00033257142857142855	10.09586501121521	50369.86662840843
4673	1388.4671226113499	1010.36	87.232177734375	0.1546299	9.972857142857142e-05	0.0003324285714285714	9.847220659255981	50379.71440625191
4674	1409.7340162209596	1020.32	88.4921875	0.1546057	9.968571428571428e-05	0.0003322857142857143	9.808771848678589	50389.52442908287
4675	1420.702599849319	1014.14	88.5	0.15459906	9.964285714285714e-05	0.0003321428571428572	9.517390966415405	50399.042442798615
4676	1395.5716129466941	1012.34	88.5078125	0.15459266	9.959999999999998e-05	0.000332	9.498894929885864	50408.541935920715
4677	1405.7418998185667	1022.2	88.255859375	0.15458532	9.955714285714285e-05	0.00033185714285714285	9.791168689727783	50418.335124492645
4678	1382.413074267361	1008.19	88.77392578125	0.15457831	9.951428571428571e-05	0.00033171428571428577	9.52931809425354	50427.86504364014
4679	1397.9797984509735	1013.56	88.53173828125	0.15457064	9.947142857142855e-05	0.0003315714285714285	9.520816802978516	50437.38644003868
4680	1390.463635807471	1006.57	88.03955078125	0.15456313	9.942857142857141e-05	0.00033142857142857144	10.241511106491089	50447.62986493111
4681	1409.8107154517309	1014.09	88.29736328125	0.15448803	9.938571428571427e-05	0.0003312857142857143	10.753493309020996	50458.383999586105
4682	1402.1705253165426	1007.4	88.80517578125	0.15448712	9.934285714285715e-05	0.0003311428571428572	9.531229972839355	50467.91585302353
4683	1405.620157675062	1011.03	88.06298828125	0.15430216	9.929999999999997e-05	0.00033099999999999997	14.834314584732056	50482.752146720886
4684	1376.2251042503133	998.22	87.5712890625	0.15406358	9.925714285714285e-05	0.00033085714285714283	13.312592029571533	50496.06617975235
4685	1407.1896899742592	1018.08	88.0791015625	0.15407681	9.921428571428572e-05	0.00033071428571428575	10.717119932174683	50506.78469610214
4686	1352.2265982788867	992.54	89.0869140625	0.15408081	9.917142857142855e-05	0.0003305714285714285	9.561580896377563	50516.34666323662
4687	1393.4969858528182	1006.87	88.835205078125	0.15408523	9.912857142857142e-05	0.0003304285714285714	9.520538568496704	50525.86780142784
4688	1377.835581465929	1000.23	88.8505859375	0.15408929	9.908571428571428e-05	0.0003302857142857143	10.327726602554321	50536.19754767418
4689	1405.9058241468747	1008.69	89.111572265625	0.15409285	9.904285714285714e-05	0.0003301428571428572	9.586705923080444	50545.7849445343
4690	1387.5576213414492	997.8	88.119140625	0.1540955	9.899999999999998e-05	0.00032999999999999994	9.518530130386353	50555.30360484123
4691	1406.502891893639	1005.77	88.87060546875	0.15409812	9.895714285714284e-05	0.00032985714285714286	10.27930760383606	50565.58542108536
4692	1429.130627090568	1022.0	87.908447265625	0.15389581	9.891428571428571e-05	0.0003297142857142857	15.340959072113037	50580.92703104019
4693	1413.2647855771452	1017.51	88.392822265625	0.15383536	9.887142857142859e-05	0.00032957142857142864	15.188592672348022	50596.11741757393
4694	1387.1910343600916	998.4	87.408447265625	0.15375154	9.882857142857141e-05	0.0003294285714285714	15.107921600341797	50611.22744297981
4695	1357.0353469032946	982.48	88.15869140625	0.15374626	9.878571428571427e-05	0.0003292857142857143	9.653014421463013	50620.882721185684
4696	1431.17387859083	1016.42	88.291748046875	0.15356322	9.874285714285715e-05	0.00032914285714285717	14.13199758529663	50635.015302181244
4697	1372.6102562643334	1009.06	88.792236328125	0.1533611	9.869999999999997e-05	0.000329	13.777716159820557	50648.794706106186
4698	1397.9460154993608	1008.44	88.80712890625	0.15336251	9.865714285714285e-05	0.00032885714285714284	9.97990107536316	50658.77521443367
4699	1383.7832088615357	1000.83	88.313232421875	0.15335341	9.861428571428571e-05	0.00032871428571428575	15.150173902511597	50673.92711997032
4700	1412.4375911658115	1008.8	88.124755859375	0.15328526	9.857142857142858e-05	0.0003285714285714286	10.919086456298828	50684.84801650047
4701	1378.9298807623147	995.01	88.3291015625	0.15328114	9.852857142857142e-05	0.0003284285714285714	9.790072441101074	50694.63865160942
4702	1364.2742033479171	979.69	89.0869140625	0.15327685	9.848571428571428e-05	0.0003282857142857143	9.989200830459595	50704.6297314167
4703	1357.9599713570758	994.68	88.880126953125	0.1531269	9.844285714285714e-05	0.0003281428571428572	15.888862609863281	50720.519315481186
4704	1411.3327767082985	1009.44	88.5927734375	0.15312622	9.839999999999998e-05	0.00032799999999999995	9.735602140426636	50730.25942993164
4705	1415.5380296421397	1008.21	88.854248046875	0.15310834	9.835714285714284e-05	0.00032785714285714287	9.733691930770874	50739.99376988411
4706	1427.0299321944724	1020.12	89.11962890625	0.15310259	9.831428571428571e-05	0.0003277142857142857	9.763084173202515	50749.75743365288
4707	1410.350499010641	1008.33	89.87109375	0.15309781	9.827142857142858e-05	0.00032757142857142864	9.539567947387695	50759.29846906662
4708	1419.6588943742827	1014.27	88.635498046875	0.1530918	9.822857142857141e-05	0.0003274285714285714	9.506419658660889	50768.80548644066
4709	1411.9755727891668	1014.71	89.14208984375	0.15308674	9.818571428571429e-05	0.0003272857142857143	9.915276050567627	50778.72183346748
4710	1425.3940437773533	1020.13	88.651123046875	0.15308021	9.814285714285715e-05	0.00032714285714285717	10.898088932037354	50789.62054300308
4711	1407.6483583321951	1010.89	87.916748046875	0.15303534	9.809999999999997e-05	0.000327	13.71125864982605	50803.33249044418
4712	1377.674657153336	995.3	86.148193359375	0.15290175	9.805714285714285e-05	0.00032685714285714284	14.236137866973877	50817.569086551666
4713	1416.7360901075488	1013.45	88.42236328125	0.15288629	9.801428571428571e-05	0.00032671428571428576	9.796659469604492	50827.36632204056
4714	1424.6528094582595	1014.09	88.9287109375	0.15288068	9.797142857142858e-05	0.0003265714285714286	10.41435170173645	50837.78197813034
4715	1397.8920344977937	1020.62	89.42431640625	0.15287519	9.792857142857141e-05	0.0003264285714285714	9.574503660202026	50847.35703134537
4716	1407.0657698666955	1014.19	88.945068359375	0.15286969	9.788571428571428e-05	0.0003262857142857143	9.50045919418335	50856.85892653465
4717	1394.6968681720891	994.98	89.453857421875	0.1528645	9.784285714285714e-05	0.0003261428571428572	10.231074571609497	50867.09059882164
4718	1385.8381291108706	999.12	89.7109375	0.15285976	9.779999999999998e-05	0.00032599999999999996	9.530137538909912	50876.62252449989
4719	1393.4027858123998	1018.26	88.506591796875	0.15280287	9.775714285714284e-05	0.00032585714285714287	13.54901123046875	50890.172107219696
4720	1408.7763559969483	1012.15	88.715576171875	0.1528027	9.77142857142857e-05	0.00032571428571428573	9.759612798690796	50899.93366456032
4721	1418.0912186922342	1004.07	87.99609375	0.15257515	9.767142857142858e-05	0.00032557142857142865	13.704418420791626	50913.63878083229
4722	1423.4482599647715	1014.27	88.4970703125	0.15262352	9.76285714285714e-05	0.0003254285714285714	10.665808916091919	50924.305202007294
4723	1415.2923244200056	1005.05	89.25439453125	0.15262769	9.758571428571428e-05	0.0003252857142857143	9.78783655166626	50934.09508562088
4724	1402.1003183567598	1016.1	89.51220703125	0.1526307	9.754285714285715e-05	0.0003251428571428572	9.525733947753906	50943.62151193619
4725	1409.8774518391008	1011.55	89.02001953125	0.15263347	9.749999999999998e-05	0.000325	10.152127027511597	50953.77428364754
4726	1413.2718380136337	1016.35	89.028076171875	0.15265843	9.745714285714285e-05	0.00032485714285714285	10.042467594146729	50963.81944894791
4727	1418.9187635366998	1021.94	89.02392578125	0.15266079	9.741428571428571e-05	0.00032471428571428576	9.841210842132568	50973.661216259
4728	1403.4403590276152	1001.8	89.0419921875	0.1526627	9.737142857142858e-05	0.0003245714285714286	10.145542621612549	50983.808872938156
4729	1401.3780030306	1004.89	88.544921875	0.15266374	9.732857142857141e-05	0.00032442857142857143	9.533553123474121	50993.34265971184
4730	1389.675862980303	1012.9	88.8076171875	0.15266533	9.728571428571428e-05	0.0003242857142857143	9.523478031158447	51002.8675763607
4731	1396.4871064378458	1006.38	88.81591796875	0.15270181	9.724285714285714e-05	0.0003241428571428572	15.709929466247559	51018.57815480232
4732	1357.2013537554053	977.55	88.558837890625	0.15270521	9.719999999999998e-05	0.00032399999999999996	9.749310731887817	51028.32948613167
4733	1400.8481483367111	1014.69	89.824951171875	0.15270545	9.715714285714284e-05	0.0003238571428571429	9.545606851577759	51037.87565660477
4734	1384.8879862532779	1005.93	89.339111328125	0.15270522	9.71142857142857e-05	0.00032371428571428574	9.86900782585144	51047.74650454521
4735	1388.954209188676	1004.21	89.34716796875	0.15270472	9.707142857142858e-05	0.00032357142857142865	9.577704906463623	51057.32477545738
4736	1422.1148472937505	1024.0	89.10498046875	0.1527056	9.70285714285714e-05	0.0003234285714285714	9.507014751434326	51066.833606004715
4737	1414.0512495784078	1012.58	89.112060546875	0.15270692	9.698571428571428e-05	0.00032328571428571427	10.216039419174194	51077.05023407936
4738	1432.8485777725173	1018.1	88.878662109375	0.15270813	9.694285714285715e-05	0.0003231428571428572	9.527462482452393	51086.57990527153
4739	1410.0485586124453	1016.11	88.629638671875	0.15257263	9.689999999999998e-05	0.00032299999999999994	14.308512449264526	51100.88898944855
4740	1418.1381486313214	1012.21	88.393798828125	0.15261044	9.685714285714285e-05	0.00032285714285714285	14.198170185089111	51115.088145017624
4741	1412.5887464575278	1013.28	88.8955078125	0.15248722	9.681428571428571e-05	0.0003227142857142857	14.140581130981445	51129.23233485222
4742	1405.0599085216716	1013.88	89.4033203125	0.15248238	9.677142857142858e-05	0.00032257142857142863	9.790238380432129	51139.02453494072
4743	1406.8162777172884	1014.17	88.6611328125	0.15226172	9.672857142857141e-05	0.0003224285714285714	14.661576747894287	51153.68669939041
4744	1391.6042199809997	1002.95	88.9306640625	0.15209337	9.668571428571428e-05	0.0003222857142857143	14.162944316864014	51167.851615190506
4745	1430.4969590587625	1024.0	88.9384765625	0.15198515	9.664285714285714e-05	0.00032214285714285716	12.838595390319824	51180.69167613983
4746	1360.562947425674	996.53	88.9453125	0.15197648	9.659999999999998e-05	0.00032199999999999997	9.746613264083862	51190.438891887665
4747	1401.743798317759	1003.26	89.45458984375	0.1519712	9.655714285714284e-05	0.00032185714285714283	9.682574033737183	51200.12357759476
4748	1409.4799540935876	1018.19	88.712158203125	0.15196702	9.65142857142857e-05	0.00032171428571428574	9.558424472808838	51209.68257880211
4749	1353.2018933230447	982.68	89.46044921875	0.15196283	9.647142857142858e-05	0.0003215714285714286	9.783284902572632	51219.46831059456
4750	1379.1970171354903	1011.17	89.4765625	0.1519586	9.64285714285714e-05	0.0003214285714285714	9.713294982910156	51229.18221759796
4751	1425.9941184860081	1020.33	89.734375	0.15195405	9.638571428571428e-05	0.0003212857142857143	9.483180046081543	51238.675067424774
4752	1374.7989948260251	1004.83	88.25	0.15195847	9.634285714285715e-05	0.0003211428571428572	13.001899242401123	51251.67757153511
4753	1424.9185508220864	1016.64	89.74755859375	0.15196034	9.629999999999998e-05	0.00032099999999999994	9.62589979171753	51261.30497407913
4754	1406.2346314721613	1007.73	88.75830078125	0.15186504	9.625714285714285e-05	0.00032085714285714286	13.195854902267456	51274.50141644478
4755	1409.8742643186952	1015.96	89.015869140625	0.15184666	9.621428571428571e-05	0.0003207142857142857	10.555413722991943	51285.05787682533
4756	1416.5420281755316	1008.57	89.275390625	0.15184192	9.617142857142857e-05	0.00032057142857142863	9.714397192001343	51294.77237486839
4757	1419.4680097103899	1015.39	89.282958984375	0.15183848	9.612857142857141e-05	0.0003204285714285714	9.455976247787476	51304.230870485306
4758	1415.1532528277617	1014.05	89.540771484375	0.15183546	9.608571428571427e-05	0.0003202857142857143	10.338374853134155	51314.56983375549
4759	1403.9011248400807	1000.45	89.046875	0.15183246	9.604285714285714e-05	0.00032014285714285716	9.505181312561035	51324.07707166672
4760	1364.6840923175719	987.71	89.181640625	0.1518296	9.599999999999998e-05	0.00031999999999999997	9.557713985443115	51333.635399103165
4761	1404.6801961245906	1006.29	89.189208984375	0.15177195	9.595714285714284e-05	0.00031985714285714283	13.64454197883606	51347.28203034401
4762	1406.4604079834878	1007.2	89.447509765625	0.15175615	9.591428571428572e-05	0.00031971428571428575	9.905089855194092	51357.18768119812
4763	1426.6881375897244	1024.0	89.205078125	0.15172915	9.587142857142858e-05	0.0003195714285714286	10.069080829620361	51367.25875091553
4764	1401.1284552169775	1006.16	89.463134765625	0.15172748	9.58285714285714e-05	0.0003194285714285714	10.280748128890991	51377.54010057449
4765	1388.0299645105506	1004.3	89.463134765625	0.15172559	9.578571428571428e-05	0.0003192857142857143	9.567080020904541	51387.107784986496
4766	1396.722181627301	1006.14	89.978759765625	0.15172364	9.574285714285714e-05	0.0003191428571428572	9.547042846679688	51396.656920194626
4767	1410.8863515167382	1016.63	89.236328125	0.15151362	9.569999999999998e-05	0.00031899999999999995	14.547397375106812	51411.20501232147
4768	1421.9142691721372	1024.0	89.244384765625	0.15153821	9.565714285714285e-05	0.00031885714285714286	14.616541862487793	51425.82209444046
4769	1418.087485961819	1016.12	89.252685546875	0.15154608	9.561428571428571e-05	0.0003187142857142857	10.511429071426392	51436.33569526672
4770	1437.4962867486233	1014.17	86.731689453125	0.15154757	9.557142857142857e-05	0.00031857142857142864	9.864225149154663	51446.2019867897
4771	1415.5167710058245	1010.41	90.00146484375	0.15154865	9.552857142857141e-05	0.0003184285714285714	9.911259174346924	51456.113847494125
4772	1395.4406227628674	996.04	89.751708984375	0.15155052	9.548571428571427e-05	0.0003182857142857143	10.333789348602295	51466.45005297661
4773	1402.3220766833092	1016.23	89.5185546875	0.15155222	9.544285714285714e-05	0.00031814285714285717	9.58206844329834	51476.03276228905
4774	1406.1808119261914	1010.26	89.778564453125	0.15155344	9.539999999999997e-05	0.000318	9.52065110206604	51485.55351352692
4775	1417.821118870083	1024.0	89.286376953125	0.15155041	9.535714285714284e-05	0.00031785714285714284	17.075608491897583	51502.63099241257
4776	1365.5030993026555	1004.48	89.79248046875	0.15154697	9.531428571428572e-05	0.00031771428571428575	9.509235143661499	51512.142765522
4777	1383.5352805742505	1002.46	89.80224609375	0.15154381	9.527142857142858e-05	0.0003175714285714286	9.516357421875	51521.6597507
4778	1411.8720645737278	1005.98	89.309326171875	0.15154107	9.522857142857142e-05	0.0003174285714285714	9.963123559951782	51531.6248652935
4779	1381.7971451445023	1015.16	89.568115234375	0.15153879	9.518571428571428e-05	0.0003172857142857143	9.562796592712402	51541.18788933754
4780	1364.7223084668055	995.64	88.583984375	0.15153658	9.514285714285714e-05	0.0003171428571428572	9.573607444763184	51550.763536930084
4781	1403.5619069431687	1019.27	89.357177734375	0.15149201	9.509999999999998e-05	0.00031699999999999995	14.760599613189697	51565.52478671074
4782	1378.5828111423264	1008.36	89.103271484375	0.15142708	9.505714285714284e-05	0.00031685714285714287	14.088422775268555	51579.615044116974
4783	1379.8721329666246	1001.73	89.123046875	0.15118964	9.501428571428571e-05	0.00031671428571428573	14.060894966125488	51593.677651166916
4784	1408.7562215839346	1018.1	88.892333984375	0.1510959	9.497142857142857e-05	0.00031657142857142865	15.189401149749756	51608.867649555206
4785	1395.5767550235616	1013.17	89.36572265625	0.15101165	9.492857142857141e-05	0.0003164285714285714	13.844552755355835	51622.7139210701
4786	1370.9715411240284	998.6	89.385009765625	0.1510068	9.488571428571427e-05	0.0003162857142857143	10.097523927688599	51632.81203198433
4787	1402.8327184763316	1018.86	89.380859375	0.15100345	9.484285714285714e-05	0.0003161428571428572	10.18445873260498	51642.99800157547
4788	1388.9510062503095	999.29	89.638916015625	0.15099852	9.479999999999997e-05	0.00031599999999999993	9.912744283676147	51652.91147732735
4789	1411.4142001715197	1011.53	89.897705078125	0.15099263	9.475714285714284e-05	0.00031585714285714284	9.57535719871521	51662.48740530014
4790	1384.9816108604527	1000.73	88.661865234375	0.15098687	9.471428571428571e-05	0.0003157142857142857	10.421131372451782	51672.910521030426
4791	1399.6139453732424	1005.17	89.912109375	0.15098302	9.467142857142858e-05	0.0003155714285714286	9.560644149780273	51682.47178530693
4792	1375.2519001351704	1000.93	89.169921875	0.15096296	9.462857142857142e-05	0.0003154285714285714	9.742684602737427	51692.216024160385
4793	1400.415420674382	1008.16	89.677001953125	0.15095729	9.458571428571428e-05	0.0003152857142857143	9.515053749084473	51701.73164534569
4794	1394.046647424291	1000.89	89.685791015625	0.15095209	9.454285714285714e-05	0.00031514285714285715	9.766248226165771	51711.5003361702
4795	1405.3162638135536	1015.41	89.693603515625	0.15094821	9.449999999999998e-05	0.00031499999999999996	9.51675033569336	51721.01770734787
4796	1373.3872257960309	1003.41	89.69970703125	0.15094285	9.445714285714284e-05	0.0003148571428571428	9.534276008605957	51730.55566382408
4797	1402.8715022538388	1008.96	88.96728515625	0.15093787	9.441428571428571e-05	0.00031471428571428574	9.66152310371399	51740.21781682968
4798	1378.7586522328297	1002.2	90.21728515625	0.1509324	9.437142857142857e-05	0.0003145714285714286	9.495877742767334	51749.71582841873
4799	1389.2746998966995	1002.52	89.267578125	0.1508334	9.432857142857141e-05	0.0003144285714285714	15.932366847991943	51765.64894652367
4800	1396.6846375373862	1014.28	89.037841796875	0.150603	9.428571428571427e-05	0.00031428571428571427	13.048472881317139	51778.69885087013
4801	1387.6110655310215	1000.41	89.2412109375	0.15049729	9.424285714285714e-05	0.0003141428571428572	15.874131679534912	51794.57365942001
4802	1396.3201371385867	1004.17	89.235107421875	0.1503463	9.419999999999997e-05	0.00031399999999999993	10.240165710449219	51804.81550359726
4803	1369.4256123890952	992.15	90.007080078125	0.15033348	9.415714285714284e-05	0.00031385714285714285	9.512796401977539	51814.32898783684
4804	1392.9627590196274	1016.37	90.2646484375	0.15032287	9.411428571428571e-05	0.0003137142857142857	10.199129104614258	51824.528700351715
4805	1319.5233850535274	966.58	89.5234375	0.150312	9.407142857142858e-05	0.00031357142857142863	9.610920667648315	51834.14156985283
4806	1419.784847154842	1024.0	90.031494140625	0.15022542	9.402857142857141e-05	0.0003134285714285714	13.507096529006958	51847.649201869965
4807	1389.0383160480785	1017.41	89.53955078125	0.15023433	9.398571428571428e-05	0.0003132857142857143	10.388686895370483	51858.038762807846
4808	1349.5464535663286	974.98	90.04736328125	0.1502365	9.394285714285714e-05	0.00031314285714285716	9.515898704528809	51867.55520558357
4809	1401.2659990475859	1012.98	89.55419921875	0.15023813	9.389999999999998e-05	0.00031299999999999996	10.407788038253784	51877.96556806564
4810	1356.199710522716	1002.48	89.811279296875	0.15023975	9.385714285714284e-05	0.0003128571428571428	9.883238554000854	51887.849353551865
4811	1412.225294492173	1017.34	90.0693359375	0.15024257	9.38142857142857e-05	0.00031271428571428574	9.593721151351929	51897.44446563721
4812	1360.7527840845285	975.88	90.0771484375	0.1502444	9.377142857142857e-05	0.0003125714285714286	9.537257194519043	51906.98237037659
4813	1374.588425446381	994.6	90.085205078125	0.15024523	9.37285714285714e-05	0.0003124285714285714	10.340808391571045	51917.32575750351
4814	1417.0245414591666	1020.27	89.343017578125	0.15024142	9.368571428571427e-05	0.00031228571428571427	9.760599851608276	51927.08692741394
4815	1383.3026813141305	997.25	90.350830078125	0.15023921	9.364285714285715e-05	0.0003121428571428572	10.095558404922485	51937.184856176376
4816	1418.7215492789371	1017.28	89.36669921875	0.15023735	9.360000000000001e-05	0.00031200000000000005	10.210774660110474	51947.39582943916
4817	1370.33637406211	999.3	90.116943359375	0.15023638	9.355714285714284e-05	0.00031185714285714286	9.535260438919067	51956.933046102524
4818	1379.9929769099629	1001.79	89.623779296875	0.1502346	9.351428571428571e-05	0.0003117142857142857	9.498119831085205	51966.43175077438
4819	1400.2875927768694	1005.48	89.14013671875	0.15023418	9.347142857142858e-05	0.00031157142857142863	10.201936483383179	51976.635736227036
4820	1377.8889185134246	991.52	89.39013671875	0.15022957	9.342857142857141e-05	0.0003114285714285714	9.747302055358887	51986.38364768028
4821	1417.7200524407772	1024.0	89.39794921875	0.15022816	9.338571428571428e-05	0.0003112857142857143	9.527685165405273	51995.91231441498
4822	1363.007588547802	992.0	89.907470703125	0.15022719	9.334285714285714e-05	0.00031114285714285716	10.246154069900513	52006.15916633606
4823	1384.9898755505635	992.11	89.6650390625	0.15022646	9.33e-05	0.0003110000000000001	9.666095733642578	52015.82591629028
4824	1375.9830496393035	1003.65	91.0478515625	0.1502251	9.325714285714284e-05	0.00031085714285714283	9.507105827331543	52025.334996938705
4825	1377.7963921703836	994.33	90.305908203125	0.15022373	9.32142857142857e-05	0.00031071428571428575	10.221837043762207	52035.55751824379
4826	1378.9507272253902	999.77	90.0634765625	0.15021665	9.317142857142857e-05	0.0003105714285714286	9.646782159805298	52045.204887628555
4827	1402.1907719577569	1000.99	87.307373046875	0.15027754	9.31285714285714e-05	0.0003104285714285714	15.17947506904602	52060.3863401413
4828	1394.9956287137286	1004.31	89.578369140625	0.15023142	9.308571428571427e-05	0.0003102857142857143	15.038979053497314	52075.4263253212
4829	1408.3072640685289	1014.41	89.58642578125	0.15023376	9.304285714285715e-05	0.0003101428571428572	9.672525405883789	52085.10023021698
4830	1387.1193091142734	1004.41	90.33447265625	0.15005282	9.300000000000001e-05	0.00031000000000000005	16.10927391052246	52101.21184325218
4831	1353.1121726489632	981.46	88.85986328125	0.15003203	9.295714285714285e-05	0.00030985714285714286	14.718742370605469	52115.93248748779
4832	1354.7358013747635	984.11	89.610595703125	0.15003638	9.291428571428571e-05	0.0003097142857142857	10.353389501571655	52126.28774189949
4833	1383.6761205183266	991.7	90.368896484375	0.14981173	9.287142857142858e-05	0.00030957142857142864	15.258365392684937	52141.546716451645
4834	1387.04710447408	1007.22	90.37646484375	0.14980222	9.282857142857141e-05	0.0003094285714285714	9.686237812042236	52151.23535656929
4835	1403.3755981478223	1006.84	89.884765625	0.14979626	9.278571428571428e-05	0.0003092857142857143	14.180513143539429	52165.416522979736
4836	1321.4289791488382	955.02	90.392333984375	0.14979547	9.274285714285714e-05	0.00030914285714285717	9.613489389419556	52175.04043483734
4837	1389.4406140113817	998.42	90.64013671875	0.14960387	9.27e-05	0.0003090000000000001	15.255976438522339	52190.297038555145
4838	1402.1119528729928	1002.62	89.9072265625	0.1493816	9.265714285714284e-05	0.00030885714285714284	14.567006587982178	52204.86860823631
4839	1421.814882744056	1017.99	89.916259765625	0.14938152	9.26142857142857e-05	0.0003087142857142857	10.143671751022339	52215.016808748245
4840	1405.6968235160539	1012.6	90.6748046875	0.1493811	9.257142857142857e-05	0.0003085714285714286	9.535802125930786	52224.55446410179
4841	1407.9790881818467	1016.36	89.9326171875	0.14937128	9.25285714285714e-05	0.00030842857142857137	9.669483423233032	52234.22457551956
4842	1369.2586781430773	994.22	90.18798828125	0.1492425	9.248571428571427e-05	0.0003082857142857143	16.40672540664673	52250.63317275047
4843	1405.8130443389641	1006.54	89.6962890625	0.14903052	9.244285714285715e-05	0.00030814285714285714	15.303787469863892	52265.938822984695
4844	1411.9313934527663	1017.27	90.453857421875	0.14895287	9.240000000000001e-05	0.00030800000000000006	13.574577331542969	52279.515061855316
4845	1387.2348152595566	996.96	89.698486328125	0.14895268	9.235714285714285e-05	0.0003078571428571428	9.712970495223999	52289.22861623764
4846	1422.5432986804278	1010.27	89.47021484375	0.1488703	9.231428571428571e-05	0.00030771428571428573	14.043734788894653	52303.274779081345
4847	1397.9899358180746	1010.78	90.47802734375	0.14883815	9.227142857142857e-05	0.0003075714285714286	9.961601734161377	52313.23799610138
4848	1378.8106489888003	996.26	90.23583984375	0.14883292	9.222857142857141e-05	0.0003074285714285714	9.526829242706299	52322.76538729668
4849	1410.1218012424815	1006.66	89.50146484375	0.14882784	9.218571428571427e-05	0.00030728571428571426	10.175336837768555	52332.942558050156
4850	1354.3175905976232	972.96	90.50048828125	0.14882313	9.214285714285714e-05	0.0003071428571428572	9.56174898147583	52342.50484418869
4851	1386.662072641523	1005.56	91.259033203125	0.14881717	9.21e-05	0.00030700000000000004	9.550677299499512	52352.056987285614
4852	1383.194264406957	1002.26	89.52490234375	0.14881144	9.205714285714284e-05	0.00030685714285714284	11.317885398864746	52363.37546443939
4853	1399.5824125035683	1007.6	89.532958984375	0.14880654	9.20142857142857e-05	0.0003067142857142857	9.882343053817749	52373.25993061066
4854	1390.0491226368003	1004.67	90.031494140625	0.14864424	9.197142857142857e-05	0.0003065714285714286	13.693323850631714	52386.953865766525
4855	1391.324973738249	1008.51	90.791748046875	0.14864609	9.19285714285714e-05	0.00030642857142857137	10.184203147888184	52397.140508174896
4856	1411.9317444918156	1010.7	89.8076171875	0.14864825	9.188571428571427e-05	0.0003062857142857143	9.510307550430298	52406.65138101578
4857	1398.722247876029	1008.78	90.302490234375	0.14865005	9.184285714285714e-05	0.00030614285714285715	9.576865673065186	52416.23012185097
4858	1384.684625241086	1005.25	89.8154296875	0.14866492	9.180000000000001e-05	0.00030600000000000007	15.890049934387207	52432.1207575798
4859	1392.4454094764587	1004.46	89.82958984375	0.1487066	9.175714285714285e-05	0.0003058571428571428	13.424309730529785	52445.54669094086
4860	1397.3063622044644	997.56	90.831298828125	0.14860953	9.171428571428571e-05	0.00030571428571428573	15.14130687713623	52460.68963432312
4861	1418.127071542324	1011.89	90.338134765625	0.14860852	9.167142857142857e-05	0.0003055714285714286	9.72847843170166	52470.42003965378
4862	1402.972871905851	1006.71	89.854736328125	0.1486083	9.162857142857141e-05	0.0003054285714285714	9.580176591873169	52480.00079083443
4863	1410.9325492107962	1010.04	90.84521484375	0.14860769	9.158571428571427e-05	0.00030528571428571426	10.389596223831177	52490.392016649246
4864	1405.9454133476531	1012.39	89.62060546875	0.14860778	9.154285714285714e-05	0.0003051428571428572	9.653692722320557	52500.045817136765
4865	1418.4019309050718	1014.26	90.85888671875	0.14860685	9.15e-05	0.00030500000000000004	9.83806848526001	52509.886954545975
4866	1379.2646840105836	989.08	90.626708984375	0.14860524	9.145714285714284e-05	0.00030485714285714285	9.895660400390625	52519.78325176239
4867	1360.8219390722047	1000.49	90.634765625	0.14860396	9.14142857142857e-05	0.0003047142857142857	9.547550916671753	52529.33248233795
4868	1387.7925477966062	1006.18	89.900634765625	0.14860125	9.137142857142858e-05	0.0003045714285714286	9.541427850723267	52538.874487400055
4869	1400.7111495974323	1014.7	90.888671875	0.14859794	9.13285714285714e-05	0.0003044285714285714	10.080879926681519	52548.95719456673
4870	1381.8592211843975	991.39	90.408447265625	0.14854603	9.128571428571427e-05	0.0003042857142857143	13.496345043182373	52562.45408940315
4871	1401.6011580548593	1008.48	89.925537109375	0.1485454	9.124285714285714e-05	0.00030414285714285716	9.855846881866455	52572.31147694588
4872	1410.6138448707009	1022.0	89.6708984375	0.14839534	9.120000000000001e-05	0.00030400000000000007	14.18691611289978	52586.499032735825
4873	1439.6361163185231	1020.27	89.191162109375	0.14832748	9.115714285714284e-05	0.0003038571428571428	14.301257848739624	52600.80173420906
4874	1389.9882570318168	1011.84	90.691650390625	0.14831097	9.111428571428571e-05	0.00030371428571428574	10.778639554977417	52611.58091831207
4875	1408.2509416364292	1016.09	91.199462890625	0.14830713	9.107142857142857e-05	0.0003035714285714286	9.501541376113892	52621.08452963829
4876	1424.794360328441	1016.14	90.70703125	0.14830355	9.102857142857141e-05	0.0003034285714285714	9.52661395072937	52630.611318826675
4877	1392.306405949866	1007.55	90.954833984375	0.1483019	9.098571428571427e-05	0.00030328571428571427	9.877993106842041	52640.49278259277
4878	1409.6416172281336	1010.71	90.72265625	0.14830169	9.094285714285714e-05	0.0003031428571428572	9.555258750915527	52650.0486061573
4879	1385.9155626651454	1013.45	90.480712890625	0.14820923	9.09e-05	0.00030300000000000005	15.88835883140564	52665.93916273117
4880	1390.0135485365163	1014.27	89.24658203125	0.14820345	9.085714285714284e-05	0.00030285714285714285	9.748283386230469	52675.68893909454
4881	1400.4649786539146	1017.53	90.996337890625	0.14820062	9.08142857142857e-05	0.0003027142857142857	9.52007508277893	52685.209572553635
4882	1381.3119548656314	1004.89	91.254638671875	0.1481986	9.077142857142858e-05	0.00030257142857142863	10.30220651626587	52695.51361322403
4883	1395.262716492395	1020.06	90.762451171875	0.14819641	9.07285714285714e-05	0.0003024285714285714	44.26435971260071	52739.77857542038
4884	1378.2014429157798	1000.65	91.0205078125	0.14819379	9.068571428571428e-05	0.0003022857142857143	9.856638431549072	52749.636771678925
4885	1405.9352437508926	1007.64	87.763427734375	0.14804478	9.064285714285714e-05	0.00030214285714285716	14.872519254684448	52764.509459495544
4886	1422.079895497776	1020.13	90.682373046875	0.14788881	9.06e-05	0.0003020000000000001	14.4579496383667	52778.969591856
4887	1400.074827143796	1006.32	89.328125	0.14779557	9.055714285714284e-05	0.00030185714285714283	13.466838598251343	52792.43702864647
4888	1380.5142723849253	1009.87	89.059814453125	0.14761083	9.051428571428571e-05	0.00030171428571428575	13.68704867362976	52806.126037836075
4889	1399.85267436234	1010.17	90.0517578125	0.14760092	9.047142857142857e-05	0.0003015714285714286	10.382398128509521	52816.50912427902
4890	1374.8473277216178	1004.51	90.30810546875	0.14759712	9.042857142857141e-05	0.00030142857142857136	9.70185399055481	52826.211534023285
4891	1406.0261996181505	1006.34	90.58154296875	0.14759403	9.038571428571427e-05	0.0003012857142857143	9.549455642700195	52835.762983083725
4892	1431.8676704279237	1024.0	91.088623046875	0.14759217	9.034285714285714e-05	0.00030114285714285714	10.440829038619995	52846.204506874084
4893	1371.0162141268677	982.13	90.35107421875	0.1475898	9.03e-05	0.00030100000000000005	9.752547264099121	52855.95767498016
4894	1436.503730744194	1018.25	91.111083984375	0.14758627	9.025714285714284e-05	0.0003008571428571428	9.55138111114502	52865.51085186005
4895	1430.2994539824638	1024.0	89.870849609375	0.14739765	9.02142857142857e-05	0.0003007142857142857	15.945808410644531	52881.45737910271
4896	1379.2385245132582	996.35	90.380615234375	0.14726448	9.017142857142858e-05	0.0003005714285714286	14.534158945083618	52895.99368548393
4897	1374.4452255103452	992.74	89.890380859375	0.14709862	9.01285714285714e-05	0.0003004285714285714	18.37581181526184	52914.37039923668
4898	1405.0736899975448	1004.56	90.150390625	0.1470967	9.008571428571428e-05	0.00030028571428571425	9.73087215423584	52924.1032371521
4899	1394.3693772263377	1006.57	90.660400390625	0.14708361	9.004285714285714e-05	0.00030014285714285717	10.3473641872406	52934.45216798782
4900	1429.9273591656602	1020.03	90.670166015625	0.14699341	9e-05	0.00030000000000000003	15.25704836845398	52949.7093436718
4901	1401.942078578343	1014.5	89.187744140625	0.14687385	8.995714285714284e-05	0.00029985714285714284	15.867961645126343	52965.57893157005
4902	1409.758668467384	1014.79	90.93994140625	0.14665826	8.99142857142857e-05	0.0002997142857142857	13.58076524734497	52979.16087150574
4903	1407.6378183747865	1015.26	90.199462890625	0.14659299	8.987142857142857e-05	0.0002995714285714286	16.11188054084778	52995.273319005966
4904	1390.5750645925239	999.18	88.46826171875	0.14652257	8.982857142857141e-05	0.00029942857142857137	15.247622966766357	53010.5227496624
4905	1428.0204574582704	1016.88	90.24365234375	0.14650868	8.978571428571427e-05	0.0002992857142857143	14.79023003578186	53025.31473612785
4906	1426.45407963551	1024.0	90.765380859375	0.14639342	8.974285714285713e-05	0.00029914285714285714	11.99984335899353	53037.316380262375
4907	1404.6440472614659	1008.13	90.513427734375	0.1463343	8.970000000000001e-05	0.00029900000000000006	13.99781322479248	53051.316031455994
4908	1413.9331147452458	1012.14	90.013671875	0.14632523	8.965714285714284e-05	0.0002988571428571428	10.067307472229004	53061.38390278816
4909	1359.7945456593025	975.07	91.508056640625	0.14632222	8.96142857142857e-05	0.0002987142857142857	9.576761484146118	53070.96223664284
4910	1441.7588571729948	1020.17	89.525634765625	0.14631909	8.957142857142858e-05	0.0002985714285714286	9.574649095535278	53080.53699541092
4911	1406.899030410458	1020.26	91.02783203125	0.14631529	8.95285714285714e-05	0.0002984285714285714	10.201600551605225	53090.74047636986
4912	1380.9450123050283	1001.25	91.035888671875	0.14631125	8.948571428571428e-05	0.00029828571428571426	9.5468168258667	53100.287903785706
4913	1400.7175463238946	1016.19	90.54736328125	0.14640413	8.944285714285714e-05	0.00029814285714285717	15.106475353240967	53115.39591407776
4914	1409.2606096685208	1012.5	89.31494140625	0.14645086	8.94e-05	0.00029800000000000003	10.326984405517578	53125.72330284119
4915	1381.4135745296328	995.36	91.317138671875	0.14645673	8.935714285714284e-05	0.00029785714285714284	9.530065536499023	53135.25430941582
4916	1400.1667011376524	1012.26	90.826904296875	0.14646108	8.93142857142857e-05	0.0002977142857142857	10.20125150680542	53145.455732584
4917	1392.4197608176974	1003.68	90.336669921875	0.14646462	8.927142857142857e-05	0.0002975714285714286	10.120583534240723	53155.577899456024
4918	1416.568718653788	1008.67	90.5966796875	0.14646786	8.92285714285714e-05	0.00029742857142857137	9.8312668800354	53165.40928840637
4919	1420.8757072374574	1024.0	90.606201171875	0.14627866	8.918571428571427e-05	0.0002972857142857143	14.769764423370361	53180.18016695976
4920	1399.507405065763	1002.51	89.3740234375	0.14615245	8.914285714285713e-05	0.00029714285714285715	13.407450675964355	53193.58779716492
4921	1372.6772865825862	1002.28	90.36328125	0.14615591	8.910000000000001e-05	0.00029700000000000006	10.357607364654541	53203.946546792984
4922	1370.3597493583425	1002.82	91.13671875	0.14615718	8.905714285714283e-05	0.0002968571428571428	10.00430154800415	53213.95103478432
4923	1397.0010983745603	1014.85	91.646728515625	0.1461576	8.90142857142857e-05	0.00029671428571428573	9.552943229675293	53223.50566959381
4924	1363.6686332096108	995.64	90.40673828125	0.14615703	8.897142857142858e-05	0.0002965714285714286	10.254284381866455	53233.76058411598
4925	1402.212683841644	1020.14	90.916259765625	0.14615615	8.89285714285714e-05	0.0002964285714285714	9.614691019058228	53243.37655210495
4926	1383.434255566255	1006.27	90.9169921875	0.14615487	8.888571428571428e-05	0.00029628571428571426	9.55950117111206	53252.93615460396
4927	1397.2093427035213	1006.13	90.435791015625	0.1460923	8.884285714285714e-05	0.0002961428571428572	10.87451958656311	53263.81258225441
4928	1401.332286587126	1022.47	90.69580078125	0.14608832	8.88e-05	0.00029600000000000004	9.602719783782959	53273.415504693985
4929	1357.147797813448	984.94	91.453125	0.14608453	8.875714285714284e-05	0.00029585714285714285	9.537862300872803	53282.954411029816
4930	1380.6078982399472	1002.65	90.7158203125	0.1460734	8.87142857142857e-05	0.0002957142857142857	10.78707766532898	53293.74168395996
4931	1358.9629583270134	990.98	90.472412109375	0.14606364	8.867142857142857e-05	0.0002955714285714286	9.71864366531372	53303.46191239357
4932	1395.9394512923393	1010.33	90.7333984375	0.14603542	8.86285714285714e-05	0.0002954285714285714	15.505299091339111	53318.96777200699
4933	1376.357879481973	997.73	90.743408203125	0.1460406	8.858571428571427e-05	0.0002952857142857143	9.946834087371826	53328.92695879936
4934	1388.0084528006125	1011.86	91.50341796875	0.14604324	8.854285714285713e-05	0.00029514285714285715	9.567976713180542	53338.49548268318
4935	1343.8089372389152	994.7	91.2529296875	0.14604345	8.850000000000001e-05	0.00029500000000000007	9.521053552627563	53348.018508672714
4936	1365.489020536741	993.34	91.021728515625	0.14604259	8.845714285714283e-05	0.0002948571428571428	9.81017541885376	53357.82931423187
4937	1400.9685488977061	1009.83	91.53369140625	0.1460426	8.841428571428571e-05	0.00029471428571428574	9.544687747955322	53367.375859975815
4938	1357.7441580866184	991.71	90.79345703125	0.14604296	8.837142857142857e-05	0.0002945714285714286	9.564680099487305	53376.941167354584
4939	1374.2016716147784	1000.82	91.553466796875	0.1460429	8.832857142857144e-05	0.0002944285714285715	10.334240674972534	53387.277265787125
4940	1371.3815905273173	1000.96	90.813232421875	0.1460426	8.828571428571427e-05	0.00029428571428571427	9.548365831375122	53396.82620763779
4941	1376.9059290192	1010.33	90.5732421875	0.14603171	8.824285714285714e-05	0.0002941428571428572	9.695859432220459	53406.524055719376
4942	1364.1482621388227	997.43	87.836669921875	0.14589395	8.82e-05	0.00029400000000000004	16.9743013381958	53423.49897098541
4943	1387.7172575476848	1014.67	90.63916015625	0.14588945	8.815714285714284e-05	0.0002938571428571428	9.686322212219238	53433.18711423874
4944	1401.5242935031147	1014.68	90.375244140625	0.14584012	8.81142857142857e-05	0.0002937142857142857	10.744272470474243	53443.93194293976
4945	1343.5441159614243	985.28	90.60693359375	0.14583501	8.807142857142857e-05	0.0002935714285714286	10.00380563735962	53453.93752288818
4946	1387.5152335698344	1013.58	90.87158203125	0.14583018	8.802857142857143e-05	0.0002934285714285715	9.537806034088135	53463.4759414196
4947	1393.5588598311326	1014.12	90.8818359375	0.14582546	8.798571428571427e-05	0.00029328571428571424	10.824836015701294	53474.30265212059
4948	1401.5184211577784	1011.08	91.1416015625	0.14582144	8.794285714285713e-05	0.00029314285714285716	9.722933769226074	53484.0261323452
4949	1407.3586667020072	1024.0	90.90185546875	0.14581794	8.790000000000001e-05	0.000293	9.550430059432983	53493.57844376564
4950	1389.1556882020948	1006.46	90.161865234375	0.14573672	8.785714285714283e-05	0.00029285714285714283	15.80909776687622	53509.38813042641
4951	1397.3630483639843	1002.81	91.4208984375	0.1456118	8.781428571428571e-05	0.0002927142857142857	14.027583837509155	53523.41717529297
4952	1364.5853510865695	1002.45	90.078369140625	0.14529103	8.777142857142857e-05	0.0002925714285714286	17.079805374145508	53540.49758577347
4953	1371.6399276134084	995.41	91.554443359375	0.14523043	8.772857142857144e-05	0.00029242857142857147	12.980852127075195	53553.480298280716
4954	1394.5630691557953	1020.27	91.09521484375	0.14528228	8.768571428571427e-05	0.0002922857142857143	15.247130393981934	53568.72811317444
4955	1387.0264362853484	1018.32	89.63427734375	0.14524324	8.764285714285714e-05	0.00029214285714285713	10.376180648803711	53579.10609173775
4956	1407.1797790924036	1014.9	90.88720703125	0.14523804	8.76e-05	0.00029200000000000005	9.915717840194702	53589.02248334885
4957	1390.5600029656264	1010.39	91.39501953125	0.14523223	8.755714285714284e-05	0.0002918571428571428	10.1058030128479	53599.12889814377
4958	1373.682208316974	998.89	91.153076171875	0.14522688	8.75142857142857e-05	0.0002917142857142857	9.55183458328247	53608.682141542435
4959	1374.2903155344177	1004.49	90.918212890625	0.14518942	8.747142857142857e-05	0.0002915714285714286	9.851943969726562	53618.53477859497
4960	1405.5286612301682	1008.92	90.86767578125	0.14515808	8.742857142857144e-05	0.0002914285714285715	10.014878273010254	53628.55022931099
4961	1402.7852052236817	1005.29	91.875244140625	0.14515126	8.738571428571427e-05	0.00029128571428571425	9.563812732696533	53638.11684894562
4962	1380.5076662902918	1001.25	91.88134765625	0.14514439	8.734285714285713e-05	0.00029114285714285716	9.545531511306763	53647.66309404373
4963	1403.2445265982499	1016.19	91.89111328125	0.14513762	8.730000000000001e-05	0.000291	10.614890575408936	53658.27861213684
4964	1389.8276896261148	1012.2	91.64892578125	0.14513126	8.725714285714283e-05	0.00029085714285714283	9.585202693939209	53667.865347623825
4965	1424.3009256413432	1011.29	91.406982421875	0.1451265	8.721428571428571e-05	0.0002907142857142857	9.57832384109497	53677.44429206848
4966	1409.3427577036575	1020.09	91.4150390625	0.14512213	8.717142857142857e-05	0.0002905714285714286	10.170133113861084	53687.61500597
4967	1414.6611604512582	1010.1	91.6728515625	0.1451189	8.712857142857144e-05	0.00029042857142857147	9.693357706069946	53697.31020784378
4968	1394.9195177208499	1002.33	91.180908203125	0.14514486	8.708571428571427e-05	0.0002902857142857143	15.318435907363892	53712.62883234024
4969	1399.6579311900766	1001.94	91.4384765625	0.14514498	8.704285714285714e-05	0.00029014285714285714	10.228310108184814	53722.85817551613
4970	1410.2531579524232	1001.64	91.197509765625	0.14502501	8.7e-05	0.00029000000000000006	15.184673070907593	53738.043447971344
4971	1396.9214291508945	1016.16	90.70556640625	0.14493158	8.695714285714284e-05	0.0002898571428571428	15.293691158294678	53753.338950157166
4972	1395.9751204240397	998.08	91.236572265625	0.1449241	8.69142857142857e-05	0.0002897142857142857	9.727708339691162	53763.068633556366
4973	1405.3247608599902	1008.5	90.47900390625	0.14491911	8.687142857142856e-05	0.0002895714285714286	10.226276159286499	53773.295488357544
4974	1366.9170191281207	990.2	90.737060546875	0.14491534	8.682857142857144e-05	0.0002894285714285715	9.60482120513916	53782.90172624588
4975	1418.6422809668404	1012.47	90.986083984375	0.1449117	8.678571428571427e-05	0.00028928571428571425	9.532544136047363	53792.434807538986
4976	1413.4557812750202	1006.55	91.4951171875	0.14490838	8.674285714285714e-05	0.00028914285714285717	9.7845938205719	53802.22081875801
4977	1400.4620115725597	1014.32	91.2529296875	0.14490415	8.67e-05	0.00028900000000000003	9.887850046157837	53812.109295129776
4978	1412.2435299098177	1010.19	91.260498046875	0.14489998	8.665714285714283e-05	0.00028885714285714284	9.603795289993286	53821.71505355835
4979	1421.8962365156733	1018.09	91.505126953125	0.14477712	8.661428571428571e-05	0.0002887142857142857	14.209364652633667	53835.925122737885
4980	1415.3715790532628	1020.22	90.282958984375	0.14476354	8.657142857142857e-05	0.0002885714285714286	10.247867584228516	53846.17353749275
4981	1383.0390964117917	994.66	90.790283203125	0.14476079	8.652857142857144e-05	0.0002884285714285715	9.572165250778198	53855.747364759445
4982	1430.6568114564475	1024.0	91.29052734375	0.14475906	8.648571428571427e-05	0.0002882857142857143	10.501625061035156	53866.24962377548
4983	1395.755677070949	1002.58	91.548583984375	0.14475642	8.644285714285714e-05	0.00028814285714285715	9.671809196472168	53875.92284655571
4984	1416.5446857609315	1012.81	91.792724609375	0.14475544	8.64e-05	0.00028800000000000006	9.572816610336304	53885.49623465538
4985	1406.8940894211898	1011.73	91.30419921875	0.14475398	8.635714285714284e-05	0.0002878571428571428	10.250070571899414	53895.748052597046
4986	1372.0449880585772	993.13	91.5732421875	0.1447527	8.63142857142857e-05	0.00028771428571428573	9.637876749038696	53905.38653588295
4987	1398.3482291713203	998.29	91.3310546875	0.14472811	8.627142857142856e-05	0.0002875714285714286	9.93957805633545	53915.327560186386
4988	1400.880913511924	1005.27	90.8466796875	0.14472307	8.622857142857144e-05	0.0002874285714285715	10.200738430023193	53925.52892422676
4989	1401.2657525579395	1008.39	91.3369140625	0.14471895	8.618571428571426e-05	0.00028728571428571426	9.710824012756348	53935.24116778374
4990	1393.455190116736	994.92	91.352783203125	0.14471531	8.614285714285714e-05	0.0002871428571428572	9.597126960754395	53944.83892297745
4991	1408.7524681432558	1012.21	91.612548828125	0.14471194	8.61e-05	0.00028700000000000004	10.214024782180786	53955.05442237854
4992	1381.0208588063856	1000.96	90.37841796875	0.14470904	8.605714285714283e-05	0.0002868571428571428	9.85460901260376	53964.90961480141
4993	1414.8441176887288	1024.0	91.878173828125	0.14470549	8.60142857142857e-05	0.0002867142857142857	9.549150228500366	53974.459597587585
4994	1401.4560620688644	1013.43	91.3759765625	0.14470303	8.597142857142857e-05	0.00028657142857142857	10.198899507522583	53984.65907120705
4995	1424.0842016332087	1020.13	90.893798828125	0.14464343	8.592857142857143e-05	0.0002864285714285715	15.241011381149292	53999.901564359665
4996	1363.813991315841	990.88	90.90234375	0.14462878	8.588571428571427e-05	0.00028628571428571424	15.880680561065674	54015.78417277336
4997	1411.917861260716	1016.34	90.921875	0.14462453	8.584285714285713e-05	0.00028614285714285715	9.974611759185791	54025.76067376137
4998	1368.370451732232	998.93	90.917724609375	0.14461552	8.58e-05	0.000286	15.995107173919678	54041.75646853447
4999	1405.9069080855627	1018.34	88.911376953125	0.14448003	8.575714285714284e-05	0.0002858571428571428	14.645792007446289	54056.40367388725
5000	1412.6754241392723	1020.03	91.178466796875	0.14446348	8.57142857142857e-05	0.0002857142857142857	9.870393753051758	54066.27480816841
5001	1402.389283835682	1002.41	90.961669921875	0.14444971	8.567142857142856e-05	0.0002855714285714286	10.894243717193604	54077.17083835602
5002	1371.522872148239	1002.38	91.9365234375	0.14444636	8.562857142857144e-05	0.00028542857142857146	9.656097888946533	54086.82751870155
5003	1393.2752904317408	1012.17	91.9560546875	0.14444242	8.558571428571426e-05	0.00028528571428571427	9.560003995895386	54096.38967347145
5004	1420.761369215918	1024.0	91.714599609375	0.14443843	8.554285714285714e-05	0.00028514285714285713	10.16528868675232	54106.55559372902
5005	1418.1369952898358	1024.0	91.472412109375	0.14443348	8.55e-05	0.00028500000000000004	9.599686622619629	54116.15679717064
5006	1417.1034590405432	1016.06	90.988037109375	0.14442845	8.545714285714284e-05	0.0002848571428571428	9.546825408935547	54125.70420503616
5007	1429.179372832339	1014.08	91.738037109375	0.14442407	8.54142857142857e-05	0.0002847142857142857	10.177619695663452	54135.88363075256
5008	1404.8583419979414	1008.35	91.982177734375	0.14441909	8.537142857142857e-05	0.00028457142857142857	9.853916883468628	54145.73813080788
5009	1403.3239890869017	1009.26	91.01171875	0.14441483	8.532857142857143e-05	0.0002844285714285715	9.6035897731781	54155.34358358383
5010	1385.8204040457224	990.88	91.296875	0.14439799	8.528571428571427e-05	0.00028428571428571424	10.484251499176025	54165.82852482796
5011	1417.7858080268372	1014.16	92.26953125	0.14439426	8.524285714285713e-05	0.00028414285714285716	9.69988751411438	54175.53018164635
5012	1388.9983832171847	992.1	91.0341796875	0.14439057	8.52e-05	0.000284	9.589385747909546	54185.1201236248
5013	1442.1369274772262	1024.0	91.285400390625	0.14438613	8.515714285714283e-05	0.0002838571428571428	10.350364685058594	54195.47227692604
5014	1406.1237620298186	1008.51	92.043701171875	0.14438169	8.51142857142857e-05	0.0002837142857142857	18.063631534576416	54213.536516189575
5015	1393.2862702608381	1002.49	91.301513671875	0.14437585	8.507142857142856e-05	0.0002835714285714286	10.407080173492432	54223.94564270973
5016	1395.9224175135587	1009.78	91.92822265625	0.14433992	8.502857142857144e-05	0.00028342857142857146	14.974336385726929	54238.92057013512
5017	1411.2141238022969	1012.45	91.494140625	0.14433466	8.498571428571426e-05	0.00028328571428571427	9.68453073501587	54248.606559515
5018	1391.4639560883436	1004.43	90.47021484375	0.14412913	8.494285714285714e-05	0.00028314285714285713	14.749131917953491	54263.35757470131
5019	1424.0549875015122	1012.13	91.45947265625	0.1440636	8.49e-05	0.00028300000000000005	12.973855972290039	54276.333186626434
5020	1409.7932450862545	1008.88	91.467529296875	0.14398383	8.485714285714284e-05	0.0002828571428571428	15.62943959236145	54291.96324157715
5021	1431.1832833178435	1011.81	91.4755859375	0.14391331	8.48142857142857e-05	0.0002827142857142857	13.94463062286377	54305.90938830376
5022	1421.5764070387572	1012.16	90.2392578125	0.14373536	8.477142857142857e-05	0.0002825714285714286	14.962849378585815	54320.872816085815
5023	1430.8733426343183	1024.0	91.487060546875	0.14373763	8.472857142857143e-05	0.0002824285714285715	10.612157344818115	54331.48698067665
5024	1368.4595907719	988.21	92.247314453125	0.1437373	8.468571428571427e-05	0.00028228571428571425	9.5190110206604	54341.00661611557
5025	1403.3849232358614	1010.23	91.505615234375	0.14373632	8.464285714285713e-05	0.00028214285714285716	9.76000714302063	54350.76724910736
5026	1441.5438604111064	1024.0	92.013427734375	0.14373408	8.46e-05	0.000282	9.58250641822815	54360.351665496826
5027	1406.9652245171724	996.53	92.02001953125	0.14373122	8.455714285714283e-05	0.00028185714285714283	9.536277294158936	54369.88859915733
5028	1398.6063330599325	998.95	91.779052734375	0.1437278	8.45142857142857e-05	0.0002817142857142857	9.709441184997559	54379.60035896301
5029	1416.1008156562148	999.68	92.023193359375	0.14372368	8.447142857142857e-05	0.0002815714285714286	9.643094062805176	54389.244020462036
5030	1430.4314605032812	1012.48	91.781494140625	0.14372043	8.442857142857144e-05	0.00028142857142857147	9.539809942245483	54398.785205841064
5031	1421.3911476977903	1018.15	91.802490234375	0.14351864	8.438571428571426e-05	0.0002812857142857143	12.765509605407715	54411.55091047287
5032	1426.1207633181102	1017.36	91.560546875	0.14352125	8.434285714285714e-05	0.00028114285714285714	9.520185708999634	54421.07358646393
5033	1429.763816887193	1018.72	92.318359375	0.14352365	8.43e-05	0.00028100000000000005	9.548617124557495	54430.62240982056
5034	1404.5327901408048	1004.17	92.06982421875	0.14352511	8.425714285714284e-05	0.0002808571428571428	9.68127727508545	54440.30575942993
5035	1396.7135478140096	1004.67	91.835205078125	0.14352146	8.42142857142857e-05	0.0002807142857142857	10.361297607421875	54450.667665958405
5036	1435.0497274034092	1024.0	91.88525390625	0.14351223	8.417142857142857e-05	0.0002805714285714286	9.714699745178223	54460.38412594795
5037	1428.408249485989	1022.17	91.850830078125	0.14350978	8.412857142857143e-05	0.0002804285714285715	9.671077966690063	54470.055768013
5038	1419.202972596694	1020.48	92.108642578125	0.14350799	8.408571428571427e-05	0.00028028571428571425	9.676882982254028	54479.734669685364
5039	1423.3181777549914	1016.25	92.10302734375	0.14350551	8.404285714285713e-05	0.00028014285714285717	9.568602323532104	54489.30398225784
5040	1429.691979204046	1010.4	91.872314453125	0.14350376	8.4e-05	0.00028000000000000003	9.755728483200073	54499.06076359749
5041	1413.5501772174998	1020.37	92.38232421875	0.1435017	8.395714285714283e-05	0.00027985714285714284	9.59022331237793	54508.65158009529
5042	1418.5900452804972	1018.06	91.913818359375	0.14351086	8.39142857142857e-05	0.0002797142857142857	15.088130235671997	54523.74122953415
5043	1410.3112812661595	1011.55	91.398193359375	0.1433453	8.387142857142857e-05	0.0002795714285714286	13.438976049423218	54537.182473659515
5044	1414.1017396978193	1010.21	91.65625	0.14312881	8.382857142857144e-05	0.0002794285714285715	14.50271201133728	54551.6857483387
5045	1420.6318435855271	1020.46	91.66455078125	0.14298774	8.378571428571427e-05	0.00027928571428571423	13.176764011383057	54564.86442685127
5046	1398.4997709580337	1014.12	92.172119140625	0.14298905	8.374285714285714e-05	0.00027914285714285714	9.526225805282593	54574.39121723175
5047	1438.6719113549823	1016.15	92.671630859375	0.14299001	8.37e-05	0.000279	10.49324083328247	54584.88630485535
5048	1414.1856853039455	1005.22	91.685791015625	0.14299464	8.365714285714284e-05	0.0002788571428571428	9.722866296768188	54594.60975551605
5049	1371.0194764121832	990.68	92.193603515625	0.142996	8.36142857142857e-05	0.0002787142857142857	9.52492642402649	54604.13605451584
5050	1393.5537904819764	996.33	92.45166015625	0.1429961	8.357142857142857e-05	0.0002785714285714286	10.264524221420288	54614.40121412277
5051	1407.805811101687	1000.79	92.70947265625	0.14299686	8.352857142857143e-05	0.00027842857142857145	9.547800779342651	54623.95042133331
5052	1434.1291988042958	1018.29	92.712158203125	0.14299576	8.348571428571427e-05	0.00027828571428571426	15.238283157348633	54639.18936920166
5053	1419.0536312181505	1018.16	92.22509765625	0.14299528	8.344285714285713e-05	0.0002781428571428571	9.657061338424683	54648.848173856735
5054	1429.4801023304117	1016.01	91.2421875	0.14299433	8.34e-05	0.00027800000000000004	9.742313623428345	54658.5911924839
5055	1419.5578795497224	1014.08	91.741943359375	0.14296408	8.335714285714283e-05	0.0002778571428571428	9.996400594711304	54668.588169813156
5056	1393.5961911199524	1006.48	91.258056640625	0.14293773	8.33142857142857e-05	0.0002777142857142857	9.97237229347229	54678.5623421669
5057	1432.548904074628	1018.09	89.48779296875	0.14293174	8.327142857142857e-05	0.00027757142857142857	9.614529848098755	54688.17751836777
5058	1399.6273111538017	1004.06	92.760009765625	0.14292715	8.322857142857144e-05	0.0002774285714285715	9.734284162521362	54697.912415504456
5059	1399.003415659232	1008.51	92.26904296875	0.14292338	8.318571428571427e-05	0.00027728571428571423	9.915123701095581	54707.82963514328
5060	1431.978997406757	1014.17	92.03076171875	0.14291982	8.314285714285714e-05	0.00027714285714285715	9.578012228012085	54717.40822553635
5061	1422.2037933436948	1009.9	92.538330078125	0.14291687	8.31e-05	0.000277	9.563344478607178	54726.97237110138
5062	1415.6021164670653	1012.25	92.571533203125	0.1429141	8.305714285714284e-05	0.0002768571428571428	10.249202489852905	54737.22216749191
5063	1417.7595146974897	1014.9	92.090087890625	0.14280741	8.30142857142857e-05	0.0002767142857142857	15.29855990409851	54752.52218198776
5064	1426.8191683319164	1012.52	92.31298828125	0.1426608	8.297142857142857e-05	0.0002765714285714286	15.542635917663574	54768.06683564186
5065	1434.7187565108716	1024.0	92.32080078125	0.1426528	8.292857142857143e-05	0.00027642857142857146	13.585252523422241	54781.65428328514
5066	1395.9476985685264	1001.05	91.8271484375	0.14265208	8.288571428571427e-05	0.00027628571428571426	9.686199188232422	54791.34217429161
5067	1440.7512418835322	1022.06	92.58642578125	0.14263645	8.284285714285713e-05	0.0002761428571428571	13.797566652297974	54805.14034152031
5068	1414.282406361472	1002.16	91.844482421875	0.14264485	8.28e-05	0.00027600000000000004	9.815622806549072	54814.95785069466
5069	1434.8413197811522	1016.39	92.853271484375	0.14264728	8.275714285714287e-05	0.0002758571428571429	10.564052820205688	54825.52261805534
5070	1392.8818074142719	1004.81	91.85986328125	0.14265013	8.27142857142857e-05	0.0002757142857142857	9.551923036575317	54835.075159072876
5071	1432.878202413206	1024.0	92.366943359375	0.14265276	8.267142857142857e-05	0.00027557142857142857	10.045308351516724	54845.122218847275
5072	1418.97364770525	1006.42	92.625	0.14265582	8.262857142857144e-05	0.0002754285714285715	10.213187456130981	54855.33611989021
5073	1439.0879086938191	1024.0	92.13330078125	0.14265974	8.258571428571427e-05	0.00027528571428571424	9.567670583724976	54864.904423475266
5074	1405.27515055998	1009.61	91.39111328125	0.14276369	8.254285714285714e-05	0.00027514285714285716	14.06977128982544	54878.976095438
5075	1418.7918190810449	1021.27	91.888916015625	0.14265577	8.25e-05	0.000275	10.788846015930176	54889.76646876335
5076	1447.4553604923076	1024.0	92.900634765625	0.14264922	8.245714285714286e-05	0.00027485714285714293	9.655418395996094	54899.422100782394
5077	1429.1155614255504	1020.07	92.4150390625	0.14264342	8.24142857142857e-05	0.0002747142857142857	9.599402666091919	54909.023307323456
5078	1425.0460780993305	1024.0	91.9228515625	0.14257593	8.237142857142856e-05	0.0002745714285714286	14.589705467224121	54923.61365938187
5079	1402.0221856725432	1004.98	91.246826171875	0.14257108	8.232857142857143e-05	0.00027442857142857146	9.707492351531982	54933.322927713394
5080	1441.3030362210636	1014.2	92.313720703125	0.14244573	8.228571428571426e-05	0.00027428571428571427	13.708794832229614	54947.03232717514
5081	1394.4900977273255	1010.88	92.5712890625	0.14237869	8.224285714285713e-05	0.00027414285714285713	14.146986484527588	54961.181246995926
5082	1413.546682986121	1020.81	92.079345703125	0.14229965	8.22e-05	0.00027400000000000005	14.704089879989624	54975.88685441017
5083	1399.4968136270538	1000.32	91.587158203125	0.14223827	8.215714285714287e-05	0.0002738571428571429	15.375255584716797	54991.26394486427
5084	1387.746846738475	1000.69	92.345947265625	0.14221199	8.211428571428569e-05	0.0002737142857142857	16.350971460342407	55007.61650252342
5085	1433.563813899145	1019.23	92.104736328125	0.14219944	8.207142857142857e-05	0.0002735714285714286	10.03374171257019	55017.65201282501
5086	1422.0381048321549	1016.01	92.36279296875	0.14219801	8.202857142857143e-05	0.0002734285714285715	9.602061986923218	55027.254722595215
5087	1395.5989407851896	1005.35	93.12060546875	0.14219737	8.198571428571427e-05	0.00027328571428571425	10.223677396774292	55037.478976249695
5088	1413.521469806575	1014.12	91.63623046875	0.14219607	8.194285714285713e-05	0.00027314285714285716	9.606157302856445	55047.08712005615
5089	1395.9372871065525	1008.22	92.39404296875	0.14219533	8.19e-05	0.000273	9.566898822784424	55056.654664993286
5090	1402.247351055754	1012.1	91.65185546875	0.14219531	8.185714285714286e-05	0.00027285714285714294	10.252571105957031	55066.9086523056
5091	1384.5768039993732	984.89	92.40234375	0.14188379	8.18142857142857e-05	0.0002727142857142857	13.400872945785522	55080.31009840965
5092	1404.0300658586907	1002.39	92.40869140625	0.1419059	8.177142857142856e-05	0.0002725714285714286	10.236088037490845	55090.548031806946
5093	1418.5644558939562	1012.48	92.91650390625	0.1419063	8.172857142857143e-05	0.00027242857142857147	9.589220762252808	55100.137957811356
5094	1425.1200838668615	1022.14	92.182373046875	0.14190583	8.168571428571426e-05	0.0002722857142857142	9.586108446121216	55109.724699258804
5095	1411.8242334454335	1010.54	93.43212890625	0.14190604	8.164285714285713e-05	0.00027214285714285714	9.583712100982666	55119.31061029434
5096	1430.48895400109	1018.12	92.197998046875	0.14190616	8.16e-05	0.00027200000000000005	9.651561737060547	55128.96277880669
5097	1431.6871997133526	1007.59	93.197998046875	0.14190568	8.155714285714287e-05	0.0002718571428571429	9.678906917572021	55138.64369225502
5098	1423.8081432427841	1014.08	92.205078125	0.1418249	8.15142857142857e-05	0.00027171428571428567	15.781694889068604	55154.42597866058
5099	1435.9895848404155	1016.53	92.2138671875	0.14169872	8.147142857142857e-05	0.0002715714285714286	14.11798357963562	55168.54570603371
5100	1441.9795014883532	1024.0	92.5068359375	0.14156622	8.142857142857143e-05	0.00027142857142857144	15.050702810287476	55183.597131967545
5101	1382.1337671926863	990.69	92.5146484375	0.14154352	8.138571428571427e-05	0.00027128571428571425	9.878401279449463	55193.47692966461
5102	1423.992046284384	1014.45	91.7734375	0.1415106	8.134285714285713e-05	0.0002711428571428571	9.782326936721802	55203.25990128517
5103	1397.3090007009682	999.87	92.781494140625	0.14150268	8.13e-05	0.00027100000000000003	10.186465501785278	55213.446922540665
5104	1398.6369657897458	989.0	92.797607421875	0.14149506	8.125714285714286e-05	0.0002708571428571429	9.56252646446228	55223.01098060608
5105	1415.7235398431835	1007.74	92.292724609375	0.14148845	8.12142857142857e-05	0.0002707142857142857	9.553032159805298	55232.56465220451
5106	1420.412265420212	1014.02	92.791748046875	0.14148305	8.117142857142856e-05	0.00027057142857142856	9.823602676391602	55242.38888144493
5107	1396.9864606405456	1000.11	93.0634765625	0.14147876	8.112857142857143e-05	0.0002704285714285715	10.00217580795288	55252.3931889534
5108	1412.5750394583904	1014.15	92.033935546875	0.14135727	8.108571428571426e-05	0.0002702857142857142	15.21542477607727	55267.60931587219
5109	1408.3450484124292	1011.15	92.293701171875	0.14123847	8.104285714285713e-05	0.00027014285714285714	15.91866135597229	55283.529400110245
5110	1400.1740586091319	1007.97	92.551513671875	0.14114976	8.1e-05	0.00027	15.283096313476562	55298.81418132782
5111	1428.0013308495315	1014.16	92.80908203125	0.14098902	8.095714285714287e-05	0.0002698571428571429	14.341591358184814	55313.157741069794
5112	1408.847933223951	1006.45	92.567138671875	0.14098024	8.09142857142857e-05	0.00026971428571428567	9.73771595954895	55322.89625406265
5113	1432.048700752211	1016.15	92.5751953125	0.14097631	8.087142857142857e-05	0.0002695714285714286	10.126330375671387	55333.02374744415
5114	1438.6594763593382	1018.82	90.06982421875	0.14097275	8.082857142857143e-05	0.00026942857142857145	9.565187931060791	55342.589527606964
5115	1415.680536056585	1005.4	92.81689453125	0.1409698	8.078571428571427e-05	0.00026928571428571426	9.54534912109375	55352.13692188263
5116	1431.937192189713	1012.64	93.33349609375	0.14096653	8.074285714285713e-05	0.0002691428571428571	9.537632942199707	55361.67526292801
5117	1426.5021335656243	1008.51	92.579345703125	0.1409645	8.07e-05	0.00026900000000000003	10.580755472183228	55372.25664663315
5118	1412.2985502679571	1013.11	91.62109375	0.14095506	8.065714285714286e-05	0.0002688571428571429	9.74843955039978	55382.00674653053
5119	1414.2249863837694	1010.51	93.109375	0.1409436	8.06142857142857e-05	0.0002687142857142857	14.961586475372314	55396.968979120255
5120	1424.0635098489047	1010.77	93.3681640625	0.14084475	8.057142857142856e-05	0.00026857142857142856	13.69763970375061	55410.66899681091
5121	1416.0221746585498	1020.34	92.115966796875	0.14071779	8.052857142857142e-05	0.0002684285714285715	15.856517553329468	55426.52620124817
5122	1414.4831202047426	1010.3	92.3837890625	0.14061935	8.048571428571426e-05	0.00026828571428571423	14.081409931182861	55440.60935640335
5123	1415.72454230009	1014.31	92.2001953125	0.14062482	8.044285714285713e-05	0.00026814285714285715	9.711925268173218	55450.321920633316
5124	1423.6948915257597	1020.7	92.894775390625	0.14062582	8.04e-05	0.000268	9.714870929718018	55460.037360191345
5125	1402.607893234131	1006.89	93.409423828125	0.14062628	8.035714285714287e-05	0.0002678571428571429	10.386862993240356	55470.42607855797
5126	1416.3472806031032	1006.41	92.665283203125	0.14062755	8.03142857142857e-05	0.0002677142857142857	9.546371698379517	55479.9730694294
5127	1417.231677718758	1004.58	91.931396484375	0.14062816	8.027142857142857e-05	0.0002675714285714286	10.174694061279297	55490.149944067
5128	1427.8874609588215	1012.26	92.431396484375	0.14042287	8.022857142857143e-05	0.00026742857142857145	14.033863067626953	55504.18438220024
5129	1410.430393424096	1011.55	92.46533203125	0.1402367	8.018571428571427e-05	0.00026728571428571426	15.92249345779419	55520.10900640488
5130	1388.5976016124373	989.42	92.72802734375	0.14014867	8.014285714285713e-05	0.0002671428571428571	13.660652875900269	55533.77114343643
5131	1432.398402009464	1018.51	91.52880859375	0.140148	8.01e-05	0.00026700000000000004	10.38419246673584	55544.155955553055
5132	1416.225255846766	1018.45	93.493896484375	0.1401468	8.005714285714286e-05	0.0002668571428571429	9.57238245010376	55553.730288505554
5133	1402.0840262113375	1002.71	92.746826171875	0.14014482	8.00142857142857e-05	0.0002667142857142857	9.544354677200317	55563.274824142456
5134	1405.0674692449547	1001.01	93.00830078125	0.14014417	7.997142857142856e-05	0.00026657142857142857	10.47347092628479	55573.75009274483
5135	1385.8504016269276	992.95	92.513671875	0.140143	7.992857142857144e-05	0.0002664285714285715	9.53960394859314	55583.29031395912
5136	1389.6250861105968	989.62	93.0263671875	0.13995765	7.988571428571426e-05	0.00026628571428571424	13.678458213806152	55596.97060203552
5137	1380.5615212216626	1014.22	92.557861328125	0.13998757	7.984285714285712e-05	0.00026614285714285715	10.725199460983276	55607.69641327858
5138	1386.5828354474672	1001.2	93.041015625	0.1399904	7.98e-05	0.000266	9.702967405319214	55617.4011259079
5139	1404.3905324085752	1011.45	93.039794921875	0.13999307	7.975714285714287e-05	0.00026585714285714293	9.86115837097168	55627.262882471085
5140	1427.1830552026624	1020.47	91.853271484375	0.1398363	7.97142857142857e-05	0.0002657142857142857	14.06583046913147	55641.33045578003
5141	1404.8582957979102	1012.66	92.609130859375	0.13984595	7.967142857142857e-05	0.0002655714285714286	9.893043041229248	55651.22407603264
5142	1413.591594815717	1021.7	92.349609375	0.13984747	7.962857142857143e-05	0.00026542857142857146	9.730061531066895	55660.95597052574
5143	1367.3419511437276	990.38	93.077880859375	0.13984758	7.958571428571427e-05	0.00026528571428571427	9.82465386390686	55670.78119850159
5144	1410.079625758123	1011.0	93.2236328125	0.13984904	7.954285714285713e-05	0.00026514285714285713	9.616930961608887	55680.40003848076
5145	1409.984773266104	1020.46	92.982666015625	0.1398503	7.95e-05	0.00026500000000000004	9.657747745513916	55690.05840873718
5146	1425.777769426498	1016.27	93.490478515625	0.13985248	7.945714285714286e-05	0.0002648571428571429	9.797901391983032	55699.858400821686
5147	1392.0520184975528	996.72	92.984619140625	0.13985513	7.94142857142857e-05	0.00026471428571428566	9.562608480453491	55709.421636104584
5148	1399.4013523952685	1003.21	92.267333984375	0.13985647	7.937142857142856e-05	0.0002645714285714286	9.514708518981934	55718.93775224686
5149	1414.6899111582554	1004.86	93.30517578125	0.13973024	7.932857142857144e-05	0.00026442857142857144	13.304132223129272	55732.24258565903
5150	1438.9376273603316	1022.14	92.33642578125	0.13972951	7.928571428571426e-05	0.00026428571428571424	9.61569595336914	55741.85886001587
5151	1414.3832342574256	1009.06	93.387939453125	0.1397024	7.924285714285714e-05	0.0002641428571428571	14.330687999725342	55756.19123840332
5152	1402.0628500392527	1016.31	93.11669921875	0.13955171	7.92e-05	0.000264	13.901468992233276	55770.09325170517
5153	1418.2220427127695	1002.59	93.40380859375	0.13946809	7.915714285714286e-05	0.0002638571428571429	14.60692834854126	55784.70260024071
5154	1405.9346289716214	1006.67	93.161865234375	0.13946949	7.91142857142857e-05	0.0002637142857142857	9.544150114059448	55794.248588085175
5155	1415.7888986700489	1017.4	92.919677734375	0.13932222	7.907142857142857e-05	0.00026357142857142855	13.70758318901062	55807.95638656616
5156	1427.2388335092785	1020.15	92.96142578125	0.13921827	7.902857142857143e-05	0.00026342857142857147	14.545998573303223	55822.504330158234
5157	1355.2381931180146	976.49	92.93408203125	0.13923064	7.898571428571427e-05	0.0002632857142857142	10.023363590240479	55832.52941823006
5158	1431.4200492287562	1024.0	92.44970703125	0.13924088	7.894285714285713e-05	0.00026314285714285713	10.482714653015137	55843.01272726059
5159	1416.4006854894978	1010.54	92.97314453125	0.13912217	7.89e-05	0.000263	14.622287034988403	55857.63661813736
5160	1401.538558589169	1009.18	93.208740234375	0.13912505	7.885714285714286e-05	0.0002628571428571429	10.550545930862427	55868.18783354759
5161	1401.8602857861008	1000.75	93.214599609375	0.1391875	7.88142857142857e-05	0.00026271428571428566	13.716920375823975	55881.90634870529
5162	1393.5130932818051	999.02	92.2314453125	0.13912098	7.877142857142856e-05	0.0002625714285714286	13.70536208152771	55895.612322330475
5163	1428.5563217701615	1018.3	93.230712890625	0.13911672	7.872857142857144e-05	0.00026242857142857144	10.56376028060913	55906.17820930481
5164	1408.8553970238897	1001.44	93.2548828125	0.1391144	7.868571428571426e-05	0.00026228571428571425	9.545737743377686	55915.72455120087
5165	1398.0040705237254	999.13	93.247314453125	0.13911213	7.864285714285714e-05	0.0002621428571428571	9.529528617858887	55925.255459070206
5166	1388.3384432624125	1005.61	94.005126953125	0.13911094	7.86e-05	0.000262	10.26572036743164	55935.52183556557
5167	1411.512618682763	1012.19	93.762939453125	0.13910967	7.855714285714286e-05	0.0002618571428571429	9.535515546798706	55945.058784008026
5168	1427.5350296180104	1024.0	93.0732421875	0.13906439	7.85142857142857e-05	0.0002617142857142857	13.06985592842102	55958.1292552948
5169	1431.7034422623528	1014.14	93.52001953125	0.13895656	7.847142857142856e-05	0.00026157142857142856	13.910236358642578	55972.0415160656
5170	1382.1557787460727	999.52	93.276611328125	0.13895713	7.842857142857143e-05	0.00026142857142857147	9.74454140663147	55981.786620140076
5171	1422.4119802920138	1021.37	93.0966796875	0.13887273	7.838571428571426e-05	0.0002612857142857142	14.044753789901733	55995.832964897156
5172	1411.4840645100076	1012.68	90.777587890625	0.13882108	7.834285714285713e-05	0.00026114285714285714	10.278605222702026	56006.11214065552
5173	1418.6258051463064	1022.32	93.53515625	0.13881592	7.829999999999999e-05	0.000261	9.565956354141235	56015.67982983589
5174	1397.2879111919203	1001.27	94.049072265625	0.13881128	7.825714285714286e-05	0.0002608571428571429	10.2523353099823	56025.93279457092
5175	1398.924622299498	999.39	93.56494140625	0.1387232	7.821428571428569e-05	0.00026071428571428567	14.4620680809021	56040.39735150337
5176	1405.1773518586238	1010.72	92.596435546875	0.13871802	7.817142857142856e-05	0.0002605714285714286	9.951698303222656	56050.35068106651
5177	1415.4356847454046	1020.15	93.5966796875	0.1387156	7.812857142857143e-05	0.00026042857142857145	9.684327125549316	56060.03522729874
5178	1384.9733771944097	996.53	93.8388671875	0.13871308	7.808571428571426e-05	0.00026028571428571425	9.856816291809082	56069.89258527756
5179	1407.9649174352394	1016.72	93.59521484375	0.13871036	7.804285714285713e-05	0.0002601428571428571	9.530608654022217	56079.42498636246
5180	1423.0484337170199	1019.7	93.353515625	0.13870753	7.8e-05	0.00026000000000000003	9.67622685432434	56089.101809978485
5181	1413.1398538424276	1012.46	93.6103515625	0.13870496	7.795714285714286e-05	0.0002598571428571429	9.65395736694336	56098.75759959221
5182	1394.2408281305457	1007.44	92.869140625	0.13870144	7.79142857142857e-05	0.0002597142857142857	9.582594871520996	56108.34030985832
5183	1395.2900477566168	1006.27	93.6259765625	0.13869788	7.787142857142856e-05	0.00025957142857142856	9.616663694381714	56117.95870232582
5184	1407.4024115935588	1010.23	93.3857421875	0.13869365	7.782857142857143e-05	0.0002594285714285715	14.945752620697021	56132.90509438515
5185	1429.1745652008008	1014.34	93.393798828125	0.13869911	7.778571428571426e-05	0.00025928571428571423	10.418370962142944	56143.325308799744
5186	1386.2755272106763	999.03	92.9091796875	0.13870037	7.774285714285713e-05	0.00025914285714285715	9.545586347579956	56152.872145175934
5187	1390.5287373996755	996.79	93.9013671875	0.13870147	7.769999999999999e-05	0.000259	9.70195984840393	56162.57473778725
5188	1418.967561526592	1011.14	92.67529296875	0.13870208	7.765714285714287e-05	0.0002588571428571429	9.87201976776123	56172.448558568954
5189	1403.5704390075337	1004.58	93.925048828125	0.13870297	7.761428571428569e-05	0.0002587142857142857	9.629929542541504	56182.07921171188
5190	1408.7768086125639	1003.78	93.683349609375	0.1387043	7.757142857142856e-05	0.0002585714285714286	9.60313630104065	56191.68255209923
5191	1402.7673039595531	1002.74	93.44091796875	0.13870458	7.752857142857143e-05	0.00025842857142857145	9.557563304901123	56201.242190122604
5192	1408.6059751646856	996.86	93.94873046875	0.13870455	7.74857142857143e-05	0.00025828571428571437	13.187190294265747	56214.430077552795
5193	1401.3468984198075	1002.16	92.706787109375	0.1387042	7.744285714285713e-05	0.0002581428571428571	9.759645700454712	56224.19034910202
5194	1399.5292449353612	1000.7	93.20947265625	0.13864903	7.74e-05	0.00025800000000000004	15.139526844024658	56239.33160161972
5195	1411.5719221634793	1019.79	92.97216796875	0.13874955	7.735714285714286e-05	0.0002578571428571429	15.362306118011475	56254.69575881958
5196	1400.3079563971194	997.61	93.281494140625	0.13874176	7.73142857142857e-05	0.0002577142857142857	10.677994966506958	56265.374353170395
5197	1408.4757123809052	1003.16	93.731689453125	0.13873474	7.727142857142856e-05	0.00025757142857142857	9.711646318435669	56275.087973594666
5198	1416.9918266474297	1009.42	92.05078125	0.13859811	7.722857142857143e-05	0.0002574285714285715	12.969743490219116	56288.05826115608
5199	1412.7675376340665	1014.12	92.75390625	0.13855156	7.718571428571429e-05	0.00025728571428571434	10.393451690673828	56298.45311379433
5200	1424.1779263239812	1024.0	93.512939453125	0.13854581	7.714285714285713e-05	0.0002571428571428571	9.558040380477905	56308.01169538498
5201	1448.867186488699	1018.61	93.769287109375	0.13854034	7.709999999999999e-05	0.000257	9.555729389190674	56317.56872177124
5202	1444.120508859819	1022.16	93.513427734375	0.13853444	7.705714285714287e-05	0.0002568571428571429	10.078084230422974	56327.647013902664
5203	1391.8108719953805	992.88	93.783447265625	0.13853033	7.701428571428569e-05	0.0002567142857142857	10.007728576660156	56337.656406879425
5204	1419.475538779181	1012.38	93.06494140625	0.1383333	7.697142857142857e-05	0.00025657142857142854	15.881145238876343	56353.53813314438
5205	1411.4160085564022	1009.45	92.308349609375	0.138192	7.692857142857143e-05	0.00025642857142857146	13.795541763305664	56367.335468530655
5206	1383.0118425745359	998.83	92.066162109375	0.13819264	7.68857142857143e-05	0.0002562857142857143	9.773122310638428	56377.10932159424
5207	1432.8033987500894	1018.45	94.06640625	0.13819207	7.684285714285713e-05	0.0002561428571428571	10.340704441070557	56387.45061469078
5208	1425.3540666962554	1016.47	92.95703125	0.13819161	7.68e-05	0.000256	9.573451519012451	56397.02547168732
5209	1422.323785245818	1020.28	92.96484375	0.13819219	7.675714285714286e-05	0.0002558571428571429	9.563824653625488	56406.590002536774
5210	1397.373138819689	1002.79	93.715087890625	0.13819213	7.67142857142857e-05	0.00025571428571428566	10.221487283706665	56416.81211900711
5211	1421.4873518145132	1014.31	94.472900390625	0.13819207	7.667142857142856e-05	0.00025557142857142857	9.566123723983765	56426.380192518234
5212	1420.1474155888652	1010.79	93.48046875	0.13802339	7.662857142857142e-05	0.00025542857142857143	15.22441291809082	56441.60528635979
5213	1429.1962031805742	1014.2	94.238525390625	0.13787092	7.658571428571429e-05	0.00025528571428571435	16.68859887123108	56458.2958984375
5214	1428.2558917005053	1018.1	93.246826171875	0.13769078	7.654285714285713e-05	0.0002551428571428571	15.865847110748291	56474.16366434097
5215	1410.8946479639364	1000.71	93.278076171875	0.13754894	7.649999999999999e-05	0.000255	19.480427026748657	56493.64560842514
5216	1397.2262308285658	1002.64	94.023681640625	0.13754784	7.645714285714287e-05	0.0002548571428571429	10.435787200927734	56504.08222460747
5217	1425.6957110847407	1014.41	93.51611328125	0.13754712	7.641428571428569e-05	0.0002547142857142857	9.60702919960022	56513.69049143791
5218	1435.4688278472315	1017.21	94.02880859375	0.13754635	7.637142857142857e-05	0.00025457142857142855	9.626479625701904	56523.31798744202
5219	1383.2049285876697	1000.17	94.28076171875	0.1375452	7.632857142857143e-05	0.00025442857142857146	10.238717555999756	56533.55729007721
5220	1363.177855258792	980.46	93.789794921875	0.1375454	7.62857142857143e-05	0.0002542857142857143	9.796884536743164	56543.35599780083
5221	1417.6837396346186	1006.64	93.5478515625	0.13754489	7.624285714285713e-05	0.00025414285714285713	9.64736795425415	56553.003986120224
5222	1434.5515799864663	1023.51	94.308837890625	0.13754438	7.62e-05	0.000254	10.468536138534546	56563.47309803963
5223	1404.1161735259673	995.43	93.074951171875	0.13754298	7.615714285714286e-05	0.0002538571428571429	10.01002025604248	56573.48464012146
5224	1443.9520896268084	1024.0	94.3369140625	0.13748892	7.61142857142857e-05	0.00025371428571428566	14.970729351043701	56588.45601415634
5225	1452.3543509903475	1018.03	93.822998046875	0.13748646	7.607142857142856e-05	0.0002535714285714286	9.748183250427246	56598.20479011536
5226	1398.2843933149688	997.61	93.5908203125	0.1374587	7.602857142857142e-05	0.00025342857142857144	14.273054122924805	56612.47997021675
5227	1393.6870652069088	985.74	93.6123046875	0.13727944	7.598571428571429e-05	0.00025328571428571436	14.644909143447876	56627.1259727478
5228	1409.6952092123108	1005.7	92.61181640625	0.13727194	7.594285714285712e-05	0.0002531428571428571	9.876551151275635	56637.00310564041
5229	1429.5822494643226	1014.12	91.341796875	0.13727194	7.589999999999999e-05	0.000253	9.705294132232666	56646.71054458618
5230	1400.4245446016555	1001.42	93.621337890625	0.13730256	7.585714285714287e-05	0.0002528571428571429	15.561335802078247	56662.272495269775
5231	1440.1360505062291	1020.6	94.136962890625	0.13730325	7.581428571428569e-05	0.0002527142857142857	9.584601640701294	56671.85882997513
5232	1411.3736580590535	1006.64	94.638916015625	0.13730301	7.577142857142857e-05	0.00025257142857142855	9.547231435775757	56681.40677404404
5233	1434.9847685813706	1018.11	93.403076171875	0.13706592	7.572857142857143e-05	0.00025242857142857147	14.019788026809692	56695.42718911171
5234	1435.629188010661	1020.3	94.41015625	0.13699576	7.56857142857143e-05	0.00025228571428571433	14.90201997756958	56710.331197977066
5235	1378.4638622781101	980.89	94.221435546875	0.1369935	7.564285714285713e-05	0.00025214285714285714	9.880399942398071	56720.21225953102
5236	1419.4391341435878	1007.13	94.163330078125	0.13699241	7.56e-05	0.000252	9.559611558914185	56729.77364730835
5237	1392.4701690573856	1002.48	94.184814453125	0.13699181	7.555714285714286e-05	0.0002518571428571429	9.548122644424438	56739.32238674164
5238	1426.2461457693166	1008.35	93.69384765625	0.13699006	7.55142857142857e-05	0.00025171428571428567	9.67936372756958	56749.0033762455
5239	1439.3590952286752	1020.17	94.701904296875	0.13698877	7.547142857142856e-05	0.0002515714285714286	9.559586763381958	56758.563588142395
5240	1424.4948423406274	1016.17	93.959716796875	0.13698697	7.542857142857142e-05	0.00025142857142857145	9.596719980239868	56768.162811517715
5241	1437.8360104510846	1020.05	93.4755859375	0.13698553	7.53857142857143e-05	0.00025128571428571436	9.685597896575928	56777.84898042679
5242	1398.5502253225977	995.7	93.711669921875	0.136967	7.534285714285712e-05	0.0002511428571428571	9.93760085105896	56787.78865814209
5243	1431.6332475068134	1016.26	94.481689453125	0.13696374	7.529999999999999e-05	0.00025100000000000003	9.870401859283447	56797.65962958336
5244	1417.1715443614617	1008.25	94.489501953125	0.13696031	7.525714285714286e-05	0.0002508571428571429	10.151410579681396	56807.81286787987
5245	1380.9756049446448	986.49	94.247802734375	0.13695739	7.521428571428569e-05	0.0002507142857142857	9.67017149925232	56817.483618974686
5246	1387.5128462445325	989.62	93.750732421875	0.13695408	7.517142857142857e-05	0.00025057142857142856	9.615332841873169	56827.10004925728
5247	1428.4354575523641	1024.0	94.01220703125	0.13695109	7.512857142857143e-05	0.0002504285714285715	10.294284343719482	56837.39487147331
5248	1411.4979237343007	1008.38	94.514892578125	0.1369494	7.508571428571429e-05	0.00025028571428571434	9.840763807296753	56847.237451553345
5249	1410.6441663172636	1006.88	93.0302734375	0.13692902	7.504285714285713e-05	0.0002501428571428571	15.836755275726318	56863.07488799095
5250	1413.1591226776582	1002.25	94.2900390625	0.13692722	7.5e-05	0.00025	9.665605306625366	56872.74157142639
5251	1406.6105408104363	1005.04	93.7822265625	0.13681927	7.495714285714286e-05	0.0002498571428571429	14.279763221740723	56887.02200508118
5252	1425.6336884034445	1016.46	93.5634765625	0.1367919	7.49142857142857e-05	0.0002497142857142857	10.87388014793396	56897.89643931389
5253	1403.9235219301604	1016.05	94.562255859375	0.13678804	7.487142857142856e-05	0.00024957142857142854	9.587475061416626	56907.48544239998
5254	1435.3172904217715	1014.16	94.56982421875	0.13678452	7.482857142857142e-05	0.00024942857142857145	9.539793014526367	56917.02588033676
5255	1437.7003189737973	1016.2	94.31982421875	0.13678099	7.47857142857143e-05	0.0002492857142857143	10.398052215576172	56927.42451810837
5256	1405.0675959378793	1008.81	94.085693359375	0.13677777	7.474285714285712e-05	0.0002491428571428571	9.805227994918823	56937.231561899185
5257	1396.9030842601123	1008.79	94.34375	0.13674165	7.47e-05	0.000249	15.107399940490723	56952.33967471123
5258	1412.2531094074634	1002.36	94.101318359375	0.13650416	7.465714285714286e-05	0.0002488571428571429	14.191161870956421	56966.53260469437
5259	1419.205291446734	1006.59	94.359375	0.13651755	7.461428571428569e-05	0.00024871428571428565	10.008365631103516	56976.54162955284
5260	1431.0982051593496	1015.79	93.67578125	0.13652149	7.457142857142856e-05	0.00024857142857142857	10.418313980102539	56986.96055698395
5261	1413.598596984858	1008.15	93.624755859375	0.13643786	7.452857142857143e-05	0.0002484285714285714	15.213308334350586	57002.17579817772
5262	1411.116147191698	1000.72	94.131591796875	0.13643979	7.448571428571429e-05	0.00024828571428571434	10.474978923797607	57012.65146994591
5263	1406.9210493169323	1000.62	94.640380859375	0.13643886	7.444285714285713e-05	0.0002481428571428571	9.570239782333374	57022.222351551056
5264	1407.23484552783	1008.23	93.898681640625	0.13643783	7.439999999999999e-05	0.000248	10.143240451812744	57032.36741709709
5265	1411.8952589533517	1014.09	94.40625	0.13643718	7.435714285714286e-05	0.00024785714285714287	10.481920957565308	57042.84996533394
5266	1401.1979436127308	1001.99	94.1533203125	0.13643594	7.431428571428569e-05	0.0002477142857142857	10.145103693008423	57052.99581503868
5267	1384.9293745405673	998.08	93.67919921875	0.1364349	7.427142857142856e-05	0.00024757142857142854	9.620011329650879	57062.61765098572
5268	1379.4950136164825	995.65	93.929443359375	0.13642812	7.422857142857142e-05	0.00024742857142857146	10.38122844696045	57072.99950623512
5269	1359.4219785714006	991.52	93.757568359375	0.13634028	7.41857142857143e-05	0.0002472857142857143	13.915652751922607	57086.91575407982
5270	1447.1754307513913	1024.0	94.2109375	0.13610508	7.414285714285712e-05	0.0002471428571428571	13.342704057693481	57100.26097154617
5271	1419.7666414614362	1016.03	93.952880859375	0.13610822	7.41e-05	0.000247	9.932576656341553	57110.19412612915
5272	1380.1294685968512	986.56	95.0859375	0.1361084	7.405714285714286e-05	0.0002468571428571429	9.560113430023193	57119.75521683693
5273	1423.1101148321627	1010.66	94.84375	0.13610871	7.40142857142857e-05	0.00024671428571428566	9.535644769668579	57129.29149842262
5274	1403.3319011655144	1005.07	94.841796875	0.13610788	7.397142857142856e-05	0.00024657142857142857	9.7701895236969	57139.06353712082
5275	1401.542686829086	1006.7	94.349853515625	0.13610642	7.392857142857143e-05	0.00024642857142857143	9.663549661636353	57148.72771167755
5276	1425.204532215853	1010.55	94.86767578125	0.13610531	7.388571428571429e-05	0.00024628571428571435	9.56192946434021	57158.291578531265
5277	1410.793987200227	1010.54	93.875732421875	0.1359987	7.384285714285713e-05	0.0002461428571428571	15.75167989730835	57174.04390835762
5278	1410.3187385048702	1014.26	94.383544921875	0.13595109	7.379999999999999e-05	0.000246	15.005259990692139	57189.05059552193
5279	1412.744881986422	1010.87	95.134765625	0.1359517	7.375714285714286e-05	0.0002458571428571429	9.783350229263306	57198.83501434326
5280	1399.7569241641252	1000.09	93.68408203125	0.1358477	7.371428571428569e-05	0.0002457142857142857	16.299423694610596	57215.135025024414
5281	1426.9163054546793	1014.12	93.69189453125	0.1358514	7.367142857142856e-05	0.00024557142857142855	10.483189582824707	57225.61964893341
5282	1397.647347497305	1000.92	95.15087890625	0.13585235	7.362857142857142e-05	0.00024542857142857146	9.55029296875	57235.17051386833
5283	1431.0289494254498	1018.31	94.9189453125	0.1358528	7.35857142857143e-05	0.0002452857142857143	9.598413228988647	57244.77041840553
5284	1418.042288564837	1016.0	95.181884765625	0.13585268	7.354285714285712e-05	0.00024514285714285713	10.491328001022339	57255.262290239334
5285	1374.3720369036469	990.74	94.689453125	0.13585164	7.35e-05	0.000245	9.543039798736572	57264.80729794502
5286	1426.4483756447316	1024.0	94.947265625	0.13584967	7.345714285714286e-05	0.0002448571428571429	9.997431993484497	57274.80495548248
5287	1382.526968700613	1004.83	91.935791015625	0.13584708	7.34142857142857e-05	0.00024471428571428566	10.244640350341797	57285.05170083046
5288	1393.7215845156406	995.34	95.1904296875	0.13584457	7.337142857142856e-05	0.0002445714285714286	9.773273944854736	57294.82553243637
5289	1431.7718109257198	1016.09	93.7265625	0.13573925	7.332857142857143e-05	0.00024442857142857144	14.980517387390137	57309.808155059814
5290	1425.2436693709615	1024.0	93.97509765625	0.13573003	7.328571428571429e-05	0.00024428571428571435	9.845248460769653	57319.654484033585
5291	1405.2205728168108	996.43	94.720947265625	0.13572584	7.324285714285713e-05	0.0002441428571428571	9.580593585968018	57329.235625743866
5292	1391.8886813535878	1004.07	94.73779296875	0.13572262	7.319999999999999e-05	0.000244	9.584270000457764	57338.821417570114
5293	1431.9483626298386	1018.26	95.494384765625	0.13572	7.315714285714285e-05	0.00024385714285714288	9.63464879989624	57348.45676922798
5294	1418.7275673753313	1010.5	94.5087890625	0.13571775	7.311428571428569e-05	0.00024371428571428566	9.580078601837158	57358.03746056557
5295	1400.9103779297448	999.44	95.2666015625	0.13571553	7.307142857142855e-05	0.00024357142857142855	9.59290361404419	57367.63211274147
5296	1407.8135910274545	988.16	94.774658203125	0.1357138	7.302857142857142e-05	0.00024342857142857144	10.20099949836731	57377.833770275116
5297	1398.030073016689	1002.87	94.531005859375	0.13571185	7.29857142857143e-05	0.00024328571428571433	9.563724994659424	57387.398045539856
5298	1404.283101921506	1004.67	94.040283203125	0.13558637	7.294285714285712e-05	0.0002431428571428571	16.058892488479614	57403.45887064934
5299	1416.7049733502502	1011.06	95.049072265625	0.1355059	7.29e-05	0.000243	15.431630373001099	57418.89133358002
5300	1423.810271738457	1014.49	94.34228515625	0.13549985	7.285714285714286e-05	0.00024285714285714289	15.156490325927734	57434.04947805405
5301	1439.8569059778138	1018.19	94.08056640625	0.13537703	7.28142857142857e-05	0.00024271428571428567	15.240345001220703	57449.29081749916
5302	1410.7439557106838	1012.06	94.32177734375	0.13521294	7.277142857142856e-05	0.00024257142857142855	15.734053611755371	57465.026889801025
5303	1393.6643666709635	994.72	94.864013671875	0.13521513	7.272857142857142e-05	0.00024242857142857144	9.703996896743774	57474.731944561005
5304	1416.0950495477227	1013.99	94.328369140625	0.13521712	7.268571428571429e-05	0.00024228571428571433	9.878714323043823	57484.611275434494
5305	1442.2062453985404	1024.0	94.344970703125	0.13521755	7.264285714285713e-05	0.0002421428571428571	10.219257116317749	57494.832427978516
5306	1420.6950413067177	1004.54	93.86181640625	0.13521744	7.259999999999999e-05	0.000242	9.56807565689087	57504.40106725693
5307	1423.8195776303712	1014.18	93.869873046875	0.13521695	7.255714285714285e-05	0.0002418571428571429	9.703693866729736	57514.1065363884
5308	1409.2451910559591	1010.26	95.11962890625	0.13521619	7.251428571428569e-05	0.00024171428571428567	10.352481126785278	57524.45955491066
5309	1415.9343073521723	1000.62	94.614013671875	0.1352155	7.247142857142855e-05	0.00024157142857142856	9.844266414642334	57534.30532479286
5310	1398.6119383520668	1002.77	94.1259765625	0.13513003	7.242857142857143e-05	0.00024142857142857145	15.306565523147583	57549.612454891205
5311	1437.0546353836812	1016.15	94.7021484375	0.13497293	7.23857142857143e-05	0.00024128571428571433	14.482446193695068	57564.096385240555
5312	1417.6283260452597	1010.1	94.651611328125	0.13497038	7.234285714285712e-05	0.00024114285714285711	10.078059673309326	57574.175209760666
5313	1428.2235406937605	1022.34	95.398193359375	0.13496937	7.23e-05	0.000241	10.557526350021362	57584.7349729538
5314	1416.1404495055724	1013.19	95.160400390625	0.13496844	7.225714285714286e-05	0.0002408571428571429	9.645970344543457	57594.38158130646
5315	1425.870130026574	1007.31	93.93115234375	0.1349677	7.221428571428572e-05	0.00024071428571428578	9.605170249938965	57603.98729348183
5316	1422.1994198831294	1018.18	95.18212890625	0.13496654	7.217142857142856e-05	0.00024057142857142856	10.461033821105957	57614.4497487545
5317	1390.8880550337788	998.38	93.96337890625	0.13479136	7.212857142857142e-05	0.00024042857142857145	15.277117252349854	57629.72741985321
5318	1406.1672975734734	1013.93	94.483154296875	0.13478929	7.208571428571429e-05	0.00024028571428571434	9.726778268814087	57639.455985069275
5319	1397.4911520047303	1014.08	94.471923828125	0.13471398	7.204285714285712e-05	0.00024014285714285712	15.565711975097656	57655.022326231
5320	1423.9776513793227	1014.59	94.7138671875	0.13471656	7.199999999999999e-05	0.00024	9.91923975944519	57664.94308972359
5321	1415.813472287052	1020.13	94.471923828125	0.13471572	7.195714285714285e-05	0.0002398571428571429	10.4193696975708	57675.36306142807
5322	1406.3482570542492	1006.41	95.47998046875	0.13471526	7.191428571428573e-05	0.00023971428571428578	9.58980393409729	57684.95387625694
5323	1410.7608583595702	1012.72	95.486572265625	0.13471535	7.187142857142855e-05	0.00023957142857142856	9.623731136322021	57694.57779312134
5324	1439.6429098745887	1022.18	94.495361328125	0.13471653	7.182857142857143e-05	0.00023942857142857145	10.260964155197144	57704.84023618698
5325	1400.2512928358199	1012.18	95.003173828125	0.13471772	7.17857142857143e-05	0.00023928571428571434	9.577154874801636	57714.417937994
5326	1404.0127144280036	996.48	94.51123046875	0.13471854	7.174285714285713e-05	0.0002391428571428571	9.611387252807617	57724.03125691414
5327	1432.067179831411	1020.14	95.51904296875	0.13471979	7.17e-05	0.00023899999999999998	10.501827478408813	57734.53329253197
5328	1421.034363792151	1001.56	94.777099609375	0.1347203	7.165714285714286e-05	0.0002388571428571429	9.572526693344116	57744.107076883316
5329	1413.5437912058687	1006.56	95.2841796875	0.13472001	7.161428571428572e-05	0.00023871428571428579	9.594634771347046	57753.702283382416
5330	1422.5000591496012	1016.05	94.292724609375	0.13464059	7.157142857142856e-05	0.00023857142857142854	16.4953715801239	57770.198860645294
5331	1412.8550011686082	1008.65	95.300537109375	0.13463093	7.152857142857142e-05	0.00023842857142857143	14.222566843032837	57784.42284011841
5332	1407.4984448994476	1000.87	94.821533203125	0.13463007	7.148571428571429e-05	0.00023828571428571432	15.600695848464966	57800.025127887726
5333	1427.6095905846582	1016.16	95.067138671875	0.13462491	7.144285714285712e-05	0.0002381428571428571	9.911679029464722	57809.93847107887
5334	1419.09001078693	1022.09	95.324951171875	0.13462238	7.139999999999999e-05	0.00023799999999999998	9.659977197647095	57819.598665714264
5335	1437.3626977669605	1018.08	95.3330078125	0.13461967	7.135714285714285e-05	0.00023785714285714287	9.715274333953857	57829.315730810165
5336	1438.4906871777944	1013.98	94.7236328125	0.13461716	7.131428571428573e-05	0.00023771428571428576	9.608276605606079	57838.9242169857
5337	1442.9659449308185	1018.23	94.972900390625	0.13461414	7.127142857142855e-05	0.00023757142857142854	9.970245361328125	57848.89694738388
5338	1417.1353819567594	1008.58	95.47998046875	0.13461037	7.122857142857143e-05	0.00023742857142857143	9.683643341064453	57858.58119082451
5339	1423.2741113853886	1012.67	94.988037109375	0.13447441	7.118571428571429e-05	0.00023728571428571432	15.346466779708862	57873.92960548401
5340	1415.8677348519466	998.62	94.745849609375	0.13447176	7.114285714285713e-05	0.0002371428571428571	10.535020351409912	57884.4662733078
5341	1421.1993969386726	1008.14	95.253662109375	0.13447036	7.11e-05	0.000237	9.835824966430664	57894.302793741226
5342	1444.921895496906	1024.0	95.51171875	0.13446914	7.105714285714286e-05	0.00023685714285714288	9.725295543670654	57904.0284743309
5343	1445.1878737377056	1016.82	95.769287109375	0.1344683	7.101428571428572e-05	0.00023671428571428576	12.11318564414978	57916.14187312126
5344	1413.9466821346405	1011.71	92.505615234375	0.13446777	7.097142857142856e-05	0.00023657142857142854	9.598066091537476	57925.741995573044
5345	1365.6093062783464	976.84	95.0263671875	0.13445249	7.092857142857142e-05	0.00023642857142857143	15.432522535324097	57941.17512989044
5346	1420.7683720595303	1022.22	94.541259765625	0.13440995	7.088571428571429e-05	0.00023628571428571432	15.384734630584717	57956.561425209045
5347	1438.9723785661993	1024.0	94.548828125	0.13422638	7.084285714285712e-05	0.0002361428571428571	15.199543237686157	57971.76182126999
5348	1397.1552978157656	996.64	94.554931640625	0.13413574	7.079999999999999e-05	0.000236	15.363966464996338	57987.12766075134
5349	1414.921136676779	1010.5	94.567626953125	0.13404572	7.075714285714285e-05	0.00023585714285714288	13.916831254959106	58001.04533624649
5350	1416.4936376712917	1018.49	94.57568359375	0.13404875	7.071428571428573e-05	0.00023571428571428577	10.348814725875854	58011.39471125603
5351	1421.6617576295778	1014.25	94.56982421875	0.13404383	7.067142857142855e-05	0.00023557142857142855	9.70191764831543	58021.09897994995
5352	1431.2435005800983	1024.0	94.336669921875	0.13399504	7.062857142857143e-05	0.00023542857142857144	14.814059257507324	58035.91373205185
5353	1421.3084443907571	1014.43	94.849365234375	0.13399632	7.058571428571429e-05	0.00023528571428571432	9.75142216682434	58045.66614603996
5354	1409.9808239032325	1010.1	95.357421875	0.1339964	7.054285714285713e-05	0.0002351428571428571	9.592165231704712	58055.25894498825
5355	1396.1872662072526	1000.2	95.864990234375	0.13399643	7.049999999999999e-05	0.000235	10.231870174407959	58065.49137711525
5356	1442.476137645655	1014.06	95.61328125	0.13399658	7.045714285714286e-05	0.00023485714285714288	9.592429399490356	58075.0854036808
5357	1415.1631544652753	1007.59	95.12109375	0.13399741	7.041428571428572e-05	0.00023471428571428577	9.652443647384644	58084.738533973694
5358	1372.1081105890858	994.72	95.388916015625	0.1339978	7.037142857142856e-05	0.00023457142857142855	10.312878370285034	58095.05153465271
5359	1401.3863973215216	1008.7	96.146728515625	0.13399914	7.032857142857142e-05	0.00023442857142857144	9.625829219818115	58104.678814172745
5360	1428.3147068990138	1020.23	95.155029296875	0.13394435	7.028571428571428e-05	0.00023428571428571433	15.541763305664062	58120.22124695778
5361	1410.6081973079226	1010.35	94.659912109375	0.1339352	7.024285714285712e-05	0.0002341428571428571	15.672340154647827	58135.894966602325
5362	1449.9230638503516	1024.0	94.918701171875	0.13388377	7.019999999999999e-05	0.000234	14.905830383300781	58150.80115580559
5363	1383.785934168386	995.35	94.9267578125	0.13387835	7.015714285714286e-05	0.00023385714285714288	9.899352312088013	58160.70188450813
5364	1422.4354997423645	1015.73	95.670654296875	0.13380405	7.011428571428573e-05	0.00023371428571428577	14.723085403442383	58175.425542593
5365	1434.7788498007428	1024.0	95.693359375	0.13380006	7.007142857142855e-05	0.00023357142857142855	10.614553689956665	58186.0419216156
5366	1437.2721334583318	1019.98	95.451171875	0.13379796	7.002857142857143e-05	0.00023342857142857144	9.568599224090576	58195.61108160019
5367	1404.0953079371654	1003.36	95.708984375	0.13379578	6.998571428571429e-05	0.00023328571428571433	9.614957332611084	58205.22790122032
5368	1436.816041772608	1019.0	95.217041015625	0.13379435	6.994285714285713e-05	0.0002331428571428571	10.261195182800293	58215.48963475227
5369	1410.586159657217	1002.08	95.968505859375	0.13379219	6.989999999999999e-05	0.000233	9.555705547332764	58225.04714798927
5370	1425.1699190488469	1018.14	95.21923828125	0.13379006	6.985714285714286e-05	0.0002328571428571429	9.629732608795166	58234.67750477791
5371	1415.8243578076865	1004.88	95.240478515625	0.13378872	6.981428571428572e-05	0.00023271428571428578	10.549614191055298	58245.22884607315
5372	1387.410673211014	995.13	95.498291015625	0.13375576	6.977142857142856e-05	0.00023257142857142856	15.372188091278076	58260.60174417496
5373	1408.497730149338	1012.11	94.7548828125	0.13369837	6.972857142857142e-05	0.00023242857142857144	15.244091510772705	58275.84727835655
5374	1434.2599256395865	1013.52	95.013916015625	0.13347714	6.968571428571428e-05	0.00023228571428571433	15.206102132797241	58291.055166721344
5375	1434.2108573579703	1012.26	95.27197265625	0.13337083	6.964285714285712e-05	0.0002321428571428571	15.940215349197388	58306.997071266174
5376	1400.5387430449732	999.04	94.77978515625	0.13322967	6.959999999999998e-05	0.000232	15.235679626464844	58322.234602212906
5377	1408.3705238714651	1015.17	94.82958984375	0.13318501	6.955714285714286e-05	0.0002318571428571429	15.91343641281128	58338.14966917038
5378	1420.909832419873	1013.97	94.8349609375	0.13309672	6.951428571428573e-05	0.00023171428571428578	15.130455255508423	58353.281947374344
5379	1408.8278433976711	1001.66	95.593017578125	0.13310598	6.947142857142856e-05	0.00023157142857142853	10.66393494606018	58363.94973874092
5380	1423.3753014435354	1010.12	95.56591796875	0.13310893	6.942857142857143e-05	0.00023142857142857142	9.816624402999878	58373.76692247391
5381	1431.83014830264	1010.6	95.80615234375	0.13311033	6.938571428571429e-05	0.0002312857142857143	9.567257642745972	58383.33701109886
5382	1428.6241735077163	1016.8	95.08642578125	0.1331106	6.934285714285713e-05	0.0002311428571428571	10.316478967666626	58393.65401554108
5383	1434.8016563360902	1020.73	94.593994140625	0.13311006	6.929999999999999e-05	0.00023099999999999998	9.577805995941162	58403.2336666584
5384	1435.499694713004	1022.04	95.84423828125	0.13310991	6.925714285714285e-05	0.00023085714285714287	9.552950620651245	58412.78717851639
5385	1407.9402818078318	994.79	94.879150390625	0.13298076	6.921428571428572e-05	0.00023071428571428575	16.205627918243408	58428.99446225166
5386	1433.3135174231556	1018.44	94.854248046875	0.13284196	6.917142857142855e-05	0.00023057142857142853	15.26997709274292	58444.2664437294
5387	1415.9464254397562	1002.3	95.115966796875	0.13274617	6.912857142857142e-05	0.00023042857142857142	15.356026411056519	58459.624022483826
5388	1415.8217131487056	1002.61	95.123779296875	0.13274144	6.908571428571428e-05	0.0002302857142857143	9.764068603515625	58469.390432834625
5389	1388.2494138152442	1000.83	95.621826171875	0.13273814	6.904285714285712e-05	0.0002301428571428571	9.751622676849365	58479.14262628555
5390	1440.557402432909	1024.0	95.378173828125	0.13273408	6.899999999999998e-05	0.00022999999999999998	9.770702362060547	58488.91446518898
5391	1397.050440408879	1000.73	96.3974609375	0.13272978	6.895714285714286e-05	0.00022985714285714287	9.608013391494751	58498.523077487946
5392	1421.4351253224659	1016.19	95.405517578125	0.13291526	6.891428571428572e-05	0.00022971428571428576	14.396186828613281	58512.921285390854
5393	1392.9545956980735	991.09	95.163330078125	0.1329159	6.887142857142856e-05	0.00022957142857142854	9.721917390823364	58522.64393353462
5394	1401.4045753521984	994.8	95.67138671875	0.13276291	6.882857142857142e-05	0.00022942857142857143	15.103947877883911	58537.74845910072
5395	1422.5348384382014	1024.0	95.179443359375	0.13276255	6.878571428571429e-05	0.00022928571428571431	10.162122011184692	58547.912390232086
5396	1414.6484261847006	1018.62	94.695068359375	0.13276161	6.874285714285713e-05	0.0002291428571428571	9.576045274734497	58557.48968863487
5397	1423.403483210586	1013.48	96.445556640625	0.13276032	6.869999999999999e-05	0.00022899999999999998	9.616965770721436	58567.10726380348
5398	1441.4565895533765	1010.19	95.953369140625	0.1327592	6.865714285714285e-05	0.00022885714285714287	10.313877582550049	58577.42288541794
5399	1408.245328829253	1008.58	95.7119140625	0.13275723	6.861428571428572e-05	0.00022871428571428576	9.621064901351929	58587.04452371597
5400	1403.9832504250674	1003.54	95.3447265625	0.13275513	6.857142857142855e-05	0.00022857142857142854	9.639855861663818	58596.68619012833
5401	1434.8419553596957	1016.27	96.102294921875	0.13275297	6.852857142857142e-05	0.00022842857142857143	10.26824426651001	58606.955075502396
5402	1430.1346302582579	1008.97	93.09033203125	0.13275093	6.848571428571428e-05	0.00022828571428571432	9.602350234985352	58616.55800271034
5403	1419.2646003280295	1006.93	95.40380859375	0.13274497	6.844285714285712e-05	0.0002281428571428571	9.839977741241455	58626.39984989166
5404	1431.0323402724941	1020.09	96.122314453125	0.13274342	6.839999999999998e-05	0.00022799999999999999	10.395089864730835	58636.79565834999
5405	1445.4640761651494	1012.4	95.87841796875	0.13274188	6.835714285714286e-05	0.00022785714285714287	9.91163158416748	58646.70789694786
5406	1426.8026176841233	1022.15	96.1259765625	0.1327403	6.831428571428572e-05	0.00022771428571428576	9.624698162078857	58656.33450436592
5407	1414.2497862414152	1016.34	96.147705078125	0.13273855	6.827142857142856e-05	0.00022757142857142854	10.305286884307861	58666.64038324356
5408	1443.8404030609101	1020.36	96.405517578125	0.13273655	6.822857142857142e-05	0.00022742857142857143	9.609152793884277	58676.25142812729
5409	1388.395789849914	988.71	96.153564453125	0.13273425	6.818571428571429e-05	0.00022728571428571432	9.610699653625488	58685.862751722336
5410	1422.2434860081805	1014.06	95.421630859375	0.1327225	6.814285714285712e-05	0.0002271428571428571	10.614903211593628	58696.47915649414
5411	1402.1182713223802	1004.69	95.48828125	0.13271289	6.809999999999999e-05	0.000227	9.682947158813477	58706.16268348694
5412	1440.9520337503186	1021.97	95.927490234375	0.13252921	6.805714285714285e-05	0.00022685714285714288	14.33033561706543	58720.494945049286
5413	1429.7611275834063	1011.73	95.196044921875	0.13252208	6.801428571428572e-05	0.00022671428571428577	10.348071098327637	58730.844754457474
5414	1444.3698435759295	1006.22	96.203857421875	0.13251947	6.797142857142855e-05	0.00022657142857142855	9.623449325561523	58740.46878027916
5415	1401.6016974706913	998.14	96.45166015625	0.1325176	6.792857142857142e-05	0.00022642857142857143	9.833644390106201	58750.304713726044
5416	1431.5640881232757	1014.35	94.977783203125	0.13251458	6.78857142857143e-05	0.00022628571428571432	9.795504808425903	58760.10079717636
5417	1433.333647191885	1013.09	95.4775390625	0.13251252	6.784285714285712e-05	0.0002261428571428571	9.58369493484497	58769.686433792114
5418	1419.875170954741	1014.16	96.235595703125	0.13251095	6.779999999999998e-05	0.000226	9.622534036636353	58779.30959916115
5419	1443.5806037970033	1021.42	95.24169921875	0.1324986	6.775714285714286e-05	0.00022585714285714288	10.484488487243652	58789.79561877251
5420	1414.6575627421782	1014.31	96.23974609375	0.1324842	6.771428571428572e-05	0.00022571428571428577	9.73228645324707	58799.52846574783
5421	1418.2777376510328	1013.11	95.509033203125	0.13238828	6.767142857142856e-05	0.00022557142857142855	16.48338532447815	58816.01370835304
5422	1414.8983925702282	1005.68	96.265380859375	0.13238434	6.762857142857142e-05	0.00022542857142857144	15.183414220809937	58831.19855761528
5423	1420.0647398053704	1014.44	95.333740234375	0.13230038	6.758571428571429e-05	0.00022528571428571433	16.15192198753357	58847.3524723053
5424	1441.9797535839773	1018.0	95.282958984375	0.13229953	6.754285714285712e-05	0.0002251428571428571	9.823222875595093	58857.177119493484
5425	1381.2010710945626	987.03	96.04052734375	0.1322985	6.749999999999999e-05	0.000225	9.618687868118286	58866.79637289047
5426	1384.3375428337197	1000.07	96.549072265625	0.13229807	6.745714285714285e-05	0.00022485714285714288	10.238465547561646	58877.03629779816
5427	1440.1541652234282	1022.12	96.054931640625	0.13229798	6.741428571428572e-05	0.00022471428571428577	9.853071212768555	58886.88992834091
5428	1386.3938533858798	1001.82	96.56298828125	0.13229899	6.737142857142855e-05	0.00022457142857142855	9.68614411354065	58896.57783174515
5429	1407.6852272613096	1008.21	95.82080078125	0.13229966	6.732857142857142e-05	0.00022442857142857144	10.271896362304688	58906.85032439232
5430	1383.6763725959515	995.33	95.829833984375	0.13230015	6.728571428571429e-05	0.00022428571428571433	9.577674865722656	58916.4290471077
5431	1448.416781115742	1018.48	95.586669921875	0.13229945	6.724285714285712e-05	0.00022414285714285708	9.744507551193237	58926.17421269417
5432	1438.4697487554574	1022.06	96.095458984375	0.13229886	6.72e-05	0.00022399999999999997	10.232126474380493	58936.40690493584
5433	1448.487411260364	1020.46	95.111083984375	0.13229714	6.715714285714286e-05	0.00022385714285714286	9.599826574325562	58946.00828003883
5434	1396.391544528535	1010.24	95.368896484375	0.13229539	6.711428571428572e-05	0.00022371428571428575	9.567676067352295	58955.57651567459
5435	1405.802969770059	997.47	95.8681640625	0.13229363	6.707142857142856e-05	0.00022357142857142853	11.579808950424194	58967.158111810684
5436	1415.029443573187	1022.26	96.62646484375	0.13229132	6.702857142857142e-05	0.00022342857142857142	9.627381324768066	58976.78607463837
5437	1412.3684094776388	1010.44	95.38525390625	0.13226636	6.698571428571429e-05	0.0002232857142857143	9.952182531356812	58986.74012923241
5438	1412.3149099741352	1007.24	95.64111328125	0.13225235	6.694285714285715e-05	0.0002231428571428572	10.455747604370117	58997.196444272995
5439	1406.7663780518335	1000.08	95.15087890625	0.13206473	6.689999999999999e-05	0.00022299999999999997	15.341728687286377	59012.53961801529
5440	1394.095868033809	991.12	95.408935546875	0.13202243	6.685714285714285e-05	0.00022285714285714286	15.924641609191895	59028.46568608284
5441	1389.9566748551151	1000.71	95.906494140625	0.1319154	6.681428571428571e-05	0.00022271428571428575	15.22252368927002	59043.68963289261
5442	1407.392944901486	1008.09	95.947998046875	0.13175504	6.677142857142855e-05	0.00022257142857142853	16.025087594985962	59059.7162668705
5443	1389.032055612912	996.34	95.93212890625	0.13170476	6.672857142857141e-05	0.00022242857142857142	14.75465440750122	59074.47249960899
5444	1406.9243026633617	999.15	95.688720703125	0.13170527	6.668571428571429e-05	0.0002222857142857143	12.396735191345215	59086.87116312981
5445	1385.2942303514483	988.36	96.192138671875	0.13159741	6.664285714285716e-05	0.0002221428571428572	15.321589946746826	59102.19331908226
5446	1395.7581683179255	998.6	95.757568359375	0.13160808	6.659999999999999e-05	0.00022199999999999998	9.999579191207886	59112.19389748573
5447	1428.7186154624026	1015.99	96.714111328125	0.13161075	6.655714285714286e-05	0.00022185714285714286	9.92995309829712	59122.12448000908
5448	1423.837321849022	1016.33	96.718505859375	0.13161391	6.651428571428572e-05	0.00022171428571428575	9.89289116859436	59132.01926088333
5449	1434.0640296763338	1016.22	96.72900390625	0.1316164	6.647142857142856e-05	0.00022157142857142853	9.748939037322998	59141.76877427101
5450	1404.3174335722103	1014.09	95.987060546875	0.13161828	6.642857142857142e-05	0.00022142857142857142	10.068251371383667	59151.83919095993
5451	1437.8035108623353	1022.2	96.744873046875	0.13161969	6.638571428571428e-05	0.0002212857142857143	9.579491376876831	59161.419246912
5452	1403.2421741898925	1004.84	96.0029296875	0.13148166	6.634285714285715e-05	0.0002211428571428572	15.31035304069519	59176.73140835762
5453	1413.8928648879564	1012.07	96.5107421875	0.13147037	6.629999999999999e-05	0.00022099999999999998	9.869445085525513	59186.6019282341
5454	1404.1806134399806	1008.32	95.5185546875	0.13146088	6.625714285714285e-05	0.00022085714285714287	9.692509889602661	59196.29502916336
5455	1430.500485783832	1012.87	95.776611328125	0.13145106	6.621428571428571e-05	0.00022071428571428575	10.707235336303711	59207.00413775444
5456	1421.717927517024	1016.66	96.034423828125	0.1312619	6.617142857142855e-05	0.00022057142857142854	14.9577956199646	59221.96264624596
5457	1437.7781838074568	1018.19	96.093505859375	0.13125987	6.612857142857141e-05	0.00022042857142857142	9.917117595672607	59231.880972623825
5458	1433.1149564689915	1024.0	95.8232421875	0.13124518	6.608571428571429e-05	0.0002202857142857143	14.603740215301514	59246.48483920097
5459	1410.6563797751194	1000.55	93.53759765625	0.1312492	6.604285714285715e-05	0.0002201428571428572	9.71779489517212	59256.2041554451
5460	1407.4256809657277	1006.48	95.314453125	0.13125592	6.599999999999999e-05	0.00021999999999999998	10.406864404678345	59266.612318992615
5461	1408.4796113898917	1000.99	95.572998046875	0.13121064	6.595714285714286e-05	0.00021985714285714287	15.220768213272095	59281.83425235748
5462	1438.1229365221825	1013.01	95.842529296875	0.1310718	6.591428571428572e-05	0.00021971428571428576	15.352630615234375	59297.1886446476
5463	1433.0166916424985	1014.16	95.828857421875	0.13101178	6.587142857142856e-05	0.00021957142857142854	14.54178261756897	59311.732016325
5464	1392.4639017051986	992.81	95.849365234375	0.13101052	6.582857142857142e-05	0.00021942857142857143	9.776672124862671	59321.511281728745
5465	1435.854740533942	1018.7	95.13037109375	0.13084915	6.578571428571428e-05	0.00021928571428571431	16.101983547210693	59337.615065574646
5466	1396.1330785642817	1008.19	96.1826171875	0.1308455	6.574285714285715e-05	0.0002191428571428572	9.77812933921814	59347.39518022537
5467	1437.8746375180842	1018.05	96.878662109375	0.1308432	6.569999999999998e-05	0.00021899999999999998	10.188983678817749	59357.58471894264
5468	1417.4874363818128	1014.94	97.388427734375	0.13084064	6.565714285714285e-05	0.00021885714285714287	9.6021728515625	59367.188475608826
5469	1420.2786342512109	1005.13	95.406005859375	0.13083906	6.561428571428573e-05	0.00021871428571428576	9.564869165420532	59376.753939151764
5470	1453.683627027716	1024.0	95.90673828125	0.13083799	6.557142857142855e-05	0.00021857142857142854	10.60419774055481	59387.36026406288
5471	1411.8807057365036	1016.15	96.666259765625	0.13062055	6.552857142857141e-05	0.00021842857142857143	15.231553792953491	59402.59236097336
5472	1422.3058528765782	1011.4	95.67626953125	0.13062324	6.548571428571429e-05	0.00021828571428571432	10.459260940551758	59413.05394268036
5473	1451.3299708198963	1024.0	95.92236328125	0.13062324	6.544285714285715e-05	0.0002181428571428572	9.598505735397339	59422.65307331085
5474	1418.276200623772	1022.88	95.70361328125	0.13062257	6.539999999999999e-05	0.00021799999999999999	9.575631380081177	59432.23094034195
5475	1419.4273187805575	1012.61	96.952880859375	0.13062207	6.535714285714285e-05	0.00021785714285714287	9.685085535049438	59441.91662931442
5476	1424.8454825688214	1020.13	96.465576171875	0.13062124	6.531428571428572e-05	0.00021771428571428576	10.615996837615967	59452.53479528427
5477	1424.9841762003157	1016.4	96.72509765625	0.1306201	6.527142857142855e-05	0.00021757142857142854	9.563793659210205	59462.099214076996
5478	1412.1812626775275	1009.89	96.23876953125	0.13060911	6.522857142857142e-05	0.00021742857142857143	10.95371961593628	59473.05491709709
5479	1422.5053179648892	1012.7	95.98486328125	0.1306026	6.518571428571428e-05	0.00021728571428571432	9.72424602508545	59482.7797729969
5480	1435.220718370805	1022.31	95.996337890625	0.1305945	6.514285714285715e-05	0.0002171428571428572	9.780088663101196	59492.56214046478
5481	1426.0919043278163	1013.37	97.015869140625	0.13059272	6.509999999999998e-05	0.00021699999999999996	10.628428220748901	59503.1911315918
5482	1429.3954205804837	1023.78	96.77587890625	0.13059044	6.505714285714285e-05	0.00021685714285714285	10.14188265800476	59513.335500478745
5483	1425.5462960564805	1010.94	96.7724609375	0.13058735	6.501428571428572e-05	0.00021671428571428577	9.557313203811646	59522.893391132355
5484	1425.1300868217968	1014.15	96.29443359375	0.13058461	6.497142857142855e-05	0.00021657142857142852	10.313210010528564	59533.20849227905
5485	1444.6257260360198	1022.13	96.554931640625	0.1305824	6.492857142857143e-05	0.0002164285714285714	9.579535961151123	59542.78859567642
5486	1445.4816293206227	1024.0	96.315673828125	0.13058044	6.488571428571429e-05	0.0002162857142857143	9.590309619903564	59552.380771160126
5487	1421.9760126845547	1022.08	96.575439453125	0.13057785	6.484285714285715e-05	0.00021614285714285718	9.985270738601685	59562.36666440964
5488	1440.8296320160082	1018.55	96.3232421875	0.130576	6.479999999999999e-05	0.00021599999999999996	10.04887866973877	59572.420887470245
5489	1436.2032406502733	1016.03	95.842041015625	0.1303607	6.475714285714285e-05	0.00021585714285714285	15.212019205093384	59587.633533000946
5490	1410.0106738199952	1006.55	95.854736328125	0.13030218	6.471428571428572e-05	0.00021571428571428574	15.897643804550171	59603.53273320198
5491	1428.5363408377755	1008.9	96.614501953125	0.13030334	6.467142857142855e-05	0.00021557142857142852	9.739027500152588	59613.27362251282
5492	1420.8142452436327	1011.49	96.37451171875	0.13035442	6.462857142857142e-05	0.0002154285714285714	17.92176866531372	59631.195992946625
5493	1434.343772154469	1018.35	95.884033203125	0.13029183	6.458571428571428e-05	0.0002152857142857143	15.12923288345337	59646.3270816803
5494	1450.083732242806	1016.24	96.39208984375	0.13030319	6.454285714285715e-05	0.0002151428571428572	10.777897834777832	59657.106343746185
5495	1413.0147267717477	1002.72	96.15185546875	0.13022006	6.449999999999998e-05	0.00021499999999999997	15.26536750793457	59672.37226343155
5496	1425.0729176820928	1004.92	95.909423828125	0.13009982	6.445714285714285e-05	0.00021485714285714286	15.989396810531616	59688.36346912384
5497	1415.849687727165	1016.3	96.231201171875	0.12995107	6.441428571428572e-05	0.00021471428571428574	13.873167991638184	59702.23895597458
5498	1415.1807732428306	1009.08	96.217529296875	0.12994921	6.437142857142855e-05	0.00021457142857142852	10.185705661773682	59712.425216436386
5499	1427.907521660159	1006.54	96.9658203125	0.12984379	6.432857142857142e-05	0.0002144285714285714	13.760706186294556	59726.188398361206
5500	1434.7743065046548	1014.93	95.9541015625	0.12972862	6.428571428571429e-05	0.0002142857142857143	15.071372270584106	59741.260318279266
5501	1422.5300160643415	1000.49	96.45166015625	0.12972666	6.424285714285715e-05	0.0002141428571428572	10.015246152877808	59751.2766456604
5502	1421.787139765296	1014.7	96.72216796875	0.12972072	6.419999999999999e-05	0.00021399999999999997	9.801779985427856	59761.079302072525
5503	1422.4244064712266	1008.29	96.718017578125	0.12971897	6.415714285714285e-05	0.00021385714285714286	9.629369497299194	59770.709253787994
5504	1424.1268631453268	1008.2	96.741455078125	0.12971695	6.411428571428572e-05	0.00021371428571428575	9.629352807998657	59780.34004020691
5505	1442.5784394926181	1008.63	96.49169921875	0.12971547	6.407142857142855e-05	0.00021357142857142853	9.58583664894104	59789.92602610588
5506	1437.8365862218188	1014.1	97.761474609375	0.1297141	6.402857142857142e-05	0.00021342857142857142	9.837005615234375	59799.764570236206
5507	1431.5727629081186	1024.0	96.021240234375	0.12958056	6.398571428571428e-05	0.0002132857142857143	17.14510416984558	59816.909806489944
5508	1406.4025389498713	995.47	96.531005859375	0.12958081	6.394285714285716e-05	0.0002131428571428572	9.713127613067627	59826.62428021431
5509	1454.8871608253019	1020.18	96.291015625	0.12951078	6.389999999999998e-05	0.00021299999999999997	15.966768980026245	59842.59177732468
5510	1437.4670453970798	1024.0	96.55078125	0.1294935	6.385714285714284e-05	0.00021285714285714286	15.267671585083008	59857.861085653305
5511	1439.3739536864307	1016.04	96.310302734375	0.12941049	6.381428571428572e-05	0.00021271428571428575	15.560413599014282	59873.42288637161
5512	1408.5322313124038	1004.09	96.5703125	0.12931179	6.377142857142855e-05	0.00021257142857142853	15.283852577209473	59888.71034646034
5513	1453.1556387706694	1024.0	96.382568359375	0.12912266	6.372857142857142e-05	0.00021242857142857142	15.362136840820312	59904.073966026306
5514	1407.686056098874	1000.39	96.126220703125	0.12898494	6.368571428571429e-05	0.0002122857142857143	15.298774719238281	59919.37380075455
5515	1419.4571584885389	1014.43	96.112548828125	0.12889016	6.364285714285715e-05	0.0002121428571428572	15.908686876296997	59935.284096241
5516	1414.271127155357	1007.49	96.11083984375	0.12881465	6.359999999999999e-05	0.00021199999999999998	15.298583507537842	59950.58446717262
5517	1437.895125340446	1024.0	94.100830078125	0.12868656	6.355714285714285e-05	0.00021185714285714286	15.106204748153687	59965.69156527519
5518	1434.6397784375467	1014.04	96.367919921875	0.12868692	6.351428571428572e-05	0.00021171428571428575	9.977056980133057	59975.67100596428
5519	1414.0133227030235	1008.99	95.895751953125	0.12862955	6.347142857142855e-05	0.00021157142857142853	14.958275079727173	59990.62990665436
5520	1429.420116346246	1015.48	96.397705078125	0.12862465	6.342857142857142e-05	0.00021142857142857142	9.82983922958374	60000.462337970734
5521	1444.8426956553567	1014.19	96.531494140625	0.12862265	6.338571428571428e-05	0.0002112857142857143	9.65441632270813	60010.117307424545
5522	1429.9124247662487	1007.68	96.53564453125	0.128621	6.334285714285716e-05	0.0002111428571428572	9.604145288467407	60019.72303915024
5523	1439.9736872492651	1022.34	97.048583984375	0.12861948	6.329999999999998e-05	0.00021099999999999998	9.608984470367432	60029.33259367943
5524	1434.1469648736334	1020.19	97.055908203125	0.1286192	6.325714285714284e-05	0.00021085714285714287	9.597163200378418	60038.932015657425
5525	1414.485575460673	1010.02	97.31298828125	0.12861997	6.321428571428572e-05	0.00021071428571428576	9.651328325271606	60048.58395051956
5526	1424.2172748134437	997.93	96.811767578125	0.12862648	6.317142857142854e-05	0.00021057142857142854	9.983880043029785	60058.56983470917
5527	1397.0653076853246	986.96	96.364990234375	0.12858182	6.312857142857142e-05	0.00021042857142857142	15.993467807769775	60074.56389737129
5528	1388.9077040500442	992.75	96.587890625	0.12859167	6.308571428571429e-05	0.0002102857142857143	15.078170537948608	60089.64355635643
5529	1438.2470334819488	1014.04	95.853271484375	0.12859428	6.304285714285715e-05	0.0002101428571428572	9.808564901351929	60099.453726768494
5530	1441.6736623416666	1018.53	97.0908203125	0.12859423	6.299999999999999e-05	0.00020999999999999998	9.694034814834595	60109.148376226425
5531	1431.2444621971983	1016.04	97.5986328125	0.1285939	6.295714285714285e-05	0.00020985714285714287	9.598721265792847	60118.74955868721
5532	1426.78889077407	1012.34	97.12060546875	0.12859356	6.291428571428571e-05	0.00020971428571428576	10.504681825637817	60129.254826545715
5533	1396.6958254490319	992.97	97.128173828125	0.12859282	6.287142857142855e-05	0.0002095714285714285	9.674145460128784	60138.93089056015
5534	1424.9023711988466	1016.38	97.385986328125	0.12859222	6.282857142857141e-05	0.0002094285714285714	9.579851150512695	60148.51139712334
5535	1410.595001593099	1000.6	96.167236328125	0.12853022	6.278571428571428e-05	0.0002092857142857143	15.954970121383667	60164.467895269394
5536	1411.7184333238176	1004.4	95.925048828125	0.128431	6.274285714285716e-05	0.00020914285714285718	15.508549451828003	60179.97906708717
5537	1391.371121750792	988.15	96.40771484375	0.1283476	6.269999999999998e-05	0.00020899999999999996	15.981535196304321	60195.9621925354
5538	1417.0373391467908	1014.8	96.91748046875	0.12815024	6.265714285714286e-05	0.00020885714285714285	15.577808380126953	60211.54150438309
5539	1426.556924928826	1004.81	96.725341796875	0.12814973	6.261428571428572e-05	0.00020871428571428573	9.794863939285278	60221.33778381348
5540	1402.4193886242085	998.42	96.667236328125	0.12814923	6.257142857142854e-05	0.00020857142857142851	9.757262468338013	60231.095688819885
5541	1446.517439240731	1018.42	96.93798828125	0.12814875	6.252857142857142e-05	0.0002084285714285714	9.551958322525024	60240.64786553383
5542	1416.3564144702157	1003.78	96.697509765625	0.1281484	6.248571428571428e-05	0.0002082857142857143	9.61456036567688	60250.2644174099
5543	1436.0343780007152	1009.94	97.204345703125	0.12814869	6.244285714285715e-05	0.00020814285714285718	9.689908742904663	60259.955060482025
5544	1443.9660792548086	1018.05	97.44970703125	0.12814932	6.239999999999999e-05	0.00020799999999999996	9.541709899902344	60269.49694919586
5545	1438.006140431333	1014.83	97.471435546875	0.12815028	6.235714285714285e-05	0.00020785714285714285	9.564967632293701	60279.064121723175
5546	1424.891844226492	1006.28	96.237060546875	0.12815116	6.231428571428571e-05	0.00020771428571428574	9.729731798171997	60288.794516325
5547	1421.5007962715429	999.43	96.49609375	0.12814894	6.227142857142855e-05	0.00020757142857142852	9.815696954727173	60298.61078262329
5548	1433.2003144742662	1010.95	97.49609375	0.12814727	6.222857142857141e-05	0.0002074285714285714	10.573673963546753	60309.185952425
5549	1426.5005389645585	1012.34	97.011962890625	0.12814586	6.218571428571428e-05	0.0002072857142857143	9.883359670639038	60319.06994819641
5550	1450.5021888200586	1022.03	96.760986328125	0.1281447	6.214285714285715e-05	0.00020714285714285718	9.57318377494812	60328.643716812134
5551	1452.8261992206508	1016.28	97.269775390625	0.12814277	6.209999999999998e-05	0.00020699999999999996	9.545255422592163	60338.19080066681
5552	1396.4120721985582	988.66	96.776123046875	0.1281389	6.205714285714286e-05	0.00020685714285714285	9.862910032272339	60348.05438661575
5553	1418.6438128574273	1010.67	97.043212890625	0.12813812	6.201428571428572e-05	0.00020671428571428574	9.573249816894531	60357.62819480896
5554	1422.1833372437616	1000.93	97.02978515625	0.12813738	6.197142857142856e-05	0.00020657142857142852	10.035698413848877	60367.66575026512
5555	1453.7866401018991	1016.63	97.80126953125	0.12813671	6.192857142857142e-05	0.0002064285714285714	10.142915487289429	60377.809366464615
5556	1413.4485443132796	1002.76	97.05908203125	0.12813611	6.188571428571428e-05	0.0002062857142857143	9.561487913131714	60387.37099337578
5557	1432.9789685669539	1016.74	97.0595703125	0.12812355	6.184285714285715e-05	0.00020614285714285719	9.860271453857422	60397.234075546265
5558	1421.8381014327385	1008.72	97.580322265625	0.12811962	6.179999999999998e-05	0.00020599999999999997	10.425296306610107	60407.659947156906
5559	1417.7328367354057	1000.63	97.332763671875	0.12797603	6.175714285714285e-05	0.00020585714285714285	15.37557077407837	60423.036407232285
5560	1408.116212080586	1005.8	97.8408203125	0.12797906	6.171428571428571e-05	0.00020571428571428574	10.391563653945923	60433.42942380905
5561	1378.3118756621554	986.48	96.598388671875	0.12791531	6.167142857142855e-05	0.00020557142857142852	15.232195615768433	60448.66224694252
5562	1430.734521267382	1017.24	97.1162109375	0.12789181	6.162857142857141e-05	0.0002054285714285714	16.032150745391846	60464.69592189789
5563	1416.6893029971852	1006.69	96.91650390625	0.12789105	6.158571428571428e-05	0.0002052857142857143	9.685749292373657	60474.382783174515
5564	1420.5428720977757	1013.69	97.623046875	0.12784678	6.154285714285715e-05	0.0002051428571428572	16.226335525512695	60490.60967922211
5565	1429.4799853359507	1010.65	96.642578125	0.12784795	6.149999999999998e-05	0.00020499999999999997	9.921669483184814	60500.533251047134
5566	1436.5124729549418	1013.23	97.138916015625	0.12778421	6.145714285714285e-05	0.00020485714285714286	14.058725118637085	60514.592566251755
5567	1421.8114124968342	1014.15	96.146728515625	0.12779109	6.141428571428572e-05	0.00020471428571428575	10.775362491607666	60525.3698322773
5568	1393.6636384515652	1002.95	97.153076171875	0.12779263	6.137142857142858e-05	0.00020457142857142863	9.961582660675049	60535.33208012581
5569	1420.7838198132772	1006.23	96.910400390625	0.1277938	6.132857142857142e-05	0.00020442857142857141	9.585453033447266	60544.91812181473
5570	1422.0509494973996	1004.43	97.168212890625	0.1277952	6.128571428571428e-05	0.0002042857142857143	10.541082859039307	60555.46120762825
5571	1426.1321938274095	1005.45	97.42626953125	0.12779629	6.124285714285715e-05	0.0002041428571428572	9.57222318649292	60565.0341053009
5572	1429.477441033978	1009.13	97.684326171875	0.12779735	6.119999999999998e-05	0.00020399999999999997	9.573816061019897	60574.60851311684
5573	1399.653857535013	993.57	97.44140625	0.12779765	6.115714285714285e-05	0.00020385714285714286	10.359725713729858	60584.97023653984
5574	1405.5748123175	999.18	94.68017578125	0.12779787	6.111428571428571e-05	0.00020371428571428575	9.614645957946777	60594.585503578186
5575	1447.227470888963	1022.46	96.44873046875	0.12769108	6.107142857142859e-05	0.00020357142857142864	15.18364143371582	60609.76977062225
5576	1409.8344053035364	997.24	96.454345703125	0.12758	6.102857142857142e-05	0.00020342857142857142	15.349991083145142	60625.121596336365
5577	1446.0015714665785	1018.29	96.7646484375	0.12751563	6.098571428571428e-05	0.0002032857142857143	15.224395751953125	60640.348209142685
5578	1427.0001490932002	1006.35	97.245849609375	0.12751277	6.0942857142857146e-05	0.0002031428571428572	10.127864360809326	60650.477549791336
5579	1413.8118035815196	1014.12	97.981201171875	0.12751198	6.089999999999998e-05	0.00020299999999999997	9.600492000579834	60660.07868599892
5580	1362.1234799165125	968.95	97.239501953125	0.12751067	6.0857142857142847e-05	0.00020285714285714286	9.57350468635559	60669.65330505371
5581	1397.1944918228526	991.52	97.247314453125	0.12750936	6.081428571428572e-05	0.00020271428571428575	9.780219078063965	60679.434084653854
5582	1398.5785894009614	1000.84	97.513671875	0.12750717	6.077142857142858e-05	0.00020257142857142864	9.565404653549194	60689.00094771385
5583	1404.0227746565201	989.34	96.279541015625	0.12750542	6.072857142857142e-05	0.00020242857142857142	9.557653427124023	60698.55921792984
5584	1433.378870757361	1016.62	97.029541015625	0.12750013	6.068571428571428e-05	0.0002022857142857143	9.81432056427002	60708.37453866005
5585	1432.3536494749424	1020.34	96.91259765625	0.12719472	6.0642857142857145e-05	0.0002021428571428572	15.187008380889893	60723.56216049194
5586	1401.139955216452	1005.43	97.17041015625	0.12716311	6.059999999999998e-05	0.00020199999999999995	16.09671711921692	60739.6609377861
5587	1411.0289048978177	1008.18	97.17822265625	0.12715963	6.0557142857142846e-05	0.00020185714285714284	9.7218599319458	60749.38382387161
5588	1426.4048007909785	1016.15	96.93603515625	0.12709138	6.051428571428572e-05	0.00020171428571428573	16.01337957382202	60765.39861226082
5589	1408.9860030916125	1012.67	97.690673828125	0.1270938	6.047142857142858e-05	0.00020157142857142862	10.141769647598267	60775.54245829582
5590	1390.825284559448	992.32	97.700439453125	0.12689434	6.042857142857142e-05	0.0002014285714285714	15.175346851348877	60790.71834516525
5591	1406.483672103485	1011.21	98.208740234375	0.12689273	6.038571428571428e-05	0.00020128571428571428	9.929292440414429	60800.649495363235
5592	1395.431615343447	994.54	97.71630859375	0.12684934	6.0342857142857145e-05	0.00020114285714285717	15.179393529891968	60815.829538822174
5593	1421.6768833750768	1008.0	97.724365234375	0.12670948	6.029999999999998e-05	0.00020099999999999995	15.095689535140991	60830.92696285248
5594	1402.0858377303623	1004.79	97.732421875	0.12670816	6.0257142857142846e-05	0.00020085714285714284	9.776339054107666	60840.70415043831
5595	1433.0808887592711	1010.5	97.73828125	0.12670694	6.0214285714285716e-05	0.00020071428571428573	10.278373718261719	60850.98376441002
5596	1418.313727452973	1011.09	97.747802734375	0.12670557	6.017142857142858e-05	0.00020057142857142862	9.726737022399902	60860.71108150482
5597	1423.1656490343023	1024.0	97.755615234375	0.12670429	6.012857142857142e-05	0.0002004285714285714	9.56881833076477	60870.28223991394
5598	1401.3206304706391	995.65	97.762939453125	0.12670258	6.008571428571428e-05	0.0002002857142857143	9.564090728759766	60879.84696102142
5599	1427.6610273344634	1007.94	97.517822265625	0.12670034	6.004285714285715e-05	0.00020014285714285718	10.08175802230835	60889.93068528175
5600	1405.085625990886	1003.15	98.02880859375	0.1266982	5.999999999999998e-05	0.00019999999999999996	9.578665971755981	60899.50998544693
5601	1430.1048943671778	1012.79	98.288330078125	0.12669647	5.9957142857142845e-05	0.00019985714285714284	9.565385341644287	60909.077562093735
5602	1450.3831558024158	1024.0	97.796142578125	0.12659062	5.9914285714285716e-05	0.00019971428571428573	14.71065902709961	60923.7887904644
5603	1375.0984512074463	979.78	97.80224609375	0.12659219	5.987142857142858e-05	0.00019957142857142862	9.763344526290894	60933.55368709564
5604	1418.6488614240611	1007.97	98.31201171875	0.12659316	5.9828571428571416e-05	0.0001994285714285714	10.314667463302612	60943.869670152664
5605	1391.3605075172713	991.28	98.568603515625	0.12659433	5.978571428571428e-05	0.0001992857142857143	9.56949257850647	60953.43969535828
5606	1380.6313622175503	997.57	98.07763671875	0.12659511	5.974285714285715e-05	0.00019914285714285718	9.581945180892944	60963.023540735245
5607	1412.3659061091112	1006.81	98.835693359375	0.12659532	5.969999999999998e-05	0.00019899999999999996	10.296242237091064	60973.32033896446
5608	1434.8648211166094	1024.0	97.842041015625	0.1265953	5.9657142857142845e-05	0.00019885714285714285	9.885884284973145	60983.2086057663
5609	1421.143505412293	1010.19	98.10009765625	0.12659447	5.9614285714285715e-05	0.00019871428571428574	9.573546648025513	60992.782737493515
5610	1420.685964328617	1007.78	97.85791015625	0.12659335	5.957142857142858e-05	0.00019857142857142862	10.28658127784729	61003.070959568024
5611	1449.6519057177256	1024.0	97.36572265625	0.12655841	5.9528571428571416e-05	0.0001984285714285714	15.119744777679443	61018.19123291969
5612	1384.2630511725229	989.04	97.62353515625	0.12655672	5.948571428571428e-05	0.0001982857142857143	9.67718243598938	61027.86960601807
5613	1407.644371237625	1000.09	97.882568359375	0.12654197	5.944285714285715e-05	0.00019814285714285718	15.567463159561157	61043.437777519226
5614	1432.6048688811604	1008.44	97.890380859375	0.1263145	5.939999999999998e-05	0.00019799999999999996	15.261353969573975	61058.70117068291
5615	1437.9787206647295	1024.0	97.8984375	0.12624954	5.935714285714285e-05	0.00019785714285714285	15.407477617263794	61074.1096739769
5616	1437.3649084388974	1009.07	97.164306640625	0.12624203	5.9314285714285715e-05	0.00019771428571428574	9.766924619674683	61083.878056526184
5617	1429.7868694119718	1022.12	97.9130859375	0.12623924	5.927142857142858e-05	0.00019757142857142863	10.363835334777832	61094.242005586624
5618	1395.98733875882	997.39	98.172119140625	0.12623681	5.9228571428571415e-05	0.0001974285714285714	9.604182243347168	61103.84737253189
5619	1430.568623685288	1010.44	98.166015625	0.12623386	5.918571428571428e-05	0.0001972857142857143	9.573999881744385	61113.42152547836
5620	1427.003633470478	1024.0	97.936767578125	0.12623096	5.914285714285715e-05	0.00019714285714285718	10.275693893432617	61123.698791503906
5621	1417.143078283697	1001.56	97.94580078125	0.12622853	5.909999999999998e-05	0.00019699999999999996	9.909172058105469	61133.60856318474
5622	1410.0926785280046	1003.51	98.203369140625	0.12622663	5.905714285714285e-05	0.00019685714285714285	9.6195707321167	61143.22911977768
5623	1434.6873929765115	1018.37	97.96142578125	0.12622185	5.9014285714285714e-05	0.00019671428571428574	10.504541397094727	61153.73379325867
5624	1435.4635417639813	1014.56	97.96923828125	0.12617284	5.897142857142858e-05	0.00019657142857142863	15.359821081161499	61169.09503173828
5625	1443.5730029639185	1014.12	97.97705078125	0.12618388	5.8928571428571415e-05	0.0001964285714285714	15.976760149002075	61185.07347154617
5626	1387.9154683002582	975.65	97.98486328125	0.1261912	5.888571428571428e-05	0.0001962857142857143	15.256125926971436	61200.330766916275
5627	1401.931365164663	994.91	97.9931640625	0.12595974	5.884285714285715e-05	0.0001961428571428572	15.917322397232056	61216.249272584915
5628	1423.4317262951838	1000.18	98.000732421875	0.12592344	5.879999999999998e-05	0.00019599999999999997	15.259800672531128	61231.51083946228
5629	1426.4862626223187	1014.22	98.009521484375	0.12571262	5.875714285714285e-05	0.00019585714285714286	14.697897672653198	61246.210519075394
5630	1426.4794456112784	1008.68	98.017822265625	0.12571192	5.8714285714285714e-05	0.00019571428571428574	9.860433340072632	61256.07150268555
5631	1427.8033600030715	1004.61	98.023681640625	0.12571153	5.867142857142858e-05	0.00019557142857142863	9.839065551757812	61265.91210794449
5632	1437.6740061375003	1009.95	95.263916015625	0.12571068	5.8628571428571414e-05	0.0001954285714285714	10.410017013549805	61276.32266187668
5633	1438.1779636673318	1016.05	98.00341796875	0.12571	5.858571428571428e-05	0.0001952857142857143	9.563968420028687	61285.88825798035
5634	1430.8773605924428	1014.42	98.536376953125	0.12570848	5.854285714285715e-05	0.0001951428571428572	9.604789972305298	61295.49363279343
5635	1420.6907155853455	1020.08	98.304931640625	0.1257079	5.849999999999998e-05	0.00019499999999999994	10.433042526245117	61305.92853856087
5636	1399.5533039303898	992.61	98.562744140625	0.12570797	5.845714285714285e-05	0.00019485714285714283	9.577858448028564	61315.50703573227
5637	1405.9097772100029	1006.94	97.57080078125	0.1257086	5.841428571428571e-05	0.00019471428571428572	9.605442762374878	61325.11436867714
5638	1410.5054211492147	1004.74	97.59033203125	0.12571035	5.837142857142858e-05	0.00019457142857142863	10.544337511062622	61335.65939760208
5639	1418.0145204779296	1007.28	98.58642578125	0.12570973	5.8328571428571414e-05	0.0001944285714285714	9.74290418624878	61345.402715444565
5640	1439.0715733843745	1016.45	97.84423828125	0.12570977	5.828571428571428e-05	0.00019428571428571428	9.590750932693481	61354.99404978752
5641	1420.0326203602217	1008.73	98.6025390625	0.12570988	5.824285714285715e-05	0.00019414285714285716	10.320221662521362	61365.31616020203
5642	1440.8864240414339	1012.59	97.368408203125	0.12571011	5.819999999999998e-05	0.00019399999999999995	13.207091808319092	61378.52390170097
5643	1407.1445453409888	993.87	97.8681640625	0.12571059	5.815714285714285e-05	0.00019385714285714283	9.56759262084961	61388.09206819534
5644	1421.9212559737762	1008.84	98.125732421875	0.12571137	5.811428571428571e-05	0.00019371428571428572	9.863094806671143	61397.95696592331
5645	1415.6299575414023	1007.38	98.134765625	0.12571307	5.807142857142858e-05	0.0001935714285714286	16.601463556289673	61414.55872130394
5646	1456.144121313444	1022.33	97.132568359375	0.12552975	5.802857142857141e-05	0.0001934285714285714	16.010961771011353	61430.57150101662
5647	1434.2467182351043	1016.43	97.400634765625	0.12549949	5.798571428571428e-05	0.00019328571428571428	15.254478454589844	61445.826818943024
5648	1442.4440290143966	1017.51	97.658447265625	0.12550186	5.794285714285715e-05	0.00019314285714285717	15.99923062324524	61461.82740831375
5649	1431.7595609499288	1011.57	97.791259765625	0.12534986	5.789999999999998e-05	0.00019299999999999995	15.209064245223999	61477.03791975975
5650	1447.6955450741307	1018.01	97.572509765625	0.12509811	5.785714285714285e-05	0.00019285714285714284	16.353352785110474	61493.3926782608
5651	1415.6507286563983	1005.72	98.075927734375	0.12503117	5.781428571428571e-05	0.00019271428571428572	14.654860258102417	61508.048731803894
5652	1442.093637040754	1016.33	97.627197265625	0.12508722	5.777142857142858e-05	0.0001925714285714286	15.594242811203003	61523.64486384392
5653	1401.990427149248	1003.38	97.572998046875	0.12495544	5.772857142857141e-05	0.0001924285714285714	15.273520469665527	61538.919961452484
5654	1396.5967365516062	992.13	96.89697265625	0.12475136	5.7685714285714276e-05	0.00019228571428571428	15.295933961868286	61554.21794009209
5655	1433.1347286522903	1009.15	97.848388671875	0.12472858	5.764285714285715e-05	0.00019214285714285717	15.590112686157227	61569.8099565506
5656	1435.0768611855317	1018.15	98.1640625	0.12465477	5.759999999999998e-05	0.00019199999999999995	14.485512256622314	61584.29767513275
5657	1448.652665544396	1013.64	98.6650390625	0.12465791	5.755714285714285e-05	0.00019185714285714284	9.699916362762451	61593.998277664185
5658	1429.5379344239204	1019.92	98.600341796875	0.12454007	5.751428571428571e-05	0.00019171428571428573	16.108810424804688	61610.10913991928
5659	1430.516095517067	1008.54	97.446533203125	0.12454108	5.747142857142858e-05	0.00019157142857142862	9.767809391021729	61619.877356767654
5660	1444.2939772416169	1016.6	97.384033203125	0.12454278	5.742857142857141e-05	0.0001914285714285714	9.735671520233154	61629.61361980438
5661	1441.4955767107974	1008.47	97.635009765625	0.12446576	5.7385714285714276e-05	0.00019128571428571428	15.31926441192627	61644.93472123146
5662	1441.8095095249853	1018.41	97.641357421875	0.12436861	5.7342857142857147e-05	0.00019114285714285717	15.2447030544281	61660.18133974075
5663	1428.7251194155635	1014.29	97.65087890625	0.12429214	5.7299999999999977e-05	0.00019099999999999995	15.39130163192749	61675.574137449265
5664	1410.6157844695324	1008.87	97.9091796875	0.12415188	5.725714285714285e-05	0.00019085714285714284	15.255080223083496	61690.83091211319
5665	1405.6503394879578	1003.52	96.9482421875	0.12398833	5.721428571428571e-05	0.00019071428571428573	15.344302415847778	61706.176325559616
5666	1403.5181603760598	984.26	97.427978515625	0.12382396	5.717142857142858e-05	0.00019057142857142862	15.258447885513306	61721.43589401245
5667	1422.2768667266148	1010.4	97.680419921875	0.123885006	5.712857142857141e-05	0.0001904285714285714	15.971618175506592	61737.40915489197
5668	1430.485359175905	1015.98	97.7255859375	0.12377002	5.708571428571428e-05	0.0001902857142857143	15.963040113449097	61753.37409543991
5669	1403.012370517335	997.86	97.947998046875	0.1237033	5.7042857142857146e-05	0.00019014285714285718	14.758402585983276	61768.13407635689
5670	1423.5472120463905	1004.51	97.9423828125	0.12370125	5.6999999999999976e-05	0.00018999999999999996	9.77483081817627	61777.909523010254
5671	1444.643971430652	1018.26	98.9638671875	0.12369988	5.695714285714285e-05	0.00018985714285714284	10.252259969711304	61788.16326570511
5672	1430.0184470250915	1012.37	98.720947265625	0.12369933	5.691428571428571e-05	0.00018971428571428573	9.60542631149292	61797.76896595955
5673	1446.4989308110305	1019.19	98.47998046875	0.12369897	5.687142857142858e-05	0.00018957142857142862	9.632000207901001	61807.40290236473
5674	1428.685108403937	1003.75	98.988037109375	0.123698175	5.682857142857141e-05	0.0001894285714285714	10.417686700820923	61817.82077789307
5675	1448.607641000984	1023.72	98.745849609375	0.12369754	5.678571428571428e-05	0.0001892857142857143	9.58406949043274	61827.406808137894
5676	1451.851600351806	1024.0	98.00341796875	0.12369695	5.6742857142857146e-05	0.00018914285714285718	9.597899675369263	61837.00491833687
5677	1441.8692382429376	1009.98	98.511474609375	0.12369747	5.6699999999999976e-05	0.00018899999999999996	10.349047899246216	61847.355184555054
5678	1404.5485059434848	995.24	99.018310546875	0.12369808	5.6657142857142846e-05	0.00018885714285714285	9.975604057312012	61857.330903053284
5679	1440.5981643099678	1017.04	98.0263671875	0.12369876	5.661428571428571e-05	0.00018871428571428574	10.315550565719604	61867.648102760315
5680	1450.4162510419721	1014.93	97.292236328125	0.12369668	5.657142857142858e-05	0.00018857142857142862	10.52065896987915	61878.16889023781
5681	1401.940717322099	1004.75	98.542236328125	0.1236954	5.652857142857141e-05	0.0001884285714285714	9.600369691848755	61887.77115178108
5682	1424.244058893717	1003.31	98.550048828125	0.12369448	5.648571428571428e-05	0.0001882857142857143	9.791502237319946	61897.56322693825
5683	1420.9328479578003	1006.75	98.55810546875	0.12369291	5.6442857142857145e-05	0.00018814285714285718	10.18677306175232	61907.75145173073
5684	1447.3955460158645	1016.25	98.81591796875	0.12369212	5.639999999999998e-05	0.00018799999999999996	9.590763092041016	61917.34281539917
5685	1429.1903285546769	1018.27	97.58544921875	0.123670645	5.6357142857142846e-05	0.00018785714285714285	15.88174057006836	61933.22638773918
5686	1398.0536424595782	997.0	97.831787109375	0.12357613	5.631428571428571e-05	0.00018771428571428574	15.279170036315918	61948.5069873333
5687	1416.0413625864958	998.81	97.589599609375	0.12351075	5.627142857142858e-05	0.00018757142857142863	15.857885122299194	61964.36735582352
5688	1450.5319091836502	1018.02	98.109130859375	0.12343409	5.622857142857141e-05	0.00018742857142857138	15.667879343032837	61980.03822827339
5689	1432.4252209748183	1010.65	95.3583984375	0.12337335	5.618571428571428e-05	0.00018728571428571427	16.014036893844604	61996.05377697945
5690	1416.4214037898523	1008.25	98.412841796875	0.12332598	5.6142857142857145e-05	0.00018714285714285716	15.212671995162964	62011.26874041557
5691	1402.3713466118788	987.94	98.4208984375	0.12332251	5.610000000000001e-05	0.00018700000000000005	16.272806882858276	62027.543895721436
5692	1440.7039890685503	1014.1	98.428955078125	0.1232679	5.6057142857142845e-05	0.00018685714285714283	15.263953447341919	62042.81089425087
5693	1419.3859201608693	999.52	98.437255859375	0.123193584	5.601428571428571e-05	0.00018671428571428571	15.991400241851807	62058.8035671711
5694	1438.3664969101583	1002.59	98.445556640625	0.12307727	5.597142857142858e-05	0.0001865714285714286	15.295076608657837	62074.100215911865
5695	1398.6778403352698	993.55	98.45361328125	0.122981496	5.592857142857141e-05	0.00018642857142857138	16.1958966255188	62090.29705667496
5696	1411.3501178359654	989.52	98.46142578125	0.12292859	5.588571428571428e-05	0.00018628571428571427	15.250293493270874	62105.54904174805
5697	1415.4401662900518	1001.23	98.4697265625	0.122837864	5.5842857142857144e-05	0.00018614285714285716	16.678236961364746	62122.229132413864
5698	1409.761695570622	997.21	98.477294921875	0.12262567	5.5800000000000015e-05	0.00018600000000000005	15.272353410720825	62137.5032684803
5699	1432.3880374557684	1014.32	98.485107421875	0.12249572	5.5757142857142845e-05	0.00018585714285714283	15.391392230987549	62152.89572286606
5700	1424.111302768435	999.02	98.744140625	0.122493185	5.571428571428571e-05	0.00018571428571428572	9.731108903884888	62162.62782382965
5701	1433.9470469295966	1014.39	99.001708984375	0.12249148	5.567142857142858e-05	0.0001855714285714286	10.47394323348999	62173.1024312973
5702	1437.9296890724647	1014.55	98.498779296875	0.12248992	5.562857142857141e-05	0.00018542857142857139	9.902613401412964	62183.00564479828
5703	1458.904679991246	1018.72	98.756591796875	0.122488886	5.558571428571428e-05	0.00018528571428571427	9.557319641113281	62192.5648086071
5704	1445.3173964809823	1022.19	98.77392578125	0.12248847	5.5542857142857143e-05	0.00018514285714285716	10.282227993011475	62202.84764289856
5705	1434.3242053977895	1002.88	98.78173828125	0.12248809	5.5500000000000014e-05	0.00018500000000000005	9.925742626190186	62212.7753098011
5706	1438.557080586264	1012.97	98.5400390625	0.122487925	5.5457142857142844e-05	0.00018485714285714283	9.555778503417969	62222.33163142204
5707	1432.750594702095	1012.1	98.547607421875	0.122487806	5.541428571428571e-05	0.00018471428571428572	10.487703084945679	62232.82153892517
5708	1439.2229599371774	1010.46	98.5537109375	0.12248856	5.537142857142858e-05	0.0001845714285714286	9.578562498092651	62242.4007229805
5709	1409.6847347055957	1002.36	99.5634765625	0.12248883	5.532857142857141e-05	0.0001844285714285714	9.58879017829895	62251.9917280674
5710	1443.947570382636	1014.57	98.3212890625	0.12248952	5.528571428571428e-05	0.00018428571428571428	9.551471471786499	62261.54380822182
5711	1438.3982926654055	1014.35	98.330322265625	0.12248979	5.524285714285714e-05	0.00018414285714285717	9.682735919952393	62271.228402137756
5712	1449.6517817667577	1016.08	98.578125	0.12248995	5.5200000000000014e-05	0.00018400000000000005	9.555793523788452	62280.78478002548
5713	1440.1451754148457	1008.09	98.719970703125	0.12248827	5.5157142857142844e-05	0.00018385714285714283	9.76965069770813	62290.55679154396
5714	1389.4672239322422	984.84	98.728759765625	0.122345425	5.5114285714285714e-05	0.00018371428571428572	15.372937440872192	62305.93033719063
5715	1459.403874289823	1024.0	98.736572265625	0.12230144	5.507142857142858e-05	0.0001835714285714286	15.165817260742188	62321.09765648842
5716	1431.7635852816225	1010.48	98.248046875	0.12235878	5.502857142857141e-05	0.0001834285714285714	15.498334407806396	62336.59773898125
5717	1450.0588688901794	1014.74	98.752685546875	0.1222316	5.498571428571428e-05	0.00018328571428571428	14.972163915634155	62351.57158470154
5718	1401.1286958095268	994.33	98.754638671875	0.122264825	5.494285714285714e-05	0.00018314285714285717	15.401517152786255	62366.975098609924
5719	1414.553593080698	999.66	98.76806640625	0.12225371	5.490000000000001e-05	0.00018300000000000006	13.986936092376709	62380.96423244476
5720	1420.5558222408079	1016.24	98.526123046875	0.12225417	5.485714285714284e-05	0.00018285714285714284	10.043105602264404	62391.0095307827
5721	1433.0389007122885	1011.78	98.78369140625	0.12216144	5.4814285714285714e-05	0.00018271428571428573	15.583034038543701	62406.59313392639
5722	1434.8417048401793	1014.19	98.79052734375	0.12211446	5.477142857142858e-05	0.00018257142857142861	14.754636287689209	62421.34899687767
5723	1440.3885147550093	1024.0	99.04833984375	0.12211134	5.472857142857141e-05	0.0001824285714285714	9.770720720291138	62431.12133669853
5724	1403.0468619561461	1006.42	99.30517578125	0.122109674	5.468571428571428e-05	0.00018228571428571428	9.632477521896362	62440.75441789627
5725	1439.1001178053514	1013.92	99.31396484375	0.12210786	5.464285714285714e-05	0.00018214285714285717	10.081711769104004	62450.83800339699
5726	1423.227785720117	1012.16	98.813720703125	0.122106485	5.460000000000001e-05	0.00018200000000000006	9.557738065719604	62460.39638853073
5727	1440.263080862616	1018.13	99.3310546875	0.12210554	5.455714285714284e-05	0.00018185714285714284	9.59320068359375	62469.99020028114
5728	1435.0437245898836	1015.08	99.3388671875	0.12210516	5.451428571428571e-05	0.00018171428571428573	9.67576289176941	62479.66693854332
5729	1394.8019078206944	990.89	99.3466796875	0.12203961	5.447142857142858e-05	0.00018157142857142862	15.249933958053589	62494.9174413681
5730	1433.6050128071493	1011.75	99.3544921875	0.121978484	5.442857142857141e-05	0.0001814285714285714	16.818998098373413	62511.73804092407
5731	1423.4208522516126	995.33	99.362548828125	0.12189562	5.438571428571428e-05	0.00018128571428571429	15.220820188522339	62526.96045708656
5732	1393.4580833611888	991.78	99.3701171875	0.12191758	5.434285714285714e-05	0.00018114285714285717	16.10292100906372	62543.06489276886
5733	1419.9405343326723	1012.43	99.3779296875	0.121943	5.430000000000001e-05	0.00018100000000000006	15.202821969985962	62558.26914811134
5734	1417.190384799857	1007.54	99.385986328125	0.121911556	5.425714285714284e-05	0.00018085714285714284	15.669267892837524	62573.939838171005
5735	1400.7253390581782	996.11	99.39404296875	0.12175968	5.421428571428571e-05	0.00018071428571428573	15.236562967300415	62589.17844223976
5736	1436.069794183486	1017.44	99.40185546875	0.12172228	5.4171428571428576e-05	0.00018057142857142862	16.088167190551758	62605.268851041794
5737	1417.3121994824805	998.27	99.409912109375	0.1217224	5.412857142857141e-05	0.00018042857142857137	9.759412288665771	62615.03010892868
5738	1376.7229831532081	987.86	99.41796875	0.12167113	5.408571428571428e-05	0.0001802857142857143	17.334385633468628	62632.36467528343
5739	1403.2295196824114	994.49	99.425537109375	0.12163684	5.404285714285714e-05	0.00018014285714285718	15.227606058120728	62647.594225883484
5740	1400.0202882305719	999.33	99.433349609375	0.121592164	5.400000000000001e-05	0.00018000000000000007	15.89109492301941	62663.48684477806
5741	1409.7173624850575	995.81	99.44140625	0.12160475	5.395714285714284e-05	0.00017985714285714282	15.212646245956421	62678.701552152634
5742	1445.7702221245938	1024.0	99.448974609375	0.12142688	5.391428571428571e-05	0.0001797142857142857	15.520232200622559	62694.223511219025
5743	1416.3854866490778	1006.07	99.4580078125	0.12142459	5.3871428571428576e-05	0.0001795714285714286	9.759295225143433	62703.984743118286
5744	1418.234772303715	1011.59	99.465576171875	0.121423505	5.382857142857141e-05	0.00017942857142857138	10.297434329986572	62714.28273653984
5745	1428.2395847289802	1008.61	99.4716796875	0.12142342	5.3785714285714277e-05	0.00017928571428571426	9.644150018692017	62723.92876815796
5746	1422.367889047847	1004.03	98.7333984375	0.121422954	5.374285714285714e-05	0.00017914285714285715	9.86337423324585	62733.79273343086
5747	1427.2382276315811	1014.58	96.42041015625	0.121422045	5.370000000000001e-05	0.00017900000000000004	10.23476791381836	62744.02935743332
5748	1434.0567887304755	1024.0	99.0712890625	0.1214177	5.365714285714284e-05	0.00017885714285714282	9.752297639846802	62753.7822201252
5749	1413.1658461459945	996.01	98.737060546875	0.12130362	5.361428571428571e-05	0.0001787142857142857	15.245422601699829	62769.02937865257
5750	1420.980476986439	1013.15	97.968017578125	0.121137016	5.3571428571428575e-05	0.0001785714285714286	15.660460472106934	62784.69167256355
5751	1439.1600862203122	1016.34	98.468017578125	0.1210404	5.352857142857141e-05	0.00017842857142857138	15.281944274902344	62799.9753177166
5752	1420.896969816361	1012.67	98.475830078125	0.12102026	5.3485714285714276e-05	0.00017828571428571427	16.03386926651001	62816.010654211044
5753	1409.3000784296057	1002.15	98.983642578125	0.12090897	5.344285714285714e-05	0.00017814285714285716	14.758039474487305	62830.770424604416
5754	1436.4807848801065	1014.72	99.27685546875	0.120911114	5.340000000000001e-05	0.00017800000000000004	10.222408056259155	62840.994683265686
5755	1422.7774659358902	1016.09	98.263427734375	0.1207997	5.335714285714284e-05	0.00017785714285714282	15.279303789138794	62856.2745847702
5756	1404.8760248363462	985.9	98.50732421875	0.12071552	5.331428571428571e-05	0.0001777142857142857	16.70865488052368	62872.98435497284
5757	1430.9196945294455	1010.41	98.765625	0.12061024	5.3271428571428575e-05	0.0001775714285714286	15.204805374145508	62888.190578222275
5758	1420.1136435033334	1012.79	99.020751953125	0.120470755	5.322857142857141e-05	0.00017742857142857138	15.6851224899292	62903.8771545887
5759	1411.2948191970472	1000.72	98.781005859375	0.120471716	5.3185714285714276e-05	0.00017728571428571427	9.762515544891357	62913.64127922058
5760	1417.5768803114336	1009.1	99.038818359375	0.120471664	5.314285714285714e-05	0.00017714285714285716	10.56052851676941	62924.2023935318
5761	1421.3242852820738	1006.35	99.297607421875	0.120471366	5.310000000000001e-05	0.00017700000000000005	9.989447116851807	62934.19364786148
5762	1433.5602560154869	1018.18	99.5556640625	0.12047154	5.305714285714284e-05	0.00017685714285714283	9.564821243286133	62943.75902414322
5763	1429.299209238791	1016.42	99.063720703125	0.12047175	5.301428571428571e-05	0.00017671428571428572	10.180976390838623	62953.94212985039
5764	1404.1660108672982	1001.9	99.0712890625	0.120472096	5.2971428571428574e-05	0.0001765714285714286	9.748228073120117	62963.69094324112
5765	1413.5604289982743	1010.1	98.087158203125	0.12047311	5.292857142857141e-05	0.00017642857142857138	9.56419849395752	62973.25670838356
5766	1412.615420609614	1015.97	98.58740234375	0.12047383	5.2885714285714275e-05	0.00017628571428571427	10.416786432266235	62983.67406463623
5767	1422.5734885191184	1009.91	98.84521484375	0.12034308	5.2842857142857146e-05	0.00017614285714285716	15.710026264190674	62999.38604593277
5768	1452.972997989853	1021.68	98.638427734375	0.12020719	5.280000000000001e-05	0.00017600000000000005	16.07372760772705	63015.46258020401
5769	1423.264483017614	1004.85	98.634521484375	0.12011147	5.275714285714284e-05	0.00017585714285714283	15.266687154769897	63030.73154592514
5770	1397.4913408184784	1004.43	99.3828125	0.12001213	5.271428571428571e-05	0.00017571428571428572	15.863916158676147	63046.597281455994
5771	1415.8434852259784	1010.69	97.633056640625	0.11988034	5.2671428571428574e-05	0.0001755714285714286	16.39908766746521	63062.998243808746
5772	1415.9225751171457	1016.08	98.953369140625	0.11986152	5.262857142857141e-05	0.0001754285714285714	16.003875732421875	63079.00296139717
5773	1353.5325613356276	974.3	98.89111328125	0.1198572	5.2585714285714274e-05	0.00017528571428571428	9.735240697860718	63088.74017858505
5774	1429.8746734621825	1016.73	98.89892578125	0.11974933	5.2542857142857145e-05	0.00017514285714285716	16.093672513961792	63104.835275650024
5775	1407.956992626367	1000.45	99.45703125	0.119752355	5.250000000000001e-05	0.00017500000000000005	9.994578838348389	63114.83197593689
5776	1433.3751745151412	1017.94	98.928955078125	0.119654395	5.245714285714284e-05	0.00017485714285714283	15.28890323638916	63130.12105965614
5777	1407.40398695771	1010.34	98.798583984375	0.11951777	5.241428571428571e-05	0.00017471428571428572	15.68095350265503	63145.80312228203
5778	1416.6210843181616	1008.37	99.054443359375	0.11938838	5.237142857142857e-05	0.0001745714285714286	15.258107662200928	63161.06279206276
5779	1415.1479427398851	1015.3	98.814697265625	0.11929283	5.232857142857141e-05	0.0001744285714285714	15.866150140762329	63176.93041014671
5780	1415.2396281404647	1009.75	99.322265625	0.119178124	5.2285714285714274e-05	0.00017428571428571428	15.853469371795654	63192.785778045654
5781	1419.3808613122198	1008.77	99.080078125	0.11917839	5.2242857142857145e-05	0.00017414285714285717	15.35019040107727	63208.13770985603
5782	1422.6639977433085	1010.62	99.087890625	0.11912768	5.220000000000001e-05	0.00017400000000000006	16.00513195991516	63224.14393186569
5783	1402.2769874050528	1014.0	99.345703125	0.11911792	5.2157142857142845e-05	0.00017385714285714284	14.71602725982666	63238.86255073547
5784	1422.6401234242426	1008.64	99.626953125	0.11903026	5.211428571428571e-05	0.00017371428571428572	15.523891687393188	63254.38891530037
5785	1389.9658859237713	994.32	99.11181640625	0.11902239	5.207142857142857e-05	0.0001735714285714286	9.765051126480103	63264.15593647957
5786	1426.9810038873165	1012.18	100.11962890625	0.11901865	5.202857142857141e-05	0.0001734285714285714	9.59542989730835	63273.751927137375
5787	1425.9376110029395	1011.68	99.8779296875	0.11901519	5.1985714285714273e-05	0.00017328571428571428	10.307045221328735	63284.0604197979
5788	1448.144266811872	1024.0	99.875	0.119012326	5.1942857142857144e-05	0.00017314285714285717	10.745946645736694	63294.80692720413
5789	1428.0930282138197	1020.33	100.13330078125	0.11900974	5.190000000000001e-05	0.00017300000000000006	9.654205083847046	63304.462945222855
5790	1447.3676702833632	1017.65	99.651123046875	0.11900734	5.1857142857142845e-05	0.0001728571428571428	10.490795135498047	63314.95430994034
5791	1437.084782853886	1016.41	98.9150390625	0.11900517	5.181428571428571e-05	0.0001727142857142857	9.608792304992676	63324.56459569931
5792	1403.4196281106038	1006.68	100.165283203125	0.119003	5.177142857142857e-05	0.0001725714285714286	9.574517488479614	63334.13974761963
5793	1458.6651333185919	1024.0	99.673095703125	0.11900159	5.172857142857141e-05	0.00017242857142857137	10.388350486755371	63344.528670072556
5794	1444.3573639188517	1012.53	99.68212890625	0.11899003	5.168571428571427e-05	0.00017228571428571426	9.770471096038818	63354.30119776726
5795	1417.0069663498796	1006.25	99.43994140625	0.118986346	5.1642857142857144e-05	0.00017214285714285715	9.60776948928833	63363.90959215164
5796	1430.1891462925832	1014.04	99.943115234375	0.118982494	5.160000000000001e-05	0.00017200000000000003	10.269275903701782	63374.17951345444
5797	1437.883061557915	1024.0	99.456298828125	0.11897924	5.1557142857142844e-05	0.00017185714285714281	9.604585409164429	63383.785599946976
5798	1440.994808084182	1013.46	99.964111328125	0.11897684	5.151428571428571e-05	0.0001717142857142857	9.57347321510315	63393.359733343124
5799	1442.4214180953204	1018.06	99.971923828125	0.118975036	5.147142857142857e-05	0.0001715714285714286	10.321696996688843	63403.683640003204
5800	1459.0015098438992	1024.0	99.479736328125	0.11897302	5.142857142857141e-05	0.00017142857142857137	10.245150089263916	63413.929392814636
5801	1427.289743527114	1014.01	100.487548828125	0.11897119	5.138571428571427e-05	0.00017128571428571426	9.583043098449707	63423.51391291618
5802	1432.7222729018813	1004.73	99.279541015625	0.118964106	5.134285714285714e-05	0.00017114285714285715	10.528722524642944	63434.04326605797
5803	1453.166486595328	1024.0	99.253662109375	0.1188491	5.130000000000001e-05	0.00017100000000000004	15.363127708435059	63449.40742945671
5804	1402.724839159808	1002.97	96.515380859375	0.1187987	5.1257142857142844e-05	0.00017085714285714282	16.126959800720215	63465.53634929657
5805	1456.9793300200326	1020.02	98.76513671875	0.11872572	5.121428571428571e-05	0.0001707142857142857	15.361872673034668	63480.89927625656
5806	1433.7645964753624	1008.61	99.28515625	0.11872426	5.117142857142857e-05	0.0001705714285714286	21.32558274269104	63502.226682662964
5807	1421.325455814018	1001.21	99.53125	0.11867365	5.112857142857141e-05	0.00017042857142857137	15.244218349456787	63517.47236132622
5808	1431.9663368682138	1012.59	99.290283203125	0.11861014	5.108571428571427e-05	0.00017028571428571426	16.94524884223938	63534.41918921471
5809	1440.5921241986644	1024.0	98.831787109375	0.11846379	5.104285714285714e-05	0.00017014285714285715	15.60438060760498	63550.0251955986
5810	1453.2906050828265	1022.27	99.077880859375	0.11832834	5.1000000000000006e-05	0.00017000000000000004	15.408249378204346	63565.43530583382
5811	1383.64243642473	985.47	98.563232421875	0.1182281	5.095714285714284e-05	0.00016985714285714282	15.214507579803467	63580.65145134926
5812	1416.9779090793504	1004.83	99.3447265625	0.11819595	5.091428571428571e-05	0.0001697142857142857	15.440968751907349	63596.0930416584
5813	1434.1882215927842	1014.1	99.0771484375	0.118109666	5.087142857142857e-05	0.0001695714285714286	15.229903936386108	63611.32437300682
5814	1432.328429810345	1007.18	98.872314453125	0.1180144	5.082857142857144e-05	0.00016942857142857148	15.38187837600708	63626.70838832855
5815	1454.07713479383	1020.05	99.593994140625	0.11801202	5.078571428571427e-05	0.00016928571428571427	16.00562334060669	63642.715569257736
5816	1443.2066357914446	1014.47	98.602783203125	0.11797292	5.074285714285714e-05	0.00016914285714285715	16.455770015716553	63659.17326450348
5817	1428.1056753416976	1008.66	99.111083984375	0.11786296	5.0700000000000006e-05	0.00016900000000000004	15.949815273284912	63675.12499165535
5818	1456.1518945043392	1016.03	99.130126953125	0.11778194	5.065714285714284e-05	0.00016885714285714282	15.230092763900757	63690.3566095829
5819	1456.0466853629541	1016.83	99.1259765625	0.117711075	5.0614285714285706e-05	0.0001687142857142857	15.878292560577393	63706.23647284508
5820	1451.3319116104096	1018.34	99.383056640625	0.11765396	5.057142857142858e-05	0.0001685714285714286	15.227825403213501	63721.46570920944
5821	1453.8821095750263	1024.0	99.64453125	0.11765617	5.052857142857144e-05	0.0001684285714285715	9.786335945129395	63731.25400829315
5822	1425.3245989979496	1012.14	99.397216796875	0.11765674	5.048571428571427e-05	0.00016828571428571427	9.805579900741577	63741.060153245926
5823	1427.2630400456255	1001.29	99.65869140625	0.117656924	5.044285714285714e-05	0.00016814285714285716	9.562621593475342	63750.62465047836
5824	1457.320540918109	1020.43	100.417724609375	0.11765695	5.0400000000000005e-05	0.00016800000000000004	9.601718187332153	63760.22697997093
5825	1433.2029691910523	1010.38	99.6748046875	0.117657036	5.035714285714284e-05	0.00016785714285714283	10.096151113510132	63770.325745821
5826	1435.7213458267768	1008.91	99.9345703125	0.117657475	5.0314285714285706e-05	0.0001677142857142857	9.578884601593018	63779.90518927574
5827	1419.5064537635362	1008.57	99.9423828125	0.11765831	5.0271428571428577e-05	0.0001675714285714286	9.671388626098633	63789.57845425606
5828	1440.4482691032265	1020.31	100.25146484375	0.11766266	5.022857142857144e-05	0.0001674285714285715	10.061790704727173	63799.64096426964
5829	1455.4940518594046	1024.0	99.206787109375	0.11767092	5.018571428571427e-05	0.00016728571428571427	15.786176443099976	63815.42776346207
5830	1406.2997002913785	1005.3	99.23828125	0.11766543	5.014285714285714e-05	0.00016714285714285716	16.020841121673584	63831.45114302635
5831	1405.7912685379697	996.84	100.031494140625	0.11766408	5.0100000000000005e-05	0.00016700000000000005	9.714105367660522	63841.16664624214
5832	1442.2910296658106	1014.09	98.488525390625	0.1176784	5.005714285714284e-05	0.00016685714285714283	15.922311782836914	63857.089572668076
5833	1421.742844892644	1013.21	99.73828125	0.11762238	5.0014285714285705e-05	0.00016671428571428572	14.351553678512573	63871.44342160225
5834	1435.5646789703958	1014.36	99.494384765625	0.11762118	4.9971428571428576e-05	0.0001665714285714286	9.749311208724976	63881.19437122345
5835	1434.7934743111255	1018.11	99.3056640625	0.11757583	4.992857142857144e-05	0.0001664285714285715	15.80707859992981	63897.00203537941
5836	1445.0654356465927	1012.12	99.02392578125	0.117526256	4.988571428571428e-05	0.00016628571428571427	15.972907304763794	63912.976880311966
5837	1410.7203150065575	997.47	99.05517578125	0.117519885	4.984285714285714e-05	0.00016614285714285716	15.448368787765503	63928.4266936779
5838	1444.5457773617093	1016.19	99.051513671875	0.11734494	4.9800000000000004e-05	0.00016600000000000005	16.31262516975403	63944.74418783188
5839	1425.045215045561	1013.51	99.283935546875	0.1172404	4.975714285714284e-05	0.00016585714285714283	15.324394226074219	63960.07034635544
5840	1426.0809828033252	1014.34	99.54248046875	0.1172402	4.9714285714285705e-05	0.00016571428571428572	9.700843095779419	63969.773308992386
5841	1425.9223517340552	1012.14	99.926513671875	0.117305666	4.9671428571428576e-05	0.0001655714285714286	15.481282234191895	63985.25517201424
5842	1430.9488033359669	1010.34	99.685302734375	0.117223985	4.962857142857144e-05	0.0001654285714285715	15.245186805725098	64000.502805233
5843	1418.7241067959894	1014.36	99.943359375	0.117183484	4.9585714285714276e-05	0.00016528571428571425	16.159709930419922	64016.66444826126
5844	1443.4575322565404	1014.88	99.701416015625	0.11713097	4.954285714285714e-05	0.00016514285714285714	15.344450235366821	64032.00964331627
5845	1446.7324457842087	1014.5	99.45751953125	0.11706308	4.9500000000000004e-05	0.00016500000000000003	15.339838743209839	64047.35055947304
5846	1455.2874550958006	1023.97	99.26806640625	0.1170004	4.945714285714284e-05	0.0001648571428571428	16.190480709075928	64063.54176545143
5847	1441.7114823675392	1018.24	99.224853515625	0.1169811	4.9414285714285704e-05	0.0001647142857142857	16.05394148826599	64079.597212314606
5848	1426.2749562848933	1014.43	99.73291015625	0.1168412	4.9371428571428575e-05	0.00016457142857142858	16.020744800567627	64095.61962556839
5849	1420.7132915685322	1009.11	99.740478515625	0.11675317	4.932857142857144e-05	0.00016442857142857147	15.309359073638916	64110.93052101135
5850	1444.3915257468273	1012.43	99.996826171875	0.116719045	4.9285714285714276e-05	0.00016428571428571425	16.545719861984253	64127.47794342041
5851	1440.70923423704	1024.0	99.5048828125	0.11665058	4.924285714285714e-05	0.00016414285714285714	15.361826658248901	64142.84138584137
5852	1431.3739609576046	1004.53	99.5126953125	0.11654285	4.92e-05	0.00016400000000000003	15.90723443031311	64158.74951791763
5853	1414.8947715491	1009.41	99.520751953125	0.11646441	4.915714285714284e-05	0.0001638571428571428	15.271029233932495	64174.02266454697
5854	1438.618689113361	1013.97	99.528564453125	0.116236515	4.9114285714285704e-05	0.0001637142857142857	15.92957067489624	64189.95403671265
5855	1407.1980256506058	1013.17	99.536376953125	0.116213	4.9071428571428574e-05	0.00016357142857142859	15.215599775314331	64205.17045259476
5856	1417.237798179353	998.75	99.794189453125	0.11612532	4.902857142857144e-05	0.00016342857142857147	16.016642093658447	64221.18975710869
5857	1422.533718972487	997.69	99.55224609375	0.115939654	4.8985714285714275e-05	0.00016328571428571425	15.223644733428955	64236.4155960083
5858	1453.9123929659013	1024.0	99.56005859375	0.11580908	4.894285714285714e-05	0.00016314285714285714	16.3967764377594	64252.813886642456
5859	1407.0874271783189	991.04	99.819091796875	0.11581346	4.89e-05	0.00016300000000000003	10.067330837249756	64262.88280701637
5860	1437.2790695117096	1016.22	100.076904296875	0.11581396	4.885714285714284e-05	0.0001628571428571428	10.3904447555542	64273.27390050888
5861	1441.2055963595546	1012.76	99.833740234375	0.11581462	4.88142857142857e-05	0.0001627142857142857	9.662248849868774	64282.936292648315
5862	1431.40280803394	1016.2	97.576904296875	0.11581508	4.8771428571428574e-05	0.0001625714285714286	9.598423957824707	64292.53643274307
5863	1441.4231105025842	1020.14	100.073974609375	0.11581507	4.872857142857144e-05	0.00016242857142857148	10.580418825149536	64303.11747050285
5864	1426.5690477749893	1005.99	100.106689453125	0.11581526	4.8685714285714275e-05	0.00016228571428571426	9.806352376937866	64312.92572283745
5865	1414.6700344168944	1012.21	100.614501953125	0.115815096	4.864285714285714e-05	0.00016214285714285715	9.573209047317505	64322.49951648712
5866	1418.7638487777917	1004.73	100.35888671875	0.115814544	4.86e-05	0.00016200000000000003	10.075523853302002	64332.57697939873
5867	1419.6742237611002	999.26	100.8740234375	0.115813784	4.855714285714284e-05	0.00016185714285714281	9.675953149795532	64342.25359797478
5868	1415.8056695807388	986.02	100.38818359375	0.11581299	4.85142857142857e-05	0.0001617142857142857	9.587703704833984	64351.84275817871
5869	1428.159310735266	1014.28	99.89599609375	0.11581186	4.8471428571428573e-05	0.0001615714285714286	9.601101160049438	64361.44439840317
5870	1439.8011222902608	1020.05	100.400634765625	0.115810655	4.842857142857144e-05	0.00016142857142857148	10.054863691329956	64371.500396728516
5871	1408.5333020596108	1006.29	99.910888671875	0.11580872	4.8385714285714274e-05	0.00016128571428571426	10.020131826400757	64381.52108383179
5872	1412.419184042276	1003.14	100.419677734375	0.11582374	4.834285714285714e-05	0.00016114285714285715	16.059787034988403	64397.582530498505
5873	1409.1160131216775	1000.31	100.427734375	0.11564619	4.830000000000001e-05	0.00016100000000000004	14.807026147842407	64412.39099907875
5874	1440.174977631722	1024.0	99.6806640625	0.11543908	4.825714285714284e-05	0.00016085714285714282	16.32175040245056	64428.71491122246
5875	1411.7088460618966	1014.72	99.943603515625	0.11537615	4.82142857142857e-05	0.0001607142857142857	15.437748908996582	64444.15366101265
5876	1422.972346374036	1020.08	100.202392578125	0.115314126	4.817142857142857e-05	0.0001605714285714286	15.921002864837646	64460.07600784302
5877	1388.1807489928074	993.04	100.21044921875	0.11521477	4.812857142857144e-05	0.00016042857142857148	15.275018453598022	64475.3528945446
5878	1424.3654934117544	1010.44	100.468017578125	0.11513098	4.8085714285714274e-05	0.00016028571428571426	16.448352098464966	64491.80313253403
5879	1432.3277162154568	1021.57	100.47607421875	0.115016334	4.804285714285714e-05	0.00016014285714285715	16.144731521606445	64507.94900751114
5880	1414.9022435122095	1002.73	100.23388671875	0.114825524	4.800000000000001e-05	0.00016000000000000004	15.530542612075806	64523.4807305336
5881	1428.2650615399398	1011.04	100.991943359375	0.11482614	4.795714285714284e-05	0.00015985714285714282	9.836276531219482	64533.319376945496
5882	1422.7602213526056	1013.57	99.757568359375	0.114825934	4.79142857142857e-05	0.0001597142857142857	10.360299825668335	64543.68034744263
5883	1414.671890725999	998.9	100.493896484375	0.11482514	4.787142857142857e-05	0.0001595714285714286	9.655106544494629	64553.335577726364
5884	1422.8190647950416	1009.5	100.765869140625	0.114824705	4.7828571428571436e-05	0.00015942857142857149	9.597430229187012	64562.934505939484
5885	1428.2448577390421	1014.41	100.5234375	0.11482435	4.778571428571427e-05	0.00015928571428571427	10.32157564163208	64573.256705999374
5886	1421.98302891103	1012.3	101.02490234375	0.11482429	4.774285714285714e-05	0.00015914285714285715	9.624273538589478	64582.88243985176
5887	1428.1063481577578	1017.55	100.289306640625	0.11475327	4.770000000000001e-05	0.00015900000000000004	15.246607065200806	64598.12963557243
5888	1425.0371794972607	1012.8	100.297119140625	0.11457449	4.765714285714284e-05	0.00015885714285714282	18.88206958770752	64617.01386284828
5889	1419.5700782975773	1005.53	100.05908203125	0.11442575	4.761428571428571e-05	0.0001587142857142857	15.935391664505005	64632.95075535774
5890	1420.6720910684876	1010.67	100.06689453125	0.11430576	4.757142857142857e-05	0.0001585714285714286	15.294386863708496	64648.24762010574
5891	1410.431487348576	1011.43	100.32470703125	0.114201985	4.7528571428571436e-05	0.0001584285714285715	15.98553466796875	64664.234613657
5892	1399.0775751696813	1001.37	100.582763671875	0.11412562	4.748571428571427e-05	0.00015828571428571424	15.572337627410889	64679.80892729759
5893	1437.6427342523596	1018.2	100.340087890625	0.114079036	4.7442857142857136e-05	0.00015814285714285716	15.893908262252808	64695.70493340492
5894	1405.9880999044547	995.13	100.347900390625	0.114088506	4.740000000000001e-05	0.00015800000000000005	15.257394552230835	64710.96414041519
5895	1387.425075145437	997.58	100.355712890625	0.11401043	4.735714285714284e-05	0.0001578571428571428	16.008307218551636	64726.974438905716
5896	1432.1764509822792	1024.0	100.612548828125	0.11383417	4.731428571428571e-05	0.0001577142857142857	15.361164093017578	64742.337306022644
5897	1384.2881613055226	992.56	100.87158203125	0.11370974	4.727142857142857e-05	0.00015757142857142858	16.03530240058899	64758.37337613106
5898	1426.288034201761	1010.7	100.379638671875	0.11368058	4.7228571428571435e-05	0.00015742857142857146	15.411630630493164	64773.78597807884
5899	1398.9742028031917	998.8	100.38720703125	0.11351451	4.718571428571427e-05	0.00015728571428571424	15.874874591827393	64789.66292977333
5900	1417.560664008036	1011.31	100.6455078125	0.11349217	4.7142857142857136e-05	0.00015714285714285713	15.214748859405518	64804.87911224365
5901	1438.5025550393223	1014.4	100.40185546875	0.113310724	4.7100000000000006e-05	0.00015700000000000002	15.83649492263794	64820.7164516449
5902	1415.8366846989475	998.11	100.4111328125	0.11325705	4.7057142857142836e-05	0.0001568571428571428	16.182504415512085	64836.90059900284
5903	1410.5977774571566	1007.67	100.4189453125	0.113167666	4.701428571428571e-05	0.0001567142857142857	16.283775806427002	64853.186096191406
5904	1414.7409055964702	1006.73	100.427001953125	0.11305776	4.697142857142857e-05	0.00015657142857142858	15.242875099182129	64868.43003630638
5905	1404.120279674456	1004.21	100.559326171875	0.11302271	4.6928571428571435e-05	0.00015642857142857147	15.584375858306885	64884.01541352272
5906	1414.4455070512302	1001.38	101.067626953125	0.11294484	4.688571428571427e-05	0.00015628571428571425	15.207940816879272	64899.22434926033
5907	1419.839304094357	1003.39	100.325927734375	0.11288274	4.6842857142857135e-05	0.00015614285714285714	15.651125431060791	64914.87740159035
5908	1433.8431115874323	1020.62	100.58349609375	0.11283714	4.6800000000000006e-05	0.00015600000000000002	15.280698776245117	64930.159777879715
5909	1447.1409867709249	1015.7	101.09228515625	0.11275122	4.6757142857142836e-05	0.0001558571428571428	15.880693197250366	64946.04151368141
5910	1420.5585293900047	1008.21	100.599853515625	0.11271536	4.6714285714285707e-05	0.0001557142857142857	15.2344069480896	64961.27770805359
5911	1402.1718229444366	997.47	100.60791015625	0.11263517	4.667142857142857e-05	0.00015557142857142858	16.353861808776855	64977.633138895035
5912	1390.2633204500858	995.13	100.61572265625	0.11254964	4.6628571428571434e-05	0.00015542857142857147	15.881387948989868	64993.51647615433
5913	1393.243549894706	1003.61	100.623779296875	0.11253034	4.658571428571427e-05	0.00015528571428571425	15.395216941833496	65008.91291832924
5914	1429.8277124891374	1020.08	100.6318359375	0.11249736	4.6542857142857135e-05	0.00015514285714285714	15.834275245666504	65024.748757362366
5915	1422.1099982240253	1014.69	101.389404296875	0.11249692	4.6500000000000005e-05	0.00015500000000000003	9.723279237747192	65034.47399973869
5916	1418.9319503328973	1015.94	101.1455078125	0.1123957	4.6457142857142835e-05	0.0001548571428571428	15.503418922424316	65049.97805476189
5917	1374.742773836698	969.12	100.653564453125	0.11228312	4.6414285714285706e-05	0.0001547142857142857	15.903600931167603	65065.88314127922
5918	1425.300687441576	1004.82	100.66162109375	0.11219872	4.637142857142857e-05	0.00015457142857142858	15.212368249893188	65081.09655714035
5919	1434.5951541591887	1024.0	97.67236328125	0.112083346	4.632857142857144e-05	0.00015442857142857147	19.47263264656067	65100.57097554207
5920	1427.4047696832133	1009.91	100.701416015625	0.11198444	4.628571428571427e-05	0.00015428571428571425	16.03919219970703	65116.61103773117
5921	1424.3357758562033	1008.94	100.428466796875	0.111984365	4.6242857142857134e-05	0.00015414285714285714	15.29528260231018	65131.910137176514
5922	1413.8470307640587	1009.11	99.93603515625	0.111964636	4.6200000000000005e-05	0.00015400000000000003	15.89545464515686	65147.807049274445
5923	1418.1449821215117	1018.12	98.7021484375	0.11181282	4.6157142857142835e-05	0.0001538571428571428	15.27608346939087	65163.08456993103
5924	1450.2518783154594	1020.59	100.192138671875	0.11182695	4.6114285714285705e-05	0.0001537142857142857	15.839155435562134	65178.92564678192
5925	1395.3226567834924	996.97	100.7138671875	0.11182604	4.607142857142857e-05	0.0001535714285714286	9.734223365783691	65188.66031551361
5926	1405.5403291386478	1002.54	99.971435546875	0.11175454	4.602857142857144e-05	0.00015342857142857148	15.908135175704956	65204.57029366493
5927	1412.1392987691195	1008.97	100.229736328125	0.111621715	4.598571428571427e-05	0.00015328571428571426	15.669903993606567	65220.24287748337
5928	1426.4521209727757	1019.4	100.23779296875	0.11162257	4.5942857142857134e-05	0.00015314285714285714	15.881240606307983	65236.125636816025
5929	1432.9798846384313	1019.55	100.495361328125	0.11164264	4.5900000000000004e-05	0.00015300000000000003	15.574212789535522	65251.70150089264
5930	1427.9197245334624	1016.35	99.753173828125	0.11154824	4.5857142857142834e-05	0.0001528571428571428	15.880924940109253	65267.58394932747
5931	1430.162689813923	1024.0	100.26123046875	0.11135531	4.5814285714285705e-05	0.0001527142857142857	15.334386587142944	65282.92006254196
5932	1443.0748945191694	1024.0	100.768798828125	0.11129239	4.577142857142857e-05	0.0001525714285714286	15.429471254348755	65298.35126829147
5933	1409.5972308623998	1007.59	100.03466796875	0.11129137	4.572857142857144e-05	0.00015242857142857148	9.77159333229065	65308.12395763397
5934	1427.1017342930054	1013.23	100.784912109375	0.111187994	4.568571428571427e-05	0.00015228571428571426	15.889307260513306	65324.0134472847
5935	1446.103894138154	1023.96	100.542724609375	0.11115395	4.564285714285713e-05	0.00015214285714285715	15.695276737213135	65339.71019935608
5936	1404.4878717397837	989.55	100.55078125	0.11109481	4.5600000000000004e-05	0.00015200000000000004	15.889383792877197	65355.60147881508
5937	1376.4287495412925	999.17	100.556884765625	0.111094385	4.5557142857142834e-05	0.00015185714285714282	10.06938362121582	65365.67222428322
5938	1405.9330085041336	995.8	100.565185546875	0.1110898	4.5514285714285704e-05	0.0001517142857142857	9.809585571289062	65375.48201131821
5939	1400.7771650022073	999.36	99.8310546875	0.1110884	4.547142857142857e-05	0.0001515714285714286	10.283435106277466	65385.76599860191
5940	1441.5827790908925	1024.0	100.821044921875	0.11108745	4.542857142857144e-05	0.00015142857142857148	9.787969827651978	65395.55541801453
5941	1418.4227957419196	1004.53	99.596435546875	0.11108652	4.538571428571427e-05	0.00015128571428571426	9.611758947372437	65405.16782593727
5942	1432.1250936924555	1009.79	100.84765625	0.11108625	4.534285714285714e-05	0.00015114285714285715	10.250684022903442	65415.41885185242
5943	1446.8330460989966	1023.03	100.60546875	0.11108622	4.53e-05	0.00015100000000000004	9.756483316421509	65425.17637848854
5944	1440.4882151850504	1020.07	100.36328125	0.1110862	4.525714285714287e-05	0.00015085714285714293	9.591454982757568	65434.76846623421
5945	1439.8109780041088	1020.23	99.865478515625	0.11108593	4.5214285714285704e-05	0.00015071428571428568	10.370114088058472	65445.1392083168
5946	1448.8196974488787	1020.24	99.636962890625	0.111076556	4.517142857142857e-05	0.00015057142857142857	10.326749086380005	65455.46776032448
5947	1441.9440809327382	1014.51	99.14501953125	0.11107337	4.512857142857144e-05	0.00015042857142857146	9.704813480377197	65465.17279601097
5948	1408.482400805671	1008.58	100.39501953125	0.111046374	4.508571428571427e-05	0.00015028571428571424	15.903344869613647	65481.076751708984
5949	1416.6464526503669	1009.36	100.15283203125	0.11094278	4.504285714285714e-05	0.00015014285714285713	15.276522874832153	65496.35487174988
5950	1433.6845005017333	1018.23	100.410888671875	0.11081887	4.5e-05	0.00015000000000000001	15.942364692687988	65512.299379348755
5951	1409.0059509821397	1002.35	100.418701171875	0.11073548	4.495714285714287e-05	0.0001498571428571429	15.244434595108032	65527.5457174778
5952	1397.1627314936047	990.2	100.42626953125	0.11060551	4.4914285714285703e-05	0.00014971428571428568	16.076202869415283	65543.62350845337
5953	1418.6698626167488	999.2	100.43408203125	0.11051635	4.487142857142857e-05	0.00014957142857142857	15.200643301010132	65558.82540178299
5954	1451.1311792928982	1020.03	101.18603515625	0.11037662	4.482857142857144e-05	0.00014942857142857146	15.76034927368164	65574.58722734451
5955	1407.8272882060596	998.42	101.199951171875	0.110379286	4.478571428571427e-05	0.00014928571428571424	9.728117942810059	65584.31666207314
5956	1428.4313339615112	1013.22	99.966064453125	0.11037985	4.474285714285714e-05	0.00014914285714285713	10.304038286209106	65594.6208460331
5957	1434.4432663960679	1002.88	100.9658203125	0.11029938	4.47e-05	0.00014900000000000002	15.241683959960938	65609.8638651371
5958	1440.563960198052	1022.22	100.224609375	0.11030083	4.4657142857142866e-05	0.0001488571428571429	16.102749586105347	65625.9678080082
5959	1393.8030993744812	993.77	98.990478515625	0.11021336	4.46142857142857e-05	0.00014871428571428569	15.573084354400635	65641.54299783707
5960	1456.7500898901824	1017.52	100.490478515625	0.11010274	4.457142857142857e-05	0.00014857142857142857	15.837348461151123	65657.38230466843
5961	1452.9961244369945	1016.16	100.24658203125	0.1100012	4.452857142857144e-05	0.00014842857142857146	15.608776330947876	65672.99251532555
5962	1453.8406672533777	1024.0	100.528076171875	0.10989276	4.448571428571427e-05	0.00014828571428571424	15.926577806472778	65688.92132663727
5963	1425.7572510095215	1014.24	100.5078125	0.109754674	4.444285714285714e-05	0.00014814285714285713	15.318233251571655	65704.24070167542
5964	1412.3313130303502	995.23	100.7705078125	0.10971961	4.44e-05	0.00014800000000000002	15.889112949371338	65720.13147473335
5965	1426.1972030510262	1008.02	100.778564453125	0.1096242	4.4357142857142866e-05	0.0001478571428571429	15.25428295135498	65735.38690519333
5966	1431.5005484375956	1009.1	100.7861328125	0.10954223	4.43142857142857e-05	0.0001477142857142857	15.02011489868164	65750.40872263908
5967	1433.4160478362508	1009.76	101.044189453125	0.10954282	4.4271428571428566e-05	0.00014757142857142858	9.864055156707764	65760.27375388145
5968	1429.1164257373998	1008.78	100.82568359375	0.10942325	4.422857142857144e-05	0.00014742857142857147	15.878229141235352	65776.15430212021
5969	1433.9693952611508	1014.11	100.18505859375	0.109337114	4.418571428571427e-05	0.00014728571428571425	15.4554603099823	65791.6118478775
5970	1459.2563395800003	1024.0	100.44287109375	0.109286	4.414285714285714e-05	0.00014714285714285713	15.918491840362549	65807.53214740753
5971	1429.183609737447	1004.4	100.70068359375	0.109251134	4.41e-05	0.00014700000000000002	15.322203159332275	65822.85656571388
5972	1427.692554611776	1004.71	100.959228515625	0.10913581	4.405714285714287e-05	0.0001468571428571429	15.92662525177002	65838.78464865685
5973	1382.8658457874308	985.14	100.703125	0.109133	4.40142857142857e-05	0.0001467142857142857	10.121026039123535	65848.90716958046
5974	1428.8798036772891	1002.58	99.731689453125	0.1091125	4.3971428571428566e-05	0.00014657142857142858	15.85317873954773	65864.76088547707
5975	1430.4019147702502	1008.7	99.994873046875	0.10898251	4.3928571428571436e-05	0.00014642857142857147	15.276358127593994	65880.03866958618
5976	1409.1882187175424	1001.81	100.7412109375	0.10896769	4.3885714285714266e-05	0.00014628571428571425	15.836331605911255	65895.8767812252
5977	1425.4460207414675	1000.7	98.254150390625	0.10896095	4.384285714285714e-05	0.00014614285714285714	15.311832666397095	65911.18900609016
5978	1415.8274212588078	1002.78	100.99365234375	0.10881436	4.38e-05	0.00014600000000000003	16.06672978401184	65927.25689554214
5979	1429.0162623711578	1018.32	100.51025390625	0.10879854	4.375714285714287e-05	0.00014585714285714291	15.399000406265259	65942.65680384636
5980	1438.9981377356257	1018.76	100.5185546875	0.10875309	4.37142857142857e-05	0.0001457142857142857	15.897714138031006	65958.55565476418
5981	1452.184003188749	1022.16	100.77587890625	0.108692445	4.3671428571428565e-05	0.00014557142857142858	15.264654636383057	65973.8224041462
5982	1420.3717993575628	1004.55	100.78369140625	0.108731754	4.3628571428571436e-05	0.00014542857142857147	16.357825994491577	65990.18166708946
5983	1461.9867140989809	1018.8	100.790283203125	0.10862287	4.3585714285714266e-05	0.00014528571428571425	15.229241609573364	66005.41241073608
5984	1448.6376548331548	1016.08	101.041748046875	0.10862058	4.3542857142857136e-05	0.00014514285714285714	16.012516736984253	66021.4262869358
5985	1431.3169206386408	1016.15	101.055908203125	0.108604304	4.35e-05	0.00014500000000000003	16.30972456932068	66037.73768687248
5986	1448.4173086741125	1024.0	100.564208984375	0.10854874	4.345714285714287e-05	0.00014485714285714292	16.235138416290283	66053.97449684143
5987	1433.1256197421433	1009.04	100.822021484375	0.10841656	4.34142857142857e-05	0.0001447142857142857	15.189053297042847	66069.16494488716
5988	1441.9393191663007	1012.11	99.837646484375	0.10828969	4.337142857142857e-05	0.00014457142857142859	15.538339614868164	66084.70450019836
5989	1395.950892793334	986.03	100.587890625	0.108424984	4.3328571428571435e-05	0.00014442857142857147	15.192755937576294	66099.89892172813
5990	1399.260880583097	994.96	99.8544921875	0.10836968	4.3285714285714265e-05	0.00014428571428571425	15.39472770690918	66115.294713974
5991	1444.6519088928958	1020.31	100.855224609375	0.108282745	4.3242857142857136e-05	0.00014414285714285714	15.252687692642212	66130.54881572723
5992	1428.810136979181	1010.56	100.363525390625	0.10828587	4.32e-05	0.00014400000000000003	15.48422360420227	66146.03486990929
5993	1393.4533332218284	996.26	101.121337890625	0.10823512	4.315714285714287e-05	0.00014385714285714292	15.182403326034546	66161.21871161461
5994	1417.4587715634102	1004.07	100.62939453125	0.10815477	4.31142857142857e-05	0.0001437142857142857	15.873879194259644	66177.09457349777
5995	1415.0676115492968	1000.79	100.881103515625	0.108068354	4.307142857142857e-05	0.0001435714285714286	15.529784679412842	66192.62580490112
5996	1412.791760533931	1000.54	101.14599609375	0.10790587	4.3028571428571435e-05	0.00014342857142857148	15.470854997634888	66208.09865784645
5997	1417.8745556854294	994.55	100.40380859375	0.107749544	4.2985714285714265e-05	0.00014328571428571423	15.896661758422852	66223.99685549736
5998	1422.7158321523114	1000.85	101.16162109375	0.10767201	4.2942857142857135e-05	0.00014314285714285712	15.272488832473755	66239.27101945877
5999	1438.466056297544	1016.94	100.67138671875	0.10767358	4.29e-05	0.000143	9.70607590675354	66248.97956824303
6000	1434.2390904080935	1013.88	100.953125	0.107614875	4.285714285714287e-05	0.0001428571428571429	15.412039041519165	66264.39232587814
6001	1446.7585865681003	1009.87	100.9345703125	0.10755378	4.28142857142857e-05	0.00014271428571428568	15.377447843551636	66279.77014732361
6002	1419.846091568709	1008.33	101.19775390625	0.107410975	4.277142857142857e-05	0.00014257142857142856	15.674309015274048	66295.44630479813
6003	1390.308596638196	994.89	100.9560546875	0.1074377	4.2728571428571434e-05	0.00014242857142857145	15.206968069076538	66310.6540877819
6004	1430.7585868223146	1016.59	101.2138671875	0.107336916	4.2685714285714264e-05	0.00014228571428571423	15.407817363739014	66326.06329393387
6005	1420.651731569215	1006.47	100.971435546875	0.10723909	4.2642857142857135e-05	0.00014214285714285712	15.399187088012695	66341.46406531334
6006	1440.5483238334318	1020.54	101.47802734375	0.10715294	4.26e-05	0.000142	15.59462857246399	66357.06031775475
6007	1441.4084403498357	1012.58	100.987060546875	0.10707498	4.255714285714287e-05	0.0001418571428571429	15.963325500488281	66373.02498245239
6008	1444.9630345953065	1013.04	100.99462890625	0.10698429	4.25142857142857e-05	0.00014171428571428568	15.32629132270813	66388.35254502296
6009	1417.7148881883468	1006.22	100.01025390625	0.106904894	4.247142857142857e-05	0.00014157142857142857	15.936378240585327	66404.29096269608
6010	1458.6706944490265	1024.0	101.2607421875	0.10681555	4.2428571428571434e-05	0.00014142857142857145	15.972545385360718	66420.26531004906
6011	1451.6960394549942	1013.4	101.517578125	0.10681433	4.238571428571427e-05	0.00014128571428571424	9.713748216629028	66429.9809820652
6012	1445.3576454944036	1004.93	101.0263671875	0.106758304	4.2342857142857134e-05	0.00014114285714285712	15.46485161781311	66445.44643306732
6013	1436.8810694189663	1020.02	101.534423828125	0.10668229	4.23e-05	0.000141	15.232462406158447	66460.68087363243
6014	1416.826282787959	1007.02	101.042236328125	0.10654038	4.225714285714287e-05	0.0001408571428571429	15.334548473358154	66476.01700973511
6015	1420.7548279191903	1010.02	101.298828125	0.10650021	4.22142857142857e-05	0.00014071428571428568	15.281489849090576	66491.29963302612
6016	1443.9233029224406	1016.5	101.308349609375	0.10648259	4.217142857142857e-05	0.00014057142857142857	15.445825815200806	66506.7465980053
6017	1420.5349984060908	1000.63	101.1171875	0.106338084	4.212857142857143e-05	0.00014042857142857146	17.64862823486328	66524.39616942406
6018	1447.6727399336814	1008.34	101.10888671875	0.106267095	4.208571428571427e-05	0.00014028571428571424	15.635060548782349	66540.03231167793
6019	1456.2859861351806	1024.0	101.08154296875	0.10616901	4.2042857142857134e-05	0.00014014285714285713	15.987123012542725	66556.0208594799
6020	1447.9983391415726	1016.21	101.83935546875	0.10617208	4.2e-05	0.00014000000000000001	9.719750881195068	66565.74274611473
6021	1434.6914722731797	1012.63	99.60546875	0.10609583	4.195714285714287e-05	0.0001398571428571429	15.262765645980835	66581.0061545372
6022	1435.8263400476817	1012.6	100.113037109375	0.106072836	4.19142857142857e-05	0.00013971428571428568	15.364891529083252	66596.37247872353
6023	1447.1038483547964	1007.34	101.114501953125	0.10600755	4.187142857142857e-05	0.00013957142857142857	15.262157440185547	66611.63634967804
6024	1452.4235869644097	1018.18	101.1220703125	0.10591078	4.182857142857143e-05	0.00013942857142857146	15.443815469741821	66627.0816257
6025	1398.8931204658784	993.11	101.414794921875	0.10570636	4.178571428571427e-05	0.00013928571428571424	16.010420083999634	66643.09312558174
6026	1408.8521549286131	998.87	101.387939453125	0.10568019	4.174285714285713e-05	0.00013914285714285713	15.528149127960205	66658.62326645851
6027	1447.431471645891	1013.4	99.653564453125	0.105686516	4.17e-05	0.00013900000000000002	15.994389295578003	66674.61947727203
6028	1425.0215321242358	1000.17	101.903564453125	0.10559922	4.165714285714287e-05	0.0001388571428571429	15.259009838104248	66689.87946605682
6029	1428.428238479566	1009.29	100.419189453125	0.105638	4.16142857142857e-05	0.00013871428571428569	16.085001468658447	66705.96644210815
6030	1477.4335926519616	1024.0	101.668212890625	0.10564017	4.157142857142857e-05	0.00013857142857142857	15.604086637496948	66721.57201337814
6031	1447.4325372706392	1024.0	101.42529296875	0.10557368	4.152857142857143e-05	0.00013842857142857146	15.904547452926636	66737.47811794281
6032	1459.1687665354964	1014.8	101.683349609375	0.105479695	4.148571428571427e-05	0.00013828571428571424	15.477733373641968	66752.9568991661
6033	1441.9003242323422	1018.08	101.566162109375	0.10538266	4.144285714285713e-05	0.00013814285714285713	15.959603548049927	66768.9183139801
6034	1431.4233017731456	1007.45	98.82861328125	0.10521784	4.14e-05	0.00013800000000000002	15.366879224777222	66784.286632061
6035	1445.9865358028142	1012.27	101.49462890625	0.10512194	4.135714285714287e-05	0.0001378571428571429	16.03932762145996	66800.32750749588
6036	1446.1623856228784	1014.28	101.32958984375	0.10509122	4.13142857142857e-05	0.0001377142857142857	15.293716669082642	66815.62344765663
6037	1438.7494562328948	1006.39	101.0908203125	0.105011016	4.127142857142857e-05	0.00013757142857142858	15.997734546661377	66831.62288069725
6038	1427.7150290556297	1005.26	101.349365234375	0.105032295	4.122857142857143e-05	0.00013742857142857147	15.32426404953003	66846.94893860817
6039	1430.1335451813293	1014.02	101.381103515625	0.104965754	4.118571428571427e-05	0.00013728571428571425	15.969342708587646	66862.91971087456
6040	1435.314127466184	1023.9	101.86669921875	0.104887746	4.114285714285713e-05	0.00013714285714285713	15.27595829963684	66878.19665980339
6041	1428.639927163167	1006.47	101.125732421875	0.10487766	4.11e-05	0.00013700000000000002	15.668746709823608	66893.86722540855
6042	1452.230433836405	1020.22	101.883544921875	0.104795285	4.105714285714287e-05	0.0001368571428571429	15.226361274719238	66909.09498620033
6043	1427.38246243189	1012.23	101.39013671875	0.10473726	4.10142857142857e-05	0.0001367142857142857	15.328058242797852	66924.42424178123
6044	1430.367276950212	1012.47	101.649169921875	0.10469351	4.097142857142857e-05	0.00013657142857142858	15.279038429260254	66939.70475125313
6045	1437.6584456565045	1006.91	101.406982421875	0.10462182	4.092857142857143e-05	0.00013642857142857147	15.470515012741089	66955.17672014236
6046	1413.6492062087377	998.44	101.664794921875	0.104642965	4.088571428571427e-05	0.00013628571428571422	15.175551176071167	66970.35424041748
6047	1418.273545995461	996.3	101.6728515625	0.104584016	4.084285714285713e-05	0.0001361428571428571	15.279919862747192	66985.63613677025
6048	1430.1115938247212	1008.35	101.6806640625	0.10452816	4.08e-05	0.00013600000000000003	15.342777252197266	67000.98029708862
6049	1460.1753162816178	1022.2	101.438720703125	0.10432032	4.0757142857142866e-05	0.00013585714285714291	15.869362831115723	67016.85072422028
6050	1457.0682719662293	1024.0	101.694580078125	0.104184486	4.0714285714285696e-05	0.00013571428571428567	16.588526725769043	67033.44067621231
6051	1412.377003196741	990.81	100.952880859375	0.10413066	4.067142857142857e-05	0.00013557142857142856	15.31510043144226	67048.75723791122
6052	1448.5238782953224	1018.04	101.7109375	0.104131155	4.062857142857143e-05	0.00013542857142857144	9.781809091567993	67058.54068398476
6053	1403.3817948612705	1005.26	101.455078125	0.104071386	4.058571428571427e-05	0.00013528571428571422	15.331915616989136	67073.87323665619
6054	1426.9442480685655	1006.42	101.4765625	0.10399269	4.054285714285713e-05	0.0001351428571428571	15.258888959884644	67089.13314127922
6055	1440.5461677732337	1012.28	101.234375	0.10396931	4.05e-05	0.000135	15.708065271377563	67104.84273076057
6056	1440.682266820534	1010.35	100.500244140625	0.10392993	4.0457142857142866e-05	0.0001348571428571429	15.244818210601807	67120.08841061592
6057	1418.4813938922794	1006.44	101.751220703125	0.10381242	4.0414285714285696e-05	0.00013471428571428567	15.669721364974976	67135.75996112823
6058	1444.8153739668674	1017.7	101.032470703125	0.10376891	4.0371428571428566e-05	0.00013457142857142856	15.251284837722778	67151.01281285286
6059	1436.0924271202414	1010.65	101.266845703125	0.1037832	4.032857142857143e-05	0.00013442857142857145	15.383080959320068	67166.3974738121
6060	1444.7226176087147	1020.28	101.52490234375	0.10378507	4.028571428571427e-05	0.00013428571428571423	15.267507314682007	67181.66584777832
6061	1438.8474058515587	1008.33	101.56982421875	0.10376254	4.024285714285713e-05	0.00013414285714285712	15.216560125350952	67196.88383769989
6062	1429.8425841226508	1014.4	100.54541015625	0.10376328	4.02e-05	0.000134	9.694016218185425	67206.57956027985
6063	1449.1012969559588	1010.11	101.550537109375	0.103579395	4.0157142857142865e-05	0.0001338571428571429	15.925876140594482	67222.50616145134
6064	1410.9466262450019	988.19	101.066162109375	0.10354898	4.01142857142857e-05	0.00013371428571428567	15.226572513580322	67237.73501729965
6065	1444.2241132178603	1007.69	101.31640625	0.10339385	4.0071428571428566e-05	0.00013357142857142856	16.002445459365845	67253.73905229568
6066	1447.2814964512147	1016.08	102.324462890625	0.10330991	4.002857142857143e-05	0.00013342857142857145	15.294187307357788	67269.03468489647
6067	1432.9166430264972	1008.48	102.58251953125	0.10331253	3.99857142857143e-05	0.00013328571428571434	9.870126485824585	67278.90521216393
6068	1463.427820175461	1024.0	101.340576171875	0.10322618	3.994285714285713e-05	0.00013314285714285712	15.272204160690308	67294.17868304253
6069	1438.8894663828105	1016.24	101.34814453125	0.10322935	3.99e-05	0.000133	15.909888744354248	67310.09048318863
6070	1441.9529688703635	1007.39	101.856201171875	0.103289485	3.9857142857142865e-05	0.0001328571428571429	15.246254682540894	67325.33853650093
6071	1384.7790566012363	980.84	101.60009765625	0.103318125	3.98142857142857e-05	0.00013271428571428568	15.950739622116089	67341.2907102108
6072	1420.5734779618217	994.19	101.871826171875	0.10315446	3.9771428571428565e-05	0.00013257142857142856	15.26609754562378	67356.55911326408
6073	1459.070300991084	1022.32	101.630615234375	0.10300911	3.972857142857143e-05	0.00013242857142857145	16.24372887611389	67372.80442667007
6074	1417.2519461038246	1000.72	102.13671875	0.10298156	3.96857142857143e-05	0.00013228571428571434	15.729769945144653	67388.53575205803
6075	1467.7682859670708	1018.12	101.894775390625	0.102981396	3.964285714285713e-05	0.00013214285714285712	9.84606122970581	67398.3822259903
6076	1428.4306693785704	1012.7	100.660400390625	0.102968924	3.96e-05	0.000132	15.267631769180298	67413.65185523033
6077	1453.6379724621193	1018.45	101.905517578125	0.10289743	3.9557142857142864e-05	0.0001318571428571429	16.33985662460327	67429.99379062653
6078	1443.7122677334398	1015.97	102.668212890625	0.10289816	3.95142857142857e-05	0.00013171428571428568	9.926347017288208	67439.92180609703
6079	1439.3729985452185	1014.09	101.67529296875	0.10272425	3.9471428571428565e-05	0.00013157142857142857	15.94844365119934	67455.87089467049
6080	1436.5251955125382	1008.8	101.684326171875	0.10257896	3.942857142857143e-05	0.00013142857142857146	15.287846088409424	67471.16031646729
6081	1460.6427138182107	1024.0	101.94189453125	0.102528065	3.93857142857143e-05	0.00013128571428571434	15.91443395614624	67487.07636666298
6082	1428.786558975011	1010.06	101.449951171875	0.10252568	3.934285714285713e-05	0.00013114285714285712	9.872852802276611	67496.9506251812
6083	1427.3619422253842	1008.62	101.707763671875	0.10252446	3.93e-05	0.000131	9.60206651687622	67506.55289626122
6084	1427.8767375939217	1000.07	102.45556640625	0.10252339	3.9257142857142864e-05	0.0001308571428571429	10.456783056259155	67517.01178479195
6085	1441.3476621717627	1012.32	101.973388671875	0.10252211	3.92142857142857e-05	0.00013071428571428568	9.666971921920776	67526.67942476273
6086	1430.8853007086536	1012.68	102.2314453125	0.10252098	3.9171428571428564e-05	0.00013057142857142857	9.604427814483643	67536.28553700447
6087	1420.4610583276421	1004.18	101.739501953125	0.10251937	3.912857142857143e-05	0.00013042857142857146	10.34822416305542	67546.63430595398
6088	1422.9149221959713	1005.23	101.996337890625	0.10251826	3.90857142857143e-05	0.00013028571428571435	9.628454208374023	67556.2655236721
6089	1444.8136170362372	1014.23	101.744873046875	0.102517284	3.904285714285713e-05	0.00013014285714285713	9.591037273406982	67565.85716962814
6090	1421.1395298725554	1008.95	100.77197265625	0.10251483	3.9e-05	0.00013000000000000002	10.425869703292847	67576.2850010395
6091	1463.5956497383365	1024.0	99.275634765625	0.10240681	3.895714285714286e-05	0.0001298571428571429	15.31234622001648	67591.5978884697
6092	1420.3065678988278	1007.76	102.02197265625	0.10238203	3.89142857142857e-05	0.00012971428571428568	16.300358533859253	67607.89972400665
6093	1405.3315848002458	992.16	102.030029296875	0.10224468	3.8871428571428564e-05	0.00012957142857142857	15.34505295753479	67623.2467751503
6094	1425.6391905690577	1001.5	101.801025390625	0.102099515	3.8828571428571434e-05	0.00012942857142857146	15.999538660049438	67639.24795532227
6095	1447.39196487018	1010.21	101.849609375	0.10198032	3.87857142857143e-05	0.00012928571428571435	15.324257850646973	67654.57302474976
6096	1452.8137195463787	1014.37	101.55419921875	0.101821244	3.874285714285713e-05	0.00012914285714285713	16.469377040863037	67671.04450750351
6097	1422.1596701510525	1005.48	102.439453125	0.10182149	3.87e-05	0.00012900000000000002	9.776128053665161	67680.82209849358
6098	1449.2083751136518	1014.09	102.447265625	0.10181951	3.865714285714286e-05	0.0001288571428571429	9.90848684310913	67690.7311797142
6099	1436.5874676560745	1016.06	100.463134765625	0.101705424	3.86142857142857e-05	0.00012871428571428566	15.373305320739746	67706.10631299019
6100	1425.5679359328456	1004.66	101.713134765625	0.10167056	3.857142857142856e-05	0.00012857142857142855	15.218466758728027	67721.32622361183
6101	1431.9390346572386	1007.93	102.22119140625	0.101577826	3.8528571428571434e-05	0.00012842857142857144	15.731377840042114	67737.05953264236
6102	1437.5927912375723	1011.5	102.469482421875	0.10157731	3.84857142857143e-05	0.00012828571428571433	9.726749658584595	67746.78785181046
6103	1381.299383451349	978.75	102.237548828125	0.10156369	3.844285714285713e-05	0.0001281428571428571	16.461178064346313	67763.24917578697
6104	1466.150668002553	1022.55	101.99560546875	0.101456225	3.84e-05	0.000128	15.363422393798828	67778.61418390274
6105	1414.211706730949	1004.51	101.77490234375	0.101418324	3.835714285714286e-05	0.00012785714285714288	15.436148405075073	67794.05176711082
6106	1451.003977177972	1020.09	102.512451171875	0.10137084	3.83142857142857e-05	0.00012771428571428566	15.351066827774048	67809.40424251556
6107	1430.0521203682715	1009.01	102.270263671875	0.101313226	3.827142857142856e-05	0.00012757142857142855	15.383270263671875	67824.78925848007
6108	1438.6502137095374	1010.21	102.028076171875	0.10122907	3.822857142857143e-05	0.00012742857142857144	15.311819791793823	67840.1021130085
6109	1419.6823164207976	1012.71	102.035888671875	0.101112746	3.81857142857143e-05	0.00012728571428571433	17.988159656524658	67858.09192466736
6110	1461.470681410714	1024.0	102.043701171875	0.10109177	3.8142857142857134e-05	0.0001271428571428571	15.998086214065552	67874.09144353867
6111	1417.0182806690543	1008.26	102.300048828125	0.101024	3.81e-05	0.000127	15.270779848098755	67889.3643913269
6112	1421.5604462096212	999.68	102.0595703125	0.10096803	3.805714285714286e-05	0.00012685714285714289	15.95714282989502	67905.32264900208
6113	1421.4680541274774	1016.09	101.80615234375	0.10086644	3.80142857142857e-05	0.00012671428571428567	15.331328868865967	67920.65539455414
6114	1423.3396851555722	1010.02	102.075439453125	0.10071129	3.797142857142856e-05	0.00012657142857142855	16.06326413154602	67936.71966695786
6115	1431.638031334935	1005.59	102.83154296875	0.10068986	3.792857142857143e-05	0.00012642857142857144	20.35312247276306	67957.0738067627
6116	1425.2032347287804	1009.75	101.8408203125	0.10059946	3.78857142857143e-05	0.00012628571428571433	16.441020727157593	67973.51592373848
6117	1423.2504557600032	1003.33	102.097412109375	0.10056579	3.784285714285713e-05	0.0001261428571428571	15.584238290786743	67989.1025249958
6118	1458.3743887634255	1018.44	102.35546875	0.10049081	3.78e-05	0.000126	15.336476802825928	68004.44069623947
6119	1456.2692669457756	1016.82	101.863525390625	0.10040519	3.775714285714286e-05	0.0001258571428571429	15.407092809677124	68019.84959411621
6120	1437.0421420264693	1018.17	101.87109375	0.100344665	3.77142857142857e-05	0.00012571428571428567	15.369610786437988	68035.22016358376
6121	1450.2536193283395	1014.14	101.13671875	0.100206584	3.767142857142856e-05	0.00012557142857142856	15.29039454460144	68050.51236653328
6122	1432.6348892693466	1004.98	102.1376953125	0.10014223	3.762857142857143e-05	0.00012542857142857145	15.372735500335693	68065.88670325279
6123	1396.4897702853166	995.41	102.396240234375	0.10010142	3.7585714285714296e-05	0.00012528571428571433	15.304792404174805	68081.19407606125
6124	1446.3027274290382	1018.18	102.15380859375	0.10010236	3.754285714285713e-05	0.00012514285714285711	16.075511932373047	68097.27160716057
6125	1426.7366719285037	997.42	101.911376953125	0.10001278	3.75e-05	0.000125	15.875195503234863	68113.14973711967
6126	1446.5393982273847	1008.44	102.41943359375	0.09977076	3.745714285714286e-05	0.0001248571428571429	15.20862078666687	68128.35986971855
6127	1431.5199922508991	1005.27	101.67724609375	0.099749364	3.74142857142857e-05	0.00012471428571428567	16.004679679870605	68144.36699748039
6128	1429.8041306381194	1007.71	101.935302734375	0.099604286	3.737142857142856e-05	0.00012457142857142856	15.22779369354248	68159.59600305557
6129	1427.458231904406	1011.14	102.193115234375	0.099576294	3.732857142857143e-05	0.00012442857142857145	15.89121127128601	68175.48892760277
6130	1447.6297089970506	1012.15	102.200927734375	0.099499136	3.7285714285714296e-05	0.00012428571428571434	15.203437328338623	68190.69386839867
6131	1451.0187678568284	1014.59	102.458984375	0.09947889	3.724285714285713e-05	0.00012414285714285712	15.896332263946533	68206.59163594246
6132	1448.4576325780808	1008.68	102.240234375	0.09950387	3.7199999999999996e-05	0.000124	15.33301830291748	68221.92659831047
6133	1434.3279007418487	1014.5	102.724609375	0.09950247	3.715714285714286e-05	0.0001238571428571429	9.76358699798584	68231.69155359268
6134	1421.606137195578	1006.24	101.982421875	0.09939117	3.71142857142857e-05	0.00012371428571428567	15.472548246383667	68247.16473174095
6135	1374.013781686188	977.1	102.513916015625	0.099211	3.707142857142856e-05	0.00012357142857142856	15.977277040481567	68263.14350628853
6136	1449.064774502228	1024.0	102.267333984375	0.099048644	3.702857142857143e-05	0.00012342857142857145	16.27475595474243	68279.41979050636
6137	1433.2584291534286	1013.98	102.02978515625	0.09898988	3.6985714285714295e-05	0.00012328571428571434	15.90704607963562	68295.32862496376
6138	1441.6579695674257	1017.26	102.516845703125	0.09896604	3.694285714285713e-05	0.00012314285714285712	15.237700462341309	68310.56826472282
6139	1464.3634938423336	1022.23	102.52392578125	0.09895753	3.6899999999999996e-05	0.000123	16.262686729431152	68326.8327319622
6140	1441.231524227497	1020.02	102.281982421875	0.09887398	3.685714285714286e-05	0.0001228571428571429	15.314717769622803	68342.14928770065
6141	1449.7550224074093	1010.93	102.7900390625	0.09887441	3.6814285714285696e-05	0.00012271428571428568	9.799144268035889	68351.95026254654
6142	1419.5667813623115	1002.94	102.796875	0.09882163	3.677142857142856e-05	0.00012257142857142857	15.379176378250122	68367.33001303673
6143	1429.286569727021	1008.42	102.805908203125	0.098781854	3.672857142857143e-05	0.00012242857142857145	16.22557783126831	68383.556589365
6144	1446.3141248780323	1008.74	102.563720703125	0.09881776	3.6685714285714295e-05	0.00012228571428571434	15.262664556503296	68398.82080984116
6145	1466.49557336192	1018.66	102.572021484375	0.09870183	3.664285714285713e-05	0.00012214285714285712	15.865084648132324	68414.68732786179
6146	1437.0083725837699	1014.02	102.82958984375	0.0987041	3.6599999999999995e-05	0.000122	15.317228555679321	68430.00495505333
6147	1428.0742527430943	1001.58	102.837158203125	0.09869775	3.6557142857142866e-05	0.00012185714285714289	15.97864556312561	68445.98542952538
6148	1396.9497504076694	989.56	102.845458984375	0.0986475	3.6514285714285696e-05	0.00012171428571428567	16.473291635513306	68462.46010351181
6149	1447.2024944014747	1014.27	99.857421875	0.09860664	3.647142857142856e-05	0.00012157142857142855	15.994639873504639	68478.45655560493
6150	1428.8046802477477	1008.87	102.6044921875	0.098553754	3.642857142857143e-05	0.00012142857142857144	15.32338571548462	68493.78129434586
6151	1386.3962450774209	980.11	102.63623046875	0.09850929	3.6385714285714294e-05	0.00012128571428571433	15.975325584411621	68509.758613348
6152	1417.733234125334	1000.96	102.644287109375	0.098339565	3.634285714285713e-05	0.00012114285714285711	15.309123754501343	68525.0691511631
6153	1449.6580159835858	1024.0	102.652099609375	0.098338515	3.6299999999999995e-05	0.000121	10.404988288879395	68535.47567105293
6154	1463.4928975150417	1020.68	101.9189453125	0.09826839	3.6257142857142865e-05	0.00012085714285714289	15.233439207077026	68550.70975232124
6155	1420.7153509135042	1004.8	102.419189453125	0.09826835	3.6214285714285695e-05	0.00012071428571428567	9.734545946121216	68560.44586801529
6156	1445.9297163661852	1009.54	102.427978515625	0.0983113	3.617142857142856e-05	0.00012057142857142856	16.33839774131775	68576.78440570831
6157	1440.8001999919359	1018.42	102.435791015625	0.09824134	3.612857142857143e-05	0.00012042857142857145	16.012291431427002	68592.79830932617
6158	1440.7650263458345	1010.23	102.6923828125	0.098157324	3.6085714285714294e-05	0.00012028571428571433	22.44541049003601	68615.24538516998
6159	1442.8190258284294	1012.52	102.701416015625	0.098074414	3.604285714285713e-05	0.00012014285714285711	15.883517503738403	68631.1299276352
6160	1447.777501288664	1014.49	102.70703125	0.09810394	3.5999999999999994e-05	0.00012	15.752331018447876	68646.884090662
6161	1441.121541741114	1024.0	102.716064453125	0.09810553	3.5957142857142865e-05	0.00011985714285714289	15.790363073348999	68662.67568421364
6162	1461.2742042134823	1024.0	102.724609375	0.09810556	3.5914285714285695e-05	0.00011971428571428566	9.744368553161621	68672.42159557343
6163	1418.6193372536807	997.44	102.73583984375	0.09810384	3.5871428571428565e-05	0.00011957142857142855	10.366503238677979	68682.78867435455
6164	1457.8983121266872	1024.0	102.745849609375	0.09808642	3.582857142857143e-05	0.00011942857142857145	15.773797273635864	68698.57432603836
6165	1412.7853862535248	989.43	102.75830078125	0.098108925	3.578571428571429e-05	0.00011928571428571434	15.893747806549072	68714.48393392563
6166	1430.338845804585	1008.02	102.770751953125	0.09816825	3.574285714285713e-05	0.0001191428571428571	15.253592729568481	68729.73893737793
6167	1465.9319756362925	1022.07	102.780517578125	0.098015934	3.5699999999999994e-05	0.00011899999999999999	15.965306282043457	68745.70572948456
6168	1416.586336743781	1000.34	102.81396484375	0.09793373	3.5657142857142864e-05	0.00011885714285714288	17.543235540390015	68763.25029468536
6169	1451.2011158506775	1016.68	102.703125	0.097876966	3.5614285714285694e-05	0.00011871428571428566	16.066664218902588	68779.31900382042
6170	1438.8242130430722	1008.38	102.962890625	0.09790669	3.5571428571428565e-05	0.00011857142857142855	15.257143497467041	68794.57751917839
6171	1451.075808187769	1016.65	102.97314453125	0.09786359	3.552857142857143e-05	0.00011842857142857144	16.331183195114136	68810.91088819504
6172	1459.2638608357138	1016.12	102.983642578125	0.097831815	3.548571428571429e-05	0.00011828571428571433	15.537667036056519	68826.44954657555
6173	1436.613122490989	1020.25	102.743408203125	0.09773374	3.544285714285713e-05	0.0001181428571428571	15.95363974571228	68842.4046561718
6174	1444.1452364231498	1012.12	103.003173828125	0.09774446	3.539999999999999e-05	0.000118	15.317592859268188	68857.72369289398
6175	1438.165059671906	999.41	103.01318359375	0.09769845	3.5357142857142864e-05	0.00011785714285714288	15.792461156845093	68873.5175356865
6176	1432.9665220153474	1008.64	103.023193359375	0.09758667	3.5314285714285694e-05	0.00011771428571428566	15.286970376968384	68888.80584645271
6177	1454.1749853924093	1020.33	102.78173828125	0.09763268	3.5271428571428564e-05	0.00011757142857142855	15.428165435791016	68904.23536586761
6178	1448.8266432830837	1022.07	103.042724609375	0.09756136	3.522857142857143e-05	0.00011742857142857144	15.301989078521729	68919.53908991814
6179	1412.4349894182149	1006.75	103.05078125	0.09755448	3.518571428571429e-05	0.00011728571428571433	16.110723733901978	68935.65154457092
6180	1415.6004339583983	996.9	103.06103515625	0.09752866	3.514285714285713e-05	0.00011714285714285711	15.415739059448242	68951.06877374649
6181	1448.6389794602226	1024.0	103.07080078125	0.09744232	3.509999999999999e-05	0.000117	15.64329218864441	68966.71343111992
6182	1450.3787627773968	1021.65	103.080810546875	0.09743134	3.505714285714286e-05	0.00011685714285714289	15.615149974822998	68982.33002853394
6183	1424.471805088039	1004.13	102.84033203125	0.097502016	3.501428571428569e-05	0.00011671428571428567	15.528935670852661	68997.86077547073
6184	1411.9662858408574	998.24	103.600341796875	0.09740209	3.4971428571428564e-05	0.00011657142857142856	22.233478546142578	69020.09526062012
6185	1453.6579280532555	1024.0	102.8603515625	0.097356915	3.492857142857143e-05	0.00011642857142857144	15.28947114944458	69035.38648891449
6186	1437.026548209601	1005.07	103.119873046875	0.097222604	3.488571428571429e-05	0.00011628571428571433	16.452279329299927	69051.84075069427
6187	1423.2812838257016	1006.56	103.3779296875	0.09710727	3.484285714285713e-05	0.00011614285714285711	15.250262975692749	69067.09271287918
6188	1435.4378100628842	1000.76	103.139892578125	0.09707563	3.479999999999999e-05	0.000116	16.54266119003296	69083.63719391823
6189	1434.4760703834897	1008.15	102.900634765625	0.09694985	3.475714285714286e-05	0.00011585714285714289	15.352122783660889	69098.99048519135
6190	1453.3251272788623	1014.29	103.16015625	0.09692507	3.4714285714285727e-05	0.00011571428571428578	15.449122667312622	69114.44068956375
6191	1451.1478305329128	1024.0	103.170166015625	0.09687433	3.467142857142856e-05	0.00011557142857142854	15.597744226455688	69130.039655447
6192	1398.2285494950768	985.71	103.179931640625	0.09691738	3.462857142857143e-05	0.00011542857142857143	15.441692113876343	69145.48233270645
6193	1436.2328350789965	1010.73	103.18994140625	0.09690097	3.45857142857143e-05	0.00011528571428571432	15.309377670288086	69160.7928378582
6194	1420.7371978637561	1008.73	103.19970703125	0.09675393	3.454285714285713e-05	0.0001151428571428571	15.685174942016602	69176.47951030731
6195	1450.6564903561527	1020.1	103.20751953125	0.09675688	3.449999999999999e-05	0.00011499999999999999	22.43149423599243	69198.9124507904
6196	1433.2721340623984	1008.82	103.21923828125	0.09669889	3.445714285714286e-05	0.00011485714285714288	15.278292179107666	69214.19386553764
6197	1430.6306839477768	1003.49	103.228271484375	0.096669264	3.4414285714285726e-05	0.00011471428571428577	15.963345050811768	69230.15758991241
6198	1460.7272320041077	1024.0	103.239013671875	0.096527524	3.437142857142856e-05	0.00011457142857142855	15.27267074584961	69245.43247318268
6199	1440.292900899703	1005.79	103.248779296875	0.096485704	3.4328571428571427e-05	0.00011442857142857144	15.938870668411255	69261.37197804451
6200	1439.8703100540026	1016.64	103.257080078125	0.09634372	3.42857142857143e-05	0.00011428571428571432	15.654372453689575	69277.02843141556
6201	1413.3159967875863	998.94	103.266845703125	0.0962781	3.424285714285713e-05	0.0001141428571428571	22.971147775650024	69300.00051569939
6202	1435.1358891501484	1012.36	103.27685546875	0.09616578	3.419999999999999e-05	0.00011399999999999999	16.098055839538574	69316.10040211678
6203	1467.0862112689126	1024.0	103.53662109375	0.09615598	3.415714285714286e-05	0.00011385714285714288	15.29182243347168	69331.39392852783
6204	1438.1242212122495	1011.01	102.79638671875	0.09611419	3.4114285714285726e-05	0.00011371428571428577	15.974097728729248	69347.36941766739
6205	1441.4130509329461	1013.01	102.8076171875	0.096021034	3.407142857142856e-05	0.00011357142857142855	15.299013614654541	69362.67078781128
6206	1427.929103145323	1004.07	100.394775390625	0.095903225	3.4028571428571426e-05	0.00011342857142857144	15.954196691513062	69378.62617659569
6207	1445.8582066499646	1017.04	103.146728515625	0.095893376	3.39857142857143e-05	0.00011328571428571433	15.233355522155762	69393.86090946198
6208	1447.012924687524	1014.97	103.404541015625	0.09589356	3.394285714285713e-05	0.00011314285714285711	10.422264099121094	69404.284501791
6209	1421.1977143281454	1002.16	103.346923828125	0.09586074	3.389999999999999e-05	0.000113	22.278174877166748	69426.56325268745
6210	1430.578821970659	1018.06	103.357421875	0.09568036	3.385714285714286e-05	0.00011285714285714288	15.938229084014893	69442.50272393227
6211	1410.5876487399883	1002.7	103.366943359375	0.09561209	3.3814285714285725e-05	0.00011271428571428577	15.242686986923218	69457.74685144424
6212	1441.186890238624	1013.27	103.376953125	0.095589735	3.377142857142856e-05	0.00011257142857142855	15.679816484451294	69473.42848920822
6213	1446.1504752197568	1014.3	103.636962890625	0.095534004	3.3728571428571426e-05	0.00011242857142857144	15.28497576713562	69488.71488213539
6214	1414.9580626282093	998.89	103.396728515625	0.09553503	3.3685714285714296e-05	0.00011228571428571433	9.834305047988892	69498.55056977272
6215	1444.147326706131	1006.49	103.406494140625	0.09550613	3.3642857142857126e-05	0.0001121428571428571	15.244823455810547	69513.79611515999
6216	1420.3143302440733	994.86	103.416748046875	0.09546598	3.36e-05	0.00011199999999999998	16.09675168991089	69529.89480423927
6217	1420.2535387290873	1007.02	103.42626953125	0.09538978	3.355714285714286e-05	0.00011185714285714287	15.480756759643555	69545.37694954872
6218	1395.347984681164	991.9	103.4365234375	0.09534829	3.3514285714285724e-05	0.00011171428571428576	16.197285652160645	69561.5778222084
6219	1442.100588734606	1024.0	103.446044921875	0.095242955	3.347142857142856e-05	0.00011157142857142854	15.253754615783691	69576.8330655098
6220	1428.2756982386463	1000.87	103.455810546875	0.09521362	3.3428571428571425e-05	0.00011142857142857143	15.913952827453613	69592.74872541428
6221	1441.88739592111	1010.25	103.4658203125	0.09515897	3.3385714285714296e-05	0.00011128571428571432	15.3752121925354	69608.12514519691
6222	1414.9574734639434	1000.88	102.73388671875	0.095168896	3.3342857142857126e-05	0.0001111428571428571	15.644460916519165	69623.7736697197
6223	1433.8434256608102	1018.59	103.5595703125	0.09503436	3.3299999999999996e-05	0.00011099999999999999	15.28584623336792	69639.06137228012
6224	1400.2449592894925	986.94	103.5673828125	0.09498411	3.325714285714286e-05	0.00011085714285714288	15.983417510986328	69655.04672789574
6225	1445.4550462846767	1011.36	103.57763671875	0.09496337	3.3214285714285724e-05	0.00011071428571428576	15.392551183700562	69670.44009637833
6226	1427.3942589779658	997.72	103.711181640625	0.09491428	3.317142857142856e-05	0.00011057142857142854	15.421772003173828	69685.86341524124
6227	1467.1603409263855	1022.11	103.717041015625	0.094884105	3.3128571428571425e-05	0.00011042857142857143	15.352765083312988	69701.21779489517
6228	1469.1738953777697	1024.0	103.72705078125	0.09473645	3.3085714285714295e-05	0.00011028571428571432	15.57260775566101	69716.79237437248
6229	1452.8759256686599	1018.82	103.73486328125	0.094760396	3.3042857142857125e-05	0.0001101428571428571	15.826271295547485	69732.62004208565
6230	1425.3089037645716	1012.18	103.742919921875	0.094661914	3.2999999999999996e-05	0.00010999999999999999	15.42365312576294	69748.04504227638
6231	1455.1435318421916	1024.0	103.50048828125	0.094639204	3.295714285714286e-05	0.00010985714285714288	16.622193574905396	69764.66890716553
6232	1441.900780778086	1012.29	103.50830078125	0.09456324	3.2914285714285723e-05	0.00010971428571428577	15.64601993560791	69780.3163254261
6233	1412.8740113366327	994.99	103.7666015625	0.09447826	3.287142857142856e-05	0.00010957142857142855	16.591429710388184	69796.90946888924
6234	1452.8375558809773	1024.0	103.774169921875	0.09433832	3.2828571428571424e-05	0.00010942857142857144	15.224072456359863	69812.1356472969
6235	1452.1798705269184	1022.15	103.781982421875	0.09434098	3.2785714285714295e-05	0.00010928571428571432	9.782475709915161	69821.92020583153
6236	1427.6905105742685	1002.82	103.789794921875	0.09421334	3.2742857142857125e-05	0.0001091428571428571	15.404118537902832	69837.32491064072
6237	1468.9538407988057	1018.55	103.7978515625	0.094161905	3.2699999999999995e-05	0.00010899999999999999	16.22812509536743	69853.55516052246
6238	1447.2599618047116	1019.33	103.806884765625	0.09416313	3.265714285714286e-05	0.00010885714285714288	10.375800848007202	69863.9328429699
6239	1441.6518424537505	1010.59	103.814697265625	0.094091594	3.261428571428572e-05	0.00010871428571428577	15.256607055664062	69879.18955111504
6240	1388.3469604320455	987.24	103.822509765625	0.09402143	3.257142857142856e-05	0.00010857142857142854	16.19067621231079	69895.38260126114
6241	1458.9082899663658	1021.54	103.830322265625	0.09402887	3.2528571428571424e-05	0.00010842857142857143	15.337899208068848	69910.7222905159
6242	1456.4061300315373	1018.78	103.838134765625	0.093922086	3.2485714285714294e-05	0.00010828571428571433	16.037805318832397	69926.76212024689
6243	1415.5221853024775	1002.1	103.845703125	0.09393001	3.2442857142857124e-05	0.0001081428571428571	16.080323696136475	69942.84426546097
6244	1432.476987682421	1014.72	103.853759765625	0.093895316	3.2399999999999995e-05	0.00010799999999999998	15.249507665634155	69958.09591460228
6245	1471.595791142361	1018.16	103.861572265625	0.0938265	3.235714285714286e-05	0.00010785714285714287	16.111107110977173	69974.20847511292
6246	1453.6277350167886	1022.12	103.86962890625	0.093761735	3.231428571428573e-05	0.00010771428571428576	15.499490976333618	69989.70956707001
6247	1458.6930362471187	1020.1	103.8759765625	0.09369794	3.227142857142856e-05	0.00010757142857142854	16.39236617088318	70006.10374546051
6248	1419.1084886199324	1004.95	103.8837890625	0.09363362	3.222857142857142e-05	0.00010742857142857143	15.592634201049805	70021.69805622101
6249	1432.769017160842	1018.24	103.8916015625	0.0935747	3.2185714285714294e-05	0.00010728571428571432	15.92409610748291	70037.62335062027
6250	1439.9881529759318	1016.25	103.8994140625	0.093541026	3.2142857142857124e-05	0.0001071428571428571	15.36181378364563	70052.98665881157
6251	1442.1787051070535	1007.27	103.9072265625	0.09342337	3.2099999999999994e-05	0.00010699999999999999	16.032352685928345	70069.02066040039
6252	1440.9376563057747	1022.11	103.915283203125	0.09336131	3.205714285714286e-05	0.00010685714285714287	15.4506516456604	70084.47290444374
6253	1457.985585747978	1024.0	103.923095703125	0.09339256	3.201428571428573e-05	0.00010671428571428576	16.038988828659058	70100.51319527626
6254	1439.5093225272535	1010.62	103.93212890625	0.09321571	3.197142857142856e-05	0.00010657142857142854	15.250008821487427	70115.76465797424
6255	1391.874792703448	978.38	103.190185546875	0.09315022	3.192857142857142e-05	0.00010642857142857143	16.20038938522339	70131.96652722359
6256	1471.806360344486	1024.0	103.447998046875	0.09306651	3.188571428571429e-05	0.00010628571428571432	15.346811771392822	70147.31508040428
6257	1461.3552634031396	1013.91	103.953857421875	0.09306863	3.184285714285712e-05	0.0001061428571428571	15.9029221534729	70163.21985721588
6258	1431.4058558143145	1010.36	102.471923828125	0.0930007	3.1799999999999994e-05	0.00010599999999999999	15.341611623764038	70178.56363487244
6259	1424.5815523744811	1015.14	103.4716796875	0.09298397	3.175714285714286e-05	0.00010585714285714288	15.347474098205566	70193.91250634193
6260	1435.6523889345399	1011.16	103.7294921875	0.09293123	3.171428571428573e-05	0.00010571428571428577	15.289453506469727	70209.2034342289
6261	1425.386891637232	1010.1	103.2724609375	0.09284366	3.167142857142856e-05	0.00010557142857142855	15.338085889816284	70224.54310965538
6262	1454.4167429582562	1018.18	103.02001953125	0.092746384	3.162857142857142e-05	0.00010542857142857143	15.305586814880371	70239.85058069229
6263	1477.1293916184777	1023.45	103.753173828125	0.09265097	3.158571428571429e-05	0.00010528571428571432	15.666660785675049	70255.52008295059
6264	1435.666423298563	1006.34	101.013916015625	0.09255606	3.154285714285712e-05	0.0001051428571428571	15.332472801208496	70270.85708975792
6265	1472.4189449290022	1024.0	104.0126953125	0.09246433	3.149999999999999e-05	0.00010499999999999999	15.430214405059814	70286.28909039497
6266	1443.8545098597983	1002.23	103.52197265625	0.0924472	3.145714285714286e-05	0.00010485714285714288	15.27404236793518	70301.56609010696
6267	1413.9265542421872	1000.87	103.5283203125	0.09240448	3.141428571428573e-05	0.00010471428571428577	15.915746450424194	70317.48450398445
6268	1465.547325634386	1019.93	103.772705078125	0.09233895	3.137142857142856e-05	0.00010457142857142853	16.1639404296875	70333.64944839478
6269	1450.596069134741	1012.55	103.54443359375	0.09222821	3.132857142857143e-05	0.00010442857142857142	15.233031511306763	70348.88407373428
6270	1401.32583310694	991.3	103.302490234375	0.0922111	3.128571428571429e-05	0.00010428571428571431	16.40804409980774	70365.29348802567
6271	1462.5462577231547	1024.0	103.563720703125	0.09208093	3.124285714285712e-05	0.00010414285714285709	15.288649320602417	70380.5835571289
6272	1448.2821363067583	1018.88	102.57958984375	0.09201764	3.119999999999999e-05	0.00010399999999999998	16.0442214012146	70396.62923932076
6273	1463.7063015113724	1018.33	104.330810546875	0.092018284	3.1157142857142857e-05	0.00010385714285714287	9.721095085144043	70406.35211849213
6274	1402.5957364799597	993.8	103.62353515625	0.092002235	3.111428571428573e-05	0.00010371428571428576	15.39322566986084	70421.74601483345
6275	1450.2447899419938	1011.16	103.846435546875	0.09197209	3.107142857142856e-05	0.00010357142857142854	15.35728406906128	70437.10494947433
6276	1457.4395627445451	1020.01	103.354248046875	0.09182943	3.102857142857143e-05	0.00010342857142857143	15.650914907455444	70452.7568218708
6277	1432.777533154647	1001.19	103.612060546875	0.09183914	3.098571428571429e-05	0.00010328571428571431	15.284374952316284	70468.04299402237
6278	1451.8056777756804	1024.0	102.686279296875	0.09170183	3.094285714285712e-05	0.0001031428571428571	16.07332706451416	70484.11670947075
6279	1427.4998604254752	1004.94	103.1396484375	0.0915862	3.089999999999999e-05	0.00010299999999999998	15.601827621459961	70499.72112226486
6280	1453.6694778340843	1008.24	103.384765625	0.091557115	3.0857142857142856e-05	0.00010285714285714287	15.986546754837036	70515.70871448517
6281	1431.3883343980315	1007.56	104.143798828125	0.09160664	3.0814285714285727e-05	0.00010271428571428576	15.250297546386719	70530.96054911613
6282	1451.766575026767	1006.7	102.659423828125	0.091556184	3.0771428571428557e-05	0.00010257142857142854	16.138726949691772	70547.10011720657
6283	1435.8524266825955	1009.04	103.409423828125	0.09157204	3.072857142857143e-05	0.00010242857142857143	15.234207391738892	70562.3358194828
6284	1430.6814007238904	1004.52	103.91748046875	0.09141996	3.068571428571429e-05	0.00010228571428571432	16.024080991744995	70578.36055350304
6285	1427.9255502875185	999.6	103.67529296875	0.091398716	3.064285714285713e-05	0.0001021428571428571	15.25036334991455	70593.61320495605
6286	1449.7776412801243	1016.24	103.684326171875	0.091264874	3.059999999999999e-05	0.00010199999999999999	16.631645679473877	70610.24525952339
6287	1406.4838679565664	980.73	103.9658203125	0.09117204	3.0557142857142855e-05	0.00010185714285714287	15.256089210510254	70625.50295567513
6288	1448.4997811283167	1018.5	103.7158203125	0.09111395	3.0514285714285726e-05	0.00010171428571428576	16.31447458267212	70641.81859564781
6289	1455.84075091609	1011.48	104.206298828125	0.09106904	3.047142857142856e-05	0.00010157142857142854	15.247784614562988	70657.06834554672
6290	1416.6499479835347	995.81	103.839111328125	0.09107208	3.0428571428571423e-05	0.00010142857142857143	16.00442409515381	70673.07493972778
6291	1419.8588123981388	1002.6	103.846923828125	0.09095651	3.038571428571429e-05	0.00010128571428571432	15.295192003250122	70688.3711309433
6292	1437.5388894302562	1010.76	103.85498046875	0.09095516	3.0342857142857124e-05	0.00010114285714285709	15.441766023635864	70703.814909935
6293	1465.9916433550702	1018.34	103.84912109375	0.09086398	3.029999999999999e-05	0.00010099999999999997	15.270736694335938	70719.0875184536
6294	1389.9878571506272	978.72	103.870849609375	0.09086583	3.025714285714286e-05	0.00010085714285714286	18.34509587287903	70737.43478751183
6295	1459.2013581064562	1013.95	104.128662109375	0.09077117	3.0214285714285726e-05	0.00010071428571428575	16.449177265167236	70753.88514852524
6296	1417.0669497898325	1004.04	102.894287109375	0.09074995	3.017142857142856e-05	0.00010057142857142853	15.255582809448242	70769.14253640175
6297	1461.5013356179393	1016.05	103.894287109375	0.09059773	3.0128571428571423e-05	0.00010042857142857142	16.258421182632446	70785.40236115456
6298	1405.0160273678155	997.19	104.902099609375	0.09059582	3.008571428571429e-05	0.00010028571428571431	9.713495016098022	70795.11837053299
6299	1456.03649341468	1011.85	103.909912109375	0.09054617	3.0042857142857123e-05	0.00010014285714285709	15.270235061645508	70810.38925123215
6300	1450.734191154367	1012.39	103.917724609375	0.09055805	2.999999999999999e-05	9.999999999999998e-05	15.322572946548462	70825.71330475807
6301	1463.7428821436336	1024.0	104.17578125	0.090530254	2.9957142857142858e-05	9.985714285714287e-05	15.275476694107056	70840.99249434471
6302	1457.1674940614569	1024.0	103.93359375	0.090460636	2.9914285714285725e-05	9.971428571428575e-05	15.716196298599243	70856.71090936661
6303	1438.9070702321062	1008.4	103.94287109375	0.09042182	2.987142857142856e-05	9.957142857142853e-05	15.883132457733154	70872.59539461136
6304	1426.0147288451265	1004.27	104.200927734375	0.09033296	2.9828571428571422e-05	9.942857142857142e-05	15.290607690811157	70887.88767123222
6305	1399.491938790182	980.1	104.45849609375	0.090316705	2.978571428571429e-05	9.928571428571431e-05	16.000633716583252	70903.89021682739
6306	1455.770606162191	1016.21	103.966552734375	0.09027618	2.9742857142857123e-05	9.914285714285709e-05	15.241071939468384	70919.13270330429
6307	1466.2818264576445	1018.05	103.974365234375	0.09028522	2.969999999999999e-05	9.899999999999998e-05	15.972501039505005	70935.10683727264
6308	1440.4436802915377	1006.22	104.00537109375	0.09021918	2.9657142857142857e-05	9.885714285714287e-05	15.251795530319214	70950.35991597176
6309	1455.8519679081323	1016.0	103.48974609375	0.090182655	2.9614285714285725e-05	9.871428571428576e-05	16.028778791427612	70966.39069318771
6310	1415.464849175956	997.69	103.99755859375	0.090172224	2.9571428571428558e-05	9.857142857142854e-05	15.294111728668213	70981.68683838844
6311	1411.9162994494702	993.07	104.005859375	0.09000488	2.9528571428571425e-05	9.842857142857143e-05	16.5418438911438	70998.23028039932
6312	1451.6698173865868	1022.11	104.01171875	0.089853466	2.948571428571429e-05	9.828571428571431e-05	15.589991331100464	71013.82228422165
6313	1451.1929471348149	1016.07	104.01953125	0.08980618	2.9442857142857156e-05	9.81428571428572e-05	16.035865306854248	71029.85967469215
6314	1434.7588750911643	1008.13	104.02783203125	0.08981324	2.939999999999999e-05	9.799999999999998e-05	15.217785596847534	71045.0789039135
6315	1451.076788210459	1012.98	104.03564453125	0.08975329	2.9357142857142857e-05	9.785714285714287e-05	15.926518201828003	71061.00766539574
6316	1426.5130515645726	1011.01	104.04345703125	0.089656554	2.9314285714285724e-05	9.771428571428576e-05	15.4290292263031	71076.43822073936
6317	1464.6614071101105	1014.26	103.801513671875	0.089595675	2.9271428571428557e-05	9.757142857142853e-05	16.52726674079895	71092.96655702591
6318	1412.308634758423	994.79	104.08251953125	0.08962426	2.9228571428571425e-05	9.742857142857142e-05	15.255824089050293	71108.22342729568
6319	1451.9655639586333	1011.69	104.09033203125	0.08952121	2.918571428571429e-05	9.728571428571432e-05	15.437049150466919	71123.66202783585
6320	1412.0457480187822	995.49	104.091552734375	0.08940182	2.9142857142857156e-05	9.71428571428572e-05	15.333967685699463	71138.99751091003
6321	1440.7095068880838	1014.12	101.587646484375	0.08930061	2.909999999999999e-05	9.699999999999997e-05	15.35345196723938	71154.35353279114
6322	1413.6094168225734	989.02	104.0849609375	0.0892458	2.9057142857142856e-05	9.685714285714286e-05	15.266021251678467	71169.62111997604
6323	1456.1207742613117	1021.38	104.647705078125	0.08913883	2.9014285714285724e-05	9.671428571428575e-05	15.334864377975464	71184.95743083954
6324	1446.0726696818601	1018.19	103.61181640625	0.08906353	2.8971428571428557e-05	9.657142857142853e-05	15.280046463012695	71200.23894739151
6325	1451.708108927403	1024.0	104.11181640625	0.08896964	2.8928571428571424e-05	9.642857142857142e-05	16.079248189926147	71216.32024931908
6326	1442.870053026769	1006.94	104.619873046875	0.08895231	2.888571428571429e-05	9.62857142857143e-05	15.349851369857788	71231.67118668556
6327	1430.653234748391	1005.01	103.87890625	0.08895021	2.8842857142857155e-05	9.61428571428572e-05	15.385071992874146	71247.05727648735
6328	1454.177094596137	1018.25	104.38671875	0.088871054	2.879999999999999e-05	9.599999999999998e-05	15.7144935131073	71262.77405238152
6329	1436.5117320099482	1000.85	104.155517578125	0.08887181	2.8757142857142856e-05	9.585714285714286e-05	9.813175678253174	71272.58941841125
6330	1437.1612133140852	1006.34	103.6630859375	0.08887196	2.8714285714285723e-05	9.571428571428575e-05	10.630342483520508	71283.22041392326
6331	1456.4960314081877	1010.42	103.9130859375	0.088733025	2.8671428571428556e-05	9.557142857142853e-05	16.253136157989502	71299.47416305542
6332	1437.4655030715048	1009.25	104.171142578125	0.088714905	2.8628571428571424e-05	9.542857142857142e-05	15.235792636871338	71314.71198987961
6333	1433.9520195409991	1007.22	104.429443359375	0.08864176	2.858571428571429e-05	9.528571428571431e-05	16.74459218978882	71331.45784759521
6334	1441.2813041065292	1008.48	104.211181640625	0.088659726	2.8542857142857155e-05	9.51428571428572e-05	15.295757532119751	71346.75556778908
6335	1433.811173752666	1000.82	103.69482421875	0.08862799	2.8499999999999988e-05	9.499999999999998e-05	15.924558877944946	71362.68158864975
6336	1432.0604153370837	1008.72	104.691162109375	0.08854396	2.8457142857142855e-05	9.485714285714287e-05	15.63494873046875	71378.31837463379
6337	1451.0606524548232	1016.66	104.7099609375	0.08859745	2.8414285714285722e-05	9.471428571428576e-05	15.320669651031494	71393.64059710503
6338	1432.1868399720913	1008.66	103.968017578125	0.08851994	2.8371428571428556e-05	9.457142857142854e-05	15.709734678268433	71409.35199522972
6339	1476.045902711373	1022.74	104.225830078125	0.088422686	2.8328571428571423e-05	9.442857142857142e-05	15.446093082427979	71424.80019855499
6340	1431.6347370481712	997.05	104.23388671875	0.088326015	2.828571428571429e-05	9.428571428571431e-05	15.328794717788696	71440.13050532341
6341	1433.533844783944	998.87	104.24169921875	0.08824424	2.8242857142857158e-05	9.41428571428572e-05	16.089651107788086	71456.22159814835
6342	1440.0915792238725	1014.17	103.99951171875	0.088134475	2.819999999999999e-05	9.399999999999998e-05	15.395596742630005	71471.61930441856
6343	1447.674590258309	1013.21	104.7578125	0.088092476	2.8157142857142855e-05	9.385714285714287e-05	15.379178285598755	71487.00052714348
6344	1450.778208420141	1014.42	104.2890625	0.08799852	2.8114285714285722e-05	9.371428571428576e-05	16.0924334526062	71503.09472107887
6345	1421.7572461928962	996.5	104.525390625	0.08797473	2.8071428571428555e-05	9.357142857142852e-05	15.24704384803772	71518.34392404556
6346	1446.4497774779918	1010.34	104.53125	0.087884486	2.8028571428571423e-05	9.342857142857141e-05	16.008103370666504	71534.35456562042
6347	1425.651717701956	1007.3	103.78857421875	0.08785242	2.798571428571429e-05	9.32857142857143e-05	15.25445294380188	71549.61051940918
6348	1446.0433899888556	1014.24	105.286865234375	0.08778725	2.7942857142857157e-05	9.314285714285719e-05	16.336758613586426	71565.94904398918
6349	1460.733409863878	1022.43	104.3046875	0.08775867	2.789999999999999e-05	9.299999999999997e-05	15.346478700637817	71581.29679226875
6350	1444.5020024942437	1008.82	104.5625	0.087682284	2.7857142857142854e-05	9.285714285714286e-05	16.407052278518677	71597.70700120926
6351	1455.4619761975368	1012.2	104.560302734375	0.08764868	2.781428571428572e-05	9.271428571428575e-05	15.24510645866394	71612.95353794098
6352	1441.0263547568288	1005.84	104.578125	0.08753354	2.7771428571428555e-05	9.257142857142853e-05	16.0312602519989	71628.98922395706
6353	1457.6947879597394	1008.52	104.087646484375	0.087406	2.7728571428571422e-05	9.242857142857142e-05	15.246986865997314	71644.23969101906
6354	1434.000589759261	1006.31	104.970458984375	0.08728275	2.768571428571429e-05	9.22857142857143e-05	16.3736515045166	71660.6149315834
6355	1470.849801788148	1022.1	104.47802734375	0.087222405	2.7642857142857157e-05	9.214285714285719e-05	15.269035816192627	71675.88645458221
6356	1468.5953017474674	1024.0	104.73486328125	0.087197095	2.759999999999999e-05	9.199999999999997e-05	16.328685522079468	71692.21681666374
6357	1429.8224772875328	1002.43	104.743896484375	0.08723072	2.7557142857142857e-05	9.185714285714286e-05	15.591088056564331	71707.80870103836
6358	1474.2427644631075	1022.44	104.998291015625	0.087150365	2.751428571428572e-05	9.171428571428575e-05	15.918593883514404	71723.72803616524
6359	1445.4448395950217	1016.23	105.008056640625	0.087035395	2.7471428571428554e-05	9.157142857142853e-05	15.33659815788269	71739.06717467308
6360	1416.767442583887	1004.41	105.01611328125	0.08698612	2.742857142857142e-05	9.142857142857142e-05	15.518014669418335	71754.5866792202
6361	1436.6889241565236	1024.0	105.021728515625	0.086922176	2.738571428571429e-05	9.128571428571431e-05	15.17797327041626	71769.76617836952
6362	1438.7611241468444	1004.41	105.03173828125	0.086868696	2.7342857142857156e-05	9.11428571428572e-05	15.36449933052063	71785.13255476952
6363	1424.2702263758608	1004.79	105.03759765625	0.08683669	2.729999999999999e-05	9.099999999999998e-05	15.238922834396362	71800.37314295769
6364	1423.0996376443481	996.28	105.047607421875	0.086792685	2.7257142857142857e-05	9.085714285714286e-05	15.648677110671997	71816.02367734909
6365	1434.1679726359923	1005.99	105.0546875	0.08677292	2.721428571428572e-05	9.071428571428575e-05	15.27884030342102	71831.30392861366
6366	1444.6253476872828	1010.7	104.813232421875	0.08671207	2.7171428571428554e-05	9.057142857142853e-05	15.455421686172485	71846.76126074791
6367	1415.9527344666667	1004.05	105.3212890625	0.08666205	2.712857142857142e-05	9.042857142857142e-05	15.58765172958374	71862.35058045387
6368	1457.5276053049759	1010.4	105.3291015625	0.086633086	2.7085714285714288e-05	9.028571428571431e-05	15.332927703857422	71877.68559384346
6369	1443.463292459527	1014.48	105.0869140625	0.08655306	2.7042857142857155e-05	9.01428571428572e-05	16.073323011398315	71893.7602918148
6370	1432.3142049138105	1007.7	105.095947265625	0.086532086	2.699999999999999e-05	8.999999999999997e-05	15.251361608505249	71909.01343345642
6371	1444.1358220130162	1007.6	105.10400390625	0.08652765	2.6957142857142856e-05	8.985714285714285e-05	16.01051950454712	71925.02550339699
6372	1424.8974212677958	993.51	105.111572265625	0.08645273	2.691428571428572e-05	8.971428571428574e-05	15.693135499954224	71940.71992945671
6373	1441.7156285818576	1006.27	105.119140625	0.08646828	2.6871428571428553e-05	8.957142857142852e-05	16.01627230644226	71956.73770022392
6374	1454.738535375808	1014.14	105.127197265625	0.086427696	2.682857142857142e-05	8.942857142857141e-05	15.266149520874023	71972.00593471527
6375	1478.0032891666954	1024.0	105.135498046875	0.08637992	2.6785714285714288e-05	8.92857142857143e-05	16.00521421432495	71988.01261782646
6376	1456.0415003732548	1024.0	105.1416015625	0.086294115	2.6742857142857155e-05	8.914285714285719e-05	15.773838758468628	72003.7868475914
6377	1455.2096067483246	1014.09	105.1494140625	0.08620181	2.669999999999999e-05	8.899999999999997e-05	15.973477602005005	72019.76166009903
6378	1460.6064057725862	1024.0	105.407470703125	0.08615998	2.6657142857142856e-05	8.885714285714286e-05	15.208805322647095	72034.97239851952
6379	1448.8461187729245	1014.29	102.16845703125	0.08616402	2.6614285714285723e-05	8.871428571428574e-05	16.837512969970703	72051.81102967262
6380	1465.4285665545865	1016.02	104.686279296875	0.086062826	2.6571428571428556e-05	8.857142857142852e-05	15.345245361328125	72067.15871953964
6381	1435.47941582834	1014.6	104.92529296875	0.08601454	2.652857142857142e-05	8.842857142857141e-05	15.983680486679077	72083.1434571743
6382	1453.8336768523293	1016.13	104.68359375	0.0859812	2.6485714285714287e-05	8.82857142857143e-05	15.176429271697998	72098.32140469551
6383	1459.7299344826065	1016.02	103.7001953125	0.08596108	2.6442857142857154e-05	8.814285714285719e-05	15.331314325332642	72113.65495204926
6384	1411.0227244951277	989.3	104.449951171875	0.085856855	2.6399999999999988e-05	8.799999999999997e-05	15.228597402572632	72128.88516950607
6385	1462.1786109334819	1024.0	104.732666015625	0.085792385	2.6357142857142855e-05	8.785714285714286e-05	15.248014211654663	72144.13465833664
6386	1442.6163237317623	1014.4	103.74853515625	0.08573649	2.6314285714285722e-05	8.771428571428575e-05	15.201400995254517	72159.33787322044
6387	1456.5250745451222	1015.09	103.71923828125	0.08570043	2.6271428571428556e-05	8.757142857142853e-05	16.645987510681152	72175.98534822464
6388	1435.1905385137359	997.16	104.733154296875	0.08565531	2.622857142857142e-05	8.742857142857142e-05	15.22937273979187	72191.2163078785
6389	1429.7121007445342	1001.95	104.990966796875	0.085642	2.6185714285714287e-05	8.72857142857143e-05	15.312891244888306	72206.53096652031
6390	1427.7131199347	988.78	104.988525390625	0.08565906	2.6142857142857154e-05	8.71428571428572e-05	15.151746988296509	72221.68485546112
6391	1443.1188037045797	1013.38	104.790283203125	0.08565884	2.6099999999999987e-05	8.699999999999997e-05	15.361716985702515	72237.04832839966
6392	1434.9345660898086	1001.04	105.01416015625	0.08561867	2.6057142857142855e-05	8.685714285714286e-05	15.718940496444702	72252.76875782013
6393	1415.8631544957461	998.68	104.774658203125	0.08552459	2.6014285714285722e-05	8.671428571428575e-05	15.306687831878662	72268.08911657333
6394	1448.2969581834038	1007.09	104.78271484375	0.085412174	2.5971428571428555e-05	8.657142857142852e-05	15.92442774772644	72284.016122818
6395	1456.9256617428377	1022.44	105.314208984375	0.08540837	2.5928571428571422e-05	8.64285714285714e-05	15.654041290283203	72299.67209887505
6396	1458.326017888874	1016.42	104.798583984375	0.085363984	2.5885714285714286e-05	8.62857142857143e-05	15.876413106918335	72315.55054926872
6397	1473.224078234208	1014.19	104.806640625	0.08530944	2.5842857142857153e-05	8.61428571428572e-05	15.268932580947876	72330.82160329819
6398	1422.6401133394124	1000.61	104.798828125	0.08525399	2.5799999999999987e-05	8.599999999999996e-05	16.42117929458618	72347.2447013855
6399	1451.7395543849939	1020.38	105.070556640625	0.08520723	2.5757142857142854e-05	8.585714285714285e-05	15.235488891601562	72362.48195934296
6400	1427.4349395969405	1015.54	105.078369140625	0.08519412	2.571428571428572e-05	8.571428571428574e-05	15.871919631958008	72378.35518813133
6401	1423.7230321782301	996.97	104.83642578125	0.08517704	2.5671428571428555e-05	8.557142857142852e-05	15.198864221572876	72393.55628800392
6402	1452.1986410377106	1018.21	104.35205078125	0.085217096	2.5628571428571422e-05	8.542857142857141e-05	16.253307342529297	72409.81115317345
6403	1436.13764775452	1004.59	104.853271484375	0.08517683	2.5585714285714286e-05	8.52857142857143e-05	15.476110458374023	72425.28968667984
6404	1467.5974009909419	1022.1	103.616943359375	0.08510145	2.5542857142857153e-05	8.514285714285719e-05	15.927365064620972	72441.21894741058
6405	1412.3615135852867	993.26	105.368896484375	0.0850881	2.5499999999999986e-05	8.499999999999997e-05	15.133455991744995	72456.35394048691
6406	1427.4852871778667	1004.08	103.884765625	0.085039526	2.5457142857142853e-05	8.485714285714285e-05	15.931491613388062	72472.28760933876
6407	1461.7696441133294	1024.0	104.634765625	0.08496019	2.541428571428572e-05	8.471428571428574e-05	15.170237302780151	72487.45968580246
6408	1446.3007121691999	1012.45	104.892578125	0.084929526	2.5371428571428554e-05	8.457142857142852e-05	15.872528791427612	72503.3332965374
6409	1468.6550566744681	1014.18	104.3994140625	0.08486103	2.532857142857142e-05	8.442857142857141e-05	15.220801591873169	72518.55583262444
6410	1442.0830025065404	1014.21	104.908203125	0.08486739	2.528571428571429e-05	8.42857142857143e-05	15.586374044418335	72534.14363479614
6411	1453.4244794667143	1024.0	105.166015625	0.08484906	2.5242857142857152e-05	8.414285714285719e-05	15.204931259155273	72549.35057544708
6412	1413.956026556889	990.04	105.174072265625	0.08475956	2.5199999999999986e-05	8.399999999999997e-05	15.398749828338623	72564.75127506256
6413	1444.8213407027608	1012.3	104.681884765625	0.084700346	2.5157142857142853e-05	8.385714285714286e-05	15.217003583908081	72579.96969747543
6414	1400.3679604082279	993.16	105.189697265625	0.084664345	2.511428571428572e-05	8.371428571428575e-05	15.336965799331665	72595.30820512772
6415	1447.1691420275208	1006.35	104.697509765625	0.08456546	2.5071428571428554e-05	8.357142857142853e-05	15.174669027328491	72610.48651909828
6416	1459.9130655663953	1019.26	103.963623046875	0.08450309	2.502857142857142e-05	8.342857142857141e-05	15.397128820419312	72625.88549041748
6417	1448.186708271938	1014.5	105.707275390625	0.0844631	2.4985714285714288e-05	8.32857142857143e-05	15.626075506210327	72641.51300692558
6418	1451.1829279707442	1006.63	104.102783203125	0.08438785	2.4942857142857152e-05	8.314285714285719e-05	15.598344087600708	72657.11277508736
6419	1461.0286929587746	1022.18	105.35400390625	0.08427297	2.4899999999999985e-05	8.299999999999997e-05	15.95684814453125	72673.07065033913
6420	1441.796808240831	1016.46	105.14697265625	0.08423156	2.4857142857142852e-05	8.285714285714286e-05	15.385534524917603	72688.45789909363
6421	1404.8887923637608	992.72	105.119384765625	0.08417842	2.481428571428572e-05	8.271428571428575e-05	16.030012369155884	72704.48972940445
6422	1440.7015052151771	1006.33	105.87744140625	0.0841949	2.4771428571428553e-05	8.257142857142851e-05	15.292815685272217	72719.78359484673
6423	1452.9251929956652	1018.59	105.63525390625	0.08414205	2.472857142857142e-05	8.24285714285714e-05	15.937615633010864	72735.72357058525
6424	1452.3322609559016	1020.29	104.40087890625	0.08411589	2.4685714285714288e-05	8.228571428571429e-05	15.24381160736084	72750.96909284592
6425	1449.0185690824133	1009.5	105.64990234375	0.08415363	2.4642857142857155e-05	8.214285714285718e-05	16.05024266242981	72767.02085709572
6426	1424.5706287816233	1002.61	105.158935546875	0.0840727	2.4599999999999985e-05	8.199999999999996e-05	15.270065784454346	72782.29293990135
6427	1465.2265853777799	1022.26	105.166748046875	0.08401852	2.4557142857142852e-05	8.185714285714285e-05	16.001108169555664	72798.29579210281
6428	1464.8691445159313	1024.0	103.6826171875	0.08397495	2.451428571428572e-05	8.171428571428574e-05	15.23561978340149	72813.53420114517
6429	1446.564337851365	1016.28	105.9326171875	0.083880596	2.4471428571428553e-05	8.157142857142852e-05	15.962859153747559	72829.49844527245
6430	1457.744874400994	1014.0	104.6904296875	0.08385705	2.442857142857142e-05	8.14285714285714e-05	15.348235368728638	72844.84868526459
6431	1457.0703879228467	1020.32	105.1982421875	0.08374796	2.4385714285714287e-05	8.12857142857143e-05	15.974769353866577	72860.82534980774
6432	1414.2359733190606	998.89	105.4560546875	0.083732836	2.4342857142857154e-05	8.114285714285718e-05	15.211226224899292	72876.03820872307
6433	1442.8319941147795	1004.89	105.464111328125	0.08367499	2.4299999999999988e-05	8.099999999999996e-05	19.049740076065063	72895.0898475647
6434	1448.1397243398235	1017.33	105.221923828125	0.08368174	2.425714285714285e-05	8.085714285714285e-05	15.269273519515991	72910.36036658287
6435	1421.450864230539	1004.31	105.22998046875	0.0835992	2.421428571428572e-05	8.071428571428574e-05	15.349116086959839	72925.71045088768
6436	1463.948872435346	1011.28	102.744140625	0.0834944	2.4171428571428552e-05	8.057142857142852e-05	15.2250816822052	72940.93710803986
6437	1419.3047736205765	1000.54	105.74072265625	0.083427645	2.412857142857142e-05	8.042857142857141e-05	15.543920993804932	72956.4824025631
6438	1462.1212203560187	1020.31	105.252685546875	0.08331864	2.4085714285714286e-05	8.02857142857143e-05	15.161446571350098	72971.6458940506
6439	1441.990395398555	1012.72	105.76025390625	0.08328198	2.4042857142857154e-05	8.014285714285719e-05	15.485779762268066	72987.13375520706
6440	1448.7219097837742	1008.04	104.76806640625	0.08333538	2.3999999999999987e-05	7.999999999999997e-05	15.925451755523682	73003.06082844734
6441	1466.2931010648945	1020.22	105.275146484375	0.08332499	2.395714285714285e-05	7.985714285714285e-05	16.29708743095398	73019.35890889168
6442	1446.2182659440116	1016.59	105.282470703125	0.08326112	2.3914285714285718e-05	7.971428571428574e-05	16.061242818832397	73035.42174649239
6443	1438.099122746465	1009.73	104.787353515625	0.08326964	2.3871428571428585e-05	7.957142857142863e-05	15.21770167350769	73050.64046525955
6444	1476.3067462887389	1022.06	105.050048828125	0.0831977	2.382857142857142e-05	7.942857142857141e-05	15.887621879577637	73066.52952647209
6445	1465.960874101444	1016.42	105.55810546875	0.08310966	2.3785714285714286e-05	7.92857142857143e-05	15.257075786590576	73081.78946661949
6446	1426.21085694334	1002.98	105.81591796875	0.08302096	2.3742857142857153e-05	7.914285714285719e-05	16.138418436050415	73097.92944741249
6447	1456.7962467365662	1012.42	105.32373046875	0.08291594	2.3699999999999987e-05	7.899999999999996e-05	15.235988855361938	73113.16712164879
6448	1462.8007085560157	1018.43	105.33154296875	0.08288708	2.3657142857142854e-05	7.885714285714284e-05	15.896054029464722	73129.06471252441
6449	1443.5223392395792	1008.1	105.58984375	0.08283769	2.3614285714285718e-05	7.871428571428573e-05	15.293645858764648	73144.36034607887
6450	1436.9763225914444	1004.22	105.347412109375	0.08282214	2.3571428571428585e-05	7.857142857142862e-05	16.007041215896606	73160.36893725395
6451	1452.0569407706632	1014.64	105.105224609375	0.082742505	2.3528571428571418e-05	7.84285714285714e-05	15.209495782852173	73175.58033275604
6452	1454.7174602407204	1018.07	105.364013671875	0.08264105	2.3485714285714285e-05	7.828571428571429e-05	16.340752840042114	73191.92310237885
6453	1459.49542782499	1018.03	105.621826171875	0.082543604	2.3442857142857153e-05	7.814285714285718e-05	15.17661428451538	73207.1005885601
6454	1460.8591853618886	1019.91	105.380126953125	0.08247953	2.3399999999999986e-05	7.799999999999996e-05	16.118361234664917	73223.22061371803
6455	1454.7768339805518	1014.69	105.387939453125	0.08244708	2.3357142857142853e-05	7.785714285714285e-05	15.180740118026733	73238.40288996696
6456	1465.0190573075272	1016.45	105.395751953125	0.08238759	2.3314285714285717e-05	7.771428571428573e-05	15.849115371704102	73254.25370144844
6457	1445.6426437763814	1009.12	105.653564453125	0.08238876	2.3271428571428584e-05	7.757142857142862e-05	15.206720352172852	73269.46263456345
6458	1448.5610606914574	1009.05	105.411376953125	0.08232746	2.3228571428571418e-05	7.74285714285714e-05	15.93459939956665	73285.39923501015
6459	1471.9511458263278	1020.27	105.419189453125	0.0822835	2.3185714285714285e-05	7.728571428571429e-05	15.177595853805542	73300.57843208313
6460	1451.6158760122498	1018.43	105.425048828125	0.08222244	2.3142857142857152e-05	7.714285714285718e-05	15.369616508483887	73315.94880604744
6461	1462.6361076718883	1019.83	105.43505859375	0.08222235	2.3099999999999986e-05	7.699999999999996e-05	15.187154054641724	73331.13770031929
6462	1417.1277328310057	1000.69	105.44287109375	0.08219468	2.3057142857142853e-05	7.685714285714285e-05	15.296101570129395	73346.43563127518
6463	1453.1988488107322	1012.92	105.45068359375	0.08217312	2.301428571428572e-05	7.671428571428574e-05	15.195627927780151	73361.63271903992
6464	1471.7270478126002	1016.8	105.45703125	0.08216918	2.2971428571428584e-05	7.657142857142863e-05	16.163776397705078	73377.79808211327
6465	1464.748457009383	1024.0	104.722900390625	0.08214614	2.2928571428571417e-05	7.64285714285714e-05	15.880147457122803	73393.67927455902
6466	1461.533514813419	1023.35	105.722900390625	0.08217406	2.2885714285714284e-05	7.62857142857143e-05	15.236665487289429	73408.91748809814
6467	1461.821649813277	1011.13	105.73095703125	0.08203528	2.284285714285715e-05	7.614285714285718e-05	15.948770999908447	73424.86852908134
6468	1445.1089416115335	1024.0	105.533935546875	0.08195399	2.2799999999999985e-05	7.599999999999996e-05	15.188823461532593	73440.05942177773
6469	1452.3054584226404	1016.19	105.747802734375	0.08189348	2.2757142857142852e-05	7.585714285714285e-05	15.955787420272827	73456.01664614677
6470	1458.2425618233638	1016.03	105.755615234375	0.08188191	2.271428571428572e-05	7.571428571428574e-05	15.239387512207031	73471.25756621361
6471	1456.460066352795	1013.97	105.261962890625	0.08180987	2.2671428571428583e-05	7.557142857142863e-05	16.09108257293701	73487.35092806816
6472	1449.649864348978	1008.44	106.021240234375	0.08175581	2.2628571428571417e-05	7.54285714285714e-05	15.170984506607056	73502.5276620388
6473	1421.496257132306	1000.74	105.529052734375	0.08173095	2.2585714285714284e-05	7.528571428571428e-05	16.03697681427002	73518.56613278389
6474	1441.7567980967488	1007.97	105.536865234375	0.08166929	2.254285714285715e-05	7.514285714285717e-05	15.226839065551758	73533.79478549957
6475	1461.0931658060376	1024.0	105.794677734375	0.08158611	2.2499999999999984e-05	7.499999999999995e-05	15.941612005233765	73549.73894190788
6476	1451.6042299267317	1024.0	105.060791015625	0.08152922	2.2457142857142852e-05	7.485714285714284e-05	15.199075937271118	73564.93906593323
6477	1456.5316779157959	1010.34	105.332275390625	0.08149593	2.241428571428572e-05	7.471428571428573e-05	16.019699335098267	73580.96053504944
6478	1474.1838852074097	1024.0	105.818359375	0.08147108	2.2371428571428586e-05	7.457142857142862e-05	15.267016649246216	73596.22934293747
6479	1411.4702970399499	996.67	105.826416015625	0.0813956	2.232857142857142e-05	7.44285714285714e-05	16.48853039741516	73612.7195687294
6480	1443.5772857524985	1013.42	105.584228515625	0.08140885	2.2285714285714283e-05	7.428571428571429e-05	15.144862413406372	73627.86645793915
6481	1435.3702292156397	1009.83	105.591796875	0.08138163	2.224285714285715e-05	7.414285714285718e-05	15.795670747756958	73643.66353201866
6482	1405.2739918717657	981.4	105.724609375	0.08133478	2.2199999999999984e-05	7.399999999999996e-05	15.221282243728638	73658.88697171211
6483	1427.389438174313	1016.19	105.73291015625	0.08131044	2.215714285714285e-05	7.385714285714284e-05	15.527851104736328	73674.41675829887
6484	1446.3509764031674	1009.41	105.740966796875	0.08129205	2.211428571428572e-05	7.371428571428573e-05	15.179129362106323	73689.59728002548
6485	1451.5832530012513	1012.49	105.00732421875	0.081278026	2.2071428571428586e-05	7.357142857142862e-05	15.571199178695679	73705.17009854317
6486	1472.1704308444198	1024.0	104.765380859375	0.08125945	2.202857142857142e-05	7.34285714285714e-05	15.215490102767944	73720.38717770576
6487	1453.80327564746	1016.13	105.765380859375	0.081257604	2.1985714285714283e-05	7.328571428571429e-05	15.934540033340454	73736.32349467278
6488	1441.0821880570097	1006.22	106.01513671875	0.08120743	2.194285714285715e-05	7.314285714285718e-05	15.833646059036255	73752.15910339355
6489	1468.10602327504	1016.16	105.778564453125	0.081175715	2.1899999999999983e-05	7.299999999999996e-05	15.330074787139893	73767.49089598656
6490	1464.4589638883544	1024.0	106.287353515625	0.08111929	2.185714285714285e-05	7.285714285714285e-05	15.953511953353882	73783.44557976723
6491	1446.6038978520696	1014.16	106.295166015625	0.081143126	2.1814285714285718e-05	7.271428571428574e-05	15.254832744598389	73798.70221543312
6492	1463.7332310967074	1020.2	105.82666015625	0.08108074	2.1771428571428585e-05	7.257142857142862e-05	15.84392499923706	73814.54751491547
6493	1432.2393370776751	1003.86	106.08447265625	0.081017606	2.172857142857142e-05	7.24285714285714e-05	15.164459228515625	73829.71336269379
6494	1462.4558633748354	1014.29	103.32373046875	0.08096169	2.1685714285714286e-05	7.228571428571429e-05	15.995469093322754	73845.71019339561
6495	1437.4234478687542	1010.49	105.823486328125	0.08090049	2.164285714285715e-05	7.214285714285718e-05	15.390475034713745	73861.10179615021
6496	1433.0650903655198	1009.03	106.084228515625	0.08093281	2.1599999999999983e-05	7.199999999999996e-05	16.033950090408325	73877.13757228851
6497	1431.5661642417438	1003.99	105.842041015625	0.08087986	2.155714285714285e-05	7.185714285714285e-05	15.257190942764282	73892.39624619484
6498	1452.821115145361	1018.22	106.35009765625	0.080828816	2.1514285714285717e-05	7.171428571428574e-05	15.848901748657227	73908.24630737305
6499	1445.176046055861	1014.32	105.847900390625	0.08079843	2.1471428571428585e-05	7.157142857142863e-05	15.179239988327026	73923.42779421806
6500	1412.5663294990954	999.72	105.865966796875	0.080793895	2.1428571428571418e-05	7.14285714285714e-05	16.011687517166138	73939.44126033783
6501	1413.9111168680786	987.51	105.625	0.080746755	2.1385714285714285e-05	7.128571428571428e-05	15.202864170074463	73954.64558267593
6502	1448.0844690200759	1005.32	105.906494140625	0.08075821	2.134285714285715e-05	7.114285714285717e-05	16.30346655845642	73970.95098519325
6503	1430.4132124774408	1004.67	106.390869140625	0.0806788	2.1299999999999982e-05	7.099999999999995e-05	15.207719087600708	73986.16031575203
6504	1442.2261385578909	1000.74	104.406494140625	0.08065724	2.125714285714285e-05	7.085714285714284e-05	15.949755907058716	74002.11176967621
6505	1433.0637534939324	1005.32	105.892822265625	0.080598794	2.1214285714285717e-05	7.071428571428573e-05	15.233180522918701	74017.34700226784
6506	1437.6128892510148	1022.08	105.66455078125	0.08050396	2.1171428571428584e-05	7.057142857142862e-05	16.587160348892212	74033.93662881851
6507	1434.7856726301743	1003.62	105.670654296875	0.08046577	2.1128571428571417e-05	7.04285714285714e-05	15.544903039932251	74049.48348522186
6508	1457.0798111048498	1024.0	105.928955078125	0.08038251	2.1085714285714285e-05	7.028571428571428e-05	15.331017017364502	74064.81660437584
6509	1451.332525765941	1017.17	105.46044921875	0.08037608	2.104285714285715e-05	7.014285714285717e-05	15.451702356338501	74080.2702858448
6510	1410.6661841040998	991.04	105.694580078125	0.080372564	2.0999999999999982e-05	6.999999999999995e-05	15.65505075454712	74095.92727661133
6511	1436.2844441628158	1002.79	105.95263671875	0.08035441	2.095714285714285e-05	6.985714285714284e-05	15.14583134651184	74111.07511281967
6512	1432.6466837624446	997.23	105.96044921875	0.08029542	2.0914285714285716e-05	6.971428571428573e-05	15.34598159790039	74126.42349791527
6513	1441.5094609627704	1004.58	106.46630859375	0.08028189	2.0871428571428584e-05	6.957142857142862e-05	16.503846645355225	74142.92877793312
6514	1463.4291698374964	1019.71	105.97607421875	0.08025591	2.0828571428571417e-05	6.94285714285714e-05	15.25086259841919	74158.18215584755
6515	1449.9868621531955	1014.36	106.007568359375	0.080243655	2.0785714285714284e-05	6.928571428571429e-05	15.948904275894165	74174.1327688694
6516	1451.7045066960366	1011.62	105.757568359375	0.080186315	2.074285714285715e-05	6.914285714285718e-05	15.24756908416748	74189.3823068142
6517	1472.0061408574945	1024.0	105.749755859375	0.080091365	2.0699999999999985e-05	6.899999999999996e-05	16.063577890396118	74205.44769835472
6518	1454.5494562340036	1012.5	106.2587890625	0.07994664	2.065714285714285e-05	6.885714285714284e-05	15.362626075744629	74220.81181764603
6519	1424.4788653277556	1000.68	106.0302734375	0.07986385	2.0614285714285716e-05	6.871428571428573e-05	15.886007308959961	74236.69947361946
6520	1434.8449790425466	1008.92	105.7744140625	0.079840414	2.0571428571428583e-05	6.857142857142862e-05	15.146847009658813	74251.84850668907
6521	1453.8848244152514	1016.72	106.032470703125	0.07983164	2.0528571428571416e-05	6.84285714285714e-05	15.943554162979126	74267.7942533493
6522	1473.318081734063	1024.0	104.821533203125	0.079826735	2.0485714285714284e-05	6.828571428571429e-05	15.252456903457642	74283.04844880104
6523	1446.893124987882	1016.5	106.04833984375	0.07972777	2.044285714285715e-05	6.814285714285718e-05	16.092751502990723	74299.14204859734
6524	1425.3123637953186	995.41	105.80615234375	0.079650104	2.0399999999999984e-05	6.799999999999995e-05	15.229381084442139	74314.37492656708
6525	1452.912213279505	1014.75	106.06396484375	0.0796402	2.0357142857142848e-05	6.785714285714283e-05	16.23059320449829	74330.60716080666
6526	1449.5477317837763	1020.34	106.107177734375	0.079611726	2.0314285714285715e-05	6.771428571428572e-05	15.255989789962769	74345.86513900757
6527	1443.634510078108	1014.25	106.07861328125	0.0795458	2.0271428571428583e-05	6.757142857142861e-05	15.952885150909424	74361.81954026222
6528	1422.0281685945238	999.1	106.087646484375	0.07950352	2.0228571428571416e-05	6.742857142857139e-05	15.229762315750122	74377.05238723755
6529	1438.5765120528395	1010.1	106.595458984375	0.079467244	2.0185714285714283e-05	6.728571428571428e-05	16.04833173751831	74393.1025698185
6530	1456.7434847164488	1024.0	106.353515625	0.07942164	2.014285714285715e-05	6.714285714285717e-05	15.230462789535522	74408.33507657051
6531	1441.7694756901046	1008.32	106.109375	0.0793596	2.0099999999999984e-05	6.699999999999995e-05	15.573577642440796	74423.91110134125
6532	1441.0158674186107	1010.13	106.367431640625	0.07933127	2.005714285714285e-05	6.685714285714284e-05	15.189577102661133	74439.10256290436
6533	1412.4554265444024	983.26	106.12548828125	0.07927502	2.0014285714285715e-05	6.671428571428573e-05	15.85507583618164	74454.95890927315
6534	1466.4680117458006	1023.98	106.134521484375	0.07915488	1.9971428571428582e-05	6.657142857142861e-05	15.229662418365479	74470.19006061554
6535	1427.8491948512494	1005.2	105.915771484375	0.079085134	1.9928571428571415e-05	6.64285714285714e-05	15.329154014587402	74485.52116250992
6536	1468.098336288717	1017.96	106.173583984375	0.0790417	1.9885714285714283e-05	6.628571428571428e-05	15.250083446502686	74500.77225089073
6537	1469.624790153316	1024.0	106.157958984375	0.07902177	1.984285714285715e-05	6.614285714285717e-05	15.343375444412231	74516.11764502525
6538	1451.9074332819032	1007.11	106.666015625	0.078966595	1.9799999999999983e-05	6.599999999999995e-05	15.187228918075562	74531.30638957024
6539	1435.3562081589255	1011.24	106.423828125	0.07899905	1.975714285714285e-05	6.585714285714284e-05	15.34658432006836	74546.65458512306
6540	1419.0516132432097	998.92	106.203125	0.07904411	1.9714285714285714e-05	6.571428571428573e-05	15.280912160873413	74561.936470747
6541	1441.994156412392	1016.95	106.21337890625	0.078977205	1.967142857142858e-05	6.557142857142862e-05	15.645670652389526	74577.58417534828
6542	1421.8860969239631	998.63	106.197509765625	0.07892984	1.9628571428571415e-05	6.54285714285714e-05	15.826380014419556	74593.41200852394
6543	1436.7742561230275	1008.96	106.205322265625	0.078827225	1.9585714285714282e-05	6.528571428571429e-05	15.433634519577026	74608.84713459015
6544	1430.2133120653034	1001.04	105.713134765625	0.07880124	1.954285714285715e-05	6.514285714285717e-05	15.899615049362183	74624.74779820442
6545	1441.8317681424162	1014.06	106.220947265625	0.07879751	1.9499999999999983e-05	6.499999999999995e-05	15.196158409118652	74639.94608950615
6546	1451.1140397948975	1018.03	106.867431640625	0.078758605	1.945714285714285e-05	6.485714285714284e-05	15.910615921020508	74655.85776638985
6547	1479.3733135917957	1022.09	106.61181640625	0.078679316	1.9414285714285717e-05	6.471428571428573e-05	15.20151138305664	74671.06079506874
6548	1426.889623468424	1011.13	106.8701171875	0.0786226	1.937142857142858e-05	6.457142857142862e-05	15.958725214004517	74687.02142524719
6549	1470.5491649883606	1024.0	106.627685546875	0.07854117	1.9328571428571414e-05	6.442857142857139e-05	15.224427461624146	74702.24770236015
6550	1455.457553102338	1008.8	106.635498046875	0.07846707	1.928571428571428e-05	6.428571428571427e-05	15.895279169082642	74718.14503502846
6551	1447.0388216694037	1014.52	103.899658203125	0.07838851	1.924285714285715e-05	6.414285714285716e-05	15.189990282058716	74733.33617734909
6552	1432.1628671817837	1010.89	106.385498046875	0.07832443	1.9199999999999982e-05	6.399999999999994e-05	16.10326385498047	74749.44286108017
6553	1456.23470534584	1024.0	106.154052734375	0.07828178	1.915714285714285e-05	6.385714285714283e-05	15.159000158309937	74764.60363030434
6554	1413.2113296238492	991.24	105.6640625	0.07822985	1.9114285714285717e-05	6.371428571428572e-05	15.867632865905762	74780.4725177288
6555	1438.9513444139388	1004.78	106.169921875	0.07819162	1.907142857142858e-05	6.357142857142861e-05	15.519347190856934	74795.99328422546
6556	1444.9967127318796	1012.84	105.9306640625	0.07817137	1.9028571428571414e-05	6.342857142857139e-05	16.388402700424194	74812.38372850418
6557	1438.7036230856115	1011.12	106.4384765625	0.07817284	1.898571428571428e-05	6.328571428571428e-05	15.140434265136719	74827.52597117424
6558	1446.2958219100253	1010.6	106.44677734375	0.07811588	1.894285714285715e-05	6.314285714285717e-05	15.926802158355713	74843.45404291153
6559	1444.5657171565117	1008.78	106.23974609375	0.07809488	1.889999999999998e-05	6.299999999999995e-05	15.197442531585693	74858.65258479118
6560	1448.618990147487	1006.17	106.73974609375	0.078000486	1.885714285714285e-05	6.285714285714283e-05	15.489787101745605	74874.14362311363
6561	1455.5303382238496	1010.58	106.47021484375	0.07797556	1.8814285714285716e-05	6.271428571428572e-05	15.154492139816284	74889.2999715805
6562	1456.4150483807653	1008.48	105.48681640625	0.07794446	1.8771428571428583e-05	6.257142857142861e-05	15.491278409957886	74904.79310035706
6563	1459.317747750779	1016.24	106.487060546875	0.07789494	1.8728571428571413e-05	6.242857142857139e-05	15.172181367874146	74919.96672534943
6564	1460.4913637740888	1016.05	106.744873046875	0.07790848	1.868571428571428e-05	6.228571428571428e-05	15.782277345657349	74935.75039458275
6565	1429.7731479128613	1002.99	106.752685546875	0.077865385	1.8642857142857148e-05	6.214285714285717e-05	15.140294790267944	74950.89261603355
6566	1447.9765779302472	1010.67	106.259521484375	0.077847384	1.8600000000000015e-05	6.200000000000006e-05	15.44867753982544	74966.34299302101
6567	1441.5913879315399	1010.58	106.519775390625	0.07780086	1.855714285714285e-05	6.185714285714284e-05	15.162275314331055	74981.50717759132
6568	1410.4106918768196	994.37	105.78515625	0.07779122	1.8514285714285716e-05	6.171428571428573e-05	15.445070505142212	74996.95372319221
6569	1467.6949181293517	1012.55	106.525390625	0.077825025	1.8471428571428583e-05	6.157142857142861e-05	15.92734146118164	75012.88252329826
6570	1456.5755962958867	1022.16	107.043212890625	0.07782817	1.8428571428571416e-05	6.14285714285714e-05	15.266892671585083	75028.15130710602
6571	1426.894568444049	997.07	105.80078125	0.077795126	1.838571428571428e-05	6.128571428571428e-05	15.869760751724243	75044.02214860916
6572	1414.5399742524667	994.1	106.558837890625	0.077768855	1.8342857142857147e-05	6.114285714285717e-05	16.167166233062744	75060.190710783
6573	1448.3548988557277	1012.22	106.316650390625	0.07775245	1.8300000000000015e-05	6.100000000000005e-05	15.9588942527771	75076.15131855011
6574	1430.4122822877587	994.17	106.82470703125	0.07773995	1.8257142857142848e-05	6.085714285714283e-05	15.186960220336914	75091.33949565887
6575	1458.8514772676367	1019.41	106.3330078125	0.07773458	1.8214285714285715e-05	6.071428571428572e-05	15.88948369026184	75107.23050880432
6576	1451.6699615277194	1016.74	106.840576171875	0.07769037	1.8171428571428582e-05	6.057142857142861e-05	15.1582350730896	75122.39051914215
6577	1461.5443498539391	1016.38	106.59814453125	0.077639714	1.8128571428571416e-05	6.042857142857139e-05	15.813606977462769	75138.20623540878
6578	1429.8606867427827	995.68	106.606201171875	0.07764877	1.808571428571428e-05	6.028571428571428e-05	15.217936754226685	75153.42605113983
6579	1449.2454096784857	1011.67	106.6123046875	0.07761742	1.8042857142857147e-05	6.014285714285717e-05	16.744038105010986	75170.17179632187
6580	1473.6036346184433	1016.64	106.6201171875	0.077577665	1.8000000000000014e-05	6.0000000000000056e-05	15.235801219940186	75185.4117770195
6581	1436.9950104059694	999.57	106.628173828125	0.077535115	1.7957142857142847e-05	5.985714285714283e-05	15.850393772125244	75201.2637283802
6582	1435.6953959843172	1006.77	106.63623046875	0.077464245	1.7914285714285715e-05	5.9714285714285724e-05	15.203160047531128	75216.46815538406
6583	1437.9190524956057	1001.52	106.64404296875	0.07744388	1.7871428571428582e-05	5.957142857142861e-05	16.007275104522705	75232.4768576622
6584	1443.5949952768487	1008.71	105.66064453125	0.077406555	1.7828571428571415e-05	5.9428571428571386e-05	15.17859959602356	75247.6587240696
6585	1427.1760412044614	998.66	106.660888671875	0.07732762	1.7785714285714282e-05	5.9285714285714275e-05	15.776551008224487	75263.43771386147
6586	1454.6271861346768	1014.3	106.66943359375	0.07728108	1.7742857142857146e-05	5.914285714285716e-05	15.205322265625	75278.6440653801
6587	1429.6936662657688	1002.02	106.677734375	0.07726534	1.7700000000000013e-05	5.900000000000005e-05	15.844855308532715	75294.49020600319
6588	1446.9419811731234	1012.53	106.685302734375	0.07720771	1.7657142857142847e-05	5.885714285714283e-05	15.174120664596558	75309.66573667526
6589	1436.05761765821	1004.79	106.693115234375	0.077139	1.7614285714285714e-05	5.871428571428572e-05	15.447364091873169	75325.11499547958
6590	1461.125097666058	1024.0	106.701171875	0.07711565	1.757142857142858e-05	5.857142857142861e-05	15.134516954421997	75340.25142097473
6591	1431.3907050242817	998.91	106.708740234375	0.07706618	1.7528571428571415e-05	5.842857142857139e-05	15.540498971939087	75355.79447722435
6592	1452.2475763646926	1016.96	107.203125	0.07701238	1.7485714285714282e-05	5.828571428571428e-05	15.172003269195557	75370.96835708618
6593	1441.757366758131	1009.15	106.974609375	0.0769798	1.7442857142857146e-05	5.8142857142857166e-05	15.432408332824707	75386.40270876884
6594	1479.827136145542	1020.29	106.732421875	0.07694589	1.7400000000000013e-05	5.8000000000000055e-05	15.697001457214355	75402.1014854908
6595	1471.928312777946	1022.01	106.73046875	0.07690437	1.7357142857142846e-05	5.785714285714283e-05	15.631661891937256	75417.7342414856
6596	1451.6649887276983	1018.07	106.99853515625	0.07689076	1.7314285714285714e-05	5.7714285714285716e-05	15.752957344055176	75433.48944711685
6597	1451.2657000921622	1017.13	107.006103515625	0.07687314	1.727142857142858e-05	5.7571428571428605e-05	15.21145749092102	75448.70377016068
6598	1426.7780357427018	1004.79	106.763916015625	0.07684453	1.7228571428571414e-05	5.7428571428571385e-05	15.89270806312561	75464.5979783535
6599	1419.6259169381353	1002.48	106.772216796875	0.07674501	1.718571428571428e-05	5.7285714285714274e-05	15.200199842453003	75479.80200409889
6600	1464.3521717429508	1020.81	106.77880859375	0.07666034	1.714285714285715e-05	5.714285714285716e-05	15.771516561508179	75495.57561278343
6601	1462.9686022286132	1016.13	107.03857421875	0.07660235	1.7100000000000012e-05	5.700000000000005e-05	15.164339303970337	75510.74250292778
6602	1472.3459618071513	1024.0	107.046630859375	0.076573946	1.7057142857142846e-05	5.685714285714283e-05	15.967577934265137	75526.71154952049
6603	1461.3577289349807	1018.25	106.546142578125	0.07658488	1.7014285714285713e-05	5.671428571428572e-05	15.518022060394287	75542.23150801659
6604	1444.0352348870954	1014.38	106.559814453125	0.0765728	1.697142857142858e-05	5.657142857142861e-05	15.884684085845947	75558.11799168587
6605	1434.0247372519493	1004.15	106.818603515625	0.07647391	1.6928571428571414e-05	5.642857142857139e-05	15.161510705947876	75573.28137373924
6606	1445.5866283705575	1016.32	106.326416015625	0.07644602	1.688571428571428e-05	5.6285714285714276e-05	15.984640121459961	75589.26806640625
6607	1417.1454842669536	995.89	107.08447265625	0.076397955	1.6842857142857148e-05	5.6142857142857165e-05	15.1591055393219	75604.42911839485
6608	1469.643067619886	1024.0	106.84228515625	0.076378234	1.6800000000000012e-05	5.600000000000005e-05	15.92562222480774	75620.35600566864
6609	1436.4367580969392	1015.18	104.35888671875	0.076318115	1.6757142857142845e-05	5.585714285714283e-05	15.183897018432617	75635.54174256325
6610	1464.2297006064484	1020.45	106.72509765625	0.07627828	1.6714285714285713e-05	5.5714285714285715e-05	16.34140658378601	75651.88752818108
6611	1454.1753352388973	1013.92	107.238037109375	0.07626473	1.667142857142858e-05	5.5571428571428604e-05	15.148371934890747	75667.0387995243
6612	1426.63771867618	997.58	107.246826171875	0.0761958	1.6628571428571413e-05	5.5428571428571384e-05	15.957728862762451	75682.99853920937
6613	1450.2204018282841	1010.05	107.778564453125	0.0761758	1.658571428571428e-05	5.528571428571427e-05	15.159172058105469	75698.1585624218
6614	1449.299017939354	1010.19	107.029052734375	0.07615543	1.6542857142857148e-05	5.514285714285716e-05	15.485950469970703	75713.64618611336
6615	1441.0150697418212	1011.03	106.02880859375	0.07610119	1.6500000000000015e-05	5.500000000000005e-05	15.11891770362854	75728.76692223549
6616	1445.9541014767433	1013.87	106.779052734375	0.07604071	1.6457142857142848e-05	5.485714285714283e-05	15.47513723373413	75744.24368739128
6617	1445.7109748002454	1014.24	107.2880859375	0.07599676	1.6414285714285712e-05	5.471428571428572e-05	15.205675840377808	75759.45078539848
6618	1456.3366665349283	1012.14	107.042236328125	0.0759623	1.637142857142858e-05	5.4571428571428607e-05	15.877973318099976	75775.33023571968
6619	1453.4611442364708	1012.67	106.0615234375	0.07594428	1.6328571428571413e-05	5.442857142857138e-05	15.129486560821533	75790.46121430397
6620	1464.7011033358663	1024.0	107.061767578125	0.07587705	1.628571428571428e-05	5.428571428571427e-05	20.282734394073486	75810.74452233315
6621	1435.8177456379583	990.52	106.81787109375	0.0758173	1.6242857142857147e-05	5.4142857142857164e-05	16.627398014068604	75827.37390398979
6622	1473.5879968148124	1013.17	107.0771484375	0.075735204	1.6200000000000014e-05	5.400000000000005e-05	15.262894630432129	75842.63880681992
6623	1483.4196233670614	1014.43	107.0849609375	0.07569964	1.6157142857142848e-05	5.3857142857142826e-05	15.892538785934448	75858.53261780739
6624	1453.1226710739093	1012.1	106.644287109375	0.075655185	1.611428571428571e-05	5.3714285714285714e-05	15.42726182937622	75873.96280550957
6625	1443.7519348840804	1009.31	107.100830078125	0.0756273	1.607142857142858e-05	5.35714285714286e-05	16.191823720932007	75890.15589976311
6626	1427.8315148693707	1011.04	107.108642578125	0.07563337	1.6028571428571412e-05	5.342857142857138e-05	15.238606691360474	75905.39565372467
6627	1456.4735642104788	1020.29	106.666259765625	0.075551696	1.598571428571428e-05	5.328571428571427e-05	16.26023817062378	75921.65700101852
6628	1443.7002926209657	1012.53	106.381103515625	0.07546806	1.5942857142857147e-05	5.314285714285716e-05	16.162384748458862	75937.82087254524
6629	1433.5155059943913	1002.67	107.381591796875	0.07542796	1.5900000000000014e-05	5.300000000000005e-05	15.498164892196655	75953.3205382824
6630	1447.1980867707848	1000.29	107.38916015625	0.07539672	1.5857142857142847e-05	5.285714285714283e-05	15.13696026802063	75968.45951342583
6631	1451.5406190471083	1012.94	107.14697265625	0.07540024	1.581428571428571e-05	5.271428571428572e-05	15.25565218925476	75983.71683311462
6632	1447.8208154797449	1013.98	107.65478515625	0.07534314	1.5771428571428578e-05	5.2571428571428605e-05	15.116751670837402	75998.8355588913
6633	1461.737049503858	1020.39	107.472412109375	0.075292	1.572857142857141e-05	5.242857142857138e-05	15.655095100402832	76014.49151563644
6634	1460.497508909961	1020.16	107.2421875	0.07524786	1.568571428571428e-05	5.228571428571427e-05	15.218498706817627	76029.71151518822
6635	1475.8432197139211	1024.0	106.437255859375	0.07521744	1.5642857142857146e-05	5.2142857142857156e-05	15.314889669418335	76045.02741670609
6636	1410.6816836118885	991.22	107.4375	0.075205676	1.5600000000000013e-05	5.2000000000000044e-05	15.163744926452637	76060.1922864914
6637	1448.2756218831348	1012.32	106.703369140625	0.07520989	1.5557142857142847e-05	5.1857142857142824e-05	15.452823877334595	76075.64656662941
6638	1453.8518803302404	1020.15	106.269775390625	0.075163655	1.5514285714285714e-05	5.171428571428571e-05	15.181811094284058	76090.82948040962
6639	1432.6349986104435	1004.45	106.531494140625	0.07514823	1.5471428571428578e-05	5.15714285714286e-05	15.5199613571167	76106.35048151016
6640	1429.1185859185412	1010.92	106.789306640625	0.07509062	1.542857142857141e-05	5.142857142857138e-05	15.168892860412598	76121.5208375454
6641	1420.5368855838117	1005.27	107.9765625	0.075088575	1.5385714285714278e-05	5.128571428571427e-05	18.941336154937744	76140.46364450455
6642	1420.0390821680362	996.55	107.52001953125	0.07508981	1.5342857142857146e-05	5.114285714285716e-05	15.926247596740723	76156.39133834839
6643	1450.2777129976948	1013.92	107.27783203125	0.07503348	1.5300000000000013e-05	5.100000000000005e-05	15.416197776794434	76171.80899620056
6644	1453.6862180323662	1012.37	106.00830078125	0.07498009	1.5257142857142846e-05	5.085714285714283e-05	15.932260990142822	76187.74282383919
6645	1460.1344465408306	1017.08	107.294921875	0.07493421	1.5214285714285712e-05	5.0714285714285716e-05	15.23871922492981	76202.98417162895
6646	1445.9507955090248	1010.9	107.809326171875	0.074904494	1.5171428571428579e-05	5.0571428571428604e-05	15.891446590423584	76218.8768749237
6647	1459.7861766259043	1020.04	106.826416015625	0.07486286	1.5128571428571412e-05	5.042857142857138e-05	15.195642948150635	76234.07437562943
6648	1463.923320537616	1016.0	107.532958984375	0.07486132	1.508571428571428e-05	5.0285714285714266e-05	16.03973698616028	76250.115503788
6649	1462.7086891778038	1013.89	107.290771484375	0.074841596	1.5042857142857145e-05	5.0142857142857155e-05	15.151626110076904	76265.26865339279
6650	1424.328811517168	996.81	107.2998046875	0.0748666	1.5000000000000012e-05	5.000000000000004e-05	16.10374402999878	76281.37431430817
6651	1423.4245485950296	996.7	107.065673828125	0.07487839	1.4957142857142846e-05	4.985714285714282e-05	16.311609983444214	76297.68758654594
6652	1429.4124845129948	1008.26	107.82568359375	0.07487284	1.4914285714285711e-05	4.971428571428571e-05	15.627378940582275	76313.31651902199
6653	1437.5219069733012	1004.58	106.82958984375	0.074804686	1.4871428571428578e-05	4.95714285714286e-05	15.262864112854004	76328.58100962639
6654	1400.6078759835364	991.01	107.32958984375	0.07480379	1.4828571428571412e-05	4.942857142857138e-05	15.24815034866333	76343.83058691025
6655	1436.5658733448065	1000.57	107.836669921875	0.074760534	1.4785714285714279e-05	4.928571428571427e-05	15.158721923828125	76358.99103212357
6656	1438.328479642007	1012.45	107.646728515625	0.074720375	1.4742857142857144e-05	4.914285714285716e-05	15.565839529037476	76374.55843448639
6657	1425.2363989356352	1003.11	106.376708984375	0.07471061	1.4700000000000012e-05	4.9000000000000046e-05	15.172798156738281	76389.73321557045
6658	1450.075982181114	1016.06	107.361083984375	0.074675396	1.4657142857142845e-05	4.885714285714282e-05	18.44701361656189	76408.18263030052
6659	1413.6082658055366	998.66	107.369140625	0.074593775	1.4614285714285712e-05	4.871428571428571e-05	16.118900775909424	76424.30374002457
6660	1441.1690292652265	1008.66	106.135009765625	0.07457142	1.4571428571428578e-05	4.85714285714286e-05	15.199169874191284	76439.50446534157
6661	1448.2981996797726	1018.27	107.384765625	0.07453539	1.4528571428571411e-05	4.8428571428571376e-05	15.809554815292358	76455.31573867798
6662	1458.7341580914033	1020.1	107.166259765625	0.07451371	1.4485714285714278e-05	4.8285714285714265e-05	15.226403713226318	76470.54472279549
6663	1461.3718465548054	1014.31	108.140869140625	0.07450587	1.4442857142857146e-05	4.814285714285715e-05	15.860340118408203	76486.40594315529
6664	1445.1449419287987	1012.84	106.90869140625	0.0744546	1.4400000000000011e-05	4.800000000000004e-05	15.383781909942627	76501.79122066498
6665	1430.0524980491123	1002.59	107.48681640625	0.07437713	1.4357142857142845e-05	4.785714285714282e-05	15.869426250457764	76517.66247844696
6666	1464.0031146323233	1022.2	104.935791015625	0.07435366	1.4314285714285712e-05	4.771428571428571e-05	15.23532223701477	76532.89986991882
6667	1436.4540534793798	1003.75	106.959228515625	0.07431938	1.4271428571428577e-05	4.75714285714286e-05	15.938531160354614	76548.83951973915
6668	1443.9671772491254	1011.1	107.167724609375	0.07428466	1.422857142857141e-05	4.742857142857138e-05	15.229197978973389	76564.07069158554
6669	1476.2206477391799	1022.9	107.439453125	0.074233584	1.4185714285714278e-05	4.728571428571427e-05	15.818467617034912	76579.8905904293
6670	1446.923189451248	1020.61	106.949462890625	0.07419575	1.4142857142857145e-05	4.7142857142857156e-05	15.13206958770752	76595.0242292881
6671	1438.0114833906366	1003.23	107.197509765625	0.07413403	1.410000000000001e-05	4.7000000000000045e-05	16.168368577957153	76611.19420552254
6672	1435.9963884929027	1006.11	106.47314453125	0.07408704	1.4057142857142844e-05	4.685714285714282e-05	15.131520748138428	76626.32726764679
6673	1465.372550732	1013.55	107.7236328125	0.07405955	1.4014285714285711e-05	4.6714285714285707e-05	15.819000959396362	76642.14736032486
6674	1452.7728853715298	1012.6	107.605224609375	0.073985316	1.3971428571428579e-05	4.6571428571428595e-05	15.166810035705566	76657.31635713577
6675	1414.8400463155847	998.5	106.369873046875	0.07398126	1.3928571428571412e-05	4.6428571428571375e-05	16.086921453475952	76673.4052746296
6676	1444.7704248625043	1016.29	107.8701171875	0.073931314	1.3885714285714277e-05	4.6285714285714264e-05	15.136987686157227	76688.54462242126
6677	1470.9552457347404	1014.4	106.635986328125	0.07392772	1.3842857142857145e-05	4.614285714285715e-05	15.261444091796875	76703.80664801598
6678	1443.9078299907424	1000.82	107.8857421875	0.073891625	1.3800000000000012e-05	4.600000000000004e-05	15.130079746246338	76718.93946361542
6679	1457.6615729850494	1014.26	106.15185546875	0.073846556	1.3757142857142844e-05	4.585714285714282e-05	15.763394117355347	76734.70374250412
6680	1461.770274238632	1024.0	107.891845703125	0.07383407	1.371428571428571e-05	4.571428571428571e-05	15.092281579971313	76749.79778885841
6681	1448.2789465744672	1016.49	106.46435546875	0.07382227	1.3671428571428578e-05	4.55714285714286e-05	15.242905378341675	76765.04242491722
6682	1423.737938760071	998.58	108.167724609375	0.07380143	1.3628571428571411e-05	4.542857142857138e-05	15.104267597198486	76780.14829158783
6683	1417.4907433874362	996.99	106.182373046875	0.07379519	1.3585714285714277e-05	4.5285714285714266e-05	15.364283323287964	76795.51729631424
6684	1466.7310202243443	1010.23	108.242919921875	0.07374644	1.3542857142857144e-05	4.5142857142857155e-05	15.103381156921387	76810.62301921844
6685	1439.0187962231694	998.26	106.44921875	0.07370555	1.3500000000000011e-05	4.5000000000000043e-05	15.420622825622559	76826.0459985733
6686	1449.0096238387036	1006.83	107.4736328125	0.07365162	1.3457142857142845e-05	4.485714285714282e-05	15.153853416442871	76841.20207071304
6687	1464.777903732302	1024.0	107.7197265625	0.07361452	1.341428571428571e-05	4.4714285714285705e-05	15.666976928710938	76856.87170577049
6688	1469.1297309153179	1024.0	107.2158203125	0.0736125	1.3371428571428577e-05	4.4571428571428594e-05	15.30972671508789	76872.18320441246
6689	1433.4246869554179	1010.69	107.972900390625	0.07360224	1.3328571428571445e-05	4.442857142857148e-05	15.303882122039795	76887.48962640762
6690	1445.7740483539776	1000.53	107.781494140625	0.073588185	1.3285714285714278e-05	4.428571428571426e-05	15.849849939346313	76903.34120225906
6691	1430.8073975417644	998.31	107.489501953125	0.07353567	1.3242857142857144e-05	4.414285714285715e-05	15.31107211112976	76918.65421056747
6692	1448.4908167072663	1016.44	107.99755859375	0.07348666	1.320000000000001e-05	4.400000000000004e-05	15.861969709396362	76934.51767659187
6693	1462.7486236723084	1018.1	108.028564453125	0.07346332	1.3157142857142844e-05	4.385714285714282e-05	15.274136066436768	76949.79332470894
6694	1474.7026715211675	1024.0	107.51318359375	0.07342241	1.311428571428571e-05	4.371428571428571e-05	15.866182804107666	76965.66112589836
6695	1430.877892100477	995.64	107.77099609375	0.07344257	1.3071428571428577e-05	4.35714285714286e-05	15.352280855178833	76981.01614665985
6696	1455.225015202638	1006.67	107.776123046875	0.0733849	1.3028571428571444e-05	4.3428571428571485e-05	16.300841569900513	76997.31920194626
6697	1459.171292811222	1018.27	107.78515625	0.07336317	1.2985714285714278e-05	4.328571428571426e-05	15.164061546325684	77012.48487305641
6698	1447.6559664880335	1010.17	107.543212890625	0.07331689	1.2942857142857143e-05	4.314285714285715e-05	15.764516353607178	77028.25104641914
6699	1454.456036152216	1024.0	108.302001953125	0.073267356	1.290000000000001e-05	4.300000000000004e-05	15.295382022857666	77043.54820632935
6700	1433.7633190285953	1003.89	107.81005859375	0.07322332	1.2857142857142844e-05	4.2857142857142816e-05	16.79873013496399	77060.3490190506
6701	1444.6562365333732	1006.89	106.33740234375	0.07317046	1.2814285714285711e-05	4.2714285714285704e-05	15.166329860687256	77075.51663827896
6702	1439.3839460984568	1006.93	107.82568359375	0.073121116	1.2771428571428576e-05	4.257142857142859e-05	16.27264928817749	77091.7894384861
6703	1469.5014668716885	1024.0	107.833740234375	0.07311747	1.2728571428571444e-05	4.242857142857148e-05	15.147893190383911	77106.93939614296
6704	1472.4780482451868	1020.14	108.376708984375	0.07310607	1.2685714285714277e-05	4.228571428571426e-05	15.879268646240234	77122.82019901276
6705	1470.9587483844268	1016.58	108.099609375	0.073150285	1.2642857142857144e-05	4.214285714285715e-05	15.203838348388672	77138.02603197098
6706	1435.2562861076856	1013.96	107.90869140625	0.07308769	1.260000000000001e-05	4.200000000000004e-05	15.41403579711914	77153.44158124924
6707	1397.1973910101071	981.84	108.115234375	0.07305958	1.2557142857142843e-05	4.185714285714282e-05	15.181592464447021	77168.6248459816
6708	1456.512124652759	1024.0	108.123291015625	0.07302505	1.251428571428571e-05	4.171428571428571e-05	15.212748527526855	77183.83966779709
6709	1455.747450189216	1022.14	108.183349609375	0.07299573	1.2471428571428576e-05	4.1571428571428595e-05	15.14802622795105	77198.9903049469
6710	1437.9449927438566	1007.72	108.64013671875	0.07296079	1.2428571428571443e-05	4.1428571428571484e-05	15.765425443649292	77214.75776863098
6711	1464.5596181583926	1022.22	107.921142578125	0.07293805	1.2385714285714277e-05	4.128571428571426e-05	15.18787169456482	77229.94723439217
6712	1434.7591633771774	1008.25	107.65576171875	0.07291817	1.2342857142857144e-05	4.1142857142857146e-05	15.307424545288086	77245.25639128685
6713	1463.9557859437375	1024.0	107.913330078125	0.0728547	1.230000000000001e-05	4.1000000000000034e-05	15.141640186309814	77260.39996504784
6714	1468.0724898235726	1016.63	108.193115234375	0.072836034	1.2257142857142843e-05	4.0857142857142814e-05	15.247307777404785	77275.64908885956
6715	1454.9661013084597	1018.12	107.929443359375	0.07281744	1.221428571428571e-05	4.07142857142857e-05	15.093277215957642	77290.74411845207
6716	1432.951596226088	1004.32	107.95166015625	0.07279014	1.2171428571428577e-05	4.057142857142859e-05	15.267876863479614	77306.01356601715
6717	1474.5683353594927	1024.0	107.969482421875	0.07276216	1.2128571428571443e-05	4.042857142857148e-05	15.129375219345093	77321.14426255226
6718	1447.7989265558745	1010.64	107.4541015625	0.072750494	1.2085714285714276e-05	4.028571428571426e-05	15.82765507698059	77336.97394013405
6719	1459.425494392151	1013.58	107.95703125	0.072748624	1.2042857142857143e-05	4.014285714285715e-05	16.25409698486328	77353.23011088371
6720	1437.4644428277495	1002.93	108.466064453125	0.07272719	1.2000000000000009e-05	4.000000000000004e-05	15.209460020065308	77368.44126844406
6721	1454.237003780224	1020.1	107.975830078125	0.07271332	1.1957142857142842e-05	3.985714285714282e-05	15.91042971611023	77384.35277557373
6722	1409.1312177349068	983.52	107.969970703125	0.07269162	1.191428571428571e-05	3.9714285714285706e-05	15.295679330825806	77399.65011405945
6723	1458.1811761511426	1014.01	107.741943359375	0.072667696	1.1871428571428577e-05	3.9571428571428594e-05	15.958292484283447	77415.61050224304
6724	1440.9959455569392	1007.58	105.515869140625	0.07263517	1.1828571428571442e-05	3.942857142857148e-05	15.60737943649292	77431.21984744072
6725	1451.0282144831094	1016.46	108.51171875	0.07262156	1.1785714285714275e-05	3.9285714285714256e-05	15.898452758789062	77447.12033176422
6726	1448.829085649284	1012.68	107.761962890625	0.07262477	1.1742857142857143e-05	3.9142857142857145e-05	15.380102396011353	77462.5024228096
6727	1444.5398417777697	1013.45	107.278076171875	0.072605364	1.170000000000001e-05	3.900000000000003e-05	15.890052795410156	77478.39463663101
6728	1461.9187228648052	1019.93	107.53564453125	0.07258168	1.1657142857142843e-05	3.885714285714281e-05	15.196780443191528	77493.59455513954
6729	1452.1392079597235	1012.72	108.2861328125	0.07258189	1.1614285714285709e-05	3.87142857142857e-05	15.932092666625977	77509.5273809433
6730	1472.3471782183415	1018.16	108.043701171875	0.07258958	1.1571428571428576e-05	3.857142857142859e-05	15.263879299163818	77524.79277896881
6731	1466.4937810689887	1022.17	108.103759765625	0.07255769	1.1528571428571443e-05	3.842857142857148e-05	15.885780334472656	77540.68016719818
6732	1449.688128874874	1012.9	108.31103515625	0.072488904	1.1485714285714277e-05	3.828571428571426e-05	15.338748455047607	77556.02038550377
6733	1434.7300261896592	1006.34	108.303466796875	0.07244927	1.1442857142857142e-05	3.814285714285715e-05	16.52438974380493	77572.54621338844
6734	1419.3836959772414	1003.69	108.32958984375	0.07239813	1.140000000000001e-05	3.8000000000000036e-05	15.201472282409668	77587.75109195709
6735	1460.40683513567	1015.19	108.087158203125	0.07237112	1.1357142857142843e-05	3.785714285714281e-05	15.689976453781128	77603.44211792946
6736	1444.090333124948	1007.0	108.09521484375	0.072323926	1.1314285714285708e-05	3.77142857142857e-05	15.163254261016846	77618.60714530945
6737	1435.931452927435	994.76	107.360595703125	0.07232908	1.1271428571428576e-05	3.7571428571428586e-05	15.256672382354736	77633.86619520187
6738	1455.2344901267727	1018.18	108.484375	0.07226973	1.1228571428571443e-05	3.742857142857148e-05	15.540740728378296	77649.40855574608
6739	1456.627800306554	1022.06	107.750244140625	0.07220604	1.1185714285714276e-05	3.7285714285714255e-05	15.214747905731201	77664.62490224838
6740	1437.3637973825969	1008.86	108.750244140625	0.07216544	1.1142857142857142e-05	3.7142857142857143e-05	15.190264463424683	77679.8185684681
6741	1446.4866982914577	1006.58	108.50830078125	0.072143696	1.1100000000000009e-05	3.700000000000003e-05	16.466869592666626	77696.28750228882
6742	1453.6998288194186	1018.27	108.76611328125	0.07212069	1.1057142857142842e-05	3.685714285714281e-05	15.173049449920654	77711.46206617355
6743	1455.837369266818	1016.74	107.774169921875	0.07209898	1.101428571428571e-05	3.67142857142857e-05	16.460821628570557	77727.924482584
6744	1471.157362285405	1014.23	108.28173828125	0.072061114	1.0971428571428575e-05	3.657142857142859e-05	15.874850034713745	77743.80064892769
6745	1444.4383407927737	1006.44	106.797607421875	0.07201501	1.0928571428571442e-05	3.642857142857148e-05	15.288530111312866	77759.0907857418
6746	1433.4163509051004	1003.72	108.297607421875	0.07197296	1.0885714285714276e-05	3.628571428571426e-05	15.844480514526367	77774.93746185303
6747	1457.310865501595	1012.42	108.5673828125	0.07193679	1.0842857142857143e-05	3.6142857142857146e-05	15.196722984313965	77790.13564658165
6748	1426.5128738185833	996.18	108.314697265625	0.07192385	1.0800000000000008e-05	3.6000000000000035e-05	16.023022890090942	77806.16064882278
6749	1452.2805405873787	1008.54	106.830078125	0.07188385	1.0757142857142842e-05	3.585714285714281e-05	15.420525074005127	77821.5827884674
6750	1428.6834706453644	1002.98	108.580078125	0.07187299	1.0714285714285709e-05	3.57142857142857e-05	15.85703158378601	77837.44395327568
6751	1472.1385535046124	1024.0	108.587890625	0.07181475	1.0671428571428575e-05	3.5571428571428585e-05	15.167989253997803	77852.6138575077
6752	1427.669507424609	993.12	108.34619140625	0.07179656	1.0628571428571442e-05	3.5428571428571474e-05	15.9030122756958	77868.51832413673
6753	1437.5996261861544	999.46	108.4052734375	0.07176038	1.0585714285714275e-05	3.5285714285714254e-05	15.222773790359497	77883.74259781837
6754	1456.8458085077718	1014.1	108.385498046875	0.07173921	1.0542857142857142e-05	3.514285714285714e-05	16.269829273223877	77900.01398873329
6755	1446.7163563894248	1004.94	108.393310546875	0.071690165	1.0500000000000008e-05	3.500000000000003e-05	15.30083703994751	77915.31638264656
6756	1438.899997956348	1006.13	108.62744140625	0.0716545	1.0457142857142841e-05	3.485714285714281e-05	16.130449295043945	77931.44840860367
6757	1477.4689504466085	1023.99	107.39306640625	0.0716513	1.0414285714285708e-05	3.47142857142857e-05	15.308019638061523	77946.7577457428
6758	1432.8224398321909	994.55	108.643798828125	0.07165263	1.0371428571428576e-05	3.457142857142859e-05	15.902236700057983	77962.66148543358
6759	1438.3410807965565	1012.11	108.651123046875	0.07164366	1.0328571428571441e-05	3.4428571428571476e-05	15.177012205123901	77977.8400323391
6760	1450.2355557346675	1014.34	108.408935546875	0.07162034	1.0285714285714275e-05	3.4285714285714257e-05	15.429847478866577	77993.27090978622
6761	1438.6696885997271	1014.86	107.172607421875	0.07156718	1.0242857142857142e-05	3.4142857142857145e-05	15.214508295059204	78008.48693537712
6762	1442.0302209288836	1011.12	108.4228515625	0.071555726	1.0200000000000007e-05	3.4000000000000034e-05	15.480852365493774	78023.96984672546
6763	1393.866883934649	975.09	108.70361328125	0.07150915	1.015714285714284e-05	3.385714285714281e-05	15.168952703475952	78039.14020848274
6764	1400.428639677265	980.67	107.990234375	0.07148362	1.0114285714285708e-05	3.3714285714285695e-05	16.466129064559937	78055.60830020905
6765	1460.502142600032	1012.41	108.447509765625	0.07145187	1.0071428571428575e-05	3.3571428571428584e-05	15.121130466461182	78070.73110580444
6766	1414.692583254404	981.05	108.45556640625	0.07144519	1.002857142857144e-05	3.342857142857147e-05	15.268857717514038	78086.00205230713
6767	1467.047645735728	1010.64	108.46337890625	0.07139318	9.985714285714274e-06	3.328571428571425e-05	15.240870237350464	78101.24515509605
6768	1449.4460938508948	1008.4	108.46923828125	0.07135507	9.942857142857141e-06	3.314285714285714e-05	15.256419897079468	78116.5031311512
6769	1435.0708130907892	1006.31	108.47900390625	0.071346864	9.900000000000009e-06	3.300000000000003e-05	15.124687194824219	78131.6300213337
6770	1465.1841362062125	1018.12	108.237060546875	0.07132136	9.857142857142842e-06	3.285714285714281e-05	15.401611566543579	78147.03279876709
6771	1451.129429196806	1005.51	108.4951171875	0.071322	9.814285714285707e-06	3.27142857142857e-05	16.23410940170288	78163.26852679253
6772	1480.6534459159395	1017.5	108.503662109375	0.071282454	9.771428571428575e-06	3.257142857142859e-05	15.730311155319214	78179.00098991394
6773	1426.0308492968863	991.56	108.511474609375	0.07127822	9.728571428571442e-06	3.2428571428571475e-05	15.903389692306519	78194.90546321869
6774	1482.8917778287778	1024.0	108.2685546875	0.071260855	9.685714285714275e-06	3.228571428571425e-05	15.240257501602173	78210.1469297409
6775	1478.1019627351614	1024.0	109.27734375	0.07125232	9.64285714285714e-06	3.214285714285714e-05	15.837754249572754	78225.98615646362
6776	1452.5589836297152	1010.85	108.30859375	0.07122457	9.600000000000008e-06	3.200000000000003e-05	15.307063579559326	78241.2948718071
6777	1465.661289297127	1020.16	108.792724609375	0.071227625	9.557142857142841e-06	3.1857142857142806e-05	15.860730171203613	78257.15759205818
6778	1460.435559094896	1024.0	108.80078125	0.07122532	9.514285714285707e-06	3.1714285714285694e-05	15.19709849357605	78272.35648179054
6779	1450.9906529433983	1012.31	108.30859375	0.07119983	9.471428571428574e-06	3.157142857142858e-05	16.0741868019104	78288.43247056007
6780	1445.9028797195722	1020.1	108.56640625	0.071191706	9.428571428571441e-06	3.142857142857147e-05	15.30585265159607	78303.74000048637
6781	1463.2429061823523	1012.12	106.090576171875	0.07117922	9.385714285714275e-06	3.128571428571425e-05	16.23470401763916	78319.97612929344
6782	1477.7488251394698	1012.88	108.813720703125	0.07115215	9.34285714285714e-06	3.114285714285714e-05	15.221041679382324	78335.19923186302
6783	1456.0474305351174	1010.38	108.5849609375	0.071136616	9.300000000000008e-06	3.100000000000003e-05	16.13309407234192	78351.33419728279
6784	1443.9722121815687	1016.03	109.3427734375	0.07110115	9.257142857142841e-06	3.085714285714281e-05	15.282060384750366	78366.61791372299
6785	1464.7681940777513	1024.0	108.6005859375	0.071081676	9.214285714285708e-06	3.07142857142857e-05	16.200623273849487	78382.81919956207
6786	1434.7619542816572	1002.91	108.861572265625	0.07106535	9.171428571428574e-06	3.0571428571428586e-05	15.223179817199707	78398.04444622993
6787	1452.6373396017484	1022.36	107.627197265625	0.07103415	9.128571428571441e-06	3.042857142857147e-05	15.780040740966797	78413.82650089264
6788	1447.9107958678374	1004.06	108.185791015625	0.07099991	9.085714285714274e-06	3.028571428571425e-05	15.194840669631958	78429.02281737328
6789	1460.053545934643	1024.0	108.637939453125	0.07099948	9.04285714285714e-06	3.014285714285714e-05	15.258972644805908	78444.28331685066
6790	1458.8506675215217	1020.73	108.895751953125	0.071003355	9.000000000000007e-06	3.0000000000000028e-05	15.209520101547241	78459.49443554878
6791	1443.0773589966607	1016.76	108.654052734375	0.0709912	8.95714285714284e-06	2.9857142857142805e-05	15.21389389038086	78474.70961380005
6792	1456.762148227836	1010.45	108.697509765625	0.07094499	8.914285714285708e-06	2.9714285714285693e-05	15.171797275543213	78489.883436203
6793	1451.789516348082	1013.74	107.927734375	0.07091323	8.871428571428573e-06	2.957142857142858e-05	15.331231117248535	78505.21688771248
6794	1444.160145369454	1010.6	108.185791015625	0.07088442	8.82857142857144e-06	2.942857142857147e-05	15.205949783325195	78520.4243311882
6795	1475.1705644432777	1019.14	108.20947265625	0.07086948	8.785714285714274e-06	2.928571428571425e-05	15.872946500778198	78536.29933667183
6796	1440.8210864873324	1002.58	108.94384765625	0.07084716	8.742857142857141e-06	2.914285714285714e-05	15.212491750717163	78551.51392936707
6797	1433.3884445547105	1014.68	109.19140625	0.07082527	8.700000000000006e-06	2.9000000000000027e-05	15.477612972259521	78566.99352407455
6798	1414.744347296617	996.85	108.710693359375	0.07081487	8.65714285714284e-06	2.8857142857142804e-05	15.552194595336914	78582.54764938354
6799	1457.0269815136905	1020.1	109.218505859375	0.07080781	8.614285714285707e-06	2.8714285714285693e-05	15.408209323883057	78597.95811057091
6800	1451.2478983243489	1016.34	108.7197265625	0.07081633	8.571428571428574e-06	2.857142857142858e-05	15.945587396621704	78613.90516901016
6801	1427.3386982199609	1012.68	107.7421875	0.07080427	8.52857142857144e-06	2.842857142857147e-05	15.167691946029663	78629.07501626015
6802	1441.740417358433	1001.54	109.116943359375	0.07076353	8.485714285714273e-06	2.828571428571425e-05	15.936025857925415	78645.01278018951
6803	1473.493144227915	1024.0	109.124755859375	0.070750326	8.44285714285714e-06	2.8142857142857138e-05	16.93167471885681	78661.94650316238
6804	1449.7795226093303	1005.37	109.382568359375	0.07074865	8.400000000000006e-06	2.8000000000000027e-05	15.905579328536987	78677.8540737629
6805	1459.155682795283	1018.11	109.138427734375	0.07071998	8.35714285714284e-06	2.7857142857142803e-05	16.028258800506592	78693.88395690918
6806	1444.4855205837625	1012.04	108.681640625	0.07070365	8.314285714285707e-06	2.7714285714285692e-05	15.976528406143188	78709.8621225357
6807	1462.2285966808577	1023.96	110.156494140625	0.07070514	8.271428571428574e-06	2.757142857142858e-05	10.77783727645874	78720.64128398895
6808	1448.8188666599856	1010.62	109.437744140625	0.07069977	8.22857142857144e-06	2.742857142857147e-05	16.052890300750732	78736.69481682777
6809	1469.7709048427964	1016.04	109.420166015625	0.07068332	8.185714285714273e-06	2.7285714285714246e-05	15.214505910873413	78751.9113752842
6810	1438.8927373035701	1006.88	109.180419921875	0.07069672	8.14285714285714e-06	2.7142857142857134e-05	15.847991943359375	78767.76026892662
6811	1463.3610857506274	1024.0	109.43798828125	0.07069104	8.100000000000007e-06	2.7000000000000026e-05	15.336457967758179	78783.09836101532
6812	1430.8940485308892	997.51	109.44580078125	0.070661336	8.05714285714284e-06	2.6857142857142803e-05	15.880912780761719	78798.98028373718
6813	1433.1991726407794	1003.22	108.9541015625	0.070631854	8.014285714285706e-06	2.671428571428569e-05	15.223227977752686	78814.20548582077
6814	1451.6376223726097	1016.37	108.997802734375	0.07061102	7.971428571428573e-06	2.657142857142858e-05	16.2515127658844	78830.45801329613
6815	1474.7861869320902	1024.0	109.255615234375	0.07056622	7.92857142857144e-06	2.642857142857147e-05	15.266350269317627	78845.7258234024
6816	1433.6010680159745	1003.35	109.478515625	0.070538215	7.885714285714272e-06	2.6285714285714245e-05	15.903355360031128	78861.62983894348
6817	1461.0434679607506	1015.38	109.236572265625	0.0705185	7.84285714285714e-06	2.6142857142857134e-05	15.270078182220459	78876.90141487122
6818	1456.7880148048657	1020.18	109.04541015625	0.07049703	7.800000000000007e-06	2.6000000000000022e-05	16.36526346206665	78893.26750206947
6819	1465.6058373997664	1012.11	109.252197265625	0.070487	7.757142857142872e-06	2.5857142857142914e-05	15.184189796447754	78908.45359301567
6820	1458.212192820878	1010.4	109.023193359375	0.070479855	7.714285714285706e-06	2.571428571428569e-05	15.280981540679932	78923.73506188393
6821	1435.6814755887451	1008.33	109.767822265625	0.07045978	7.671428571428573e-06	2.557142857142858e-05	15.262426853179932	78938.99938774109
6822	1446.4395085512785	1007.05	108.033203125	0.07044832	7.628571428571439e-06	2.5428571428571468e-05	15.343412160873413	78954.34413075447
6823	1454.6779691872644	1009.48	109.026123046875	0.070403896	7.5857142857142725e-06	2.5285714285714244e-05	15.213746309280396	78969.55940532684
6824	1457.9586569612666	1010.44	109.04150390625	0.07038065	7.54285714285714e-06	2.5142857142857133e-05	15.253720760345459	78984.81528162956
6825	1480.134517807361	1022.03	109.2978515625	0.070377685	7.500000000000006e-06	2.500000000000002e-05	15.563031196594238	79000.38022875786
6826	1440.3296260161906	1005.14	109.3056640625	0.07035861	7.4571428571428725e-06	2.485714285714291e-05	15.737258434295654	79016.11903190613
6827	1468.905966212155	1018.16	109.31396484375	0.07032551	7.414285714285706e-06	2.471428571428569e-05	15.171860218048096	79031.29232668877
6828	1476.7717765419338	1019.34	108.868408203125	0.070303746	7.371428571428572e-06	2.457142857142858e-05	15.32874608039856	79046.62254238129
6829	1452.031530017692	1016.48	108.86474609375	0.070301	7.3285714285714395e-06	2.4428571428571467e-05	15.208319664001465	79061.83142614365
6830	1438.3595800122314	1010.5	109.58740234375	0.07028137	7.285714285714273e-06	2.4285714285714244e-05	15.374239683151245	79077.2073802948
6831	1388.3070845472682	979.9	109.117919921875	0.07026256	7.242857142857139e-06	2.4142857142857132e-05	15.941389322280884	79093.15040683746
6832	1439.0273211582657	998.27	109.102783203125	0.07025678	7.200000000000006e-06	2.400000000000002e-05	15.205317974090576	79108.35755324364
6833	1469.715610155631	1022.1	109.14697265625	0.07024995	7.157142857142872e-06	2.385714285714291e-05	15.93846869468689	79124.29788184166
6834	1409.6605075331806	994.89	109.893310546875	0.070223846	7.114285714285705e-06	2.371428571428569e-05	15.491897106170654	79139.79156041145
6835	1443.9912027090058	1004.29	109.412841796875	0.0702187	7.0714285714285726e-06	2.3571428571428578e-05	15.814815521240234	79155.60958218575
6836	1454.792086549305	1008.01	109.8857421875	0.070171036	7.028571428571439e-06	2.3428571428571467e-05	15.178528070449829	79170.78938364983
6837	1437.469168902672	1010.2	108.39892578125	0.070146516	6.985714285714272e-06	2.3285714285714243e-05	15.942285537719727	79186.7334420681
6838	1455.7832804826935	1013.28	109.436767578125	0.07012621	6.942857142857139e-06	2.3142857142857132e-05	15.224324464797974	79201.95866131783
6839	1426.254379995208	996.52	106.67333984375	0.07009337	6.900000000000006e-06	2.300000000000002e-05	15.802762269973755	79217.7631289959
6840	1449.5341749492	1010.23	109.174560546875	0.07008139	6.857142857142872e-06	2.285714285714291e-05	15.22085690498352	79232.98683953285
6841	1423.3439613925223	989.25	109.40087890625	0.07004758	6.814285714285706e-06	2.271428571428569e-05	16.931432723999023	79249.91982483864
6842	1471.2712059311611	1018.02	109.157470703125	0.07003566	6.771428571428572e-06	2.2571428571428577e-05	15.221485137939453	79265.14328122139
6843	1461.7668215100318	1018.32	109.41650390625	0.070027165	6.7285714285714384e-06	2.2428571428571466e-05	15.866454362869263	79281.01154065132
6844	1438.5739405877916	1010.48	109.924072265625	0.070021555	6.685714285714272e-06	2.2285714285714243e-05	15.21742582321167	79296.23064351082
6845	1472.0756239807054	1022.09	109.706298828125	0.070020184	6.642857142857139e-06	2.214285714285713e-05	15.943057775497437	79312.175126791
6846	1463.3336885482079	1016.07	109.1904296875	0.070013486	6.600000000000005e-06	2.200000000000002e-05	15.25130844116211	79327.42781114578
6847	1458.8035269944257	1018.07	109.70263671875	0.070003465	6.557142857142872e-06	2.1857142857142908e-05	15.914353370666504	79343.34368824959
6848	1472.9428725122923	1023.98	109.31591796875	0.06997935	6.514285714285705e-06	2.1714285714285685e-05	15.231656312942505	79358.57741093636
6849	1476.1624605745997	1019.21	109.46826171875	0.069983356	6.4714285714285715e-06	2.1571428571428574e-05	15.574535131454468	79374.15360450745
6850	1452.8774737062797	1004.76	109.224853515625	0.06997209	6.428571428571439e-06	2.1428571428571465e-05	15.572426080703735	79389.72776937485
6851	1462.9857122439632	1017.62	109.73291015625	0.06995752	6.385714285714272e-06	2.1285714285714242e-05	15.425143003463745	79405.15435361862
6852	1476.2458428391824	1020.04	109.49072265625	0.069940574	6.3428571428571385e-06	2.114285714285713e-05	15.287703275680542	79420.44394731522
6853	1449.1201905268606	1003.83	109.74853515625	0.06992526	6.300000000000005e-06	2.100000000000002e-05	15.301575183868408	79435.7470831871
6854	1431.4643242218642	1006.64	109.79150390625	0.069915645	6.257142857142871e-06	2.0857142857142908e-05	15.208053588867188	79450.95717525482
6855	1459.4391181804788	1005.24	109.514892578125	0.06991395	6.214285714285705e-06	2.0714285714285684e-05	15.333860874176025	79466.2925953865
6856	1459.3240491061658	1018.25	110.0224609375	0.06991633	6.171428571428572e-06	2.0571428571428573e-05	15.198264598846436	79481.49270248413
6857	1450.9031033930046	1010.61	109.5302734375	0.069894396	6.128571428571438e-06	2.042857142857146e-05	15.712584733963013	79497.20708251
6858	1445.6019034048943	1016.25	109.53857421875	0.06988249	6.085714285714272e-06	2.028571428571424e-05	16.07784080505371	79513.28673505783
6859	1424.0816817491348	998.4	109.5458984375	0.06987246	6.042857142857138e-06	2.014285714285713e-05	15.187020540237427	79528.47517347336
6860	1438.355613543095	1004.6	109.053955078125	0.06987149	6.000000000000004e-06	2.000000000000002e-05	15.878283023834229	79544.35503005981
6861	1441.6102012300605	1004.85	109.062744140625	0.069849715	5.957142857142872e-06	1.9857142857142907e-05	15.210631608963013	79559.5681142807
6862	1454.986665459122	1009.25	109.321044921875	0.06985038	5.914285714285705e-06	1.9714285714285684e-05	15.857978820800781	79575.42780566216
6863	1444.8039589305572	1015.99	109.62841796875	0.06982208	5.871428571428571e-06	1.9571428571428572e-05	15.191720485687256	79590.62166047096
6864	1444.7887372071987	1000.82	109.33740234375	0.06979748	5.828571428571438e-06	1.942857142857146e-05	15.934923887252808	79606.55713057518
6865	1441.249641220297	1016.14	109.345458984375	0.069793716	5.785714285714271e-06	1.928571428571424e-05	15.232450723648071	79621.79152035713
6866	1451.1195713748564	1024.0	109.53662109375	0.06976178	5.742857142857138e-06	1.914285714285713e-05	15.89715576171875	79637.69005942345
6867	1452.7926914297032	1020.15	109.98583984375	0.069748014	5.700000000000005e-06	1.9000000000000018e-05	15.221834659576416	79652.9139111042
6868	1429.235187783154	1004.7	108.751708984375	0.0697149	5.657142857142871e-06	1.8857142857142907e-05	15.842328071594238	79668.75741410255
6869	1459.8226804745545	1020.31	109.750244140625	0.06969037	5.6142857142857045e-06	1.8714285714285683e-05	15.596760749816895	79684.35601949692
6870	1459.3846142806935	1012.06	109.559814453125	0.069684185	5.571428571428571e-06	1.8571428571428572e-05	15.906344175338745	79700.26334190369
6871	1436.93547054924	994.44	109.76611328125	0.069663234	5.528571428571438e-06	1.842857142857146e-05	15.47864556312561	79715.7434334755
6872	1470.366051771764	1020.36	110.024169921875	0.069635905	5.4857142857142714e-06	1.828571428571424e-05	16.29087543487549	79732.0354309082
6873	1455.7335823496655	1017.02	109.039794921875	0.069640286	5.442857142857138e-06	1.814285714285713e-05	15.261009454727173	79747.29794692993
6874	1447.2276600549903	1006.36	109.789794921875	0.06962722	5.400000000000004e-06	1.8000000000000017e-05	15.98178744316101	79763.28074526787
6875	1449.8984565889864	1016.01	109.53759765625	0.06962239	5.357142857142871e-06	1.7857142857142906e-05	15.236738204956055	79778.51893401146
6876	1437.358749051372	1014.04	109.304443359375	0.069615744	5.314285714285704e-06	1.7714285714285683e-05	15.40286898612976	79793.92314648628
6877	1449.2057072463172	1005.31	110.0634765625	0.069610395	5.271428571428571e-06	1.757142857142857e-05	15.24336051940918	79809.1686103344
6878	1464.82227956912	1020.13	109.8203125	0.06959584	5.2285714285714376e-06	1.742857142857146e-05	15.357898712158203	79824.52796196938
6879	1453.5029829872342	1008.34	108.838134765625	0.06957293	5.185714285714271e-06	1.7285714285714236e-05	15.276495695114136	79839.80646753311
6880	1437.5785622917265	1010.62	109.623291015625	0.06957955	5.142857142857137e-06	1.7142857142857128e-05	15.88380241394043	79855.69194960594
6881	1441.1313021785184	1010.98	109.844970703125	0.0695624	5.100000000000004e-06	1.7000000000000017e-05	15.22354531288147	79870.91847729683
6882	1448.9484483711985	1016.42	109.3525390625	0.069551624	5.057142857142871e-06	1.6857142857142905e-05	15.416893243789673	79886.33746027946
6883	1443.7222411117152	1008.7	109.873291015625	0.069543235	5.014285714285704e-06	1.6714285714285682e-05	15.311795949935913	79901.65142083168
6884	1406.9167262399433	978.08	109.640869140625	0.0695417	4.971428571428571e-06	1.657142857142857e-05	15.370705127716064	79917.02311730385
6885	1461.8327877964707	1020.04	109.6279296875	0.06952423	4.928571428571437e-06	1.642857142857146e-05	15.844411373138428	79932.86853408813
6886	1486.493389761561	1020.41	109.634521484375	0.06951182	4.88571428571427e-06	1.6285714285714236e-05	15.203400611877441	79948.07311344147
6887	1462.5566282412951	1020.44	110.166748046875	0.06949712	4.842857142857138e-06	1.6142857142857124e-05	16.453078031539917	79964.52730321884
6888	1454.8600650787128	1008.86	110.151123046875	0.06947454	4.800000000000004e-06	1.6000000000000016e-05	15.481375217437744	79980.01124358177
6889	1424.6866862470933	1000.66	110.17041015625	0.06946198	4.75714285714287e-06	1.5857142857142905e-05	15.883854866027832	79995.89622306824
6890	1445.7489749398922	1002.87	109.92822265625	0.06945319	4.714285714285704e-06	1.571428571428568e-05	15.200838565826416	80011.09852576256
6891	1463.8220192152069	1020.39	109.7685546875	0.06943674	4.67142857142857e-06	1.557142857142857e-05	15.972325325012207	80027.07257890701
6892	1469.3537357622536	1022.06	109.937744140625	0.06943703	4.628571428571437e-06	1.542857142857146e-05	15.29222297668457	80042.36691904068
6893	1454.9690832354243	1024.0	109.7001953125	0.06941536	4.585714285714271e-06	1.5285714285714235e-05	16.51003074645996	80058.87847518921
6894	1456.4490522309457	1018.13	109.51708984375	0.069403775	4.542857142857137e-06	1.5142857142857125e-05	15.294032573699951	80074.17377853394
6895	1434.2217923487517	1000.84	110.21630859375	0.06939955	4.5000000000000035e-06	1.5000000000000014e-05	16.55506443977356	80090.73033428192
6896	1411.0543856901159	986.69	107.246826171875	0.069391236	4.45714285714287e-06	1.4857142857142902e-05	15.323094367980957	80106.05483293533
6897	1451.444865573516	1016.37	110.460205078125	0.069376744	4.414285714285703e-06	1.4714285714285681e-05	15.824942827224731	80121.88095188141
6898	1461.9668901781336	1018.07	109.74365234375	0.06936633	4.3714285714285705e-06	1.457142857142857e-05	15.321276187896729	80137.2036511898
6899	1459.6447214525274	1024.0	109.728759765625	0.069342345	4.328571428571437e-06	1.4428571428571458e-05	15.903297901153564	80153.1086423397
6900	1436.7984617974407	1013.36	109.986572265625	0.06932283	4.28571428571427e-06	1.4285714285714235e-05	15.275413513183594	80168.3855497837
6901	1424.7854161044077	997.98	109.984130859375	0.06931477	4.242857142857137e-06	1.4142857142857125e-05	15.428044557571411	80183.81583547592
6902	1456.0113107872469	1008.0	110.002197265625	0.069297425	4.200000000000003e-06	1.4000000000000013e-05	15.447461605072021	80199.26512861252
6903	1453.105892075791	1012.39	109.01806640625	0.06928836	4.15714285714287e-06	1.3857142857142902e-05	15.660821914672852	80214.92771148682
6904	1455.340997343988	1003.51	109.76806640625	0.069283746	4.1142857142857036e-06	1.3714285714285679e-05	15.26803207397461	80230.19684553146
6905	1464.4074320873028	1020.03	110.27587890625	0.0692748	4.07142857142857e-06	1.3571428571428567e-05	15.374226331710815	80245.57321619987
6906	1458.7497044754202	1018.71	110.268798828125	0.06925744	4.028571428571436e-06	1.3428571428571457e-05	15.226771831512451	80260.80193781853
6907	1468.268810730423	1014.44	110.041748046875	0.06923356	3.98571428571427e-06	1.3285714285714234e-05	15.497032880783081	80276.3002922535
6908	1458.0634975002934	1020.09	109.905029296875	0.06922429	3.942857142857136e-06	1.3142857142857123e-05	15.323001861572266	80291.62452435493
6909	1428.0129820905909	1008.77	110.3095703125	0.0692142	3.900000000000003e-06	1.3000000000000011e-05	15.415211200714111	80307.04167819023
6910	1454.0794605026044	1008.63	110.327392578125	0.06920215	3.85714285714287e-06	1.2857142857142901e-05	16.081020832061768	80323.12466597557
6911	1476.0158953004848	1017.01	109.838623046875	0.069191344	3.814285714285703e-06	1.2714285714285678e-05	15.55797004699707	80338.68368268013
6912	1426.0638531263105	995.63	109.8466796875	0.06918052	3.77142857142857e-06	1.2571428571428567e-05	15.961467266082764	80354.64658594131
6913	1438.3286476651276	1012.3	109.11328125	0.06917321	3.7285714285714363e-06	1.2428571428571455e-05	15.335688591003418	80369.98509335518
6914	1454.538862404696	1016.45	110.11328125	0.06916659	3.6857142857142696e-06	1.2285714285714233e-05	15.884883880615234	80385.87198710442
6915	1443.7355486384445	1005.57	110.371337890625	0.06915492	3.6428571428571364e-06	1.2142857142857122e-05	15.225627660751343	80401.09915971756
6916	1465.291297166568	1020.49	110.37890625	0.06915534	3.600000000000003e-06	1.200000000000001e-05	15.929067611694336	80417.03038597107
6917	1438.08083509282	1012.51	109.436279296875	0.06915318	3.5571428571428696e-06	1.1857142857142899e-05	15.567610502243042	80432.59982895851
6918	1450.687610562638	1016.18	110.42822265625	0.069151394	3.514285714285703e-06	1.1714285714285677e-05	16.038837909698486	80448.6393172741
6919	1443.0205789730817	1006.64	109.9052734375	0.06914706	3.4714285714285694e-06	1.1571428571428566e-05	15.34620714187622	80463.98761820793
6920	1462.334140113686	1012.56	109.4482421875	0.06913657	3.428571428571436e-06	1.1428571428571454e-05	15.952948093414307	80479.9424803257
6921	1426.3301032574182	999.38	109.9462890625	0.06912697	3.3857142857142695e-06	1.1285714285714233e-05	15.261810302734375	80495.20578217506
6922	1470.2834344781024	1024.0	110.678955078125	0.069123864	3.342857142857136e-06	1.1142857142857121e-05	16.004428386688232	80511.21179747581
6923	1461.4073698213258	1012.81	110.43701171875	0.06911215	3.3000000000000027e-06	1.100000000000001e-05	15.339704275131226	80526.55299830437
6924	1421.6577396765888	993.83	110.184814453125	0.06910413	3.257142857142869e-06	1.0857142857142898e-05	15.907176971435547	80542.46139574051
6925	1458.6388430816762	1018.68	110.452880859375	0.06909083	3.2142857142857024e-06	1.0714285714285677e-05	15.281606912612915	80557.74669742584
6926	1445.2046947239714	1008.83	110.21044921875	0.069079705	3.1714285714285693e-06	1.0571428571428565e-05	15.950174808502197	80573.69827079773
6927	1429.2244919319296	998.75	109.9638671875	0.06907443	3.1285714285714356e-06	1.0428571428571454e-05	15.427929639816284	80589.127669096
6928	1463.9474091618354	1014.02	110.027587890625	0.06905963	3.085714285714269e-06	1.0285714285714232e-05	15.290283441543579	80604.4199244976
6929	1464.643633461396	1012.24	109.785400390625	0.06905933	3.042857142857136e-06	1.014285714285712e-05	15.34511947631836	80619.76638507843
6930	1448.9373398786097	1009.17	110.244384765625	0.06905281	3.000000000000002e-06	1.000000000000001e-05	15.356618881225586	80635.12438583374
6931	1441.079073134261	1014.03	110.074462890625	0.06904236	2.957142857142869e-06	9.857142857142898e-06	15.255701065063477	80650.38133859634
6932	1468.4644355444127	1014.04	110.264404296875	0.06902793	2.9142857142857024e-06	9.714285714285676e-06	15.364766597747803	80665.747123003
6933	1475.8040864000075	1022.17	110.260498046875	0.06902129	2.871428571428569e-06	9.571428571428565e-06	15.284554719924927	80681.03323745728
6934	1425.9368406069668	996.16	109.783935546875	0.06901356	2.8285714285714356e-06	9.428571428571453e-06	16.243619441986084	80697.27836036682
6935	1482.553182160376	1020.04	110.2939453125	0.0690073	2.785714285714269e-06	9.28571428571423e-06	15.966630458831787	80713.24643301964
6936	1459.1366581895907	1018.2	110.303955078125	0.069010116	2.7428571428571357e-06	9.14285714285712e-06	15.263705730438232	80728.51202511787
6937	1466.6853693564333	1022.05	110.59912109375	0.06900256	2.700000000000002e-06	9.000000000000009e-06	15.923575639724731	80744.43719482422
6938	1454.9865781772487	1014.18	110.55810546875	0.06899827	2.657142857142869e-06	8.857142857142897e-06	15.55475926399231	80759.99341487885
6939	1431.4845629608815	1006.55	110.330810546875	0.0690034	2.6142857142857023e-06	8.714285714285674e-06	15.904770851135254	80775.90009212494
6940	1455.6279484313502	1018.2	110.591552734375	0.06900058	2.5714285714285687e-06	8.571428571428564e-06	15.194406270980835	80791.09608912468
6941	1464.9534040685182	1014.2	110.351318359375	0.068999834	2.5285714285714355e-06	8.428571428571453e-06	16.029349327087402	80807.12758660316
6942	1456.7878672012478	1022.18	110.146484375	0.06898775	2.485714285714302e-06	8.285714285714341e-06	15.222309112548828	80822.3513534069
6943	1439.354480093524	1010.38	110.37109375	0.068980075	2.442857142857135e-06	8.142857142857118e-06	15.986912965774536	80838.34034633636
6944	1424.0130792069585	987.4	111.131103515625	0.06897668	2.400000000000002e-06	8.000000000000008e-06	15.187804937362671	80853.53020477295
6945	1465.807449966213	1024.0	110.39111328125	0.068975605	2.3571428571428684e-06	7.857142857142897e-06	15.855257749557495	80869.38738965988
6946	1449.4511019719503	1016.83	109.40966796875	0.06896084	2.3142857142857017e-06	7.714285714285673e-06	15.207330226898193	80884.59650802612
6947	1468.5008575134589	1024.0	110.401611328125	0.0689562	2.2714285714285686e-06	7.571428571428563e-06	15.93819785118103	80900.53626942635
6948	1451.39554652306	1010.63	110.421630859375	0.068945654	2.228571428571435e-06	7.428571428571451e-06	15.265579462051392	80915.80365800858
6949	1459.6948657428488	1016.26	110.43115234375	0.06894094	2.1857142857143018e-06	7.28571428571434e-06	16.150182723999023	80931.9548342228
6950	1442.2815593906096	1002.82	110.440673828125	0.0689344	2.142857142857135e-06	7.142857142857117e-06	15.29727554321289	80947.25362563133
6951	1454.191040973207	1012.16	110.50048828125	0.068927296	2.1000000000000015e-06	7.000000000000007e-06	15.94841980934143	80963.20348501205
6952	1460.3341099180307	1014.58	110.78125	0.06891662	2.0571428571428683e-06	6.857142857142895e-06	15.357072591781616	80978.56177139282
6953	1443.9416044879713	999.64	109.779052734375	0.068918936	2.0142857142857017e-06	6.714285714285673e-06	15.407000541687012	80993.9699242115
6954	1419.645022694724	998.75	107.751220703125	0.06891736	1.971428571428568e-06	6.571428571428561e-06	15.310959815979004	81009.28288626671
6955	1465.182103710356	1022.01	110.223388671875	0.068920955	1.928571428571435e-06	6.428571428571451e-06	15.320300340652466	81024.60402750969
6956	1460.3115768608325	1015.76	110.488037109375	0.06892534	1.8857142857143015e-06	6.285714285714339e-06	15.388631105422974	81039.99410820007
6957	1445.2132340549035	1003.29	110.734619140625	0.06891853	1.8428571428571348e-06	6.142857142857117e-06	15.689415693283081	81055.68632125854
6958	1461.5648849422619	1014.14	110.758056640625	0.06891791	1.8000000000000014e-06	6.000000000000005e-06	15.224195003509521	81070.91247224808
6959	1439.1812543231501	1009.33	110.30322265625	0.06891332	1.757142857142868e-06	5.857142857142895e-06	15.31278133392334	81086.22664761543
6960	1468.3618716180772	1016.01	110.517822265625	0.068912216	1.7142857142857014e-06	5.714285714285672e-06	15.299718141555786	81101.52829504013
6961	1460.7469996222947	1014.58	110.044189453125	0.068908356	1.671428571428568e-06	5.571428571428561e-06	15.653437376022339	81117.18260502815
6962	1449.3528277136854	1015.3	110.546630859375	0.06890323	1.6285714285714345e-06	5.428571428571449e-06	15.903257131576538	81133.08733773232
6963	1461.0608107896596	1016.18	110.807373046875	0.0688951	1.5857142857143014e-06	5.285714285714338e-06	15.263546466827393	81148.35274338722
6964	1450.5593882931157	1006.64	111.0654296875	0.06889326	1.5428571428571345e-06	5.142857142857116e-06	15.939791917800903	81164.2948114872
6965	1471.5403954669362	1016.21	110.1357421875	0.06888867	1.500000000000001e-06	5.000000000000005e-06	15.569666385650635	81179.86638474464
6966	1442.407492269256	1010.71	110.8369140625	0.068883374	1.457142857142868e-06	4.857142857142893e-06	16.245896577835083	81196.1140756607
6967	1454.896078568985	1014.56	110.84521484375	0.06887907	1.414285714285701e-06	4.714285714285671e-06	15.302923440933228	81211.4183678627
6968	1462.6824471035018	1024.0	110.356689453125	0.06887351	1.3714285714285679e-06	4.57142857142856e-06	16.030813455581665	81227.4512963295
6969	1473.1830002062502	1024.0	110.616455078125	0.06886656	1.3285714285714345e-06	4.428571428571449e-06	15.22181749343872	81242.67457103729
6970	1477.7316307707047	1024.0	110.387939453125	0.06886283	1.285714285714301e-06	4.285714285714337e-06	15.965806007385254	81258.64163446426
6971	1450.4984139400667	1012.17	110.635986328125	0.06885929	1.2428571428571344e-06	4.142857142857115e-06	15.289243936538696	81273.93330717087
6972	1455.9026030530463	1017.65	110.437744140625	0.06885577	1.200000000000001e-06	4.000000000000004e-06	16.094223737716675	81290.02901387215
6973	1447.0435275624775	1008.36	110.44091796875	0.06885307	1.1571428571428676e-06	3.8571428571428926e-06	15.215959072113037	81305.24649715424
6974	1425.7497337385105	997.45	110.66552734375	0.06884928	1.114285714285701e-06	3.71428571428567e-06	15.914129495620728	81321.16262221336
6975	1472.5897379026057	1024.0	110.913818359375	0.0688461	1.0714285714285676e-06	3.5714285714285587e-06	15.211580038070679	81336.37610411644
6976	1484.9174778085899	1024.0	110.458740234375	0.068845116	1.0285714285714342e-06	3.4285714285714476e-06	15.961763143539429	81352.339584589
6977	1466.4577196715823	1020.07	110.9453125	0.068845525	1e-06	3.285714285714336e-06	15.364822626113892	81367.70640587807
6978	1463.7259776236242	1020.04	110.22900390625	0.068842284	1e-06	3.142857142857114e-06	15.904563903808594	81383.61250543594
6979	1460.4582343292445	1012.57	110.5244140625	0.06884157	1e-06	3.0000000000000026e-06	15.252389430999756	81398.86638593674
6980	1459.64364366747	1014.47	110.4990234375	0.06883798	1e-06	2.8571428571428916e-06	16.245567083358765	81415.11387014389
6981	1471.7638609210114	1013.98	109.741943359375	0.068837255	1e-06	2.714285714285669e-06	15.31272029876709	81430.428191185
6982	1464.0766235227711	1010.49	110.743896484375	0.068835914	1e-06	2.571428571428558e-06	15.371787786483765	81445.80142617226
6983	1458.1443452760172	1014.23	110.75390625	0.06883182	1e-06	2.4285714285714466e-06	15.301369428634644	81461.10423994064
6984	1455.1910704119666	1022.03	109.592041015625	0.06883072	1e-06	2.2857142857143355e-06	15.596867561340332	81476.7032570839
6985	1426.5122545845445	995.55	110.058837890625	0.06882734	1e-06	2.142857142857113e-06	16.10865807533264	81492.81402230263
6986	1441.8770582762795	1004.87	110.318603515625	0.06882618	1e-06	2.000000000000002e-06	15.18334150314331	81507.99991583824
6987	1474.5682914611739	1020.31	110.578369140625	0.06882437	1e-06	1.8571428571428905e-06	16.388681650161743	81524.39023566246
6988	1431.4409428902707	996.89	110.838134765625	0.068820946	1e-06	1.7142857142856683e-06	15.656434774398804	81540.04847478867
6989	1472.9875150254388	1020.06	110.59814453125	0.06881783	1e-06	1.571428571428557e-06	15.974931716918945	81556.02483320236
6990	1451.9266792179465	1006.26	109.820556640625	0.06882102	1e-06	1.4285714285714458e-06	15.21643590927124	81571.24324202538
6991	1459.8221096480352	1017.26	110.082763671875	0.06882214	1e-06	1.2857142857143345e-06	15.976129293441772	81587.22089672089
6992	1470.109959208655	1014.18	110.400146484375	0.06882184	1e-06	1.142857142857112e-06	15.28066372871399	81602.50337386131
6993	1451.57812451574	1012.21	110.65966796875	0.06882129	1e-06	1.000000000000001e-06	16.006816148757935	81618.51288414001
6994	1458.5841901589258	1024.0	111.25927734375	0.06881835	1e-06	1e-06	15.227342367172241	81633.74172329903
6995	1434.2078965082337	1008.14	111.24462890625	0.06882004	1e-06	1e-06	16.237481117248535	81649.98075342178
6996	1478.844395184492	1024.0	110.750244140625	0.06881467	1e-06	1e-06	15.249641180038452	81665.23180413246
6997	1449.8875621477118	1017.45	110.58056640625	0.06881227	1e-06	1e-06	16.275574445724487	81681.50925755501
6998	1469.2506353072968	1022.21	110.541259765625	0.06880946	1e-06	1e-06	15.23812460899353	81696.74940228462
6999	1452.9278749974847	1013.96	111.325439453125	0.06880633	1e-06	1e-06	15.990023374557495	81712.74100327492
