Epoch	Rews	Lens	RAM	Std	Lr_pi	Lr_vf	Time per ep	Time
0	144.58936967964374	150.44	37.17578125	0.085430555	0.0003	0.001	29.32939124107361	29.33026909828186
1	124.84901615639312	132.87	38.3388671875	0.0854286	0.00029995714285714284	0.0009998571428571428	29.46792197227478	58.814631938934326
2	140.57433725557956	147.81	38.027099609375	0.08543011	0.00029991428571428565	0.0009997142857142856	29.671424627304077	88.50275015830994
3	156.19789130958	161.88	38.794189453125	0.08543099	0.00029987142857142857	0.0009995714285714287	29.429899215698242	117.93393397331238
4	143.34831914634756	154.67	39.810546875	0.08543077	0.00029982857142857143	0.0009994285714285715	29.316282272338867	147.25115203857422
5	162.5709497303702	167.31	38.572265625	0.08543097	0.0002997857142857143	0.0009992857142857143	29.42608070373535	176.6783103942871
6	157.61985310897072	167.23	38.835205078125	0.08543131	0.0002997428571428571	0.000999142857142857	29.607484340667725	206.3027319908142
7	188.87134563389156	197.2	38.5966796875	0.08543238	0.00029969999999999997	0.000999	29.362772464752197	235.66673684120178
8	215.15945720604373	223.77	38.904541015625	0.08543264	0.00029965714285714283	0.000998857142857143	29.4754695892334	265.15076327323914
9	227.4653509198533	232.21	38.962890625	0.085432686	0.0002996142857142857	0.0009987142857142857	29.270906686782837	294.42308831214905
10	249.0968526323064	260.06	38.973876953125	0.085433304	0.00029957142857142856	0.0009985714285714285	28.594151973724365	323.01852560043335
11	247.2140720410756	264.37	38.729248046875	0.085434444	0.0002995285714285714	0.0009984285714285716	29.69394826889038	352.7251045703888
12	232.4130875791476	255.36	37.757568359375	0.085434556	0.0002994857142857143	0.0009982857142857144	30.075469255447388	382.8147404193878
13	218.89261554274856	238.47	37.76513671875	0.0854326	0.0002994428571428571	0.0009981428571428572	30.175032138824463	412.9910306930542
14	185.5137344802244	206.63	38.25244140625	0.08542943	0.00029939999999999996	0.000998	30.09951877593994	443.09872937202454
15	250.8658986486146	276.15	38.767822265625	0.08542642	0.0002993571428571428	0.000997857142857143	29.46571397781372	472.5728757381439
16	226.90022431552933	269.79	38.788330078125	0.085423864	0.0002993142857142857	0.0009977142857142856	29.526365756988525	502.11355113983154
17	222.59753577388787	260.0	39.039306640625	0.085420825	0.00029927142857142855	0.0009975714285714286	29.95156955718994	532.0787298679352
18	212.288578746159	240.08	38.775634765625	0.085419446	0.0002992285714285714	0.0009974285714285714	29.623004913330078	561.7030305862427
19	235.12825991698028	274.5	39.0419921875	0.08541921	0.0002991857142857143	0.0009972857142857144	30.3955020904541	592.1106753349304
20	241.5513254429568	290.24	39.0693359375	0.08541852	0.0002991428571428571	0.000997142857142857	29.523716926574707	621.6510231494904
21	251.24103663706418	294.18	39.080810546875	0.085418314	0.00029909999999999995	0.000997	29.043538093566895	650.702734708786
22	239.32003063517254	286.66	39.091064453125	0.08541984	0.0002990571428571428	0.0009968571428571429	29.57878017425537	680.2830712795258
23	246.96853067025455	298.85	38.842041015625	0.085421406	0.0002990142857142857	0.0009967142857142857	29.71542978286743	710.0107982158661
24	271.1040324257858	329.34	38.860107421875	0.08542333	0.00029897142857142854	0.0009965714285714285	29.879969120025635	739.8991432189941
25	262.42266330813027	330.11	39.611572265625	0.08542485	0.0002989285714285714	0.0009964285714285715	29.582334280014038	769.483145236969
26	291.29559871189565	367.07	38.121337890625	0.08542638	0.00029888571428571427	0.0009962857142857143	29.294408559799194	798.7787647247314
27	310.8546994453082	407.85	39.134033203125	0.08542832	0.0002988428571428571	0.0009961428571428571	30.55512022972107	829.3351950645447
28	297.8092691701763	414.87	39.6494140625	0.08543121	0.0002988	0.000996	30.088200330734253	859.424633026123
29	256.5248779277745	339.27	38.906005859375	0.08543333	0.00029875714285714286	0.000995857142857143	29.799872875213623	889.2390701770782
30	298.30581895913764	415.08	38.9150390625	0.08543559	0.00029871428571428567	0.0009957142857142858	30.012392282485962	919.2596642971039
31	272.3468598820944	388.56	39.422607421875	0.085437894	0.00029867142857142854	0.0009955714285714286	30.94967794418335	950.2105624675751
32	285.53137231948233	396.86	38.9296875	0.085439645	0.0002986285714285714	0.0009954285714285714	29.45338249206543	979.6924109458923
33	274.2516632336623	380.34	39.1826171875	0.08544227	0.00029858571428571426	0.0009952857142857144	29.549711227416992	1009.2569954395294
34	251.1511152347877	351.61	39.20068359375	0.085443884	0.00029854285714285713	0.0009951428571428572	29.335876941680908	1038.6070535182953
35	261.67497720575955	364.38	38.952392578125	0.08544574	0.0002985	0.000995	29.71109104156494	1068.326354265213
36	242.57923451957333	345.41	38.9638671875	0.08544883	0.00029845714285714286	0.0009948571428571428	30.99736213684082	1099.3405966758728
37	238.04878621527993	322.72	38.7158203125	0.08545155	0.00029841428571428566	0.0009947142857142856	30.42486882209778	1129.7667548656464
38	305.3241183064057	410.64	38.98681640625	0.0854534	0.00029837142857142853	0.0009945714285714286	28.764577865600586	1158.532610654831
39	250.1186086456235	348.78	38.99169921875	0.085456096	0.0002983285714285714	0.0009944285714285715	28.749597549438477	1187.2968301773071
40	260.2622706014421	365.84	39.001708984375	0.08545705	0.00029828571428571426	0.0009942857142857143	27.920408010482788	1215.2316844463348
41	304.50457333790945	403.61	38.764892578125	0.08545933	0.0002982428571428571	0.000994142857142857	27.601619243621826	1242.8345420360565
42	304.75171450152743	411.26	39.019775390625	0.08545963	0.0002982	0.000994	28.567548751831055	1271.4187369346619
43	317.10184735405994	445.02	39.020263671875	0.08546048	0.00029815714285714285	0.000993857142857143	27.025729179382324	1298.445744752884
44	298.0148534851894	411.13	39.042236328125	0.08546233	0.00029811428571428566	0.0009937142857142857	27.127769231796265	1325.5747435092926
45	357.2319853707455	480.5	39.064697265625	0.08546353	0.0002980714285714285	0.0009935714285714285	29.143031358718872	1354.719033241272
46	290.7755763298529	397.53	39.37744140625	0.08546262	0.0002980285714285714	0.0009934285714285715	28.214015007019043	1382.9412648677826
47	300.0831699433692	415.34	39.13427734375	0.08546081	0.00029798571428571425	0.0009932857142857143	29.860040187835693	1412.8152484893799
48	311.6633612804278	421.66	39.153564453125	0.08545986	0.0002979428571428571	0.0009931428571428572	30.001245260238647	1442.8177092075348
49	315.37307364910686	456.44	39.288330078125	0.08545769	0.0002979	0.000993	29.400925397872925	1472.2198894023895
50	360.6185949122411	499.86	39.417724609375	0.08545513	0.00029785714285714284	0.000992857142857143	29.392079830169678	1501.627289533615
51	292.1582367046942	392.1	39.6806640625	0.0854521	0.00029781428571428565	0.0009927142857142856	29.266444206237793	1530.8949987888336
52	327.5753074744954	456.78	39.9365234375	0.085449696	0.0002977714285714285	0.0009925714285714286	29.394952297210693	1560.2981667518616
53	322.0603985176707	449.02	38.741455078125	0.08544911	0.00029772857142857143	0.0009924285714285714	29.740336179733276	1590.0555520057678
54	351.8909174060851	482.11	39.7421875	0.08544752	0.0002976857142857143	0.0009922857142857144	29.06974959373474	1619.140945672989
55	347.8987909834807	489.43	39.74267578125	0.08544657	0.0002976428571428571	0.000992142857142857	28.82649540901184	1647.9817025661469
56	397.18719046094907	531.74	39.760986328125	0.085446805	0.00029759999999999997	0.000992	27.943520307540894	1675.9387392997742
57	310.9837864865293	425.91	39.771240234375	0.08544663	0.00029755714285714283	0.0009918571428571429	27.79874277114868	1703.7387454509735
58	365.49319877253254	498.35	39.037109375	0.08544677	0.0002975142857142857	0.0009917142857142859	27.45475935935974	1731.19473695755
59	332.2845234403947	457.05	40.0361328125	0.08544701	0.00029747142857142856	0.0009915714285714285	28.110989570617676	1759.3069639205933
60	340.2255394253584	473.49	39.796142578125	0.08544629	0.0002974285714285714	0.0009914285714285715	27.519866228103638	1786.843073606491
61	370.66326281329793	492.68	39.798828125	0.08544531	0.0002973857142857143	0.0009912857142857143	27.091226816177368	1813.9504299163818
62	352.1871175703701	467.78	39.8017578125	0.08544475	0.0002973428571428571	0.000991142857142857	27.014859437942505	1840.9780659675598
63	320.2740719561838	429.52	39.804443359375	0.08544467	0.00029729999999999996	0.000991	28.61883544921875	1869.6140732765198
64	312.83717327404537	445.76	40.080322265625	0.08544501	0.0002972571428571428	0.000990857142857143	27.103405714035034	1896.718730688095
65	397.37677378585846	532.91	40.083984375	0.085445434	0.0002972142857142857	0.0009907142857142857	27.430372714996338	1924.1505815982819
66	316.68834996610406	429.01	39.834716796875	0.0854449	0.00029717142857142855	0.0009905714285714285	27.0664803981781	1951.233732700348
67	376.81676736754724	496.54	40.08544921875	0.085444	0.0002971285714285714	0.0009904285714285714	27.799793481826782	1979.0347411632538
68	347.2243434340073	461.56	40.111328125	0.08544364	0.0002970857142857143	0.0009902857142857144	29.60710310935974	2008.6431109905243
69	323.53446878812775	440.8	39.867919921875	0.085441925	0.0002970428571428571	0.0009901428571428572	29.282344579696655	2037.9267356395721
70	308.2018177488759	435.67	40.1318359375	0.08543999	0.00029699999999999996	0.00099	30.052423238754272	2067.98046207428
71	331.85678823055633	439.8	39.8681640625	0.08543841	0.0002969571428571428	0.0009898571428571428	29.03555989265442	2097.030753135681
72	348.0969437630832	462.66	39.899169921875	0.08543723	0.0002969142857142857	0.0009897142857142858	29.405340671539307	2126.437447786331
73	329.7857457974702	454.1	39.157958984375	0.08543625	0.00029687142857142855	0.0009895714285714286	29.242839097976685	2155.681804418564
74	358.90684207563913	478.26	39.6630859375	0.08543586	0.0002968285714285714	0.0009894285714285714	30.495519638061523	2186.1907510757446
75	360.3295968702157	490.17	40.17333984375	0.0854359	0.0002967857142857143	0.0009892857142857142	29.01860237121582	2215.2107536792755
76	389.3304688553286	522.14	40.4326171875	0.08543518	0.0002967428571428571	0.000989142857142857	27.214636087417603	2242.426733493805
77	353.7028088436771	494.09	40.186279296875	0.08543488	0.00029669999999999995	0.000989	27.25071406364441	2269.678756713867
78	341.6806156238436	454.07	40.1962890625	0.08543587	0.0002966571428571428	0.0009888571428571429	27.036931037902832	2296.7169246673584
79	367.76187367378554	499.54	39.708740234375	0.08543736	0.00029661428571428573	0.0009887142857142857	28.498541831970215	2325.2307374477386
80	396.6291887067779	525.99	39.960693359375	0.085437834	0.00029657142857142854	0.0009885714285714285	27.059526205062866	2352.2917029857635
81	347.02814063708223	471.52	40.473388671875	0.085438155	0.0002965285714285714	0.0009884285714285715	27.889235496520996	2380.1964540481567
82	341.6490273210714	472.55	39.724609375	0.08543775	0.00029648571428571427	0.0009882857142857143	27.529329299926758	2407.7270255088806
83	313.7001876748976	434.48	40.4912109375	0.08543701	0.00029644285714285713	0.0009881428571428571	28.731127977371216	2436.4707219600677
84	318.77851243649474	441.0	40.001220703125	0.08543539	0.0002964	0.000988	29.24290943145752	2465.737919807434
85	315.5455575363144	432.88	39.50830078125	0.085434794	0.00029635714285714286	0.000987857142857143	30.497185945510864	2496.2365431785583
86	270.5577392397504	369.19	40.016357421875	0.08543512	0.0002963142857142857	0.0009877142857142858	30.176993370056152	2526.4147565364838
87	312.13306602816107	431.57	39.273681640625	0.085436195	0.00029627142857142853	0.0009875714285714286	28.07902503013611	2554.4952113628387
88	324.2666482098695	449.97	39.784912109375	0.08543593	0.0002962285714285714	0.0009874285714285714	26.8165385723114	2581.32776427269
89	309.7452657728729	426.86	40.043212890625	0.085435696	0.00029618571428571426	0.0009872857142857144	27.07304310798645	2608.416231393814
90	255.68494646075015	346.92	40.801513671875	0.085435085	0.0002961428571428571	0.0009871428571428572	26.822914838790894	2635.254122018814
91	254.24859478603204	370.41	39.802001953125	0.08543434	0.0002961	0.000987	27.00704836845398	2662.26274394989
92	270.5607717929741	377.2	40.565673828125	0.085433304	0.00029605714285714285	0.0009868571428571428	28.518696069717407	2690.782724380493
93	276.39213922726225	387.39	40.566162109375	0.08543251	0.0002960142857142857	0.0009867142857142859	27.11669635772705	2717.9007847309113
94	332.4958218662447	431.93	40.816650390625	0.08543211	0.0002959714285714285	0.0009865714285714287	27.305556774139404	2745.220740556717
95	306.3481337719307	418.86	40.080810546875	0.08543093	0.0002959285714285714	0.0009864285714285715	27.397223234176636	2772.618746995926
96	313.8758467225173	422.08	39.874267578125	0.085428804	0.00029588571428571425	0.0009862857142857143	28.24216938018799	2800.8627319335938
97	314.7490283257394	422.88	40.10986328125	0.08542561	0.0002958428571428571	0.000986142857142857	27.505458116531372	2828.369105577469
98	296.2243458185863	394.55	40.869384765625	0.08542308	0.0002958	0.0009860000000000001	28.025545597076416	2856.408840894699
99	334.7597029407061	432.36	39.13134765625	0.085421614	0.00029575714285714284	0.000985857142857143	29.519811391830444	2885.9471242427826
100	314.947456243111	428.03	40.12353515625	0.08542034	0.0002957142857142857	0.0009857142857142857	29.363449811935425	2915.326738834381
101	308.6887268437351	401.52	40.140625	0.08542004	0.0002956714285714285	0.0009855714285714285	29.29457426071167	2944.622749567032
102	337.08099177405086	426.49	39.8916015625	0.085419774	0.0002956285714285714	0.0009854285714285716	29.342844486236572	2973.9670102596283
103	354.4345620296005	467.79	40.4052734375	0.085419066	0.00029558571428571425	0.0009852857142857144	29.295775413513184	3003.2710268497467
104	296.8522349334841	380.34	40.16796875	0.08541835	0.0002955428571428571	0.0009851428571428572	29.843703031539917	3033.123004436493
105	306.3631456908546	396.77	40.168212890625	0.08541628	0.00029549999999999997	0.000985	29.319461822509766	3062.4547317028046
106	353.77764099483966	468.97	40.432373046875	0.08541448	0.00029545714285714284	0.0009848571428571428	29.43329930305481	3091.889513015747
107	314.7283338643237	415.13	40.182373046875	0.08541327	0.0002954142857142857	0.0009847142857142858	29.75530242919922	3121.654764890671
108	333.9564259918773	446.65	40.195068359375	0.08541196	0.0002953714285714285	0.0009845714285714286	28.674323797225952	3150.3456320762634
109	347.84852802589455	473.23	39.94580078125	0.08540947	0.00029532857142857143	0.0009844285714285714	28.06779646873474	3178.4270148277283
110	353.9214005548897	474.14	40.696533203125	0.0854072	0.0002952857142857143	0.0009842857142857142	27.754090070724487	3206.1830291748047
111	363.3284671936454	484.29	40.2041015625	0.08540631	0.0002952428571428571	0.000984142857142857	27.354955911636353	3233.5390446186066
112	361.31530856027655	475.7	39.490966796875	0.08540616	0.00029519999999999997	0.000984	27.395768880844116	3260.943056344986
113	334.7645461540902	446.07	40.7421875	0.085406244	0.00029515714285714283	0.0009838571428571429	29.69841456413269	3290.643025159836
114	309.9907154049185	418.0	40.24658203125	0.08540508	0.0002951142857142857	0.0009837142857142857	29.84679865837097	3320.49112868309
115	357.81946373869863	472.13	40.75537109375	0.085404806	0.00029507142857142856	0.0009835714285714285	29.742281913757324	3350.2347419261932
116	358.9067994704962	471.48	40.264892578125	0.0854044	0.0002950285714285714	0.0009834285714285715	27.61562156677246	3377.8520793914795
117	347.87872911871864	462.11	40.274169921875	0.08540379	0.0002949857142857143	0.0009832857142857143	28.005435466766357	3405.872695684433
118	378.7151352291678	504.2	40.780029296875	0.08540219	0.0002949428571428571	0.0009831428571428571	26.983668088912964	3432.8709573745728
119	363.558880549671	482.45	40.030029296875	0.08540183	0.00029489999999999996	0.000983	27.00669765472412	3459.8939859867096
120	410.71725728705746	528.28	40.799560546875	0.08540121	0.0002948571428571428	0.000982857142857143	27.863517999649048	3487.7747914791107
121	375.98705231173994	525.57	40.802978515625	0.08539936	0.0002948142857142857	0.0009827142857142858	28.48437523841858	3516.27170753479
122	361.90516402863386	483.68	40.564697265625	0.08539789	0.00029477142857142855	0.0009825714285714286	26.87570595741272	3543.1630339622498
123	373.8139000349995	510.27	40.81982421875	0.085396565	0.0002947285714285714	0.0009824285714285714	26.82631015777588	3569.9987363815308
124	404.6114066883332	536.32	40.33251953125	0.08539501	0.0002946857142857143	0.0009822857142857144	28.73641538619995	3598.7365181446075
125	406.9614766925393	544.4	40.339111328125	0.08539307	0.0002946428571428571	0.0009821428571428572	27.823461294174194	3626.5747468471527
126	392.60444722565376	547.96	40.3408203125	0.08539099	0.00029459999999999995	0.000982	27.848912477493286	3654.4246249198914
127	388.6351365932545	511.94	40.59326171875	0.085389055	0.0002945571428571428	0.0009818571428571428	29.067450523376465	3683.506741285324
128	361.27136212561294	506.56	40.365478515625	0.085388005	0.0002945142857142857	0.0009817142857142858	27.31086564064026	3710.818501472473
129	330.4508629742119	470.17	40.35986328125	0.08538678	0.00029447142857142854	0.0009815714285714287	27.40523409843445	3738.2405791282654
130	348.5870593037722	493.62	40.880615234375	0.08538458	0.0002944285714285714	0.0009814285714285715	27.374154567718506	3765.6295433044434
131	343.9481721497522	500.35	40.386962890625	0.08538305	0.00029438571428571427	0.0009812857142857143	27.571765661239624	3793.2150416374207
132	370.07346755630005	516.11	40.387939453125	0.08538135	0.0002943428571428571	0.000981142857142857	26.432894229888916	3819.6561613082886
133	364.0397473197331	508.86	40.403076171875	0.08538028	0.00029429999999999994	0.000981	28.430524826049805	3848.0880188941956
134	341.8341283466982	474.64	40.660888671875	0.08537912	0.00029425714285714286	0.000980857142857143	27.185416221618652	3875.2747361660004
135	321.020615820601	453.45	40.421630859375	0.085377164	0.0002942142857142857	0.0009807142857142857	27.095255851745605	3902.371339082718
136	361.25536303781365	519.76	40.9267578125	0.085374504	0.00029417142857142854	0.0009805714285714285	27.03090476989746	3929.4299449920654
137	423.4816563544451	577.77	39.939208984375	0.08537275	0.0002941285714285714	0.0009804285714285715	28.051437854766846	3957.502730846405
138	410.1452988333905	559.86	40.69580078125	0.085371524	0.00029408571428571426	0.0009802857142857144	28.660926818847656	3986.1650037765503
139	379.72338769074054	540.16	40.705078125	0.08536943	0.0002940428571428571	0.0009801428571428572	27.895732641220093	4014.0750374794006
140	320.6097472183055	473.13	40.705078125	0.085366406	0.000294	0.00098	27.791508436203003	4041.874253988266
141	340.04691689906116	493.73	40.4677734375	0.08536294	0.00029395714285714285	0.000979857142857143	28.779463529586792	4070.670743227005
142	345.5547840472546	473.85	40.218017578125	0.08536106	0.0002939142857142857	0.0009797142857142858	29.198721885681152	4099.871126413345
143	355.5155320256355	500.37	40.4833984375	0.0853591	0.00029387142857142853	0.0009795714285714286	27.422443389892578	4127.294932842255
144	316.48250919790644	463.61	40.7333984375	0.08535823	0.0002938285714285714	0.0009794285714285714	26.654953002929688	4153.951296567917
145	374.8634717100961	520.81	40.491943359375	0.08535703	0.00029378571428571426	0.0009792857142857144	26.04735779762268	4180.0146951675415
146	310.24797222840783	449.23	40.51123046875	0.08535687	0.0002937428571428571	0.000979142857142857	30.151397705078125	4210.182742357254
147	317.0159813040486	447.79	40.278076171875	0.085356586	0.0002937	0.000979	29.34275531768799	4239.5270211696625
148	330.34737278112	483.2	40.77783203125	0.08535745	0.00029365714285714285	0.0009788571428571429	29.247879028320312	4268.783048629761
149	312.47450489389655	453.9	41.035400390625	0.08535933	0.0002936142857142857	0.0009787142857142859	29.75545382499695	4298.546735286713
150	341.82291608438436	478.23	40.294921875	0.08536017	0.0002935714285714285	0.0009785714285714285	29.779667615890503	4328.338736772537
151	319.3683960342455	454.35	40.804443359375	0.085359626	0.0002935285714285714	0.0009784285714285715	29.615440607070923	4357.955544233322
152	305.1028036736455	438.67	40.3203125	0.08535874	0.00029348571428571425	0.0009782857142857143	29.294177770614624	4387.251002788544
153	303.5213734421764	456.08	41.071044921875	0.085357495	0.0002934428571428571	0.0009781428571428571	28.786620378494263	4416.038556337357
154	344.5233156621739	506.98	40.8271484375	0.08535532	0.0002934	0.000978	26.801050424575806	4442.856476783752
155	336.1465759203659	511.67	40.57763671875	0.08535432	0.00029335714285714284	0.000977857142857143	26.969621658325195	4469.840970277786
156	362.4018643179326	525.97	40.590087890625	0.08535427	0.0002933142857142857	0.0009777142857142858	28.457502365112305	4498.312809467316
157	347.33709484387805	528.52	40.3486328125	0.08535341	0.0002932714285714285	0.0009775714285714286	27.68737554550171	4526.0147523880005
158	316.16157641791256	488.59	40.848876953125	0.08535286	0.0002932285714285714	0.0009774285714285714	27.525716304779053	4553.541860818863
159	349.71237058647534	542.03	40.6181640625	0.085352026	0.0002931857142857143	0.0009772857142857144	28.43604302406311	4581.991412162781
160	286.2542124346439	456.83	40.370849609375	0.08535162	0.0002931428571428571	0.0009771428571428572	30.03417992591858	4612.027140617371
161	341.11473636342146	532.63	40.635009765625	0.08535105	0.00029309999999999997	0.000977	29.806252002716064	4641.849680662155
162	323.98236401917103	493.77	40.6435546875	0.08535115	0.00029305714285714283	0.0009768571428571428	28.671674013137817	4670.535048484802
163	324.10213555164205	517.75	40.39892578125	0.08535106	0.0002930142857142857	0.0009767142857142858	26.657771587371826	4697.201138496399
164	347.7692669056287	557.04	39.66162109375	0.085351475	0.00029297142857142856	0.0009765714285714286	27.575358867645264	4724.790736198425
165	342.95883192822834	540.97	40.4052734375	0.08535091	0.0002929285714285714	0.0009764285714285714	26.887420654296875	4751.686736345291
166	334.93376860002195	530.71	40.4052734375	0.08534994	0.0002928857142857143	0.0009762857142857144	27.218631982803345	4778.9067969322205
167	411.21599497722184	619.4	40.677734375	0.08534882	0.0002928428571428571	0.0009761428571428571	28.84311318397522	4807.751022815704
168	349.46485336293483	537.86	40.685546875	0.08534739	0.00029279999999999996	0.000976	26.860222339630127	4834.612636089325
169	375.7118453512508	590.34	40.198974609375	0.08534502	0.0002927571428571428	0.0009758571428571429	27.251622438430786	4861.88277888298
170	428.22212673171964	653.82	40.45166015625	0.08534399	0.0002927142857142857	0.0009757142857142858	27.31798529624939	4889.202748537064
171	419.5288600717785	630.77	40.7099609375	0.08534295	0.00029267142857142855	0.0009755714285714285	28.29246997833252	4917.507619857788
172	432.7364811132272	642.21	40.72265625	0.08534252	0.0002926285714285714	0.0009754285714285714	27.103739261627197	4944.627060890198
173	415.3407462465817	614.5	40.47998046875	0.08534194	0.0002925857142857143	0.0009752857142857143	26.85067105293274	4971.478733062744
174	484.47948104078904	705.44	40.48291015625	0.085341536	0.0002925428571428571	0.0009751428571428571	26.856274604797363	4998.336359739304
175	443.93366960350727	664.37	40.7412109375	0.08533996	0.00029249999999999995	0.000975	27.417999505996704	5025.769340515137
176	416.52259203245063	630.45	40.7412109375	0.08533842	0.0002924571428571428	0.0009748571428571429	26.943362951278687	5052.726731538773
177	519.8358719611043	742.12	40.76171875	0.0853386	0.0002924142857142857	0.0009747142857142858	26.825026273727417	5079.553551673889
178	519.4922488551647	729.87	39.272216796875	0.08533973	0.00029237142857142855	0.0009745714285714286	26.616033792495728	5106.17090344429
179	498.6576132932448	717.4	39.28173828125	0.08534124	0.0002923285714285714	0.0009744285714285714	27.237151861190796	5133.40966963768
180	453.54228221705927	681.68	40.5341796875	0.08534211	0.0002922857142857143	0.0009742857142857143	26.92736554145813	5160.350741624832
181	484.8675727959681	699.88	40.05126953125	0.085342355	0.00029224285714285714	0.0009741428571428572	27.271352529525757	5187.630740880966
182	541.1449373374085	769.27	39.5546875	0.085343756	0.00029219999999999995	0.000974	27.146509885787964	5214.778738975525
183	493.6880114034718	701.44	40.8076171875	0.08534389	0.0002921571428571428	0.0009738571428571428	28.267558097839355	5243.054740905762
184	537.6800197677817	734.26	40.566650390625	0.08534359	0.0002921142857142857	0.0009737142857142858	26.951371431350708	5270.010746240616
185	482.73496188918676	707.93	40.82373046875	0.085342914	0.00029207142857142854	0.0009735714285714286	27.387088298797607	5297.398819923401
186	510.307190217475	754.77	40.58251953125	0.08534186	0.0002920285714285714	0.0009734285714285715	27.007461071014404	5324.418889284134
187	423.6928295662051	640.72	40.83984375	0.085341096	0.00029198571428571427	0.0009732857142857143	27.370731115341187	5351.791038036346
188	469.787664619923	693.66	40.5966796875	0.085341014	0.0002919428571428571	0.0009731428571428571	26.931376695632935	5378.7348420619965
189	476.5895217612481	695.56	39.360595703125	0.085341275	0.0002919	0.000973	27.123454332351685	5405.870730400085
190	505.3490702984756	737.18	40.613037109375	0.08534064	0.00029185714285714286	0.0009728571428571429	26.911409854888916	5432.794733047485
191	474.8042918636195	706.06	40.619873046875	0.08534104	0.0002918142857142857	0.0009727142857142857	27.114808797836304	5459.910933256149
192	520.2369500144644	722.32	40.88037109375	0.08534131	0.00029177142857142853	0.0009725714285714285	28.103490352630615	5488.01904797554
193	487.4589786820781	715.61	40.887939453125	0.08534158	0.0002917285714285714	0.0009724285714285715	28.571306705474854	5516.602773666382
194	514.6300928876095	736.76	40.8935546875	0.08534091	0.00029168571428571426	0.0009722857142857144	26.79155206680298	5543.4110288619995
195	510.9319706001149	736.04	39.659912109375	0.085340716	0.0002916428571428571	0.0009721428571428572	26.763360738754272	5570.182735204697
196	549.5387427443385	783.4	40.909912109375	0.08533919	0.0002916	0.000972	27.852614641189575	5598.047965764999
197	542.3196555676353	764.49	40.91796875	0.08533692	0.00029155714285714285	0.0009718571428571429	26.95150113105774	5625.011294364929
198	520.5970383591688	744.82	40.92578125	0.08533383	0.0002915142857142857	0.0009717142857142858	26.703493356704712	5651.728615999222
199	564.4987544601493	787.3	40.934814453125	0.08533088	0.0002914714285714285	0.0009715714285714285	27.006240606307983	5678.749680995941
200	511.7870020183597	711.15	40.936767578125	0.08532939	0.0002914285714285714	0.0009714285714285714	27.139575004577637	5705.92675614357
201	529.0508437039871	755.02	40.94873046875	0.085328996	0.00029138571428571425	0.0009712857142857144	27.429651498794556	5733.3692309856415
202	541.5044830140657	746.04	40.708740234375	0.085328884	0.0002913428571428571	0.0009711428571428573	27.167666912078857	5760.550901174545
203	528.4501413788278	743.15	40.720458984375	0.085330494	0.0002913	0.000971	30.130419731140137	5790.682732105255
204	525.2277469148753	736.18	41.21875	0.08533124	0.00029125714285714284	0.0009708571428571429	30.475688934326172	5821.17102599144
205	550.3800543218221	734.46	41.475830078125	0.085330606	0.0002912142857142857	0.0009707142857142858	29.87290859222412	5851.060216188431
206	510.68257046903506	719.62	40.746826171875	0.085330166	0.0002911714285714285	0.0009705714285714285	29.420496463775635	5880.495852231979
207	502.5760265565981	686.83	40.755615234375	0.08532957	0.0002911285714285714	0.0009704285714285714	29.68399953842163	5910.195145845413
208	474.39676130644	653.86	41.505615234375	0.08532909	0.00029108571428571424	0.0009702857142857143	30.18539786338806	5940.381842374802
209	542.2962977334291	745.38	41.511474609375	0.085328154	0.0002910428571428571	0.0009701428571428572	29.604980945587158	5969.987830877304
210	502.489760426569	711.48	41.7685546875	0.08532799	0.00029099999999999997	0.0009699999999999999	29.28656005859375	5999.290007829666
211	495.5439447361834	691.23	41.52734375	0.08532896	0.00029095714285714284	0.0009698571428571429	30.123349905014038	6029.43874835968
212	485.82189672434265	695.14	41.78515625	0.085330226	0.0002909142857142857	0.0009697142857142858	30.007391691207886	6059.458729982376
213	507.3964773476567	719.44	41.29345703125	0.08533085	0.0002908714285714285	0.0009695714285714286	29.331721544265747	6088.807094335556
214	498.4047665180874	696.13	41.802978515625	0.08533025	0.0002908285714285714	0.0009694285714285714	26.4062659740448	6115.214801073074
215	472.3472626011345	672.35	41.559814453125	0.08532932	0.0002907857142857143	0.0009692857142857143	26.9034206867218	6142.130737781525
216	499.00992662465507	701.52	41.5693359375	0.08532876	0.00029074285714285715	0.0009691428571428572	27.275293588638306	6169.407015800476
217	490.990020086692	700.46	40.583740234375	0.085327245	0.00029069999999999996	0.000969	27.042730808258057	6196.461863040924
218	520.2618537097339	737.83	41.58447265625	0.08532574	0.00029065714285714283	0.0009688571428571428	26.955563068389893	6223.431031703949
219	544.6855430700339	763.88	42.090576171875	0.08532494	0.0002906142857142857	0.0009687142857142857	27.29430627822876	6250.726781845093
220	599.6067977736296	794.45	41.348876953125	0.08532416	0.00029057142857142856	0.0009685714285714286	27.975751399993896	6278.704060792923
221	553.8479939739832	757.83	41.603271484375	0.08532235	0.0002905285714285714	0.0009684285714285715	26.952731370925903	6305.672281265259
222	570.8987647310402	772.1	41.36376953125	0.08532096	0.0002904857142857143	0.0009682857142857143	26.815110206604004	6332.488706588745
223	596.5603338819212	773.15	40.63037109375	0.08532009	0.00029044285714285715	0.0009681428571428572	27.31226420402527	6359.802767753601
224	556.7610643747801	743.86	41.130859375	0.08532002	0.00029039999999999996	0.000968	29.290961027145386	6389.094760894775
225	620.8899511203117	823.47	41.389404296875	0.08531961	0.0002903571428571428	0.0009678571428571429	27.242337942123413	6416.338745355606
226	659.1135363652045	840.86	41.896240234375	0.08531895	0.0002903142857142857	0.0009677142857142857	26.91152787208557	6443.302761793137
227	584.9352966360678	769.62	41.902099609375	0.08531911	0.00029027142857142855	0.0009675714285714285	27.275407552719116	6470.595007658005
228	594.1260918115098	766.46	41.162841796875	0.085319795	0.0002902285714285714	0.0009674285714285714	28.190767526626587	6498.802845716476
229	562.0355719366225	757.37	41.668212890625	0.08532116	0.0002901857142857143	0.0009672857142857144	27.818953275680542	6526.62366938591
230	513.3187255932222	690.59	41.427978515625	0.08532194	0.00029014285714285714	0.0009671428571428572	26.975976943969727	6553.639090299606
231	579.616649934297	747.26	41.437255859375	0.08532176	0.00029009999999999995	0.000967	26.75896668434143	6580.399028778076
232	509.44554838518917	674.32	41.4443359375	0.08532225	0.0002900571428571428	0.0009668571428571429	28.1571524143219	6608.568285226822
233	536.9000106514245	743.24	41.70166015625	0.08532232	0.0002900142857142857	0.0009667142857142858	28.21409845352173	6636.782764911652
234	517.3844425230637	690.27	41.710693359375	0.08532226	0.00028997142857142854	0.0009665714285714285	26.334688186645508	6663.119589805603
235	519.9093344548368	698.48	41.46875	0.08532318	0.0002899285714285714	0.0009664285714285714	27.019429445266724	6690.154739379883
236	536.8188844299553	712.19	41.47509765625	0.085323095	0.00028988571428571427	0.0009662857142857143	26.827516317367554	6716.990750074387
237	512.4163602802017	648.64	41.483154296875	0.08532337	0.00028984285714285713	0.0009661428571428573	27.794583320617676	6744.786735534668
238	573.1105751980692	708.69	41.989013671875	0.08532346	0.00028979999999999994	0.000966	26.47034764289856	6771.258744001389
239	506.1828228108142	672.13	41.49462890625	0.085323334	0.0002897571428571428	0.0009658571428571429	26.90650486946106	6798.166735649109
240	580.0924141208843	716.55	41.757568359375	0.085323475	0.0002897142857142857	0.0009657142857142858	26.514556646347046	6824.682737588882
241	576.903807199002	713.84	41.514892578125	0.08532401	0.00028967142857142853	0.0009655714285714286	27.168071269989014	6851.859223127365
242	575.6424834601191	711.85	41.7724609375	0.08532491	0.0002896285714285714	0.0009654285714285714	27.08355474472046	6878.959015846252
243	522.6242977958362	639.85	41.5283203125	0.08532532	0.00028958571428571426	0.0009652857142857143	29.45200252532959	6908.418737888336
244	558.3079711759847	697.95	41.7890625	0.08532464	0.0002895428571428571	0.0009651428571428572	29.438477993011475	6937.858767986298
245	609.490118502246	747.84	41.54345703125	0.08532212	0.0002895	0.000965	26.930885314941406	6964.790772676468
246	588.2729164012522	729.3	41.302734375	0.085319914	0.00028945714285714285	0.0009648571428571428	27.323918342590332	6992.115792989731
247	600.3228193857825	750.78	41.8125	0.08531792	0.0002894142857142857	0.0009647142857142858	26.4084632396698	7018.526781320572
248	610.7745692830789	765.4	41.31982421875	0.08531695	0.0002893714285714285	0.0009645714285714286	26.984482049942017	7045.519994020462
249	597.1745694582937	753.87	41.8271484375	0.08531352	0.0002893285714285714	0.0009644285714285715	26.799224138259888	7072.320677995682
250	584.2413549004546	719.36	41.3271484375	0.08531014	0.00028928571428571425	0.0009642857142857143	29.528090476989746	7101.850207328796
251	639.0554070668643	789.04	41.841552734375	0.08530703	0.0002892428571428571	0.0009641428571428572	29.130401611328125	7130.9938185215
252	578.1642603116769	715.5	41.598876953125	0.08530406	0.0002892	0.000964	28.67911171913147	7159.684220314026
253	632.5278784224693	776.07	41.607666015625	0.085302	0.00028915714285714285	0.0009638571428571429	29.147412538528442	7188.842796802521
254	659.8590560997343	811.2	41.86669921875	0.085300095	0.0002891142857142857	0.0009637142857142857	28.99143362045288	7217.846927404404
255	592.0702620841683	747.01	41.624267578125	0.085297816	0.0002890714285714285	0.0009635714285714285	27.37152361869812	7245.238750457764
256	644.4129487337442	779.77	41.882568359375	0.08529646	0.0002890285714285714	0.0009634285714285715	27.402495622634888	7272.642756462097
257	586.1601849296693	734.68	41.89208984375	0.08529503	0.00028898571428571425	0.0009632857142857144	28.647164583206177	7301.302756309509
258	606.2633528250165	766.31	41.396484375	0.085294165	0.0002889428571428571	0.0009631428571428572	26.965327739715576	7328.2695298194885
259	561.6841318928832	713.5	41.906494140625	0.08529332	0.0002889	0.000963	27.599578142166138	7355.883194923401
260	597.7792219294306	753.0	41.91455078125	0.08529212	0.00028885714285714284	0.0009628571428571429	26.945374488830566	7382.830085515976
261	546.1920001797297	686.47	41.67236328125	0.08529159	0.0002888142857142857	0.0009627142857142857	27.210773706436157	7410.0539610385895
262	559.2142923644037	692.6	41.672607421875	0.08529088	0.0002887714285714285	0.0009625714285714285	27.708690881729126	7437.775927305222
263	575.2129240421048	714.27	41.9384765625	0.08529091	0.0002887285714285714	0.0009624285714285714	29.677980422973633	7467.455060243607
264	491.349730308322	633.34	41.94677734375	0.085292436	0.00028868571428571424	0.0009622857142857144	29.808228015899658	7497.265122890472
265	492.58952891230683	646.69	41.7041015625	0.08529398	0.00028864285714285716	0.0009621428571428572	30.26012635231018	7527.526729822159
266	435.6422597419333	565.78	41.711669921875	0.085295446	0.00028859999999999997	0.000962	30.370384454727173	7557.89874458313
267	454.59397588884525	599.22	41.96875	0.08529835	0.00028855714285714283	0.0009618571428571429	29.962401866912842	7587.8627462387085
268	449.9891295128808	604.12	41.47900390625	0.085300885	0.0002885142857142857	0.0009617142857142858	26.3223774433136	7614.18674659729
269	444.0277526208463	611.64	41.73583984375	0.08530208	0.0002884714285714285	0.0009615714285714285	26.830676317214966	7641.018927574158
270	437.65501899119533	609.16	41.994140625	0.08530316	0.0002884285714285714	0.0009614285714285714	28.51505184173584	7669.53501868248
271	423.51032542836583	575.31	41.75244140625	0.085304044	0.0002883857142857143	0.0009612857142857143	29.871285915374756	7699.422746419907
272	392.0823931037871	542.93	42.006591796875	0.0853045	0.00028834285714285715	0.0009611428571428572	27.339381217956543	7726.770767211914
273	480.6459044276121	655.99	41.768798828125	0.08530589	0.00028829999999999996	0.0009609999999999999	25.485132694244385	7752.27263379097
274	435.70871890876487	607.68	42.025390625	0.085307546	0.0002882571428571428	0.0009608571428571429	27.791189908981323	7780.078742980957
275	488.7627810584542	677.05	40.0419921875	0.08530871	0.0002882142857142857	0.0009607142857142858	26.563243865966797	7806.6547429561615
276	503.43919421572025	663.37	42.038330078125	0.085309036	0.00028817142857142855	0.0009605714285714286	26.882354974746704	7833.538731336594
277	457.8207188474109	596.01	42.04638671875	0.085307986	0.0002881285714285714	0.0009604285714285714	27.438655853271484	7860.979065418243
278	477.2848735077584	630.05	41.8076171875	0.08530751	0.0002880857142857143	0.0009602857142857143	27.02018141746521	7888.000383615494
279	548.0365686770037	713.28	41.814453125	0.08530749	0.00028804285714285714	0.0009601428571428572	26.8971426486969	7914.912596940994
280	487.0870880079217	628.53	42.0732421875	0.08530613	0.00028799999999999995	0.00096	27.407673597335815	7942.331086874008
281	536.5150276796288	704.5	41.32861328125	0.08530464	0.0002879571428571428	0.0009598571428571428	26.95533013343811	7969.298738956451
282	541.0191295976956	700.81	42.086181640625	0.08530381	0.0002879142857142857	0.0009597142857142857	26.91045641899109	7996.210735797882
283	483.7234011158188	655.76	41.3466796875	0.085303985	0.00028787142857142854	0.0009595714285714286	27.370519638061523	8023.583261966705
284	519.3964323922237	676.68	41.855224609375	0.08530449	0.0002878285714285714	0.0009594285714285715	28.93847131729126	8052.522765159607
285	586.1995545568117	752.18	41.6103515625	0.08530434	0.00028778571428571427	0.0009592857142857143	29.023234128952026	8081.566740989685
286	540.6478180871874	719.18	41.871337890625	0.08530435	0.00028774285714285714	0.0009591428571428572	29.699600219726562	8111.28680229187
287	484.2879477465818	634.69	41.87890625	0.08530445	0.00028769999999999995	0.000959	29.47463822364807	8140.763092041016
288	473.5018324677684	627.15	41.8857421875	0.08530449	0.0002876571428571428	0.0009588571428571429	29.829842805862427	8170.594763040543
289	513.4567784461537	675.29	42.14111328125	0.08530503	0.0002876142857142857	0.0009587142857142857	30.076738119125366	8200.673170804977
290	518.5319705695304	689.06	42.151123046875	0.085305445	0.00028757142857142854	0.0009585714285714286	29.395350217819214	8230.082733154297
291	483.5245823756941	645.07	42.408935546875	0.08530626	0.0002875285714285714	0.0009584285714285714	27.16733145713806	8257.262739658356
292	486.6712603439618	639.57	42.1689453125	0.08530661	0.00028748571428571427	0.0009582857142857144	27.627685546875	8284.89881682396
293	545.5654903034053	727.13	42.175048828125	0.08530728	0.00028744285714285713	0.0009581428571428572	27.07461643218994	8311.974675655365
294	565.2733716664616	745.66	42.18310546875	0.08530865	0.00028739999999999994	0.000958	27.80761170387268	8339.794781208038
295	541.4118431018908	691.24	42.18798828125	0.08530926	0.00028735714285714286	0.0009578571428571429	27.619248151779175	8367.426754951477
296	562.5513651785882	723.52	42.197021484375	0.085310675	0.0002873142857142857	0.0009577142857142858	26.503385305404663	8393.954750299454
297	557.8203825857249	739.34	42.207275390625	0.0853109	0.00028727142857142853	0.0009575714285714285	27.11960506439209	8421.076041221619
298	547.0170163472575	709.82	42.212158203125	0.08531212	0.0002872285714285714	0.0009574285714285714	26.251789569854736	8447.343060731888
299	558.4979066690877	716.71	42.469970703125	0.08531403	0.00028718571428571426	0.0009572857142857143	27.558367252349854	8474.903133392334
300	551.415383972367	718.22	42.231201171875	0.085316144	0.0002871428571428571	0.0009571428571428573	27.130866765975952	8502.035046577454
301	531.7311337490964	720.51	41.49658203125	0.0853178	0.0002871	0.000957	26.555960416793823	8528.60273885727
302	512.9813471590242	693.87	42.245849609375	0.08531886	0.00028705714285714285	0.0009568571428571429	26.599804639816284	8555.203745126724
303	566.1456069646151	749.81	42.254638671875	0.08531898	0.0002870142857142857	0.0009567142857142858	27.255852460861206	8582.471284866333
304	520.5806449684646	684.57	42.26123046875	0.08532109	0.0002869714285714286	0.0009565714285714287	26.700883865356445	8609.188344955444
305	585.8832409410907	757.87	42.26953125	0.08532247	0.0002869285714285714	0.0009564285714285714	25.57291078567505	8634.762740135193
306	582.2114883017189	755.39	41.535888671875	0.08532404	0.00028688571428571425	0.0009562857142857143	27.014552354812622	8661.778780698776
307	676.3523072724643	852.65	42.284912109375	0.08532638	0.0002868428571428571	0.0009561428571428572	26.78325057029724	8688.574731826782
308	643.4065387925118	808.73	43.293212890625	0.08532813	0.0002868	0.0009559999999999999	25.94330668449402	8714.530765533447
309	681.9232506178778	860.02	41.557861328125	0.08533087	0.00028675714285714284	0.0009558571428571428	26.843183040618896	8741.378735542297
310	606.8312282187245	781.44	42.0673828125	0.08533294	0.0002867142857142857	0.0009557142857142858	28.499300479888916	8769.890761137009
311	647.2322518532447	821.18	42.31787109375	0.08533437	0.0002866714285714285	0.0009555714285714286	27.644290924072266	8797.536161899567
312	653.6842179915343	845.0	42.57470703125	0.08533564	0.0002866285714285714	0.0009554285714285714	27.34432291984558	8824.887778997421
313	699.3931698525686	848.09	42.083251953125	0.08533585	0.00028658571428571424	0.0009552857142857143	26.800469398498535	8851.689933776855
314	681.6578593726724	853.23	43.088134765625	0.08533453	0.0002865428571428571	0.0009551428571428572	26.66004729270935	8878.37080001831
315	700.1425836344067	886.97	42.345458984375	0.08533329	0.00028649999999999997	0.000955	26.559978008270264	8904.946740865707
316	692.0719297276833	868.26	43.106201171875	0.08533243	0.00028645714285714283	0.0009548571428571428	26.222556352615356	8931.170820236206
317	700.7795718562952	883.0	43.113037109375	0.08533133	0.0002864142857142857	0.0009547142857142857	27.63526153564453	8958.818727731705
318	718.0817613295409	889.0	42.8720703125	0.0853316	0.00028637142857142856	0.0009545714285714286	28.371256351470947	8987.202742815018
319	681.1511909995601	846.58	43.127197265625	0.08533266	0.00028632857142857137	0.0009544285714285715	28.174397706985474	9015.378764867783
320	766.1272347569519	912.77	42.88720703125	0.08533377	0.00028628571428571424	0.0009542857142857143	27.78737163543701	9043.178820371628
321	684.3193545888587	828.14	42.395263671875	0.085333765	0.00028624285714285715	0.0009541428571428572	26.40365767478943	9069.5950756073
322	654.5861612893168	802.93	42.40283203125	0.08533294	0.00028619999999999996	0.000954	25.971691370010376	9095.582882642746
323	663.1203318107785	823.87	43.1611328125	0.08533114	0.00028615714285714283	0.0009538571428571429	27.24004101753235	9122.834792375565
324	635.2864154956364	811.67	43.417236328125	0.08532914	0.0002861142857142857	0.0009537142857142857	27.10483169555664	9149.940079689026
325	693.9657012937741	880.22	42.67529296875	0.085327424	0.00028607142857142856	0.0009535714285714285	28.421152114868164	9178.371918201447
326	634.7576547840216	806.27	43.185302734375	0.08532489	0.0002860285714285714	0.0009534285714285714	27.5472629070282	9205.934774637222
327	602.948143520809	766.88	41.948974609375	0.08532264	0.0002859857142857143	0.0009532857142857143	28.04718804359436	9233.983152866364
328	630.2983345907397	817.25	42.449462890625	0.08532154	0.00028594285714285715	0.0009531428571428572	27.27955651283264	9261.274734973907
329	659.5941199277657	833.89	42.458740234375	0.08532047	0.00028589999999999996	0.000953	27.86647939682007	9289.14273762703
330	664.0687012688364	825.9	42.465576171875	0.08532	0.0002858571428571428	0.0009528571428571429	27.149194717407227	9316.30862045288
331	677.1938197652025	833.39	41.231201171875	0.08531868	0.0002858142857142857	0.0009527142857142858	26.559536933898926	9342.882791280746
332	657.3475009071658	822.14	42.482177734375	0.085317254	0.00028577142857142855	0.0009525714285714286	28.299238681793213	9371.195005178452
333	676.9334161494075	813.48	41.989501953125	0.08531463	0.0002857285714285714	0.0009524285714285714	27.787055492401123	9398.994277000427
334	646.6089888775123	781.96	42.497802734375	0.08531311	0.0002856857142857143	0.0009522857142857143	27.990272283554077	9426.986741304398
335	676.3414974217479	809.29	41.263427734375	0.08531236	0.00028564285714285714	0.0009521428571428572	27.958441972732544	9454.946742296219
336	715.3408556510841	850.5	42.512451171875	0.08531213	0.00028559999999999995	0.0009519999999999999	27.684467554092407	9482.65118932724
337	682.9991322676595	823.6	42.021484375	0.08531181	0.0002855571428571428	0.0009518571428571429	28.78549361228943	9511.438749313354
338	787.3938673762011	891.4	42.529541015625	0.0853116	0.0002855142857142857	0.0009517142857142858	29.235305547714233	9540.690775156021
339	725.5616118781793	841.69	42.035888671875	0.08531029	0.00028547142857142854	0.0009515714285714286	28.1906898021698	9568.882915973663
340	712.290003113606	823.02	42.545654296875	0.085309766	0.0002854285714285714	0.0009514285714285714	27.747118711471558	9596.646885156631
341	634.468393127904	750.84	41.8017578125	0.08530998	0.00028538571428571427	0.0009512857142857143	27.424561262130737	9624.087281942368
342	692.7953424915505	827.23	42.560791015625	0.08531032	0.00028534285714285713	0.0009511428571428572	27.4546902179718	9651.558822154999
343	656.4111245047213	759.82	42.56884765625	0.0853105	0.00028529999999999994	0.000951	27.634212970733643	9679.194764852524
344	628.5739565737132	743.8	42.576171875	0.08531118	0.0002852571428571428	0.0009508571428571428	27.023276567459106	9706.230733394623
345	648.1297206940079	764.95	42.085693359375	0.08531195	0.00028521428571428567	0.0009507142857142857	27.97905969619751	9734.222775936127
346	666.1072266805161	771.27	42.592529296875	0.0853124	0.0002851714285714286	0.0009505714285714287	29.34185814857483	9763.577512264252
347	616.798035849369	739.04	41.59912109375	0.08531209	0.0002851285714285714	0.0009504285714285715	28.56358504295349	9792.154752016068
348	657.7894601292214	765.27	42.6083984375	0.08531181	0.00028508571428571426	0.0009502857142857143	30.150313138961792	9822.307079315186
349	688.7355787067114	780.62	42.11572265625	0.08531212	0.0002850428571428571	0.0009501428571428572	29.778544425964355	9852.087495326996
350	713.9338116435002	794.83	42.62353515625	0.08531248	0.000285	0.00095	29.653507232666016	9881.7431807518
351	635.815040546633	738.16	42.133056640625	0.085313	0.00028495714285714285	0.0009498571428571429	29.689932823181152	9911.435183525085
352	623.6338660968914	707.39	42.640625	0.08531284	0.0002849142857142857	0.0009497142857142857	29.323855876922607	9940.7791390419
353	660.363195075418	741.78	42.898193359375	0.0853107	0.0002848714285714286	0.0009495714285714286	30.146323680877686	9970.926784276962
354	659.9860676382856	759.57	41.90478515625	0.0853089	0.0002848285714285714	0.0009494285714285714	29.48736834526062	10000.41604232788
355	673.6473214502086	759.23	42.15966796875	0.085306615	0.00028478571428571425	0.0009492857142857144	29.1507625579834	10029.590625286102
356	622.289096502488	726.49	42.67041015625	0.08530408	0.0002847428571428571	0.0009491428571428572	29.21380376815796	10058.806751966476
357	685.5762616128209	758.46	42.679443359375	0.08530254	0.0002847	0.000949	29.45885682106018	10088.285573482513
358	626.2430715813806	716.03	42.932861328125	0.08530271	0.00028465714285714285	0.0009488571428571429	29.433223485946655	10117.720708370209
359	564.5290093598821	662.16	42.4462890625	0.085301995	0.0002846142857142857	0.0009487142857142858	29.583959341049194	10147.306746721268
360	581.4996032640255	658.86	42.20263671875	0.08530206	0.00028457142857142857	0.0009485714285714286	27.859275341033936	10175.174754619598
361	574.3663647854021	672.91	41.46826171875	0.08530327	0.0002845285714285714	0.0009484285714285714	26.94678544998169	10202.134257555008
362	600.9092575968484	719.93	42.719970703125	0.08530468	0.00028448571428571425	0.0009482857142857143	27.252813816070557	10229.404811620712
363	536.0659986100154	636.17	42.976806640625	0.08530482	0.0002844428571428571	0.0009481428571428571	27.336753368377686	10256.756428718567
364	537.6480184500188	629.99	42.733154296875	0.08530588	0.0002844	0.000948	27.603159427642822	10284.37476158142
365	523.444746007792	631.18	42.242919921875	0.08530623	0.00028435714285714284	0.0009478571428571429	28.36175298690796	10312.738754987717
366	523.3319749463417	624.37	42.750732421875	0.085306175	0.0002843142857142857	0.0009477142857142858	26.793977975845337	10339.534759283066
367	532.5637269317072	628.99	43.2568359375	0.08530724	0.00028427142857142857	0.0009475714285714286	27.187541484832764	10366.743831157684
368	566.3837968265861	682.39	43.5146484375	0.08530683	0.0002842285714285714	0.0009474285714285714	28.38755965232849	10395.146780252457
369	539.8460194980537	640.79	43.77294921875	0.0853071	0.00028418571428571424	0.0009472857142857143	26.61548137664795	10421.771201372147
370	481.8192188492469	568.67	43.53076171875	0.085306816	0.0002841428571428571	0.0009471428571428572	28.153631925582886	10449.926765203476
371	514.7730425493089	611.68	43.54052734375	0.08530605	0.00028409999999999997	0.0009469999999999999	27.790714025497437	10477.718967914581
372	530.674214570786	620.65	43.29736328125	0.08530591	0.00028405714285714283	0.0009468571428571428	28.06611728668213	10505.786749362946
373	501.346800714911	586.2	43.556640625	0.08530537	0.0002840142857142857	0.0009467142857142858	26.975269317626953	10532.774791240692
374	547.1668120998106	639.89	43.56396484375	0.08530503	0.00028397142857142856	0.0009465714285714287	27.293814182281494	10560.070792198181
375	585.0357697103696	670.84	43.82275390625	0.08530357	0.00028392857142857137	0.0009464285714285714	27.550077199935913	10587.622745275497
376	569.6127796725276	665.91	43.58056640625	0.08530217	0.0002838857142857143	0.0009462857142857143	26.831077337265015	10614.462766170502
377	580.494384927277	666.32	43.587646484375	0.08529977	0.00028384285714285715	0.0009461428571428572	27.10501527786255	10641.570741653442
378	594.2396464695261	687.99	43.841796875	0.085297994	0.00028379999999999996	0.000946	27.85841464996338	10669.430756092072
379	585.0066343302981	694.6	43.601806640625	0.08529657	0.0002837571428571428	0.0009458571428571428	27.81865358352661	10697.250962734222
380	625.534112368133	731.49	43.60986328125	0.08529556	0.0002837142857142857	0.0009457142857142857	28.43192410469055	10725.695749759674
381	604.7044952738528	692.67	43.61865234375	0.08529538	0.00028367142857142855	0.0009455714285714286	29.427207469940186	10755.134608507156
382	549.0970519287365	663.6	43.62548828125	0.08529512	0.0002836285714285714	0.0009454285714285715	29.686496257781982	10784.822726726532
383	639.3098937722652	741.42	43.635498046875	0.08529392	0.0002835857142857143	0.0009452857142857143	29.89082932472229	10814.714746713638
384	658.6262891567997	745.19	43.891845703125	0.08529285	0.00028354285714285714	0.0009451428571428572	29.2183518409729	10843.953645944595
385	712.3431091532121	797.42	43.64990234375	0.085291736	0.00028349999999999995	0.000945	28.146235942840576	10872.102886199951
386	683.8540475596615	808.63	43.65625	0.08528983	0.0002834571428571428	0.0009448571428571429	27.56728506088257	10899.68279337883
387	711.0076468298516	807.73	43.6650390625	0.085288204	0.0002834142857142857	0.0009447142857142857	28.67355179786682	10928.358451366425
388	699.0423243034945	805.23	43.924072265625	0.08528639	0.00028337142857142854	0.0009445714285714286	27.25843071937561	10955.619010686874
389	694.3426913847704	792.66	43.679931640625	0.08528567	0.0002833285714285714	0.0009444285714285714	27.73113703727722	10983.35878610611
390	754.6724874017152	851.66	43.689208984375	0.085285336	0.00028328571428571427	0.0009442857142857143	28.454485177993774	11011.814992666245
391	728.0333367396029	832.44	43.447021484375	0.085285835	0.00028324285714285714	0.0009441428571428572	27.45525598526001	11039.27476644516
392	606.1750077845727	689.91	42.962646484375	0.08528618	0.00028319999999999994	0.000944	27.686189889907837	11066.962754487991
393	679.5151565407971	781.14	43.712158203125	0.08528605	0.0002831571428571428	0.0009438571428571429	27.041404247283936	11094.006290197372
394	677.2850494183575	766.84	43.968505859375	0.08528771	0.00028311428571428567	0.0009437142857142858	27.02177596092224	11121.045441150665
395	705.9358717429644	803.41	43.9765625	0.08528713	0.00028307142857142854	0.0009435714285714286	28.085469961166382	11149.145293474197
396	717.306939513766	825.5	43.7353515625	0.085285485	0.0002830285714285714	0.0009434285714285714	29.295904397964478	11178.455339431763
397	698.0590070266334	817.99	43.494140625	0.08528381	0.00028298571428571426	0.0009432857142857143	29.1134991645813	11207.571063518524
398	765.8260126867173	854.66	44.0009765625	0.0852839	0.00028294285714285713	0.0009431428571428572	29.905749797821045	11237.478734016418
399	734.3812311364246	820.94	43.7587890625	0.08528403	0.00028289999999999994	0.0009429999999999999	29.646793603897095	11267.12710738182
400	732.3506059388413	824.28	43.767333984375	0.08528387	0.0002828571428571428	0.0009428571428571429	29.385460138320923	11296.514736652374
401	786.8849939301825	881.83	44.0263671875	0.08528298	0.0002828142857142857	0.0009427142857142858	29.351300477981567	11325.870792627335
402	731.3902464839522	801.66	44.033203125	0.08528143	0.0002827714285714286	0.0009425714285714287	29.674113035202026	11355.546789884567
403	789.2392094890471	856.0	43.7900390625	0.08528185	0.0002827285714285714	0.0009424285714285714	29.676637649536133	11385.240377187729
404	713.1364385198385	777.48	43.7978515625	0.085280925	0.00028268571428571426	0.0009422857142857143	29.930280685424805	11415.185745716095
405	701.2956560188946	762.43	43.5576171875	0.08528007	0.0002826428571428571	0.0009421428571428572	29.555042028427124	11444.742758989334
406	742.2308214777315	806.21	43.815185546875	0.08527929	0.0002826	0.000942	29.049679040908813	11473.794739246368
407	776.6081550419217	837.09	43.82373046875	0.0852798	0.00028255714285714285	0.0009418571428571428	29.69068956375122	11503.4870159626
408	674.7533547554865	756.1	43.830322265625	0.08528063	0.0002825142857142857	0.0009417142857142857	29.743517637252808	11533.243016004562
409	667.7963172566994	738.12	44.0869140625	0.085282706	0.0002824714285714286	0.0009415714285714287	29.35745406150818	11562.608917474747
410	640.6998728519876	727.54	43.8466796875	0.085284896	0.0002824285714285714	0.0009414285714285715	29.845703601837158	11592.469123125076
411	644.42179384662	720.02	43.855224609375	0.08528683	0.00028238571428571425	0.0009412857142857143	28.85906457901001	11621.342538356781
412	624.9213105260962	709.32	44.111328125	0.085288994	0.0002823428571428571	0.0009411428571428572	28.04733371734619	11649.406763792038
413	667.6706231823649	762.46	44.12060546875	0.08529109	0.0002823	0.0009410000000000001	27.0707790851593	11676.49131155014
414	638.2641019603087	729.74	43.87744140625	0.085293144	0.00028225714285714284	0.0009408571428571428	26.63765859603882	11703.145363807678
415	611.517386110829	689.65	43.88623046875	0.08529394	0.0002822142857142857	0.0009407142857142857	26.83130645751953	11729.998753547668
416	660.7447761344661	730.43	43.89208984375	0.08529361	0.00028217142857142857	0.0009405714285714286	27.66693091392517	11757.666762590408
417	584.6254152500621	655.99	43.65234375	0.08529211	0.0002821285714285714	0.0009404285714285714	27.96213126182556	11785.630969524384
418	734.9766920898822	811.49	43.91015625	0.08529052	0.00028208571428571424	0.0009402857142857142	28.47774076461792	11814.110763072968
419	700.8961249007052	768.51	43.915771484375	0.085289955	0.0002820428571428571	0.0009401428571428572	26.86259126663208	11840.978157281876
420	688.2392543767786	762.57	43.921875	0.08528918	0.00028199999999999997	0.00094	26.831320762634277	11867.818752288818
421	752.0492471506616	832.72	43.9345703125	0.0852888	0.00028195714285714283	0.0009398571428571429	29.32242488861084	11897.142737150192
422	772.8657318165938	850.58	43.93994140625	0.08528707	0.0002819142857142857	0.0009397142857142857	29.541048049926758	11926.685306072235
423	746.370072597945	824.27	44.196533203125	0.08528531	0.00028187142857142856	0.0009395714285714286	29.503093719482422	11956.19099354744
424	767.5990098691545	838.61	43.95556640625	0.08528337	0.00028182857142857137	0.0009394285714285714	29.407390832901	11985.600021600723
425	787.1413774572247	851.93	43.961181640625	0.085281156	0.00028178571428571423	0.0009392857142857143	28.352332830429077	12013.96304011345
426	795.6509158504782	878.5	44.221923828125	0.08527892	0.0002817428571428571	0.0009391428571428571	28.219248056411743	12042.190742015839
427	762.9764806533992	847.91	44.22900390625	0.085276715	0.0002817	0.0009390000000000001	27.55465316772461	12069.74704861641
428	747.6002724476116	839.93	44.23681640625	0.08527487	0.0002816571428571428	0.0009388571428571429	27.945785760879517	12097.69475865364
429	702.9796032795128	781.89	43.994384765625	0.085274726	0.0002816142857142857	0.0009387142857142858	27.62571620941162	12125.329131364822
430	725.7587620185369	818.07	44.25341796875	0.085274406	0.00028157142857142855	0.0009385714285714286	28.707587957382202	12154.039002418518
431	723.1312377737263	800.13	44.0107421875	0.08527429	0.0002815285714285714	0.0009384285714285714	29.280898571014404	12183.332392215729
432	740.6361676167963	827.7	43.76806640625	0.08527449	0.0002814857142857143	0.0009382857142857143	29.333171367645264	12212.666800498962
433	750.3339898909179	835.66	44.27685546875	0.08527405	0.00028144285714285715	0.0009381428571428572	29.655805587768555	12242.338985443115
434	754.0261182931986	804.58	44.0341796875	0.08527327	0.00028139999999999996	0.0009379999999999999	29.925167322158813	12272.267313957214
435	785.758119028073	839.8	44.04296875	0.085273035	0.0002813571428571428	0.0009378571428571428	28.402047634124756	12300.671045064926
436	811.8753652699316	854.44	43.8017578125	0.0852724	0.0002813142857142857	0.0009377142857142858	27.60538959503174	12328.278794527054
437	814.4888064392873	880.51	44.05859375	0.08527129	0.00028127142857142855	0.0009375714285714287	27.722156286239624	12356.00996685028
438	748.3856561536911	787.65	44.065673828125	0.08526981	0.0002812285714285714	0.0009374285714285714	27.671557664871216	12383.69905257225
439	737.1099087258361	790.35	44.074951171875	0.085269	0.0002811857142857143	0.0009372857142857143	26.875999450683594	12410.587709188461
440	710.6845632883816	758.4	43.832763671875	0.08526816	0.00028114285714285714	0.0009371428571428572	27.8263201713562	12438.416278123856
441	717.4200252988153	768.76	44.090576171875	0.08526788	0.0002811	0.0009370000000000001	27.534809589385986	12465.966188669205
442	747.5782853397168	791.99	43.594970703125	0.08526606	0.0002810571428571428	0.0009368571428571428	28.33389115333557	12494.32166671753
443	727.5933567711598	771.8	43.854736328125	0.08526549	0.0002810142857142857	0.0009367142857142857	29.111573696136475	12523.442791461945
444	737.2769216581274	790.33	43.862060546875	0.085266225	0.00028097142857142854	0.0009365714285714286	28.889894485473633	12552.334741830826
445	793.2998029428777	842.58	42.87841796875	0.08526674	0.0002809285714285714	0.0009364285714285715	29.80763339996338	12582.147054433823
446	783.1258550444903	847.93	43.380859375	0.085267626	0.00028088571428571427	0.0009362857142857143	29.467392921447754	12611.623107671738
447	728.9410690615259	778.23	44.139404296875	0.08526814	0.00028084285714285713	0.0009361428571428572	29.709720611572266	12641.334759950638
448	716.6577019455534	781.68	44.14404296875	0.08526804	0.00028079999999999994	0.000936	30.013226985931396	12671.349975347519
449	670.3803084635356	735.98	43.6533203125	0.08526734	0.0002807571428571428	0.0009358571428571429	28.255396842956543	12699.60757613182
450	798.7576176059636	863.49	44.4111328125	0.0852659	0.00028071428571428567	0.0009357142857142857	27.537496089935303	12727.146953344345
451	736.3439116007331	797.43	43.920166015625	0.08526448	0.00028067142857142853	0.0009355714285714286	28.61420178413391	12755.762829780579
452	744.7829017658131	812.17	43.425048828125	0.08526367	0.0002806285714285714	0.0009354285714285714	26.47817826271057	12782.243075847626
453	731.5191601966507	789.78	44.183837890625	0.08526263	0.00028058571428571426	0.0009352857142857143	26.56308126449585	12808.814755439758
454	685.6838271116367	754.69	44.193359375	0.08526057	0.0002805428571428571	0.0009351428571428572	27.446937322616577	12836.278103590012
455	685.1168456333745	771.01	44.70068359375	0.08525904	0.0002805	0.0009350000000000001	27.324689388275146	12863.620455265045
456	697.6102860454505	769.41	44.20947265625	0.08525705	0.00028045714285714285	0.0009348571428571429	27.42985773086548	12891.051349163055
457	675.2168979654161	741.66	44.96630859375	0.08525411	0.0002804142857142857	0.0009347142857142858	26.949146032333374	12918.002730846405
458	776.6576127588902	830.35	44.224853515625	0.085251	0.0002803714285714286	0.0009345714285714286	26.746695280075073	12944.75087594986
459	721.8446440961914	771.02	44.482177734375	0.08524877	0.0002803285714285714	0.0009344285714285714	26.86127543449402	12971.613313436508
460	716.4727802218108	770.56	44.239990234375	0.08524629	0.00028028571428571425	0.0009342857142857143	27.326123237609863	12998.940954446793
461	711.5809232742259	794.28	44.248046875	0.08524466	0.0002802428571428571	0.0009341428571428572	27.247926712036133	13026.19106221199
462	704.9965571117954	760.11	44.012939453125	0.08524299	0.0002802	0.0009339999999999999	27.830803394317627	13054.038238048553
463	742.8694171433885	802.61	44.261962890625	0.08524179	0.00028015714285714284	0.0009338571428571429	28.027348041534424	13082.082740306854
464	717.6297383072301	764.91	44.041015625	0.085241415	0.0002801142857142857	0.0009337142857142858	28.810713529586792	13110.894785642624
465	712.7191161662673	774.85	44.05126953125	0.08524126	0.00028007142857142857	0.0009335714285714286	28.126091718673706	13139.022757530212
466	735.4181019082872	800.11	44.05810546875	0.0852412	0.0002800285714285714	0.0009334285714285714	27.21467137336731	13166.23900938034
467	668.3514431880898	726.96	44.0673828125	0.0852421	0.00027998571428571425	0.0009332857142857143	27.743221759796143	13193.994729757309
468	653.2497909889483	718.54	44.073974609375	0.085242026	0.0002799428571428571	0.0009331428571428572	27.442550659179688	13221.438742876053
469	612.5679748620735	669.02	44.58203125	0.085242964	0.0002799	0.000933	26.45060396194458	13247.89831995964
470	576.9241184092365	645.48	44.089599609375	0.08524474	0.00027985714285714284	0.0009328571428571428	26.486250162124634	13274.386791944504
471	671.3121484466755	745.83	44.09814453125	0.08524605	0.0002798142857142857	0.0009327142857142857	26.90578556060791	13301.295060634613
472	687.5705517318486	754.8	44.35595703125	0.08524751	0.00027977142857142856	0.0009325714285714287	27.387894868850708	13328.684502601624
473	701.2238001086404	788.41	44.3642578125	0.0852476	0.0002797285714285714	0.0009324285714285714	28.27621293067932	13356.963060855865
474	687.2671409632776	740.6	44.12109375	0.08524781	0.00027968571428571424	0.0009322857142857143	28.43120241165161	13385.396266937256
475	640.5949214361465	710.18	43.38818359375	0.085247435	0.0002796428571428571	0.0009321428571428572	27.679173469543457	13413.090763807297
476	711.7265207568939	769.86	44.6357421875	0.085245796	0.00027959999999999997	0.000932	26.9232976436615	13440.027055740356
477	590.0324501759752	652.27	43.89453125	0.08524421	0.00027955714285714283	0.0009318571428571428	26.85519790649414	13466.890798807144
478	679.535332321137	740.35	44.154052734375	0.08524305	0.0002795142857142857	0.0009317142857142857	26.53515934944153	13493.438776493073
479	656.5064435347688	712.22	44.162109375	0.08524107	0.00027947142857142856	0.0009315714285714286	27.01275873184204	13520.45342040062
480	648.8572341710121	695.32	44.1689453125	0.08523955	0.00027942857142857137	0.0009314285714285714	27.61880373954773	13548.086765527725
481	679.8787037897425	718.04	43.43115234375	0.0852384	0.00027938571428571423	0.0009312857142857142	27.254297494888306	13575.342748880386
482	642.3658461777487	683.94	44.186279296875	0.08523798	0.00027934285714285715	0.0009311428571428572	26.63847804069519	13601.9827606678
483	667.2939157397371	702.91	44.192138671875	0.08523783	0.0002793	0.0009310000000000001	26.94959855079651	13628.934183835983
484	615.6242449077333	675.24	44.197265625	0.085237175	0.0002792571428571428	0.0009308571428571429	27.35842728614807	13656.294739484787
485	644.462948391643	696.36	44.20703125	0.08523628	0.0002792142857142857	0.0009307142857142857	28.990959644317627	13685.286774635315
486	681.6236164588753	723.68	44.216796875	0.08523605	0.00027917142857142855	0.0009305714285714286	29.09849715232849	13714.386814117432
487	615.9951880604942	667.01	44.22509765625	0.08523578	0.0002791285714285714	0.0009304285714285714	29.17398738861084	13743.56283712387
488	616.2339600978502	681.29	44.231201171875	0.08523712	0.0002790857142857143	0.0009302857142857143	27.53150725364685	13771.107011795044
489	609.9204507845654	672.65	44.488525390625	0.085239105	0.00027904285714285714	0.0009301428571428571	28.587414979934692	13799.706797361374
490	690.5965034168825	742.68	44.248291015625	0.0852411	0.00027899999999999995	0.0009299999999999999	27.391058444976807	13827.106744527817
491	665.2687169361437	734.33	44.506103515625	0.0852434	0.0002789571428571428	0.0009298571428571429	27.510210037231445	13854.625965118408
492	568.7422497422732	640.69	44.26318359375	0.085244626	0.0002789142857142857	0.0009297142857142858	26.450401782989502	13881.07872891426
493	632.652650689139	699.76	44.271240234375	0.08524629	0.00027887142857142854	0.0009295714285714286	28.20260000228882	13909.28275513649
494	584.1674236298626	657.92	44.276123046875	0.08524715	0.0002788285714285714	0.0009294285714285714	27.60449194908142	13936.90720129013
495	620.5150346293991	691.99	44.5361328125	0.08524686	0.00027878571428571427	0.0009292857142857143	27.645567417144775	13964.554747343063
496	530.1916063407178	609.24	44.294189453125	0.08524784	0.00027874285714285713	0.0009291428571428572	26.982425689697266	13991.538726091385
497	553.047226290952	626.26	44.302978515625	0.08525	0.0002787	0.000929	28.054986476898193	14019.59481716156
498	496.461200010521	563.42	44.310546875	0.08525145	0.0002786571428571428	0.0009288571428571428	27.33431100845337	14046.942120313644
499	468.8126823479937	524.13	44.31787109375	0.08525142	0.00027861428571428567	0.0009287142857142858	28.462113857269287	14075.406794309616
500	449.7645086802279	535.78	44.574462890625	0.08525107	0.00027857142857142854	0.0009285714285714287	28.66346287727356	14104.07902765274
501	414.7153891925154	481.01	44.080078125	0.085249536	0.0002785285714285714	0.0009284285714285714	28.031090259552002	14132.118785858154
502	455.04759129430255	525.92	44.338134765625	0.08524857	0.00027848571428571426	0.0009282857142857143	27.661250352859497	14159.782053232193
503	523.9955001935006	598.05	44.35205078125	0.08524712	0.0002784428571428571	0.0009281428571428572	28.415100574493408	14188.198954582214
504	475.59772062480675	545.69	44.608154296875	0.08524543	0.0002784	0.0009280000000000001	27.99340295791626	14216.194764852524
505	503.14871157420043	564.83	44.1162109375	0.08524325	0.0002783571428571428	0.0009278571428571428	27.474494218826294	14243.670744657516
506	567.0804628919234	616.32	44.3740234375	0.085241765	0.00027831428571428566	0.0009277142857142857	26.587255716323853	14270.270632982254
507	604.3817450072257	662.97	44.630615234375	0.08524039	0.0002782714285714286	0.0009275714285714286	26.99516224861145	14297.278786182404
508	590.0298686527099	642.7	44.390380859375	0.08523822	0.00027822857142857145	0.0009274285714285716	27.551202535629272	14324.835019111633
509	594.1738588356292	653.64	44.3955078125	0.085235275	0.00027818571428571426	0.0009272857142857143	26.68586564064026	14351.522748708725
510	606.7170886706518	677.9	44.40673828125	0.08523336	0.0002781428571428571	0.0009271428571428572	26.374831914901733	14377.898791074753
511	662.00321782023	719.54	44.413330078125	0.08523148	0.0002781	0.0009270000000000001	28.777892589569092	14406.678755283356
512	623.7034925245338	671.24	44.66943359375	0.085229374	0.00027805714285714285	0.0009268571428571429	28.084927797317505	14434.765609264374
513	685.4268470056581	730.82	44.42724609375	0.08522663	0.0002780142857142857	0.0009267142857142857	27.456990242004395	14462.236350774765
514	692.2522569687628	758.04	44.43310546875	0.0852229	0.0002779714285714286	0.0009265714285714286	26.72100043296814	14488.973737001419
515	707.8745480926107	757.4	44.69482421875	0.085220166	0.0002779285714285714	0.0009264285714285714	27.663824558258057	14516.640188932419
516	731.6231644407026	786.81	44.4501953125	0.08521826	0.00027788571428571425	0.0009262857142857142	27.79130482673645	14544.454802513123
517	763.0583249669636	800.48	44.460205078125	0.08521536	0.0002778428571428571	0.0009261428571428571	26.435218334197998	14570.902727127075
518	639.6069946297055	682.68	44.4677734375	0.08521271	0.0002778	0.0009260000000000001	29.027334213256836	14599.946738243103
519	610.2083903712058	658.89	44.47412109375	0.08520981	0.00027775714285714284	0.0009258571428571429	29.11737585067749	14629.0767724514
520	581.5834493091653	630.87	44.233154296875	0.085206725	0.0002777142857142857	0.0009257142857142857	29.343525171279907	14658.422755718231
521	705.3826035741098	764.38	44.2392578125	0.08520269	0.00027767142857142857	0.0009255714285714286	29.015870809555054	14687.440195798874
522	692.3563458496283	741.2	44.500244140625	0.08520005	0.00027762857142857143	0.0009254285714285715	27.869795560836792	14715.325283527374
523	626.9915248479593	697.95	44.5087890625	0.08519725	0.00027758571428571424	0.0009252857142857143	26.89185905456543	14742.239050865173
524	671.4645628802542	735.48	44.518798828125	0.08519464	0.0002775428571428571	0.0009251428571428571	26.925719261169434	14769.166755437851
525	664.914600984515	726.06	44.531494140625	0.08519166	0.00027749999999999997	0.000925	27.900254726409912	14797.068729877472
526	681.8984603892518	730.31	44.538818359375	0.08518919	0.00027745714285714283	0.0009248571428571428	27.59234356880188	14824.663282632828
527	713.0696824280645	768.6	44.80029296875	0.08518823	0.0002774142857142857	0.0009247142857142858	26.50657629966736	14851.186737060547
528	635.9878673745658	699.91	44.80810546875	0.08518547	0.00027737142857142856	0.0009245714285714286	27.519585132598877	14878.708216428757
529	712.683155922399	768.39	44.568603515625	0.08518291	0.00027732857142857137	0.0009244285714285714	29.224400520324707	14907.934798002243
530	633.207623413177	682.25	44.579345703125	0.08518062	0.00027728571428571423	0.0009242857142857143	30.01842761039734	14937.955950498581
531	655.8152669877804	704.03	44.587646484375	0.08517922	0.0002772428571428571	0.0009241428571428572	30.181511640548706	14968.138766288757
532	641.956312951956	708.31	44.599853515625	0.0851776	0.0002772	0.000924	27.12947392463684	14995.26937842369
533	588.2426934194976	647.22	44.35888671875	0.08517534	0.0002771571428571428	0.0009238571428571428	27.459409713745117	15022.73079752922
534	560.1700240150778	615.35	43.877197265625	0.08517244	0.0002771142857142857	0.0009237142857142857	26.520063400268555	15049.262780189514
535	476.5782983170411	528.5	44.628173828125	0.08517047	0.00027707142857142855	0.0009235714285714287	27.781378507614136	15077.04679107666
536	468.1384873804337	521.57	44.636962890625	0.08516958	0.0002770285714285714	0.0009234285714285715	27.17013454437256	15104.218198537827
537	532.3863107314837	592.49	44.3984375	0.08516809	0.0002769857142857143	0.0009232857142857143	26.423975229263306	15130.65952038765
538	599.9498676441208	653.34	44.658447265625	0.08516709	0.00027694285714285714	0.0009231428571428572	27.8914315700531	15158.552329301834
539	683.9659802086477	731.69	44.66796875	0.085166365	0.0002769	0.0009230000000000001	29.25135827064514	15187.818754434586
540	749.0950781368131	795.94	44.67822265625	0.08516718	0.0002768571428571428	0.0009228571428571428	29.44691038131714	15217.278756141663
541	695.2621191077333	735.79	44.687255859375	0.08516792	0.0002768142857142857	0.0009227142857142857	29.19118642807007	15246.48290681839
542	750.9004334560923	803.95	44.693359375	0.08516771	0.00027677142857142855	0.0009225714285714286	29.717818021774292	15276.202813386917
543	789.595841521588	858.88	44.70751953125	0.085168004	0.0002767285714285714	0.0009224285714285714	29.995441436767578	15306.199369430542
544	784.4232526494638	843.85	44.715576171875	0.085168056	0.0002766857142857143	0.0009222857142857142	30.18562626838684	15336.397255897522
545	811.4949510361186	870.01	44.7255859375	0.08516965	0.00027664285714285714	0.0009221428571428572	29.788755178451538	15366.187044382095
546	777.7056083552347	837.86	44.735595703125	0.085171245	0.0002766	0.0009220000000000001	29.638248920440674	15395.826750516891
547	809.4769468226643	850.34	44.739990234375	0.08517125	0.0002765571428571428	0.0009218571428571429	29.374454736709595	15425.213770151138
548	847.0271431119718	892.23	45.006591796875	0.08517014	0.0002765142857142857	0.0009217142857142857	29.85176730155945	15455.295258045197
549	814.5766042814014	850.48	44.7646484375	0.08516831	0.00027647142857142854	0.0009215714285714286	28.876628160476685	15484.33350944519
550	807.3323035427183	832.75	44.775146484375	0.08516606	0.0002764285714285714	0.0009214285714285715	28.92586088180542	15513.51658320427
551	864.8408115409987	904.3	44.78466796875	0.08516338	0.00027638571428571427	0.0009212857142857143	29.47362184524536	15543.19231414795
552	689.7467214915793	714.19	44.791015625	0.08516095	0.00027634285714285713	0.0009211428571428571	29.791690826416016	15572.986792325974
553	777.8795604671111	801.68	44.80517578125	0.08515809	0.0002763	0.000921	28.94369101524353	15602.014814853668
554	837.271120480744	867.14	44.815673828125	0.08515587	0.0002762571428571428	0.0009208571428571429	29.23824167251587	15631.390753030777
555	813.1666835166777	837.0	44.82373046875	0.08515339	0.00027621428571428567	0.0009207142857142858	29.49110698699951	15660.894607543945
556	701.57195320098	731.36	44.8349609375	0.085150026	0.00027617142857142853	0.0009205714285714286	29.115053176879883	15690.02674293518
557	780.3893900752025	797.9	45.593505859375	0.08514747	0.0002761285714285714	0.0009204285714285714	29.527485609054565	15719.57076382637
558	690.3088958473598	712.55	44.854736328125	0.085143745	0.00027608571428571426	0.0009202857142857143	29.450872898101807	15749.023012161255
559	774.1276229012533	799.11	44.862548828125	0.08514142	0.0002760428571428571	0.0009201428571428572	29.341742753982544	15778.36685705185
560	750.1160675588462	778.1	44.873291015625	0.08513844	0.000276	0.00092	29.362666130065918	15807.73077249527
561	777.8739526909561	810.4	44.88427734375	0.08513465	0.0002759571428571428	0.0009198571428571428	29.23650550842285	15836.969203710556
562	801.2530280964156	834.16	44.641357421875	0.085131116	0.0002759142857142857	0.0009197142857142858	29.583366632461548	15866.55476808548
563	837.6129809587246	872.73	44.161376953125	0.08512754	0.0002758714285714286	0.0009195714285714287	28.158042669296265	15894.714799642563
564	821.9408759770049	855.23	44.912353515625	0.0851244	0.00027582857142857144	0.0009194285714285715	26.681217432022095	15921.400883674622
565	872.9794303235143	920.81	44.923583984375	0.08512157	0.00027578571428571425	0.0009192857142857143	27.40004825592041	15948.803208589554
566	875.3749059729449	913.64	44.932373046875	0.08511907	0.0002757428571428571	0.0009191428571428572	27.55132508277893	15976.36684179306
567	837.7880335706584	856.44	44.942626953125	0.08511698	0.0002757	0.0009190000000000001	29.271990060806274	16005.651425123215
568	858.494267373571	905.92	44.952392578125	0.08511611	0.00027565714285714284	0.0009188571428571428	29.847336292266846	16035.518755674362
569	828.6539804580588	864.7	44.960205078125	0.08511564	0.0002756142857142857	0.0009187142857142857	29.389806270599365	16064.910782575607
570	865.2151370314989	906.73	44.9716796875	0.085115194	0.00027557142857142857	0.0009185714285714286	29.28671884536743	16094.202171325684
571	789.4371398758939	835.65	44.981201171875	0.08511591	0.0002755285714285714	0.0009184285714285713	29.99171280860901	16124.195036411285
572	823.8601668353664	864.99	45.240234375	0.08511689	0.00027548571428571424	0.0009182857142857143	29.547443151474	16153.762742042542
573	843.9492952252149	884.23	45.5	0.08511778	0.0002754428571428571	0.0009181428571428572	29.211395263671875	16182.976220607758
574	837.5418643226222	873.87	44.51123046875	0.08511739	0.00027539999999999997	0.0009180000000000001	29.535386562347412	16212.514726161957
575	876.1613193307749	906.32	45.020263671875	0.08511569	0.00027535714285714284	0.0009178571428571428	29.248166799545288	16241.78288435936
576	782.15738731273	820.11	45.026611328125	0.08511285	0.0002753142857142857	0.0009177142857142857	29.95567512512207	16271.74719953537
577	797.318425471557	818.68	44.79052734375	0.08511039	0.00027527142857142856	0.0009175714285714286	29.72948169708252	16301.479020357132
578	800.9290956398346	829.63	45.04736328125	0.0851086	0.00027522857142857143	0.0009174285714285715	29.417217254638672	16330.908767700195
579	820.5731880646008	840.43	44.56103515625	0.085107654	0.00027518571428571424	0.0009172857142857142	29.588685035705566	16360.512632608414
580	853.4354749903525	863.32	45.0703125	0.08510705	0.0002751428571428571	0.0009171428571428571	29.635780096054077	16390.159029960632
581	832.921130805688	863.37	44.578857421875	0.085107334	0.00027509999999999996	0.0009170000000000001	29.835298538208008	16420.002755641937
582	774.9173509584662	792.85	45.09033203125	0.08510882	0.00027505714285714283	0.0009168571428571429	29.179205894470215	16449.194813728333
583	766.0116159530522	792.32	45.0986328125	0.08511006	0.0002750142857142857	0.0009167142857142857	29.649533987045288	16478.846773386
584	740.9720674959988	769.07	45.11083984375	0.08511204	0.00027497142857142856	0.0009165714285714286	29.446104764938354	16508.295481443405
585	693.5342426840498	728.77	45.11767578125	0.08511478	0.00027492857142857137	0.0009164285714285714	29.78761100769043	16538.100481271744
586	729.3622518228102	758.9	45.378662109375	0.08511823	0.00027488571428571423	0.0009162857142857143	29.458274841308594	16567.56230044365
587	808.6319818761644	840.19	45.13818359375	0.08512194	0.0002748428571428571	0.0009161428571428571	29.418501138687134	16596.98490667343
588	704.7426274790027	735.21	45.3984375	0.085124336	0.0002748	0.000916	29.36178493499756	16626.350824594498
589	706.3529465098945	739.07	45.1591796875	0.085126854	0.0002747571428571428	0.0009158571428571428	28.95135807991028	16655.305748701096
590	776.1624526669375	805.8	45.168212890625	0.08512918	0.0002747142857142857	0.0009157142857142858	29.254346132278442	16684.57505249977
591	698.3285815062569	757.27	44.927734375	0.085129976	0.00027467142857142855	0.0009155714285714286	29.272643089294434	16713.85080265999
592	685.8259282853381	731.49	44.93798828125	0.08513099	0.0002746285714285714	0.0009154285714285715	29.205988883972168	16743.05999469757
593	696.0648018164216	746.17	45.19873046875	0.08513171	0.0002745857142857143	0.0009152857142857143	29.47262406349182	16772.5518450737
594	750.149029679871	780.17	45.20654296875	0.08513256	0.00027454285714285714	0.0009151428571428572	28.184181928634644	16800.73715043068
595	743.6242899165608	784.19	45.217529296875	0.085133485	0.0002745	0.000915	28.203064441680908	16828.94275856018
596	721.5218917358357	769.72	45.2265625	0.085134625	0.0002744571428571428	0.0009148571428571428	26.563981533050537	16855.52323102951
597	812.5054853263026	854.35	45.486328125	0.08513507	0.0002744142857142857	0.0009147142857142857	29.156826496124268	16884.682725191116
598	811.987381292336	847.14	45.2451171875	0.08513576	0.00027437142857142854	0.0009145714285714287	29.362308502197266	16914.0468044281
599	847.3579877802132	877.45	45.006591796875	0.085135855	0.0002743285714285714	0.0009144285714285714	28.891247510910034	16942.95076394081
600	883.5002172047502	917.68	45.26708984375	0.08513505	0.00027428571428571427	0.0009142857142857143	29.110751152038574	16972.06274652481
601	864.1110998252497	886.01	45.274658203125	0.08513534	0.00027424285714285713	0.0009141428571428572	29.691131114959717	17001.76236128807
602	874.6951700170139	888.81	45.286865234375	0.08513636	0.0002742	0.0009140000000000001	29.854791164398193	17031.63423037529
603	823.0445674224684	854.93	45.2958984375	0.08513802	0.0002741571428571428	0.0009138571428571428	28.911879539489746	17060.54724597931
604	871.252196395247	895.02	45.30615234375	0.085137874	0.00027411428571428567	0.0009137142857142857	29.478519678115845	17090.033970594406
605	856.574549925757	882.91	45.31640625	0.08513826	0.00027407142857142853	0.0009135714285714286	29.23989462852478	17119.291218042374
606	864.6269799217681	894.64	45.325439453125	0.085138746	0.0002740285714285714	0.0009134285714285715	29.273362398147583	17148.588799715042
607	861.9948360089032	899.86	45.335205078125	0.085138716	0.00027398571428571426	0.0009132857142857142	29.66581892967224	17178.273123025894
608	870.8818954275592	897.83	45.343505859375	0.08513803	0.0002739428571428571	0.0009131428571428572	29.287243127822876	17207.578750371933
609	851.9989957917401	903.94	45.354248046875	0.08513657	0.0002739	0.0009130000000000001	28.992196321487427	17236.583716392517
610	870.2285453050085	916.17	45.364501953125	0.08513737	0.0002738571428571428	0.0009128571428571429	29.057474851608276	17265.660995960236
611	891.5128034347478	926.67	45.373779296875	0.08513945	0.00027381428571428566	0.0009127142857142857	27.95548439025879	17293.631090402603
612	839.4772993176759	879.5	45.38525390625	0.08514184	0.00027377142857142853	0.0009125714285714286	27.726065158843994	17321.35875916481
613	845.1313349463989	892.38	45.395263671875	0.08514284	0.0002737285714285714	0.0009124285714285714	26.667247772216797	17348.038748264313
614	851.087621661796	899.76	45.155029296875	0.085144036	0.00027368571428571425	0.0009122857142857143	28.967506408691406	17377.01104927063
615	924.8393451559638	957.05	45.4140625	0.08514612	0.0002736428571428571	0.0009121428571428571	29.33918786048889	17406.36279296875
616	938.8934397339114	955.25	45.422607421875	0.08514738	0.0002736	0.000912	29.333992958068848	17435.69874405861
617	946.7547788085742	974.42	45.4326171875	0.08514915	0.0002735571428571428	0.0009118571428571429	29.652979612350464	17465.35325741768
618	889.9416015483407	915.29	45.444091796875	0.08515108	0.0002735142857142857	0.0009117142857142857	29.330782413482666	17494.69434285164
619	936.6260324716822	953.11	45.453857421875	0.085152514	0.0002734714285714286	0.0009115714285714286	29.782277822494507	17524.478735923767
620	933.6111443904492	952.79	45.461669921875	0.085154675	0.00027342857142857144	0.0009114285714285715	29.295830011367798	17553.776337862015
621	922.5703225449392	928.88	45.4716796875	0.08515514	0.00027338571428571425	0.0009112857142857143	29.52352547645569	17583.307109117508
622	872.6273418777403	898.43	44.982666015625	0.08515543	0.0002733428571428571	0.0009111428571428571	29.258058547973633	17612.567054271698
623	864.3832582672168	877.93	45.490966796875	0.08515618	0.0002733	0.000911	29.26644730567932	17641.83493900299
624	865.0316078878577	880.93	44.759521484375	0.085156925	0.00027325714285714284	0.0009108571428571428	28.92164134979248	17670.76925754547
625	814.7758944912216	826.77	45.758544921875	0.08515796	0.0002732142857142857	0.0009107142857142857	29.087387561798096	17699.858781576157
626	710.9846526934688	757.52	45.52294921875	0.08515945	0.00027317142857142857	0.0009105714285714286	28.84989619255066	17728.709981441498
627	679.4699305107462	721.58	45.533203125	0.08515974	0.00027312857142857143	0.0009104285714285715	29.051345825195312	17757.774755477905
628	648.692422823621	706.32	45.54296875	0.08516056	0.00027308571428571424	0.0009102857142857143	29.045023918151855	17786.834775447845
629	695.32126836892	733.89	45.553466796875	0.08516115	0.0002730428571428571	0.0009101428571428572	29.05855941772461	17815.90622806549
630	653.8871274345827	708.73	45.812255859375	0.08516195	0.00027299999999999997	0.00091	29.29478931427002	17845.202749729156
631	707.7757090088436	775.83	45.569580078125	0.0851635	0.00027295714285714283	0.0009098571428571428	29.566178560256958	17874.770781755447
632	627.569529252603	704.51	45.57958984375	0.08516494	0.0002729142857142857	0.0009097142857142857	29.015088319778442	17903.794813156128
633	664.0859451677644	734.71	45.3408203125	0.085165866	0.00027287142857142856	0.0009095714285714286	29.319223880767822	17933.11598610878
634	617.4591133189579	669.07	45.601318359375	0.0851663	0.0002728285714285714	0.0009094285714285714	29.09553027153015	17962.23078107834
635	733.6717715745602	804.23	45.611328125	0.08516681	0.00027278571428571423	0.0009092857142857143	29.88218092918396	17992.114891529083
636	710.4412652093874	757.19	45.621337890625	0.08516725	0.0002727428571428571	0.0009091428571428572	29.30173110961914	18021.41808462143
637	729.4599805974332	795.04	45.63037109375	0.085167974	0.00027269999999999996	0.0009090000000000001	28.79968523979187	18050.239227056503
638	765.3704789389745	821.76	45.640380859375	0.08516884	0.0002726571428571428	0.0009088571428571428	28.92284893989563	18079.182314634323
639	750.4557428866427	809.88	45.900390625	0.085169844	0.0002726142857142857	0.0009087142857142857	28.954360961914062	18108.138789892197
640	730.4534713898846	793.05	45.9091796875	0.085171014	0.00027257142857142855	0.0009085714285714286	29.115318775177002	18137.26680636406
641	688.1394092722253	749.92	45.66943359375	0.08517176	0.0002725285714285714	0.0009084285714285715	27.08984875679016	18164.385137319565
642	730.3880289538082	810.09	45.68115234375	0.08517208	0.0002724857142857142	0.0009082857142857142	26.98203206062317	18191.36924648285
643	782.3567472439303	863.08	45.43994140625	0.08517226	0.00027244285714285714	0.0009081428571428571	28.340668201446533	18219.73187994957
644	695.8978477071124	756.13	45.697021484375	0.08517196	0.0002724	0.0009080000000000001	27.901556491851807	18247.648287773132
645	838.1550781927637	893.72	45.2080078125	0.08517108	0.00027235714285714287	0.000907857142857143	27.49541401863098	18275.162744998932
646	756.3348467182201	802.61	45.467529296875	0.08517095	0.0002723142857142857	0.0009077142857142857	27.566129207611084	18302.73073196411
647	787.2991642751782	826.88	45.72900390625	0.08517025	0.00027227142857142854	0.0009075714285714286	27.026795148849487	18329.759046792984
648	794.7529978472908	829.59	45.738525390625	0.08516971	0.0002722285714285714	0.0009074285714285715	27.80263376235962	18357.56277036667
649	794.500454828418	815.66	45.748779296875	0.085170634	0.00027218571428571427	0.0009072857142857143	26.694175004959106	18384.2588391304
650	769.9667548291624	807.88	45.755859375	0.08517155	0.00027214285714285714	0.0009071428571428571	28.060855388641357	18412.332367420197
651	758.3156224183251	795.47	45.765869140625	0.08517304	0.0002721	0.000907	27.756333112716675	18440.09969162941
652	794.4934805599167	844.05	45.527587890625	0.085173614	0.0002720571428571428	0.0009068571428571428	27.380929231643677	18467.492443799973
653	744.401421084671	793.63	45.787109375	0.085173756	0.0002720142857142857	0.0009067142857142858	27.391173839569092	18494.89475798607
654	750.460296793077	800.88	45.79736328125	0.08517418	0.00027197142857142854	0.0009065714285714286	28.682149171829224	18523.57881784439
655	817.1400962219486	872.13	45.556640625	0.08517498	0.0002719285714285714	0.0009064285714285715	28.472376585006714	18552.053484916687
656	793.6990340941702	850.04	45.815185546875	0.08517479	0.00027188571428571427	0.0009062857142857143	28.410728216171265	18580.482243537903
657	816.5114515886816	860.4	45.82666015625	0.08517492	0.00027184285714285713	0.0009061428571428572	27.510310888290405	18607.995104789734
658	742.364515866723	800.17	45.836669921875	0.085174896	0.0002718	0.000906	28.42031979560852	18636.417233467102
659	767.6267319935812	831.48	45.845703125	0.0851745	0.00027175714285714286	0.0009058571428571429	28.01115894317627	18664.44304418564
660	806.8662351009939	863.54	45.85595703125	0.08517579	0.00027171428571428567	0.0009057142857142857	27.731618404388428	18692.190802812576
661	782.5056236360743	844.69	45.866943359375	0.08517828	0.00027167142857142853	0.0009055714285714287	26.89785623550415	18719.09078335762
662	781.0019070817557	830.23	45.62646484375	0.085178725	0.0002716285714285714	0.0009054285714285715	27.912235736846924	18747.004899024963
663	855.2759744523463	895.18	45.636962890625	0.08517838	0.00027158571428571426	0.0009052857142857143	28.291884660720825	18775.298792362213
664	863.4953757535685	896.35	45.893798828125	0.08517781	0.0002715428571428571	0.0009051428571428572	29.623202800750732	18804.935034513474
665	775.5176032827944	831.52	45.904296875	0.08517611	0.0002715	0.0009050000000000001	28.986578464508057	18833.93406033516
666	827.2735909154065	872.57	45.916015625	0.08517486	0.0002714571428571428	0.0009048571428571428	29.733541250228882	18863.681002378464
667	875.2898501932114	923.11	45.9228515625	0.08517412	0.00027141428571428566	0.0009047142857142857	29.587653160095215	18893.270728588104
668	835.0436213219094	870.92	45.935791015625	0.085174195	0.0002713714285714286	0.0009045714285714286	29.78264546394348	18923.054733276367
669	835.4637566056855	890.56	45.94482421875	0.085174315	0.00027132857142857144	0.0009044285714285715	27.7708101272583	18950.82674241066
670	857.0919568404316	901.91	45.9541015625	0.08517482	0.00027128571428571425	0.0009042857142857142	28.29832172393799	18979.137875318527
671	769.5022814373582	827.44	45.964599609375	0.08517512	0.0002712428571428571	0.0009041428571428572	28.09112787246704	19007.231082439423
672	812.0282915171147	870.55	45.974609375	0.08517444	0.0002712	0.0009040000000000001	27.470452785491943	19034.714133024216
673	883.7186915041749	932.11	45.732421875	0.085173704	0.00027115714285714284	0.0009038571428571429	27.84623384475708	19062.577560186386
674	838.1155751335822	885.13	45.99365234375	0.085172005	0.0002711142857142857	0.0009037142857142857	28.310943365097046	19090.90273785591
675	856.6136173503753	892.53	45.50341796875	0.085170954	0.00027107142857142857	0.0009035714285714286	28.202780961990356	19119.107038974762
676	798.7908524133948	847.38	46.014892578125	0.08517105	0.00027102857142857143	0.0009034285714285715	28.327099084854126	19147.438745498657
677	900.6787831059203	913.45	45.774658203125	0.08517039	0.00027098571428571424	0.0009032857142857142	27.28358244895935	19174.731843471527
678	851.2941589649588	886.92	46.031494140625	0.08517134	0.0002709428571428571	0.0009031428571428571	27.064815044403076	19201.798740148544
679	858.0704012157164	899.53	46.043701171875	0.08517203	0.00027089999999999997	0.000903	28.1616530418396	19229.969305753708
680	854.9705309458138	902.57	46.302490234375	0.08517325	0.00027085714285714283	0.0009028571428571429	29.983957290649414	19259.96772646904
681	804.7192038407283	851.88	46.06201171875	0.08517399	0.0002708142857142857	0.0009027142857142857	29.304614067077637	19289.274362802505
682	811.433806419823	852.19	46.069580078125	0.08517488	0.00027077142857142856	0.0009025714285714286	29.654266119003296	19318.93109035492
683	725.0881935254303	778.18	46.082275390625	0.085175075	0.0002707285714285714	0.0009024285714285715	29.61514115333557	19348.55876994133
684	775.4420066998339	849.29	46.092041015625	0.08517555	0.00027068571428571424	0.0009022857142857143	29.418035984039307	19377.978736639023
685	810.069749714596	856.82	46.1025390625	0.08517585	0.0002706428571428571	0.0009021428571428571	29.80823516845703	19407.791625499725
686	760.1165903760101	784.77	46.1103515625	0.08517602	0.00027059999999999996	0.000902	29.271727323532104	19437.08310317993
687	752.6917833270325	813.64	46.370849609375	0.08517673	0.00027055714285714283	0.0009018571428571429	29.518649339675903	19466.60413813591
688	760.0402804820858	819.43	46.132568359375	0.085177384	0.0002705142857142857	0.0009017142857142857	29.42798376083374	19496.047405719757
689	754.612315114626	814.88	45.890869140625	0.08517748	0.00027047142857142856	0.0009015714285714286	29.76594114303589	19525.815042734146
690	774.3071205374257	824.6	46.651123046875	0.08517795	0.0002704285714285714	0.0009014285714285715	28.35450267791748	19554.171035289764
691	751.2130486852357	804.08	46.16162109375	0.08517766	0.00027038571428571423	0.0009012857142857143	27.867591857910156	19582.04302740097
692	783.905410964192	854.62	46.1708984375	0.085176565	0.0002703428571428571	0.0009011428571428572	28.999348640441895	19611.05473279953
693	783.2221713925393	851.28	46.180908203125	0.08517525	0.00027029999999999996	0.000901	29.625802516937256	19640.738743305206
694	736.4313914963542	813.97	46.19091796875	0.0851737	0.0002702571428571428	0.0009008571428571428	29.169108867645264	19669.970368862152
695	801.8914510303217	856.85	46.253662109375	0.085171975	0.0002702142857142857	0.0009007142857142857	28.973459005355835	19698.94760298729
696	797.6318786675309	873.16	46.259765625	0.08517027	0.00027017142857142855	0.0009005714285714286	29.888590812683105	19729.03215122223
697	805.1456779381895	874.25	46.51171875	0.0851691	0.0002701285714285714	0.0009004285714285714	29.404056310653687	19758.43904709816
698	909.5816228107163	961.31	46.263671875	0.08516827	0.0002700857142857143	0.0009002857142857143	29.37004280090332	19787.81876397133
699	834.1089029831794	906.12	46.265625	0.085167766	0.00027004285714285714	0.0009001428571428572	29.42582058906555	19817.258779525757
700	847.1612473053484	894.61	46.267578125	0.08516713	0.00027	0.0009000000000000001	29.60599637031555	19846.866947889328
701	872.3506978570866	939.77	46.771240234375	0.0851667	0.00026995714285714287	0.0008998571428571429	30.296991109848022	19877.178506612778
702	805.6991050613193	872.87	46.531005859375	0.08516691	0.0002699142857142857	0.0008997142857142857	29.887295246124268	19907.08276128769
703	858.0188073569727	899.79	46.040283203125	0.08516701	0.00026987142857142854	0.0008995714285714286	29.80365800857544	19936.888402700424
704	856.2730612940766	901.03	45.55859375	0.08516723	0.0002698285714285714	0.0008994285714285715	29.898936986923218	19966.78994512558
705	831.7745606908578	864.74	46.5595703125	0.0851661	0.00026978571428571427	0.0008992857142857142	30.147656440734863	19996.9511013031
706	856.9474020018279	898.31	47.0703125	0.085164696	0.00026974285714285713	0.0008991428571428571	29.566327571868896	20026.519030570984
707	833.2709910011587	869.82	46.5791015625	0.08516201	0.0002697	0.0008990000000000001	30.049921989440918	20056.570765018463
708	826.430297159783	852.03	46.340087890625	0.08515894	0.0002696571428571428	0.0008988571428571429	29.77470898628235	20086.346743106842
709	764.5804324656333	778.18	46.34619140625	0.08515506	0.00026961428571428567	0.0008987142857142857	29.826452255249023	20116.174817562103
710	854.227920377008	864.92	46.107421875	0.08515009	0.00026957142857142853	0.0008985714285714286	30.37420630455017	20146.550773859024
711	755.0385716582871	783.05	46.618896484375	0.08514371	0.0002695285714285714	0.0008984285714285715	28.592063426971436	20175.16275525093
712	779.4349674793283	804.65	46.37841796875	0.08513883	0.00026948571428571426	0.0008982857142857143	29.313084602355957	20204.48379921913
713	829.1910688908414	845.44	46.386962890625	0.085133575	0.0002694428571428571	0.0008981428571428571	29.41989541053772	20233.915330410004
714	817.9964582092557	823.27	46.14697265625	0.08512905	0.0002694	0.000898	28.36326313018799	20262.290754318237
715	774.791568900231	807.51	46.15673828125	0.08512523	0.00026935714285714285	0.000897857142857143	27.6234028339386	20289.922858953476
716	743.1905816854618	779.56	46.41552734375	0.08512225	0.00026931428571428566	0.0008977142857142858	28.16726541519165	20318.098742485046
717	793.0073712953149	813.87	46.423828125	0.085119635	0.0002692714285714285	0.0008975714285714286	28.842926263809204	20346.943195581436
718	694.5606972741826	740.59	46.6875	0.08511764	0.0002692285714285714	0.0008974285714285715	29.843241691589355	20376.79874587059
719	753.0262388888551	790.72	46.69873046875	0.08511618	0.00026918571428571425	0.0008972857142857143	29.675101280212402	20406.482763290405
720	687.6088066776423	728.49	46.2080078125	0.08511416	0.0002691428571428571	0.0008971428571428572	28.787577152252197	20435.27908396721
721	663.4779828684608	698.26	46.46728515625	0.085112266	0.0002691	0.000897	27.903411388397217	20463.18398165703
722	736.4499652132442	773.81	46.97412109375	0.08511127	0.0002690571428571428	0.0008968571428571428	28.73671817779541	20491.923051595688
723	773.1683630387821	819.71	46.4873046875	0.08511007	0.0002690142857142857	0.0008967142857142857	27.78350281715393	20519.722733020782
724	742.0040898982984	765.25	46.744873046875	0.08510938	0.0002689714285714286	0.0008965714285714285	27.93842649459839	20547.662731170654
725	812.3866984278634	825.1	46.5078125	0.085107416	0.00026892857142857144	0.0008964285714285715	29.890429973602295	20577.554762363434
726	753.3111505117333	764.28	46.515380859375	0.08510628	0.00026888571428571425	0.0008962857142857143	30.384315729141235	20607.952454566956
727	757.5328400800012	786.91	46.2763671875	0.08510501	0.0002688428571428571	0.0008961428571428572	29.945913076400757	20637.90460085869
728	811.7272299711698	832.52	45.795166015625	0.085104525	0.0002688	0.000896	29.679800748825073	20667.598996162415
729	779.6768573908101	826.77	46.54736328125	0.08510363	0.00026875714285714284	0.0008958571428571429	29.8712797164917	20697.478713035583
730	768.8547368154207	792.62	46.55615234375	0.08510394	0.0002687142857142857	0.0008957142857142857	30.126468181610107	20727.6070830822
731	770.5897613477683	793.52	46.564697265625	0.08510536	0.00026867142857142857	0.0008955714285714286	29.330055475234985	20756.938752889633
732	728.8039983656455	767.87	46.8251953125	0.085107885	0.00026862857142857143	0.0008954285714285714	29.472320079803467	20786.41487455368
733	763.5404819845429	782.45	46.586181640625	0.08510863	0.00026858571428571424	0.0008952857142857142	29.4065842628479	20815.822804927826
734	697.8945677345619	726.82	46.595947265625	0.08510897	0.0002685428571428571	0.0008951428571428572	28.982333660125732	20844.806744098663
735	814.5240656229821	843.05	46.60498046875	0.0851086	0.00026849999999999997	0.0008950000000000001	29.47685480117798	20874.2852063179
736	720.6495900312531	749.76	46.614990234375	0.085108764	0.00026845714285714283	0.0008948571428571428	29.87015438079834	20904.169540166855
737	755.7435135703553	779.02	46.6259765625	0.08510839	0.0002684142857142857	0.0008947142857142857	29.995606422424316	20934.16677260399
738	682.9055118977539	725.57	46.63525390625	0.0851092	0.00026837142857142856	0.0008945714285714286	30.1691677570343	20964.35188961029
739	651.6405138102552	680.17	46.1533203125	0.08510974	0.0002683285714285714	0.0008944285714285715	29.77928137779236	20994.146738529205
740	640.58087722803	672.7	46.658447265625	0.08511099	0.00026828571428571423	0.0008942857142857142	29.779008626937866	21023.934591054916
741	686.9012118044458	710.73	46.913818359375	0.085112534	0.0002682428571428571	0.0008941428571428571	30.126882314682007	21054.06321287155
742	721.402773405418	745.41	46.674560546875	0.085113965	0.00026819999999999996	0.000894	29.869877576828003	21083.935130119324
743	609.2702624155928	665.98	46.68212890625	0.08511535	0.0002681571428571428	0.000893857142857143	29.923434257507324	21113.87100839615
744	732.0055393898416	759.8	46.692626953125	0.08511735	0.0002681142857142857	0.0008937142857142857	29.17591142654419	21143.063324213028
745	692.2013686228611	725.83	46.45361328125	0.0851187	0.00026807142857142855	0.0008935714285714286	30.260984897613525	21173.326748609543
746	670.5753326683936	699.8	47.46337890625	0.08512079	0.0002680285714285714	0.0008934285714285715	30.14734435081482	21203.486789226532
747	713.5162619320856	742.33	46.724365234375	0.08512177	0.0002679857142857142	0.0008932857142857143	30.15321183204651	21233.642798900604
748	703.8521576477956	721.0	46.85498046875	0.085121386	0.0002679428571428571	0.0008931428571428571	29.58144736289978	21263.22775888443
749	793.0584934042004	815.27	46.8642578125	0.08512204	0.0002679	0.000893	29.56424045562744	21292.794809103012
750	875.3594458217972	883.1	46.869384765625	0.0851227	0.00026785714285714287	0.0008928571428571429	29.322469234466553	21322.142725467682
751	891.8486953588562	903.51	46.88037109375	0.085122384	0.0002678142857142857	0.0008927142857142857	29.649473667144775	21351.795108795166
752	849.4369535192807	862.12	47.13818359375	0.08512151	0.00026777142857142854	0.0008925714285714286	30.234771966934204	21382.033765792847
753	850.8605538621372	862.84	47.395263671875	0.0851207	0.0002677285714285714	0.0008924285714285715	29.93993091583252	21411.992534399033
754	833.8873213204785	836.83	46.904296875	0.08511862	0.00026768571428571427	0.0008922857142857143	30.150402784347534	21442.145827293396
755	953.7513041139831	939.14	46.91162109375	0.085116856	0.00026764285714285714	0.0008921428571428572	29.667115688323975	21471.821849822998
756	842.698774085393	853.03	47.17041015625	0.0851154	0.0002676	0.000892	30.021225452423096	21501.84529733658
757	873.3055152915362	875.68	46.92626953125	0.08511407	0.00026755714285714286	0.0008918571428571429	29.541935920715332	21531.40137219429
758	838.1594431272881	843.02	46.685302734375	0.08511283	0.00026751428571428567	0.0008917142857142857	29.943569898605347	21561.35901927948
759	833.9507535999577	847.68	46.939453125	0.085111834	0.00026747142857142854	0.0008915714285714286	29.79280686378479	21591.160308599472
760	809.5364237447953	829.23	47.20166015625	0.08511204	0.0002674285714285714	0.0008914285714285714	29.72479820251465	21620.886769771576
761	848.8833659400381	844.31	46.45947265625	0.08511148	0.00026738571428571426	0.0008912857142857143	29.622538566589355	21650.510738372803
762	792.8272014631373	816.66	47.216552734375	0.085110545	0.00026734285714285713	0.0008911428571428572	30.087541341781616	21680.607024669647
763	808.9584339065278	848.06	46.974609375	0.085109375	0.0002673	0.0008910000000000001	29.467981576919556	21710.093483924866
764	769.1130280691223	797.84	46.98291015625	0.08510778	0.00026725714285714286	0.0008908571428571429	30.30729627609253	21740.418739557266
765	824.7558423755737	847.13	46.73974609375	0.085107096	0.00026721428571428567	0.0008907142857142857	29.70247483253479	21770.12275314331
766	821.4021048504703	848.27	46.25537109375	0.0851062	0.00026717142857142853	0.0008905714285714286	29.823046445846558	21799.95073080063
767	777.5977231717791	817.0	47.257080078125	0.0851051	0.0002671285714285714	0.0008904285714285715	29.870781660079956	21829.82319688797
768	812.3212067268719	855.43	46.762451171875	0.08510465	0.00026708571428571426	0.0008902857142857143	29.53393292427063	21859.35873413086
769	835.5036024037356	863.68	47.020751953125	0.08510411	0.0002670428571428571	0.0008901428571428571	30.62614870071411	21889.986397504807
770	768.6203311194384	795.19	46.780029296875	0.08510363	0.000267	0.0008900000000000001	30.807278156280518	21920.810764074326
771	796.0380287154944	819.66	47.038818359375	0.08510333	0.00026695714285714285	0.000889857142857143	29.042704820632935	21949.85519552231
772	873.2211029519573	899.37	46.79541015625	0.08510393	0.00026691428571428566	0.0008897142857142857	29.1143581867218	21978.97094130516
773	821.4748584352731	844.94	47.0517578125	0.08510376	0.0002668714285714285	0.0008895714285714286	29.05557417869568	22008.043026685715
774	821.2507358072282	862.27	47.81201171875	0.08510355	0.00026682857142857144	0.0008894285714285715	27.971126079559326	22036.02674627304
775	850.8941227108829	878.49	47.318603515625	0.08510408	0.00026678571428571425	0.0008892857142857142	27.831252574920654	22063.866735219955
776	793.7278517056958	833.54	47.073486328125	0.085103385	0.0002667428571428571	0.0008891428571428571	30.007263660430908	22093.882749319077
777	830.2433510504419	859.3	47.334716796875	0.085102715	0.0002667	0.000889	29.797580003738403	22123.72273373604
778	822.6596132071843	850.87	47.092041015625	0.08510188	0.00026665714285714284	0.000888857142857143	29.41334056854248	22153.1457362175
779	847.25868506513	878.52	47.099853515625	0.08510139	0.0002666142857142857	0.0008887142857142856	29.661285877227783	22182.82083463669
780	840.3372864700104	883.4	46.608154296875	0.08510118	0.00026657142857142857	0.0008885714285714286	30.57645893096924	22213.439323425293
781	830.1362818520341	854.2	47.364013671875	0.08510116	0.00026652857142857143	0.0008884285714285715	29.751364707946777	22243.2347574234
782	768.0004371202335	808.64	47.374755859375	0.08510036	0.0002664857142857143	0.0008882857142857144	31.226396322250366	22274.46274828911
783	812.3656028751825	838.52	47.130126953125	0.08510011	0.0002664428571428571	0.0008881428571428571	29.926374912261963	22304.391802549362
784	795.7179586207443	822.89	46.64013671875	0.085099675	0.00026639999999999997	0.000888	29.485610008239746	22333.87917280197
785	787.6025995769861	834.02	47.147216796875	0.08509935	0.00026635714285714283	0.0008878571428571429	29.763465404510498	22363.6669986248
786	773.9126387647598	804.86	47.404296875	0.08510015	0.0002663142857142857	0.0008877142857142857	29.567148208618164	22393.246827602386
787	847.3287744978226	880.79	46.663330078125	0.085101314	0.00026627142857142856	0.0008875714285714285	29.227627754211426	22422.48707175255
788	837.8216060061496	873.25	47.172119140625	0.08510182	0.0002662285714285714	0.0008874285714285715	29.77419686317444	22452.262754917145
789	840.4734096681668	866.12	46.93017578125	0.08510227	0.00026618571428571424	0.0008872857142857143	27.193315982818604	22479.469051361084
790	761.836857999993	794.48	47.18701171875	0.08510239	0.0002661428571428571	0.0008871428571428572	27.432201385498047	22506.902764320374
791	792.6855189386137	838.54	47.19482421875	0.08510209	0.00026609999999999996	0.000887	27.883702516555786	22534.8030295372
792	771.0007083916389	800.82	47.202880859375	0.085102014	0.0002660571428571428	0.0008868571428571429	27.851523876190186	22562.670789003372
793	818.2883809569408	871.05	47.2109375	0.08510239	0.0002660142857142857	0.0008867142857142857	28.191492080688477	22590.87892460823
794	844.6634037453447	887.17	47.218994140625	0.08510222	0.00026597142857142855	0.0008865714285714286	27.554497957229614	22618.43473315239
795	814.3691435219683	855.93	47.227294921875	0.08510178	0.0002659285714285714	0.0008864285714285714	30.10686492919922	22648.542751073837
796	836.881263722428	895.49	47.23291015625	0.0851021	0.0002658857142857143	0.0008862857142857143	29.73895001411438	22678.290752887726
797	819.7335646796283	860.38	47.240966796875	0.08510184	0.0002658428571428571	0.0008861428571428572	29.419026374816895	22707.718828439713
798	862.5179576664315	893.21	47.250244140625	0.08510214	0.00026579999999999996	0.0008860000000000001	30.207202196121216	22737.938836812973
799	940.7268581620842	962.59	47.258544921875	0.085101515	0.0002657571428571428	0.0008858571428571429	30.23159885406494	22768.179420232773
800	922.1631763350011	934.34	47.266357421875	0.08510012	0.0002657142857142857	0.0008857142857142857	29.407382249832153	22797.60279083252
801	973.2114797465795	987.1	47.274169921875	0.08509919	0.00026567142857142855	0.0008855714285714286	29.48758029937744	22827.092081785202
802	947.6897380783246	960.42	47.28125	0.08509704	0.0002656285714285714	0.0008854285714285715	30.08089280128479	22857.17437362671
803	944.1213475244793	960.77	47.039794921875	0.085095786	0.0002655857142857142	0.0008852857142857142	30.294124841690063	22887.48580098152
804	995.7472336259889	987.58	47.29638671875	0.0850944	0.00026554285714285714	0.0008851428571428571	30.309793949127197	22917.813534259796
805	964.7055966109458	970.82	47.30419921875	0.0850927	0.0002655	0.000885	29.80693769454956	22947.622634887695
806	939.4205808693727	966.21	47.314208984375	0.08509042	0.00026545714285714287	0.000884857142857143	29.570159912109375	22977.194744586945
807	992.9311659478516	991.1	48.071533203125	0.085087836	0.0002654142857142857	0.0008847142857142857	29.566445112228394	23006.762785434723
808	942.733601641098	951.33	47.829833984375	0.08508512	0.00026537142857142854	0.0008845714285714286	29.63106107711792	23036.406732559204
809	923.1905183021852	934.16	47.08740234375	0.08508253	0.0002653285714285714	0.0008844285714285715	29.679636001586914	23066.102944612503
810	972.8022919733597	993.71	47.345458984375	0.08508066	0.00026528571428571427	0.0008842857142857144	29.978501558303833	23096.082770347595
811	945.5949710013739	951.95	47.353271484375	0.08507884	0.00026524285714285713	0.0008841428571428571	29.98284673690796	23126.06675887108
812	958.3125873299039	962.14	47.359619140625	0.08507738	0.0002652	0.000884	29.919559240341187	23156.002761125565
813	925.1814944991661	930.39	47.621826171875	0.08507555	0.00026515714285714286	0.0008838571428571429	29.592066049575806	23185.60361146927
814	910.292652410113	914.38	47.381591796875	0.08507419	0.00026511428571428567	0.0008837142857142857	30.149322271347046	23215.75462579727
815	916.4678443289572	913.06	47.391357421875	0.085072964	0.00026507142857142853	0.0008835714285714286	29.974846363067627	23245.731789827347
816	959.5808988700393	940.64	47.151123046875	0.085071065	0.0002650285714285714	0.0008834285714285715	29.261534452438354	23274.99475836754
817	949.4490768585501	917.1	47.6611328125	0.08507019	0.00026498571428571426	0.0008832857142857143	30.001975536346436	23304.998512744904
818	944.0669645980888	927.4	47.4208984375	0.08507007	0.0002649428571428571	0.0008831428571428572	29.711536169052124	23334.72697877884
819	916.4935933676584	910.99	47.4306640625	0.08507013	0.0002649	0.000883	30.299132585525513	23365.038835525513
820	904.1239257283181	894.45	47.1904296875	0.08506989	0.00026485714285714285	0.0008828571428571429	30.323355197906494	23395.378738880157
821	874.0608244199356	854.59	46.948486328125	0.08506834	0.00026481428571428566	0.0008827142857142857	30.166837692260742	23425.547082662582
822	873.4021527796338	856.43	47.460693359375	0.08506683	0.0002647714285714285	0.0008825714285714286	30.36734938621521	23455.916383504868
823	880.2383356286437	879.07	47.71875	0.08506617	0.0002647285714285714	0.0008824285714285714	29.955233097076416	23485.8864467144
824	888.7908381623629	892.27	47.23046875	0.085065365	0.00026468571428571425	0.0008822857142857144	29.783231735229492	23515.687099933624
825	910.4852491255075	912.83	47.48876953125	0.08506467	0.0002646428571428571	0.0008821428571428572	29.585845708847046	23545.27447938919
826	876.1829008332044	864.39	47.498291015625	0.08506289	0.0002646	0.000882	29.71792197227478	23575.03104686737
827	967.0167332107959	946.71	47.759521484375	0.08506137	0.00026455714285714284	0.0008818571428571429	30.58563470840454	23605.630635738373
828	943.286902618007	917.95	47.517333984375	0.0850598	0.00026451428571428565	0.0008817142857142857	30.01388931274414	23635.662381887436
829	946.5047455492445	927.9	48.278076171875	0.08505878	0.00026447142857142857	0.0008815714285714286	30.197941064834595	23665.874797344208
830	980.3889997195538	964.72	47.788818359375	0.085056715	0.00026442857142857144	0.0008814285714285714	29.957316637039185	23695.835161447525
831	965.4653279764445	937.44	47.54833984375	0.0850556	0.00026438571428571425	0.0008812857142857142	30.263684034347534	23726.102858543396
832	966.4872993624657	950.44	48.30859375	0.085055135	0.0002643428571428571	0.0008811428571428571	29.410406589508057	23755.517100572586
833	893.5904501928953	880.01	48.068359375	0.085054725	0.0002643	0.0008810000000000001	29.447022914886475	23784.967257499695
834	910.6689809416275	893.12	47.328125	0.08505408	0.00026425714285714284	0.0008808571428571429	27.97335147857666	23812.95373773575
835	952.5003266859865	921.74	46.84375	0.08505392	0.0002642142857142857	0.0008807142857142857	27.472562074661255	23840.428958415985
836	928.3598169849646	906.6	47.59716796875	0.08505536	0.00026417142857142856	0.0008805714285714286	28.615004301071167	23869.058765888214
837	842.249862748559	841.39	47.606201171875	0.08505666	0.00026412857142857143	0.0008804285714285715	27.806127309799194	23896.866406202316
838	847.7234629645103	830.63	47.3671875	0.08505633	0.0002640857142857143	0.0008802857142857143	27.575682878494263	23924.459107637405
839	881.5662979123897	878.64	47.6279296875	0.08505571	0.0002640428571428571	0.0008801428571428571	27.64306330680847	23952.10333108902
840	802.6771425706906	790.75	47.63623046875	0.08505583	0.00026399999999999997	0.00088	28.5155086517334	23980.621974229813
841	888.429671814083	870.53	47.644775390625	0.08505509	0.00026395714285714283	0.000879857142857143	27.84437370300293	24008.480090379715
842	893.1733606074717	866.22	47.6572265625	0.0850536	0.0002639142857142857	0.0008797142857142856	28.592325925827026	24037.073801517487
843	926.4378874154883	909.93	47.665771484375	0.08505174	0.00026387142857142856	0.0008795714285714286	28.99559998512268	24066.083059072495
844	854.1000552311406	837.93	47.6767578125	0.08505016	0.0002638285714285714	0.0008794285714285715	28.03952169418335	24094.135010004044
845	931.9537251744164	909.05	48.43505859375	0.08504822	0.00026378571428571423	0.0008792857142857143	27.087170600891113	24121.238715410233
846	873.1222367030932	860.26	47.695556640625	0.085046835	0.0002637428571428571	0.0008791428571428571	27.967011213302612	24149.21849513054
847	876.3157271841682	861.12	47.7060546875	0.08504555	0.00026369999999999996	0.000879	28.114902019500732	24177.33452486992
848	844.1494872976695	856.11	47.4658203125	0.085043825	0.0002636571428571428	0.0008788571428571429	28.424304008483887	24205.775721788406
849	816.3237597079637	820.61	47.7255859375	0.08504216	0.0002636142857142857	0.0008787142857142857	27.83533811569214	24233.612775087357
850	871.3177072688434	857.49	47.735107421875	0.085040994	0.00026357142857142855	0.0008785714285714285	27.848031520843506	24261.475343704224
851	837.6754705068923	823.99	47.74169921875	0.08503997	0.0002635285714285714	0.0008784285714285715	27.71394443511963	24289.19075536728
852	830.1501051499258	826.43	47.5068359375	0.08503953	0.0002634857142857143	0.0008782857142857144	27.35571599006653	24316.55105495453
853	838.1584376157778	835.3	48.015625	0.085038565	0.0002634428571428571	0.0008781428571428572	29.44289469718933	24345.995045661926
854	880.5780426455538	872.04	47.77490234375	0.08503773	0.00026339999999999995	0.000878	27.585846185684204	24373.59503173828
855	838.3958558162213	821.83	47.783447265625	0.08503596	0.00026335714285714287	0.0008778571428571429	28.047504425048828	24401.65501022339
856	847.334635738271	837.68	48.044677734375	0.08503393	0.0002633142857142857	0.0008777142857142857	29.75981569290161	24431.42732334137
857	883.0733906923607	859.93	48.0546875	0.085032016	0.00026327142857142854	0.0008775714285714286	29.871559381484985	24461.310997247696
858	866.7254473910901	859.04	47.687744140625	0.08503074	0.0002632285714285714	0.0008774285714285714	29.615673303604126	24490.943079948425
859	799.1089885620911	798.66	47.9453125	0.08502972	0.00026318571428571427	0.0008772857142857142	29.776420831680298	24520.729159832
860	948.4105610978078	925.05	47.954345703125	0.0850285	0.00026314285714285713	0.0008771428571428572	29.694315671920776	24550.43772506714
861	861.7154313218406	861.46	48.210693359375	0.08502641	0.0002631	0.0008770000000000001	30.085317611694336	24580.52450299263
862	895.4809884113967	874.13	47.719482421875	0.08502382	0.00026305714285714286	0.0008768571428571429	29.64093542098999	24610.166402578354
863	795.2388761570504	804.57	48.227294921875	0.08502167	0.00026301428571428567	0.0008767142857142857	30.25230383872986	24640.435796022415
864	870.9462024883244	872.02	47.985595703125	0.08501943	0.00026297142857142854	0.0008765714285714286	29.823009490966797	24670.260215997696
865	898.4562934278161	892.33	47.992431640625	0.08501718	0.0002629285714285714	0.0008764285714285715	29.55469012260437	24699.830070972443
866	888.8470808529289	873.18	48.25048828125	0.085014485	0.00026288571428571426	0.0008762857142857143	29.7028226852417	24729.54623579979
867	961.2360491627521	951.44	48.7587890625	0.08501073	0.00026284285714285713	0.0008761428571428571	28.143900156021118	24757.69171690941
868	907.8894062934243	902.63	48.0166015625	0.08500686	0.0002628	0.000876	27.56794261932373	24785.27514886856
869	935.2813135165851	927.51	48.2744140625	0.08500288	0.00026275714285714285	0.000875857142857143	26.91800308227539	24812.219030618668
870	991.6552614264291	966.94	48.282958984375	0.08499921	0.00026271428571428566	0.0008757142857142857	27.515663862228394	24839.75903058052
871	951.7125054649996	941.77	48.29052734375	0.084996305	0.00026267142857142853	0.0008755714285714286	28.467766046524048	24868.247018814087
872	924.9283188741633	929.83	48.048583984375	0.08499404	0.0002626285714285714	0.0008754285714285715	28.500348806381226	24896.767694473267
873	952.7996908384749	946.29	48.05615234375	0.0849916	0.00026258571428571426	0.0008752857142857144	27.709842443466187	24924.479013442993
874	940.9925829084901	938.63	48.063720703125	0.08498963	0.0002625428571428571	0.0008751428571428571	29.46430540084839	24953.959557056427
875	973.1535226145353	971.93	48.57177734375	0.08498866	0.0002625	0.000875	29.947633028030396	24983.915024518967
876	945.8484833745231	958.14	48.080078125	0.08498788	0.00026245714285714285	0.0008748571428571429	29.677119731903076	25013.59339737892
877	936.5168886090264	931.72	48.33740234375	0.08498631	0.0002624142857142857	0.0008747142857142858	29.94027018547058	25043.534739732742
878	940.7637954585454	951.33	48.0947265625	0.08498504	0.0002623714285714285	0.0008745714285714285	28.755057334899902	25072.302579164505
879	910.6556399827256	913.77	48.10302734375	0.08498451	0.0002623285714285714	0.0008744285714285715	29.08359146118164	25101.403015613556
880	839.0090606993342	855.38	48.359619140625	0.08498474	0.0002622857142857143	0.0008742857142857144	28.957465410232544	25130.37285923958
881	864.3740199520466	888.23	47.869384765625	0.084985055	0.0002622428571428571	0.0008741428571428571	27.31956195831299	25157.70705461502
882	824.3205386898973	887.5	48.12646484375	0.08498499	0.0002622	0.000874	29.62766981124878	25187.3508810997
883	916.1339601791111	940.21	48.133544921875	0.08498473	0.00026215714285714284	0.0008738571428571429	28.5474750995636	25215.914743423462
884	901.5959379307808	924.59	48.140625	0.084984876	0.00026211428571428565	0.0008737142857142857	30.039873838424683	25245.955680847168
885	888.254185140136	907.91	48.650146484375	0.08498559	0.00026207142857142857	0.0008735714285714285	29.60741400718689	25275.57879948616
886	938.6497492002105	938.2	48.408935546875	0.08498627	0.00026202857142857143	0.0008734285714285714	30.138556957244873	25305.718936920166
887	956.2589279438046	932.2	47.9150390625	0.08498778	0.00026198571428571424	0.0008732857142857142	28.65126085281372	25334.386741638184
888	889.2537559626159	873.14	48.1728515625	0.08499023	0.0002619428571428571	0.0008731428571428572	28.034580945968628	25362.42275571823
889	958.9694076182088	928.73	48.180908203125	0.08499209	0.00026189999999999997	0.000873	30.387458562850952	25392.83014845848
890	914.0347037751122	892.76	48.438720703125	0.08499422	0.00026185714285714283	0.0008728571428571429	29.774751901626587	25422.606355428696
891	899.7979590821502	881.27	48.19775390625	0.08499674	0.0002618142857142857	0.0008727142857142858	28.375866413116455	25450.995305538177
892	905.8796270984521	891.75	49.204345703125	0.08499912	0.00026177142857142856	0.0008725714285714286	28.134671211242676	25479.14207959175
893	905.2499614814537	903.67	48.211181640625	0.08500096	0.0002617285714285714	0.0008724285714285714	28.853365182876587	25508.00912284851
894	855.9849002103616	854.93	48.970947265625	0.08500268	0.0002616857142857143	0.0008722857142857143	29.111546277999878	25537.134778499603
895	857.756031420862	862.25	48.2294921875	0.085005015	0.0002616428571428571	0.0008721428571428571	29.043304920196533	25566.186749219894
896	842.7676206884593	840.24	48.4873046875	0.08500663	0.00026159999999999996	0.000872	28.9912691116333	25595.182730674744
897	862.4925655557719	858.48	48.744873046875	0.08500877	0.0002615571428571428	0.0008718571428571429	28.368995666503906	25623.556707382202
898	929.2979691242899	922.54	48.50146484375	0.08500982	0.0002615142857142857	0.0008717142857142857	28.882976770401	25652.441132307053
899	919.0084960131817	903.24	47.51611328125	0.08501067	0.00026147142857142855	0.0008715714285714286	29.492377758026123	25681.935070991516
900	828.517678396926	818.7	48.2666015625	0.08501101	0.0002614285714285714	0.0008714285714285715	28.657718181610107	25710.605155706406
901	895.4345712034468	891.17	48.275634765625	0.08501151	0.0002613857142857142	0.0008712857142857142	27.52357029914856	25738.142901659012
902	882.5495930104314	874.23	48.284423828125	0.085012235	0.0002613428571428571	0.0008711428571428571	27.87418818473816	25766.018729925156
903	831.0811965560782	829.16	48.292724609375	0.08501237	0.00026129999999999995	0.000871	28.02197575569153	25794.041843652725
904	850.707273199387	859.79	48.300048828125	0.08501172	0.0002612571428571428	0.0008708571428571429	28.08778405189514	25822.15105319023
905	846.5384211822598	847.24	48.306884765625	0.08501201	0.0002612142857142857	0.0008707142857142858	28.299316883087158	25850.45872092247
906	817.5799304715047	834.59	48.3154296875	0.085012734	0.00026117142857142855	0.0008705714285714286	29.082024097442627	25879.54275226593
907	848.8331012116457	852.79	48.322265625	0.085013025	0.0002611285714285714	0.0008704285714285715	28.5373637676239	25908.08875656128
908	815.9649447132729	815.69	48.089599609375	0.08501362	0.0002610857142857143	0.0008702857142857144	29.1594078540802	25937.258745908737
909	854.14618586218	833.99	48.088134765625	0.08501401	0.0002610428571428571	0.0008701428571428571	28.414311170578003	25965.685796260834
910	896.4525511461107	875.78	48.347412109375	0.08501347	0.000261	0.00087	26.851739406585693	25992.53894996643
911	880.2584091334343	865.26	48.103271484375	0.08501237	0.00026095714285714287	0.0008698571428571429	28.295533895492554	26020.85503268242
912	962.7141246989365	928.16	48.3623046875	0.08501154	0.0002609142857142857	0.0008697142857142857	27.90902805328369	26048.76562476158
913	927.2950890414993	892.83	48.371337890625	0.08500943	0.00026087142857142854	0.0008695714285714285	28.469407320022583	26077.23642849922
914	882.1925267348348	858.13	48.62744140625	0.085006796	0.0002608285714285714	0.0008694285714285715	28.344300508499146	26105.582720041275
915	879.0744569450137	865.37	48.3857421875	0.08500519	0.00026078571428571427	0.0008692857142857143	28.212526321411133	26133.796474933624
916	914.1277363874661	882.62	47.64306640625	0.085003234	0.00026074285714285713	0.0008691428571428572	27.999755859375	26161.79727578163
917	962.7345549362075	922.38	48.4091796875	0.08500149	0.0002607	0.000869	28.068953037261963	26189.868262290955
918	940.5216584278437	891.62	48.409423828125	0.08499963	0.00026065714285714286	0.0008688571428571429	27.88283085823059	26217.766251564026
919	880.3476633180985	862.15	47.918701171875	0.08499751	0.0002606142857142857	0.0008687142857142858	28.191508054733276	26245.971072912216
920	925.4843474085144	890.45	48.427490234375	0.084995486	0.00026057142857142853	0.0008685714285714286	28.582364320755005	26274.55512356758
921	970.1532967985589	933.34	47.932861328125	0.08499303	0.0002605285714285714	0.0008684285714285714	28.064855337142944	26302.621543884277
922	933.6326532247281	902.31	48.44287109375	0.084990315	0.00026048571428571426	0.0008682857142857143	29.439874172210693	26332.062764167786
923	904.7242748254675	876.95	48.451171875	0.084987134	0.0002604428571428571	0.0008681428571428571	29.559632778167725	26361.631077528
924	908.0890056512078	877.7	48.46142578125	0.084984876	0.0002604	0.0008680000000000001	29.56706714630127	26391.206921815872
925	963.4427692619549	925.71	47.972900390625	0.084980994	0.00026035714285714285	0.0008678571428571429	30.274409770965576	26421.505702018738
926	982.6075913773637	934.44	48.482666015625	0.08497638	0.00026031428571428566	0.0008677142857142857	29.65541124343872	26451.163037776947
927	969.8654790966161	927.32	48.491455078125	0.08497238	0.0002602714285714285	0.0008675714285714286	30.078065633773804	26481.242750167847
928	936.5004790377378	913.12	48.50146484375	0.084968574	0.0002602285714285714	0.0008674285714285714	29.79924726486206	26511.054740667343
929	951.4841152706357	927.33	48.51025390625	0.08496598	0.00026018571428571425	0.0008672857142857143	30.263753414154053	26541.334981918335
930	944.2590749825036	901.19	48.771728515625	0.08496451	0.0002601428571428571	0.0008671428571428571	30.395463943481445	26571.74444413185
931	1001.3045387431781	968.96	48.53173828125	0.084962726	0.0002601	0.000867	29.667153358459473	26601.414508342743
932	922.7753628626182	902.34	48.540771484375	0.084960826	0.00026005714285714284	0.0008668571428571428	30.103697538375854	26631.535039424896
933	995.0342792296755	966.33	48.55078125	0.08495909	0.0002600142857142857	0.0008667142857142858	29.914002895355225	26661.450776338577
934	920.0023229392448	902.46	48.811767578125	0.084957	0.0002599714285714285	0.0008665714285714286	29.74624514579773	26691.211192131042
935	944.7787935821441	913.29	48.319580078125	0.08495491	0.00025992857142857144	0.0008664285714285715	29.98978900909424	26721.20232772827
936	908.9331936100269	894.42	48.579345703125	0.08495372	0.0002598857142857143	0.0008662857142857143	30.034048557281494	26751.238735198975
937	926.6805399727349	918.9	48.589599609375	0.084951125	0.0002598428571428571	0.0008661428571428571	29.715501070022583	26780.96710038185
938	914.9172099048191	889.51	48.600830078125	0.08494916	0.00025979999999999997	0.000866	28.535375118255615	26809.510730981827
939	952.2751639639387	947.85	48.610595703125	0.08494722	0.00025975714285714284	0.0008658571428571429	28.910351753234863	26838.449046850204
940	916.4853563285579	913.4	48.128173828125	0.084946014	0.0002597142857142857	0.0008657142857142856	27.886945724487305	26866.337398290634
941	927.6580615170517	904.72	48.62841796875	0.08494535	0.00025967142857142856	0.0008655714285714285	28.591550827026367	26894.95476293564
942	923.1615140162821	905.84	48.1396484375	0.08494406	0.00025962857142857143	0.0008654285714285715	29.612048864364624	26924.582748889923
943	882.8008732369299	886.13	48.1484375	0.084942795	0.0002595857142857143	0.0008652857142857144	29.906519174575806	26954.49075293541
944	901.8873691150277	907.71	48.908203125	0.08494251	0.0002595428571428571	0.0008651428571428571	30.398893117904663	26984.891125679016
945	893.5236402855811	903.99	48.668212890625	0.08494257	0.00025949999999999997	0.000865	30.453773975372314	27015.346783399582
946	968.6448856759454	978.9	48.677001953125	0.08494335	0.00025945714285714283	0.0008648571428571429	30.071710109710693	27045.41958642006
947	957.2661890368863	955.86	48.688232421875	0.08494291	0.0002594142857142857	0.0008647142857142858	29.851396322250366	27075.282833337784
948	903.0760258284178	911.34	48.697998046875	0.084942915	0.00025937142857142856	0.0008645714285714285	30.395183801651	27105.690744161606
949	926.5562556328047	940.83	48.707763671875	0.08494276	0.0002593285714285714	0.0008644285714285714	30.491209745407104	27136.194505929947
950	882.6160499782661	912.13	48.716064453125	0.08494228	0.0002592857142857143	0.0008642857142857144	29.703662395477295	27165.91108441353
951	831.171359704259	876.46	48.72705078125	0.08494064	0.0002592428571428571	0.0008641428571428572	30.40051293373108	27196.31321787834
952	809.5249841377828	859.23	48.48681640625	0.08493925	0.00025919999999999996	0.000864	30.020108222961426	27226.347588777542
953	821.5254249427522	879.03	48.746826171875	0.084938474	0.0002591571428571428	0.0008638571428571429	29.991636991500854	27256.341099262238
954	783.941248930777	838.27	48.755859375	0.084938355	0.0002591142857142857	0.0008637142857142857	29.675472736358643	27286.031029462814
955	773.2199286657356	835.71	49.0146484375	0.084937684	0.00025907142857142855	0.0008635714285714286	29.81013011932373	27315.8427464962
956	739.5695109393159	796.19	49.026611328125	0.084937036	0.0002590285714285714	0.0008634285714285714	30.66316866874695	27346.507046461105
957	851.1240101353507	894.56	48.786865234375	0.08493757	0.0002589857142857143	0.0008632857142857143	29.599608421325684	27376.11908507347
958	850.2418593681541	881.43	48.920166015625	0.08493809	0.00025894285714285714	0.0008631428571428572	30.015539407730103	27406.147042751312
959	831.0926930939956	863.38	48.927490234375	0.08493892	0.00025889999999999995	0.000863	30.24238896369934	27436.39780163765
960	810.0604939164051	837.67	48.93603515625	0.084939815	0.0002588571428571428	0.0008628571428571429	29.543570041656494	27465.962751865387
961	768.5086549686861	791.28	48.943115234375	0.08494074	0.00025881428571428573	0.0008627142857142858	28.32615303993225	27494.290089845657
962	789.2699999503778	790.61	48.950439453125	0.08494141	0.00025877142857142854	0.0008625714285714286	28.908112287521362	27523.21561908722
963	855.4257639869373	859.06	48.959228515625	0.084942155	0.0002587285714285714	0.0008624285714285715	28.142722606658936	27551.360021352768
964	796.9722813621615	804.85	49.217041015625	0.08494235	0.00025868571428571427	0.0008622857142857143	29.54923176765442	27580.91107225418
965	934.4346745574978	907.76	48.97314453125	0.08494284	0.00025864285714285713	0.0008621428571428571	29.938030004501343	27610.850739240646
966	799.4211590723778	797.74	49.482666015625	0.0849424	0.0002586	0.000862	30.054784297943115	27640.90708589554
967	777.6268448219956	773.04	48.990234375	0.084941335	0.00025855714285714286	0.0008618571428571429	29.943673133850098	27670.85902929306
968	797.8828286651468	784.01	48.997802734375	0.0849396	0.00025851428571428567	0.0008617142857142856	29.98856830596924	27700.84947657585
969	822.2125268724809	826.15	48.755859375	0.084938206	0.00025847142857142853	0.0008615714285714286	30.027474641799927	27730.878762960434
970	804.076294788239	796.24	49.010986328125	0.08493641	0.0002584285714285714	0.0008614285714285715	30.326671838760376	27761.206837177277
971	763.2449434285968	755.9	49.02001953125	0.08493379	0.00025838571428571426	0.0008612857142857144	27.74405336380005	27788.953190088272
972	793.7091405423231	800.33	49.2802734375	0.08493146	0.0002583428571428571	0.0008611428571428572	28.01903462409973	27816.994238615036
973	685.6427555809735	709.31	49.286865234375	0.08492872	0.0002583	0.000861	29.670945405960083	27846.667056798935
974	719.0948453988042	735.64	49.296875	0.08492646	0.00025825714285714285	0.0008608571428571429	30.12276530265808	27876.79106450081
975	685.7814775426798	705.66	49.053466796875	0.084924065	0.0002582142857142857	0.0008607142857142858	29.612008333206177	27906.41168832779
976	733.8848091694039	763.36	49.060546875	0.084921576	0.00025817142857142853	0.0008605714285714285	29.9521222114563	27936.365904808044
977	742.5465890237617	761.11	49.068359375	0.08491918	0.0002581285714285714	0.0008604285714285714	29.900570154190063	27966.267914056778
978	696.1458657276023	711.36	48.574462890625	0.08491546	0.00025808571428571426	0.0008602857142857144	30.28800368309021	27996.571488142014
979	760.3731172887046	777.18	49.085693359375	0.08491242	0.0002580428571428571	0.0008601428571428571	29.69889235496521	28026.29965519905
980	712.0469732029477	744.72	49.092041015625	0.08490888	0.000258	0.00086	30.190482139587402	28056.491336107254
981	800.9789956368143	828.67	49.100341796875	0.08490684	0.00025795714285714285	0.0008598571428571429	29.38213038444519	28085.885611772537
982	676.4040566103063	698.7	49.108642578125	0.08490354	0.00025791428571428566	0.0008597142857142857	30.345900774002075	28116.233491659164
983	718.5985924734053	732.41	48.868408203125	0.08490094	0.0002578714285714285	0.0008595714285714285	29.852474689483643	28146.099972724915
984	820.4083875593855	827.44	49.122314453125	0.08490042	0.0002578285714285714	0.0008594285714285714	29.858148097991943	28175.965710878372
985	774.8868885908553	771.02	48.63232421875	0.08490021	0.00025778571428571425	0.0008592857142857143	30.154492378234863	28206.137204885483
986	838.7648687186775	839.07	48.640869140625	0.08490062	0.00025774285714285717	0.0008591428571428573	30.540050506591797	28236.694756269455
987	885.9172851690092	867.38	49.1474609375	0.08490026	0.0002577	0.000859	29.61877155303955	28266.314731121063
988	862.0271201954839	847.33	49.156005859375	0.08489922	0.00025765714285714284	0.0008588571428571429	30.552675008773804	28296.876134872437
989	886.4700670314506	868.77	48.912109375	0.08489882	0.0002576142857142857	0.0008587142857142858	30.30475115776062	28327.196259260178
990	875.741001173223	860.57	49.17236328125	0.08489847	0.0002575714285714285	0.0008585714285714286	30.06734848022461	28357.27884864807
991	855.4634440116447	857.89	49.1796875	0.08489803	0.00025752857142857143	0.0008584285714285714	29.111687421798706	28386.403023958206
992	848.2140653151423	834.16	49.43798828125	0.084897004	0.0002574857142857143	0.0008582857142857143	29.69919443130493	28416.114743471146
993	887.4495744171473	893.19	49.194580078125	0.0848951	0.0002574428571428571	0.0008581428571428571	29.883601188659668	28446.007085323334
994	780.8191797935423	786.58	48.45849609375	0.084893115	0.00025739999999999997	0.000858	30.391117095947266	28476.399834156036
995	857.095743867484	865.55	49.20849609375	0.0848924	0.00025735714285714283	0.0008578571428571428	30.249216556549072	28506.65101289749
996	881.1759430205141	868.72	49.217529296875	0.08489132	0.0002573142857142857	0.0008577142857142857	30.865931272506714	28537.533332824707
997	866.3703168779917	867.62	49.226806640625	0.08489049	0.00025727142857142856	0.0008575714285714286	28.5539391040802	28566.1091029644
998	880.2399444095001	874.27	48.734130859375	0.08489006	0.0002572285714285714	0.0008574285714285715	28.024659395217896	28594.14806342125
999	857.0340007229611	847.15	49.24365234375	0.08488893	0.0002571857142857143	0.0008572857142857143	29.069939136505127	28623.233516216278
1000	905.2946096794875	906.35	49.250732421875	0.0848889	0.00025714285714285715	0.0008571428571428572	28.615832567214966	28651.859068870544
1001	905.4262509825398	901.99	49.00634765625	0.084888496	0.00025709999999999996	0.000857	28.315540552139282	28680.17583322525
1002	834.130398713308	827.46	49.266845703125	0.084889114	0.0002570571428571428	0.0008568571428571429	27.92377996444702	28708.1151804924
1003	889.5068909479797	882.09	49.02392578125	0.08488959	0.0002570142857142857	0.0008567142857142857	29.810383796691895	28737.926743745804
1004	898.2683588035289	885.75	49.2822265625	0.08488947	0.00025697142857142855	0.0008565714285714285	29.92628264427185	28767.8547372818
1005	905.6799202155108	894.76	49.0400390625	0.084890254	0.0002569285714285714	0.0008564285714285715	29.732802629470825	28797.589124441147
1006	899.561713404682	890.01	49.04833984375	0.08488965	0.0002568857142857143	0.0008562857142857144	27.592036247253418	28825.18301820755
1007	905.5584256016414	891.92	49.555419921875	0.08488957	0.0002568428571428571	0.0008561428571428571	27.911689281463623	28853.10709619522
1008	916.239700388683	909.21	49.564208984375	0.084889926	0.00025679999999999995	0.000856	28.381882905960083	28881.501255512238
1009	946.9976244220919	926.43	49.320068359375	0.08489081	0.0002567571428571428	0.0008558571428571429	28.889636278152466	28910.40034508705
1010	964.7968938900682	958.33	49.326904296875	0.08489191	0.0002567142857142857	0.0008557142857142857	27.81298017501831	28938.214781045914
1011	954.3190655324019	951.31	49.5869140625	0.08489282	0.00025667142857142855	0.0008555714285714285	28.819478511810303	28967.050769090652
1012	940.695222424546	931.65	49.345458984375	0.08489265	0.0002566285714285714	0.0008554285714285714	30.226744174957275	28997.279027462006
1013	916.2585543973529	917.9	49.353271484375	0.08489261	0.00025658571428571427	0.0008552857142857144	29.60639786720276	29026.8870844841
1014	924.1326206465263	911.18	49.611328125	0.08489273	0.00025654285714285714	0.0008551428571428573	29.675323724746704	29056.574763298035
1015	931.0859570592146	924.56	49.369140625	0.08489338	0.00025649999999999995	0.000855	29.703585147857666	29086.291075229645
1016	889.6416987707664	873.84	49.376220703125	0.08489259	0.00025645714285714286	0.0008548571428571429	30.37105631828308	29116.67462849617
1017	939.6644394568332	937.58	49.38427734375	0.08489259	0.00025641428571428573	0.0008547142857142858	30.25977110862732	29146.936277151108
1018	918.3972807810245	917.02	49.142333984375	0.084892035	0.00025637142857142854	0.0008545714285714286	30.263548374176025	29177.218786478043
1019	935.8529617508273	927.57	49.400146484375	0.084891714	0.0002563285714285714	0.0008544285714285714	30.263153076171875	29207.486990213394
1020	897.8674573156164	892.23	49.4072265625	0.084891975	0.00025628571428571427	0.0008542857142857143	29.538363695144653	29237.02674460411
1021	952.6435723634374	926.52	49.416259765625	0.08489037	0.00025624285714285713	0.0008541428571428571	29.890624284744263	29266.919041633606
1022	919.5523916152904	900.58	49.92578125	0.08489015	0.0002562	0.000854	29.9808988571167	29296.9082634449
1023	932.7459170324629	900.37	49.1845703125	0.08488975	0.00025615714285714286	0.0008538571428571429	29.801954984664917	29326.72540140152
1024	851.8250881542331	833.88	49.943603515625	0.08488952	0.00025611428571428567	0.0008537142857142857	30.0235333442688	29356.770738124847
1025	855.3238512058729	831.09	49.453369140625	0.08488962	0.00025607142857142853	0.0008535714285714286	30.152161359786987	29386.935723781586
1026	825.6232474395944	807.89	49.214111328125	0.08488966	0.0002560285714285714	0.0008534285714285715	29.66201949119568	29416.59874367714
1027	848.5994471285613	824.57	49.471435546875	0.084891416	0.00025598571428571426	0.0008532857142857143	29.778143644332886	29446.37848854065
1028	794.1406288741347	782.1	48.983154296875	0.08489334	0.0002559428571428571	0.0008531428571428572	30.114474773406982	29476.494767189026
1029	789.2321688241044	767.93	49.49365234375	0.084894665	0.0002559	0.000853	29.933993816375732	29506.42989373207
1030	768.8136409732148	756.17	49.753662109375	0.08489636	0.00025585714285714285	0.0008528571428571428	29.867398023605347	29536.31101346016
1031	722.1603173098566	718.14	49.513916015625	0.08489803	0.0002558142857142857	0.0008527142857142857	29.567484140396118	29565.89101600647
1032	790.5612712317999	778.73	49.274169921875	0.08490026	0.0002557714285714285	0.0008525714285714286	29.863580226898193	29595.76299571991
1033	812.9040173988767	798.35	49.533447265625	0.08490229	0.0002557285714285714	0.0008524285714285715	29.979894638061523	29625.74449157715
1034	853.8049650292431	833.71	49.5439453125	0.084904306	0.00025568571428571425	0.0008522857142857143	29.90066432952881	29655.64676451683
1035	865.3961307009808	864.3	49.55224609375	0.08490616	0.0002556428571428571	0.0008521428571428571	29.634775161743164	29685.28274989128
1036	843.6488991845499	839.48	49.560791015625	0.08490751	0.0002556	0.000852	29.783281803131104	29715.078961372375
1037	802.6331779625922	802.65	49.57275390625	0.08490789	0.00025555714285714284	0.0008518571428571429	29.69570803642273	29744.787279844284
1038	849.9822988123374	842.12	49.3330078125	0.08490759	0.00025551428571428565	0.0008517142857142856	30.826737642288208	29775.615042209625
1039	882.4282945613172	868.83	49.84228515625	0.08490792	0.0002554714285714285	0.0008515714285714285	31.018797874450684	29806.634748220444
1040	874.8709254830917	867.7	49.35205078125	0.08490804	0.0002554285714285714	0.0008514285714285714	29.416319847106934	29836.0522005558
1041	892.9524040282266	894.26	49.610595703125	0.08490922	0.0002553857142857143	0.0008512857142857144	29.901015281677246	29865.954749822617
1042	949.7064624658418	949.94	49.62255859375	0.084910095	0.00025534285714285716	0.0008511428571428572	30.259658813476562	29896.235018014908
1043	912.7724655910033	908.01	49.63232421875	0.08491111	0.00025529999999999997	0.000851	30.064634323120117	29926.311867952347
1044	933.5359519131886	930.58	49.641357421875	0.084911995	0.00025525714285714284	0.0008508571428571429	27.86687159538269	29954.18115568161
1045	938.7689890280925	920.96	49.651611328125	0.08491305	0.0002552142857142857	0.0008507142857142858	28.57734704017639	29982.75955939293
1046	913.6046936028257	908.19	49.661376953125	0.08491386	0.00025517142857142856	0.0008505714285714285	28.19930672645569	30010.96070933342
1047	971.4784020049025	954.85	49.42138671875	0.08491405	0.0002551285714285714	0.0008504285714285714	26.591851949691772	30037.567361593246
1048	956.2454403327918	945.49	49.681884765625	0.084914304	0.0002550857142857143	0.0008502857142857143	28.708829879760742	30066.292224884033
1049	973.6850947503558	952.29	49.691162109375	0.08491426	0.0002550428571428571	0.0008501428571428571	30.17684578895569	30096.47074842453
1050	953.8602498332068	922.95	49.701171875	0.08491409	0.00025499999999999996	0.00085	29.98405647277832	30126.470750808716
1051	978.1096445829006	947.87	49.7099609375	0.084914245	0.00025495714285714283	0.0008498571428571429	30.079591989517212	30156.56303715706
1052	990.3421551720415	959.7	49.7197265625	0.084914275	0.0002549142857142857	0.0008497142857142858	30.138190507888794	30186.713742256165
1053	932.1008085444296	900.45	49.730712890625	0.08491391	0.00025487142857142856	0.0008495714285714286	29.523220777511597	30216.251163721085
1054	981.4526030691337	938.32	49.73974609375	0.08491217	0.0002548285714285714	0.0008494285714285714	30.053764820098877	30246.31717824936
1055	990.9144076262742	935.11	49.5	0.08491007	0.0002547857142857143	0.0008492857142857143	30.272078037261963	30276.59109210968
1056	954.40567484286	903.59	49.759765625	0.08490852	0.00025474285714285715	0.0008491428571428572	30.014017343521118	30306.606741666794
1057	938.207656870141	898.01	49.7685546875	0.08490745	0.00025469999999999996	0.000849	29.89458417892456	30336.502784729004
1058	949.2659539055952	898.4	49.779541015625	0.08490598	0.0002546571428571428	0.0008488571428571428	29.696863651275635	30366.212379455566
1059	920.6878089459289	870.26	49.538818359375	0.084905975	0.0002546142857142857	0.0008487142857142858	29.740397453308105	30395.979651212692
1060	963.8880379216328	920.09	49.798828125	0.084906526	0.00025457142857142855	0.0008485714285714286	29.755653142929077	30425.751046419144
1061	880.1772577189126	848.05	49.807373046875	0.08490637	0.0002545285714285714	0.0008484285714285715	29.535569667816162	30455.29506802559
1062	872.4476260658015	851.53	49.8173828125	0.08490614	0.0002544857142857143	0.0008482857142857143	29.46762704849243	30484.775045394897
1063	797.4864964288737	764.62	49.82861328125	0.08490685	0.0002544428571428571	0.0008481428571428571	30.070943117141724	30514.8662981987
1064	758.6436098020301	754.34	49.83642578125	0.08490733	0.00025439999999999995	0.000848	29.414875507354736	30544.298373937607
1065	752.2948528923547	748.73	49.847900390625	0.08490794	0.0002543571428571428	0.0008478571428571429	30.22691798210144	30574.53832101822
1066	708.9684915826168	713.73	49.8583984375	0.084908105	0.0002543142857142857	0.0008477142857142857	30.662306547164917	30605.213703870773
1067	738.2882239842371	730.3	49.869384765625	0.084908016	0.00025427142857142854	0.0008475714285714285	29.65498638153076	30634.870052099228
1068	757.9332489023302	749.72	49.87939453125	0.084908195	0.0002542285714285714	0.0008474285714285715	30.421961307525635	30665.294053077698
1069	771.2216478797553	760.96	49.88525390625	0.08490762	0.00025418571428571427	0.0008472857142857144	29.64707612991333	30694.95510649681
1070	808.1704159933465	802.23	49.896728515625	0.08490751	0.00025414285714285713	0.0008471428571428572	29.144703149795532	30724.115392923355
1071	842.8166679717189	844.47	49.907470703125	0.084906675	0.0002541	0.000847	29.931503295898438	30754.054969787598
1072	809.2134763905801	806.94	49.916015625	0.08490547	0.00025405714285714286	0.0008468571428571429	29.98748803138733	30784.05507707596
1073	855.8455434340239	862.06	49.67724609375	0.084903546	0.0002540142857142857	0.0008467142857142858	29.52750039100647	30813.610772371292
1074	847.9773015130476	844.84	49.68505859375	0.084902115	0.00025397142857142853	0.0008465714285714285	29.68725299835205	30843.306725502014
1075	895.2330403320282	900.26	49.945556640625	0.084901385	0.0002539285714285714	0.0008464285714285714	29.855119943618774	30873.16339445114
1076	893.1811072211108	898.18	50.456298828125	0.084901236	0.00025388571428571426	0.0008462857142857143	28.002241611480713	30901.16673731804
1077	921.1027093421524	910.21	49.9638671875	0.08490139	0.0002538428571428571	0.0008461428571428572	27.619398832321167	30928.794763565063
1078	919.9076296574058	917.99	49.97509765625	0.08490121	0.0002538	0.000846	28.600047826766968	30957.407502174377
1079	913.8026188106852	911.85	49.984375	0.084901206	0.00025375714285714285	0.0008458571428571429	28.40808391571045	30985.830773830414
1080	892.2330785349689	891.06	50.2451171875	0.08490071	0.0002537142857142857	0.0008457142857142858	28.315372467041016	31014.147699832916
1081	881.0033450995285	884.57	49.755859375	0.08490035	0.0002536714285714286	0.0008455714285714287	26.712926626205444	31040.876422405243
1082	894.8893224355905	889.63	50.015625	0.0848994	0.0002536285714285714	0.0008454285714285714	28.768699645996094	31069.646728515625
1083	929.4704748876633	922.29	49.77490234375	0.08489903	0.00025358571428571425	0.0008452857142857143	29.929786205291748	31099.577574014664
1084	929.9556430322258	922.77	49.53515625	0.08489797	0.0002535428571428571	0.0008451428571428572	30.33604407310486	31129.91475057602
1085	971.2123215083797	964.2	50.044921875	0.084896706	0.0002535	0.0008449999999999999	30.377606868743896	31160.293892383575
1086	974.3526577441434	961.3	49.677978515625	0.08489534	0.00025345714285714285	0.0008448571428571429	29.536086320877075	31189.85146522522
1087	941.6651548093671	935.49	50.18505859375	0.08489421	0.0002534142857142857	0.0008447142857142858	30.007086515426636	31219.873784542084
1088	944.5498081803545	941.9	50.191650390625	0.0848932	0.0002533714285714285	0.0008445714285714286	29.62332057952881	31249.49873971939
1089	991.687875454139	973.96	50.20166015625	0.08489239	0.0002533285714285714	0.0008444285714285714	29.3074734210968	31278.807384729385
1090	938.594273281013	920.54	50.209228515625	0.08489219	0.00025328571428571425	0.0008442857142857143	29.390740633010864	31308.199639320374
1091	936.3840924133146	927.6	49.966796875	0.08489123	0.0002532428571428571	0.0008441428571428571	29.826853275299072	31338.05073070526
1092	906.349589243636	888.33	49.974365234375	0.08489066	0.0002532	0.000844	29.43640112876892	31367.499856710434
1093	953.91304796869	945.07	50.2333984375	0.08488967	0.00025315714285714284	0.0008438571428571428	29.60973024368286	31397.125115156174
1094	915.97721685165	897.1	50.489501953125	0.08488831	0.0002531142857142857	0.0008437142857142857	30.060253858566284	31427.18677997589
1095	887.5195504406124	889.1	49.748046875	0.084886886	0.00025307142857142857	0.0008435714285714287	30.03454351425171	31457.222752332687
1096	870.1256218980867	860.93	50.756591796875	0.08488498	0.0002530285714285714	0.0008434285714285715	30.339232444763184	31487.566735744476
1097	918.3069392011181	900.9	50.26416015625	0.08488292	0.0002529857142857143	0.0008432857142857143	29.17980408668518	31516.74805521965
1098	897.6195639229309	889.17	50.27197265625	0.084881015	0.00025294285714285716	0.0008431428571428572	28.33865785598755	31545.10601210594
1099	921.4128171896562	908.48	50.52978515625	0.08487794	0.00025289999999999997	0.000843	28.13553476333618	31573.2550470829
1100	978.7954213679127	941.13	50.787109375	0.084874935	0.00025285714285714283	0.0008428571428571429	28.046379804611206	31601.309874773026
1101	935.1123380054951	904.94	50.296142578125	0.08487087	0.0002528142857142857	0.0008427142857142857	27.79354476928711	31629.117131710052
1102	970.4494723766603	924.77	50.3037109375	0.08486715	0.00025277142857142856	0.0008425714285714285	27.291842937469482	31656.423374652863
1103	962.6875273799944	914.55	50.311767578125	0.08486479	0.0002527285714285714	0.0008424285714285714	30.271223068237305	31686.706634521484
1104	984.3260065409206	941.13	49.81982421875	0.08486285	0.0002526857142857143	0.0008422857142857144	29.17049551010132	31715.878789186478
1105	971.7059365129611	928.58	50.326416015625	0.08486098	0.0002526428571428571	0.0008421428571428571	29.539226770401	31745.41923213005
1106	995.8860091522837	947.68	50.083740234375	0.08485877	0.00025259999999999996	0.000842	29.94107460975647	31775.37657237053
1107	928.9141157257815	894.12	49.84228515625	0.08485637	0.0002525571428571428	0.0008418571428571429	29.1436128616333	31804.53502368927
1108	986.078215001698	944.2	50.35107421875	0.08485448	0.0002525142857142857	0.0008417142857142858	29.651987552642822	31834.19546175003
1109	963.3828442619827	912.95	50.35888671875	0.0848522	0.00025247142857142855	0.0008415714285714286	29.830287218093872	31864.041934251785
1110	1007.3684371278147	953.98	50.61669921875	0.08485019	0.0002524285714285714	0.0008414285714285714	29.945087671279907	31893.98839044571
1111	934.7138002861211	886.37	50.372802734375	0.084847845	0.0002523857142857143	0.0008412857142857143	29.28443741798401	31923.274057626724
1112	1018.618491614499	952.22	50.382080078125	0.08484626	0.00025234285714285714	0.0008411428571428573	30.3150851726532	31953.591037750244
1113	929.6062768786582	883.54	50.639892578125	0.08484446	0.00025229999999999995	0.000841	30.33683443069458	31983.944221496582
1114	952.2326542658546	898.0	50.398681640625	0.084842734	0.0002522571428571428	0.0008408571428571429	30.063572645187378	32014.031057357788
1115	937.657133081193	870.48	50.406005859375	0.08484135	0.0002522142857142857	0.0008407142857142858	30.031562089920044	32044.07503604889
1116	959.8800333139387	901.67	50.41455078125	0.08484033	0.00025217142857142854	0.0008405714285714286	29.79448437690735	32073.88169813156
1117	1002.1017252297104	937.67	50.420166015625	0.084839664	0.0002521285714285714	0.0008404285714285714	30.237444162368774	32104.140965223312
1118	961.3958425462566	907.91	50.177001953125	0.084839396	0.00025208571428571427	0.0008402857142857143	29.51123833656311	32133.666744470596
1119	967.1544682972299	921.54	50.68701171875	0.08483865	0.0002520428571428571	0.0008401428571428571	29.678617238998413	32163.346748828888
1120	1007.2800348669196	945.11	50.693603515625	0.084837794	0.00025199999999999995	0.00084	29.300413846969604	32192.648567676544
1121	985.7750905028532	940.85	50.45263671875	0.08483667	0.0002519571428571428	0.0008398571428571428	27.687377452850342	32220.351105451584
1122	1016.6398946634353	950.37	50.21142578125	0.08483463	0.00025191428571428573	0.0008397142857142858	28.494611978530884	32248.847168922424
1123	970.1904948941373	916.29	50.46826171875	0.08483299	0.0002518714285714286	0.0008395714285714287	29.627400398254395	32278.49073791504
1124	1003.1492147270485	947.19	50.72705078125	0.084831186	0.0002518285714285714	0.0008394285714285715	29.807374715805054	32308.310752153397
1125	1006.771340862149	946.3	49.9921875	0.08482953	0.00025178571428571426	0.0008392857142857143	30.332021236419678	32338.64391684532
1126	1006.261223459849	948.67	50.49267578125	0.084828526	0.00025174285714285713	0.0008391428571428572	29.65924882888794	32368.318612337112
1127	1038.1216491824778	965.03	50.50048828125	0.084826656	0.0002517	0.000839	30.395030736923218	32398.714740276337
1128	974.1674209170429	914.58	50.25732421875	0.08482384	0.00025165714285714286	0.0008388571428571429	27.4635910987854	32426.187061071396
1129	866.9645278318343	818.51	50.765380859375	0.08482184	0.0002516142857142857	0.0008387142857142857	28.43059015274048	32454.619080781937
1130	964.1774683316306	901.36	50.03271484375	0.08481979	0.00025157142857142853	0.0008385714285714285	30.28336787223816	32484.910733938217
1131	911.284475235062	858.34	50.532958984375	0.08481687	0.0002515285714285714	0.0008384285714285715	29.400322198867798	32514.31244945526
1132	1010.8932015246683	927.9	50.5380859375	0.0848146	0.00025148571428571426	0.0008382857142857144	29.868944883346558	32544.18279671669
1133	949.2899514918344	900.72	50.79736328125	0.084812276	0.0002514428571428571	0.0008381428571428571	30.936684370040894	32575.12817120552
1134	927.4621606898899	870.51	50.8056640625	0.08481071	0.0002514	0.000838	31.15205693244934	32606.295205116272
1135	931.6035161945999	894.36	50.812744140625	0.08480952	0.00025135714285714285	0.0008378571428571429	30.30364966392517	32636.610822200775
1136	881.5348584277048	835.25	50.57177734375	0.084807105	0.0002513142857142857	0.0008377142857142857	30.831056356430054	32667.450741052628
1137	978.5268437591534	918.97	50.328125	0.08480557	0.0002512714285714286	0.0008375714285714286	30.791019439697266	32698.242750883102
1138	934.3862419056195	876.03	50.336669921875	0.084804356	0.0002512285714285714	0.0008374285714285714	30.26687264442444	32728.518759727478
1139	920.2193374223671	855.31	50.844482421875	0.084804446	0.00025118571428571425	0.0008372857142857143	29.954612255096436	32758.47501349449
1140	946.4548099727743	893.61	50.60302734375	0.08480483	0.0002511428571428571	0.0008371428571428572	30.014731884002686	32788.49074077606
1141	952.0583141549968	893.76	50.610595703125	0.08480507	0.0002511	0.000837	30.330838680267334	32818.82303214073
1142	987.2936175696378	920.42	50.867919921875	0.0848052	0.00025105714285714284	0.0008368571428571429	29.675936937332153	32848.51132750511
1143	962.8985803818115	901.46	50.6259765625	0.08480591	0.0002510142857142857	0.0008367142857142858	31.28580904006958	32879.798724889755
1144	996.3637607492439	929.47	50.384033203125	0.08480653	0.0002509714285714285	0.0008365714285714285	31.207453966140747	32911.0148062706
1145	895.8778965205762	855.96	51.142578125	0.08480664	0.0002509285714285714	0.0008364285714285714	30.174750566482544	32941.19102191925
1146	944.3151947791821	902.43	51.399658203125	0.08480635	0.00025088571428571424	0.0008362857142857143	31.10807156562805	32972.300725221634
1147	912.8247546640893	871.88	50.658447265625	0.08480688	0.0002508428571428571	0.0008361428571428571	30.467747449874878	33002.783100128174
1148	989.5508216267402	928.14	51.165771484375	0.08480824	0.00025079999999999997	0.0008359999999999999	30.286851406097412	33033.08704185486
1149	941.6739421153594	905.07	50.673828125	0.08480954	0.00025075714285714283	0.0008358571428571429	29.689817428588867	33062.79326963425
1150	943.9858752806341	891.06	50.681640625	0.084810406	0.0002507142857142857	0.0008357142857142858	30.207207679748535	33093.01471400261
1151	910.2824982262135	857.16	50.943359375	0.084810376	0.00025067142857142856	0.0008355714285714287	30.190779209136963	33123.20703458786
1152	899.263061455267	853.83	50.703369140625	0.0848102	0.0002506285714285714	0.0008354285714285714	29.858408451080322	33153.067086458206
1153	961.7453883612914	913.71	50.96240234375	0.08480943	0.0002505857142857143	0.0008352857142857143	30.02569890022278	33183.1010260582
1154	972.4314208053469	916.82	50.721435546875	0.084807895	0.00025054285714285715	0.0008351428571428572	29.630905866622925	33212.74961042404
1155	891.7401074870935	841.12	50.732177734375	0.0848076	0.00025049999999999996	0.000835	27.969430208206177	33240.720532894135
1156	824.9157357117496	789.58	50.7421875	0.08480725	0.0002504571428571428	0.0008348571428571428	29.511632204055786	33270.233785152435
1157	869.7619278906315	841.75	51.25048828125	0.084807634	0.0002504142857142857	0.0008347142857142857	28.95170497894287	33299.18705153465
1158	832.2126003149986	816.28	50.758544921875	0.084807396	0.00025037142857142855	0.0008345714285714286	29.163739442825317	33328.36701583862
1159	842.3337614938008	823.66	50.76953125	0.08480666	0.0002503285714285714	0.0008344285714285715	29.68351912498474	33358.06699204445
1160	875.6346651074216	854.41	50.7822265625	0.08480612	0.0002502857142857143	0.0008342857142857143	29.51419448852539	33387.582914590836
1161	913.4005123889103	879.96	50.79150390625	0.084804855	0.0002502428571428571	0.0008341428571428571	29.471033096313477	33417.05506110191
1162	912.8168010317779	874.59	51.04931640625	0.08480363	0.00025019999999999996	0.000834	29.51437783241272	33446.57110071182
1163	893.4357950141894	864.81	50.81201171875	0.0848012	0.0002501571428571428	0.0008338571428571429	29.986522912979126	33476.55897665024
1164	891.4960158587834	849.53	50.320068359375	0.08479941	0.0002501142857142857	0.0008337142857142857	30.134026527404785	33506.70945262909
1165	975.8089506963058	921.71	50.8310546875	0.084797524	0.00025007142857142855	0.0008335714285714286	31.34367537498474	33538.06706571579
1166	946.0411038657502	902.79	51.33935546875	0.08479497	0.0002500285714285714	0.0008334285714285714	29.111426830291748	33567.19474029541
1167	964.3258569085202	924.62	50.846435546875	0.08479273	0.0002499857142857143	0.0008332857142857144	29.74557590484619	33596.94216322899
1168	952.9311401512417	909.27	50.860595703125	0.08479082	0.00024994285714285714	0.0008331428571428572	29.76539373397827	33626.70877289772
1169	958.0661002666317	904.19	50.87841796875	0.0847893	0.00024989999999999995	0.000833	29.78090190887451	33656.49111890793
1170	938.4709958890635	898.18	50.88037109375	0.08478734	0.0002498571428571428	0.0008328571428571429	29.83821439743042	33686.33769249916
1171	1012.8159568087831	951.51	51.139404296875	0.08478574	0.0002498142857142857	0.0008327142857142858	30.19157314300537	33716.55081820488
1172	994.5794070103985	941.91	50.399169921875	0.08478281	0.00024977142857142854	0.0008325714285714285	29.830613374710083	33746.38300156593
1173	965.8963697065307	909.5	50.166748046875	0.08477938	0.0002497285714285714	0.0008324285714285714	30.09931993484497	33776.49475336075
1174	923.3619074759059	885.77	50.918212890625	0.08477665	0.00024968571428571427	0.0008322857142857143	30.03842568397522	33806.53476667404
1175	937.1693915412018	887.76	50.927978515625	0.084773846	0.00024964285714285713	0.0008321428571428573	29.797781467437744	33836.33509230614
1176	1024.718500631264	967.6	50.938232421875	0.084771685	0.00024959999999999994	0.000832	29.48868727684021	33865.82505083084
1177	980.0125825261795	924.0	50.9482421875	0.08477024	0.00024955714285714286	0.0008318571428571429	29.919755935668945	33895.750911951065
1178	1013.5419076218827	956.44	50.958251953125	0.08476814	0.0002495142857142857	0.0008317142857142858	29.926308631896973	33925.69398069382
1179	1000.6356565378156	960.11	51.2177734375	0.08476616	0.0002494714285714286	0.0008315714285714287	29.867143392562866	33955.56274008751
1180	1017.2431778264607	959.62	50.977783203125	0.0847643	0.0002494285714285714	0.0008314285714285714	30.46738910675049	33986.04674530029
1181	948.9356271368977	892.82	50.988037109375	0.0847632	0.00024938571428571426	0.0008312857142857143	30.28735637664795	34016.35075259209
1182	1021.1219195785058	952.66	51.248291015625	0.08476219	0.0002493428571428571	0.0008311428571428572	29.73425579071045	34046.08674621582
1183	976.4662812103757	929.77	51.0078125	0.0847601	0.0002493	0.0008309999999999999	30.038663148880005	34076.12703704834
1184	1019.2429212318821	962.51	51.267822265625	0.08475739	0.00024925714285714285	0.0008308571428571428	29.92022132873535	34106.048944711685
1185	1005.2653468922808	953.22	51.027587890625	0.08475596	0.0002492142857142857	0.0008307142857142858	29.68424940109253	34135.74775862694
1186	1028.786811073573	967.23	50.53662109375	0.08475351	0.0002491714285714285	0.0008305714285714286	29.371525287628174	34165.13473820686
1187	997.5838502796787	941.48	51.296630859375	0.084751554	0.0002491285714285714	0.0008304285714285714	30.199689865112305	34195.35495638847
1188	1061.4390854528153	990.0	51.056640625	0.084748976	0.00024908571428571425	0.0008302857142857143	29.906107425689697	34225.273369550705
1189	1028.9840372079238	967.01	51.31640625	0.084746875	0.0002490428571428571	0.0008301428571428572	29.580366373062134	34254.87563705444
1190	1044.484655060666	997.12	51.57568359375	0.08474443	0.000249	0.00083	29.545621633529663	34284.42277574539
1191	1002.1105837187338	944.12	51.3349609375	0.08474156	0.00024895714285714284	0.0008298571428571428	29.806992053985596	34314.23103785515
1192	1007.774249259276	960.76	50.603515625	0.08473781	0.0002489142857142857	0.0008297142857142857	29.70285391807556	34343.93501472473
1193	1036.9028881055158	975.62	51.104248046875	0.08473456	0.00024887142857142857	0.0008295714285714286	29.73087787628174	34373.686163425446
1194	1027.4872813465572	953.3	51.364501953125	0.08473135	0.0002488285714285714	0.0008294285714285715	29.61628293991089	34403.323456287384
1195	1028.7079794544022	959.02	51.12451171875	0.08472818	0.00024878571428571425	0.0008292857142857143	29.66800045967102	34433.00342082977
1196	1057.2941981260776	981.04	51.1357421875	0.08472472	0.0002487428571428571	0.0008291428571428572	29.561954736709595	34462.56680774689
1197	1076.6127826714148	990.25	51.1455078125	0.08472047	0.0002487	0.000829	29.505465745925903	34492.07338428497
1198	1045.4064454815802	966.54	51.1533203125	0.08471713	0.00024865714285714284	0.0008288571428571429	29.919917583465576	34521.99472904205
1199	1028.5328132079949	952.43	51.1650390625	0.08471339	0.0002486142857142857	0.0008287142857142857	30.001012325286865	34551.99741578102
1200	1042.5035222356246	963.73	51.42431640625	0.08470881	0.0002485714285714285	0.0008285714285714285	29.509852170944214	34581.50882411003
1201	1047.3695715167753	965.36	51.1845703125	0.08470408	0.0002485285714285714	0.0008284285714285714	30.183703422546387	34611.71497750282
1202	973.2816744482694	899.48	51.194091796875	0.084698655	0.0002484857142857143	0.0008282857142857143	29.575847864151	34641.29251074791
1203	987.8797855488339	927.27	51.4541015625	0.08469466	0.00024844285714285716	0.0008281428571428572	27.720016956329346	34669.013523340225
1204	969.7097342660227	912.44	51.21337890625	0.08469125	0.0002484	0.0008280000000000001	28.264246702194214	34697.278767585754
1205	942.9333732669692	880.52	51.2236328125	0.084687896	0.00024835714285714283	0.0008278571428571429	30.00778818130493	34727.29907131195
1206	1019.5570585282206	948.94	51.483642578125	0.08468438	0.0002483142857142857	0.0008277142857142858	29.72223210334778	34757.033648729324
1207	1046.4525419377037	961.09	51.493408203125	0.08468124	0.00024827142857142856	0.0008275714285714286	29.679678678512573	34786.727080345154
1208	1035.5226523064323	960.54	51.501708984375	0.08467871	0.0002482285714285714	0.0008274285714285714	30.05069899559021	34816.778762340546
1209	999.5590911727363	937.08	52.01220703125	0.0846759	0.0002481857142857143	0.0008272857142857143	26.742708683013916	34843.523000240326
1210	1018.5053112732875	958.09	51.2705078125	0.08467411	0.00024814285714285715	0.0008271428571428572	27.939628839492798	34871.475016355515
1211	991.5785950057882	932.31	51.5322265625	0.084670596	0.00024809999999999996	0.0008269999999999999	27.17000126838684	34898.665189266205
1212	1014.1696016424493	950.35	51.54296875	0.08466678	0.0002480571428571428	0.0008268571428571429	27.751383066177368	34926.43075585365
1213	988.666538982342	925.36	51.55224609375	0.0846625	0.0002480142857142857	0.0008267142857142858	28.758682250976562	34955.191037893295
1214	1042.6337528621336	968.85	52.18603515625	0.08465925	0.00024797142857142855	0.0008265714285714286	28.86344289779663	34984.062859773636
1215	1016.0362564285153	965.07	51.44384765625	0.084656514	0.0002479285714285714	0.0008264285714285714	29.39516568183899	35013.45906615257
1216	1028.4533336823154	970.34	50.4580078125	0.08465382	0.0002478857142857143	0.0008262857142857143	28.2216637134552	35041.68226099014
1217	970.1256073399335	941.91	51.70947265625	0.084650636	0.00024784285714285714	0.0008261428571428572	28.79925537109375	35070.48310923576
1218	988.678169051748	950.05	51.967041015625	0.08464766	0.0002478	0.0008260000000000001	29.77457356452942	35100.25901532173
1219	932.733731358223	918.81	51.724609375	0.08464563	0.0002477571428571428	0.0008258571428571428	29.83350157737732	35130.10497403145
1220	928.9449481356974	896.77	51.48291015625	0.08464434	0.0002477142857142857	0.0008257142857142857	29.83879017829895	35159.95829606056
1221	949.3786080539686	927.32	51.48974609375	0.08464364	0.00024767142857142854	0.0008255714285714287	29.923648595809937	35189.894357442856
1222	975.8230335413356	942.83	51.9970703125	0.084644146	0.0002476285714285714	0.0008254285714285715	29.876346826553345	35219.79104232788
1223	946.7037321742623	917.77	51.254638671875	0.08464355	0.00024758571428571427	0.0008252857142857143	30.219501495361328	35250.02674937248
1224	988.9020856252299	944.34	52.01416015625	0.084642835	0.00024754285714285713	0.0008251428571428572	29.691333770751953	35279.71912622452
1225	960.9724423746646	941.27	52.02197265625	0.084642194	0.00024749999999999994	0.000825	30.3599591255188	35310.091145038605
1226	1033.6191220727635	990.67	51.529296875	0.08464211	0.0002474571428571428	0.0008248571428571429	30.299317836761475	35340.40281248093
1227	1030.5861492738823	982.69	51.537109375	0.08464256	0.00024741428571428567	0.0008247142857142857	29.671997547149658	35370.076649427414
1228	991.6512273200283	936.45	51.54638671875	0.08464146	0.00024737142857142854	0.0008245714285714285	29.992673873901367	35400.07105469704
1229	968.1287832588507	930.61	51.80419921875	0.084639795	0.0002473285714285714	0.0008244285714285714	29.88839101791382	35429.97908592224
1230	990.0634184034456	939.29	52.060302734375	0.08463878	0.00024728571428571426	0.0008242857142857144	29.96754240989685	35459.954961299896
1231	986.8704278752116	939.75	51.569580078125	0.08463832	0.00024724285714285713	0.0008241428571428572	29.713075637817383	35489.68428874016
1232	1009.7347446872968	960.87	51.085205078125	0.08463747	0.0002472	0.0008240000000000001	30.056774616241455	35519.75995373726
1233	1010.7301380342028	952.56	51.58544921875	0.08463665	0.00024715714285714286	0.0008238571428571429	29.99506425857544	35549.76675367355
1234	1050.2719749782057	984.88	52.093017578125	0.08463583	0.0002471142857142857	0.0008237142857142858	30.34337615966797	35580.12271666527
1235	1051.8109633812846	977.55	51.851318359375	0.08463504	0.0002470714285714286	0.0008235714285714286	30.556416749954224	35610.68090629578
1236	1016.5068124471321	934.16	51.608154296875	0.08463377	0.0002470285714285714	0.0008234285714285714	29.8085880279541	35640.49085402489
1237	1000.3431710943255	934.53	51.864501953125	0.084632434	0.00024698571428571426	0.0008232857142857143	29.843737363815308	35670.35504555702
1238	981.4532698219471	922.09	51.624267578125	0.084631525	0.0002469428571428571	0.0008231428571428571	28.367547512054443	35698.73104119301
1239	1035.1478781296094	944.43	52.131103515625	0.08463072	0.0002469	0.000823	28.614096641540527	35727.34672951698
1240	1024.8821007315591	955.63	51.889892578125	0.08462924	0.00024685714285714285	0.0008228571428571429	29.783358097076416	35757.142758369446
1241	1031.5679480897818	956.79	52.397216796875	0.08462834	0.0002468142857142857	0.0008227142857142858	29.384090900421143	35786.52812361717
1242	1042.1138743301988	963.82	51.65576171875	0.084626645	0.0002467714285714285	0.0008225714285714285	29.892688751220703	35816.42280817032
1243	939.6702876635709	881.36	52.4130859375	0.08462515	0.0002467285714285714	0.0008224285714285714	30.67127752304077	35847.110751628876
1244	941.8451457386585	887.74	51.67041015625	0.084623136	0.00024668571428571425	0.0008222857142857143	29.917152881622314	35877.02923321724
1245	935.7425809003828	877.61	51.428466796875	0.08462199	0.0002466428571428571	0.0008221428571428572	29.742275714874268	35906.78562116623
1246	905.2608476154829	842.25	52.185546875	0.08462041	0.0002466	0.000822	29.843209266662598	35936.64275145531
1247	968.3327164501466	892.57	51.195556640625	0.08461749	0.00024655714285714284	0.0008218571428571428	29.668501377105713	35966.31253314018
1248	1010.0215261618742	924.72	51.453857421875	0.084614955	0.0002465142857142857	0.0008217142857142858	27.75910782814026	35994.086743831635
1249	984.0199605742289	903.74	51.960693359375	0.08461151	0.00024647142857142857	0.0008215714285714287	28.223105430603027	36022.334765672684
1250	921.0456681869042	860.82	51.7197265625	0.084608175	0.0002464285714285714	0.0008214285714285714	28.024345874786377	36050.36013460159
1251	960.8325418637509	905.46	51.476806640625	0.084605254	0.00024638571428571424	0.0008212857142857143	27.56276798248291	36077.934037685394
1252	977.4777385053604	902.71	51.732666015625	0.08460265	0.0002463428571428571	0.0008211428571428572	29.57550287246704	36107.522758722305
1253	927.2772043306121	880.85	51.742919921875	0.08460014	0.00024629999999999997	0.000821	29.83016324043274	36137.36163973808
1254	995.2706846414242	943.13	51.750244140625	0.08459761	0.00024625714285714283	0.0008208571428571428	29.976630687713623	36167.35983490944
1255	903.0970435077159	863.33	52.005615234375	0.08459529	0.0002462142857142857	0.0008207142857142857	29.257384538650513	36196.6289665699
1256	986.631637254987	922.4	51.51513671875	0.08459244	0.0002461714285714285	0.0008205714285714285	30.093379974365234	36226.724209070206
1257	936.3810488185233	894.24	51.7734375	0.084589936	0.00024612857142857137	0.0008204285714285715	31.258862733840942	36257.99886417389
1258	963.1942139124083	919.68	51.7822265625	0.08458734	0.0002460857142857143	0.0008202857142857143	35.06654644012451	36293.066981077194
1259	1026.5787259617225	953.66	51.7890625	0.0845853	0.00024604285714285715	0.0008201428571428572	33.903587341308594	36326.979039907455
1260	947.9655703788837	887.85	51.796875	0.08458337	0.000246	0.0008200000000000001	34.15477180480957	36361.14619278908
1261	1005.056089839005	931.29	51.804931640625	0.08458137	0.0002459571428571428	0.0008198571428571429	34.07244038581848	36395.231117486954
1262	1010.7925768154711	933.35	51.813720703125	0.0845793	0.0002459142857142857	0.0008197142857142857	31.827631950378418	36427.071044921875
1263	1011.816784722067	937.06	51.820556640625	0.084576756	0.00024587142857142855	0.0008195714285714286	30.66292929649353	36457.74232149124
1264	1000.9751213017477	932.49	51.57958984375	0.08457324	0.0002458285714285714	0.0008194285714285714	30.288573741912842	36488.03279876709
1265	958.8896617586895	910.13	52.085693359375	0.08457046	0.0002457857142857143	0.0008192857142857143	28.455577611923218	36516.49093532562
1266	978.3239273132708	930.58	51.844970703125	0.08456775	0.00024574285714285715	0.0008191428571428572	28.622978925704956	36545.11502242088
1267	1001.9201765305664	954.68	51.85205078125	0.08456454	0.00024569999999999995	0.000819	29.21563410758972	36574.347081422806
1268	980.941670242984	928.9	51.859619140625	0.08456153	0.0002456571428571428	0.0008188571428571429	29.010951042175293	36603.359587192535
1269	934.7357027319554	897.2	52.117919921875	0.08455775	0.0002456142857142857	0.0008187142857142858	29.267945051193237	36632.63948559761
1270	983.4449397107968	950.51	51.876220703125	0.084554166	0.00024557142857142855	0.0008185714285714285	29.368679761886597	36662.02425670624
1271	980.0032728779057	934.89	51.884033203125	0.08455021	0.0002455285714285714	0.0008184285714285714	28.289137601852417	36690.31503415108
1272	1041.4466402928729	983.12	51.6416015625	0.08454714	0.0002454857142857143	0.0008182857142857143	29.451754093170166	36719.783296108246
1273	1016.3678702109739	952.7	51.8994140625	0.08454355	0.00024544285714285714	0.0008181428571428572	28.165481567382812	36747.949892520905
1274	962.0701874913254	905.07	52.156982421875	0.08454034	0.0002454	0.000818	26.73532223701477	36774.690757513046
1275	962.4735407543084	916.55	52.16552734375	0.084537655	0.0002453571428571428	0.0008178571428571428	29.22933292388916	36803.93282413483
1276	1025.9563482018461	967.58	51.92333984375	0.08453489	0.0002453142857142857	0.0008177142857142858	29.07156801223755	36833.01900792122
1277	968.5851701139578	933.3	51.93115234375	0.084531575	0.00024527142857142854	0.0008175714285714287	27.598660469055176	36860.61909651756
1278	917.66204730661	890.21	51.940673828125	0.08452926	0.0002452285714285714	0.0008174285714285714	27.41650104522705	36888.04789209366
1279	970.058990591935	923.24	51.457275390625	0.084527254	0.00024518571428571427	0.0008172857142857143	27.292078256607056	36915.35546708107
1280	922.1835132009104	884.1	51.468017578125	0.0845246	0.00024514285714285713	0.0008171428571428572	28.656383514404297	36944.01315307617
1281	1030.6874459386743	969.11	52.220947265625	0.08452219	0.00024509999999999994	0.000817	27.051637887954712	36971.07903265953
1282	1011.6622350027296	960.28	51.98046875	0.08452039	0.0002450571428571428	0.0008168571428571428	27.638514518737793	36998.71900367737
1283	955.433138531685	899.97	52.240234375	0.0845184	0.0002450142857142857	0.0008167142857142857	26.82421326637268	37025.563448905945
1284	1003.6081102615752	948.86	51.9990234375	0.08451616	0.00024497142857142853	0.0008165714285714285	26.66970944404602	37052.234736442566
1285	920.3337034012362	878.55	52.009765625	0.084513366	0.0002449285714285714	0.0008164285714285715	27.126375675201416	37079.362728595734
1286	1001.7003314208986	939.94	52.01953125	0.0845112	0.00024488571428571426	0.0008162857142857143	27.140008211135864	37106.51143407822
1287	956.8387708404813	907.08	52.029296875	0.08450919	0.0002448428571428571	0.0008161428571428572	28.947394609451294	37135.46020531654
1288	970.3903836723995	902.64	52.03857421875	0.08450719	0.0002448	0.0008160000000000001	28.71688723564148	37164.178180933
1289	1026.1828920664036	939.18	52.048828125	0.08450509	0.00024475714285714285	0.0008158571428571428	27.819584608078003	37191.99881076813
1290	1009.8195166598581	931.46	52.0576171875	0.084503554	0.0002447142857142857	0.0008157142857142857	27.63135290145874	37219.642743349075
1291	917.9944029827969	864.15	52.567626953125	0.084501565	0.0002446714285714286	0.0008155714285714286	28.2719247341156	37247.930603027344
1292	1037.4126515851835	960.6	52.076171875	0.08450076	0.0002446285714285714	0.0008154285714285714	28.971134424209595	37276.91477942467
1293	915.1920209778981	851.36	52.08642578125	0.08449969	0.00024458571428571425	0.0008152857142857142	28.931557655334473	37305.858790159225
1294	942.9899730483642	888.5	52.097412109375	0.0844993	0.0002445428571428571	0.0008151428571428572	26.69804048538208	37332.565479278564
1295	967.2367474323805	914.59	52.85888671875	0.08449921	0.0002445	0.000815	28.076494932174683	37360.642782211304
1296	916.7465645644228	857.7	52.1181640625	0.0844993	0.00024445714285714284	0.0008148571428571429	27.558614015579224	37388.20224905014
1297	923.6909789194424	858.92	52.37841796875	0.0844996	0.0002444142857142857	0.0008147142857142857	28.470958709716797	37416.67362809181
1298	967.3757878528727	899.8	52.13427734375	0.08449941	0.00024437142857142857	0.0008145714285714286	29.010087490081787	37445.68458080292
1299	885.1017997691051	839.4	52.646728515625	0.084500104	0.0002443285714285714	0.0008144285714285714	29.6458101272583	37475.331387043
1300	952.4352811010515	886.2	52.405517578125	0.08449981	0.00024428571428571424	0.0008142857142857143	29.71999478340149	37505.06339597702
1301	918.0586568373718	869.64	52.4150390625	0.08449966	0.0002442428571428571	0.0008141428571428571	29.517765760421753	37534.58283162117
1302	932.2183044474585	875.25	52.42724609375	0.08449931	0.00024419999999999997	0.000814	29.75045895576477	37564.335045814514
1303	936.8979591422332	879.92	51.93603515625	0.08450013	0.00024415714285714284	0.0008138571428571429	29.947400093078613	37594.302741765976
1304	874.3251619141656	828.75	52.446533203125	0.08450186	0.0002441142857142857	0.0008137142857142858	29.382692098617554	37623.69821858406
1305	942.6789709832311	879.36	51.706298828125	0.084503956	0.00024407142857142856	0.0008135714285714286	29.095987558364868	37652.80672264099
1306	938.8897608484756	887.14	51.966064453125	0.084505536	0.0002440285714285714	0.0008134285714285714	29.227601051330566	37682.04710316658
1307	945.4745233381279	893.28	51.725341796875	0.08450682	0.00024398571428571426	0.0008132857142857143	29.20251154899597	37711.24996972084
1308	871.4155864283982	832.57	52.234619140625	0.08450732	0.00024394285714285713	0.0008131428571428572	29.85584568977356	37741.10676932335
1309	962.4163968211149	919.08	51.502197265625	0.0845072	0.00024389999999999997	0.0008129999999999999	29.32055401802063	37770.44000506401
1310	896.4990495225998	846.77	52.255126953125	0.08450737	0.00024385714285714283	0.0008128571428571428	28.32085394859314	37798.762380599976
1311	1003.7228538953033	930.01	52.7646484375	0.084506564	0.0002438142857142857	0.0008127142857142858	29.500471591949463	37828.26440310478
1312	1002.3558681928887	919.95	52.02490234375	0.08450528	0.00024377142857142856	0.0008125714285714287	28.621273517608643	37856.90065407753
1313	1017.5655453660937	943.2	52.533935546875	0.08450347	0.0002437285714285714	0.0008124285714285714	28.30027723312378	37885.203087329865
1314	983.7570327400347	913.09	52.295166015625	0.084501445	0.00024368571428571426	0.0008122857142857143	28.725645542144775	37913.94520401955
1315	952.2057851803859	892.95	52.0546875	0.084498726	0.00024364285714285712	0.0008121428571428572	27.516608953475952	37941.46290779114
1316	1007.7703693758273	937.37	52.0634765625	0.0844951	0.00024359999999999999	0.0008120000000000001	28.61868381500244	37970.082904577255
1317	992.1241011538214	917.39	51.82373046875	0.08449176	0.00024355714285714282	0.0008118571428571428	27.12735152244568	37997.226773023605
1318	965.253126045332	895.04	51.833984375	0.08448913	0.00024351428571428569	0.0008117142857142857	27.918419361114502	38025.14678812027
1319	1040.7624060874564	960.47	52.093994140625	0.08448612	0.00024347142857142855	0.0008115714285714286	27.378380060195923	38052.526773929596
1320	1021.6417656861713	936.25	52.353759765625	0.0844836	0.00024342857142857139	0.0008114285714285715	27.595301151275635	38080.12319993973
1321	1027.7443420933787	949.25	52.363037109375	0.0844813	0.00024338571428571425	0.0008112857142857143	27.009658336639404	38107.15686058998
1322	971.7842139109181	896.76	52.62060546875	0.084478624	0.00024334285714285714	0.0008111428571428572	27.02880620956421	38134.187139987946
1323	1037.8641954421762	952.18	52.1318359375	0.08447668	0.00024329999999999995	0.000811	27.33943462371826	38161.534851551056
1324	1015.4209542116596	943.08	52.392578125	0.08447537	0.00024325714285714284	0.0008108571428571429	29.85656428337097	38191.40006709099
1325	1034.5199723243595	960.39	52.152099609375	0.08447332	0.0002432142857142857	0.0008107142857142857	29.361786365509033	38220.76335477829
1326	970.957475943051	902.11	52.41162109375	0.08447213	0.00024317142857142857	0.0008105714285714286	27.536765098571777	38248.31604099274
1327	994.5971905764438	936.61	52.42236328125	0.084471144	0.0002431285714285714	0.0008104285714285714	28.107422351837158	38276.43811392784
1328	980.0920479188035	908.62	52.6826171875	0.084470086	0.00024308571428571427	0.0008102857142857143	27.683074712753296	38304.12296271324
1329	988.1902144155766	917.1	52.69140625	0.0844683	0.00024304285714285713	0.0008101428571428571	28.558258771896362	38332.68273949623
1330	926.6891090050657	860.36	52.4521484375	0.08446578	0.000243	0.0008100000000000001	29.443211555480957	38362.14268684387
1331	1012.6244914148031	940.23	52.4599609375	0.08446319	0.00024295714285714283	0.0008098571428571429	29.21060824394226	38391.35486793518
1332	951.3351134349723	881.69	52.47119140625	0.08446086	0.0002429142857142857	0.0008097142857142858	29.270317554473877	38420.62674450874
1333	980.3949250041578	912.75	52.2314453125	0.08446053	0.00024287142857142856	0.0008095714285714286	29.35934352874756	38449.990746974945
1334	969.772873549442	907.36	52.4912109375	0.08446011	0.0002428285714285714	0.0008094285714285714	27.463353872299194	38477.46673178673
1335	976.6658999472502	908.07	52.751220703125	0.08445949	0.00024278571428571426	0.0008092857142857143	27.131227731704712	38504.61074972153
1336	979.6480511945269	908.45	52.51025390625	0.08445845	0.00024274285714285713	0.0008091428571428572	27.71855139732361	38532.34209561348
1337	887.4304524634094	831.26	52.270751953125	0.08445805	0.00024269999999999996	0.0008089999999999999	31.275229692459106	38563.6187813282
1338	940.7291649887628	879.34	52.7802734375	0.08445785	0.00024265714285714283	0.0008088571428571428	29.376956462860107	38592.997354507446
1339	894.2885385672607	839.36	52.788330078125	0.08445686	0.0002426142857142857	0.0008087142857142858	28.771915435791016	38621.78713417053
1340	960.5901896074142	890.99	52.548095703125	0.08445591	0.00024257142857142855	0.0008085714285714286	28.892378091812134	38650.69581365585
1341	921.26288588064	877.97	52.559326171875	0.08445514	0.00024252857142857142	0.0008084285714285715	29.23007869720459	38679.92678523064
1342	951.5183460879109	886.44	52.319580078125	0.084453516	0.00024248571428571426	0.0008082857142857143	30.75451111793518	38710.682730674744
1343	929.708112027094	857.75	52.579345703125	0.084451884	0.00024244285714285712	0.0008081428571428572	29.966797590255737	38740.65110254288
1344	966.9650295879093	908.87	52.587158203125	0.084450446	0.00024239999999999998	0.000808	27.183626174926758	38767.847079992294
1345	946.0650405299588	895.58	52.84912109375	0.08444834	0.00024235714285714282	0.0008078571428571428	28.126098155975342	38795.97493839264
1346	987.0570163206519	934.89	52.60791015625	0.08444679	0.00024231428571428568	0.0008077142857142857	26.956167697906494	38822.932881593704
1347	996.5810346707503	949.82	52.2412109375	0.0844445	0.00024227142857142855	0.0008075714285714287	27.562182903289795	38850.505671978
1348	947.8117718397796	904.35	52.7490234375	0.0844422	0.00024222857142857138	0.0008074285714285714	27.260632753372192	38877.76752114296
1349	962.3547181195182	937.58	53.0068359375	0.0844391	0.00024218571428571425	0.0008072857142857143	27.922344207763672	38905.706756830215
1350	960.496360878728	931.64	53.264892578125	0.08443594	0.00024214285714285714	0.0008071428571428572	26.670952320098877	38932.39076805115
1351	947.4865529648908	919.19	53.02294921875	0.08443278	0.00024209999999999995	0.000807	28.46599578857422	38960.858793735504
1352	957.3907916776662	942.52	52.78125	0.08443108	0.00024205714285714284	0.0008068571428571428	26.198129415512085	38987.05868577957
1353	941.6033270419107	919.16	52.5390625	0.08442836	0.0002420142857142857	0.0008067142857142857	27.207786083221436	39014.287043094635
1354	981.0665656885528	958.05	52.302734375	0.084425725	0.00024197142857142857	0.0008065714285714286	28.32696032524109	39042.623123168945
1355	1015.3417615427854	974.84	52.804931640625	0.08442322	0.00024192857142857143	0.0008064285714285715	27.67007088661194	39070.29474043846
1356	967.9367288121998	936.04	52.81201171875	0.084421195	0.00024188571428571427	0.0008062857142857142	25.514551877975464	39095.810734272
1357	1014.6797498974565	976.86	53.31884765625	0.08441808	0.00024184285714285713	0.0008061428571428572	26.590779542922974	39122.422248363495
1358	1002.2543647919567	970.38	52.828125	0.08441637	0.0002418	0.0008060000000000001	26.637308359146118	39149.06174445152
1359	986.158923470055	951.16	52.836181640625	0.08441418	0.00024175714285714283	0.0008058571428571429	26.074957847595215	39175.138759851456
1360	1045.0992983157935	991.24	53.093994140625	0.0844118	0.0002417142857142857	0.0008057142857142857	26.5209641456604	39201.66182875633
1361	1013.9262296940069	968.24	53.352294921875	0.0844095	0.00024167142857142856	0.0008055714285714286	28.18277072906494	39229.847049474716
1362	1006.3394941380366	938.9	53.1103515625	0.08440742	0.0002416285714285714	0.0008054285714285714	25.966294050216675	39255.81518530846
1363	951.4325082199513	900.71	52.3759765625	0.08440581	0.00024158571428571426	0.0008052857142857143	28.625827074050903	39284.44277763367
1364	990.402765209229	920.65	52.8759765625	0.084403716	0.00024154285714285712	0.0008051428571428571	28.623111486434937	39313.074753046036
1365	997.9287842206427	928.13	52.882568359375	0.0844014	0.00024149999999999996	0.0008049999999999999	27.72908616065979	39340.81666183472
1366	989.9712400579468	928.93	52.8916015625	0.084398985	0.00024145714285714283	0.0008048571428571429	26.504944562911987	39367.340881347656
1367	1000.4209833948697	926.92	52.898193359375	0.08439688	0.0002414142857142857	0.0008047142857142858	26.97935676574707	39394.33475923538
1368	945.09963562025	880.86	52.65576171875	0.084394835	0.00024137142857142855	0.0008045714285714286	29.2984561920166	39423.63442015648
1369	926.5313781590603	870.31	52.9228515625	0.084391974	0.00024132857142857142	0.0008044285714285715	26.819305658340454	39450.46683859825
1370	930.3245108163646	868.02	52.671630859375	0.08438996	0.00024128571428571425	0.0008042857142857143	26.76491093635559	39477.24450469017
1371	898.060396218041	835.6	53.1767578125	0.0843881	0.00024124285714285712	0.0008041428571428572	26.312649965286255	39503.55877637863
1372	844.7920727594849	804.0	53.188720703125	0.084386766	0.00024119999999999998	0.000804	26.79925799369812	39530.366758584976
1373	911.9057842406613	863.93	53.445556640625	0.08438554	0.00024115714285714282	0.0008038571428571428	27.585892915725708	39557.96515464783
1374	917.4415080398254	858.29	53.20263671875	0.08438468	0.00024111428571428568	0.0008037142857142857	27.603261947631836	39585.5708129406
1375	972.1531758912229	900.14	53.461669921875	0.08438337	0.00024107142857142857	0.0008035714285714287	27.050278186798096	39612.622790813446
1376	917.4737455969669	847.35	52.720703125	0.08438099	0.00024102857142857138	0.0008034285714285714	27.144323110580444	39639.7837228775
1377	935.9860951720605	864.21	52.978759765625	0.084377594	0.00024098571428571427	0.0008032857142857143	28.007442951202393	39667.8070628643
1378	954.6587965211901	883.98	52.984375	0.08437407	0.00024094285714285714	0.0008031428571428572	26.522571563720703	39694.34581208229
1379	947.4336810268392	876.82	52.992919921875	0.08437085	0.00024089999999999995	0.000803	27.14622688293457	39721.51359462738
1380	1080.3479671573286	972.29	53.001708984375	0.08436767	0.00024085714285714284	0.0008028571428571428	26.64702296257019	39748.17873930931
1381	960.9290618125207	876.74	52.759033203125	0.0843657	0.0002408142857142857	0.0008027142857142857	27.246216535568237	39775.42678976059
1382	962.9522007993064	893.83	53.02392578125	0.08436358	0.00024077142857142857	0.0008025714285714286	29.1195809841156	39804.56292748451
1383	1001.768560424945	924.27	53.025146484375	0.084361725	0.00024072857142857143	0.0008024285714285716	29.9057879447937	39834.47057747841
1384	901.10688952924	841.89	53.03369140625	0.08436077	0.00024068571428571427	0.0008022857142857143	27.13041853904724	39861.60297870636
1385	993.3350125411359	921.11	52.548828125	0.08435998	0.00024064285714285713	0.0008021428571428572	28.1943838596344	39889.79975605011
1386	985.4441947496773	913.8	52.798828125	0.084358685	0.0002406	0.0008020000000000001	26.976547956466675	39916.77890253067
1387	958.1851115745154	899.55	53.056884765625	0.08435617	0.00024055714285714283	0.0008018571428571429	27.186150074005127	39943.9815723896
1388	971.0036495981738	911.85	53.0634765625	0.084354155	0.0002405142857142857	0.0008017142857142857	28.07180666923523	39972.05489373207
1389	1000.6080534125757	932.84	52.57177734375	0.084352225	0.00024047142857142856	0.0008015714285714286	27.675426244735718	39999.75076818466
1390	986.491655287984	922.27	53.330078125	0.08435009	0.0002404285714285714	0.0008014285714285714	27.222513914108276	40026.97475242615
1391	992.8512128051717	922.2	52.59521484375	0.084347345	0.00024038571428571426	0.0008012857142857142	26.31437349319458	40053.290775060654
1392	1027.4355645390333	945.67	53.345458984375	0.08434432	0.00024034285714285712	0.0008011428571428571	29.87723398208618	40083.16968154907
1393	1011.4716244197392	933.88	52.603271484375	0.084340185	0.00024029999999999996	0.000801	28.604748249053955	40111.77594304085
1394	995.4928085325523	919.96	53.109619140625	0.08433622	0.00024025714285714282	0.0008008571428571429	27.113137006759644	40138.91186118126
1395	1045.570733653562	965.27	52.8779296875	0.084332585	0.0002402142857142857	0.0008007142857142857	28.35615062713623	40167.27877879143
1396	994.928857927989	904.94	53.1259765625	0.084329724	0.00024017142857142855	0.0008005714285714286	27.57547664642334	40194.863001823425
1397	1022.7070982085296	927.89	53.135009765625	0.08432723	0.00024012857142857141	0.0008004285714285715	27.699543237686157	40222.58306694031
1398	1030.9538143939535	931.28	53.1435546875	0.084325045	0.00024008571428571425	0.0008002857142857143	26.974902391433716	40249.57077217102
1399	1043.5189512638754	944.02	53.401123046875	0.08432392	0.00024004285714285712	0.0008001428571428571	27.799384355545044	40277.38284397125
1400	1029.5636692951377	932.64	53.4091796875	0.084322385	0.00023999999999999998	0.0008	26.87946319580078	40304.27077913284
1401	1085.203195046843	968.33	53.416259765625	0.08432111	0.00023995714285714282	0.0007998571428571428	27.870878219604492	40332.14311027527
1402	1072.7641533406336	964.81	53.1748046875	0.08431999	0.00023991428571428568	0.0007997142857142858	30.310922145843506	40362.46712875366
1403	1082.6849326969207	961.82	53.181884765625	0.084320195	0.00023987142857142857	0.0007995714285714286	30.80323624610901	40393.27514624596
1404	1074.6301760886868	968.92	53.1904296875	0.08431978	0.00023982857142857138	0.0007994285714285714	30.200298070907593	40423.487530231476
1405	1049.4754997871632	944.12	53.6982421875	0.08431882	0.00023978571428571427	0.0007992857142857143	30.09110379219055	40453.5807800293
1406	1051.2503752152124	945.59	53.2060546875	0.084317684	0.00023974285714285713	0.0007991428571428572	30.107257843017578	40483.69074845314
1407	1047.2918983323143	943.04	53.4638671875	0.084317446	0.00023969999999999997	0.0007989999999999999	30.58574914932251	40514.278755903244
1408	992.1449990511587	894.76	53.220947265625	0.084317565	0.00023965714285714284	0.0007988571428571428	30.05243706703186	40544.33504962921
1409	1006.3903134727786	918.79	53.230712890625	0.08431672	0.0002396142857142857	0.0007987142857142857	29.83186912536621	40574.175315618515
1410	966.247080674383	890.19	53.4873046875	0.0843156	0.00023957142857142856	0.0007985714285714287	30.59205722808838	40604.77968931198
1411	998.0927519106258	909.98	53.369140625	0.08431513	0.00023952857142857143	0.0007984285714285715	30.52095103263855	40635.30285215378
1412	965.0933180244687	898.4	52.879150390625	0.08431575	0.00023948571428571426	0.0007982857142857143	29.366257667541504	40664.677724123
1413	983.5332614664454	894.42	53.886474609375	0.084316336	0.00023944285714285713	0.0007981428571428572	28.345547199249268	40693.024963617325
1414	1017.1054685081928	930.73	53.64453125	0.08431828	0.0002394	0.0007980000000000001	29.178316593170166	40722.218729019165
1415	951.7149931795412	881.43	52.660400390625	0.08431924	0.00023935714285714283	0.0007978571428571428	30.221324920654297	40752.45710706711
1416	1046.2528790800422	942.93	52.908935546875	0.084319524	0.0002393142857142857	0.0007977142857142857	30.096813678741455	40782.56826758385
1417	981.4668880026694	894.44	53.416259765625	0.0843192	0.00023927142857142856	0.0007975714285714286	29.87857437133789	40812.46274495125
1418	1065.4869966333072	951.28	52.675048828125	0.08431912	0.0002392285714285714	0.0007974285714285714	29.759356021881104	40842.23102784157
1419	992.0031463740263	895.66	53.183837890625	0.08431884	0.00023918571428571426	0.0007972857142857142	29.45725989341736	40871.705094099045
1420	977.7469957137182	878.75	53.44091796875	0.084318765	0.00023914285714285712	0.0007971428571428572	29.46359634399414	40901.187069654465
1421	1094.6850914312809	963.25	53.447998046875	0.084319316	0.00023909999999999996	0.000797	29.466148614883423	40930.66566872597
1422	1034.9458939834137	928.56	53.706787109375	0.08431985	0.00023905714285714282	0.0007968571428571429	27.779088973999023	40958.47081208229
1423	1036.6211244489036	934.24	53.215087890625	0.084319554	0.00023901428571428568	0.0007967142857142857	28.04169273376465	40986.52548003197
1424	1061.4405439214797	951.01	53.720458984375	0.08431844	0.00023897142857142855	0.0007965714285714286	27.565463066101074	41014.097244262695
1425	1054.8280191835102	930.43	53.231689453125	0.08431646	0.0002389285714285714	0.0007964285714285715	28.087158203125	41042.19484710693
1426	1022.8710420919919	920.18	53.48974609375	0.084314615	0.00023888571428571425	0.0007962857142857143	28.3590407371521	41070.57074594498
1427	1107.251319379809	993.37	53.496826171875	0.0843131	0.0002388428571428571	0.0007961428571428571	26.269084215164185	41096.842938899994
1428	1065.944508509692	962.42	53.5048828125	0.08431222	0.0002388	0.000796	26.791314125061035	41123.64682030678
1429	1053.4993027888283	944.72	53.511474609375	0.08431121	0.00023875714285714281	0.0007958571428571429	27.05109667778015	41150.71078443527
1430	1108.2277938202726	986.24	53.521728515625	0.084309734	0.0002387142857142857	0.0007957142857142858	26.730998277664185	41177.4433529377
1431	1081.4365271342565	963.03	53.52783203125	0.084308945	0.00023867142857142857	0.0007955714285714286	27.266302824020386	41204.711017131805
1432	1105.0051375632042	983.22	53.5361328125	0.08430824	0.00023862857142857138	0.0007954285714285714	27.9427227973938	41232.655826091766
1433	1059.1866164760534	941.77	54.0439453125	0.08430683	0.00023858571428571427	0.0007952857142857143	27.627302885055542	41260.294759750366
1434	1123.3577663656888	991.79	53.8017578125	0.08430482	0.00023854285714285713	0.0007951428571428572	28.01552724838257	41288.315056324005
1435	1084.681172547647	957.99	53.5595703125	0.08430306	0.0002385	0.000795	30.070141792297363	41318.38673353195
1436	990.5477695324489	883.56	53.317138671875	0.08430063	0.00023845714285714283	0.0007948571428571428	29.774916648864746	41348.182804346085
1437	1062.6912316719195	934.36	53.0751953125	0.084298156	0.0002384142857142857	0.0007947142857142857	30.186849117279053	41378.371121406555
1438	1063.2124877711542	937.04	53.583251953125	0.08429527	0.00023837142857142856	0.0007945714285714287	30.105548858642578	41408.47875237465
1439	1010.9758483350737	901.12	53.5908203125	0.08429354	0.00023832857142857143	0.0007944285714285715	29.862411737442017	41438.34277868271
1440	1056.4597372893827	942.0	53.599609375	0.08429105	0.00023828571428571426	0.0007942857142857143	28.81972098350525	41467.17585229874
1441	1069.0710386037272	954.33	53.35595703125	0.08428815	0.00023824285714285713	0.0007941428571428572	28.265012502670288	41495.44319319725
1442	1072.2532328200928	942.2	53.615478515625	0.08428612	0.0002382	0.0007940000000000001	26.915266752243042	41522.37875986099
1443	1107.873600344972	974.99	54.12109375	0.08428362	0.00023815714285714283	0.0007938571428571428	28.658491134643555	41551.03876924515
1444	1056.6294606813376	931.89	53.631103515625	0.08428178	0.0002381142857142857	0.0007937142857142857	28.52232336997986	41579.5627579689
1445	1052.7853332324198	947.14	54.13818359375	0.08427975	0.00023807142857142855	0.0007935714285714286	30.08222246170044	41609.66556596756
1446	1013.2667129862435	909.71	53.646728515625	0.08427763	0.0002380285714285714	0.0007934285714285713	30.79543423652649	41640.48289370537
1447	955.7430401293512	861.51	53.903564453125	0.08427576	0.00023798571428571425	0.0007932857142857143	30.315109729766846	41670.8147418499
1448	955.1700814879438	856.67	53.662109375	0.08427367	0.00023794285714285712	0.0007931428571428572	29.934492588043213	41700.76594018936
1449	1020.9659893191623	908.61	53.668701171875	0.08427148	0.00023789999999999998	0.0007930000000000001	29.67747139930725	41730.46087193489
1450	1071.5948922654761	947.06	53.676513671875	0.08426919	0.00023785714285714282	0.0007928571428571428	30.007567882537842	41760.48673772812
1451	1021.0147679222385	900.78	53.9326171875	0.08426821	0.00023781428571428568	0.0007927142857142857	28.70151948928833	41789.19331073761
1452	960.7286019492027	858.14	53.192138671875	0.084266685	0.00023777142857142855	0.0007925714285714286	29.415361166000366	41818.62275624275
1453	953.6490569882092	855.44	53.45166015625	0.08426484	0.0002377285714285714	0.0007924285714285715	34.20765733718872	41852.83511543274
1454	993.4212699187486	893.96	53.95849609375	0.08426336	0.00023768571428571425	0.0007922857142857142	30.51828622817993	41883.355056762695
1455	1044.3653102633868	934.63	52.974609375	0.08426263	0.0002376428571428571	0.0007921428571428571	30.116010665893555	41913.4834625721
1456	1003.7833680720223	903.15	53.723388671875	0.084260724	0.0002376	0.0007920000000000001	29.89560580253601	41943.39487552643
1457	1051.038046579834	942.77	53.731689453125	0.08425786	0.0002375571428571428	0.0007918571428571429	30.066522121429443	41973.46277618408
1458	1018.8714979196099	911.78	53.741455078125	0.084254175	0.0002375142857142857	0.0007917142857142857	29.047836542129517	42002.51309680939
1459	1067.2721462946167	941.75	53.49853515625	0.08425061	0.00023747142857142857	0.0007915714285714286	29.71551489830017	42032.242789268494
1460	1015.8852875370634	899.68	53.2568359375	0.08424761	0.0002374285714285714	0.0007914285714285714	29.643548488616943	42061.89921832085
1461	1059.2678739568396	932.52	54.014892578125	0.08424399	0.00023738571428571427	0.0007912857142857143	29.868013858795166	42091.78732919693
1462	1052.8714280378006	931.13	53.772705078125	0.08424002	0.00023734285714285713	0.0007911428571428571	30.14170002937317	42121.930753946304
1463	1015.6484632475897	898.3	54.5302734375	0.08423618	0.0002373	0.000791	29.18302893638611	42151.122770786285
1464	1079.7256230425032	945.44	53.78759765625	0.08423228	0.00023725714285714286	0.000790857142857143	29.73844861984253	42180.862951517105
1465	1066.4516931854298	930.36	53.796142578125	0.08422837	0.0002372142857142857	0.0007907142857142858	27.63029408454895	42208.4947206974
1466	1040.5517213672456	936.17	54.302001953125	0.08422518	0.00023717142857142856	0.0007905714285714286	28.67434072494507	42237.170996665955
1467	1041.7615879737734	933.94	54.0615234375	0.08422202	0.00023712857142857142	0.0007904285714285715	29.579308032989502	42266.76276254654
1468	1063.8989113482107	955.69	54.06884765625	0.084219255	0.00023708571428571426	0.0007902857142857143	29.35040020942688	42296.1144721508
1469	1080.7216375746614	954.68	53.577392578125	0.08421747	0.00023704285714285712	0.0007901428571428572	26.594874143600464	42322.72676920891
1470	1074.0558261920269	945.77	53.835205078125	0.08421478	0.000237	0.00079	27.470712661743164	42350.19876432419
1471	1084.4130049456335	968.2	53.84130859375	0.084212594	0.00023695714285714282	0.0007898571428571428	26.84407091140747	42377.06675672531
1472	1018.4133390612178	910.2	53.8505859375	0.084210105	0.0002369142857142857	0.0007897142857142857	27.070407390594482	42404.138828754425
1473	1064.0471713492466	936.13	54.608154296875	0.084207304	0.00023687142857142855	0.0007895714285714287	26.589991807937622	42430.731070518494
1474	1063.4222322482344	957.25	54.3662109375	0.08420405	0.0002368285714285714	0.0007894285714285713	28.745739936828613	42459.490020513535
1475	1071.7672708290056	960.95	53.877197265625	0.08420203	0.00023678571428571425	0.0007892857142857143	29.045204877853394	42488.552824020386
1476	1086.7925336865494	972.03	54.136962890625	0.08419996	0.00023674285714285712	0.0007891428571428572	29.66778302192688	42518.22275876999
1477	1069.9759110714292	967.76	54.145751953125	0.08419764	0.00023669999999999998	0.0007890000000000001	29.478346824645996	42547.702753305435
1478	1031.7234051802268	939.14	53.90625	0.08419552	0.00023665714285714284	0.0007888571428571429	29.93923306465149	42577.650832653046
1479	1076.0730233236739	961.97	54.416015625	0.08419365	0.00023661428571428568	0.0007887142857142857	29.355124711990356	42607.0228395462
1480	1065.1788147644527	964.69	53.926025390625	0.08419174	0.00023657142857142854	0.0007885714285714286	29.680314779281616	42636.7270257473
1481	1058.8503380871675	960.72	53.685546875	0.08418844	0.00023652857142857144	0.0007884285714285715	29.57477641105652	42666.310314655304
1482	1049.590275538444	956.48	53.94287109375	0.08418583	0.00023648571428571425	0.0007882857142857142	30.379150867462158	42696.70679354668
1483	1065.6311712452925	971.24	53.455078125	0.084183395	0.00023644285714285714	0.0007881428571428572	29.132921934127808	42725.841309309006
1484	1043.6235133264292	946.03	54.46533203125	0.084180914	0.0002364	0.0007880000000000001	25.48959231376648	42751.332664489746
1485	1049.553385018625	951.19	54.224609375	0.08417804	0.0002363571428571428	0.0007878571428571429	26.35926604270935	42777.70277428627
1486	1065.617368078663	946.71	54.734619140625	0.084175445	0.0002363142857142857	0.0007877142857142857	28.079084873199463	42805.79075551033
1487	1061.3907650587353	962.68	54.241943359375	0.08417352	0.00023627142857142856	0.0007875714285714286	27.206552505493164	42832.99911117554
1488	1002.5164344629947	911.53	54.003173828125	0.084171586	0.0002362285714285714	0.0007874285714285714	28.699146509170532	42861.70676279068
1489	1075.937358385344	968.28	54.263671875	0.08416999	0.00023618571428571426	0.0007872857142857143	29.383543968200684	42891.1027572155
1490	1047.702047777756	957.17	53.773681640625	0.084167935	0.00023614285714285713	0.0007871428571428571	28.888389825820923	42920.007858753204
1491	1021.7050382329753	937.85	54.032470703125	0.08416588	0.0002361	0.000787	30.839365005493164	42950.85486984253
1492	930.8458390832843	857.34	53.793212890625	0.08416442	0.00023605714285714286	0.000786857142857143	28.602290868759155	42979.45894384384
1493	968.9375308957983	899.26	54.302490234375	0.08416294	0.0002360142857142857	0.0007867142857142857	28.83236837387085	43008.315059900284
1494	916.2154053484836	845.05	54.063232421875	0.08416128	0.00023597142857142856	0.0007865714285714286	27.274858474731445	43035.591032743454
1495	948.2888324846666	872.34	54.323486328125	0.0841603	0.00023592857142857142	0.0007864285714285715	27.57918953895569	43063.1828391552
1496	952.5699505877856	880.42	53.582763671875	0.08415831	0.00023588571428571426	0.0007862857142857143	28.523568868637085	43091.719094991684
1497	970.01400665187	884.25	54.341064453125	0.08415737	0.00023584285714285712	0.0007861428571428571	26.480677366256714	43118.20148253441
1498	1085.743858281729	979.23	53.6025390625	0.08415678	0.00023579999999999999	0.000786	27.527958869934082	43145.73103928566
1499	1024.340969244292	929.78	54.361083984375	0.084156245	0.00023575714285714282	0.0007858571428571428	28.50332021713257	43174.25473356247
1500	1011.9087763595558	908.62	54.624267578125	0.084154814	0.00023571428571428569	0.0007857142857142857	27.951395511627197	43202.21478796005
1501	1070.1767556815093	955.32	54.147216796875	0.08415383	0.00023567142857142855	0.0007855714285714286	26.63796305656433	43228.85474205017
1502	1027.9710720332507	933.92	54.173095703125	0.08415311	0.0002356285714285714	0.0007854285714285714	25.906869888305664	43254.76326560974
1503	1069.8537495376831	957.85	54.198486328125	0.08415299	0.00023558571428571425	0.0007852857142857143	29.283972024917603	43284.062747716904
1504	1096.3869676250124	980.13	54.458251953125	0.08415235	0.00023554285714285711	0.0007851428571428572	29.2905056476593	43313.35504555702
1505	1050.1604856151876	944.06	53.967529296875	0.08415217	0.00023549999999999998	0.000785	29.56328797340393	43342.93874287605
1506	1037.6148882623866	945.41	54.4775390625	0.08415216	0.00023545714285714284	0.0007848571428571429	29.598038911819458	43372.53875041008
1507	1025.8914042020072	943.05	54.737548828125	0.08415234	0.00023541428571428568	0.0007847142857142857	29.266729593276978	43401.80673837662
1508	938.7139253563453	865.01	54.24853515625	0.08415204	0.00023537142857142854	0.0007845714285714286	29.347007274627686	43431.16274237633
1509	962.3471334261557	878.57	53.757080078125	0.08415199	0.00023532857142857143	0.0007844285714285714	29.462567806243896	43460.62707901001
1510	995.2794335905262	905.98	54.51611328125	0.08415083	0.00023528571428571424	0.0007842857142857143	26.69107675552368	43487.33073139191
1511	1016.4560523641821	929.96	54.027587890625	0.084151536	0.00023524285714285713	0.0007841428571428572	28.031421899795532	43515.38274693489
1512	1036.1739052768905	935.61	53.54345703125	0.08415126	0.0002352	0.0007840000000000001	27.098625421524048	43542.48302412033
1513	991.8261771350243	904.87	54.296142578125	0.08415255	0.00023515714285714283	0.0007838571428571428	26.053863286972046	43568.53877282143
1514	964.5022158697611	876.3	54.05517578125	0.08415414	0.0002351142857142857	0.0007837142857142857	28.067282676696777	43596.61075043678
1515	1010.6471915525577	919.43	53.824462890625	0.08415536	0.00023507142857142856	0.0007835714285714286	28.700064182281494	43625.31474065781
1516	1050.5699451948071	956.25	54.326171875	0.08415645	0.0002350285714285714	0.0007834285714285714	29.519060373306274	43654.84274482727
1517	969.8018002510571	888.6	54.3349609375	0.08415756	0.00023498571428571426	0.0007832857142857142	28.290388584136963	43683.13474273682
1518	1068.8651174441377	947.89	54.595703125	0.08415932	0.00023494285714285713	0.0007831428571428571	29.76181435585022	43712.898133039474
1519	999.0009973228778	896.81	54.35498046875	0.084161945	0.0002349	0.0007830000000000001	30.84433364868164	43743.75608038902
1520	1005.7214206247264	898.61	54.365478515625	0.08416427	0.00023485714285714285	0.000782857142857143	29.114835262298584	43772.88675785065
1521	982.6750138213055	880.01	54.375244140625	0.084166534	0.0002348142857142857	0.0007827142857142857	28.82245683670044	43801.71073246002
1522	991.8721162301049	894.59	53.884765625	0.08416882	0.00023477142857142855	0.0007825714285714286	26.91515350341797	43828.63481259346
1523	1013.7922062995566	901.05	54.393310546875	0.084169924	0.00023472857142857142	0.0007824285714285715	25.755370378494263	43854.398761987686
1524	1003.1321159182713	894.46	54.15380859375	0.08417043	0.00023468571428571426	0.0007822857142857143	27.56055188179016	43881.96151590347
1525	1034.805293217419	923.39	53.914306640625	0.08417097	0.00023464285714285712	0.0007821428571428571	27.643490076065063	43909.60699176788
1526	987.3909302037297	885.03	54.672119140625	0.08417138	0.00023459999999999998	0.000782	27.231552600860596	43936.847066640854
1527	1032.7289005278449	924.64	54.4345703125	0.08417208	0.00023455714285714282	0.0007818571428571428	29.315913438796997	43966.17136096954
1528	1046.0774384464012	928.19	54.692626953125	0.08417165	0.00023451428571428568	0.0007817142857142858	28.283522129058838	43994.47075009346
1529	1021.5042455579965	900.26	54.454345703125	0.08417168	0.00023447142857142855	0.0007815714285714286	26.94704532623291	44021.419045209885
1530	974.6938195405543	868.86	54.71435546875	0.08417178	0.00023442857142857138	0.0007814285714285714	25.910182237625122	44047.330761909485
1531	1038.837027629109	918.99	54.723388671875	0.08417237	0.00023438571428571425	0.0007812857142857143	28.430850505828857	44075.76293969154
1532	1065.2806399437466	946.05	54.73193359375	0.08417288	0.0002343428571428571	0.0007811428571428572	29.272730588912964	44105.0371325016
1533	1043.6882657849985	926.88	54.4912109375	0.08417372	0.00023429999999999998	0.000781	29.18600034713745	44134.22569870949
1534	1042.0191013665906	924.67	54.50341796875	0.084174216	0.00023425714285714287	0.0007808571428571429	29.62132978439331	44163.860830545425
1535	986.3312369988391	879.24	54.511962890625	0.08417404	0.00023421428571428568	0.0007807142857142857	29.635297298431396	44193.49781060219
1536	1021.5164997127762	919.81	54.522705078125	0.08417297	0.00023417142857142857	0.0007805714285714286	29.527758836746216	44223.03904294968
1537	1032.7270464976116	920.19	54.533203125	0.084171586	0.00023412857142857143	0.0007804285714285715	29.022136926651	44252.06276488304
1538	985.3070902831413	888.28	55.0400390625	0.084170274	0.00023408571428571424	0.0007802857142857143	29.695135831832886	44281.75975847244
1539	1008.4598960859632	899.36	54.802490234375	0.08416945	0.00023404285714285713	0.0007801428571428572	29.82351040840149	44311.59914064407
1540	1044.301482302915	947.09	54.56201171875	0.08416947	0.000234	0.0007800000000000001	28.61929988861084	44340.23484325409
1541	1036.261312522785	934.79	55.322998046875	0.08416977	0.00023395714285714283	0.0007798571428571428	27.772236108779907	44368.01612138748
1542	1087.1250330042226	972.23	54.088623046875	0.08417048	0.0002339142857142857	0.0007797142857142857	28.24655532836914	44396.27392411232
1543	993.4014855479297	898.34	54.842041015625	0.08417213	0.00023387142857142856	0.0007795714285714286	29.044477462768555	44425.33167672157
1544	1047.5898959576873	949.81	54.852294921875	0.08417461	0.0002338285714285714	0.0007794285714285713	27.371507167816162	44452.71501779556
1545	1061.3507241243005	952.63	54.11181640625	0.08417743	0.00023378571428571426	0.0007792857142857142	27.063164234161377	44479.78681850433
1546	1067.8622234298375	963.06	54.370361328125	0.084179044	0.00023374285714285712	0.0007791428571428572	25.02177619934082	44504.810742378235
1547	1007.6763757997525	915.54	55.13134765625	0.084180914	0.0002337	0.0007790000000000001	27.491433143615723	44532.31476163864
1548	975.7243930671876	886.23	54.891357421875	0.08418255	0.00023365714285714285	0.0007788571428571429	28.35454773902893	44560.67103099823
1549	1038.7258703629525	927.81	54.899658203125	0.08418321	0.0002336142857142857	0.0007787142857142857	27.43293023109436	44588.11639070511
1550	1016.4820139456009	912.05	55.160888671875	0.08418395	0.00023357142857142855	0.0007785714285714286	27.983155012130737	44616.11476063728
1551	1037.787350814989	927.6	54.920654296875	0.08418533	0.00023352857142857142	0.0007784285714285715	28.201866388320923	44644.31878566742
1552	1043.323559193767	935.28	54.929931640625	0.084186934	0.00023348571428571425	0.0007782857142857142	28.970550060272217	44673.29111671448
1553	1009.0208975679845	892.77	54.68896484375	0.084189385	0.00023344285714285712	0.0007781428571428571	28.56593894958496	44701.85873389244
1554	1055.2054864559789	937.62	54.7001953125	0.08419133	0.00023339999999999998	0.000778	28.995012521743774	44730.862773656845
1555	1037.0637329881072	924.23	54.9599609375	0.084192775	0.00023335714285714282	0.0007778571428571429	29.117782831192017	44759.98282575607
1556	1099.8564971537373	964.12	54.719482421875	0.08419308	0.00023331428571428568	0.0007777142857142857	28.12174081802368	44788.10673427582
1557	1120.2172407270848	973.69	54.979736328125	0.08419285	0.00023327142857142855	0.0007775714285714286	28.09839153289795	44816.20674133301
1558	1070.5376321139486	947.34	54.98828125	0.08419222	0.0002332285714285714	0.0007774285714285715	26.659745931625366	44842.88702464104
1559	1045.4925265397849	919.74	54.499755859375	0.08419165	0.00023318571428571425	0.0007772857142857143	26.50220513343811	44869.39058470726
1560	1105.0503935198853	976.78	54.758544921875	0.084191196	0.0002331428571428571	0.0007771428571428571	26.154653310775757	44895.5467338562
1561	1069.7516558846019	947.45	55.267333984375	0.0841901	0.00023309999999999997	0.000777	27.818732976913452	44923.366757154465
1562	952.2241141543642	862.55	54.777099609375	0.084188856	0.00023305714285714286	0.0007768571428571429	27.068063974380493	44950.446769714355
1563	905.3978931702395	811.86	54.786865234375	0.08418817	0.00023301428571428567	0.0007767142857142857	29.563608407974243	44980.01938581467
1564	998.7907244365564	897.21	54.79931640625	0.08418819	0.00023297142857142857	0.0007765714285714286	29.539174795150757	45009.56037592888
1565	904.2752768962969	817.04	54.808349609375	0.08418865	0.00023292857142857143	0.0007764285714285715	28.924059867858887	45038.48682355881
1566	1019.0258532743034	918.9	54.8173828125	0.084189035	0.00023288571428571427	0.0007762857142857143	28.618375539779663	45067.10708737373
1567	972.2621683278417	879.41	54.827880859375	0.084189564	0.00023284285714285713	0.0007761428571428572	25.90870690345764	45093.01744031906
1568	975.58780953351	884.22	55.086669921875	0.08419009	0.0002328	0.000776	29.104041576385498	45122.146748781204
1569	982.1896062717734	894.66	54.34716796875	0.08419009	0.00023275714285714283	0.0007758571428571428	29.479148149490356	45151.63463330269
1570	1024.7470855281922	928.42	54.857177734375	0.08419014	0.0002327142857142857	0.0007757142857142857	28.795258283615112	45180.44675040245
1571	988.5127027054264	897.98	55.1142578125	0.084190406	0.00023267142857142856	0.0007755714285714286	29.31105065345764	45209.75902223587
1572	948.2334561622391	873.25	54.99951171875	0.08419051	0.00023262857142857142	0.0007754285714285714	26.975376844406128	45236.736243247986
1573	938.9969608427749	872.0	55.257568359375	0.0841902	0.00023258571428571426	0.0007752857142857142	27.869609832763672	45264.60787343979
1574	927.7487772101846	862.51	55.01708984375	0.08418989	0.00023254285714285712	0.0007751428571428572	25.59127426147461	45290.21477532387
1575	955.5033692676575	890.64	54.2822265625	0.08419002	0.00023249999999999999	0.0007750000000000001	27.371315956115723	45317.598737716675
1576	950.6537257875127	890.05	55.03271484375	0.084189154	0.00023245714285714285	0.0007748571428571429	27.410958290100098	45345.022914648056
1577	872.6341777078818	827.24	55.28955078125	0.08418805	0.0002324142857142857	0.0007747142857142857	28.47352910041809	45373.498800992966
1578	853.4729404738314	823.81	54.547119140625	0.08418686	0.00023237142857142855	0.0007745714285714286	27.68745231628418	45401.195034742355
1579	869.414057700778	826.01	55.3046875	0.08418629	0.00023232857142857141	0.0007744285714285715	27.292128801345825	45428.48888158798
1580	873.3450535813022	821.4	55.0625	0.08418581	0.00023228571428571425	0.0007742857142857142	26.636053323745728	45455.1267478466
1581	911.1966659286368	847.39	55.07177734375	0.08418537	0.00023224285714285712	0.0007741428571428571	28.115221977233887	45483.25074291229
1582	898.3061984766987	841.31	55.579833984375	0.08418486	0.00023219999999999998	0.0007740000000000001	27.875467777252197	45511.12786889076
1583	955.5070664872849	883.32	55.087646484375	0.084183775	0.00023215714285714282	0.0007738571428571429	27.849649906158447	45538.9892013073
1584	890.7573548723484	820.02	54.845458984375	0.084182434	0.00023211428571428568	0.0007737142857142857	28.575427532196045	45567.58674812317
1585	970.5621877921457	889.34	55.102783203125	0.08418209	0.00023207142857142854	0.0007735714285714286	28.387187480926514	45595.98672294617
1586	953.4265665944781	874.57	55.11083984375	0.08418175	0.0002320285714285714	0.0007734285714285715	29.29120111465454	45625.29075336456
1587	1029.1641531680696	921.03	55.118408203125	0.08418066	0.0002319857142857143	0.0007732857142857144	29.867143392562866	45655.17072916031
1588	964.7258133197669	874.91	54.876220703125	0.084180415	0.0002319428571428571	0.0007731428571428571	29.591243982315063	45684.77476143837
1589	1080.5994816441985	955.8	55.134033203125	0.084179424	0.0002319	0.000773	29.309279441833496	45714.09677863121
1590	1003.2559185255554	891.97	55.642333984375	0.08417878	0.00023185714285714286	0.000772857142857143	30.124674558639526	45744.223022699356
1591	1035.7229036356857	918.76	55.401123046875	0.08417777	0.00023181428571428567	0.0007727142857142858	30.156942129135132	45774.38439702988
1592	1061.0031891649733	947.51	55.15673828125	0.084176175	0.00023177142857142856	0.0007725714285714286	28.995744943618774	45803.40306830406
1593	1081.933500033722	945.24	55.166748046875	0.08417458	0.00023172857142857143	0.0007724285714285715	29.687824249267578	45833.10304021835
1594	1084.2725918697552	966.02	55.4228515625	0.08417219	0.00023168571428571426	0.0007722857142857143	28.56563091278076	45861.670734882355
1595	1051.6908946465928	944.81	54.9306640625	0.084169984	0.00023164285714285713	0.0007721428571428572	29.56297206878662	45891.23474049568
1596	1054.551535828133	941.71	55.189208984375	0.084168576	0.0002316	0.000772	29.153923988342285	45920.389882326126
1597	1059.7073988109103	954.24	55.4482421875	0.08416769	0.00023155714285714283	0.0007718571428571428	29.493004322052002	45949.88474178314
1598	1078.53392820446	973.31	55.4560546875	0.084166475	0.0002315142857142857	0.0007717142857142857	29.137917280197144	45979.037494421005
1599	1074.6087311887009	969.95	55.21337890625	0.08416469	0.00023147142857142856	0.0007715714285714285	29.598129510879517	46008.64961361885
1600	1033.4137044524266	934.53	55.221435546875	0.084163345	0.00023142857142857142	0.0007714285714285715	29.231289863586426	46037.89473080635
1601	1068.597128331719	958.04	55.22900390625	0.084162064	0.00023138571428571428	0.0007712857142857144	29.272385120391846	46067.19107246399
1602	1043.289021951447	941.96	55.237060546875	0.08416093	0.00023134285714285712	0.0007711428571428572	27.869733810424805	46095.06275320053
1603	1024.0031410812696	922.96	55.244873046875	0.08415905	0.00023129999999999998	0.000771	27.503411054611206	46122.57875084877
1604	1056.7655872241564	961.94	54.76025390625	0.084157325	0.00023125714285714285	0.0007708571428571429	26.575077533721924	46149.17033433914
1605	986.1289130257346	910.84	55.260498046875	0.08415506	0.00023121428571428568	0.0007707142857142857	27.011932134628296	46176.195150375366
1606	1018.2935355297761	939.52	55.26953125	0.08415312	0.00023117142857142855	0.0007705714285714286	28.371288299560547	46204.57873272896
1607	1056.9570115413844	964.76	55.27587890625	0.08415016	0.0002311285714285714	0.0007704285714285714	26.88797092437744	46231.471670627594
1608	994.5949977832236	920.1	55.283447265625	0.084147714	0.00023108571428571425	0.0007702857142857142	26.933069229125977	46258.40674829483
1609	1056.707237536652	968.49	54.55078125	0.08414639	0.0002310428571428571	0.0007701428571428572	29.539308786392212	46287.95073723793
1610	953.8793722346655	880.11	55.297119140625	0.08414546	0.00023099999999999998	0.0007700000000000001	26.87868595123291	46314.83102297783
1611	992.2614938935802	907.22	55.30859375	0.08414482	0.00023095714285714281	0.0007698571428571428	26.918694019317627	46341.75181508064
1612	994.0089398703774	912.29	55.56640625	0.084144406	0.00023091428571428568	0.0007697142857142857	28.367244958877563	46370.13080024719
1613	1039.2955204400007	939.91	56.0732421875	0.08414393	0.00023087142857142854	0.0007695714285714286	27.69394326210022	46397.84146356583
1614	1089.14298388314	973.22	55.58203125	0.08414287	0.0002308285714285714	0.0007694285714285715	28.22728180885315	46426.082730054855
1615	1040.1421997853752	944.78	55.33984375	0.084142335	0.0002307857142857143	0.0007692857142857143	29.162177801132202	46455.24674630165
1616	1000.3693936387458	909.14	55.59765625	0.08414147	0.0002307428571428571	0.0007691428571428571	30.07603096961975	46485.32372164726
1617	1060.5098333759277	964.56	55.355712890625	0.084140025	0.0002307	0.000769	29.923293828964233	46515.258747816086
1618	1033.5147438746149	955.18	55.36279296875	0.084139116	0.00023065714285714286	0.000768857142857143	30.003132343292236	46545.27840423584
1619	1014.2843725071797	938.28	55.870361328125	0.08413818	0.0002306142857142857	0.0007687142857142857	27.682470083236694	46572.96277332306
1620	1056.0097823449971	962.22	55.62890625	0.08413731	0.00023057142857142856	0.0007685714285714286	28.629106998443604	46601.600517988205
1621	1095.0504526447203	988.29	55.38671875	0.084136635	0.00023052857142857143	0.0007684285714285715	28.625288724899292	46630.23670005798
1622	1017.6854176197141	923.65	55.894775390625	0.084136285	0.00023048571428571426	0.0007682857142857143	28.418036460876465	46658.65593671799
1623	1062.1876431892088	954.66	55.15185546875	0.08413496	0.00023044285714285713	0.0007681428571428571	27.694045305252075	46686.35145068169
1624	1075.151648110691	945.43	55.6611328125	0.08413434	0.0002304	0.000768	29.149593830108643	46715.50302672386
1625	1091.8047551672048	963.78	55.6669921875	0.08413378	0.00023035714285714283	0.0007678571428571428	26.82334280014038	46742.33473491669
1626	1051.6123340530594	912.38	55.426513671875	0.08413344	0.0002303142857142857	0.0007677142857142857	28.622962474822998	46770.96974182129
1627	1101.1917131921205	952.08	55.431884765625	0.08413298	0.00023027142857142855	0.0007675714285714285	29.713196516036987	46800.68517756462
1628	1046.6640613001914	919.49	56.19189453125	0.08413256	0.00023022857142857142	0.0007674285714285715	27.627437114715576	46828.326921224594
1629	1057.4044130256034	910.96	55.19970703125	0.084132224	0.00023018571428571428	0.0007672857142857144	28.60666537284851	46856.9350605011
1630	1074.001719158721	934.81	55.7080078125	0.08413095	0.00023014285714285712	0.0007671428571428572	29.24976396560669	46886.18648648262
1631	1083.0798954001264	929.47	55.466064453125	0.08412955	0.00023009999999999998	0.000767	28.766797304153442	46914.95491218567
1632	1061.8082497209136	914.82	55.222900390625	0.084128	0.00023005714285714285	0.0007668571428571429	28.84702777862549	46943.81075024605
1633	1038.7604551033835	906.36	55.47998046875	0.084125966	0.00023001428571428568	0.0007667142857142857	28.701313018798828	46972.513543367386
1634	1096.6225236431235	950.5	55.9892578125	0.08412486	0.00022997142857142855	0.0007665714285714286	28.579885959625244	47001.10734272003
1635	1092.2224917606932	945.46	55.495361328125	0.08412382	0.0002299285714285714	0.0007664285714285714	28.13527011871338	47029.2547647953
1636	1113.6084657362596	968.44	55.004150390625	0.08412304	0.00022988571428571425	0.0007662857142857142	28.53778576850891	47057.79429984093
1637	1029.0859275342223	908.19	55.51513671875	0.084121466	0.0002298428571428571	0.0007661428571428572	28.835238695144653	47086.642738580704
1638	1059.0185654091808	939.46	55.5263671875	0.0841195	0.00022979999999999997	0.0007660000000000001	28.050814628601074	47114.70673131943
1639	1049.9373737681256	914.82	55.534423828125	0.08411863	0.0002297571428571428	0.0007658571428571428	28.510688066482544	47143.21876788139
1640	1077.9105755329824	946.12	55.79541015625	0.08411712	0.00022971428571428568	0.0007657142857142857	28.90729570388794	47172.13474345207
1641	1046.2683366432218	918.72	55.5546875	0.084115416	0.00022967142857142854	0.0007655714285714286	28.563462734222412	47200.7110376358
1642	1042.7861566753445	924.83	55.56298828125	0.08411247	0.00022962857142857143	0.0007654285714285715	28.388060569763184	47229.11145567894
1643	1081.0175634696484	951.0	55.573486328125	0.0841102	0.0002295857142857143	0.0007652857142857143	27.783015966415405	47256.910727739334
1644	1059.6688742017159	938.17	55.83447265625	0.084109	0.0002295428571428571	0.0007651428571428571	29.450803756713867	47286.362736940384
1645	1029.4608163698367	901.14	55.593017578125	0.08410823	0.0002295	0.0007650000000000001	30.315669775009155	47316.691059589386
1646	1057.7158560408657	936.4	55.6025390625	0.08410716	0.00022945714285714286	0.000764857142857143	30.127594709396362	47346.83078765869
1647	1002.7927236394686	891.64	55.614013671875	0.084106036	0.0002294142857142857	0.0007647142857142857	29.797785997390747	47376.6412858963
1648	1074.177228261904	941.15	56.123779296875	0.08410411	0.00022937142857142856	0.0007645714285714286	29.419474601745605	47406.074774980545
1649	1009.1075832582528	877.36	55.63134765625	0.084101535	0.00022932857142857142	0.0007644285714285715	29.995333433151245	47436.08274769783
1650	1077.4404024808982	925.71	55.39306640625	0.084098704	0.00022928571428571426	0.0007642857142857142	29.743146896362305	47465.838753700256
1651	1082.4631473921725	936.92	56.151611328125	0.084096394	0.00022924285714285712	0.0007641428571428571	30.183207035064697	47496.03472828865
1652	1060.0113038114878	911.02	55.663330078125	0.08409392	0.0002292	0.000764	30.110992670059204	47526.146763563156
1653	1109.821780019084	941.07	55.67236328125	0.08409097	0.00022915714285714282	0.0007638571428571428	29.323057174682617	47555.4710187912
1654	996.7342211051831	851.3	56.1826171875	0.08408835	0.0002291142857142857	0.0007637142857142856	28.35013699531555	47583.83358550072
1655	1099.2433702867168	933.25	55.442138671875	0.08408639	0.00022907142857142855	0.0007635714285714286	28.257134437561035	47612.09181046486
1656	1101.060073890008	933.64	56.20068359375	0.084085345	0.00022902857142857142	0.0007634285714285715	28.391870975494385	47640.49929022789
1657	1089.085366357969	935.24	55.462646484375	0.08408452	0.00022898571428571428	0.0007632857142857144	26.568807363510132	47667.08029317856
1658	1073.0745572190901	921.66	55.97216796875	0.08408403	0.00022894285714285712	0.0007631428571428571	28.747591018676758	47695.84305548668
1659	1025.9237929748115	883.8	55.730712890625	0.0840831	0.00022889999999999998	0.000763	28.54353094100952	47724.395021915436
1660	1088.0982555482149	941.64	55.991943359375	0.084082134	0.00022885714285714284	0.0007628571428571429	28.039414882659912	47752.446868896484
1661	1058.1870825637914	925.53	55.751708984375	0.08408145	0.00022881428571428568	0.0007627142857142857	29.139370441436768	47781.5988073349
1662	999.5214169305068	881.43	56.011474609375	0.08408043	0.00022877142857142854	0.0007625714285714285	29.91932487487793	47811.52675151825
1663	1013.9538872677239	895.98	55.767822265625	0.0840793	0.0002287285714285714	0.0007624285714285715	28.97028684616089	47840.49873018265
1664	1025.2533512333907	907.8	55.78125	0.084078364	0.00022868571428571425	0.0007622857142857143	28.086291790008545	47868.5867831707
1665	956.9280401376107	854.11	56.2900390625	0.08407723	0.0002286428571428571	0.0007621428571428572	27.807217121124268	47896.4027326107
1666	970.8603401418961	858.04	55.798828125	0.08407587	0.00022859999999999997	0.000762	27.575485706329346	47923.986981630325
1667	1017.2841938583189	906.95	55.81005859375	0.08407397	0.0002285571428571428	0.0007618571428571428	29.491798639297485	47953.49503660202
1668	992.660185036881	879.82	56.319091796875	0.0840728	0.00022851428571428567	0.0007617142857142857	28.128745794296265	47981.62540102005
1669	994.9615923364851	883.24	55.828857421875	0.08407136	0.00022847142857142854	0.0007615714285714286	29.439462184906006	48011.07903814316
1670	1066.9826990517906	923.43	55.837890625	0.08407071	0.00022842857142857143	0.0007614285714285714	28.70622754096985	48039.7867231369
1671	1028.4882311840663	900.89	55.84912109375	0.0840694	0.0002283857142857143	0.0007612857142857143	28.00701594352722	48067.794803619385
1672	1046.1501606226425	912.34	55.85888671875	0.084067725	0.00022834285714285713	0.0007611428571428572	29.80686116218567	48097.60276079178
1673	1086.0356643686673	938.47	56.11865234375	0.084065825	0.0002283	0.0007610000000000001	27.587998628616333	48125.20327568054
1674	1002.6314803626242	882.45	55.878662109375	0.08406389	0.00022825714285714286	0.0007608571428571429	29.07955837249756	48154.29471898079
1675	1056.1101115312174	910.99	55.888671875	0.08406184	0.0002282142857142857	0.0007607142857142857	28.507573127746582	48182.81505084038
1676	999.7696803130518	870.54	55.64892578125	0.0840596	0.00022817142857142856	0.0007605714285714286	29.421504974365234	48212.238047122955
1677	1064.9991639769075	917.07	55.908935546875	0.08405778	0.00022812857142857142	0.0007604285714285715	30.14253306388855	48242.39796876907
1678	1090.5553040191337	956.41	55.918212890625	0.08405584	0.00022808571428571426	0.0007602857142857142	29.817809343338013	48272.234946250916
1679	1059.9887281289318	940.46	55.92724609375	0.08405414	0.00022804285714285712	0.0007601428571428571	29.765965461730957	48302.00273871422
1680	975.4890299904426	865.4	55.69580078125	0.08405293	0.00022799999999999999	0.00076	29.371261596679688	48331.38674449921
1681	1041.2251918835375	924.49	56.197021484375	0.08405172	0.00022795714285714285	0.000759857142857143	29.77990460395813	48361.16856646538
1682	1050.3733807941107	930.11	56.20751953125	0.08405069	0.00022791428571428569	0.0007597142857142857	30.432640075683594	48391.602758169174
1683	1016.8600053357306	905.72	55.967041015625	0.08405013	0.00022787142857142855	0.0007595714285714286	30.40680956840515	48422.01118803024
1684	1046.2967750670855	914.05	56.226806640625	0.08404899	0.00022782857142857141	0.0007594285714285715	28.54365587234497	48450.56708550453
1685	1011.3145995385494	902.58	55.98681640625	0.08404827	0.00022778571428571428	0.0007592857142857144	28.106703281402588	48478.68674015999
1686	967.755568891459	854.39	56.246826171875	0.08404696	0.00022774285714285711	0.0007591428571428571	27.513665437698364	48506.20227265358
1687	1087.1277915269122	964.42	55.75732421875	0.0840453	0.00022769999999999998	0.000759	27.918001651763916	48534.12191319466
1688	1090.395195102095	960.15	56.017578125	0.084043264	0.00022765714285714284	0.0007588571428571429	27.63812565803528	48561.77878451347
1689	1047.7368075973725	920.62	55.775634765625	0.084041305	0.00022761428571428568	0.0007587142857142857	28.107344388961792	48589.89888763428
1690	1032.011058671221	903.41	56.03564453125	0.08403971	0.00022757142857142854	0.0007585714285714285	28.502753496170044	48618.403257608414
1691	979.4318062592545	873.78	55.795166015625	0.08403856	0.0002275285714285714	0.0007584285714285715	28.907480001449585	48647.32675909996
1692	1016.6973370561782	900.55	56.5556640625	0.084037505	0.00022748571428571424	0.0007582857142857143	29.3704674243927	48676.69879555702
1693	1086.071464746816	949.57	56.0654296875	0.08403545	0.0002274428571428571	0.0007581428571428572	29.37473201751709	48706.07475924492
1694	1053.662857948495	926.88	56.074462890625	0.08403342	0.00022739999999999997	0.000758	29.30282711982727	48735.37873983383
1695	1040.8616711356608	911.95	56.0859375	0.08403173	0.00022735714285714286	0.0007578571428571429	29.175689697265625	48764.56704759598
1696	1031.8149760142423	905.8	56.345703125	0.084029816	0.00022731428571428567	0.0007577142857142857	26.81414270401001	48791.38276028633
1697	1057.713801573297	940.27	55.85400390625	0.08402825	0.00022727142857142854	0.0007575714285714286	28.343103170394897	48819.7387509346
1698	1021.2004076113112	902.84	56.114990234375	0.084026076	0.00022722857142857143	0.0007574285714285714	27.718416213989258	48847.477106809616
1699	1045.1787052840054	924.53	56.124755859375	0.08402339	0.0002271857142857143	0.0007572857142857144	28.399852514266968	48875.891139507294
1700	932.8798444155525	828.37	57.259033203125	0.08402011	0.00022714285714285713	0.0007571428571428572	29.55193567276001	48905.444942474365
1701	1050.946843487435	912.23	56.266357421875	0.084016494	0.0002271	0.000757	28.891416788101196	48934.34705519676
1702	997.2564354629419	886.95	56.023681640625	0.08401362	0.00022705714285714285	0.0007568571428571429	29.68218731880188	48964.0418279171
1703	1040.5065960121012	932.97	56.281494140625	0.08401065	0.0002270142857142857	0.0007567142857142857	29.140296936035156	48993.20374727249
1704	989.2026807069834	881.61	56.287841796875	0.08400706	0.00022697142857142856	0.0007565714285714286	29.755260467529297	49022.96064925194
1705	1074.0324916876968	948.69	56.298828125	0.08400458	0.00022692857142857142	0.0007564285714285714	27.779523372650146	49050.7551138401
1706	1046.5906182690312	921.87	56.555419921875	0.084002554	0.00022688571428571426	0.0007562857142857142	28.565888166427612	49079.3227763176
1707	1087.8893020062312	948.95	56.314697265625	0.083999805	0.00022684285714285712	0.0007561428571428571	29.222925186157227	49108.54674935341
1708	1078.2198299284134	950.31	56.569580078125	0.08399648	0.00022679999999999998	0.000756	29.058212280273438	49137.606757164
1709	1089.8510220561811	959.14	56.329833984375	0.083993666	0.00022675714285714285	0.0007558571428571429	29.650760889053345	49167.25905632973
1710	1124.0050911081405	976.16	56.337646484375	0.08399049	0.0002267142857142857	0.0007557142857142858	29.71135139465332	49196.982763290405
1711	1075.1263289908889	939.82	56.34375	0.08398793	0.00022667142857142855	0.0007555714285714286	29.9468195438385	49226.93120622635
1712	1054.0152746350318	926.19	56.6025390625	0.083985955	0.0002266285714285714	0.0007554285714285715	30.42244029045105	49257.355206012726
1713	1049.8948736050313	918.26	56.360107421875	0.083984286	0.00022658571428571428	0.0007552857142857143	28.950677633285522	49286.307334661484
1714	1054.1341872990727	916.46	57.11767578125	0.083982505	0.0002265428571428571	0.0007551428571428571	28.837905406951904	49315.14696073532
1715	947.7219699338622	834.7	56.375244140625	0.083981	0.00022649999999999998	0.000755	29.0700101852417	49344.21852302551
1716	1039.5957878925428	917.94	56.63427734375	0.08397957	0.00022645714285714284	0.0007548571428571429	28.487879991531372	49372.70852661133
1717	1049.717918065316	921.07	56.3916015625	0.08397838	0.00022641428571428568	0.0007547142857142856	29.180957078933716	49401.890768289566
1718	1049.7209408162298	930.48	56.3974609375	0.08397769	0.00022637142857142854	0.0007545714285714286	30.190705060958862	49432.08301472664
1719	1065.5591525279715	947.33	56.656982421875	0.083976306	0.0002263285714285714	0.0007544285714285715	29.10633897781372	49461.19778633118
1720	1092.5941465148107	949.76	56.664794921875	0.083975665	0.00022628571428571424	0.0007542857142857143	29.8039767742157	49491.00302195549
1721	1080.6662967625934	961.56	56.423583984375	0.08397476	0.0002262428571428571	0.0007541428571428571	27.56334686279297	49518.574758291245
1722	1134.691413803002	985.3	56.1796875	0.083974004	0.00022619999999999997	0.000754	28.47551155090332	49547.059148311615
1723	1122.3720370585106	979.92	55.93896484375	0.083972864	0.00022615714285714286	0.0007538571428571429	28.273700714111328	49575.33473825455
1724	1084.889412336575	957.79	56.697509765625	0.08397228	0.00022611428571428572	0.0007537142857142858	27.299432039260864	49602.642912864685
1725	1132.3318959700991	980.02	56.705810546875	0.08397182	0.00022607142857142856	0.0007535714285714285	26.809154510498047	49629.45428133011
1726	1108.5621775804893	967.92	56.963623046875	0.08397085	0.00022602857142857142	0.0007534285714285715	26.18787121772766	49655.66305398941
1727	1101.728117527491	963.66	56.720703125	0.083970554	0.0002259857142857143	0.0007532857142857144	26.670108318328857	49682.334740161896
1728	1096.2847200674325	963.39	56.228271484375	0.08397019	0.00022594285714285712	0.0007531428571428572	27.387007474899292	49709.73475432396
1729	1117.6456405622685	980.62	56.48681640625	0.08396938	0.0002259	0.000753	27.175362586975098	49736.91887497902
1730	1085.5576902558353	943.89	56.994873046875	0.083968885	0.00022585714285714285	0.0007528571428571429	26.67395806312561	49763.59507393837
1731	1120.6381712457114	973.56	56.501220703125	0.08396856	0.0002258142857142857	0.0007527142857142857	27.2120623588562	49790.8086977005
1732	1099.8482715096172	964.21	56.510009765625	0.08396832	0.00022577142857142855	0.0007525714285714286	26.835408926010132	49817.65481829643
1733	1059.4310808616956	926.97	56.26806640625	0.083967865	0.00022572857142857142	0.0007524285714285714	27.59046745300293	49845.25794005394
1734	1056.3452656579182	923.52	56.526123046875	0.08396784	0.00022568571428571425	0.0007522857142857142	25.731091022491455	49870.99104189873
1735	1065.5343016395861	950.57	56.53271484375	0.08396778	0.00022564285714285712	0.0007521428571428571	26.615351915359497	49897.61502408981
1736	1081.4301345272597	956.42	56.54052734375	0.08396701	0.00022559999999999998	0.0007520000000000001	27.563008546829224	49925.190771341324
1737	1032.654978815351	917.96	56.04931640625	0.083965965	0.00022555714285714285	0.0007518571428571429	26.890215158462524	49952.08275389671
1738	1048.7473612387448	943.65	56.80810546875	0.0839659	0.0002255142857142857	0.0007517142857142858	26.326643228530884	49978.41076683998
1739	1098.673975018069	977.37	56.31591796875	0.08396549	0.00022547142857142855	0.0007515714285714286	26.37498688697815	50004.787145376205
1740	1039.5837521517287	920.2	56.57373046875	0.08396548	0.0002254285714285714	0.0007514285714285715	29.448283433914185	50034.25504398346
1741	1107.7909940924667	979.0	56.080078125	0.08396584	0.00022538571428571427	0.0007512857142857143	26.910162448883057	50061.16705060005
1742	1093.6008295707493	968.74	56.33935546875	0.08396558	0.0002253428571428571	0.0007511428571428571	26.62909483909607	50087.797963142395
1743	1067.7790208939953	940.55	56.59619140625	0.083964765	0.00022529999999999997	0.000751	29.167657375335693	50116.9830262661
1744	1124.5806924903184	979.55	56.85498046875	0.08396361	0.00022525714285714284	0.000750857142857143	25.687410354614258	50142.68305301666
1745	1102.232657521018	971.94	56.612548828125	0.08396188	0.00022521428571428567	0.0007507142857142857	26.177948713302612	50168.8695731163
1746	1086.7477309100163	953.23	56.62060546875	0.083960555	0.00022517142857142854	0.0007505714285714286	26.96786665916443	50195.85077381134
1747	1096.9639939831882	968.53	56.62841796875	0.08395943	0.0002251285714285714	0.0007504285714285715	26.182020902633667	50222.03475880623
1748	1112.9894606253504	977.48	56.63623046875	0.08395782	0.00022508571428571424	0.0007502857142857142	27.63060474395752	50249.67401146889
1749	1053.8843408289438	928.91	56.892578125	0.08395574	0.0002250428571428571	0.0007501428571428571	26.29342555999756	50275.980853796005
1750	1096.3848766870037	958.23	56.9013671875	0.08395306	0.000225	0.00075	26.69283390045166	50302.68826556206
1751	1066.9627850193244	933.32	56.15966796875	0.08395053	0.0002249571428571428	0.0007498571428571428	28.64340353012085	50331.34306240082
1752	1116.9870213849165	971.12	56.666015625	0.083949	0.00022491428571428572	0.0007497142857142858	27.517724752426147	50358.86275887489
1753	1121.6827682284159	978.4	56.67529296875	0.08394762	0.00022487142857142856	0.0007495714285714285	28.65445876121521	50387.51874303818
1754	1121.6454999751495	973.68	57.4326171875	0.08394585	0.00022482857142857142	0.0007494285714285715	27.531349182128906	50415.06672716141
1755	1122.8729486811544	982.63	56.69189453125	0.083943866	0.00022478571428571429	0.0007492857142857144	29.34112524986267	50444.420570373535
1756	1164.2317422995827	1011.3	56.698486328125	0.08394134	0.00022474285714285712	0.0007491428571428571	29.084038972854614	50473.526725530624
1757	1099.768850175713	952.59	56.45751953125	0.083939046	0.0002247	0.000749	29.778658151626587	50503.30700612068
1758	1085.3946384338392	944.59	56.965576171875	0.08393667	0.00022465714285714285	0.0007488571428571429	29.138627529144287	50532.44677615166
1759	1071.8635809117204	940.48	56.97265625	0.0839347	0.0002246142857142857	0.0007487142857142857	29.083404541015625	50561.54352092743
1760	1061.2552008843768	943.36	56.98095703125	0.08393223	0.00022457142857142855	0.0007485714285714285	29.06327247619629	50590.622757434845
1761	1087.9755202339488	947.23	56.48876953125	0.08393073	0.00022452857142857141	0.0007484285714285714	29.21410036087036	50619.85348153114
1762	1062.7357173836956	937.74	57.996826171875	0.08392906	0.00022448571428571425	0.0007482857142857142	28.098568439483643	50647.961983680725
1763	1111.4489329546961	960.95	56.754638671875	0.08392703	0.00022444285714285714	0.0007481428571428573	28.395182371139526	50676.37160921097
1764	1101.934140343952	956.86	57.38671875	0.08392587	0.00022439999999999998	0.000748	26.27344250679016	50702.647139787674
1765	1042.7183801676008	912.06	56.395263671875	0.08392549	0.00022435714285714282	0.0007478571428571428	26.431774377822876	50729.09105300903
1766	1027.5074963542181	908.38	56.90087890625	0.08392378	0.0002243142857142857	0.0007477142857142858	28.607327699661255	50757.71077156067
1767	1024.7720793030637	892.78	57.159912109375	0.083921544	0.00022427142857142854	0.0007475714285714286	26.61098313331604	50784.32328701019
1768	1053.7081573230982	912.6	57.16845703125	0.08391889	0.0002242285714285714	0.0007474285714285714	27.09497570991516	50811.42641997337
1769	1071.8583446093453	935.18	56.9248046875	0.08391716	0.00022418571428571427	0.0007472857142857143	27.04240584373474	50838.47109913826
1770	1060.1418991266623	928.06	56.435302734375	0.08391661	0.0002241428571428571	0.0007471428571428571	27.08688521385193	50865.55960392952
1771	1070.7163163577325	935.75	56.943359375	0.083916776	0.00022409999999999997	0.000747	27.313318490982056	50892.88957595825
1772	1040.7435274681293	905.02	56.95068359375	0.08391658	0.00022405714285714284	0.0007468571428571429	27.58761215209961	50920.49505519867
1773	1074.081497488402	941.35	56.958984375	0.08391628	0.00022401428571428567	0.0007467142857142857	28.837459564208984	50949.33501148224
1774	1082.201137428287	932.79	56.96630859375	0.083915435	0.00022397142857142854	0.0007465714285714286	26.517762184143066	50975.8691675663
1775	1079.2853246970956	941.91	56.974365234375	0.083915256	0.0002239285714285714	0.0007464285714285715	26.362992763519287	51002.24677109718
1776	1159.224479259849	1008.23	57.48095703125	0.083914846	0.00022388571428571424	0.0007462857142857142	26.403555870056152	51028.666771650314
1777	1050.5720946198858	915.36	56.98974609375	0.08391308	0.00022384285714285716	0.0007461428571428572	26.755889415740967	51055.43875718117
1778	1133.1795503154433	993.96	57.24609375	0.083911486	0.0002238	0.000746	27.602771759033203	51083.04274082184
1779	1069.345476896993	927.07	57.00537109375	0.08391005	0.0002237571428571428	0.0007458571428571428	27.079561233520508	51110.13503265381
1780	1126.0186221875074	989.93	57.013427734375	0.08390835	0.00022371428571428572	0.0007457142857142857	27.638035535812378	51137.77477622032
1781	1120.4463515420111	977.25	57.021240234375	0.083906986	0.00022367142857142856	0.0007455714285714286	26.47505831718445	51164.25108742714
1782	1108.8385501652979	967.27	56.779052734375	0.08390654	0.00022362857142857142	0.0007454285714285715	27.988198041915894	51192.2479660511
1783	1103.7762425082456	959.02	57.0361328125	0.08390593	0.00022358571428571428	0.0007452857142857144	29.79806160926819	51222.06274437904
1784	1114.3380307520927	965.62	57.044677734375	0.083904415	0.00022354285714285712	0.0007451428571428571	29.216914892196655	51251.292305231094
1785	1132.517007183035	991.16	57.052734375	0.08390293	0.00022349999999999998	0.000745	29.504011392593384	51280.81474041939
1786	1106.3848303035434	969.93	57.558837890625	0.08390125	0.00022345714285714285	0.0007448571428571429	27.783610820770264	51308.61506128311
1787	1114.361824569815	964.04	57.3193359375	0.08389961	0.00022341428571428569	0.0007447142857142857	29.50729727745056	51338.138751745224
1788	1109.2290001456954	964.7	56.826416015625	0.08389762	0.00022337142857142855	0.0007445714285714285	29.825955390930176	51367.96676373482
1789	1124.9860046771357	980.71	57.084716796875	0.08389482	0.0002233285714285714	0.0007444285714285714	28.90649914741516	51396.875036001205
1790	1074.7467908561173	943.85	57.342529296875	0.083892226	0.00022328571428571425	0.0007442857142857143	29.124679803848267	51426.01614904404
1791	1077.662729042165	953.95	57.097412109375	0.08388991	0.00022324285714285714	0.0007441428571428573	30.452182054519653	51456.47070097923
1792	1098.6251598298013	961.26	57.607666015625	0.08388743	0.00022319999999999998	0.000744	31.517377138137817	51488.00485086441
1793	1103.6248514215636	970.96	57.615966796875	0.083884954	0.00022315714285714284	0.0007438571428571429	29.59249210357666	51517.59924077988
1794	1098.319614281044	978.04	57.373779296875	0.08388281	0.0002231142857142857	0.0007437142857142858	30.087321758270264	51547.698729753494
1795	1029.3807857092188	914.92	57.131591796875	0.083880045	0.00022307142857142854	0.0007435714285714286	30.178498029708862	51577.878754377365
1796	1095.8218896522794	976.57	57.139404296875	0.083877794	0.0002230285714285714	0.0007434285714285714	30.734990119934082	51608.615018844604
1797	1028.646079341848	924.08	57.145751953125	0.08387527	0.00022298571428571427	0.0007432857142857143	30.702372550964355	51639.31840968132
1798	1021.6671766956683	900.2	57.647705078125	0.083873115	0.0002229428571428571	0.0007431428571428571	30.094585180282593	51669.41439318657
1799	1090.3865423378863	954.95	57.15673828125	0.083871804	0.00022289999999999997	0.0007430000000000001	29.823763847351074	51699.25902581215
1800	1101.7032349067078	973.82	57.164794921875	0.083870806	0.00022285714285714283	0.0007428571428571429	30.17984366416931	51729.447019815445
1801	1091.1879011919596	954.14	57.67138671875	0.083869986	0.00022281428571428567	0.0007427142857142857	29.171269178390503	51758.62674665451
1802	1067.4497626388957	935.48	57.180419921875	0.08386827	0.00022277142857142853	0.0007425714285714286	29.330585479736328	51787.95874285698
1803	1082.441305279214	955.12	57.68896484375	0.08386672	0.00022272857142857143	0.0007424285714285714	29.366873025894165	51817.32739162445
1804	1059.803562787737	934.78	57.195556640625	0.08386472	0.00022268571428571423	0.0007422857142857142	29.524611949920654	51846.85409832001
1805	1125.0682977395802	991.17	57.704833984375	0.08386344	0.00022264285714285715	0.0007421428571428572	29.40137553215027	51876.272854566574
1806	1094.5761893908834	963.89	57.461669921875	0.083863	0.0002226	0.000742	27.001333951950073	51903.28857374191
1807	1104.9509420739041	970.0	57.72021484375	0.083862655	0.00022255714285714285	0.0007418571428571428	26.301316499710083	51929.59101462364
1808	1119.504392525055	991.73	57.727783203125	0.083862506	0.00022251428571428572	0.0007417142857142858	27.927319765090942	51957.53076386452
1809	1109.213191967949	975.41	57.735595703125	0.083862126	0.00022247142857142855	0.0007415714285714286	26.69507622718811	51984.23452043533
1810	1079.959353940201	948.52	57.243408203125	0.08386137	0.00022242857142857142	0.0007414285714285715	28.226632118225098	52012.46302771568
1811	1121.8248878269476	982.31	57.250732421875	0.08386052	0.00022238571428571428	0.0007412857142857143	28.91094183921814	52041.38642191887
1812	1122.091208963845	975.48	57.759033203125	0.083859675	0.00022234285714285712	0.0007411428571428571	28.75961995124817	52070.158995866776
1813	1114.6984371174785	971.55	57.765380859375	0.08385849	0.00022229999999999998	0.000741	29.057831048965454	52099.218551158905
1814	1128.6998462515296	983.01	57.77490234375	0.08385735	0.00022225714285714285	0.0007408571428571429	29.246408462524414	52128.46673870087
1815	1118.3706351326166	955.4	57.281982421875	0.083855815	0.00022221428571428568	0.0007407142857142856	26.78728747367859	52155.25503587723
1816	1161.3158070930533	1004.29	57.79052734375	0.083853744	0.00022217142857142855	0.0007405714285714285	28.980066776275635	52184.246764183044
1817	1156.9228369595849	993.37	57.29833984375	0.08385128	0.0002221285714285714	0.0007404285714285715	27.478873252868652	52211.72702097893
1818	1158.1732138059012	996.52	57.055908203125	0.08384976	0.00022208571428571425	0.0007402857142857143	27.107508420944214	52238.85880923271
1819	1073.8425321830941	942.78	57.313720703125	0.08384883	0.00022204285714285714	0.0007401428571428572	28.13119602203369	52267.00272774696
1820	1095.9890343938935	955.89	57.820068359375	0.083847724	0.00022199999999999998	0.00074	29.29957103729248	52296.31502914429
1821	1027.725023335673	906.95	57.579345703125	0.0838464	0.00022195714285714284	0.0007398571428571429	29.66776967048645	52325.99901223183
1822	1059.6930138304492	945.6	57.587158203125	0.08384555	0.0002219142857142857	0.0007397142857142858	29.435588598251343	52355.44301724434
1823	1048.2094732044468	935.84	58.34619140625	0.08384508	0.00022187142857142854	0.0007395714285714285	29.818369150161743	52385.26291370392
1824	1007.6002259474112	901.89	57.35400390625	0.08384479	0.0002218285714285714	0.0007394285714285714	29.631611108779907	52414.907161951065
1825	1017.9293162843477	923.05	57.861083984375	0.08384481	0.00022178571428571427	0.0007392857142857144	29.843257188796997	52444.76275420189
1826	964.4860060398123	866.44	58.11962890625	0.083844714	0.0002217428571428571	0.0007391428571428572	30.19620394706726	52474.96010327339
1827	938.3431847013311	845.35	57.37744140625	0.083844006	0.00022169999999999997	0.000739	28.90723943710327	52503.88272571564
1828	1014.2464706489889	911.56	57.50830078125	0.083844274	0.00022165714285714283	0.0007388571428571429	26.530839920043945	52530.41474699974
1829	1016.2107951764286	914.15	57.515869140625	0.08384531	0.00022161428571428567	0.0007387142857142857	28.55355715751648	52558.97707223892
1830	1032.9284519680157	914.84	57.77490234375	0.083846174	0.00022157142857142853	0.0007385714285714286	27.98216199874878	52586.96049904823
1831	1014.3791595697174	908.28	57.533935546875	0.08384671	0.00022152857142857142	0.0007384285714285714	28.265138626098633	52615.22709560394
1832	1010.2430679871532	892.24	57.791259765625	0.08384758	0.00022148571428571423	0.0007382857142857142	28.25431513786316	52643.483072280884
1833	1005.0922102951583	885.12	57.7998046875	0.083849125	0.00022144285714285715	0.0007381428571428572	25.76904797554016	52669.2591714859
1834	1016.6429638189569	888.82	57.555419921875	0.08385118	0.0002214	0.000738	26.59394907951355	52695.85473513603
1835	1003.9448881911811	877.08	57.563720703125	0.08385257	0.00022135714285714285	0.0007378571428571429	26.215076684951782	52722.07125234604
1836	943.9637636042743	836.55	57.57373046875	0.0838542	0.00022131428571428572	0.0007377142857142858	26.00028896331787	52748.0747282505
1837	984.3301774360137	857.67	57.82958984375	0.08385626	0.00022127142857142855	0.0007375714285714286	28.494518995285034	52776.57076525688
1838	973.3521286705479	864.53	57.589111328125	0.08385754	0.00022122857142857142	0.0007374285714285715	25.974217891693115	52802.54614877701
1839	931.9485429311912	818.98	57.594482421875	0.083859414	0.00022118571428571428	0.0007372857142857143	28.87161135673523	52831.42711234093
1840	965.6567767946553	860.94	57.6044921875	0.08386231	0.00022114285714285712	0.0007371428571428571	27.780351877212524	52859.20851945877
1841	917.1084579652601	813.85	57.611328125	0.08386446	0.00022109999999999998	0.000737	27.008029460906982	52886.23322868347
1842	942.8626402345428	832.22	57.6171875	0.08386615	0.00022105714285714284	0.0007368571428571429	26.696056127548218	52912.94273686409
1843	877.833940563729	792.83	57.62841796875	0.083867826	0.00022101428571428568	0.0007367142857142856	26.935209035873413	52939.89076757431
1844	924.9015053301887	829.52	57.88232421875	0.083868675	0.00022097142857142857	0.0007365714285714287	27.366299152374268	52967.25873756409
1845	946.4333256137764	846.39	58.14306640625	0.08386957	0.0002209285714285714	0.0007364285714285715	26.98055362701416	52994.24079465866
1846	952.3177388664282	849.06	57.65966796875	0.08386964	0.00022088571428571425	0.0007362857142857143	27.151898622512817	53021.40716791153
1847	1015.0140923387844	906.26	57.90966796875	0.08386937	0.00022084285714285714	0.0007361428571428572	28.623624324798584	53050.047113657
1848	962.1782753457097	857.13	58.167724609375	0.0838692	0.00022079999999999997	0.000736	30.291234493255615	53080.346807956696
1849	1078.1671682640854	939.22	58.17431640625	0.08386913	0.00022075714285714284	0.0007358571428571429	30.10524559020996	53110.46462869644
1850	978.9016732282221	861.89	58.18310546875	0.08386827	0.0002207142857142857	0.0007357142857142858	29.295464277267456	53139.77498435974
1851	981.7433604063467	865.53	57.689453125	0.08386823	0.00022067142857142854	0.0007355714285714285	28.935236930847168	53168.72273135185
1852	977.539150184842	855.11	57.949951171875	0.083868444	0.0002206285714285714	0.0007354285714285714	29.394632816314697	53198.118941783905
1853	1053.0971065245967	922.42	58.20751953125	0.083868034	0.00022058571428571427	0.0007352857142857144	28.842209815979004	53226.9627559185
1854	1035.6721670173456	908.35	58.21484375	0.08386754	0.0002205428571428571	0.0007351428571428571	29.65108871459961	53256.61501741409
1855	1000.9396838424609	881.81	58.22314453125	0.08386785	0.00022049999999999997	0.000735	29.243257761001587	53285.87074589729
1856	1049.6327982858354	913.14	57.98095703125	0.08386878	0.00022045714285714286	0.0007348571428571429	30.000420808792114	53315.87242603302
1857	1059.2935619495356	919.49	58.238525390625	0.083870105	0.00022041428571428567	0.0007347142857142857	29.55656671524048	53345.43081212044
1858	1060.3601790792827	926.4	58.245849609375	0.08387139	0.00022037142857142858	0.0007345714285714286	29.637099504470825	53375.08053946495
1859	983.6044486849794	864.02	58.004150390625	0.08387341	0.00022032857142857142	0.0007344285714285714	29.370850801467896	53404.45335102081
1860	1092.2459983723918	960.57	57.260986328125	0.08387514	0.00022028571428571423	0.0007342857142857142	29.11083984375	53433.57812047005
1861	1062.6479294377264	929.23	58.018798828125	0.08387681	0.00022024285714285715	0.0007341428571428573	29.57137441635132	53463.16675591469
1862	1061.0646421743659	913.93	57.77734375	0.08387807	0.00022019999999999999	0.000734	29.355313539505005	53492.534729242325
1863	1082.476687746227	944.75	57.784912109375	0.08387952	0.00022015714285714285	0.0007338571428571429	29.42840003967285	53521.975101709366
1864	1094.7757833138799	941.54	57.29345703125	0.083880484	0.0002201142857142857	0.0007337142857142858	29.618489980697632	53551.594730854034
1865	1087.834103052458	944.39	57.80078125	0.083881676	0.00022007142857142855	0.0007335714285714286	29.174895763397217	53580.770751953125
1866	1084.6212847941256	936.41	57.809326171875	0.083883606	0.00022002857142857141	0.0007334285714285714	29.70732307434082	53610.47941303253
1867	1116.470752093459	969.06	58.064697265625	0.083885156	0.00021998571428571428	0.0007332857142857143	29.25807809829712	53639.738755226135
1868	1130.860945933944	968.4	58.074462890625	0.08388672	0.00021994285714285711	0.0007331428571428571	29.92239260673523	53669.66987991333
1869	1084.2627148004833	951.93	58.08251953125	0.083887555	0.00021989999999999998	0.000733	29.367310523986816	53699.05858397484
1870	1118.2153794619846	965.38	58.091064453125	0.083887644	0.00021985714285714284	0.0007328571428571428	29.658942461013794	53728.73073339462
1871	1122.457716048302	962.19	58.34912109375	0.08388683	0.00021981428571428568	0.0007327142857142857	29.82351565361023	53758.56698155403
1872	1140.5615704186173	981.18	58.357421875	0.08388552	0.00021977142857142857	0.0007325714285714287	28.27601456642151	53786.8443403244
1873	1073.7590880915461	938.93	57.8642578125	0.083885245	0.0002197285714285714	0.0007324285714285715	27.05556559562683	53813.914744377136
1874	1143.042419442194	982.72	57.87255859375	0.08388573	0.00021968571428571424	0.0007322857142857142	28.694963455200195	53842.61100792885
1875	1109.8398558277631	949.47	58.13037109375	0.08388635	0.00021964285714285713	0.0007321428571428572	26.778996229171753	53869.40274596214
1876	1109.2575522352208	961.5	57.887939453125	0.08388695	0.00021959999999999997	0.000732	27.843310594558716	53897.25876951218
1877	1143.8326334410622	988.79	57.895751953125	0.083887376	0.00021955714285714283	0.0007318571428571429	28.756326913833618	53926.03190159798
1878	1117.513896666506	967.77	57.66162109375	0.08388715	0.0002195142857142857	0.0007317142857142857	30.05345106124878	53956.086735248566
1879	1123.839314160755	966.48	57.911376953125	0.08388693	0.00021947142857142854	0.0007315714285714285	30.339572191238403	53986.427964925766
1880	1102.1424241261177	949.06	58.669677734375	0.08388799	0.0002194285714285714	0.0007314285714285715	30.426939964294434	54016.87078332901
1881	1134.7290082213115	986.61	58.17724609375	0.08388892	0.00021938571428571426	0.0007312857142857144	30.45793652534485	54047.33075213432
1882	1144.3571117650054	981.8	57.684814453125	0.08388939	0.0002193428571428571	0.0007311428571428571	30.83909010887146	54078.17110872269
1883	1095.825746511174	939.77	58.442626953125	0.08389147	0.00021929999999999996	0.000731	30.803199768066406	54108.98257398605
1884	1139.087619107917	975.51	57.208740234375	0.08389366	0.00021925714285714285	0.0007308571428571429	30.69533944129944	54139.690771341324
1885	1118.6458144498706	963.73	57.95947265625	0.083895415	0.00021921428571428566	0.0007307142857142857	31.307533264160156	54171.0147395134
1886	1134.8109748446682	973.17	58.966552734375	0.08389696	0.00021917142857142858	0.0007305714285714286	31.235177755355835	54202.251010894775
1887	1126.8510609160662	968.3	58.47509765625	0.08389809	0.00021912857142857142	0.0007304285714285714	30.121944189071655	54232.37434887886
1888	1113.3063122908288	940.26	57.73291015625	0.08389852	0.00021908571428571423	0.0007302857142857142	29.85152530670166	54262.227654218674
1889	1122.078196089858	950.47	57.990478515625	0.08389803	0.00021904285714285715	0.0007301428571428573	30.502084016799927	54292.730984926224
1890	1133.2704064423513	952.67	58.748779296875	0.08389697	0.00021899999999999998	0.00073	30.695546627044678	54323.44277024269
1891	1129.1856507767197	946.54	57.755859375	0.08389687	0.00021895714285714285	0.0007298571428571429	31.003724813461304	54354.46303534508
1892	1106.4918647361706	946.64	58.26416015625	0.083896406	0.0002189142857142857	0.0007297142857142858	31.23645043373108	54385.7158408165
1893	1174.8549532814538	991.25	58.5244140625	0.083897136	0.00021887142857142855	0.0007295714285714286	30.847546815872192	54416.579177856445
1894	1122.5175520430334	948.98	58.03466796875	0.08389831	0.0002188285714285714	0.0007294285714285714	31.642446994781494	54448.23782849312
1895	1154.1484090276322	964.12	58.29345703125	0.08389863	0.00021878571428571428	0.0007292857142857143	31.599767446517944	54479.866936445236
1896	1103.0846313788004	928.94	58.3037109375	0.08389863	0.0002187428571428571	0.0007291428571428571	30.955515384674072	54510.83478450775
1897	1107.412900832533	932.46	58.06396484375	0.08389768	0.00021869999999999998	0.000729	31.547434091567993	54542.394814014435
1898	1093.0323577129823	928.46	58.323486328125	0.08389697	0.00021865714285714284	0.0007288571428571429	30.845950603485107	54573.242752075195
1899	1123.8251380804413	950.08	58.583740234375	0.08389627	0.00021861428571428568	0.0007287142857142857	30.90760326385498	54604.15195584297
1900	1103.3782276153606	946.27	58.3427734375	0.08389487	0.00021857142857142857	0.0007285714285714287	29.863479375839233	54634.03074026108
1901	1110.2206570612536	939.95	58.603759765625	0.08389395	0.0002185285714285714	0.0007284285714285715	30.53575897216797	54664.58299899101
1902	1067.30358013681	926.72	58.363037109375	0.08389387	0.00021848571428571424	0.0007282857142857142	30.27124857902527	54694.866732120514
1903	1062.61821574047	920.77	58.123779296875	0.08389329	0.00021844285714285713	0.0007281428571428572	30.359144926071167	54725.2305867672
1904	1041.1074900287836	907.03	58.383056640625	0.083892874	0.00021839999999999997	0.000728	30.794798851013184	54756.02735424042
1905	1066.6568084388937	920.21	58.641357421875	0.08389268	0.00021835714285714283	0.0007278571428571428	30.563576698303223	54786.606860637665
1906	995.1824016546215	870.35	58.15283203125	0.08389217	0.0002183142857142857	0.0007277142857142857	30.7147798538208	54817.34218454361
1907	992.4106492087383	862.17	58.662353515625	0.08389249	0.00021827142857142853	0.0007275714285714286	30.535339832305908	54847.89478588104
1908	1070.0706476140003	922.2	58.172607421875	0.08389252	0.0002182285714285714	0.0007274285714285715	30.235469341278076	54878.146824359894
1909	1088.8961666349621	940.68	58.181640625	0.0838916	0.0002181857142857143	0.0007272857142857143	30.110788583755493	54908.25898838043
1910	1089.6125248745984	940.32	57.9404296875	0.083890766	0.0002181428571428571	0.0007271428571428571	30.77978777885437	54939.05106663704
1911	960.6078216344272	837.17	58.19921875	0.08388975	0.00021809999999999996	0.000727	30.506680965423584	54969.57077050209
1912	983.2225083514879	872.74	58.4599609375	0.08388889	0.00021805714285714285	0.0007268571428571429	30.358775854110718	54999.93083977699
1913	1039.1695613299337	899.06	58.720947265625	0.08388734	0.00021801428571428566	0.0007267142857142856	30.272048234939575	55030.20473027229
1914	975.0665395951062	853.37	58.729248046875	0.08388469	0.00021797142857142858	0.0007265714285714286	30.157986164093018	55060.3852186203
1915	1046.2906268927488	920.63	58.240234375	0.083881386	0.00021792857142857142	0.0007264285714285714	30.042019844055176	55090.441752910614
1916	1032.9683549474182	903.69	58.250244140625	0.08387808	0.00021788571428571428	0.0007262857142857144	30.61913514137268	55121.083206653595
1917	1026.3303767726145	892.44	58.51123046875	0.08387626	0.00021784285714285714	0.0007261428571428572	28.01935315132141	55149.11898422241
1918	1004.1429289241469	892.62	58.27001953125	0.08387509	0.00021779999999999998	0.000726	28.279226779937744	55177.410752773285
1919	971.0293721198409	859.29	58.280029296875	0.083874255	0.00021775714285714285	0.0007258571428571429	28.703296422958374	55206.122779130936
1920	1052.3790660875018	920.22	58.540283203125	0.08387324	0.0002177142857142857	0.0007257142857142858	28.65364170074463	55234.78897690773
1921	1038.0022399395882	898.39	58.298828125	0.08387208	0.00021767142857142855	0.0007255714285714285	29.28356099128723	55264.08675742149
1922	1079.4383302721312	934.09	58.559814453125	0.08387073	0.0002176285714285714	0.0007254285714285714	28.280072450637817	55292.36830544472
1923	1068.7173463454246	941.55	58.819091796875	0.08387021	0.00021758571428571427	0.0007252857142857143	28.73044204711914	55321.10063648224
1924	1086.7296165968828	961.36	58.0791015625	0.083869256	0.0002175428571428571	0.0007251428571428571	28.723185062408447	55349.83501267433
1925	1092.8397062989563	958.9	58.33935546875	0.083868064	0.00021749999999999997	0.000725	28.85061264038086	55378.6871612072
1926	1128.8746307917327	988.17	58.3486328125	0.083866574	0.00021745714285714284	0.0007248571428571429	28.65904974937439	55407.347700834274
1927	1066.4997679121152	931.71	59.358642578125	0.08386558	0.00021741428571428567	0.0007247142857142857	30.199411869049072	55437.570742845535
1928	1060.2290364725131	929.07	58.867919921875	0.0838651	0.00021737142857142857	0.0007245714285714287	30.179309368133545	55467.75882053375
1929	1087.8943997506378	943.12	58.378173828125	0.08386409	0.0002173285714285714	0.0007244285714285714	31.034626245498657	55498.794761657715
1930	1077.8555811265462	940.01	58.88818359375	0.08386305	0.00021728571428571427	0.0007242857142857143	29.96307134628296	55528.75909972191
1931	1153.8429471618651	987.82	58.646484375	0.08386215	0.00021724285714285713	0.0007241428571428572	28.809657335281372	55557.57697606087
1932	1085.6657731067626	937.5	58.65771484375	0.08386197	0.00021719999999999997	0.000724	28.90095067024231	55586.4961438179
1933	1075.3592214481228	937.39	58.1669921875	0.083861865	0.00021715714285714283	0.0007238571428571428	29.62432289123535	55616.13583421707
1934	1116.8518236810653	967.06	58.177734375	0.083862014	0.0002171142857142857	0.0007237142857142858	29.864251136779785	55646.01579642296
1935	1080.9482368628296	935.76	57.93798828125	0.083862156	0.00021707142857142853	0.0007235714285714286	31.017530918121338	55677.03475666046
1936	1119.0822080417763	978.6	58.947509765625	0.08386176	0.0002170285714285714	0.0007234285714285715	31.082935571670532	55708.118821144104
1937	1105.34175364538	964.76	58.956787109375	0.083860934	0.00021698571428571429	0.0007232857142857143	30.36940598487854	55738.501163482666
1938	1125.8958616120146	997.59	58.46484375	0.08386024	0.0002169428571428571	0.0007231428571428571	31.939886569976807	55770.44307589531
1939	1111.7242438228016	968.9	58.97705078125	0.08385975	0.0002169	0.000723	31.255019903182983	55801.69955253601
1940	1123.9009825117341	991.79	58.986572265625	0.08385881	0.00021685714285714285	0.0007228571428571429	30.80157446861267	55832.51302957535
1941	1094.8412959848415	972.9	58.496826171875	0.08385766	0.0002168142857142857	0.0007227142857142856	30.099581480026245	55862.62703990936
1942	1152.0422995392098	1006.66	59.005615234375	0.08385577	0.00021677142857142858	0.0007225714285714286	27.447424173355103	55890.08674144745
1943	1077.7271662930582	950.34	58.515869140625	0.08385434	0.00021672857142857141	0.0007224285714285715	28.52547836303711	55918.62492775917
1944	1052.1075863717908	929.78	58.525634765625	0.08385279	0.00021668571428571428	0.0007222857142857144	28.29238224029541	55946.91880965233
1945	1073.962741435622	946.11	58.785400390625	0.0838519	0.00021664285714285714	0.0007221428571428572	30.222559452056885	55977.14275240898
1946	1112.6574330544781	984.73	58.545166015625	0.083851464	0.00021659999999999998	0.000722	30.45620632171631	56007.600541353226
1947	1089.507678299466	966.17	58.8046875	0.08385098	0.00021655714285714284	0.0007218571428571429	31.051236629486084	56038.666779756546
1948	1059.7946661548076	946.81	59.064697265625	0.08384993	0.0002165142857142857	0.0007217142857142858	30.317418098449707	56068.98542165756
1949	1068.080638024667	940.15	58.824462890625	0.08384926	0.00021647142857142854	0.0007215714285714285	31.1114821434021	56100.1110458374
1950	1046.9644254886935	933.26	58.56494140625	0.08384935	0.0002164285714285714	0.0007214285714285714	31.112751960754395	56131.243942976
1951	1068.7094525208677	975.31	58.5751953125	0.0838485	0.00021638571428571427	0.0007212857142857143	31.547404527664185	56162.80676293373
1952	1035.71194135747	940.96	58.584228515625	0.08384785	0.0002163428571428571	0.0007211428571428572	30.714275121688843	56193.52275276184
1953	1000.1537637683846	901.59	58.343505859375	0.08384725	0.00021629999999999997	0.000721	30.94991374015808	56224.48308444023
1954	1057.0077654763436	947.08	58.8544921875	0.083847605	0.00021625714285714284	0.0007208571428571429	30.558239698410034	56255.04274392128
1955	1028.8303784890738	928.38	58.6142578125	0.08384717	0.00021621428571428567	0.0007207142857142857	31.089701414108276	56286.14118742943
1956	1067.5123339175695	948.9	58.4951171875	0.083846845	0.00021617142857142856	0.0007205714285714287	30.540520429611206	56316.69583916664
1957	1068.7650233749462	944.54	58.75537109375	0.083847575	0.0002161285714285714	0.0007204285714285714	31.098796367645264	56347.814026117325
1958	1044.4075275117807	941.75	58.763427734375	0.08384658	0.00021608571428571426	0.0007202857142857143	29.569764137268066	56377.38602018356
1959	957.2457451306248	854.41	59.26953125	0.08384567	0.00021604285714285713	0.0007201428571428572	28.62735390663147	56406.02674508095
1960	1096.7871566041315	969.18	59.031005859375	0.083844416	0.00021599999999999996	0.0007199999999999999	30.579323768615723	56436.61856842041
1961	1085.9287012958912	949.34	58.788330078125	0.083842546	0.00021595714285714283	0.0007198571428571429	31.891778707504272	56468.52705287933
1962	1042.757580189636	928.3	58.795654296875	0.08384123	0.00021591428571428572	0.0007197142857142858	30.895529747009277	56499.43503165245
1963	1077.6460676380177	956.46	58.804443359375	0.08384004	0.00021587142857142853	0.0007195714285714286	31.430370807647705	56530.86702942848
1964	1103.8585757843891	971.38	58.81103515625	0.08383898	0.0002158285714285714	0.0007194285714285714	30.72292447090149	56561.59139800072
1965	1083.0850029583276	944.16	59.320068359375	0.083837986	0.00021578571428571428	0.0007192857142857143	30.487610340118408	56592.09502243996
1966	1111.4574613657992	965.62	58.827880859375	0.08383734	0.0002157428571428571	0.0007191428571428571	30.555660486221313	56622.66279220581
1967	1108.341247840815	969.86	59.086669921875	0.08383574	0.00021569999999999998	0.000719	30.102241039276123	56652.77372479439
1968	1138.250046719086	990.38	58.842529296875	0.08383358	0.00021565714285714285	0.0007188571428571428	30.09270429611206	56682.86834049225
1969	1129.5383942610572	984.28	58.851318359375	0.08383113	0.00021561428571428569	0.0007187142857142856	30.509555339813232	56713.392941474915
1970	1174.015004974706	1004.0	58.857421875	0.08382852	0.00021557142857142858	0.0007185714285714287	31.52841567993164	56744.92285656929
1971	1143.7337664948218	983.39	58.867919921875	0.0838264	0.0002155285714285714	0.0007184285714285715	31.210597038269043	56776.13475441933
1972	1163.7435147296958	989.36	59.1259765625	0.08382384	0.00021548571428571428	0.0007182857142857143	30.79080581665039	56806.92709469795
1973	1075.9385194760991	929.59	58.883056640625	0.08382165	0.00021544285714285714	0.0007181428571428572	30.6121826171875	56837.555387973785
1974	1119.4663702153025	963.64	59.1376953125	0.083820485	0.00021539999999999998	0.000718	30.86953330039978	56868.426144599915
1975	1124.6725038960594	957.94	58.89453125	0.08381974	0.00021535714285714284	0.0007178571428571429	30.320162296295166	56898.748874902725
1976	1124.7331858783923	975.7	59.402587890625	0.08381865	0.0002153142857142857	0.0007177142857142857	30.887261629104614	56929.65079808235
1977	1122.8573097145068	957.76	58.91064453125	0.08381724	0.00021527142857142854	0.0007175714285714285	30.303240060806274	56959.96263599396
1978	1101.1149555755248	946.24	58.668212890625	0.08381537	0.0002152285714285714	0.0007174285714285714	30.42610216140747	56990.39163470268
1979	1122.6394502669532	953.66	59.17578125	0.08381242	0.00021518571428571427	0.0007172857142857144	30.500342845916748	57020.907858133316
1980	1053.8231479997526	899.98	59.43408203125	0.08381066	0.0002151428571428571	0.0007171428571428571	30.723712682724	57051.64689159393
1981	1136.35444544963	966.21	58.94189453125	0.083809726	0.0002151	0.0007170000000000001	30.74693775177002	57082.3951253891
1982	1077.2152656455048	916.95	59.19921875	0.08380809	0.00021505714285714283	0.0007168571428571429	30.753827810287476	57113.15073823929
1983	1108.5297474513118	937.83	58.957275390625	0.08380613	0.00021501428571428567	0.0007167142857142857	30.20643138885498	57143.35874056816
1984	1086.8919755695345	927.97	58.965576171875	0.0838032	0.00021497142857142856	0.0007165714285714286	30.33315944671631	57173.69342494011
1985	1104.9403319135095	942.38	58.9716796875	0.083800375	0.0002149285714285714	0.0007164285714285714	30.492267847061157	57204.18701314926
1986	1030.23942954641	896.07	58.73193359375	0.08379787	0.00021488571428571426	0.0007162857142857143	29.86684823036194	57234.06629920006
1987	1134.0635198874008	974.16	58.98828125	0.08379552	0.00021484285714285713	0.0007161428571428572	29.318386554718018	57263.39771080017
1988	1077.6034043679863	929.62	59.49609375	0.0837939	0.00021479999999999996	0.000716	30.231844186782837	57293.63074016571
1989	1129.6450020077702	965.38	59.0048828125	0.08379225	0.00021475714285714283	0.0007158571428571429	30.571229934692383	57324.21467709541
1990	1151.6099612582175	979.35	59.01318359375	0.08379129	0.00021471428571428572	0.0007157142857142858	29.363513231277466	57353.590779066086
1991	1148.375754902787	973.83	59.26953125	0.083790965	0.00021467142857142853	0.0007155714285714286	29.415154933929443	57383.018738269806
1992	1081.748310022247	919.77	59.02783203125	0.08379105	0.00021462857142857142	0.0007154285714285714	28.331990718841553	57411.35217523575
1993	1097.971968449287	928.78	59.53662109375	0.08379147	0.00021458571428571428	0.0007152857142857143	28.62769103050232	57439.99910187721
1994	1107.823422418186	942.39	59.0439453125	0.08379202	0.00021454285714285712	0.0007151428571428571	28.8990478515625	57468.89979505539
1995	1135.9190725189133	962.41	58.80224609375	0.083792746	0.0002145	0.0007150000000000001	27.975913763046265	57496.895339012146
1996	1134.4835651580706	961.61	59.059814453125	0.08379371	0.00021445714285714285	0.0007148571428571428	27.3552668094635	57524.262746334076
1997	1131.4458719817735	966.28	60.06640625	0.08379427	0.00021441428571428568	0.0007147142857142856	27.312082529067993	57551.58353590965
1998	1142.307182868547	963.72	59.074951171875	0.08379539	0.00021437142857142857	0.0007145714285714287	28.88333034515381	57580.48672437668
1999	1141.0683594306995	972.08	59.083251953125	0.08379585	0.0002143285714285714	0.0007144285714285715	28.67306876182556	57609.16086149216
2000	1144.8135451798144	970.23	59.342041015625	0.08379611	0.00021428571428571427	0.0007142857142857143	27.79550051689148	57636.96688127518
2001	1152.878336659241	973.81	59.3486328125	0.08379653	0.00021424285714285714	0.0007141428571428572	27.322367906570435	57664.30575656891
2002	1141.046056419345	972.3	58.364501953125	0.08379624	0.00021419999999999998	0.000714	28.520968914031982	57692.84838438034
2003	1127.0957704101086	956.93	59.615234375	0.08379599	0.00021415714285714284	0.0007138571428571429	28.504847288131714	57721.355080366135
2004	1134.8030374703344	961.1	59.12353515625	0.08379548	0.0002141142857142857	0.0007137142857142857	28.653985261917114	57750.01075267792
2005	1080.8339391395302	922.99	59.13134765625	0.08379481	0.00021407142857142854	0.0007135714285714285	29.994669914245605	57780.00672721863
2006	1146.7582625048208	970.84	58.889404296875	0.083793886	0.0002140285714285714	0.0007134285714285715	29.425372838974	57809.43355536461
2007	1158.1269681299868	981.87	58.897216796875	0.083793156	0.00021398571428571427	0.0007132857142857144	29.99629807472229	57839.451451063156
2008	1148.6434458731567	972.02	59.154296875	0.08379223	0.0002139428571428571	0.0007131428571428571	30.142260551452637	57869.60273933411
2009	1168.1882320967443	978.92	59.412353515625	0.08379126	0.0002139	0.0007130000000000001	29.46658182144165	57899.070738554
2010	1183.6694298495904	999.06	58.920654296875	0.08378979	0.00021385714285714283	0.0007128571428571429	28.757705450057983	57927.83712220192
2011	1173.1277419122612	986.0	59.42822265625	0.08378885	0.00021381428571428567	0.0007127142857142856	29.179306268692017	57957.03071975708
2012	1109.8269691757455	945.54	59.185302734375	0.083787896	0.00021377142857142856	0.0007125714285714286	28.195650339126587	57985.2390294075
2013	1057.8030746615557	913.64	59.693603515625	0.08378735	0.0002137285714285714	0.0007124285714285714	27.10177779197693	58012.34273505211
2014	1104.9623649293974	950.09	58.45751953125	0.083786465	0.00021368571428571426	0.0007122857142857143	27.019165754318237	58039.36302089691
2015	1112.3440587667117	951.97	59.216796875	0.08378496	0.00021364285714285715	0.0007121428571428572	28.482473134994507	58067.84699988365
2016	1117.2934063533578	953.26	59.46826171875	0.08378365	0.00021359999999999996	0.000712	27.726346492767334	58095.57478404045
2017	1152.0235679755958	995.48	59.225830078125	0.08378323	0.00021355714285714282	0.0007118571428571429	30.09562087059021	58125.67904496193
2018	1130.7910931278502	980.35	59.23291015625	0.08378324	0.00021351428571428572	0.0007117142857142858	30.398180961608887	58156.078827381134
2019	1137.1676307661487	975.2	59.241943359375	0.08378273	0.00021347142857142853	0.0007115714285714285	30.01857614517212	58186.11382484436
2020	1129.9365258734506	970.5	59.3740234375	0.083782874	0.00021342857142857142	0.0007114285714285714	29.351824283599854	58215.466920375824
2021	1084.0623150307229	933.31	59.630859375	0.08378318	0.00021338571428571428	0.0007112857142857143	30.73957085609436	58246.21503019333
2022	1092.4901305287897	928.85	59.3896484375	0.08378304	0.00021334285714285712	0.0007111428571428571	29.782586097717285	58275.99905872345
2023	1157.8799643658313	988.91	59.39794921875	0.083783574	0.0002133	0.000711	30.409008264541626	58306.42039299011
2024	1108.7070579880105	956.41	59.156005859375	0.08378467	0.00021325714285714284	0.0007108571428571429	29.827192068099976	58336.26799201965
2025	1135.3786025043971	977.6	59.412353515625	0.08378544	0.00021321428571428568	0.0007107142857142857	29.897926330566406	58366.16690516472
2026	1048.935890761686	912.94	59.669677734375	0.08378599	0.00021317142857142857	0.0007105714285714287	29.962751865386963	58396.13075733185
2027	1115.102373477823	961.24	59.428955078125	0.08378679	0.0002131285714285714	0.0007104285714285714	29.466510772705078	58425.598724365234
2028	1106.9949479159309	960.62	59.185546875	0.08378757	0.00021308571428571427	0.0007102857142857143	29.462949514389038	58455.06279349327
2029	1112.3722540111983	965.37	59.695068359375	0.08378783	0.00021304285714285714	0.0007101428571428572	29.36957049369812	58484.43398594856
2030	1096.3131970651232	958.58	59.453125	0.0837884	0.00021299999999999997	0.00071	29.732250452041626	58514.18365287781
2031	1130.2685170074194	978.93	59.4609375	0.08378881	0.00021295714285714284	0.0007098571428571428	29.52750849723816	58543.72689008713
2032	1090.9045427844205	950.31	59.217529296875	0.08378884	0.0002129142857142857	0.0007097142857142857	28.0693998336792	58571.80893230438
2033	1107.7829081627226	957.8	59.47509765625	0.08378834	0.00021287142857142854	0.0007095714285714285	28.031159162521362	58599.854748249054
2034	1132.7329904889966	969.97	59.234619140625	0.08378786	0.0002128285714285714	0.0007094285714285715	27.89523959159851	58627.75477170944
2035	1110.858876775781	953.59	59.492919921875	0.0837876	0.00021278571428571427	0.0007092857142857143	27.14655327796936	58654.90275526047
2036	1054.6781645857488	907.44	59.498779296875	0.08378839	0.0002127428571428571	0.0007091428571428571	28.034465551376343	58682.938760757446
2037	1094.5046265671451	935.14	59.758056640625	0.08378909	0.0002127	0.0007090000000000001	28.227877616882324	58711.17523956299
2038	1049.7615363954353	892.96	59.51611328125	0.08378964	0.00021265714285714283	0.0007088571428571429	28.65169048309326	58739.84299683571
2039	1090.4001678317718	940.72	59.273681640625	0.083789706	0.0002126142857142857	0.0007087142857142857	27.535364389419556	58767.39487314224
2040	1118.501046311119	967.8	59.531005859375	0.08378947	0.00021257142857142856	0.0007085714285714286	26.56595802307129	58793.973752975464
2041	1099.3971893101186	950.74	59.537109375	0.0837893	0.0002125285714285714	0.0007084285714285714	28.307751417160034	58822.303055763245
2042	1077.5153511306175	951.49	59.54638671875	0.083788216	0.00021248571428571426	0.0007082857142857144	28.654411554336548	58850.95900249481
2043	1105.5913296342571	963.83	59.55517578125	0.083787195	0.00021244285714285715	0.0007081428571428572	27.584919691085815	58878.55770421028
2044	1051.6404615580343	921.31	59.56298828125	0.08378587	0.00021239999999999996	0.000708	27.371163845062256	58905.95053792
2045	1011.3681019695442	883.42	59.0703125	0.08378487	0.00021235714285714285	0.0007078571428571429	27.32433557510376	58933.29104733467
2046	1102.6918364692285	962.68	59.328369140625	0.083784215	0.0002123142857142857	0.0007077142857142858	28.873198986053467	58962.1807115078
2047	1094.1474267625456	956.15	59.086181640625	0.08378381	0.00021227142857142855	0.0007075714285714285	28.089293718338013	58990.271069288254
2048	1086.0355136587602	934.72	59.59228515625	0.08378321	0.00021222857142857141	0.0007074285714285714	29.07529091835022	59019.35889697075
2049	1073.6909201010092	937.57	59.103271484375	0.083782494	0.00021218571428571428	0.0007072857142857143	28.481968641281128	59047.84278893471
2050	1092.3866460656113	941.79	59.361328125	0.083782814	0.00021214285714285711	0.0007071428571428571	26.35129475593567	59074.20271706581
2051	1070.8516872849204	930.26	58.8759765625	0.0837836	0.0002121	0.0007070000000000001	27.86330533027649	59102.07075023651
2052	1109.2463804610627	955.84	59.37353515625	0.083785266	0.00021205714285714284	0.0007068571428571429	28.06757140159607	59130.15075349808
2053	1109.0349554620227	957.04	59.63330078125	0.083786316	0.0002120142857142857	0.0007067142857142858	28.152652740478516	59158.32006573677
2054	1137.835304410286	978.93	59.39111328125	0.08378736	0.00021197142857142857	0.0007065714285714287	27.2541241645813	59185.57610273361
2055	1121.3067311799396	969.55	59.6484375	0.083789	0.0002119285714285714	0.0007064285714285714	26.65538763999939	59212.23325037956
2056	1139.2032097015467	978.13	58.91357421875	0.083790414	0.00021188571428571427	0.0007062857142857143	28.172988653182983	59240.407782793045
2057	1106.5182335708419	961.8	60.1650390625	0.083791465	0.00021184285714285713	0.0007061428571428572	27.30951690673828	59267.718946933746
2058	1148.7815285517377	984.14	59.92138671875	0.08379245	0.00021179999999999997	0.0007059999999999999	29.71455478668213	59297.43479037285
2059	1077.7552901546826	926.28	59.93017578125	0.083792984	0.00021175714285714283	0.0007058571428571428	29.33295202255249	59326.77237415314
2060	1118.4794635929643	963.21	59.688232421875	0.08379314	0.0002117142857142857	0.0007057142857142858	27.54529094696045	59354.31873750687
2061	1163.211780915257	1002.11	59.6962890625	0.08379358	0.00021167142857142854	0.0007055714285714286	27.91145920753479	59382.243032217026
2062	1122.6637576313549	958.32	59.454833984375	0.083794735	0.0002116285714285714	0.0007054285714285714	28.03544855117798	59410.2908680439
2063	1147.2011260768618	983.92	59.712890625	0.0837962	0.00021158571428571426	0.0007052857142857143	27.772820472717285	59438.08024811745
2064	1141.1485771780588	971.25	59.71826171875	0.08379721	0.0002115428571428571	0.0007051428571428571	27.79380750656128	59465.897018909454
2065	1142.6838713903048	964.32	59.47802734375	0.083797604	0.0002115	0.0007050000000000001	27.75105571746826	59493.65089392662
2066	1134.8980999351038	968.92	59.736572265625	0.083797954	0.00021145714285714283	0.0007048571428571428	27.82268214225769	59521.47485041618
2067	1127.477173654617	952.76	59.493408203125	0.08379804	0.0002114142857142857	0.0007047142857142857	26.974412441253662	59548.45078086853
2068	1087.4301268238778	928.14	59.75244140625	0.08379805	0.00021137142857142858	0.0007045714285714286	29.147212505340576	59577.60675358772
2069	1116.6198520442524	958.08	59.510009765625	0.08379859	0.0002113285714285714	0.0007044285714285715	27.65682101249695	59605.26506233215
2070	1107.583690530803	950.17	59.767578125	0.08379912	0.00021128571428571426	0.0007042857142857143	29.203561067581177	59634.49073433876
2071	1117.7711709470384	961.17	60.2744140625	0.08380004	0.00021124285714285715	0.0007041428571428572	29.57031750679016	59664.06278467178
2072	1107.2070025533503	949.15	59.78271484375	0.08380103	0.00021119999999999996	0.000704	29.61886167526245	59693.68282580376
2073	1179.753461699595	993.52	59.54052734375	0.08380102	0.00021115714285714285	0.0007038571428571429	29.983330965042114	59723.678804636
2074	1157.619032462894	982.58	60.049560546875	0.08380108	0.0002111142857142857	0.0007037142857142857	29.96340537071228	59753.65482163429
2075	1121.91420437266	948.96	60.306396484375	0.08380107	0.00021107142857142855	0.0007035714285714285	29.797908782958984	59783.465126514435
2076	1141.4367867314902	974.51	60.06494140625	0.08380237	0.0002110285714285714	0.0007034285714285714	29.129307508468628	59812.59619760513
2077	1139.3833358822535	966.06	60.0712890625	0.08380282	0.00021098571428571428	0.0007032857142857143	29.709784269332886	59842.3290541172
2078	1147.5399089135472	982.8	60.080322265625	0.08380315	0.0002109428571428571	0.000703142857142857	30.046929836273193	59872.37752914429
2079	1120.5731144664178	961.11	59.83837890625	0.0838043	0.0002109	0.0007030000000000001	29.267648696899414	59901.646775484085
2080	1124.6958599028649	954.2	59.845703125	0.08380502	0.00021085714285714284	0.0007028571428571429	29.002904176712036	59930.65134429932
2081	1146.2982099415822	981.03	59.854736328125	0.0838059	0.0002108142857142857	0.0007027142857142858	29.97434425354004	59960.65303897858
2082	1111.5418720566202	952.08	59.86279296875	0.083806604	0.00021077142857142857	0.0007025714285714286	29.843598127365112	59990.51483297348
2083	1140.6228842736368	972.72	59.37060546875	0.08380705	0.0002107285714285714	0.0007024285714285714	29.359381437301636	60019.88704276085
2084	1142.5271976712136	973.37	59.878662109375	0.08380693	0.00021068571428571427	0.0007022857142857143	30.018348455429077	60049.90681266785
2085	1169.3927012794195	997.46	59.8876953125	0.08380675	0.00021064285714285713	0.0007021428571428572	29.671502113342285	60079.591140031815
2086	1142.90078702466	981.71	59.15673828125	0.08380568	0.00021059999999999997	0.0007019999999999999	29.572189807891846	60109.16479802132
2087	1134.077054524865	985.0	59.90673828125	0.0838044	0.00021055714285714283	0.0007018571428571428	29.534972667694092	60138.71469402313
2088	1109.4111325046754	951.32	59.418212890625	0.08380312	0.0002105142857142857	0.0007017142857142858	30.090787649154663	60168.806671619415
2089	1106.7356003799684	950.66	59.427734375	0.083802246	0.00021047142857142853	0.0007015714285714286	27.755048990249634	60196.56296110153
2090	1144.2682821837252	980.72	60.1875	0.083801925	0.0002104285714285714	0.0007014285714285714	28.05053400993347	60224.6147339344
2091	1152.7492672444732	980.79	59.947998046875	0.08380104	0.00021038571428571426	0.0007012857142857143	27.371914625167847	60252.007095098495
2092	1140.4511741578506	964.94	60.4560546875	0.083800375	0.0002103428571428571	0.0007011428571428571	28.55142378807068	60280.57082390785
2093	1081.482662407013	928.48	59.96728515625	0.08379858	0.0002103	0.0007010000000000001	27.44515037536621	60308.01725959778
2094	1144.398289507536	977.68	59.976806640625	0.08379773	0.00021025714285714283	0.0007008571428571428	28.23544192314148	60336.27078843117
2095	1153.2403486036467	987.42	59.986572265625	0.083797	0.0002102142857142857	0.0007007142857142857	27.771615028381348	60364.046996593475
2096	1140.4068828704771	971.24	59.99658203125	0.08379611	0.00021017142857142858	0.0007005714285714287	28.4632465839386	60392.52274084091
2097	1145.1733643161197	977.1	60.006103515625	0.083795674	0.0002101285714285714	0.0007004285714285715	28.167868614196777	60420.69204902649
2098	1158.3330694116466	984.46	60.2666015625	0.083796114	0.00021008571428571428	0.0007002857142857143	29.07538914680481	60449.78666687012
2099	1094.7003400780052	924.32	60.026611328125	0.08379683	0.00021004285714285714	0.0007001428571428572	28.386547327041626	60478.18591308594
2100	1120.1525452723697	958.53	60.03564453125	0.08379718	0.00020999999999999998	0.0007	28.01164746284485	60506.19954991341
2101	1193.5804402829383	1018.45	60.046142578125	0.08379815	0.00020995714285714285	0.0006998571428571429	27.313188791275024	60533.51475071907
2102	1194.2461643750796	1005.95	60.054931640625	0.08379853	0.0002099142857142857	0.0006997142857142857	28.04031777381897	60561.556193351746
2103	1156.050430133205	974.33	60.065185546875	0.08379831	0.00020987142857142855	0.0006995714285714285	27.99645233154297	60589.55472326279
2104	1196.789013338748	999.78	60.0751953125	0.083797716	0.00020982857142857144	0.0006994285714285715	27.191405534744263	60616.75880360603
2105	1122.916192974824	947.46	60.3349609375	0.08379725	0.00020978571428571427	0.0006992857142857144	26.909437656402588	60643.67687559128
2106	1162.1238849155436	981.69	60.0947265625	0.083796285	0.0002097428571428571	0.000699142857142857	26.84336495399475	60670.53477692604
2107	1153.7213866497189	965.83	59.60400390625	0.08379629	0.0002097	0.0006990000000000001	26.91714906692505	60697.46462082863
2108	1174.6565984684496	981.22	60.1142578125	0.08379585	0.00020965714285714284	0.0006988571428571429	27.59630298614502	60725.08357691765
2109	1164.9650565517195	962.6	60.12451171875	0.083794594	0.0002096142857142857	0.0006987142857142858	27.582504749298096	60752.666734695435
2110	1149.5268292555888	952.07	60.134033203125	0.08379367	0.00020957142857142857	0.0006985714285714286	29.6224684715271	60782.290764808655
2111	1185.3553487296253	985.61	59.89404296875	0.08379287	0.0002095285714285714	0.0006984285714285714	27.66634225845337	60809.95876073837
2112	1136.8891390286196	949.41	60.153076171875	0.08379179	0.00020948571428571427	0.0006982857142857143	27.662994623184204	60837.63453364372
2113	1146.6394228486124	959.6	60.163330078125	0.08379128	0.00020944285714285713	0.0006981428571428571	28.955405473709106	60866.606880664825
2114	1163.471530909172	971.01	60.17431640625	0.08379056	0.00020939999999999997	0.0006979999999999999	26.71968650817871	60893.339000463486
2115	1183.8017979750755	988.12	60.183837890625	0.08378914	0.00020935714285714283	0.0006978571428571429	26.17412829399109	60919.514649391174
2116	1188.1395105346592	992.25	60.44384765625	0.083787255	0.0002093142857142857	0.0006977142857142858	26.210925102233887	60945.73838877678
2117	1131.5624310798578	949.59	60.453125	0.083784975	0.00020927142857142853	0.0006975714285714285	28.50051212310791	60974.2518966198
2118	1131.7034591741246	957.3	60.463134765625	0.083782166	0.00020922857142857142	0.0006974285714285715	28.513006925582886	61002.76697063446
2119	1127.8161847569154	959.71	60.97314453125	0.08377952	0.00020918571428571426	0.0006972857142857143	28.70261001586914	61031.471032857895
2120	1125.7717914499806	957.6	60.230712890625	0.08377722	0.0002091428571428571	0.0006971428571428571	29.22349739074707	61060.70290803909
2121	1161.0069849652011	991.76	60.492919921875	0.08377526	0.00020910000000000001	0.000697	26.131901264190674	61086.84734368324
2122	1155.4927102865868	984.01	60.251953125	0.08377426	0.00020905714285714282	0.0006968571428571428	29.511603593826294	61116.37101626396
2123	1184.3075719427006	997.77	60.26220703125	0.083773494	0.0002090142857142857	0.0006967142857142858	27.804659605026245	61144.1840736866
2124	1210.1245274412058	1008.35	60.2705078125	0.08377239	0.00020897142857142858	0.0006965714285714287	27.84326171875	61172.04276537895
2125	1158.2712421900503	987.95	60.280029296875	0.08377141	0.0002089285714285714	0.0006964285714285714	26.506184816360474	61198.55106282234
2126	1094.9520940043874	939.93	60.040771484375	0.08377066	0.00020888571428571428	0.0006962857142857143	28.363911867141724	61226.916660785675
2127	1117.926145467076	951.89	60.30126953125	0.083769165	0.00020884285714285714	0.0006961428571428572	26.865105867385864	61253.78274154663
2128	1146.9823977128956	977.16	60.5595703125	0.083767585	0.00020879999999999998	0.000696	29.00761389732361	61282.80309224129
2129	1114.4455197529437	953.21	60.070556640625	0.083765656	0.00020875714285714284	0.0006958571428571428	27.931339025497437	61310.74673128128
2130	1189.2925696787847	996.08	60.58056640625	0.08376426	0.0002087142857142857	0.0006957142857142857	28.50020718574524	61339.26295757294
2131	1118.9149507672075	936.02	60.339599609375	0.08376207	0.00020867142857142854	0.0006955714285714285	27.89530634880066	61367.15924310684
2132	1105.1395260944955	940.71	60.350830078125	0.08376103	0.00020862857142857143	0.0006954285714285716	27.087317943572998	61394.26276278496
2133	1101.7940555831728	929.67	60.35888671875	0.08376046	0.00020858571428571427	0.0006952857142857143	27.511115312576294	61421.7757062912
2134	1174.8387637094672	989.2	60.620361328125	0.08376097	0.0002085428571428571	0.0006951428571428571	27.563175678253174	61449.354731082916
2135	1108.222001151089	942.34	60.380859375	0.08376172	0.0002085	0.0006950000000000001	26.770456790924072	61476.12632250786
2136	1160.767160393948	980.77	60.3896484375	0.08376235	0.00020845714285714284	0.0006948571428571429	27.559255838394165	61503.70273590088
2137	1158.5586491804238	975.09	60.8984375	0.08376355	0.0002084142857142857	0.0006947142857142857	28.430862426757812	61532.134739398956
2138	1155.2462220670839	977.36	60.40966796875	0.08376501	0.00020837142857142856	0.0006945714285714286	27.611101865768433	61559.754730939865
2139	1144.6171483475157	966.2	60.16943359375	0.0837662	0.0002083285714285714	0.0006944285714285714	28.55954647064209	61588.33073544502
2140	1143.620075904596	969.14	60.428466796875	0.08376717	0.00020828571428571426	0.0006942857142857143	27.914746522903442	61616.24702167511
2141	1144.2825710140057	973.6	60.43896484375	0.0837683	0.00020824285714285713	0.0006941428571428571	28.483129024505615	61644.738731622696
2142	1127.0884108273501	956.84	60.698974609375	0.08376971	0.00020819999999999996	0.000694	28.60354709625244	61673.358758449554
2143	1080.0837019259316	918.81	60.456787109375	0.08377156	0.00020815714285714283	0.0006938571428571429	28.170779705047607	61701.531011104584
2144	1089.8341764993013	927.82	60.717041015625	0.083773576	0.0002081142857142857	0.0006937142857142858	27.322892904281616	61728.85498666763
2145	1120.5850244982184	950.71	60.4775390625	0.08377548	0.00020807142857142853	0.0006935714285714285	29.90661311149597	61758.77798748016
2146	1134.738091167928	953.83	60.48779296875	0.083777726	0.00020802857142857142	0.0006934285714285715	29.76827836036682	61788.548389434814
2147	1170.4694412668118	977.86	60.747314453125	0.08377933	0.00020798571428571426	0.0006932857142857143	27.679306745529175	61816.242735385895
2148	1142.2060126113442	958.79	60.50830078125	0.08378018	0.0002079428571428571	0.0006931428571428571	26.730957508087158	61842.974730968475
2149	1131.7101808975472	940.95	60.76611328125	0.083781175	0.0002079	0.000693	28.28685736656189	61871.262724637985
2150	1179.70030284425	981.12	60.52734375	0.0837819	0.00020785714285714282	0.0006928571428571428	29.514448642730713	61900.778762340546
2151	1180.182585127072	984.0	60.53759765625	0.08378231	0.0002078142857142857	0.0006927142857142858	29.37841558456421	61930.15877008438
2152	1170.4977139576993	973.44	60.797119140625	0.08378228	0.00020777142857142858	0.0006925714285714287	29.83855414390564	61959.99905323982
2153	1190.9815218641058	989.97	60.556884765625	0.08378196	0.0002077285714285714	0.0006924285714285714	30.09348201751709	61990.10483956337
2154	1149.3108363333674	950.86	60.564208984375	0.08378137	0.00020768571428571428	0.0006922857142857143	29.83456039428711	62019.94146108627
2155	1194.1137482575643	997.45	60.576416015625	0.08378056	0.00020764285714285714	0.0006921428571428572	30.52349281311035	62050.486751794815
2156	1172.152378604823	975.6	60.83642578125	0.08377969	0.00020759999999999998	0.000692	29.818494081497192	62080.306775808334
2157	1171.283787684308	974.14	60.59619140625	0.083779044	0.00020755714285714284	0.0006918571428571428	29.643514156341553	62109.966708898544
2158	1119.9768361483982	931.25	60.60595703125	0.08377907	0.0002075142857142857	0.0006917142857142857	29.61448049545288	62139.58274292946
2159	1118.296840620138	927.99	60.6142578125	0.083779894	0.00020747142857142854	0.0006915714285714285	29.643269777297974	62169.24278187752
2160	1152.3082952642148	958.0	60.374267578125	0.083779514	0.00020742857142857143	0.0006914285714285716	29.411528825759888	62198.66675066948
2161	1140.7460266583196	942.77	59.8916015625	0.08377874	0.00020738571428571427	0.0006912857142857143	29.430835962295532	62228.098717689514
2162	1100.4134935686975	918.48	60.64501953125	0.08377778	0.00020734285714285713	0.0006911428571428572	30.421979904174805	62258.52216243744
2163	1098.7844086849611	926.96	61.40478515625	0.08377733	0.0002073	0.0006910000000000001	29.37922978401184	62287.91472387314
2164	1060.7806868996986	896.1	60.914794921875	0.083776765	0.00020725714285714283	0.0006908571428571428	28.050947427749634	62315.96673464775
2165	1096.1587675521678	921.8	60.798828125	0.08377639	0.0002072142857142857	0.0006907142857142857	28.7488956451416	62344.71705555916
2166	1108.8043984021829	929.8	60.8056640625	0.08377567	0.00020717142857142856	0.0006905714285714286	27.447247743606567	62372.1787378788
2167	1126.9880629659121	949.88	60.814453125	0.083774954	0.0002071285714285714	0.0006904285714285714	27.106541395187378	62399.29799580574
2168	1037.008077255283	891.65	60.821533203125	0.083774805	0.00020708571428571426	0.0006902857142857142	27.49545121192932	62426.79473114014
2169	1076.6939629345893	914.27	60.82861328125	0.08377551	0.00020704285714285713	0.0006901428571428572	27.60740327835083	62454.41076374054
2170	1106.4035590976616	934.84	60.837890625	0.083777465	0.00020699999999999996	0.00069	27.828534603118896	62482.25223469734
2171	1118.9348493077064	954.95	60.10205078125	0.083779275	0.00020695714285714283	0.0006898571428571429	28.91136121749878	62511.178752183914
2172	1071.0530378439526	902.36	60.8515625	0.0837817	0.0002069142857142857	0.0006897142857142857	28.087315559387207	62539.278755903244
2173	1094.379044248154	934.27	60.86083984375	0.08378363	0.00020687142857142853	0.0006895714285714285	27.728544235229492	62567.008833408356
2174	1065.9661413032811	912.3	60.619140625	0.08378413	0.00020682857142857145	0.0006894285714285715	29.92834734916687	62596.93905091286
2175	1096.062676300489	935.93	60.876953125	0.08378448	0.00020678571428571426	0.0006892857142857143	28.786356687545776	62625.727103710175
2176	1087.9473636847322	935.28	60.884765625	0.08378431	0.00020674285714285712	0.0006891428571428571	28.734262466430664	62654.46297454834
2177	1099.617556567159	941.68	61.392333984375	0.08378393	0.0002067	0.000689	28.517858505249023	62682.9827773571
2178	1063.388841306999	922.69	60.900146484375	0.08378383	0.00020665714285714282	0.0006888571428571429	29.746801137924194	62712.730746507645
2179	1145.4962199874976	970.56	60.908447265625	0.08378372	0.0002066142857142857	0.0006887142857142858	27.794517755508423	62740.52676033974
2180	1083.609291868088	933.36	60.917236328125	0.083784185	0.00020657142857142857	0.0006885714285714286	28.72710108757019	62769.255110263824
2181	1118.1723384968413	958.26	60.925048828125	0.08378429	0.0002065285714285714	0.0006884285714285714	28.02600598335266	62797.28299617767
2182	1149.5881228546955	987.06	61.43310546875	0.08378396	0.00020648571428571427	0.0006882857142857143	26.879209756851196	62824.174741983414
2183	1095.7976395840647	958.97	61.1904296875	0.08378422	0.00020644285714285714	0.0006881428571428572	27.515465021133423	62851.70288562775
2184	1089.257936151966	939.88	61.198486328125	0.083784066	0.00020639999999999998	0.0006879999999999999	26.632033348083496	62878.34777593613
2185	1096.1682071762098	952.19	60.956298828125	0.08378402	0.00020635714285714284	0.0006878571428571428	27.260830640792847	62905.610763311386
2186	1026.0110860368977	906.83	60.964111328125	0.08378399	0.0002063142857142857	0.0006877142857142857	26.927595615386963	62932.53937292099
2187	1091.848779844808	943.38	60.97119140625	0.083783425	0.00020627142857142854	0.0006875714285714286	27.260846376419067	62959.80275678635
2188	1073.0031693140577	939.23	60.979736328125	0.0837833	0.00020622857142857143	0.0006874285714285715	27.27972650527954	62987.09901165962
2189	1126.2148547915901	974.06	60.987548828125	0.083784275	0.00020618571428571427	0.0006872857142857143	27.763309478759766	63014.87477731705
2190	1080.2041514783698	947.1	60.995361328125	0.08378502	0.00020614285714285713	0.0006871428571428572	26.716495275497437	63041.615183115005
2191	1083.090001715474	941.76	61.002685546875	0.08378518	0.0002061	0.0006870000000000001	29.207284212112427	63070.82679414749
2192	1129.3262241771095	990.5	61.26025390625	0.08378547	0.00020605714285714283	0.0006868571428571428	27.63441014289856	63098.46277189255
2193	1044.631264189299	910.18	61.518798828125	0.0837853	0.0002060142857142857	0.0006867142857142857	28.558374404907227	63127.02275824547
2194	1072.4870499894923	933.27	61.275390625	0.083785	0.00020597142857142856	0.0006865714285714286	27.286112546920776	63154.310460567474
2195	1081.7251804166854	944.56	61.032958984375	0.08378515	0.0002059285714285714	0.0006864285714285714	26.79569435119629	63181.11909532547
2196	1090.351171670249	940.39	60.792236328125	0.083785124	0.00020588571428571426	0.0006862857142857143	27.3466157913208	63208.4674077034
2197	1104.2194847786056	960.76	61.050537109375	0.08378544	0.00020584285714285712	0.0006861428571428572	29.177499055862427	63237.646740436554
2198	1055.5948094867913	920.01	62.056640625	0.083784975	0.00020579999999999996	0.000686	29.881230115890503	63267.52957820892
2199	1131.7035884120928	973.76	60.81689453125	0.08378432	0.00020575714285714282	0.0006858571428571429	30.3297438621521	63297.86085176468
2200	1121.0017713485918	972.16	61.07470703125	0.083782665	0.0002057142857142857	0.0006857142857142857	30.2037672996521	63328.079303741455
2201	1144.5521563812972	982.86	61.33154296875	0.08378181	0.00020567142857142853	0.0006855714285714285	29.52534770965576	63357.60674786568
2202	1125.4641137091264	972.13	61.0888671875	0.08378147	0.00020562857142857144	0.0006854285714285715	30.067810773849487	63387.68326497078
2203	1142.9495222818796	994.59	61.09765625	0.08378133	0.00020558571428571425	0.0006852857142857143	29.63104796409607	63417.32672739029
2204	1141.3337404280378	984.45	61.10546875	0.08378031	0.00020554285714285714	0.0006851428571428571	29.811246633529663	63447.15103268623
2205	1143.0224252483806	983.18	61.363525390625	0.0837797	0.0002055	0.0006850000000000001	29.623188495635986	63476.78301525116
2206	1141.0842772963074	978.98	61.120849609375	0.08377861	0.00020545714285714284	0.0006848571428571429	29.89560556411743	63506.686935186386
2207	1111.8541827607855	946.71	60.636962890625	0.083777495	0.0002054142857142857	0.0006847142857142858	29.069998741149902	63535.758739471436
2208	1158.4513913222333	979.41	61.386962890625	0.08377704	0.00020537142857142857	0.0006845714285714286	30.01884126663208	63565.77908182144
2209	1084.6796920188233	922.26	61.644287109375	0.08377727	0.0002053285714285714	0.0006844285714285714	27.54217839241028	63593.32274889946
2210	1136.131294058656	963.79	61.403076171875	0.08377824	0.00020528571428571427	0.0006842857142857143	27.458322525024414	63620.78273463249
2211	1151.6953388400973	964.67	60.91015625	0.083778955	0.00020524285714285714	0.0006841428571428572	28.2027645111084	63648.98685216904
2212	1149.2047684264312	975.55	61.16796875	0.08377942	0.00020519999999999997	0.0006839999999999999	28.679293155670166	63677.67098617554
2213	1166.3220345010182	978.61	61.17724609375	0.083779685	0.00020515714285714284	0.0006838571428571428	28.023646354675293	63705.70702242851
2214	1149.1702276397116	967.13	61.43408203125	0.083779	0.0002051142857142857	0.0006837142857142858	26.942261219024658	63732.650815963745
2215	1150.920110070876	966.31	61.19189453125	0.08377934	0.00020507142857142854	0.0006835714285714285	28.231311559677124	63760.89476919174
2216	1160.0014397864593	979.43	60.949951171875	0.083779894	0.00020502857142857143	0.0006834285714285715	28.339483737945557	63789.24300980568
2217	1153.531914893066	970.15	60.7080078125	0.08378013	0.00020498571428571427	0.0006832857142857143	28.26334547996521	63817.514788627625
2218	1152.6797327073075	972.33	61.21533203125	0.08377957	0.00020494285714285713	0.0006831428571428572	28.37896490097046	63845.90646505356
2219	1183.0173045784882	998.34	61.720703125	0.08377894	0.0002049	0.000683	27.994874954223633	63873.903480768204
2220	1139.8005554876952	955.32	61.72998046875	0.083778225	0.00020485714285714283	0.0006828571428571428	27.91584038734436	63901.820650815964
2221	1092.592791245973	928.51	61.2392578125	0.08377769	0.0002048142857142857	0.0006827142857142857	28.145201683044434	63929.975955963135
2222	1088.3377505200112	923.37	61.2470703125	0.08377662	0.00020477142857142856	0.0006825714285714287	27.69534206390381	63957.68693065643
2223	1143.5231380579407	960.35	61.2548828125	0.08377457	0.0002047285714285714	0.0006824285714285714	27.797841548919678	63985.49742293358
2224	1168.345848051533	974.55	61.262939453125	0.08377328	0.00020468571428571426	0.0006822857142857143	28.171875953674316	64013.670731306076
2225	1119.8557290695153	944.32	61.520263671875	0.08377253	0.00020464285714285712	0.0006821428571428572	27.110281467437744	64040.78274059296
2226	1121.5433266752516	950.44	61.278564453125	0.083771676	0.00020459999999999996	0.000682	28.66729974746704	64069.45874929428
2227	1157.3517217444378	980.53	61.284912109375	0.083770715	0.00020455714285714288	0.0006818571428571429	29.77684211730957	64099.23656153679
2228	1110.4566909909233	930.74	61.29443359375	0.08376951	0.0002045142857142857	0.0006817142857142857	28.532896995544434	64127.77132034302
2229	1174.639205019967	989.78	61.4267578125	0.083768725	0.00020447142857142852	0.0006815714285714285	27.321595191955566	64155.094804763794
2230	1158.9335391641214	962.82	61.435546875	0.08376754	0.00020442857142857144	0.0006814285714285715	27.95143461227417	64183.05085301399
2231	1093.7677593858446	938.12	61.692626953125	0.0837656	0.00020438571428571425	0.0006812857142857142	27.07148313522339	64210.13508462906
2232	1156.0664665322965	971.24	61.450439453125	0.083763	0.00020434285714285714	0.0006811428571428572	27.262735843658447	64237.39903831482
2233	1126.810806035505	952.3	61.957763671875	0.08376009	0.0002043	0.0006810000000000001	27.33132004737854	64264.746755838394
2234	1113.937212469487	947.32	61.464111328125	0.08375705	0.00020425714285714284	0.0006808571428571429	28.35158109664917	64293.111072301865
2235	1096.4299440743869	924.03	61.47265625	0.0837543	0.0002042142857142857	0.0006807142857142857	26.390561819076538	64319.50283956528
2236	1133.9378399720576	953.79	61.48046875	0.08375167	0.00020417142857142857	0.0006805714285714286	27.82084608078003	64347.3401992321
2237	1122.6793961029448	949.38	61.489013671875	0.08374876	0.0002041285714285714	0.0006804285714285714	27.99312949180603	64375.33479142189
2238	1103.7878820356357	936.65	61.74853515625	0.08374629	0.00020408571428571427	0.0006802857142857143	27.7550790309906	64403.091040849686
2239	1126.578605226035	952.79	61.01318359375	0.083743714	0.00020404285714285713	0.0006801428571428571	28.04572081565857	64431.138350486755
2240	1119.2896871220773	946.15	61.763671875	0.08374113	0.00020399999999999997	0.0006799999999999999	28.079039573669434	64459.2190220356
2241	1116.2311058991263	951.14	61.521484375	0.08373869	0.00020395714285714286	0.000679857142857143	27.26423478126526	64486.49577283859
2242	1073.9739128610408	917.47	61.27783203125	0.0837361	0.0002039142857142857	0.0006797142857142858	27.643420219421387	64514.14100790024
2243	1080.9498634269721	938.5	61.036865234375	0.08373345	0.00020387142857142854	0.0006795714285714285	27.423648834228516	64541.57905769348
2244	1123.2097406225114	953.78	61.794921875	0.0837307	0.00020382857142857143	0.0006794285714285715	27.971717834472656	64569.5550570488
2245	1126.1605568903303	953.84	61.302734375	0.08372877	0.00020378571428571426	0.0006792857142857143	28.93372344970703	64598.49074983597
2246	1046.6468223112345	900.88	61.56005859375	0.08372679	0.00020374285714285713	0.0006791428571428572	28.90686535835266	64627.399027347565
2247	1001.0239317132001	869.42	61.3193359375	0.08372468	0.0002037	0.000679	28.69140648841858	64656.10274767876
2248	1060.6438352589164	911.43	61.32666015625	0.08372194	0.00020365714285714283	0.0006788571428571428	29.20744490623474	64685.33475923538
2249	1083.939035461047	926.84	61.3349609375	0.08371964	0.0002036142857142857	0.0006787142857142857	28.429603338241577	64713.76897096634
2250	1117.5447099873727	954.02	61.83935546875	0.08371807	0.00020357142857142856	0.0006785714285714287	26.37933850288391	64740.1587562561
2251	1099.9627966912647	936.14	61.5986328125	0.083716445	0.0002035285714285714	0.0006784285714285714	29.087588787078857	64769.26299738884
2252	1077.112623314849	922.26	61.607421875	0.08371536	0.00020348571428571426	0.0006782857142857143	27.6866135597229	64796.95086836815
2253	1094.5379917809762	945.94	61.61474609375	0.08371362	0.00020344285714285712	0.0006781428571428572	27.547834873199463	64824.50724864006
2254	1105.8372454484054	950.75	61.8642578125	0.08371214	0.00020339999999999996	0.000678	26.98357343673706	64851.49898982048
2255	1116.5874647849325	951.0	61.882080078125	0.08371029	0.00020335714285714287	0.0006778571428571429	28.975398540496826	64880.49073648453
2256	1044.5941096433019	900.75	61.639892578125	0.083708405	0.00020331428571428568	0.0006777142857142857	29.522677659988403	64910.01496243477
2257	1085.6963685385456	935.69	61.896240234375	0.083705716	0.00020327142857142852	0.0006775714285714285	29.210322856903076	64939.22690629959
2258	1062.2015790135708	909.87	61.65283203125	0.08370336	0.00020322857142857144	0.0006774285714285716	28.4617760181427	64967.690603256226
2259	1078.8034566906304	923.57	61.9111328125	0.083701275	0.00020318571428571428	0.0006772857142857143	29.230446338653564	64996.923040151596
2260	1064.244512961688	906.93	62.169677734375	0.08369923	0.00020314285714285714	0.0006771428571428572	29.583298444747925	65026.53081655502
2261	1065.2033544065544	917.16	61.1787109375	0.08369706	0.0002031	0.0006770000000000001	29.402947187423706	65055.93505907059
2262	1086.5000395752638	930.91	61.937744140625	0.08369511	0.00020305714285714284	0.0006768571428571429	29.94243836402893	65085.87901639938
2263	1136.5757565868828	971.3	61.203125	0.08369422	0.0002030142857142857	0.0006767142857142857	29.425132513046265	65115.32381081581
2264	1083.9735946652143	922.36	61.953369140625	0.08369351	0.00020297142857142857	0.0006765714285714286	29.887468099594116	65145.22693943977
2265	1129.658445702002	963.76	61.210693359375	0.0836927	0.0002029285714285714	0.0006764285714285714	29.42654061317444	65174.654822826385
2266	1106.4827605177152	945.22	61.968994140625	0.083692275	0.00020288571428571427	0.0006762857142857142	30.115034580230713	65204.782794713974
2267	1114.4073540995987	946.23	61.97607421875	0.08369124	0.00020284285714285713	0.0006761428571428571	27.415361881256104	65232.21084976196
2268	1100.867907407973	950.01	61.7333984375	0.08369055	0.00020279999999999997	0.000676	27.583973169326782	65259.82273435593
2269	1085.0299459161172	930.13	61.990478515625	0.08368966	0.00020275714285714286	0.000675857142857143	26.843571662902832	65286.67899489403
2270	1078.9408832634983	923.68	61.998779296875	0.08368945	0.0002027142857142857	0.0006757142857142857	28.57925796508789	65315.26676082611
2271	1079.1940721879296	928.51	62.008056640625	0.083688654	0.00020267142857142853	0.0006755714285714285	30.135340452194214	65345.41487002373
2272	1046.4806414541172	895.28	61.765380859375	0.08368849	0.00020262857142857142	0.0006754285714285715	28.35149621963501	65373.77876710892
2273	1082.7282734833273	920.51	61.523681640625	0.08368852	0.00020258571428571426	0.0006752857142857143	27.68929147720337	65401.48080134392
2274	1111.0055531917972	946.67	61.78125	0.08368858	0.00020254285714285713	0.0006751428571428571	29.29486632347107	65430.79482674599
2275	1096.4622918871785	941.3	61.78759765625	0.083689064	0.0002025	0.000675	27.53265142440796	65458.34401130676
2276	1119.8534266820745	945.84	61.797119140625	0.083689176	0.00020245714285714283	0.0006748571428571428	27.867339372634888	65486.2189013958
2277	1113.5367232010099	952.8	61.8046875	0.083689846	0.0002024142857142857	0.0006747142857142858	27.095146656036377	65513.322741508484
2278	1071.1837938422086	916.07	62.063720703125	0.083690785	0.00020237142857142855	0.0006745714285714286	29.199109315872192	65542.53474640846
2279	1102.0428822381132	951.09	61.8212890625	0.08369068	0.0002023285714285714	0.0006744285714285714	27.151459455490112	65569.70279097557
2280	1095.3414043044895	939.04	61.8291015625	0.08369095	0.00020228571428571425	0.0006742857142857143	28.699262619018555	65598.41074681282
2281	1100.2887916017417	955.26	61.83447265625	0.08369136	0.00020224285714285712	0.0006741428571428572	30.69577431678772	65629.12299370766
2282	1167.4068718035624	990.53	61.8447265625	0.08369181	0.00020219999999999995	0.0006739999999999999	29.784770965576172	65658.9092054367
2283	1097.1518793172731	951.76	62.10302734375	0.08369186	0.00020215714285714287	0.0006738571428571429	29.119492769241333	65688.04273676872
2284	1131.1450057110487	975.33	61.3603515625	0.083692014	0.00020211428571428568	0.0006737142857142857	29.987455368041992	65718.03902387619
2285	1058.2426936199256	923.2	61.85498046875	0.08369222	0.00020207142857142857	0.0006735714285714286	29.97922968864441	65748.02673196793
2286	1109.627703450162	971.48	61.87548828125	0.08369108	0.00020202857142857144	0.0006734285714285715	29.831815719604492	65777.87103867531
2287	1137.2978859683901	988.26	61.884033203125	0.083689	0.00020198571428571427	0.0006732857142857143	30.550259828567505	65808.42970108986
2288	1019.9422182066785	906.37	61.890869140625	0.08368686	0.00020194285714285714	0.0006731428571428572	31.008105278015137	65839.43926787376
2289	1059.1728000007483	939.51	61.89990234375	0.08368439	0.0002019	0.0006730000000000001	29.569864511489868	65869.0107460022
2290	1025.0558489156438	924.48	61.164306640625	0.08368083	0.00020185714285714284	0.0006728571428571428	28.31537914276123	65897.32736039162
2291	1023.7718392974887	925.35	62.164794921875	0.08367764	0.0002018142857142857	0.0006727142857142857	28.223547220230103	65925.55492520332
2292	996.9941482642053	905.64	61.919189453125	0.08367392	0.00020177142857142857	0.0006725714285714286	28.015207052230835	65953.5827703476
2293	1005.7438560875323	911.76	62.5556640625	0.08367086	0.0002017285714285714	0.0006724285714285714	29.466418981552124	65983.06199812889
2294	995.1231477059549	891.98	61.81201171875	0.08366855	0.00020168571428571427	0.0006722857142857142	28.659343242645264	66011.73879098892
2295	1023.4847707049779	925.68	62.071533203125	0.083666354	0.00020164285714285713	0.0006721428571428572	27.927242279052734	66039.67903470993
2296	1021.9678663010279	929.76	62.080078125	0.08366418	0.00020159999999999997	0.000672	27.179314851760864	66066.86673402786
2297	967.7505194468986	868.49	62.0859375	0.08366255	0.00020155714285714286	0.000671857142857143	28.68246364593506	66095.55080413818
2298	1067.6867240888166	945.18	62.09619140625	0.08366093	0.0002015142857142857	0.0006717142857142857	26.919212579727173	66122.48273706436
2299	1027.069586459703	908.77	61.60400390625	0.08365953	0.00020147142857142856	0.0006715714285714286	27.604928016662598	66150.08887529373
2300	1059.3225471056962	928.5	62.35888671875	0.08365819	0.00020142857142857142	0.0006714285714285715	28.256328105926514	66178.34672737122
2301	1024.77145743487	906.07	62.119140625	0.08365679	0.00020138571428571426	0.0006712857142857143	27.459747791290283	66205.82301187515
2302	1056.3292449802568	931.74	62.12744140625	0.08365598	0.00020134285714285712	0.0006711428571428571	27.758223295211792	66233.5827550888
2303	1040.7484305902312	906.52	62.385009765625	0.083654724	0.0002013	0.000671	26.96637749671936	66260.55074906349
2304	1106.9918820817566	962.9	61.891357421875	0.08365328	0.00020125714285714282	0.0006708571428571429	28.469822645187378	66289.04449915886
2305	1027.5215764804589	901.24	62.14892578125	0.08365252	0.0002012142857142857	0.0006707142857142858	27.527488946914673	66316.58674049377
2306	1048.5361438138143	925.45	62.1572265625	0.08365181	0.00020117142857142855	0.0006705714285714286	28.113438844680786	66344.71680569649
2307	944.4509957111146	824.93	62.16552734375	0.08365083	0.0002011285714285714	0.0006704285714285714	27.06697392463684	66371.7948205471
2308	986.2190528662459	858.31	62.174072265625	0.083649576	0.00020108571428571425	0.0006702857142857143	28.206158876419067	66400.0027461052
2309	951.8270486281561	836.11	62.43212890625	0.08364833	0.00020104285714285712	0.0006701428571428572	28.378028869628906	66428.3821079731
2310	1014.1052906843767	890.44	62.18896484375	0.08364702	0.00020099999999999995	0.0006699999999999999	27.410727739334106	66455.79474592209
2311	1076.8673832884613	939.58	61.697021484375	0.08364528	0.00020095714285714287	0.0006698571428571429	29.018539428710938	66484.81473827362
2312	974.858922774229	859.44	61.95556640625	0.083643615	0.0002009142857142857	0.0006697142857142857	27.855665683746338	66512.68324542046
2313	1061.4444316278925	924.72	62.214599609375	0.08364209	0.00020087142857142857	0.0006695714285714287	29.731544494628906	66542.41698169708
2314	1048.0079329426633	919.0	61.72119140625	0.0836399	0.00020082857142857144	0.0006694285714285715	29.607800006866455	66572.02625536919
2315	1076.8231032647086	930.95	61.4873046875	0.083638124	0.00020078571428571427	0.0006692857142857143	30.247438192367554	66602.28684329987
2316	1078.705981221504	943.64	62.23779296875	0.08363661	0.00020074285714285714	0.0006691428571428572	29.13402247428894	66631.42271471024
2317	1095.395189011599	948.97	62.493896484375	0.083634816	0.0002007	0.0006690000000000001	29.749561071395874	66661.1922864914
2318	1072.2710410553316	939.44	62.252197265625	0.083633296	0.00020065714285714284	0.0006688571428571428	30.040248155593872	66691.23478889465
2319	1054.6789283924436	930.73	62.51025390625	0.083632	0.0002006142857142857	0.0006687142857142857	29.54156184196472	66720.77746868134
2320	1135.1811209613716	995.69	62.5185546875	0.08363112	0.00020057142857142856	0.0006685714285714286	30.091728687286377	66750.88293170929
2321	1088.381269227495	952.65	62.275390625	0.083629966	0.0002005285714285714	0.0006684285714285713	29.428940296173096	66780.31345248222
2322	1070.6699210405025	948.14	62.783203125	0.083628245	0.00020048571428571426	0.0006682857142857143	29.51976490020752	66809.84707784653
2323	1107.8186253114086	978.34	62.0478515625	0.08362684	0.00020044285714285713	0.0006681428571428572	29.837636470794678	66839.6930000782
2324	1034.1262275054426	913.0	62.298828125	0.08362577	0.00020039999999999997	0.000668	30.723760843276978	66870.41876125336
2325	1105.401013103406	965.61	62.557861328125	0.08362519	0.00020035714285714286	0.0006678571428571429	30.023025512695312	66900.44299817085
2326	1102.7282696047068	951.88	61.57373046875	0.08362591	0.0002003142857142857	0.0006677142857142857	30.35977339744568	66930.82300400734
2327	1044.3132242908919	914.68	62.32373046875	0.08362532	0.00020027142857142856	0.0006675714285714286	29.98998188972473	66960.81486153603
2328	1046.746808540028	915.52	62.33056640625	0.0836248	0.00020022857142857142	0.0006674285714285715	30.038545608520508	66990.85475492477
2329	1063.89357385325	929.69	62.089599609375	0.08362365	0.00020018571428571426	0.0006672857142857142	30.167574405670166	67021.03502559662
2330	1088.2424213961865	945.76	62.345947265625	0.08362349	0.00020014285714285712	0.0006671428571428571	30.663522720336914	67051.70704603195
2331	1103.4271718494558	957.72	62.605712890625	0.08362341	0.00020009999999999998	0.0006670000000000001	30.26379132270813	67081.98727750778
2332	1067.9737851511209	931.22	62.61279296875	0.08362315	0.00020005714285714282	0.0006668571428571429	30.24334454536438	67112.2427508831
2333	1080.6163394749142	941.03	62.870849609375	0.083622254	0.00020001428571428569	0.0006667142857142857	27.886945962905884	67140.14250063896
2334	1037.3172607875795	914.85	62.128662109375	0.08362109	0.00019997142857142855	0.0006665714285714286	28.207561492919922	67168.36290764809
2335	1090.4362725376968	945.56	62.386962890625	0.08362024	0.00019992857142857139	0.0006664285714285714	28.14076828956604	67196.51558589935
2336	1122.1852296566792	971.95	62.64501953125	0.083618574	0.00019988571428571425	0.0006662857142857143	26.608001947402954	67223.15073990822
2337	1116.0649034477492	958.1	62.15234375	0.08361777	0.00019984285714285711	0.0006661428571428571	28.707099676132202	67251.85874533653
2338	1094.4671828429562	941.64	62.65869140625	0.08361704	0.00019979999999999995	0.0006659999999999999	27.559155225753784	67279.41908955574
2339	1084.7013282232342	936.4	62.4169921875	0.083616816	0.00019975714285714287	0.000665857142857143	28.1036434173584	67307.53101539612
2340	1073.5765341527033	917.63	61.683837890625	0.08361703	0.0001997142857142857	0.0006657142857142858	28.43054485321045	67335.97776246071
2341	1113.5970747725198	954.67	62.43310546875	0.08361747	0.00019967142857142857	0.0006655714285714286	28.419127941131592	67364.39874601364
2342	1065.4363986773465	917.8	62.440673828125	0.08361858	0.00019962857142857143	0.0006654285714285715	27.314753532409668	67391.71511864662
2343	1079.0621940778647	923.89	62.19873046875	0.08361999	0.00019958571428571427	0.0006652857142857143	27.385905981063843	67419.10275626183
2344	1118.2758356153759	951.93	62.95703125	0.08362239	0.00019954285714285713	0.0006651428571428572	26.903547525405884	67446.02277779579
2345	1059.9427056458826	913.29	62.465087890625	0.08362531	0.0001995	0.000665	28.402560472488403	67474.42677545547
2346	1130.3467794576409	960.89	62.4716796875	0.08362788	0.00019945714285714283	0.0006648571428571428	28.467595100402832	67502.90707802773
2347	1096.8611935831707	927.81	62.7314453125	0.08362994	0.0001994142857142857	0.0006647142857142857	28.003769874572754	67530.92698454857
2348	1116.9858264495324	938.31	62.737548828125	0.08363194	0.00019937142857142856	0.0006645714285714286	28.813840866088867	67559.74275159836
2349	1038.2288161972508	881.57	62.495361328125	0.08363371	0.0001993285714285714	0.0006644285714285713	27.919172763824463	67587.67473959923
2350	1135.0935388296095	950.11	62.754638671875	0.083635	0.0001992857142857143	0.0006642857142857144	27.93520951271057	67615.61148953438
2351	1113.5103370529657	955.86	62.5126953125	0.083635986	0.00019924285714285713	0.0006641428571428572	27.565580368041992	67643.17873978615
2352	1110.0630268019552	939.83	62.51806640625	0.08363655	0.00019919999999999996	0.000664	26.494280099868774	67669.67415642738
2353	1033.0557649033888	871.83	62.52783203125	0.083637975	0.00019915714285714285	0.0006638571428571429	27.055325269699097	67696.74273324013
2354	1129.1872073829536	949.25	62.535888671875	0.083639376	0.0001991142857142857	0.0006637142857142857	27.099318504333496	67723.84304571152
2355	1115.9049437619567	926.91	62.542724609375	0.08364043	0.00019907142857142855	0.0006635714285714286	28.417887210845947	67752.26288437843
2356	1081.6807129319766	913.79	62.551513671875	0.08364147	0.00019902857142857142	0.0006634285714285715	28.14984679222107	67780.41475391388
2357	1062.4417501383164	903.8	62.560791015625	0.0836426	0.00019898571428571426	0.0006632857142857142	27.1914119720459	67807.61101341248
2358	1127.886259247466	956.16	62.56884765625	0.08364406	0.00019894285714285712	0.0006631428571428572	27.978555917739868	67835.59075570107
2359	1104.3977508634516	919.91	61.838134765625	0.08364555	0.00019889999999999998	0.0006630000000000001	27.35961127281189	67862.96293449402
2360	1015.2267522174564	864.14	62.590087890625	0.08364663	0.00019885714285714282	0.0006628571428571429	27.53944444656372	67890.51420903206
2361	1055.2786269384574	902.65	62.598388671875	0.08364733	0.00019881428571428568	0.0006627142857142857	27.271341562271118	67917.80675840378
2362	1099.3989961271702	933.15	62.360595703125	0.08364829	0.00019877142857142855	0.0006625714285714286	26.675093412399292	67944.48310017586
2363	1038.342149063157	882.68	62.617919921875	0.083649606	0.00019872857142857138	0.0006624285714285714	27.86609387397766	67972.35103678703
2364	1075.0746256069065	909.79	62.62890625	0.08365112	0.0001986857142857143	0.0006622857142857144	27.05916738510132	67999.41873931885
2365	1058.43643278081	895.18	62.6396484375	0.08365198	0.00019864285714285714	0.0006621428571428571	29.5798442363739	68029.01515698433
2366	1076.893456815945	909.77	62.650146484375	0.08365237	0.00019859999999999995	0.0006619999999999999	29.61851191520691	68058.63506627083
2367	1056.3031599339408	900.58	62.909912109375	0.08365195	0.00019855714285714287	0.000661857142857143	28.742000102996826	68087.3786869049
2368	1133.0195181482793	950.7	62.917236328125	0.08365142	0.0001985142857142857	0.0006617142857142857	27.64751362800598	68115.0429213047
2369	1063.275516261538	895.16	62.678466796875	0.083651125	0.00019847142857142857	0.0006615714285714286	27.4720356464386	68142.52720332146
2370	1043.8856901265651	887.49	61.69677734375	0.08365104	0.00019842857142857143	0.0006614285714285715	27.823113441467285	68170.35855412483
2371	1028.7753948740835	873.9	62.698486328125	0.08365071	0.00019838571428571427	0.0006612857142857143	28.48504662513733	68198.86380958557
2372	1099.463969801608	912.85	61.965576171875	0.08365052	0.00019834285714285713	0.0006611428571428571	26.446864128112793	68225.3301320076
2373	1092.8463451849805	917.33	62.718017578125	0.08365065	0.0001983	0.000661	28.507245779037476	68253.85075497627
2374	1086.830608779374	923.91	62.726318359375	0.08365054	0.00019825714285714283	0.0006608571428571428	27.25131630897522	68281.11477327347
2375	1100.185864138215	929.67	62.736572265625	0.0836504	0.0001982142857142857	0.0006607142857142857	27.80269956588745	68308.91874241829
2376	1073.433669586784	910.21	62.747314453125	0.08364964	0.00019817142857142856	0.0006605714285714286	28.210590839385986	68337.13074827194
2377	1057.1294943121395	896.15	62.7568359375	0.08364943	0.0001981285714285714	0.0006604285714285714	28.77204656600952	68365.92274284363
2378	1113.8648726442332	942.12	62.767333984375	0.083650105	0.0001980857142857143	0.0006602857142857144	29.5986647605896	68395.52300596237
2379	1099.8975069940104	933.03	62.77734375	0.0836507	0.00019804285714285712	0.0006601428571428572	29.867547273635864	68425.40298080444
2380	1062.4002684612717	908.91	62.787841796875	0.08365079	0.00019799999999999996	0.0006599999999999999	29.479371309280396	68454.89874434471
2381	1045.2160647517912	908.51	62.79638671875	0.08365085	0.00019795714285714285	0.0006598571428571429	29.75930380821228	68484.66675925255
2382	1011.5809028834186	871.61	62.806640625	0.083650984	0.0001979142857142857	0.0006597142857142857	29.541630029678345	68514.20969462395
2383	1083.08777458444	937.85	62.81591796875	0.083652206	0.00019787142857142855	0.0006595714285714286	29.743242263793945	68543.96681952477
2384	1047.401658651552	911.78	62.576416015625	0.08365429	0.00019782857142857142	0.0006594285714285714	30.53863000869751	68574.5213675499
2385	1048.5814746479657	917.23	63.086669921875	0.08365633	0.00019778571428571425	0.0006592857142857142	29.469074726104736	68604.00854587555
2386	1040.429152635035	906.29	62.846435546875	0.08365854	0.00019774285714285712	0.0006591428571428572	28.280715227127075	68632.29076766968
2387	1000.0092280820143	875.26	63.10546875	0.083660446	0.00019769999999999998	0.0006590000000000001	27.58412742614746	68659.88737225533
2388	1114.7437548806492	964.86	62.865966796875	0.083661854	0.00019765714285714282	0.0006588571428571428	27.937812089920044	68687.83717608452
2389	1078.2741716158746	925.85	62.875732421875	0.083663605	0.00019761428571428568	0.0006587142857142857	28.335421562194824	68716.17877435684
2390	1118.1674488080869	972.02	62.884521484375	0.08366511	0.00019757142857142855	0.0006585714285714286	29.51526951789856	68745.71075677872
2391	1071.5496243378016	928.05	62.644287109375	0.08366578	0.00019752857142857138	0.0006584285714285714	30.223814487457275	68775.95103621483
2392	1123.9395771565653	969.56	62.905029296875	0.08366739	0.0001974857142857143	0.0006582857142857143	29.739370346069336	68805.70285773277
2393	1133.9038738086167	970.26	62.914794921875	0.08366889	0.00019744285714285714	0.0006581428571428571	29.691657781600952	68835.40331578255
2394	1131.5968073785295	971.55	62.925537109375	0.08367008	0.00019739999999999995	0.000658	29.546213150024414	68864.9660127163
2395	1153.293093518692	971.66	62.935302734375	0.08367059	0.00019735714285714286	0.000657857142857143	30.63528847694397	68895.61873579025
2396	1161.236833437589	974.29	62.9443359375	0.08367052	0.0001973142857142857	0.0006577142857142857	30.039013624191284	68925.65875434875
2397	1165.5161097989962	971.54	62.953857421875	0.083670646	0.00019727142857142857	0.0006575714285714286	29.8788845539093	68955.53878998756
2398	1150.5259950222376	964.87	62.7138671875	0.083669685	0.00019722857142857143	0.0006574285714285715	30.041979789733887	68985.59734249115
2399	1125.484324105068	939.49	62.724365234375	0.0836688	0.00019718571428571427	0.0006572857142857143	28.20462465286255	69013.80397248268
2400	1163.2607498644338	967.71	62.984375	0.08366874	0.00019714285714285713	0.0006571428571428571	26.91300129890442	69040.71872878075
2401	1172.2868425662537	974.79	63.242919921875	0.0836684	0.0001971	0.000657	26.51942729949951	69067.26274371147
2402	1198.3870161550963	1008.1	63.003662109375	0.08366837	0.00019705714285714283	0.0006568571428571428	26.6634681224823	69093.93889904022
2403	1166.6122574187568	967.62	63.263427734375	0.08366821	0.0001970142857142857	0.0006567142857142858	28.5273334980011	69122.47875666618
2404	1172.0611609043808	981.76	63.273193359375	0.08366769	0.00019697142857142856	0.0006565714285714286	28.220328092575073	69150.70784378052
2405	1170.4461781831094	980.42	62.5322265625	0.08366742	0.0001969285714285714	0.0006564285714285714	27.967621564865112	69178.69103717804
2406	1186.4897972198478	995.19	63.039794921875	0.0836672	0.00019688571428571429	0.0006562857142857144	28.506285667419434	69207.20562028885
2407	1159.7287657907884	974.28	63.05224609375	0.08366693	0.00019684285714285712	0.0006561428571428572	27.061737298965454	69234.26929664612
2408	1145.61850993348	956.96	63.062255859375	0.083666764	0.00019679999999999999	0.000656	27.70388412475586	69261.97473597527
2409	1204.904145433762	1000.08	63.071533203125	0.0836665	0.00019675714285714285	0.0006558571428571429	27.771377563476562	69289.75875163078
2410	1184.2246930879014	999.68	63.079833984375	0.083666764	0.0001967142857142857	0.0006557142857142857	27.830377101898193	69317.59074759483
2411	1157.0157884435735	979.21	63.34130859375	0.08366689	0.00019667142857142855	0.0006555714285714286	27.25455904006958	69344.84682035446
2412	1184.534683340625	996.89	62.85205078125	0.08366678	0.00019662857142857141	0.0006554285714285715	29.10723876953125	69373.95878052711
2413	1209.1030668250996	1021.1	62.86083984375	0.0836665	0.00019658571428571425	0.0006552857142857143	27.99901580810547	69401.95966100693
2414	1156.82703066929	989.01	63.1220703125	0.08366644	0.00019654285714285711	0.0006551428571428572	27.759582996368408	69429.73123788834
2415	1148.1381706259372	980.09	63.129150390625	0.08366559	0.00019649999999999998	0.0006550000000000001	27.691540479660034	69457.43477916718
2416	1096.851494395967	939.47	63.14013671875	0.08366423	0.00019645714285714282	0.0006548571428571428	30.858256816864014	69488.29475140572
2417	1133.2501207067703	967.06	63.151123046875	0.08366329	0.00019641428571428568	0.0006547142857142857	30.03410315513611	69518.34536075592
2418	1077.9765884247383	928.01	62.418212890625	0.083661884	0.00019637142857142857	0.0006545714285714286	30.25215244293213	69548.5992615223
2419	1105.3662347149177	939.58	63.4208984375	0.083660804	0.00019632857142857138	0.0006544285714285713	29.735212087631226	69578.35076975822
2420	1119.8675866868202	958.45	62.929931640625	0.08365939	0.0001962857142857143	0.0006542857142857143	29.66368532180786	69608.02707982063
2421	1161.0713244608496	980.07	63.18994140625	0.083657324	0.00019624285714285713	0.0006541428571428572	29.642284154891968	69637.67103719711
2422	1056.0232536706615	905.53	63.44775390625	0.08365566	0.0001962	0.0006540000000000001	30.485762119293213	69668.16523170471
2423	1109.1316503924222	942.24	63.209716796875	0.08365362	0.00019615714285714286	0.0006538571428571429	29.535134315490723	69697.71471357346
2424	1111.7714948856817	936.63	62.719482421875	0.08365172	0.0001961142857142857	0.0006537142857142857	29.147568464279175	69726.8747394085
2425	1098.9569649918326	936.69	62.977783203125	0.08364934	0.00019607142857142856	0.0006535714285714286	30.091602087020874	69756.98302984238
2426	1118.515536366126	955.7	63.23828125	0.08364723	0.00019602857142857143	0.0006534285714285715	29.667601823806763	69786.65905690193
2427	1129.0444901666692	953.92	63.249755859375	0.08364455	0.00019598571428571426	0.0006532857142857142	30.29925537109375	69816.9598107338
2428	1175.61761826698	993.22	63.259521484375	0.08364264	0.00019594285714285713	0.0006531428571428571	29.831242084503174	69846.80639433861
2429	1155.9842378997369	984.8	63.267822265625	0.08364106	0.0001959	0.000653	29.80793309211731	69876.62774157524
2430	1171.5570057835519	998.82	63.278564453125	0.08364002	0.00019585714285714283	0.0006528571428571429	27.427842378616333	69904.06321930885
2431	1149.171670834644	965.92	63.288818359375	0.08363908	0.0001958142857142857	0.0006527142857142857	27.58239221572876	69931.64680457115
2432	1199.9685099752635	1008.24	63.296630859375	0.08363795	0.00019577142857142856	0.0006525714285714286	29.215933322906494	69960.8791050911
2433	1162.0014328851146	981.91	63.30810546875	0.08363669	0.0001957285714285714	0.0006524285714285714	29.122135162353516	69990.00300240517
2434	1148.3182014805125	973.63	63.316162109375	0.083634846	0.00019568571428571428	0.0006522857142857144	29.891674041748047	70019.91104841232
2435	1170.9300297338973	993.44	63.327392578125	0.08363327	0.00019564285714285712	0.0006521428571428571	29.24595308303833	70049.15872955322
2436	1122.2515258179722	958.09	63.337158203125	0.08363163	0.00019559999999999998	0.000652	29.43934392929077	70078.59907507896
2437	1184.6407992369234	1001.27	63.346923828125	0.08363015	0.00019555714285714285	0.0006518571428571429	29.839298486709595	70108.45073723793
2438	1153.2657450999268	965.34	63.3564453125	0.08362771	0.00019551428571428568	0.0006517142857142857	29.62317681312561	70138.07498812675
2439	1155.5587783358515	972.79	63.366455078125	0.083624996	0.00019547142857142855	0.0006515714285714285	29.743471384048462	70167.84277558327
2440	1143.659713830697	957.99	63.375732421875	0.08362288	0.0001954285714285714	0.0006514285714285715	30.299618244171143	70198.15104436874
2441	1182.0102942786332	986.38	63.384765625	0.083620675	0.00019538571428571425	0.0006512857142857143	30.606411457061768	70228.7590239048
2442	1116.1731411674043	933.23	63.395751953125	0.08361971	0.0001953428571428571	0.0006511428571428572	30.178426265716553	70258.9390861988
2443	1127.3465855070729	945.31	63.1552734375	0.08361914	0.00019529999999999998	0.000651	29.971444129943848	70288.91230106354
2444	1090.783030753548	919.7	63.416259765625	0.083618574	0.0001952571428571428	0.0006508571428571428	30.267204761505127	70319.19497489929
2445	1119.0181852972737	945.5	62.68359375	0.08361765	0.00019521428571428568	0.0006507142857142857	30.29936408996582	70349.5107293129
2446	1152.17930925892	972.95	63.434326171875	0.08361607	0.00019517142857142857	0.0006505714285714286	29.72245979309082	70379.23477816582
2447	1129.2970441798402	961.11	63.4443359375	0.08361468	0.00019512857142857138	0.0006504285714285713	30.469899654388428	70409.70685005188
2448	1096.9432652555186	930.66	63.453125	0.08361312	0.0001950857142857143	0.0006502857142857144	29.36619758605957	70439.07474708557
2449	1083.4345346446162	921.95	63.715087890625	0.08361232	0.00019504285714285713	0.0006501428571428572	29.63273572921753	70468.70908904076
2450	1110.6965507652326	943.33	63.723876953125	0.08361166	0.000195	0.0006500000000000001	27.701241493225098	70496.42538189888
2451	1133.808870941628	960.81	63.73486328125	0.083612144	0.00019495714285714286	0.0006498571428571429	29.621935606002808	70526.06130433083
2452	1130.8294885322669	951.54	63.61767578125	0.08361212	0.0001949142857142857	0.0006497142857142857	29.67560887336731	70555.75107169151
2453	1148.7664901590474	959.69	63.1259765625	0.08361253	0.00019487142857142856	0.0006495714285714286	30.383817434310913	70586.14328694344
2454	1167.6265069815468	968.97	63.1337890625	0.08361272	0.00019482857142857142	0.0006494285714285715	29.19952702522278	70615.34402132034
2455	1162.1026931882511	979.14	63.6416015625	0.083612464	0.00019478571428571426	0.0006492857142857142	29.595595121383667	70644.95501804352
2456	1194.1984258068687	987.07	63.6494140625	0.08361202	0.00019474285714285713	0.0006491428571428571	29.2990825176239	70674.2670302391
2457	1212.528482204613	1005.61	63.156982421875	0.083611816	0.0001947	0.0006490000000000001	29.51513147354126	70703.79074168205
2458	1191.2429005463764	988.89	63.413818359375	0.08361112	0.00019465714285714283	0.0006488571428571429	28.01155114173889	70731.80710840225
2459	1174.0262688823177	982.77	63.673828125	0.08360908	0.0001946142857142857	0.0006487142857142857	27.063279151916504	70758.87501120567
2460	1177.6742577508346	977.21	63.18115234375	0.08360716	0.00019457142857142855	0.0006485714285714286	27.8686261177063	70786.75597691536
2461	1176.7643125189923	982.92	63.940185546875	0.083604574	0.0001945285714285714	0.0006484285714285714	27.543652534484863	70814.31512665749
2462	1185.5943966070138	991.9	63.94677734375	0.083601184	0.00019448571428571428	0.0006482857142857144	28.35891842842102	70842.69102239609
2463	1180.6113912763485	988.76	63.953369140625	0.08359864	0.00019444285714285712	0.0006481428571428571	26.531145095825195	70869.2345802784
2464	1157.6926961479135	972.56	63.96337890625	0.08359656	0.00019439999999999998	0.000648	27.00006365776062	70896.25074338913
2465	1195.2069329025503	994.55	63.72119140625	0.083594866	0.00019435714285714285	0.0006478571428571429	27.491288661956787	70923.75086331367
2466	1183.3369259981941	1004.19	63.72802734375	0.08359277	0.00019431428571428568	0.0006477142857142858	28.613357067108154	70952.365899086
2467	1165.0627091615245	988.74	62.744140625	0.08359122	0.00019427142857142855	0.0006475714285714286	26.606959581375122	70978.97478055954
2468	1181.2468774006522	999.69	63.744140625	0.08359027	0.0001942285714285714	0.0006474285714285715	28.663856983184814	71007.65530633926
2469	1154.1125457976311	985.75	63.751953125	0.083589494	0.00019418571428571425	0.0006472857142857143	27.162001371383667	71034.81899428368
2470	1159.08997322884	984.15	63.7587890625	0.08358845	0.0001941428571428571	0.0006471428571428572	28.359493017196655	71063.19872426987
2471	1183.423808871854	1001.53	63.025146484375	0.08358789	0.0001941	0.000647	27.499204397201538	71090.71060490608
2472	1154.7664063870986	988.84	63.525634765625	0.08358666	0.0001940571428571428	0.0006468571428571428	28.246758460998535	71118.95875692368
2473	1151.7214618224432	985.52	63.78369140625	0.0835853	0.00019401428571428573	0.0006467142857142858	27.941356897354126	71146.90197324753
2474	1162.7149710420656	990.71	63.29150390625	0.083583765	0.00019397142857142857	0.0006465714285714285	28.076007843017578	71174.97901678085
2475	1140.4364929157493	972.48	63.547607421875	0.08358207	0.00019392857142857138	0.0006464285714285713	28.17779517173767	71203.15879273415
2476	1131.6407155891504	960.66	63.8076171875	0.08358121	0.0001938857142857143	0.0006462857142857144	29.517844200134277	71232.67905163765
2477	1166.648443269862	987.65	63.815673828125	0.08358031	0.00019384285714285713	0.0006461428571428572	31.140387296676636	71263.8356461525
2478	1178.0401810039318	996.5	63.82373046875	0.08357931	0.0001938	0.000646	29.641124725341797	71293.4886546135
2479	1120.6646351212082	964.77	63.83154296875	0.08357944	0.00019375714285714286	0.0006458571428571429	26.734858989715576	71320.22544527054
2480	1131.7962189076877	971.86	63.83837890625	0.08357963	0.0001937142857142857	0.0006457142857142857	27.351511240005493	71347.59875321388
2481	1125.0733023988605	960.21	63.84716796875	0.0835796	0.00019367142857142856	0.0006455714285714286	28.227882146835327	71375.83552980423
2482	1153.662186917275	999.81	63.85498046875	0.083579086	0.00019362857142857142	0.0006454285714285714	27.010117769241333	71402.86537790298
2483	1140.357599989856	985.78	63.86279296875	0.0835785	0.00019358571428571426	0.0006452857142857142	27.15122699737549	71430.03072309494
2484	1130.979100216748	975.85	63.61962890625	0.08357806	0.00019354285714285712	0.0006451428571428571	27.15996503829956	71457.19912815094
2485	1132.8332599342382	991.35	63.8779296875	0.08357703	0.0001935	0.0006450000000000001	27.52984857559204	71484.73076105118
2486	1142.231360922586	981.27	63.63623046875	0.08357504	0.00019345714285714282	0.0006448571428571428	27.946425676345825	71512.67873477936
2487	1152.680902326892	986.41	64.14404296875	0.08357345	0.00019341428571428571	0.0006447142857142858	29.359140872955322	71542.03903603554
2488	1157.7088543947689	988.93	63.90185546875	0.08357236	0.00019337142857142855	0.0006445714285714286	28.44931983947754	71570.50069260597
2489	1164.2242613558965	993.92	64.159423828125	0.08357095	0.0001933285714285714	0.0006444285714285714	27.84418821334839	71598.34676909447
2490	1118.180451598847	952.23	63.917236328125	0.08356946	0.00019328571428571428	0.0006442857142857143	28.435390949249268	71626.78685379028
2491	1206.0809163855808	1013.58	63.674560546875	0.08356783	0.00019324285714285712	0.0006441428571428571	27.15510869026184	71653.96265888214
2492	1115.3753910298099	953.27	63.68310546875	0.08356597	0.00019319999999999998	0.000644	29.80049705505371	71683.76480674744
2493	1211.9540774190612	1010.71	64.191650390625	0.08356458	0.00019315714285714284	0.000643857142857143	29.627379179000854	71713.40281844139
2494	1156.9648499046848	992.8	63.948974609375	0.08356329	0.00019311428571428568	0.0006437142857142857	29.03921103477478	71742.44674229622
2495	1137.1499845534267	972.86	64.207275390625	0.08356223	0.00019307142857142854	0.0006435714285714286	29.24248433113098	71771.69075727463
2496	1192.9405104306609	1005.61	63.964599609375	0.08356164	0.0001930285714285714	0.0006434285714285715	28.274914979934692	71799.97878932953
2497	1142.0021127243747	967.37	63.971923828125	0.083561294	0.00019298571428571424	0.0006432857142857143	27.25853443145752	71827.2388472557
2498	1188.82148775175	1006.63	63.979248046875	0.08356009	0.0001929428571428571	0.0006431428571428571	29.46746516227722	71856.72272086143
2499	1168.955649943598	984.83	63.986572265625	0.08355892	0.0001929	0.000643	29.627206087112427	71886.35094594955
2500	1151.4253762737803	977.06	63.996337890625	0.08355758	0.0001928571428571428	0.0006428571428571428	29.830242156982422	71916.18280649185
2501	1128.384770375869	964.94	64.00439453125	0.08355648	0.00019281428571428573	0.0006427142857142858	29.311338424682617	71945.50279450417
2502	1166.9384677039086	981.47	64.01220703125	0.083555065	0.00019277142857142856	0.0006425714285714285	29.571504592895508	71975.09074449539
2503	1159.4962996821146	985.76	64.01904296875	0.083553314	0.0001927285714285714	0.0006424285714285714	29.947522401809692	72005.0507748127
2504	1127.0352221376938	964.77	64.027587890625	0.08355255	0.0001926857142857143	0.0006422857142857144	29.719310760498047	72034.78279495239
2505	1144.1271991451968	978.35	63.53564453125	0.083551414	0.00019264285714285713	0.0006421428571428572	29.61283040046692	72064.40810012817
2506	1157.8410377441685	992.64	64.043212890625	0.08355085	0.0001926	0.000642	30.6417977809906	72095.05108237267
2507	1095.5628256598109	941.85	63.55126953125	0.08355073	0.00019255714285714286	0.0006418571428571429	30.17557120323181	72125.2430229187
2508	1083.6380685993763	930.12	63.558349609375	0.08355069	0.0001925142857142857	0.0006417142857142857	30.04608464241028	72155.29072546959
2509	1108.396078676957	948.44	64.067626953125	0.08354977	0.00019247142857142856	0.0006415714285714286	29.90450930595398	72185.20390844345
2510	1110.6589787898802	956.23	64.07568359375	0.08354875	0.00019242857142857142	0.0006414285714285714	30.192173957824707	72215.39789700508
2511	1102.236177473988	953.69	63.83349609375	0.083548285	0.00019238571428571426	0.0006412857142857142	29.53523540496826	72244.96275305748
2512	1112.358117307043	950.98	63.589599609375	0.08354741	0.00019234285714285712	0.0006411428571428572	29.602508544921875	72274.56677031517
2513	1096.7819765121167	951.33	64.09716796875	0.08354636	0.00019229999999999999	0.0006410000000000001	29.71419358253479	72304.2936975956
2514	1146.6900365430927	983.44	63.363037109375	0.08354602	0.00019225714285714282	0.0006408571428571428	29.675719738006592	72333.97109413147
2515	1150.11064136282	981.91	63.613525390625	0.08354478	0.0001922142857142857	0.0006407142857142858	30.31412959098816	72364.28674936295
2516	1170.1413845546217	994.33	64.24755859375	0.08354323	0.00019217142857142855	0.0006405714285714286	29.719314336776733	72394.01472997665
2517	1157.418291268971	977.39	64.004150390625	0.08354134	0.00019212857142857139	0.0006404285714285714	30.14319348335266	72424.17073178291
2518	1122.494482640651	956.58	64.512939453125	0.08353948	0.00019208571428571428	0.0006402857142857143	30.1494562625885	72454.34069538116
2519	1153.5226081329101	980.12	63.778564453125	0.083537936	0.00019204285714285711	0.0006401428571428571	29.655644178390503	72484.01882100105
2520	1140.0066522655334	975.96	63.77880859375	0.083537005	0.00019199999999999998	0.00064	30.1027352809906	72514.12274694443
2521	1149.746411596816	982.97	63.54443359375	0.083536185	0.00019195714285714284	0.000639857142857143	30.086519479751587	72544.21088147163
2522	1143.1153010087157	969.08	64.543701171875	0.08353522	0.00019191428571428568	0.0006397142857142857	29.763928651809692	72573.97675776482
2523	1129.8856374136099	951.17	64.30126953125	0.08353394	0.00019187142857142854	0.0006395714285714286	30.03132653236389	72604.02276062965
2524	1192.7238336833589	1010.53	64.31005859375	0.08353317	0.00019182857142857143	0.0006394285714285715	29.85655117034912	72633.88057136536
2525	1126.4594555405174	968.58	63.57373046875	0.083532155	0.00019178571428571424	0.0006392857142857142	30.33621621131897	72664.21837878227
2526	1126.1233022284314	963.49	64.575927734375	0.08353108	0.00019174285714285713	0.0006391428571428571	29.739202737808228	72693.97071647644
2527	1115.203524925096	966.85	64.333740234375	0.08353058	0.0001917	0.000639	30.063424348831177	72724.04690337181
2528	1134.2548977461279	967.62	64.091796875	0.08353033	0.0001916571428571428	0.0006388571428571428	29.67454981803894	72753.72274065018
2529	1133.7465411670905	981.17	63.85009765625	0.083530344	0.00019161428571428573	0.0006387142857142858	30.151195287704468	72783.89074707031
2530	1144.471637274681	975.4	64.35693359375	0.08353015	0.00019157142857142856	0.0006385714285714286	29.449831008911133	72813.35300326347
2531	1122.8685916769207	961.57	64.365478515625	0.08352994	0.0001915285714285714	0.0006384285714285714	30.195347547531128	72843.5501999855
2532	1102.4534168676046	952.65	64.373046875	0.083529405	0.0001914857142857143	0.0006382857142857144	28.687485218048096	72872.25481438637
2533	1114.27854105456	957.22	63.637451171875	0.08352802	0.00019144285714285713	0.0006381428571428571	28.260111808776855	72900.51603245735
2534	1118.0445448084674	948.34	64.38916015625	0.08352709	0.0001914	0.000638	26.906309127807617	72927.42423152924
2535	1142.6768592213748	981.31	64.39697265625	0.08352735	0.00019135714285714285	0.0006378571428571429	29.540863275527954	72956.96676182747
2536	1116.6690947727393	956.85	64.404052734375	0.08352676	0.0001913142857142857	0.0006377142857142857	28.128005027770996	72985.10846757889
2537	1107.9351311603139	934.03	64.412109375	0.08352659	0.00019127142857142855	0.0006375714285714285	28.62113881111145	73013.74830508232
2538	1073.7156527837037	924.14	64.419921875	0.083525896	0.00019122857142857142	0.0006374285714285714	27.037156105041504	73040.78720188141
2539	1145.557293461822	972.73	64.427734375	0.083525084	0.00019118571428571426	0.0006372857142857143	27.847618341445923	73068.64702773094
2540	1146.6572751714154	979.49	65.185546875	0.08352441	0.00019114285714285712	0.0006371428571428572	27.09951615333557	73095.76274824142
2541	1180.8874659956628	1005.76	64.693115234375	0.08352388	0.00019109999999999998	0.000637	28.249652862548828	73124.01358151436
2542	1109.7253840575067	948.99	64.4521484375	0.08352283	0.00019105714285714282	0.0006368571428571428	26.97273826599121	73150.98821997643
2543	1113.0277629293696	960.97	64.4599609375	0.0835217	0.0001910142857142857	0.0006367142857142858	28.129066467285156	73179.11872959137
2544	1135.56623111534	969.93	64.2177734375	0.083521284	0.00019097142857142855	0.0006365714285714286	26.806936979293823	73205.92712211609
2545	1112.9982605324683	967.33	64.475341796875	0.08352121	0.0001909285714285714	0.0006364285714285714	28.770358324050903	73234.7101380825
2546	1131.9959928868623	974.77	64.48193359375	0.08352134	0.00019088571428571428	0.0006362857142857143	30.015600442886353	73264.73902988434
2547	1165.4188952298534	999.95	64.491455078125	0.08352196	0.0001908428571428571	0.0006361428571428571	28.09813356399536	73292.83872818947
2548	1091.2325141681954	942.23	64.497802734375	0.08352246	0.00019079999999999998	0.0006360000000000001	29.97894525527954	73322.8187353611
2549	1129.2769691610174	969.71	64.507080078125	0.083523296	0.00019075714285714284	0.0006358571428571429	29.833754062652588	73352.6541569233
2550	1091.5037279328892	938.59	64.5146484375	0.08352392	0.00019071428571428568	0.0006357142857142857	29.394675970077515	73382.0507543087
2551	1111.5770630453671	953.62	64.272705078125	0.08352316	0.00019067142857142854	0.0006355714285714286	29.5304012298584	73411.58275818825
2552	1170.2820814465615	1001.74	64.529052734375	0.083523415	0.00019062857142857143	0.0006354285714285715	29.254835605621338	73440.83875322342
2553	1139.9872078762598	969.92	65.288330078125	0.08352375	0.00019058571428571424	0.0006352857142857142	30.631290912628174	73471.47872853279
2554	1136.718885487121	969.54	64.2958984375	0.08352394	0.00019054285714285713	0.0006351428571428571	29.378899574279785	73500.8591709137
2555	1177.4579642274753	994.67	64.303955078125	0.08352407	0.0001905	0.000635	29.545931100845337	73530.40678215027
2556	1173.8555085324595	985.47	64.560302734375	0.08352452	0.00019045714285714283	0.0006348571428571428	29.946907997131348	73560.35489082336
2557	1129.2777309768746	960.16	64.569580078125	0.08352404	0.00019041428571428572	0.0006347142857142858	29.569000244140625	73589.93638682365
2558	1163.82547248599	977.26	64.325927734375	0.08352357	0.00019037142857142856	0.0006345714285714286	29.091439485549927	73619.04275107384
2559	1155.9916079842326	965.16	64.334716796875	0.08352376	0.00019032857142857142	0.0006344285714285715	29.662419319152832	73648.70671534538
2560	1153.5386782632843	973.47	64.09375	0.08352391	0.0001902857142857143	0.0006342857142857144	29.81540274620056	73678.53873109818
2561	1133.3925661344022	965.63	64.6005859375	0.08352408	0.00019024285714285712	0.0006341428571428571	29.58736538887024	73708.12710762024
2562	1168.1004788390692	992.59	63.866455078125	0.08352324	0.0001902	0.000634	30.068893671035767	73738.20432186127
2563	1137.4889091390144	972.43	64.616455078125	0.08352228	0.00019015714285714285	0.0006338571428571429	29.597211837768555	73767.80298924446
2564	1145.7603104202217	965.38	64.122802734375	0.08352232	0.0001901142857142857	0.0006337142857142857	29.94727849960327	73797.76276826859
2565	1166.6447537080596	991.21	64.6328125	0.08352291	0.00019007142857142855	0.0006335714285714285	30.067538261413574	73827.83225464821
2566	1172.4296139658172	995.83	64.640625	0.08352242	0.00019002857142857142	0.0006334285714285715	29.94411277770996	73857.7993183136
2567	1146.6418051460869	973.22	63.904296875	0.0835213	0.00018998571428571425	0.0006332857142857143	30.0884108543396	73887.89909696579
2568	1135.584405695115	969.77	64.164794921875	0.083519764	0.00018994285714285712	0.0006331428571428572	30.271501302719116	73918.18305563927
2569	1129.513267388608	964.88	64.414306640625	0.08351787	0.00018989999999999998	0.000633	30.885075092315674	73949.08061885834
2570	1127.7329286803597	955.22	64.42236328125	0.08351546	0.00018985714285714282	0.0006328571428571428	29.435616731643677	73978.51828956604
2571	1159.76678776231	989.03	64.68017578125	0.08351306	0.0001898142857142857	0.0006327142857142858	29.637399435043335	74008.18460893631
2572	1130.0134512833308	961.75	64.68798828125	0.08351179	0.00018977142857142855	0.0006325714285714286	29.356641054153442	74037.54306101799
2573	1152.4212486872484	979.79	64.445068359375	0.08351012	0.0001897285714285714	0.0006324285714285714	30.48614525794983	74068.03077077866
2574	1172.988342878617	993.65	64.70361328125	0.08350843	0.00018968571428571427	0.0006322857142857144	30.022005796432495	74098.06133818626
2575	1193.001225039599	1007.86	64.710693359375	0.083506845	0.0001896428571428571	0.0006321428571428572	29.595341682434082	74127.67079019547
2576	1133.1887961700031	961.35	64.97021484375	0.08350498	0.00018959999999999997	0.000632	29.907166719436646	74157.5908112526
2577	1108.0727290552638	955.79	64.7265625	0.0835034	0.00018955714285714286	0.0006318571428571429	30.062342405319214	74187.65432405472
2578	1156.9634574352563	979.6	64.7353515625	0.08350169	0.00018951428571428567	0.0006317142857142857	29.303521871566772	74216.97503876686
2579	1110.2753343477332	953.67	64.492431640625	0.083500326	0.00018947142857142857	0.0006315714285714286	29.28305149078369	74246.26655244827
2580	1104.0260440674617	959.83	65.12548828125	0.08349946	0.00018942857142857143	0.0006314285714285714	29.88633680343628	74276.15427732468
2581	1149.2966130664183	979.08	64.634033203125	0.08349904	0.00018938571428571424	0.0006312857142857142	28.880516290664673	74305.03584122658
2582	1083.061471329966	934.84	64.892333984375	0.083498515	0.00018934285714285713	0.0006311428571428571	27.459595918655396	74332.51105213165
2583	1123.8813681820827	963.59	64.4072265625	0.08349886	0.0001893	0.000631	28.062572717666626	74360.5750875473
2584	1127.7422486456892	969.25	64.65771484375	0.08349887	0.00018925714285714283	0.0006308571428571427	27.386170625686646	74387.96279644966
2585	1132.2280972866442	963.85	64.17333984375	0.083499044	0.00018921428571428572	0.0006307142857142858	27.75888180732727	74415.72272849083
2586	1119.2522555017715	948.62	64.92333984375	0.083498694	0.00018917142857142856	0.0006305714285714286	27.784245491027832	74443.50861763954
2587	1070.1852455035807	920.32	64.188232421875	0.08349723	0.00018912857142857142	0.0006304285714285715	26.99467158317566	74470.51402592659
2588	1163.993144115808	985.95	65.18896484375	0.08349631	0.00018908571428571429	0.0006302857142857143	28.67556095123291	74499.1916232109
2589	1143.4540464261336	975.72	65.696044921875	0.08349559	0.00018904285714285712	0.0006301428571428571	27.245309114456177	74526.43877410889
2590	1160.9254887908965	985.62	64.954833984375	0.08349452	0.00018899999999999999	0.00063	27.31083655357361	74553.75073337555
2591	1178.2878832035472	1007.52	64.96240234375	0.08349258	0.00018895714285714285	0.0006298571428571429	28.648450136184692	74582.40101671219
2592	1118.5241005106745	957.73	64.970458984375	0.08349065	0.0001889142857142857	0.0006297142857142856	28.668261289596558	74611.07102680206
2593	1110.554312611497	947.49	65.228515625	0.08348804	0.00018887142857142855	0.0006295714285714286	26.97540783882141	74638.05874562263
2594	1107.1064306673427	950.5	64.24267578125	0.08348495	0.00018882857142857141	0.0006294285714285715	29.79533076286316	74667.86674618721
2595	1152.5273451721148	977.97	65.74462890625	0.08348178	0.00018878571428571425	0.0006292857142857143	29.81452488899231	74697.68233346939
2596	1118.2055189029268	964.39	65.002197265625	0.08347863	0.00018874285714285714	0.0006291428571428572	29.148775815963745	74726.83260416985
2597	1144.5439018217576	986.67	65.009765625	0.08347571	0.00018869999999999998	0.000629	29.520498752593994	74756.3679792881
2598	1100.5033616785665	944.51	65.267578125	0.08347282	0.00018865714285714282	0.0006288571428571428	29.674814462661743	74786.05476880074
2599	1113.5081460226195	952.53	65.275390625	0.08347056	0.0001886142857142857	0.0006287142857142858	29.22771906852722	74815.28427267075
2600	1151.3906946509005	987.32	65.032958984375	0.08346761	0.00018857142857142854	0.0006285714285714285	29.809016227722168	74845.09485578537
2601	1141.766137563775	975.09	65.04052734375	0.08346457	0.0001885285714285714	0.0006284285714285714	29.491190671920776	74874.58790683746
2602	1128.4398042842465	966.6	65.048828125	0.08346156	0.00018848571428571427	0.0006282857142857144	27.66885757446289	74902.25915503502
2603	1167.7716765390717	993.13	65.306640625	0.083458774	0.0001884428571428571	0.0006281428571428572	27.47774362564087	74929.7387804985
2604	1133.959723455049	961.1	65.314453125	0.08345584	0.00018839999999999997	0.000628	27.08867621421814	74956.83536171913
2605	1133.177725675359	972.47	65.0859375	0.08345363	0.00018835714285714286	0.0006278571428571429	26.02991247177124	74982.8669822216
2606	1158.1216347838492	996.01	65.39208984375	0.08345149	0.00018831428571428567	0.0006277142857142857	27.3502779006958	75010.2187154293
2607	1118.413119559855	965.58	65.4482421875	0.08345076	0.00018827142857142856	0.0006275714285714286	27.875234127044678	75038.0953361988
2608	1121.3184641878536	957.12	65.46484375	0.08345	0.00018822857142857143	0.0006274285714285714	27.032655000686646	75065.12950992584
2609	1096.2172365909546	942.96	64.968994140625	0.08344912	0.00018818571428571426	0.0006272857142857142	26.52329683303833	75091.66671419144
2610	1137.7352505780275	964.54	65.467041015625	0.08344781	0.00018814285714285715	0.0006271428571428573	27.73542618751526	75119.4147439003
2611	1127.2217453962835	968.13	65.234130859375	0.08344596	0.0001881	0.0006270000000000001	26.923041343688965	75146.33874678612
2612	1148.3983411566692	986.39	64.9921875	0.08344383	0.00018805714285714283	0.0006268571428571428	26.49077582359314	75172.83077454567
2613	1163.1193491132078	983.6	65.009521484375	0.08344224	0.00018801428571428572	0.0006267142857142858	27.79531693458557	75200.63872098923
2614	1137.3940998120129	962.39	65.508544921875	0.08344077	0.00018797142857142856	0.0006265714285714286	26.186325311660767	75226.82672262192
2615	1139.9725211042546	969.17	65.02392578125	0.083439685	0.00018792857142857142	0.0006264285714285715	26.637728691101074	75253.4654648304
2616	1155.9678073650562	985.22	65.2734375	0.08343793	0.00018788571428571428	0.0006262857142857143	27.0312180519104	75280.51873064041
2617	1125.5377754069245	954.09	65.281494140625	0.08343672	0.00018784285714285712	0.0006261428571428571	27.234267711639404	75307.76160311699
2618	1113.0398775510012	954.05	65.288330078125	0.083435506	0.00018779999999999998	0.000626	27.739479064941406	75335.52274465561
2619	1139.2137777740402	960.7	65.048095703125	0.0834352	0.00018775714285714285	0.000625857142857143	28.370810747146606	75363.89479541779
2620	1082.118117797934	927.05	65.54345703125	0.083435126	0.00018771428571428568	0.0006257142857142857	29.13146209716797	75393.03900194168
2621	1135.2827683816806	965.02	65.313720703125	0.08343501	0.00018767142857142855	0.0006255714285714286	26.707796096801758	75419.75872969627
2622	1087.1468511864107	932.49	65.321533203125	0.08343477	0.0001876285714285714	0.0006254285714285715	26.738579034805298	75446.49844932556
2623	1114.9957248188468	942.69	65.328857421875	0.083433904	0.00018758571428571425	0.0006252857142857142	26.86241841316223	75473.36272025108
2624	1162.192263622298	987.18	65.3359375	0.08343291	0.00018754285714285714	0.0006251428571428572	26.411261796951294	75499.7867295742
2625	1142.504321617158	975.97	65.595703125	0.08343178	0.00018749999999999998	0.000625	27.7071053981781	75527.49501132965
2626	1135.3323097923787	973.84	65.10205078125	0.083431184	0.0001874571428571428	0.0006248571428571428	27.268444538116455	75554.77570724487
2627	1181.7223024064429	1000.14	65.61181640625	0.08343019	0.0001874142857142857	0.0006247142857142858	28.153108835220337	75582.94478750229
2628	1161.6985808752108	995.48	65.36962890625	0.08342891	0.00018737142857142854	0.0006245714285714285	28.07815980911255	75611.03763508797
2629	1165.8562951054148	993.32	65.8759765625	0.08342705	0.0001873285714285714	0.0006244285714285715	26.679967403411865	75637.73929429054
2630	1126.4576567280078	969.33	64.392578125	0.083425336	0.0001872857142857143	0.0006242857142857144	28.337339878082275	75666.09263682365
2631	1116.4754411684814	947.65	65.392578125	0.0834226	0.0001872428571428571	0.0006241428571428571	27.21143937110901	75693.32671880722
2632	1111.4828298983705	951.49	65.400390625	0.083419286	0.0001872	0.000624	29.52035617828369	75722.8590490818
2633	1129.1024745860486	959.87	65.40869140625	0.083416134	0.00018715714285714286	0.0006238571428571429	29.966675996780396	75752.82710456848
2634	1176.046619307357	997.48	65.66552734375	0.083412685	0.00018711428571428567	0.0006237142857142857	30.027268886566162	75782.86273002625
2635	1146.784468961158	973.42	65.172119140625	0.08340949	0.00018707142857142856	0.0006235714285714285	29.00442361831665	75811.86864495277
2636	1167.2051309946614	990.19	65.431640625	0.08340753	0.00018702857142857142	0.0006234285714285714	30.10728096961975	75841.99074339867
2637	1126.2775615822343	937.31	65.68994140625	0.08340505	0.00018698571428571426	0.0006232857142857142	28.259328603744507	75870.25473809242
2638	1173.9671297940702	986.64	65.44677734375	0.08340296	0.00018694285714285715	0.0006231428571428573	27.67514419555664	75897.93100357056
2639	1198.8561970984492	991.77	64.955078125	0.08340109	0.0001869	0.000623	26.85832643508911	75924.79074239731
2640	1182.365214625617	984.54	65.462890625	0.08340001	0.00018685714285714283	0.0006228571428571428	27.766808032989502	75952.5588464737
2641	1194.4831220149695	985.5	65.4716796875	0.08339888	0.00018681428571428572	0.0006227142857142858	27.843341588974	75980.41584706306
2642	1169.7547455973522	965.0	65.72802734375	0.08339739	0.00018677142857142855	0.0006225714285714286	27.748681783676147	76008.1793794632
2643	1109.2888920190162	930.57	66.237060546875	0.08339631	0.00018672857142857142	0.0006224285714285714	26.439069509506226	76034.62045478821
2644	1169.5660719057394	976.49	65.620361328125	0.083395235	0.00018668571428571428	0.0006222857142857143	27.50483250617981	76062.12682175636
2645	1171.5478508046506	981.43	65.62841796875	0.08339358	0.00018664285714285712	0.0006221428571428571	28.311522006988525	76090.45098543167
2646	1101.6408940968065	918.09	66.135498046875	0.083391815	0.00018659999999999998	0.000622	27.93966245651245	76118.40696072578
2647	1116.607688252199	937.93	65.1435546875	0.08338945	0.00018655714285714285	0.0006218571428571429	30.48862338066101	76148.89997696877
2648	1168.5131979811183	976.28	65.651123046875	0.083387315	0.00018651428571428568	0.0006217142857142857	29.45838212966919	76178.36029601097
2649	1182.232374119404	989.72	65.9091796875	0.08338516	0.00018647142857142855	0.0006215714285714286	29.108099699020386	76207.4700987339
2650	1167.48144538351	972.33	64.92529296875	0.083382525	0.0001864285714285714	0.0006214285714285715	29.454375743865967	76236.93872237206
2651	1169.6893089626046	977.88	65.675048828125	0.08338069	0.00018638571428571425	0.0006212857142857142	29.8715398311615	76266.8229162693
2652	1123.7894969374247	943.81	65.68212890625	0.08337909	0.00018634285714285714	0.0006211428571428572	29.94596576690674	76296.77074599266
2653	1145.3768723844928	964.84	65.6904296875	0.083377205	0.00018629999999999997	0.000621	29.75879693031311	76326.53079533577
2654	1116.3494826097326	931.56	65.6982421875	0.083375	0.0001862571428571428	0.0006208571428571428	29.247386932373047	76355.78280568123
2655	1145.6731114268198	966.58	65.9560546875	0.08337339	0.0001862142857142857	0.0006207142857142857	29.703668117523193	76385.4990324974
2656	1179.521296994226	990.51	65.2138671875	0.083372585	0.00018617142857142854	0.0006205714285714286	30.011252880096436	76415.52275276184
2657	1146.4261032143424	970.98	65.7216796875	0.08337138	0.0001861285714285714	0.0006204285714285715	29.621230602264404	76445.14509224892
2658	1169.1092230694685	987.65	65.980712890625	0.083370484	0.0001860857142857143	0.0006202857142857144	29.40078115463257	76474.54711174965
2659	1154.1382824782768	965.08	65.48876953125	0.083369814	0.0001860428571428571	0.0006201428571428571	29.375566720962524	76503.93898820877
2660	1166.6034044075393	979.22	65.74658203125	0.083369136	0.000186	0.00062	29.912933111190796	76533.85389852524
2661	1188.0201007487249	991.7	65.754150390625	0.08336884	0.00018595714285714286	0.0006198571428571429	30.519829273223877	76564.37500357628
2662	1140.9169868165352	948.47	65.76171875	0.08336861	0.0001859142857142857	0.0006197142857142857	29.719326734542847	76594.09877371788
2663	1156.0186446823086	972.14	66.019775390625	0.08336862	0.00018587142857142856	0.0006195714285714285	29.323390245437622	76623.43079829216
2664	1142.4680632627185	949.33	65.77783203125	0.08336982	0.00018582857142857142	0.0006194285714285714	29.04767417907715	76652.49090218544
2665	1192.878879161612	990.94	66.28564453125	0.08337047	0.00018578571428571426	0.0006192857142857143	30.622568130493164	76683.11553835869
2666	1176.484930196783	973.96	65.79296875	0.083371036	0.00018574285714285715	0.0006191428571428573	29.35065460205078	76712.46811509132
2667	1178.9076127793273	982.79	65.80126953125	0.08337147	0.0001857	0.000619	29.77613067626953	76742.24672675133
2668	1148.8781719412282	962.29	65.80908203125	0.08337153	0.00018565714285714285	0.0006188571428571429	28.103628158569336	76770.35501503944
2669	1188.430314204594	987.73	65.07470703125	0.08337155	0.00018561428571428571	0.0006187142857142858	27.579705238342285	76797.95520567894
2670	1155.5240218535466	959.75	66.07470703125	0.08337144	0.00018557142857142855	0.0006185714285714286	27.758089780807495	76825.71477389336
2671	1138.759354480956	946.26	66.080810546875	0.08337116	0.00018552857142857142	0.0006184285714285714	28.601736783981323	76854.3370141983
2672	1116.582377672078	941.61	65.840087890625	0.08337075	0.00018548571428571428	0.0006182857142857143	27.107595682144165	76881.45907616615
2673	1173.7116435649382	969.53	66.09814453125	0.08336985	0.00018544285714285712	0.0006181428571428571	28.64880347251892	76910.11035370827
2674	1114.1693314095946	932.03	65.85693359375	0.08336964	0.00018539999999999998	0.0006180000000000001	28.186222076416016	76938.29921197891
2675	1148.5180405253197	968.4	66.11376953125	0.0833695	0.00018535714285714284	0.0006178571428571429	29.638386249542236	76967.94969153404
2676	1100.0002082391097	936.18	66.1220703125	0.083369814	0.00018531428571428568	0.0006177142857142857	28.935378789901733	76996.88674235344
2677	1185.8699981383054	991.0	65.880126953125	0.08337092	0.00018527142857142854	0.0006175714285714286	28.187389135360718	77025.08672404289
2678	1167.8799288292767	988.17	65.887939453125	0.083371304	0.0001852285714285714	0.0006174285714285714	27.923498153686523	77053.0230023861
2679	1083.568614599725	919.66	66.145751953125	0.083372496	0.00018518571428571424	0.0006172857142857142	29.85819911956787	77082.8827354908
2680	1135.3557886485012	965.83	65.653076171875	0.08337293	0.00018514285714285714	0.0006171428571428572	26.85931658744812	77109.75074410439
2681	1157.313338096736	977.14	65.411376953125	0.08337253	0.00018509999999999997	0.000617	27.34288716316223	77137.10679936409
2682	1169.388590145304	975.88	65.9189453125	0.08337306	0.00018505714285714284	0.0006168571428571428	27.120012283325195	77164.22814631462
2683	1148.2656450864022	947.16	65.926513671875	0.08337376	0.00018501428571428573	0.0006167142857142858	29.039639472961426	77193.2830297947
2684	1129.8587842277095	941.76	65.9345703125	0.08337462	0.00018497142857142854	0.0006165714285714286	29.11521863937378	77222.41073966026
2685	1125.7099410114106	947.05	65.9423828125	0.08337513	0.00018492857142857143	0.0006164285714285715	29.771231651306152	77252.18299818039
2686	1155.9125894583703	978.26	65.95068359375	0.083375685	0.0001848857142857143	0.0006162857142857143	29.366118907928467	77281.55076408386
2687	1145.3858802027646	959.99	66.208251953125	0.08337652	0.0001848428571428571	0.0006161428571428571	29.825356006622314	77311.3777809143
2688	1093.039153165537	915.82	65.964599609375	0.08337625	0.0001848	0.000616	30.161786556243896	77341.5414917469
2689	1074.553784231797	907.08	65.97314453125	0.083376646	0.00018475714285714286	0.0006158571428571429	30.007232904434204	77371.5508480072
2690	1131.8787904482622	954.38	65.98095703125	0.08337635	0.0001847142857142857	0.0006157142857142856	29.255322694778442	77400.82673835754
2691	1110.4983691235857	936.34	65.990234375	0.08337546	0.00018467142857142856	0.0006155714285714285	29.50355815887451	77430.3319079876
2692	1097.547329155713	914.78	66.247802734375	0.08337448	0.00018462857142857142	0.0006154285714285715	30.143765449523926	77460.47791981697
2693	1138.388840290319	960.32	66.505615234375	0.08337313	0.00018458571428571426	0.0006152857142857143	30.026965856552124	77490.51846837997
2694	1084.9670895307147	913.52	66.01123046875	0.083372556	0.00018454285714285715	0.0006151428571428572	30.05069136619568	77520.57077503204
2695	1113.4824708215283	926.8	66.2705078125	0.08337293	0.00018449999999999999	0.000615	28.28864336013794	77548.86064052582
2696	1132.248467064038	950.03	65.77734375	0.08337277	0.00018445714285714285	0.0006148571428571429	27.10873532295227	77575.97079110146
2697	1118.9705797609652	937.11	66.285888671875	0.08337262	0.0001844142857142857	0.0006147142857142858	26.974913358688354	77602.94718456268
2698	1137.5066695773926	944.43	66.044921875	0.08337215	0.00018437142857142855	0.0006145714285714285	26.56291174888611	77629.52630972862
2699	1063.268350366752	895.88	65.550537109375	0.08337169	0.0001843285714285714	0.0006144285714285714	27.73123002052307	77657.27475810051
2700	1091.7062493891508	917.16	66.310546875	0.08337137	0.00018428571428571428	0.0006142857142857143	28.587737798690796	77685.88304257393
2701	1138.6359712486665	957.86	66.068115234375	0.083370686	0.00018424285714285711	0.0006141428571428572	29.135544061660767	77715.03103995323
2702	1204.1499971213232	1003.71	66.076171875	0.083370514	0.00018419999999999998	0.000614	29.694690227508545	77744.72728729248
2703	1117.5531281075798	938.76	66.332763671875	0.083370306	0.00018415714285714284	0.0006138571428571429	27.199433088302612	77771.94707131386
2704	1122.596919182353	952.79	66.091552734375	0.083370365	0.00018411428571428568	0.0006137142857142857	28.498435258865356	77800.4470243454
2705	1161.744115473934	975.82	66.099609375	0.08337033	0.00018407142857142854	0.0006135714285714286	27.194740772247314	77827.64282941818
2706	1163.8688093305364	978.19	66.106689453125	0.08336985	0.0001840285714285714	0.0006134285714285714	26.567168951034546	77854.22673535347
2707	1085.64221602712	927.04	65.864990234375	0.08336935	0.00018398571428571424	0.0006132857142857142	28.57119393348694	77882.80652141571
2708	1081.269834121561	912.05	66.12451171875	0.083369136	0.00018394285714285713	0.0006131428571428572	28.974048376083374	77911.78295707703
2709	1168.614187468217	988.26	66.885009765625	0.08336976	0.00018389999999999997	0.000613	29.567559480667114	77941.36723279953
2710	1160.8831798749623	981.84	66.145263671875	0.0833702	0.00018385714285714283	0.0006128571428571429	30.172605752944946	77971.54159879684
2711	1142.2799307143584	963.14	66.905029296875	0.0833706	0.00018381428571428573	0.0006127142857142858	29.582963705062866	78001.12600541115
2712	1093.239315864756	921.92	66.162353515625	0.083370835	0.00018377142857142854	0.0006125714285714286	29.911620140075684	78031.05889105797
2713	1131.0014199641964	951.72	66.171630859375	0.08337084	0.00018372857142857143	0.0006124285714285715	29.451032161712646	78060.51098585129
2714	1056.6443310125471	897.06	66.18310546875	0.08337026	0.0001836857142857143	0.0006122857142857143	26.715255737304688	78087.25875687599
2715	1141.2591546043243	950.74	66.4423828125	0.08336937	0.00018364285714285713	0.0006121428571428571	28.163772106170654	78115.43524241447
2716	1145.5621622219776	974.39	66.45361328125	0.08336896	0.0001836	0.000612	29.590877532958984	78145.04226946831
2717	1147.5081699657803	954.28	66.213623046875	0.083367944	0.00018355714285714285	0.0006118571428571429	29.22635531425476	78174.27048563957
2718	1183.3100360099263	983.16	66.222900390625	0.08336667	0.0001835142857142857	0.0006117142857142856	28.72362232208252	78203.00706076622
2719	1149.010997645365	965.89	66.231201171875	0.08336546	0.00018347142857142858	0.0006115714285714287	29.295151710510254	78232.31480765343
2720	1084.552551978837	904.8	66.242919921875	0.083365284	0.00018342857142857142	0.0006114285714285715	27.83068037033081	78260.15815663338
2721	1152.4910099942306	967.87	66.750732421875	0.08336484	0.00018338571428571426	0.0006112857142857143	28.189610242843628	78288.3510901928
2722	1171.0230586388957	973.97	66.26220703125	0.083364256	0.00018334285714285715	0.0006111428571428572	28.15888738632202	78316.51875734329
2723	1139.8213496289782	954.86	66.521484375	0.08336445	0.00018329999999999998	0.000611	28.462430477142334	78344.9827363491
2724	1136.9018699349022	948.55	66.282958984375	0.08336461	0.00018325714285714285	0.0006108571428571429	26.759156227111816	78371.75845193863
2725	1119.2090124493307	933.96	65.792724609375	0.083364934	0.0001832142857142857	0.0006107142857142858	28.05008363723755	78399.82588744164
2726	1177.7049708260358	989.37	66.302490234375	0.0833658	0.00018317142857142855	0.0006105714285714285	26.983844757080078	78426.82275295258
2727	1156.2078019042053	968.2	66.560302734375	0.08336615	0.0001831285714285714	0.0006104285714285714	28.095147609710693	78454.91916680336
2728	1169.2973261428701	968.51	66.57177734375	0.08336589	0.00018308571428571428	0.0006102857142857144	27.67150568962097	78482.60276389122
2729	1045.1638407160287	884.96	66.581787109375	0.08336523	0.0001830428571428571	0.0006101428571428571	28.449063062667847	78511.0535812378
2730	1134.008460151042	947.01	66.341552734375	0.08336509	0.00018299999999999998	0.00061	29.583784341812134	78540.65100264549
2731	1180.5281160074962	980.72	66.35009765625	0.08336415	0.00018295714285714284	0.0006098571428571429	30.709388732910156	78571.36872839928
2732	1112.9603666812723	932.77	66.360595703125	0.083363436	0.00018291428571428568	0.0006097142857142857	30.38651418685913	78601.76592302322
2733	1137.1489062123453	952.24	66.12109375	0.08336273	0.00018287142857142857	0.0006095714285714286	29.351589918136597	78631.11899638176
2734	1045.1344844475277	881.16	66.63037109375	0.08336229	0.0001828285714285714	0.0006094285714285714	29.951666593551636	78661.07904267311
2735	1163.3434710381077	977.0	66.64013671875	0.083361536	0.00018278571428571424	0.0006092857142857142	29.61891794204712	78690.70659542084
2736	1123.369109032359	951.7	66.399658203125	0.08336141	0.00018274285714285716	0.0006091428571428573	29.61550736427307	78720.33873295784
2737	1117.4714249296637	941.1	67.40966796875	0.083361566	0.00018269999999999997	0.000609	28.36287569999695	78748.70308208466
2738	1132.5357490699637	950.35	66.41943359375	0.083362155	0.00018265714285714286	0.0006088571428571429	27.768491744995117	78776.48319339752
2739	1124.518887088916	949.93	66.679443359375	0.08336296	0.00018261428571428572	0.0006087142857142858	27.507220029830933	78804.00304412842
2740	1096.5959863757828	925.42	66.690185546875	0.08336397	0.00018257142857142853	0.0006085714285714286	26.707616567611694	78830.71911001205
2741	1029.7811747593491	874.86	66.697998046875	0.08336571	0.00018252857142857142	0.0006084285714285714	27.082866430282593	78857.80954813957
2742	1051.187622026772	896.87	66.70947265625	0.08336758	0.0001824857142857143	0.0006082857142857143	28.637107849121094	78886.46379566193
2743	1067.0583291624616	909.23	66.719482421875	0.08337017	0.00018244285714285712	0.0006081428571428571	27.363340139389038	78913.84272837639
2744	1043.4154952044237	906.88	66.4765625	0.08337215	0.0001824	0.000608	27.015718936920166	78940.87099075317
2745	1036.4907791718629	898.54	66.2392578125	0.083373405	0.00018235714285714285	0.0006078571428571428	27.503540754318237	78968.39087677002
2746	1026.7129896280896	882.54	66.498291015625	0.083374865	0.0001823142857142857	0.0006077142857142856	28.01166582107544	78996.42300057411
2747	1026.71350332169	887.64	66.50830078125	0.08337637	0.00018227142857142858	0.0006075714285714287	28.258399724960327	79024.68281888962
2748	1105.2514045660441	960.02	66.766845703125	0.08337789	0.00018222857142857142	0.0006074285714285715	27.67542552947998	79052.37878060341
2749	1058.4736032309265	901.98	66.278076171875	0.08337908	0.00018218571428571425	0.0006072857142857142	28.666304349899292	79081.05360841751
2750	1135.5686074074574	965.59	66.537109375	0.08338031	0.00018214285714285714	0.0006071428571428572	26.432860612869263	79107.50025200844
2751	1094.6757130540454	936.72	66.794921875	0.08338126	0.00018209999999999998	0.000607	28.265841960906982	79135.78908252716
2752	1152.6402492560946	987.39	66.55712890625	0.08338212	0.00018205714285714284	0.0006068571428571429	26.09598469734192	79161.88675737381
2753	1181.7503256776204	997.86	66.817138671875	0.083382994	0.0001820142857142857	0.0006067142857142857	29.659376621246338	79191.5588645935
2754	1130.712948487012	956.12	66.07666015625	0.08338338	0.00018197142857142855	0.0006065714285714285	30.207313537597656	79221.77874803543
2755	1180.8232481123005	997.21	67.086181640625	0.08338361	0.0001819285714285714	0.0006064285714285715	30.1153621673584	79251.90675520897
2756	1164.283883702252	982.79	66.345703125	0.0833835	0.00018188571428571427	0.0006062857142857144	29.67271590232849	79281.58106660843
2757	1117.182255208629	947.85	66.606689453125	0.08338311	0.0001818428571428571	0.0006061428571428571	29.37955355644226	79310.97105002403
2758	1167.3116978763005	980.64	66.366943359375	0.08338252	0.00018179999999999997	0.000606	29.134981393814087	79340.11880970001
2759	1123.7915258927746	948.39	66.876708984375	0.08338172	0.00018175714285714284	0.0006058571428571429	29.49545454978943	79369.62692832947
2760	1172.3190666060973	985.35	66.6357421875	0.08338097	0.00018171428571428567	0.0006057142857142857	29.60743999481201	79399.23605442047
2761	1179.7597785694988	992.55	66.64453125	0.08338035	0.0001816714285714286	0.0006055714285714286	29.543540000915527	79428.79103279114
2762	1195.2152759664307	997.13	66.906005859375	0.08337965	0.0001816285714285714	0.0006054285714285714	29.921804189682007	79458.72124266624
2763	1192.0341489250256	978.08	66.665771484375	0.08337922	0.00018158571428571424	0.0006052857142857142	29.615294456481934	79488.35073494911
2764	1212.7033746528816	1005.29	66.67578125	0.08337992	0.00018154285714285716	0.0006051428571428573	29.995710611343384	79518.34809565544
2765	1208.2819883164545	994.88	67.433349609375	0.08338039	0.00018149999999999997	0.000605	29.831116437911987	79548.1943795681
2766	1156.2939585115064	950.79	66.69482421875	0.08338078	0.00018145714285714286	0.0006048571428571429	29.253621101379395	79577.46504664421
2767	1182.0612643368506	966.52	67.453857421875	0.08338133	0.00018141428571428572	0.0006047142857142858	30.17186450958252	79607.65102362633
2768	1203.4376345437229	984.74	66.464111328125	0.08338187	0.00018137142857142856	0.0006045714285714286	29.19562315940857	79636.85503458977
2769	1195.7179104057273	980.92	66.723388671875	0.083383	0.00018132857142857142	0.0006044285714285714	29.80179262161255	79666.6695291996
2770	1240.4647541383556	1016.86	67.23388671875	0.08338341	0.00018128571428571429	0.0006042857142857143	29.459969758987427	79696.13075709343
2771	1193.8511175260835	977.95	66.743896484375	0.083383135	0.00018124285714285712	0.0006041428571428571	29.734846830368042	79725.86677002907
2772	1232.1521415059992	997.25	66.87744140625	0.08338368	0.00018119999999999999	0.000604	27.907331466674805	79753.77565860748
2773	1181.828229267203	970.88	67.13623046875	0.08338463	0.00018115714285714285	0.0006038571428571429	27.095105171203613	79780.88730025291
2774	1202.9349078562855	979.34	66.893310546875	0.08338511	0.0001811142857142857	0.0006037142857142857	27.690053462982178	79808.58555054665
2775	1180.821022382778	968.17	67.151611328125	0.08338609	0.00018107142857142858	0.0006035714285714287	28.98431420326233	79837.59205317497
2776	1194.263333123031	972.12	66.65966796875	0.08338675	0.00018102857142857141	0.0006034285714285715	29.798161268234253	79867.40161728859
2777	1214.650773828353	986.91	67.16650390625	0.08338648	0.00018098571428571425	0.0006032857142857142	28.00677251815796	79895.41031193733
2778	1146.4518140028404	939.35	66.925537109375	0.08338619	0.00018094285714285714	0.0006031428571428572	27.910325288772583	79923.3388004303
2779	1205.7010135966316	984.47	66.9326171875	0.08338627	0.00018089999999999998	0.000603	28.633875131607056	79951.97430229187
2780	1189.6256798021743	974.07	66.939208984375	0.08338555	0.00018085714285714284	0.0006028571428571428	27.805021286010742	79979.78104662895
2781	1170.2415991361186	954.79	67.197021484375	0.08338464	0.0001808142857142857	0.0006027142857142857	27.27571940422058	80007.05873537064
2782	1190.6792981789959	973.52	66.45654296875	0.083384395	0.00018077142857142854	0.0006025714285714286	29.79878330230713	80036.85894870758
2783	1183.8394441178662	966.64	66.96337890625	0.08338364	0.0001807285714285714	0.0006024285714285715	29.489776372909546	80066.35724210739
2784	1227.9773881780993	992.01	66.9716796875	0.08338255	0.00018068571428571427	0.0006022857142857143	29.51636052131653	80095.8754401207
2785	1229.6657329714997	998.85	67.2294921875	0.083381094	0.0001806428571428571	0.0006021428571428571	30.735954523086548	80126.6233432293
2786	1218.919528486295	985.22	66.9873046875	0.08338028	0.00018059999999999997	0.000602	30.155346870422363	80156.79073309898
2787	1192.4908815995739	969.37	67.2451171875	0.08337939	0.00018055714285714284	0.0006018571428571429	29.991376399993896	80186.79075026512
2788	1196.6850556335767	967.12	66.75146484375	0.08337891	0.00018051428571428567	0.0006017142857142856	28.05437421798706	80214.84689307213
2789	1197.5643505815867	968.99	67.2607421875	0.08337859	0.0001804714285714286	0.0006015714285714286	27.193563222885132	80242.04224610329
2790	1152.0038323678284	941.41	67.01953125	0.08337829	0.0001804285714285714	0.0006014285714285714	26.9748375415802	80269.01875472069
2791	1195.7463321645387	970.44	67.02734375	0.083377816	0.0001803857142857143	0.0006012857142857144	28.012234449386597	80297.03580498695
2792	1175.881994699627	964.36	67.53466796875	0.083377816	0.00018034285714285715	0.0006011428571428572	28.517260551452637	80325.55506062508
2793	1213.623524249375	967.74	66.301025390625	0.08337719	0.00018029999999999996	0.000601	27.342259883880615	80352.89889097214
2794	1212.0430425917339	990.02	67.04931640625	0.08337631	0.00018025714285714286	0.0006008571428571429	30.355488777160645	80383.26701498032
2795	1213.0317090435083	976.5	67.05810546875	0.08337546	0.00018021428571428572	0.0006007142857142858	30.62937331199646	80413.90482211113
2796	1209.0014341300164	978.64	67.06591796875	0.083374895	0.00018017142857142856	0.0006005714285714285	29.810239553451538	80443.72972917557
2797	1184.821303407957	964.25	67.324462890625	0.083374836	0.00018012857142857142	0.0006004285714285714	29.24242877960205	80472.98567008972
2798	1161.048372422865	958.82	67.08251953125	0.08337504	0.00018008571428571428	0.0006002857142857143	29.963156938552856	80502.96252727509
2799	1234.2580760522405	997.16	67.34033203125	0.083374806	0.00018004285714285712	0.0006001428571428571	27.423530101776123	80530.40299797058
2800	1177.7911249477272	969.44	67.34814453125	0.08337534	0.00017999999999999998	0.0006	27.550232410430908	80557.9548778534
2801	1221.0476312461922	998.93	67.35595703125	0.083375126	0.00017995714285714285	0.0005998571428571429	27.86323595046997	80585.83472180367
2802	1229.884894433369	999.3	67.11328125	0.08337471	0.00017991428571428568	0.0005997142857142857	27.579473733901978	80613.42673897743
2803	1157.0826255774411	939.67	67.37158203125	0.08337423	0.00017987142857142858	0.0005995714285714287	27.65053677558899	80641.07874441147
2804	1205.6027078731192	979.9	67.12890625	0.08337336	0.0001798285714285714	0.0005994285714285714	28.210503816604614	80669.29074120522
2805	1209.3948912030107	980.32	67.13720703125	0.08337269	0.00017978571428571428	0.0005992857142857143	28.59221363067627	80697.89559340477
2806	1180.8352171218557	969.75	67.145751953125	0.08337239	0.00017974285714285714	0.0005991428571428572	27.457149982452393	80725.3546295166
2807	1193.0288166376943	971.35	67.4033203125	0.08337212	0.00017969999999999998	0.000599	26.562564373016357	80751.91873002052
2808	1217.2047940992663	983.58	66.91015625	0.083372585	0.00017965714285714284	0.0005988571428571428	27.679795503616333	80779.61526918411
2809	1181.1881355327037	960.43	67.418701171875	0.08337316	0.0001796142857142857	0.0005987142857142858	28.06402349472046	80807.69521927834
2810	1194.6972988833325	964.35	67.175537109375	0.083373636	0.00017957142857142854	0.0005985714285714286	27.729498386383057	80835.4407992363
2811	1213.1877405045002	983.95	67.43310546875	0.083374	0.0001795285714285714	0.0005984285714285715	27.607579469680786	80863.05071687698
2812	1136.0280949030923	929.93	67.191162109375	0.083373286	0.00017948571428571427	0.0005982857142857143	27.20328187942505	80890.26676297188
2813	1172.3786648985695	952.89	67.20068359375	0.083373286	0.0001794428571428571	0.0005981428571428571	26.671518802642822	80916.95875477791
2814	1152.251993592015	943.04	67.20849609375	0.08337315	0.00017939999999999997	0.000598	28.578860998153687	80945.53873348236
2815	1172.837831037101	962.35	67.21533203125	0.08337284	0.00017935714285714283	0.0005978571428571429	27.27099871635437	80972.82274842262
2816	1120.0418707327303	922.63	67.473388671875	0.08337266	0.00017931428571428567	0.0005977142857142856	26.738633632659912	80999.58182263374
2817	1140.9960987304607	932.06	67.7314453125	0.08337236	0.0001792714285714286	0.0005975714285714286	27.759483337402344	81027.36287879944
2818	1095.556445709345	909.9	67.239013671875	0.08337206	0.0001792285714285714	0.0005974285714285715	26.638129711151123	81054.0027217865
2819	1126.160213464421	910.14	66.5048828125	0.08337101	0.0001791857142857143	0.0005972857142857144	28.25966238975525	81082.27896785736
2820	1127.2211715869425	925.92	67.253662109375	0.08337029	0.00017914285714285715	0.0005971428571428572	27.446331024169922	81109.7425634861
2821	1169.4591853466966	956.47	67.26123046875	0.08336976	0.0001791	0.000597	27.73842430114746	81137.48281669617
2822	1122.0983208232997	915.73	67.27001953125	0.08336964	0.00017905714285714285	0.0005968571428571429	27.754728317260742	81165.24676084518
2823	1166.1936031793207	953.13	67.02880859375	0.08336941	0.00017901428571428572	0.0005967142857142858	26.27033495903015	81191.5187280178
2824	1208.7314945833436	975.2	66.54541015625	0.08336899	0.00017897142857142855	0.0005965714285714285	27.883859395980835	81219.41902256012
2825	1151.505924603759	944.81	66.552490234375	0.08336806	0.00017892857142857142	0.0005964285714285714	27.02737307548523	81246.44781279564
2826	1177.655408375188	962.46	67.302490234375	0.08336786	0.00017888571428571428	0.0005962857142857143	27.734200954437256	81274.18382573128
2827	1141.8991636853793	940.77	67.560791015625	0.08336777	0.00017884285714285712	0.0005961428571428572	27.371129989624023	81301.570728302
2828	1181.4684096309836	972.72	67.56884765625	0.08336735	0.00017879999999999998	0.000596	28.745738744735718	81330.3175880909
2829	1187.142641919799	977.25	67.32666015625	0.08336613	0.00017875714285714285	0.0005958571428571429	26.899364709854126	81357.23076462746
2830	1146.630346910946	944.7	67.583740234375	0.08336434	0.00017871428571428568	0.0005957142857142857	29.569342851638794	81386.80162858963
2831	1226.3575337412867	1001.04	67.34130859375	0.083362184	0.00017867142857142857	0.0005955714285714287	27.460485696792603	81414.26286506653
2832	1131.8325838377573	936.75	67.349853515625	0.08335969	0.0001786285714285714	0.0005954285714285714	26.310115814208984	81440.59355187416
2833	1182.4379809537802	966.98	67.35791015625	0.08335644	0.00017858571428571427	0.0005952857142857143	26.903044939041138	81467.4987449646
2834	1193.2442659957505	978.0	67.36572265625	0.08335333	0.00017854285714285714	0.0005951428571428572	27.87089443206787	81495.37113809586
2835	1188.56222441692	971.65	66.630859375	0.083351284	0.00017849999999999997	0.0005949999999999999	27.20217776298523	81522.57495188713
2836	1173.6844674055312	963.28	67.25634765625	0.08334925	0.00017845714285714284	0.0005948571428571428	29.007505416870117	81551.59871983528
2837	1215.7621890305165	984.02	67.76318359375	0.08334731	0.0001784142857142857	0.0005947142857142858	28.282292127609253	81579.89772033691
2838	1139.2709349800925	936.77	67.52197265625	0.08334594	0.00017837142857142854	0.0005945714285714286	27.457082509994507	81607.36863684654
2839	1155.6573197115094	936.49	66.53759765625	0.0833445	0.0001783285714285714	0.0005944285714285714	26.722813606262207	81634.09282970428
2840	1188.7568100790265	974.83	67.537841796875	0.08334414	0.00017828571428571427	0.0005942857142857143	27.668466806411743	81661.76272583008
2841	1129.6173284493334	935.71	67.5458984375	0.08334464	0.0001782428571428571	0.0005941428571428571	26.421135187149048	81688.19368386269
2842	1224.1887636589297	993.11	67.55419921875	0.08334514	0.00017819999999999997	0.000594	30.145983695983887	81718.35340023041
2843	1193.0155613578397	973.64	68.560791015625	0.08334562	0.00017815714285714283	0.0005938571428571428	30.22766637802124	81748.5950126648
2844	1200.6991488372826	984.16	67.568603515625	0.08334608	0.00017811428571428567	0.0005937142857142856	29.767047882080078	81778.3746073246
2845	1181.1510944205343	979.53	66.833251953125	0.0833475	0.00017807142857142859	0.0005935714285714287	30.21120285987854	81808.59873986244
2846	1172.322682246965	957.36	67.33544921875	0.083348535	0.0001780285714285714	0.0005934285714285715	29.603424787521362	81838.22672176361
2847	1150.4349775354576	942.2	67.59326171875	0.083349735	0.0001779857142857143	0.0005932857142857143	29.741233110427856	81867.98075056076
2848	1133.3409015301402	923.81	67.599365234375	0.083350755	0.00017794285714285715	0.0005931428571428572	27.73202347755432	81895.73917460442
2849	1128.8228323646883	925.52	67.6083984375	0.08335167	0.0001779	0.000593	28.243354558944702	81923.99877929688
2850	1169.0414546852026	954.63	67.616455078125	0.08335164	0.00017785714285714285	0.0005928571428571429	27.970779180526733	81951.97097682953
2851	1106.8078207836254	913.0	67.6240234375	0.0833506	0.00017781428571428572	0.0005927142857142857	27.64434051513672	81979.61679029465
2852	1165.8887156686105	962.1	67.63037109375	0.08334943	0.00017777142857142855	0.0005925714285714285	29.232070684432983	82008.85072898865
2853	1117.1768686301982	927.92	67.640380859375	0.083348505	0.00017772857142857142	0.0005924285714285714	26.687532424926758	82035.55475187302
2854	1138.8525887208589	953.05	67.64501953125	0.08334812	0.00017768571428571428	0.0005922857142857144	26.75520920753479	82062.32672905922
2855	1112.8960405910896	932.97	67.905517578125	0.08334833	0.00017764285714285712	0.000592142857142857	25.83528423309326	82088.1787481308
2856	1115.2488443415964	937.9	67.912841796875	0.08334858	0.0001776	0.0005920000000000001	28.667069673538208	82116.84673690796
2857	1112.618378548995	936.04	67.921875	0.08334858	0.00017755714285714284	0.0005918571428571429	28.583513736724854	82145.4467420578
2858	1165.8915538958913	969.25	67.67919921875	0.08334901	0.00017751428571428568	0.0005917142857142857	28.927517890930176	82174.38700222969
2859	1104.398170080136	927.94	67.6865234375	0.08334913	0.00017747142857142857	0.0005915714285714286	27.76219892501831	82202.15076947212
2860	1107.0795937021535	940.49	67.693603515625	0.083348624	0.0001774285714285714	0.0005914285714285714	27.185038089752197	82229.3371398449
2861	1134.0079997940773	953.25	67.7021484375	0.08334825	0.00017738571428571427	0.0005912857142857143	26.806812047958374	82256.15812563896
2862	1141.3183169467068	960.93	67.708984375	0.08334745	0.00017734285714285714	0.0005911428571428572	27.796133518218994	82283.95598363876
2863	1136.301292947999	950.27	67.71826171875	0.08334693	0.00017729999999999997	0.0005909999999999999	27.467846155166626	82311.42516851425
2864	1154.5551472868367	969.53	67.9765625	0.08334658	0.00017725714285714284	0.0005908571428571429	27.755531549453735	82339.21082997322
2865	1120.1716603830696	942.48	67.734619140625	0.08334616	0.0001772142857142857	0.0005907142857142858	29.24741792678833	82368.47111201286
2866	1148.0187502421338	957.85	67.240966796875	0.083345465	0.00017717142857142854	0.0005905714285714286	30.48242163658142	82398.96597647667
2867	1076.7153775869715	903.29	67.500244140625	0.083344676	0.0001771285714285714	0.0005904285714285714	30.79478907585144	82429.7630443573
2868	1130.6327330622694	943.57	67.757568359375	0.08334461	0.00017708571428571426	0.0005902857142857143	30.279344081878662	82460.05483150482
2869	1128.221692703145	943.34	67.765869140625	0.08334443	0.0001770428571428571	0.0005901428571428571	29.727381944656372	82489.79875349998
2870	1122.3277467357061	930.11	67.523681640625	0.08334341	0.00017700000000000002	0.0005900000000000001	30.247481107711792	82520.05875682831
2871	1106.5069085351827	917.5	67.781494140625	0.08334165	0.00017695714285714283	0.0005898571428571428	30.19525122642517	82550.27072429657
2872	1208.390108431301	994.51	67.54052734375	0.08333982	0.00017691428571428567	0.0005897142857142856	29.619499683380127	82579.90267300606
2873	1164.534059304481	953.54	68.04736328125	0.083337985	0.00017687142857142858	0.0005895714285714287	30.580273151397705	82610.48443627357
2874	1151.5345939110935	955.57	67.3056640625	0.08333701	0.00017682857142857142	0.0005894285714285715	30.41571021080017	82640.90709495544
2875	1145.351762743481	943.59	68.063720703125	0.08333569	0.00017678571428571428	0.0005892857142857143	28.09024715423584	82668.9990849495
2876	1118.7499560706403	931.62	67.8203125	0.08333553	0.00017674285714285715	0.0005891428571428572	28.19003462791443	82697.19080090523
2877	1132.591074891093	943.36	67.82861328125	0.08333554	0.00017669999999999999	0.000589	28.579705715179443	82725.77170848846
2878	1159.9103959730028	969.16	68.087158203125	0.08333602	0.00017665714285714285	0.0005888571428571429	27.7907075881958	82753.56428694725
2879	1140.4124426816475	950.83	67.84375	0.08333644	0.0001766142857142857	0.0005887142857142857	27.93501925468445	82781.51475667953
2880	1135.4037392188868	943.59	67.601806640625	0.0833369	0.00017657142857142855	0.0005885714285714285	27.120336771011353	82808.65901994705
2881	1107.759363989846	932.73	67.860595703125	0.08333713	0.00017652857142857141	0.0005884285714285715	29.012197971343994	82837.68355703354
2882	1163.8046353137834	967.89	67.61669921875	0.08333722	0.00017648571428571428	0.0005882857142857144	30.11777687072754	82867.80305886269
2883	1091.0158014812962	922.65	67.876220703125	0.08333737	0.00017644285714285711	0.0005881428571428571	30.11186385154724	82897.93532776833
2884	1082.1594372611473	909.15	67.88427734375	0.08333802	0.0001764	0.0005880000000000001	31.069042444229126	82929.02051568031
2885	1104.4840748233971	931.24	67.89013671875	0.08333845	0.00017635714285714284	0.0005878571428571429	29.71937584877014	82958.74172878265
2886	1162.7585468352477	972.41	67.900146484375	0.08333864	0.00017631428571428568	0.0005877142857142856	29.691132307052612	82988.44658708572
2887	1144.5858021847698	959.35	67.9072265625	0.08333846	0.00017627142857142857	0.0005875714285714286	29.447350025177002	83017.90676498413
2888	1126.2869083983005	945.79	67.66650390625	0.08333825	0.0001762285714285714	0.0005874285714285714	29.602791786193848	83047.51074385643
2889	1108.0663150332286	931.32	67.92431640625	0.08333721	0.00017618571428571427	0.0005872857142857143	27.76014471054077	83075.27558493614
2890	1102.9307890883676	923.98	67.931396484375	0.08333602	0.00017614285714285713	0.0005871428571428571	27.912285327911377	83103.19000220299
2891	1156.3583478914502	959.71	67.938720703125	0.0833348	0.00017609999999999997	0.000587	28.116222620010376	83131.31963944435
2892	1065.3554003654976	888.7	67.947509765625	0.083333515	0.00017605714285714283	0.0005868571428571429	28.01749539375305	83159.35271453857
2893	1140.536741125656	949.35	67.70556640625	0.083333075	0.0001760142857142857	0.0005867142857142858	28.151385068893433	83187.51875448227
2894	1051.5303994656867	886.14	67.96337890625	0.08333194	0.00017597142857142854	0.0005865714285714285	27.639378309249878	83215.16675186157
2895	1131.0138308023625	943.53	67.97119140625	0.08333073	0.0001759285714285714	0.0005864285714285714	27.70223617553711	83242.87084245682
2896	1169.198089433041	962.81	67.97802734375	0.08332879	0.00017588571428571426	0.0005862857142857143	27.697904109954834	83270.58515667915
2897	1116.5330280192113	932.69	67.985595703125	0.08332672	0.0001758428571428571	0.0005861428571428571	27.075200080871582	83297.67474365234
2898	1101.9629891566797	917.84	68.24462890625	0.083325155	0.00017580000000000002	0.000586	27.710744857788086	83325.3941924572
2899	1096.242703339193	922.93	68.00146484375	0.08332335	0.00017575714285714283	0.0005858571428571428	29.448108196258545	83354.85573458672
2900	1024.177469568297	857.72	68.63427734375	0.08332192	0.00017571428571428566	0.0005857142857142857	27.407375812530518	83382.27887415886
2901	1081.4675546168537	897.79	68.39013671875	0.083319925	0.00017567142857142858	0.0005855714285714287	27.76738142967224	83410.05885958672
2902	1100.6338794191893	920.85	68.399658203125	0.083318226	0.00017562857142857142	0.0005854285714285714	27.282999992370605	83437.35077190399
2903	1102.060135258144	924.48	68.15869140625	0.08331689	0.00017558571428571428	0.0005852857142857143	27.735829830169678	83465.09529590607
2904	1114.518027465218	930.95	68.66552734375	0.08331571	0.00017554285714285715	0.0005851428571428572	27.623834133148193	83492.7313876152
2905	1090.4889763818378	906.22	67.924072265625	0.08331471	0.00017549999999999998	0.000585	27.893380165100098	83520.6411113739
2906	1119.8167585462945	933.36	68.18115234375	0.08331386	0.00017545714285714285	0.0005848571428571428	27.419338941574097	83548.07473397255
2907	1056.9317572819803	886.0	68.4404296875	0.08331344	0.0001754142857142857	0.0005847142857142857	27.138532400131226	83575.21496081352
2908	1130.8535095865682	941.37	68.19775390625	0.08331302	0.00017537142857142855	0.0005845714285714285	27.772159099578857	83602.99945187569
2909	1084.9001555160703	901.33	68.2060546875	0.08331276	0.0001753285714285714	0.0005844285714285715	29.441688776016235	83632.44274163246
2910	1142.6024253699406	951.18	68.21240234375	0.08331271	0.00017528571428571428	0.0005842857142857143	28.387537002563477	83660.83129024506
2911	1057.797058251346	883.84	68.470458984375	0.08331306	0.0001752428571428571	0.0005841428571428571	28.320515632629395	83689.15348625183
2912	1141.937682156611	948.38	68.229736328125	0.08331349	0.0001752	0.0005840000000000001	28.199686288833618	83717.36705064774
2913	1028.73001090095	855.52	68.2373046875	0.08331435	0.00017515714285714284	0.0005838571428571429	28.299458026885986	83745.6709997654
2914	1072.4981524570962	884.08	67.503173828125	0.08331496	0.0001751142857142857	0.0005837142857142857	29.0173397064209	83774.68995857239
2915	1093.174311142455	902.02	68.502197265625	0.08331585	0.00017507142857142857	0.0005835714285714286	26.918871879577637	83801.62642264366
2916	1168.7688312559567	952.98	67.5185546875	0.08331769	0.0001750285714285714	0.0005834285714285714	29.46326184272766	83831.09116864204
2917	1132.133026102372	925.43	68.2685546875	0.0833194	0.00017498571428571427	0.0005832857142857144	28.2094464302063	83859.30882883072
2918	1147.917347701783	941.94	68.27685546875	0.08332043	0.00017494285714285713	0.0005831428571428572	27.308656692504883	83886.6319873333
2919	1153.2988316936644	936.75	68.28466796875	0.08332114	0.00017489999999999997	0.000583	27.76171588897705	83914.39473938942
2920	1101.1030796376308	910.14	68.291015625	0.083321586	0.00017485714285714283	0.0005828571428571429	26.878478527069092	83941.27474665642
2921	1117.1947410993212	907.76	68.5498046875	0.08332274	0.0001748142857142857	0.0005827142857142858	27.189866065979004	83968.46566605568
2922	1158.3136264491304	943.9	67.56640625	0.08332311	0.00017477142857142853	0.0005825714285714285	27.216105937957764	83995.68283867836
2923	1119.1793209023672	906.73	68.315185546875	0.0833232	0.0001747285714285714	0.0005824285714285714	26.85058331489563	84022.53472495079
2924	1168.1732183076974	948.6	67.823486328125	0.08332346	0.00017468571428571426	0.0005822857142857143	27.72371745109558	84050.25950837135
2925	1156.4135247258118	938.69	68.33154296875	0.08332436	0.0001746428571428571	0.0005821428571428571	28.213172435760498	84078.47503209114
2926	1156.359190666469	943.4	68.5888671875	0.08332516	0.00017460000000000002	0.000582	28.348437786102295	84106.82516527176
2927	1188.4840565018199	964.21	68.34765625	0.08332554	0.00017455714285714285	0.0005818571428571429	28.47861909866333	84135.30507326126
2928	1162.988906555242	945.13	68.35546875	0.08332595	0.00017451428571428572	0.0005817142857142858	26.54014492034912	84161.84674525261
2929	1208.6661652254804	974.04	67.37109375	0.08332599	0.00017447142857142858	0.0005815714285714287	29.331220149993896	84191.18673229218
2930	1193.6096110721496	958.59	68.62060546875	0.08332559	0.00017442857142857142	0.0005814285714285714	27.519341468811035	84218.71875596046
2931	1180.3778361364252	959.74	68.87890625	0.08332514	0.00017438571428571428	0.0005812857142857143	27.50346302986145	84246.2349357605
2932	1196.6728063716148	967.0	68.38671875	0.083325185	0.00017434285714285714	0.0005811428571428572	30.017200469970703	84276.27652072906
2933	1156.20614601795	939.27	68.89453125	0.083325855	0.00017429999999999998	0.0005809999999999999	30.377418756484985	84306.65505862236
2934	1208.4634001048153	988.09	68.40185546875	0.08332644	0.00017425714285714285	0.0005808571428571428	29.70319414138794	84336.36675286293
2935	1194.9865767412668	976.2	68.410888671875	0.08332699	0.0001742142857142857	0.0005807142857142858	29.81726336479187	84366.18624949455
2936	1216.2318754077623	986.93	68.91796875	0.083326764	0.00017417142857142855	0.0005805714285714286	29.65887141227722	84395.84674525261
2937	1212.891746256426	990.93	68.426025390625	0.08332613	0.0001741285714285714	0.0005804285714285714	30.514704704284668	84426.36274194717
2938	1165.537993837645	952.67	68.43359375	0.08332477	0.00017408571428571427	0.0005802857142857143	30.447654962539673	84456.81904888153
2939	1216.5291818215674	979.54	68.43994140625	0.083324	0.0001740428571428571	0.0005801428571428571	29.490114212036133	84486.31073403358
2940	1212.3230978943357	987.29	68.448974609375	0.08332286	0.000174	0.0005800000000000001	29.67206311225891	84515.99154520035
2941	1238.8135581146278	999.47	67.7158203125	0.08332223	0.00017395714285714284	0.0005798571428571428	29.9031343460083	84545.91081261635
2942	1213.2436590821815	989.33	67.966064453125	0.08332068	0.0001739142857142857	0.0005797142857142857	29.603529691696167	84575.52674984932
2943	1193.6744186400665	969.23	68.4736328125	0.08331943	0.00017387142857142857	0.0005795714285714286	29.925015687942505	84605.45293331146
2944	1159.2097316172503	946.94	68.48095703125	0.08331784	0.0001738285714285714	0.0005794285714285714	30.4445583820343	84635.89913702011
2945	1194.8562786502778	968.8	68.4892578125	0.08331627	0.00017378571428571427	0.0005792857142857143	29.71160125732422	84665.62311720848
2946	1241.0400647867932	997.85	68.4970703125	0.08331532	0.00017374285714285713	0.0005791428571428572	29.53397297859192	84695.15873456001
2947	1219.8359359210979	985.92	68.0048828125	0.08331468	0.00017369999999999997	0.000579	29.35877823829651	84724.51873803139
2948	1221.4451892182233	991.41	69.01220703125	0.08331407	0.00017365714285714283	0.0005788571428571429	29.86232042312622	84754.3827342987
2949	1180.62075710673	959.79	68.7705078125	0.08331328	0.0001736142857142857	0.0005787142857142857	29.96694278717041	84784.35071468353
2950	1197.644738787458	980.89	68.778076171875	0.08331215	0.00017357142857142853	0.0005785714285714285	30.230416297912598	84814.5938744545
2951	1243.4853873275724	1000.9	68.5361328125	0.083311	0.0001735285714285714	0.0005784285714285714	30.65936827659607	84845.25481820107
2952	1198.6313527865696	973.39	68.78369140625	0.08331063	0.00017348571428571429	0.0005782857142857143	29.891226291656494	84875.15473556519
2953	1187.300816421466	967.93	69.05126953125	0.08330966	0.0001734428571428571	0.000578142857142857	30.07177972793579	84905.22788023949
2954	1228.181106720041	1002.86	67.818359375	0.083308466	0.0001734	0.0005780000000000001	29.51123023033142	84934.75073647499
2955	1233.6559777073912	1001.13	68.568603515625	0.0833074	0.00017335714285714285	0.0005778571428571429	29.494919538497925	84964.24677729607
2956	1235.0644599305494	994.56	68.576416015625	0.083306804	0.00017331428571428571	0.0005777142857142858	30.900266408920288	84995.15958476067
2957	1201.0236563760623	981.7	67.841796875	0.083305575	0.00017327142857142858	0.0005775714285714286	30.655589818954468	85025.83100795746
2958	1227.8670953677918	998.43	68.342041015625	0.083304055	0.00017322857142857141	0.0005774285714285714	30.529231309890747	85056.37265324593
2959	1235.9563777765827	1001.2	69.099853515625	0.083302446	0.00017318571428571428	0.0005772857142857143	30.461652994155884	85086.84915995598
2960	1181.5032882427106	958.96	68.607666015625	0.083301164	0.00017314285714285714	0.0005771428571428572	29.62317395210266	85116.49124908447
2961	1220.8474796031128	985.07	68.615234375	0.08329984	0.00017309999999999998	0.0005769999999999999	26.7204430103302	85143.21341133118
2962	1221.2526402009712	994.0	68.622802734375	0.08329831	0.00017305714285714284	0.0005768571428571428	28.595214128494263	85171.81073689461
2963	1229.0606464958119	1010.27	67.888916015625	0.08329774	0.0001730142857142857	0.0005767142857142858	30.598358392715454	85202.41073203087
2964	1226.928595838423	1003.14	68.513916015625	0.08329735	0.00017297142857142854	0.0005765714285714286	28.759671211242676	85231.1718943119
2965	1199.1797173652992	986.66	68.521728515625	0.083297394	0.0001729285714285714	0.0005764285714285714	27.049089908599854	85258.22273826599
2966	1231.4010745494313	1009.26	68.77880859375	0.08329695	0.00017288571428571427	0.0005762857142857143	27.76325511932373	85285.99472641945
2967	1134.1348043780938	948.03	69.037109375	0.0832964	0.0001728428571428571	0.0005761428571428571	28.611276865005493	85314.60728263855
2968	1174.990700233873	963.97	68.794921875	0.08329523	0.0001728	0.0005760000000000001	27.70212411880493	85342.31071925163
2969	1173.8063944407272	972.12	68.802734375	0.083294444	0.00017275714285714284	0.0005758571428571428	28.26663565635681	85370.57839298248
2970	1159.8907321116028	959.82	69.060546875	0.08329374	0.0001727142857142857	0.0005757142857142857	29.314237117767334	85399.89429569244
2971	1193.291291046492	986.82	68.81884765625	0.08329307	0.00017267142857142856	0.0005755714285714287	29.530426025390625	85429.43865895271
2972	1227.3467659809996	998.76	69.075927734375	0.08329222	0.0001726285714285714	0.0005754285714285715	29.35179328918457	85458.80731630325
2973	1199.6734377770867	977.72	68.8349609375	0.08329169	0.00017258571428571426	0.0005752857142857143	27.317786931991577	85486.12691545486
2974	1194.1500458901578	985.17	68.8427734375	0.08329132	0.00017254285714285713	0.0005751428571428572	26.96306610107422	85513.10281610489
2975	1262.7292358101802	1017.68	69.10009765625	0.08329164	0.00017249999999999996	0.000575	29.515278816223145	85542.62673187256
2976	1197.0227289310535	979.28	69.35791015625	0.08329251	0.00017245714285714283	0.0005748571428571429	29.659995555877686	85572.2881038189
2977	1197.3860734307905	984.26	68.866455078125	0.08329364	0.0001724142857142857	0.0005747142857142857	29.738484859466553	85602.028277874
2978	1186.072633295459	973.3	68.873046875	0.0832944	0.00017237142857142853	0.0005745714285714285	27.893760919570923	85629.93331241608
2979	1171.8923471445148	957.58	68.880126953125	0.083295204	0.00017232857142857145	0.0005744285714285715	28.1584370136261	85658.09352874756
2980	1183.5628496151057	985.04	69.13916015625	0.0832958	0.00017228571428571428	0.0005742857142857144	27.954034566879272	85686.06471347809
2981	1178.9506849692634	975.21	68.8974609375	0.083296396	0.0001722428571428571	0.000574142857142857	26.271241903305054	85712.33774352074
2982	1206.38397011266	990.03	68.905517578125	0.08329718	0.0001722	0.0005740000000000001	28.935081720352173	85741.29041695595
2983	1181.545217904085	976.8	68.663330078125	0.08329671	0.00017215714285714285	0.0005738571428571429	27.991333723068237	85769.28355741501
2984	1193.59001947575	972.53	68.420166015625	0.08329596	0.0001721142857142857	0.0005737142857142858	27.261714935302734	85796.54673266411
2985	1189.115224324272	975.31	68.92724609375	0.0832944	0.00017207142857142858	0.0005735714285714286	27.934388637542725	85824.49389386177
2986	1187.1624690631234	978.75	68.9365234375	0.08329332	0.0001720285714285714	0.0005734285714285714	27.792344570159912	85852.29970288277
2987	1180.8151684538052	962.75	68.943359375	0.083292164	0.00017198571428571428	0.0005732857142857143	27.059576511383057	85879.37501525879
2988	1153.62880229915	943.29	68.951904296875	0.08329099	0.00017194285714285714	0.0005731428571428571	29.110424995422363	85908.48706412315
2989	1195.7860631203723	977.58	68.46875	0.08328981	0.00017189999999999998	0.0005729999999999999	28.949344158172607	85937.43802595139
2990	1171.0044376416172	963.17	69.468505859375	0.08328901	0.00017185714285714284	0.0005728571428571429	29.576857566833496	85967.0169801712
2991	1212.2339216944454	995.06	68.724365234375	0.08328786	0.0001718142857142857	0.0005727142857142858	30.076711416244507	85997.09475278854
2992	1164.9538467751431	966.8	68.734619140625	0.083286874	0.00017177142857142854	0.0005725714285714285	29.749690055847168	86026.84610795975
2993	1170.9362622220358	969.15	69.492431640625	0.08328513	0.00017172857142857143	0.0005724285714285715	29.65954875946045	86056.50707411766
2994	1200.9176831886102	992.84	69.499267578125	0.08328337	0.00017168571428571427	0.0005722857142857143	28.70609140396118	86085.21475291252
2995	1196.1413367387966	986.12	69.00537109375	0.08328142	0.0001716428571428571	0.0005721428571428571	27.055561065673828	86112.29075455666
2996	1161.9658722580996	970.78	69.015869140625	0.083279796	0.0001716	0.000572	27.683483839035034	86139.99075365067
2997	1165.8459716960544	958.16	68.281494140625	0.08327897	0.00017155714285714283	0.0005718571428571428	27.51468324661255	86167.51808643341
2998	1185.6272268168807	980.94	69.03173828125	0.08327798	0.0001715142857142857	0.0005717142857142857	28.459267139434814	86195.97909998894
2999	1156.516426892349	952.16	69.03857421875	0.08327641	0.00017147142857142856	0.0005715714285714287	28.297255277633667	86224.27840518951
3000	1168.9727819169132	960.73	69.046875	0.08327474	0.0001714285714285714	0.0005714285714285714	27.62986469268799	86251.92527604103
3001	1201.7248377561605	992.48	68.8046875	0.08327358	0.00017138571428571426	0.0005712857142857143	27.13760995864868	86279.06370949745
3002	1189.0914651236885	979.73	69.5615234375	0.08327245	0.00017134285714285713	0.0005711428571428572	27.518024444580078	86306.58275341988
3003	1219.716330239764	1002.25	68.577880859375	0.08327093	0.00017129999999999996	0.000571	27.814229488372803	86334.39904737473
3004	1175.784680913445	974.06	69.32861328125	0.083269246	0.00017125714285714283	0.0005708571428571428	27.6057448387146	86362.02104878426
3005	1230.182715349328	1007.6	69.336181640625	0.08326754	0.00017121428571428572	0.0005707142857142857	28.104289770126343	86390.12673163414
3006	1194.304796146316	978.75	68.843994140625	0.08326639	0.00017117142857142853	0.0005705714285714285	29.318214178085327	86419.44613814354
3007	1109.2051400936898	921.67	68.852294921875	0.08326477	0.00017112857142857144	0.0005704285714285716	29.764862775802612	86449.23073506355
3008	1180.7707982540885	967.85	69.110595703125	0.08326357	0.00017108571428571428	0.0005702857142857143	28.484699249267578	86477.71696448326
3009	1155.996678888709	949.37	69.365966796875	0.08326293	0.0001710428571428571	0.0005701428571428571	27.716172695159912	86505.43480110168
3010	1188.2935922749834	965.08	69.126220703125	0.08326254	0.000171	0.0005700000000000001	30.362323999404907	86535.81432271004
3011	1154.966970537221	950.04	69.384033203125	0.08326187	0.00017095714285714285	0.0005698571428571429	30.074639797210693	86565.89077186584
3012	1155.1735933945406	951.38	69.141845703125	0.083262235	0.0001709142857142857	0.0005697142857142857	29.21477508544922	86595.10672783852
3013	1217.8749318147309	994.1	69.14990234375	0.083262146	0.00017087142857142857	0.0005695714285714286	30.258503913879395	86625.36675047874
3014	1220.487992703765	985.54	68.90576171875	0.08326152	0.0001708285714285714	0.0005694285714285714	29.59830093383789	86654.96673345566
3015	1107.003695724157	904.84	69.1650390625	0.08326131	0.00017078571428571427	0.0005692857142857143	29.478568077087402	86684.44673776627
3016	1183.9748097410184	965.95	69.4228515625	0.08326123	0.00017074285714285714	0.0005691428571428571	29.659111261367798	86714.10701298714
3017	1111.9352973676707	914.02	69.1806640625	0.08326135	0.00017069999999999998	0.000569	30.0462327003479	86744.15508675575
3018	1132.3813873794938	923.63	69.188232421875	0.08326084	0.00017065714285714284	0.0005688571428571429	26.633595943450928	86770.79078364372
3019	1136.87651208993	932.62	69.697509765625	0.0832607	0.0001706142857142857	0.0005687142857142858	27.650924682617188	86798.44290351868
3020	1148.2345884170618	946.08	69.203369140625	0.083260834	0.00017057142857142854	0.0005685714285714285	28.318629503250122	86826.76311397552
3021	1099.4940406480791	911.17	69.461669921875	0.08326146	0.00017052857142857143	0.0005684285714285715	28.00203561782837	86854.76675391197
3022	1131.5174069749803	938.42	68.979248046875	0.08326167	0.00017048571428571427	0.0005682857142857143	28.639597415924072	86883.41506719589
3023	1123.240928606771	933.14	69.2265625	0.08326254	0.0001704428571428571	0.0005681428571428571	29.322035312652588	86912.73873949051
3024	1159.924637048054	968.09	69.23681640625	0.0832626	0.0001704	0.000568	28.804840564727783	86941.54472708702
3025	1036.3725873645737	876.18	69.242919921875	0.083262734	0.00017035714285714283	0.0005678571428571428	29.907482862472534	86971.46699881554
3026	1130.83290435588	954.8	69.00244140625	0.083263	0.0001703142857142857	0.0005677142857142858	29.667368173599243	87001.14672088623
3027	1034.4288510813315	875.28	69.009765625	0.083263	0.00017027142857142856	0.0005675714285714287	29.43127989768982	87030.59474229813
3028	1086.0624742210086	912.96	69.767578125	0.08326313	0.0001702285714285714	0.0005674285714285714	28.159444570541382	87058.76689720154
3029	1122.24985703597	951.08	69.2763671875	0.083262935	0.00017018571428571426	0.0005672857142857143	27.556640625	87086.32674026489
3030	1127.3706560231606	939.95	69.287353515625	0.083262615	0.00017014285714285712	0.0005671428571428572	27.399286031723022	87113.73875522614
3031	1102.5686201197414	920.96	69.548583984375	0.08326218	0.00017009999999999996	0.000567	27.57149839401245	87141.32676911354
3032	1157.1777251132962	943.2	69.557373046875	0.08326194	0.00017005714285714282	0.0005668571428571428	27.975545644760132	87169.31874060631
3033	1144.742884623193	935.14	69.56689453125	0.08326143	0.00017001428571428572	0.0005667142857142857	29.54182457923889	87198.86212992668
3034	1082.5286902972614	887.62	69.327880859375	0.083261326	0.00016997142857142852	0.0005665714285714285	30.295274019241333	87229.17475152016
3035	1173.3891863591127	947.69	69.095458984375	0.08326078	0.00016992857142857144	0.0005664285714285716	30.679355144500732	87259.85532855988
3036	1213.0452903727714	980.55	69.348388671875	0.08326034	0.00016988571428571428	0.0005662857142857143	31.495477437973022	87291.36672258377
3037	1104.5484978083637	901.6	69.607666015625	0.083259866	0.00016984285714285714	0.0005661428571428572	31.127050161361694	87322.49501276016
3038	1123.3881243450521	918.1	69.3662109375	0.08325906	0.0001698	0.0005660000000000001	30.80590581893921	87353.30248141289
3039	1176.1708763861366	960.59	69.126953125	0.083258204	0.00016975714285714284	0.0005658571428571428	31.03899121284485	87384.3427708149
3040	1113.7006993913064	905.2	69.386962890625	0.08325716	0.0001697142857142857	0.0005657142857142857	31.347122192382812	87415.69872546196
3041	1133.1725569411128	926.22	69.146484375	0.08325609	0.00016967142857142857	0.0005655714285714286	30.696792364120483	87446.39706707001
3042	1095.13645862646	891.03	69.155029296875	0.083254755	0.0001696285714285714	0.0005654285714285714	30.991234302520752	87477.40275287628
3043	1064.1058066680023	875.52	69.91650390625	0.083253294	0.00016958571428571427	0.0005652857142857142	30.839171648025513	87508.24302339554
3044	1096.3258333021163	902.25	69.925537109375	0.0832515	0.00016954285714285714	0.0005651428571428572	30.891406059265137	87539.14671564102
3045	1163.8390854035365	951.28	68.693603515625	0.08325016	0.00016949999999999997	0.000565	30.811455011367798	87569.97098779678
3046	1063.008976531382	883.7	69.94482421875	0.08324973	0.00016945714285714284	0.0005648571428571429	30.901378393173218	87600.87341737747
3047	1104.3318062968137	910.69	68.95361328125	0.08324865	0.0001694142857142857	0.0005647142857142857	30.936944723129272	87631.82449269295
3048	1097.8967337206468	897.06	70.215087890625	0.08324739	0.00016937142857142854	0.0005645714285714285	30.676486492156982	87662.50309038162
3049	1069.7190024192357	883.25	69.724853515625	0.08324636	0.00016932857142857143	0.0005644285714285715	29.042295932769775	87691.54674005508
3050	1136.896080185182	930.29	69.233642578125	0.083245486	0.00016928571428571427	0.0005642857142857143	29.52926015853882	87721.08896446228
3051	1163.6026141880914	946.75	69.2431640625	0.08324427	0.00016924285714285713	0.0005641428571428571	29.97144365310669	87751.07475495338
3052	1140.5516071666973	925.22	69.502197265625	0.08324314	0.0001692	0.000564	30.622931241989136	87781.69881796837
3053	1125.0210792102632	921.47	69.01416015625	0.08324229	0.00016915714285714283	0.0005638571428571429	29.819392204284668	87811.53470253944
3054	1154.222515231324	935.66	70.0234375	0.08324141	0.0001691142857142857	0.0005637142857142858	30.229032039642334	87841.781208992
3055	1122.8621773533505	931.22	69.53466796875	0.08324109	0.00016907142857142856	0.0005635714285714286	30.11181902885437	87871.89460539818
3056	1107.0067522813567	899.7	70.0439453125	0.08324052	0.0001690285714285714	0.0005634285714285714	29.505175828933716	87901.41670966148
3057	1129.9577656175206	926.77	69.553955078125	0.08323943	0.00016898571428571426	0.0005632857142857143	29.853107690811157	87931.28457331657
3058	1056.5025601943948	873.3	68.82080078125	0.08323878	0.00016894285714285715	0.0005631428571428572	29.430227994918823	87960.72998857498
3059	1117.4681469718419	928.18	69.57373046875	0.08323841	0.00016889999999999996	0.0005629999999999999	29.807684659957886	87990.55113244057
3060	1120.0590818488463	928.54	69.58349609375	0.083237715	0.00016885714285714282	0.0005628571428571428	30.026346445083618	88020.57874298096
3061	1136.84222644131	938.87	70.0927734375	0.08323694	0.0001688142857142857	0.0005627142857142857	28.546267986297607	88049.12679362297
3062	1156.1120805215114	955.05	69.1025390625	0.08323648	0.00016877142857142852	0.0005625714285714286	29.0332932472229	88078.16304898262
3063	1163.6598149176402	962.9	69.611083984375	0.083236046	0.00016872857142857144	0.0005624285714285715	26.87809920310974	88105.04278588295
3064	1170.5313433705978	965.25	69.620849609375	0.08323508	0.00016868571428571428	0.0005622857142857143	26.909913539886475	88131.96544480324
3065	1137.010397595958	932.73	69.8828125	0.083234265	0.00016864285714285714	0.0005621428571428572	28.907610416412354	88160.88677310944
3066	1141.1789738081025	938.2	69.891845703125	0.08323458	0.0001686	0.0005620000000000001	28.874175548553467	88189.76222205162
3067	1131.8663635541552	920.02	69.151611328125	0.08323448	0.00016855714285714284	0.0005618571428571428	27.15307092666626	88216.9167098999
3068	1177.3395693173732	965.42	69.661865234375	0.08323479	0.0001685142857142857	0.0005617142857142857	28.784408569335938	88245.70298790932
3069	1150.5585573763344	947.25	69.672607421875	0.083235115	0.00016847142857142857	0.0005615714285714286	27.180253267288208	88272.88447213173
3070	1199.1477386773438	966.04	69.9326171875	0.0832364	0.0001684285714285714	0.0005614285714285714	29.07943606376648	88301.98273563385
3071	1184.9800024143626	964.54	69.69189453125	0.08323749	0.00016838571428571427	0.0005612857142857143	28.074916124343872	88330.05873060226
3072	1153.0403492010987	943.74	69.951904296875	0.08323816	0.00016834285714285713	0.0005611428571428572	26.52886199951172	88356.58907318115
3073	1176.2018794917649	957.76	69.709716796875	0.08323902	0.00016829999999999997	0.000561	27.55671763420105	88384.14760422707
3074	1136.0839937348042	938.3	69.721435546875	0.08324027	0.00016825714285714283	0.0005608571428571429	26.249460458755493	88410.39885568619
3075	1184.9531249430747	974.03	69.729736328125	0.08324197	0.0001682142857142857	0.0005607142857142857	27.59063696861267	88437.9947450161
3076	1214.8285979063646	999.13	69.740478515625	0.08324347	0.00016817142857142854	0.0005605714285714285	27.163323640823364	88465.16274142265
3077	1140.3444137880738	922.43	69.75	0.08324516	0.00016812857142857143	0.0005604285714285715	28.102679014205933	88493.26701879501
3078	1185.4877088627447	975.4	70.010009765625	0.08324728	0.00016808571428571426	0.0005602857142857143	29.13943910598755	88522.4228079319
3079	1154.9018928991734	939.86	70.269775390625	0.08324972	0.00016804285714285713	0.0005601428571428571	28.94360661506653	88551.36796331406
3080	1173.9266102969568	957.74	70.279052734375	0.08325184	0.000168	0.0005600000000000001	28.072982788085938	88579.4428422451
3081	1162.131379803658	951.25	69.789306640625	0.08325387	0.00016795714285714283	0.0005598571428571429	28.830379009246826	88608.27508735657
3082	1123.2975454249463	927.61	69.049072265625	0.08325577	0.0001679142857142857	0.0005597142857142858	27.34509253501892	88635.62174296379
3083	1163.9019701659092	948.64	69.558837890625	0.08325749	0.00016787142857142856	0.0005595714285714286	27.35487174987793	88662.97859430313
3084	1198.7522973124514	981.63	70.31884765625	0.08325906	0.0001678285714285714	0.0005594285714285714	27.51075315475464	88690.49077773094
3085	1193.6664275934472	964.36	69.828857421875	0.08326026	0.00016778571428571426	0.0005592857142857143	28.117233276367188	88718.62079167366
3086	1166.782256430643	953.72	70.089111328125	0.08326143	0.00016774285714285715	0.0005591428571428572	26.371339797973633	88744.99377274513
3087	1212.4349109525044	987.99	69.848876953125	0.08326275	0.00016769999999999996	0.0005589999999999999	29.56349205970764	88774.570977211
3088	1178.9195361875297	962.87	69.608642578125	0.08326345	0.00016765714285714285	0.0005588571428571428	29.099475383758545	88803.6907608509
3089	1181.6573577925426	969.28	69.8681640625	0.083264306	0.0001676142857142857	0.0005587142857142858	30.063779830932617	88833.77101325989
3090	1179.3839440355866	971.48	69.87841796875	0.083265014	0.00016757142857142855	0.0005585714285714285	29.24333643913269	88863.02272295952
3091	1148.0182667446936	939.18	69.888427734375	0.08326506	0.00016752857142857144	0.0005584285714285715	29.59916925430298	88892.63476490974
3092	1200.9650543536297	978.76	70.27001953125	0.083264634	0.00016748571428571428	0.0005582857142857143	29.8384850025177	88922.47488355637
3093	1168.9179547674546	964.97	70.27978515625	0.08326349	0.00016744285714285714	0.0005581428571428572	29.884112119674683	88952.36095952988
3094	1141.956949084389	944.91	70.037353515625	0.083262496	0.0001674	0.000558	29.591673374176025	88981.96690440178
3095	1224.5906357963845	995.63	70.04541015625	0.08326088	0.00016735714285714284	0.0005578571428571428	29.227505683898926	89011.2147860527
3096	1185.436916085192	966.02	70.05322265625	0.083259836	0.0001673142857142857	0.0005577142857142857	29.123610973358154	89040.35503673553
3097	1157.9765909723906	952.57	70.06103515625	0.08325896	0.00016727142857142857	0.0005575714285714286	29.850993633270264	89070.21439623833
3098	1172.2982004994728	973.56	70.0693359375	0.08325788	0.0001672285714285714	0.0005574285714285713	29.849982023239136	89100.06683278084
3099	1147.4552099331806	946.85	70.325927734375	0.08325681	0.00016718571428571427	0.0005572857142857143	31.047420024871826	89131.11873793602
3100	1132.007535046033	945.24	70.334228515625	0.08325576	0.00016714285714285713	0.0005571428571428572	30.545397520065308	89161.66529011726
3101	1163.4811565909918	973.82	70.092041015625	0.08325437	0.00016709999999999997	0.000557	30.648292303085327	89192.31491804123
3102	1136.8102812905909	953.37	70.10107421875	0.08325337	0.00016705714285714286	0.0005568571428571429	29.691489934921265	89222.02295303345
3103	1147.07714159024	965.35	70.10595703125	0.083252154	0.0001670142857142857	0.0005567142857142857	30.05988073348999	89252.09907627106
3104	1164.7915713006369	979.51	70.1162109375	0.08325117	0.00016697142857142853	0.0005565714285714285	29.924097537994385	89282.02451896667
3105	1162.903089163145	965.12	70.37451171875	0.08325076	0.00016692857142857142	0.0005564285714285715	29.76736831665039	89311.80674386024
3106	1145.0523016881405	966.22	70.1318359375	0.08325126	0.00016688571428571426	0.0005562857142857142	29.21029806137085	89341.01806473732
3107	1138.0846217360947	964.21	70.138671875	0.08325199	0.00016684285714285712	0.0005561428571428572	29.657944202423096	89370.67876243591
3108	1152.7970719765435	959.69	70.646728515625	0.08325144	0.0001668	0.0005560000000000001	29.715293407440186	89400.39876508713
3109	1102.1132188324455	927.53	70.154541015625	0.08325111	0.00016675714285714283	0.0005558571428571429	29.910048723220825	89430.31019878387
3110	1175.9781451791541	984.11	70.66357421875	0.0832512	0.0001667142857142857	0.0005557142857142857	29.724000692367554	89460.0359659195
3111	1142.9501738871813	953.17	70.16943359375	0.0832507	0.00016667142857142858	0.0005555714285714286	29.790009021759033	89489.82805728912
3112	1096.086612864827	908.06	70.67724609375	0.08324912	0.0001666285714285714	0.0005554285714285714	29.443448066711426	89519.30273580551
3113	1170.8891275788226	965.73	70.1865234375	0.083248176	0.00016658571428571425	0.0005552857142857143	29.046523094177246	89548.35107588768
3114	1078.3449464087948	889.6	70.444580078125	0.083246805	0.00016654285714285714	0.0005551428571428571	29.361319303512573	89577.71383404732
3115	1168.1967864620813	959.23	70.20166015625	0.08324546	0.00016649999999999995	0.0005549999999999999	30.289092540740967	89608.00538277626
3116	1175.2539212055922	965.66	69.71044921875	0.08324406	0.00016645714285714287	0.000554857142857143	29.427841424942017	89637.43476748466
3117	1176.9317664200548	968.06	70.2177734375	0.08324208	0.0001664142857142857	0.0005547142857142858	30.90752148628235	89668.35465979576
3118	1134.8142012334931	921.37	70.22705078125	0.08324083	0.00016637142857142855	0.0005545714285714285	30.21538019180298	89698.58276128769
3119	1122.330371251554	928.17	69.98486328125	0.083240494	0.00016632857142857144	0.0005544285714285715	29.147281169891357	89727.74277853966
3120	1153.140585017579	951.11	70.74072265625	0.08324021	0.00016628571428571427	0.0005542857142857143	29.94222593307495	89757.68678069115
3121	1172.907225046666	955.47	70.50048828125	0.08323976	0.00016624285714285714	0.0005541428571428572	29.73980402946472	89787.44700908661
3122	1151.3125165837967	945.35	70.7578125	0.083239675	0.0001662	0.000554	30.560769081115723	89818.0089020729
3123	1163.3362791613283	952.6	70.515869140625	0.08323935	0.00016615714285714284	0.0005538571428571428	29.467641830444336	89847.48703718185
3124	1086.6670156827622	887.91	70.522216796875	0.08323847	0.0001661142857142857	0.0005537142857142857	29.118372440338135	89876.6070034504
3125	1142.1980360752348	937.25	70.28173828125	0.08323699	0.00016607142857142857	0.0005535714285714287	29.381980657577515	89905.99074745178
3126	1157.8602853537043	941.51	70.537353515625	0.08323591	0.0001660285714285714	0.0005534285714285714	29.947543144226074	89935.94701766968
3127	1194.4982647560018	963.13	70.296875	0.08323597	0.00016598571428571427	0.0005532857142857143	29.35529923439026	89965.31474113464
3128	1162.9500294434795	947.34	70.054931640625	0.08323626	0.00016594285714285713	0.0005531428571428572	29.63918685913086	89994.96676516533
3129	1158.8928744473478	942.86	70.31005859375	0.08323582	0.00016589999999999997	0.000553	29.943557262420654	90024.92307925224
3130	1137.2154678109596	930.2	70.57080078125	0.08323449	0.00016585714285714286	0.0005528571428571429	30.0129497051239	90054.94842767715
3131	1113.2264524482935	920.34	70.327392578125	0.08323301	0.0001658142857142857	0.0005527142857142857	29.128676176071167	90084.07843089104
3132	1072.624724009666	883.02	70.585693359375	0.08323178	0.00016577142857142853	0.0005525714285714285	28.75216007232666	90112.8321006298
3133	1158.1192332889323	942.4	70.59423828125	0.08323062	0.00016572857142857142	0.0005524285714285716	26.92703652381897	90139.77459907532
3134	1168.240651732192	950.42	70.35107421875	0.08322964	0.00016568571428571426	0.0005522857142857143	27.93034529685974	90167.721814394
3135	1180.019112646632	964.19	70.36083984375	0.083228745	0.00016564285714285712	0.0005521428571428572	27.819247484207153	90195.5547440052
3136	1166.758783309608	950.35	70.865966796875	0.08322843	0.0001656	0.0005520000000000001	28.243497371673584	90223.81874656677
3137	1134.4927735975518	933.02	70.8740234375	0.08322788	0.00016555714285714282	0.0005518571428571429	27.43934726715088	90251.27472734451
3138	1135.8036536799646	931.21	70.88427734375	0.08322784	0.0001655142857142857	0.0005517142857142857	26.50009298324585	90277.78277158737
3139	1173.3160833860507	963.65	70.39111328125	0.08322702	0.00016547142857142858	0.0005515714285714286	27.751206159591675	90305.54676389694
3140	1184.062814094729	965.47	70.900146484375	0.083226554	0.0001654285714285714	0.0005514285714285714	27.671561002731323	90333.23107767105
3141	1186.3671367332963	968.43	70.4072265625	0.08322589	0.00016538571428571428	0.0005512857142857142	28.23141098022461	90361.47876763344
3142	1176.0324632841769	966.37	70.665283203125	0.08322528	0.00016534285714285714	0.0005511428571428571	28.919124841690063	90390.41079568863
3143	1171.1391208731445	959.66	70.423095703125	0.08322426	0.00016529999999999998	0.000551	27.24311089515686	90417.65503311157
3144	1183.3533622382092	969.76	70.4306640625	0.08322383	0.00016525714285714287	0.000550857142857143	28.79538369178772	90446.46277570724
3145	1186.2932114830253	972.68	70.68798828125	0.083223216	0.0001652142857142857	0.0005507142857142857	28.034598350524902	90474.4987411499
3146	1128.801096714298	929.64	70.4462890625	0.08322284	0.00016517142857142854	0.0005505714285714285	27.35855531692505	90501.85874509811
3147	1194.5230170097889	971.36	70.454345703125	0.08322211	0.00016512857142857143	0.0005504285714285715	27.38340950012207	90529.267390728
3148	1153.915249910076	949.6	70.7119140625	0.08322113	0.00016508571428571427	0.0005502857142857143	27.892141580581665	90557.17931079865
3149	1155.856139212464	943.58	70.969482421875	0.08322062	0.00016504285714285714	0.0005501428571428571	27.967278718948364	90585.16278004646
3150	1175.089173070479	966.4	70.2275390625	0.08322013	0.000165	0.00055	28.982748985290527	90614.14674782753
3151	1225.6190663616524	999.29	70.735595703125	0.08321968	0.00016495714285714284	0.0005498571428571428	28.88427186012268	90643.03274583817
3152	1100.97748021818	910.75	70.9921875	0.083219014	0.0001649142857142857	0.0005497142857142858	27.815074920654297	90670.8627486229
3153	1191.4749630784218	980.04	70.502685546875	0.08321773	0.00016487142857142856	0.0005495714285714286	27.70669198036194	90698.58225989342
3154	1225.2337636974835	1004.66	70.760009765625	0.083216146	0.0001648285714285714	0.0005494285714285714	26.214587926864624	90724.81411004066
3155	1201.471508374559	993.48	70.767578125	0.08321477	0.00016478571428571426	0.0005492857142857143	27.47512412071228	90752.29124927521
3156	1164.35481281806	967.52	70.650634765625	0.08321335	0.00016474285714285713	0.0005491428571428572	28.38001275062561	90780.6827468872
3157	1204.4324034268075	988.57	70.65869140625	0.08321219	0.00016469999999999996	0.0005489999999999999	27.64296007156372	90808.32674312592
3158	1182.1185195548862	971.16	70.16552734375	0.08321072	0.00016465714285714286	0.0005488571428571429	27.798418760299683	90836.12639904022
3159	1226.3824968886504	1000.43	70.67333984375	0.083209544	0.0001646142857142857	0.0005487142857142857	27.57137417793274	90863.71474289894
3160	1158.4388406704702	951.94	70.68115234375	0.083208315	0.00016457142857142856	0.0005485714285714286	28.29996156692505	90892.02413320541
3161	1188.718978755495	975.09	71.189453125	0.083207384	0.00016452857142857142	0.0005484285714285715	26.46505069732666	90918.49094581604
3162	1163.1339789110755	959.15	71.19775390625	0.08320606	0.00016448571428571426	0.0005482857142857143	27.319599628448486	90945.8230175972
3163	1222.6096158103421	1002.83	71.20556640625	0.083204806	0.00016444285714285712	0.0005481428571428572	27.134231567382812	90972.95877504349
3164	1180.8863113420857	984.74	70.96240234375	0.08320399	0.0001644	0.0005480000000000001	28.077677011489868	91001.05690956116
3165	1081.8380023636241	903.6	70.970703125	0.083203144	0.00016435714285714282	0.0005478571428571428	27.304221868515015	91028.36303067207
3166	1134.3537415634457	951.33	71.22900390625	0.08320223	0.00016431428571428569	0.0005477142857142857	26.379730939865112	91054.75108575821
3167	1186.1027603784846	980.73	70.73779296875	0.08320104	0.00016427142857142858	0.0005475714285714286	27.303614616394043	91082.07091355324
3168	1175.9093087066221	981.54	70.745361328125	0.08320025	0.00016422857142857139	0.0005474285714285714	28.427706718444824	91110.51518678665
3169	1172.3235378769343	983.43	71.2529296875	0.08320001	0.00016418571428571428	0.0005472857142857142	27.12137269973755	91137.63886022568
3170	1112.3243536943796	928.83	71.009765625	0.083199866	0.00016414285714285714	0.0005471428571428572	27.45829701423645	91165.09903502464
3171	1163.582259829311	968.6	71.01904296875	0.08319902	0.00016409999999999998	0.000547	27.737976789474487	91192.83871984482
3172	1113.8895458890233	931.08	71.276611328125	0.08319751	0.00016405714285714287	0.000546857142857143	28.44923973083496	91221.28955411911
3173	1158.2456898281755	970.15	70.783935546875	0.083195575	0.0001640142857142857	0.0005467142857142857	27.174827575683594	91248.46569824219
3174	1126.398070935101	949.45	71.042236328125	0.083193965	0.00016397142857142857	0.0005465714285714286	26.016921281814575	91274.49616146088
3175	1160.4687455567177	969.13	70.80029296875	0.08319222	0.00016392857142857143	0.0005464285714285715	27.088093519210815	91301.5852894783
3176	1192.5562731243467	997.34	70.80712890625	0.08319085	0.00016388571428571427	0.0005462857142857143	26.525991201400757	91328.12635087967
3177	1179.8664264237896	983.57	70.07373046875	0.083189785	0.00016384285714285713	0.0005461428571428571	28.402443170547485	91356.53072667122
3178	1136.4084149108087	948.26	70.5732421875	0.08318855	0.0001638	0.000546	28.26557970046997	91384.79787349701
3179	1175.2004392211745	988.76	70.581298828125	0.08318735	0.00016375714285714283	0.0005458571428571429	27.406975030899048	91412.20679736137
3180	1135.945580739783	948.37	71.33740234375	0.083186194	0.0001637142857142857	0.0005457142857142858	27.818390607833862	91440.02666044235
3181	1169.6441933391648	975.79	70.59716796875	0.083185054	0.00016367142857142856	0.0005455714285714286	29.374539852142334	91469.40220832825
3182	1134.0703456324172	947.71	71.105224609375	0.08318355	0.0001636285714285714	0.0005454285714285714	28.368189573287964	91497.77288079262
3183	1163.7224096577202	974.2	71.3603515625	0.08318161	0.00016358571428571426	0.0005452857142857143	27.15633988380432	91524.94701838493
3184	1142.8770781437324	963.56	70.870361328125	0.08317985	0.00016354285714285713	0.0005451428571428572	27.674386024475098	91552.63381266594
3185	1152.4326368848397	957.11	71.37939453125	0.08317826	0.00016349999999999996	0.0005449999999999999	27.166094541549683	91579.8136985302
3186	1091.819626370536	919.19	70.88720703125	0.0831765	0.00016345714285714285	0.0005448571428571429	29.26715350151062	91609.0907342434
3187	1185.2346908373856	989.47	71.1435546875	0.08317451	0.0001634142857142857	0.0005447142857142857	30.5504310131073	91639.64273095131
3188	1146.7652331732265	973.98	71.15234375	0.08317313	0.00016337142857142855	0.0005445714285714287	29.54841160774231	91669.20382237434
3189	1147.9894385664002	974.79	70.91015625	0.08317188	0.00016332857142857142	0.0005444285714285715	29.78892755508423	91698.99473309517
3190	1143.7857238532904	965.71	70.916015625	0.08317029	0.00016328571428571425	0.0005442857142857143	29.745742082595825	91728.74172711372
3191	1076.8448025190464	916.63	70.92578125	0.083169095	0.00016324285714285712	0.0005441428571428572	29.37028193473816	91758.12573933601
3192	1159.9535159557722	980.78	71.43310546875	0.083167925	0.0001632	0.0005440000000000001	29.9157612323761	91788.0434229374
3193	1101.4984664832634	931.55	70.69140625	0.08316724	0.00016315714285714282	0.0005438571428571428	29.327158212661743	91817.38672733307
3194	1133.4644443081597	965.72	70.947998046875	0.08316609	0.0001631142857142857	0.0005437142857142857	29.90660524368286	91847.29479074478
3195	1103.1865170562237	931.2	70.956298828125	0.083164655	0.00016307142857142857	0.0005435714285714286	30.61935329437256	91877.91526651382
3196	1151.309445016078	960.15	70.96533203125	0.08316309	0.0001630285714285714	0.0005434285714285713	30.17401647567749	91908.09093403816
3197	1145.7106182790874	951.18	70.972412109375	0.08316126	0.00016298571428571427	0.0005432857142857142	29.95821475982666	91938.0510995388
3198	1122.4250373005889	943.22	70.980712890625	0.08316032	0.00016294285714285714	0.0005431428571428572	29.6131751537323	91967.66559553146
3199	1176.5387015039562	975.51	71.23876953125	0.08315929	0.00016289999999999998	0.000543	27.82735323905945	91995.50675749779
3200	1163.2598810106786	962.7	70.99658203125	0.08315845	0.00016285714285714287	0.0005428571428571429	28.622055530548096	92024.13101482391
3201	1181.732160380434	963.44	70.75439453125	0.083157204	0.0001628142857142857	0.0005427142857142857	27.623108863830566	92051.76657652855
3202	1163.987243238524	956.27	71.262939453125	0.08315597	0.00016277142857142857	0.0005425714285714286	27.761216402053833	92079.52951049805
3203	1182.248277053983	960.37	71.018798828125	0.083154924	0.00016272857142857143	0.0005424285714285715	27.30383610725403	92106.83477067947
3204	1180.5291653869033	956.01	71.028564453125	0.083153814	0.00016268571428571427	0.0005422857142857142	28.483536958694458	92135.32702755928
3205	1173.0262897937378	950.75	70.786376953125	0.08315291	0.00016264285714285713	0.0005421428571428571	27.087884664535522	92162.42721390724
3206	1174.7562076503177	955.82	71.04345703125	0.08315219	0.0001626	0.0005420000000000001	27.767509698867798	92190.21476101875
3207	1189.0508294395831	968.67	71.3017578125	0.08315175	0.00016255714285714283	0.0005418571428571429	26.89144492149353	92217.11903214455
3208	1173.3849702123862	945.42	71.0576171875	0.08315153	0.0001625142857142857	0.0005417142857142857	27.72359585762024	92244.85495638847
3209	1115.7871694767048	903.21	71.06494140625	0.083150946	0.00016247142857142856	0.0005415714285714286	27.414992809295654	92272.27115297318
3210	1171.0563109946047	952.89	71.074951171875	0.0831503	0.0001624285714285714	0.0005414285714285714	28.384053468704224	92300.66673612595
3211	1226.1907728374513	993.8	70.58251953125	0.0831495	0.00016238571428571426	0.0005412857142857143	27.820074796676636	92328.48888230324
3212	1114.0480837558257	906.92	71.0908203125	0.08314844	0.00016234285714285712	0.0005411428571428571	27.69688057899475	92356.18688130379
3213	1172.8913411536462	957.55	70.84912109375	0.08314747	0.00016229999999999996	0.0005409999999999999	28.896167516708374	92385.08412957191
3214	1166.976899654758	948.77	70.6064453125	0.0831465	0.00016225714285714285	0.000540857142857143	28.490257024765015	92413.58564209938
3215	1124.2772246941047	927.88	71.364013671875	0.08314554	0.0001622142857142857	0.0005407142857142858	29.588952779769897	92443.18365097046
3216	1186.0153747380102	967.67	71.122314453125	0.08314451	0.00016217142857142855	0.0005405714285714286	29.855565071105957	92473.05097484589
3217	1193.7244223669018	983.32	71.381103515625	0.08314357	0.00016212857142857144	0.0005404285714285715	30.14759135246277	92503.22275233269
3218	1192.1468819490367	968.13	71.388916015625	0.08314301	0.00016208571428571425	0.0005402857142857143	29.46408772468567	92532.695510149
3219	1128.0175269839635	933.42	71.146484375	0.08314254	0.00016204285714285712	0.0005401428571428572	30.38794183731079	92563.09959411621
3220	1130.2222157719675	922.92	71.279052734375	0.08314222	0.000162	0.00054	29.69163727760315	92592.80680537224
3221	1164.4068889607177	969.27	71.287353515625	0.083141886	0.00016195714285714282	0.0005398571428571428	29.727157592773438	92622.54675388336
3222	1186.081659508847	981.13	71.545166015625	0.083141714	0.0001619142857142857	0.0005397142857142857	29.12215566635132	92651.68961572647
3223	1215.1814496946936	991.93	71.552978515625	0.08314147	0.00016187142857142857	0.0005395714285714286	30.11297035217285	92681.8246538639
3224	1121.3158340216758	923.41	71.810302734375	0.08314183	0.0001618285714285714	0.0005394285714285713	30.31309747695923	92712.13926959038
3225	1132.6848453487942	951.34	71.567138671875	0.0831421	0.0001617857142857143	0.0005392857142857144	29.567561626434326	92741.71905255318
3226	1170.0388564219008	965.65	70.58447265625	0.08314264	0.00016174285714285714	0.0005391428571428572	29.727633953094482	92771.45499682426
3227	1094.5128655689268	917.18	71.334228515625	0.08314272	0.00016169999999999997	0.000539	30.325595378875732	92801.79300451279
3228	1178.0018203042275	979.78	71.341796875	0.083142735	0.00016165714285714286	0.0005388571428571429	30.10740351676941	92831.9147529602
3229	1136.9511762739714	945.6	71.349365234375	0.083141916	0.0001616142857142857	0.0005387142857142857	30.059671640396118	92861.99101614952
3230	1145.4618472777165	954.53	71.107421875	0.0831419	0.00016157142857142856	0.0005385714285714286	30.224758625030518	92892.21755862236
3231	1114.9701063832517	933.41	70.86572265625	0.08314233	0.00016152857142857143	0.0005384285714285715	29.927809953689575	92922.14685511589
3232	1173.0462966777488	968.11	71.87353515625	0.08314311	0.00016148571428571427	0.0005382857142857142	29.882561922073364	92952.04222345352
3233	1155.0834656883237	966.08	71.38037109375	0.083143525	0.00016144285714285713	0.0005381428571428572	30.151803731918335	92982.20724749565
3234	1142.1379965554715	950.38	70.897705078125	0.0831441	0.0001614	0.0005380000000000001	30.509939193725586	93012.71873736382
3235	1146.8369433265339	945.79	71.397705078125	0.08314388	0.00016135714285714283	0.0005378571428571429	28.180065870285034	93040.90034341812
3236	1187.0239512188934	976.08	71.404541015625	0.083143525	0.0001613142857142857	0.0005377142857142857	27.32403063774109	93068.22686004639
3237	1116.2891183227127	922.75	71.41357421875	0.08314306	0.00016127142857142856	0.0005375714285714286	28.759016513824463	93096.99830389023
3238	1188.9302570046355	980.82	71.169677734375	0.08314222	0.0001612285714285714	0.0005374285714285714	28.255560874938965	93125.25508356094
3239	1099.1955854958546	917.29	71.928955078125	0.08314138	0.00016118571428571429	0.0005372857142857144	27.751221656799316	93153.01875853539
3240	1189.0172250942162	989.78	71.686767578125	0.083140396	0.00016114285714285712	0.0005371428571428571	26.90265655517578	93179.92275452614
3241	1129.4185847065357	941.41	71.444091796875	0.08313981	0.00016109999999999996	0.0005369999999999999	27.195671558380127	93207.12707185745
3242	1131.242359916659	936.17	71.45166015625	0.08313904	0.00016105714285714285	0.000536857142857143	27.5192654132843	93234.65873241425
3243	1175.665823273324	975.65	71.4599609375	0.083139054	0.00016101428571428569	0.0005367142857142857	27.186951160430908	93261.84681248665
3244	1140.9827452119277	942.49	71.467529296875	0.08313936	0.00016097142857142855	0.0005365714285714286	28.034229040145874	93289.88274908066
3245	1189.4408616814605	982.98	71.47412109375	0.08313952	0.00016092857142857144	0.0005364285714285715	26.827205657958984	93316.72273516655
3246	1126.3675751170297	931.13	70.9912109375	0.083139375	0.00016088571428571425	0.0005362857142857143	26.902331590652466	93343.6267118454
3247	1115.7561781131649	918.15	72.24072265625	0.0831394	0.00016084285714285714	0.0005361428571428571	27.298516511917114	93370.92684197426
3248	1217.9172891557691	992.33	71.498779296875	0.08313941	0.0001608	0.000536	26.581536769866943	93397.52090716362
3249	1162.245971415224	944.02	71.5068359375	0.08313876	0.00016075714285714284	0.0005358571428571428	25.94720721244812	93423.48274612427
3250	1189.874476499895	963.51	71.514892578125	0.08313801	0.0001607142857142857	0.0005357142857142857	26.31096386909485	93449.79847693443
3251	1235.9035485036457	991.79	71.5234375	0.08313753	0.00016067142857142857	0.0005355714285714285	28.9310519695282	93478.7427585125
3252	1175.5344563388753	944.43	71.28076171875	0.0831368	0.0001606285714285714	0.0005354285714285714	28.42225193977356	93507.16598582268
3253	1216.8660235789678	980.66	71.537109375	0.08313621	0.0001605857142857143	0.0005352857142857144	26.931050300598145	93534.09875035286
3254	1227.4149481990012	989.38	71.546875	0.083135545	0.00016054285714285713	0.0005351428571428572	27.08128571510315	93561.18112516403
3255	1245.7448222038638	1004.44	71.802734375	0.08313496	0.00016049999999999997	0.0005349999999999999	28.33967423439026	93589.52281808853
3256	1218.738258561319	981.4	71.811767578125	0.08313371	0.00016045714285714286	0.0005348571428571429	26.964484930038452	93616.50009536743
3257	1194.3950142485826	964.66	71.56982421875	0.08313203	0.0001604142857142857	0.0005347142857142857	27.629305124282837	93644.13100671768
3258	1212.674088298049	977.9	72.328369140625	0.08312998	0.00016037142857142856	0.0005345714285714286	26.20761203765869	93670.35491490364
3259	1212.2096495224605	972.59	71.3359375	0.08312752	0.00016032857142857143	0.0005344285714285714	26.29590392112732	93696.65950989723
3260	1174.5424179907523	962.03	71.343017578125	0.08312638	0.00016028571428571426	0.0005342857142857142	27.496915578842163	93724.15873456001
3261	1216.6539136755785	987.39	71.600830078125	0.083125405	0.00016024285714285713	0.0005341428571428572	27.68690514564514	93751.84672999382
3262	1187.0250985975433	965.08	72.109619140625	0.08312518	0.0001602	0.0005340000000000001	26.664793491363525	93778.512642622
3263	1222.1055064298243	990.82	70.875244140625	0.08312496	0.00016015714285714283	0.0005338571428571428	27.373022317886353	93805.88691091537
3264	1207.3618283060107	974.86	71.375244140625	0.083123915	0.0001601142857142857	0.0005337142857142857	26.787294387817383	93832.69070887566
3265	1198.0554956179017	971.21	71.3818359375	0.08312247	0.00016007142857142856	0.0005335714285714286	26.22712254524231	93858.92657065392
3266	1197.395586586901	980.32	70.898193359375	0.0831208	0.0001600285714285714	0.0005334285714285714	28.32670283317566	93887.25487661362
3267	1140.6514224125117	929.32	71.649658203125	0.08311882	0.00015998571428571428	0.0005332857142857143	27.719212532043457	93914.99474167824
3268	1199.9647619597497	985.84	71.15771484375	0.08311667	0.00015994285714285712	0.0005331428571428571	28.73845624923706	93943.73477649689
3269	1141.1512768464756	937.05	71.665283203125	0.08311475	0.00015989999999999996	0.0005329999999999999	28.37538433074951	93972.11129760742
3270	1160.520366664922	952.99	71.92236328125	0.08311332	0.00015985714285714287	0.000532857142857143	28.542109727859497	94000.65502524376
3271	1162.0713561592936	951.35	71.9306640625	0.08311149	0.00015981428571428568	0.0005327142857142857	27.050549030303955	94027.70703983307
3272	1138.397975008194	939.23	71.687255859375	0.08310971	0.00015977142857142855	0.0005325714285714286	28.52441906929016	94056.24790263176
3273	1203.518360618536	985.39	71.695068359375	0.083107986	0.00015972857142857144	0.0005324285714285715	28.05962634086609	94084.31906294823
3274	1117.4015653796898	934.2	71.954345703125	0.0831058	0.00015968571428571425	0.0005322857142857143	28.627476453781128	94112.95890116692
3275	1181.0736634727114	969.49	71.960205078125	0.083103664	0.00015964285714285714	0.0005321428571428571	27.923101902008057	94140.88298463821
3276	1124.3275762589026	929.29	71.9697265625	0.083101034	0.0001596	0.000532	27.420588970184326	94168.31199550629
3277	1189.157377041411	979.46	71.727783203125	0.083099194	0.00015955714285714284	0.0005318571428571428	27.17755651473999	94195.49120807648
3278	1190.8303516518201	980.37	72.235595703125	0.08309669	0.0001595142857142857	0.0005317142857142858	27.462282180786133	94222.9549229145
3279	1218.2326576770693	987.42	71.743408203125	0.08309399	0.00015947142857142857	0.0005315714285714286	28.62348985671997	94251.59875559807
3280	1174.7614266620922	968.82	72.24951171875	0.08309088	0.0001594285714285714	0.0005314285714285714	28.5782573223114	94280.17866516113
3281	1167.59845180973	950.31	71.7587890625	0.08308846	0.0001593857142857143	0.0005312857142857144	27.839122772216797	94308.01879668236
3282	1232.09084867297	1004.19	72.517822265625	0.083086014	0.00015934285714285713	0.0005311428571428572	27.528682231903076	94335.56016540527
3283	1125.720275677256	929.57	71.77294921875	0.083084285	0.0001593	0.000531	27.627461194992065	94363.20301961899
3284	1155.3012950091875	948.83	72.408447265625	0.08308268	0.00015925714285714286	0.0005308571428571429	26.930625200271606	94390.13515639305
3285	1163.3294234109387	948.4	71.17138671875	0.08308097	0.0001592142857142857	0.0005307142857142857	27.44605827331543	94417.58281755447
3286	1137.4532461274005	936.56	71.671875	0.08308049	0.00015917142857142856	0.0005305714285714286	28.295950889587402	94445.90328836441
3287	1193.012064542193	979.09	71.931884765625	0.08308012	0.00015912857142857142	0.0005304285714285715	29.057310819625854	94474.96102237701
3288	1151.3525720299513	945.87	71.447509765625	0.08307989	0.00015908571428571426	0.0005302857142857143	27.39926528930664	94502.36274981499
3289	1197.4688091343621	983.43	72.19775390625	0.083079875	0.00015904285714285712	0.0005301428571428572	27.039210081100464	94529.41473269463
3290	1241.802957796789	1019.87	72.955078125	0.083080575	0.000159	0.0005300000000000001	27.8930082321167	94557.31262421608
3291	1164.3842994320628	969.15	72.712646484375	0.08308116	0.00015895714285714283	0.0005298571428571428	27.34433126449585	94584.65880084038
3292	1114.2454813464053	914.73	72.719970703125	0.08308207	0.0001589142857142857	0.0005297142857142857	27.9117329120636	94612.5834300518
3293	1152.6520725563203	946.08	71.978759765625	0.08308311	0.00015887142857142855	0.0005295714285714286	27.41126298904419	94640.00669169426
3294	1189.898696963116	968.48	72.23486328125	0.0830837	0.0001588285714285714	0.0005294285714285713	28.374670267105103	94668.38273334503
3295	1134.8816372316194	928.46	71.979736328125	0.08308359	0.00015878571428571428	0.0005292857142857143	27.83366370201111	94696.21745109558
3296	1206.043817280948	980.13	72.000732421875	0.08308367	0.00015874285714285712	0.0005291428571428571	28.06759524345398	94724.29901885986
3297	1139.6086595345007	932.6	72.010009765625	0.08308341	0.00015869999999999998	0.0005290000000000001	26.571568965911865	94750.87899589539
3298	1157.0963727758267	942.41	71.767822265625	0.08308261	0.00015865714285714287	0.0005288571428571429	26.972873210906982	94777.8602449894
3299	1147.833297631016	939.83	71.53271484375	0.08308159	0.00015861428571428568	0.0005287142857142857	28.103535413742065	94805.98272895813
3300	1172.9309972196968	952.75	72.032958984375	0.08308085	0.00015857142857142857	0.0005285714285714286	27.84587073326111	94833.83008122444
3301	1196.8213094396972	978.85	72.0419921875	0.08308019	0.00015852857142857144	0.0005284285714285715	27.963223934173584	94861.79474639893
3302	1185.7428128145723	967.27	71.550048828125	0.08307931	0.00015848571428571427	0.0005282857142857142	27.95483088493347	94889.75103926659
3303	1141.8814110388494	926.51	71.806396484375	0.08307879	0.00015844285714285714	0.0005281428571428571	26.555391788482666	94916.31481933594
3304	1177.8887140138975	967.41	71.8232421875	0.08307826	0.0001584	0.000528	28.15899348258972	94944.4747569561
3305	1192.2672652034933	981.06	72.321533203125	0.083078235	0.00015835714285714284	0.0005278571428571428	28.72293710708618	94973.21076250076
3306	1180.8163555195235	961.44	72.331298828125	0.083077736	0.0001583142857142857	0.0005277142857142857	28.17291522026062	95001.38486862183
3307	1212.5713818223626	998.01	71.839111328125	0.08307766	0.00015827142857142857	0.0005275714285714286	27.47573471069336	95028.86272644997
3308	1178.1467836957324	967.51	71.846435546875	0.08307742	0.0001582285714285714	0.0005274285714285714	28.283907175064087	95057.14824008942
3309	1156.3034674306168	944.98	72.353271484375	0.08307719	0.0001581857142857143	0.0005272857142857144	28.25149893760681	95085.41487121582
3310	1162.347896276027	961.02	72.1123046875	0.08307683	0.00015814285714285713	0.0005271428571428571	27.07140851020813	95112.49897933006
3311	1151.2678366526638	943.73	72.120361328125	0.08307616	0.0001581	0.000527	26.763513803482056	95139.27480053902
3312	1160.6616853137828	954.9	71.878173828125	0.0830759	0.00015805714285714286	0.0005268571428571429	26.90491533279419	95166.192466259
3313	1156.5510009417192	952.93	72.13525390625	0.08307576	0.0001580142857142857	0.0005267142857142857	28.11580181121826	95194.32706570625
3314	1185.401459079954	970.76	72.1435546875	0.08307503	0.00015797142857142856	0.0005265714285714285	28.58815097808838	95222.93083429337
3315	1190.3273994725473	974.29	72.151123046875	0.08307466	0.00015792857142857142	0.0005264285714285715	27.36878204345703	95250.31253409386
3316	1182.1336446161522	963.45	72.160400390625	0.083074205	0.00015788571428571426	0.0005262857142857143	27.579293251037598	95277.90673208237
3317	1211.2644981900673	985.06	72.16748046875	0.083073474	0.00015784285714285712	0.0005261428571428572	28.71151089668274	95306.63482093811
3318	1170.7441296146267	956.95	71.67578125	0.08307292	0.0001578	0.000526	28.869514226913452	95335.50549936295
3319	1210.6264692854463	989.02	72.93359375	0.08307288	0.00015775714285714282	0.0005258571428571428	29.296229362487793	95364.81895399094
3320	1222.1251317463593	995.89	72.189453125	0.08307309	0.0001577142857142857	0.0005257142857142857	27.790313005447388	95392.6110329628
3321	1227.1886307021553	997.48	72.19921875	0.08307376	0.00015767142857142855	0.0005255714285714286	27.407392024993896	95420.02681851387
3322	1194.3766075058186	962.18	71.956787109375	0.08307471	0.0001576285714285714	0.0005254285714285713	29.88754963874817	95449.92701721191
3323	1214.9220767925403	988.65	71.97265625	0.08307464	0.0001575857142857143	0.0005252857142857144	28.694899559020996	95478.63833713531
3324	1209.5633394956503	981.46	72.472900390625	0.08307452	0.00015754285714285712	0.0005251428571428572	28.373971223831177	95507.0251493454
3325	1218.38968018512	986.12	72.480712890625	0.08307398	0.00015749999999999998	0.0005250000000000001	29.390864849090576	95536.438133955
3326	1174.4460960290867	955.47	72.23779296875	0.08307356	0.00015745714285714287	0.0005248571428571429	29.631008863449097	95566.07072877884
3327	1224.9416072380302	997.05	72.244140625	0.083073474	0.00015741428571428568	0.0005247142857142857	30.089747190475464	95596.16194438934
3328	1240.0842941408898	999.54	72.254150390625	0.08307268	0.00015737142857142857	0.0005245714285714286	29.927263259887695	95626.10672950745
3329	1195.342412086085	964.1	72.761962890625	0.08307152	0.00015732857142857143	0.0005244285714285715	29.013503789901733	95655.12184643745
3330	1194.1351045584663	983.64	72.769775390625	0.08307095	0.00015728571428571427	0.0005242857142857142	30.35655379295349	95685.49524998665
3331	1182.098448169789	970.92	72.02685546875	0.08306906	0.00015724285714285714	0.0005241428571428571	29.53549551963806	95715.03271174431
3332	1213.3114103388864	975.31	72.28515625	0.08306755	0.0001572	0.000524	30.76391291618347	95745.81113553047
3333	1236.384952077405	1004.02	72.2939453125	0.08306654	0.00015715714285714284	0.0005238571428571429	29.537441730499268	95775.34990501404
3334	1203.4287041864436	977.38	72.5478515625	0.08306535	0.0001571142857142857	0.0005237142857142857	29.447536945343018	95804.82280254364
3335	1209.9378435530632	997.44	72.559814453125	0.08306403	0.00015707142857142856	0.0005235714285714286	29.760777711868286	95834.585313797
3336	1138.0906502182274	933.6	72.06689453125	0.083062224	0.0001570285714285714	0.0005234285714285714	29.67174458503723	95864.25884699821
3337	1197.8664320370199	977.12	72.3212890625	0.08306035	0.0001569857142857143	0.0005232857142857144	29.57173991203308	95893.84704947472
3338	1231.3594559977669	1003.96	73.083251953125	0.08305838	0.00015694285714285713	0.0005231428571428571	29.771387338638306	95923.63475942612
3339	1204.2810738576882	980.89	72.340087890625	0.08305672	0.0001569	0.000523	29.330302476882935	95952.96677064896
3340	1183.166996529625	972.14	72.84814453125	0.08305568	0.00015685714285714286	0.0005228571428571429	29.146422863006592	95982.11502766609
3341	1202.9707754492092	971.4	72.6044921875	0.0830549	0.0001568142857142857	0.0005227142857142858	27.85201597213745	96009.97948002815
3342	1232.4793346962854	990.64	72.3642578125	0.083054684	0.00015677142857142856	0.0005225714285714286	27.567325830459595	96037.54957103729
3343	1205.1345218263984	977.95	72.6220703125	0.08305405	0.00015672857142857142	0.0005224285714285715	27.683995962142944	96065.25072836876
3344	1244.5060273316287	1003.85	72.380126953125	0.08305343	0.00015668571428571426	0.0005222857142857143	26.711045742034912	96091.9628264904
3345	1234.7479298159724	1010.12	72.38720703125	0.08305233	0.00015664285714285712	0.0005221428571428572	27.395281314849854	96119.37475371361
3346	1175.1581486299262	947.11	71.895751953125	0.08305216	0.00015659999999999998	0.000522	27.414997100830078	96146.79105973244
3347	1209.4929902091749	980.33	71.659912109375	0.08305175	0.00015655714285714282	0.0005218571428571428	28.44341015815735	96175.24275875092
3348	1214.1193456466244	985.37	71.794189453125	0.08305191	0.0001565142857142857	0.0005217142857142858	27.55129075050354	96202.81077766418
3349	1155.2005727971748	942.91	72.292236328125	0.08305206	0.00015647142857142855	0.0005215714285714285	27.566601514816284	96230.3787419796
3350	1255.7053492853554	1011.72	72.30029296875	0.08305224	0.00015642857142857139	0.0005214285714285713	27.81458067893982	96258.19482946396
3351	1169.9182363249956	950.21	72.310546875	0.083052635	0.0001563857142857143	0.0005212857142857144	27.338789701461792	96285.53412675858
3352	1179.305606698198	954.33	72.567138671875	0.083053045	0.0001563428571428571	0.0005211428571428572	28.014907121658325	96313.55073976517
3353	1214.2394100888748	983.97	72.576416015625	0.083053656	0.0001563	0.000521	28.643656969070435	96342.2068798542
3354	1218.537202097535	983.57	72.584228515625	0.083054624	0.00015625714285714287	0.0005208571428571429	27.818469047546387	96370.0301129818
3355	1161.8804355087016	946.04	72.589599609375	0.08305489	0.0001562142857142857	0.0005207142857142857	29.654739141464233	96399.70143175125
3356	1215.1558450332057	976.57	72.599853515625	0.08305527	0.00015617142857142857	0.0005205714285714286	28.82328987121582	96428.53874206543
3357	1245.6246702615554	1000.38	72.357421875	0.083055496	0.00015612857142857143	0.0005204285714285714	27.791295051574707	96456.33104991913
3358	1210.8605110563976	982.24	72.615478515625	0.08305576	0.00015608571428571427	0.0005202857142857142	27.731445789337158	96484.07083320618
3359	1212.7416557397266	974.51	73.122802734375	0.083056144	0.00015604285714285713	0.0005201428571428571	30.16571021080017	96514.24906611443
3360	1236.4214380771234	993.58	72.628173828125	0.0830561	0.000156	0.0005200000000000001	29.495986700057983	96543.74675440788
3361	1215.1132206193645	979.82	72.887939453125	0.08305647	0.00015595714285714283	0.0005198571428571428	30.615964889526367	96574.37522006035
3362	1196.7595848783474	970.27	72.646728515625	0.08305632	0.00015591428571428572	0.0005197142857142858	29.988444089889526	96604.3653204441
3363	1209.1067228444642	975.8	72.653564453125	0.08305585	0.00015587142857142856	0.0005195714285714286	29.886949062347412	96634.2669043541
3364	1206.8329938791392	975.52	72.911865234375	0.083055176	0.0001558285714285714	0.0005194285714285714	29.32663106918335	96663.59468507767
3365	1228.8296304573703	986.1	72.670166015625	0.08305446	0.0001557857142857143	0.0005192857142857143	28.15470552444458	96691.75105929375
3366	1199.430225354565	970.24	72.678955078125	0.08305338	0.00015574285714285713	0.0005191428571428571	27.267211198806763	96719.03072619438
3367	1203.7958735074637	963.15	72.686767578125	0.08305304	0.0001557	0.000519	27.935590982437134	96746.98299336433
3368	1217.2617834030768	981.41	72.694580078125	0.083052516	0.00015565714285714285	0.000518857142857143	26.412464380264282	96773.40790224075
3369	1253.8662469060387	1003.32	72.701904296875	0.08305181	0.0001556142857142857	0.0005187142857142857	27.751020193099976	96801.17087626457
3370	1213.3243693834086	967.94	72.710205078125	0.08305071	0.00015557142857142855	0.0005185714285714286	27.15469717979431	96828.33074569702
3371	1236.652441550549	988.64	72.718017578125	0.08304908	0.00015552857142857142	0.0005184285714285715	26.805463314056396	96855.13789868355
3372	1265.0160580462878	996.51	72.72607421875	0.08304724	0.00015548571428571425	0.0005182857142857143	27.544069290161133	96882.69566965103
3373	1246.323990579254	993.68	72.73291015625	0.08304537	0.00015544285714285712	0.0005181428571428571	27.37363886833191	96910.07091903687
3374	1247.363816147782	983.28	72.991455078125	0.083043486	0.00015539999999999998	0.000518	27.186174392700195	96937.25888180733
3375	1193.3416992209538	959.44	72.749267578125	0.083041884	0.00015535714285714282	0.0005178571428571428	26.702519416809082	96963.96303629875
3376	1243.2121163246609	989.58	72.7568359375	0.08303995	0.00015531428571428574	0.0005177142857142858	28.574131965637207	96992.5383644104
3377	1243.403075271905	986.85	72.763671875	0.08303751	0.00015527142857142855	0.0005175714285714285	27.770824193954468	97020.31090521812
3378	1208.8186882475115	960.98	72.77197265625	0.08303558	0.00015522857142857138	0.0005174285714285714	27.510045766830444	97047.82277607918
3379	1217.9598227496988	971.51	73.030517578125	0.08303306	0.0001551857142857143	0.0005172857142857144	27.156282663345337	97074.99498581886
3380	1212.040568627189	974.7	72.78857421875	0.08303102	0.0001551428571428571	0.0005171428571428572	27.937706470489502	97102.9494664669
3381	1234.7961212815942	993.35	73.04541015625	0.08302894	0.0001551	0.000517	27.535257816314697	97130.49909353256
3382	1213.6764622698968	982.72	72.80322265625	0.08302752	0.00015505714285714287	0.0005168571428571429	27.424479484558105	97157.93984246254
3383	1216.8170719183406	983.68	72.311279296875	0.08302617	0.0001550142857142857	0.0005167142857142857	27.73514199256897	97185.69057679176
3384	1240.3896050184899	996.45	72.570556640625	0.08302442	0.00015497142857142857	0.0005165714285714286	27.04349970817566	97212.735902071
3385	1247.9064169390865	1003.16	73.078369140625	0.083022386	0.00015492857142857143	0.0005164285714285714	28.32478427886963	97241.07173395157
3386	1169.912299684444	944.92	72.586181640625	0.083020404	0.00015488571428571427	0.0005162857142857142	26.91792058944702	97268.00933146477
3387	1258.7490848952393	1008.32	72.84375	0.08301812	0.00015484285714285713	0.0005161428571428572	28.39232063293457	97296.40301275253
3388	1264.2082094371115	1002.28	73.1015625	0.08301576	0.0001548	0.0005160000000000001	26.703314542770386	97323.10807943344
3389	1261.4723581624287	1006.91	72.859619140625	0.083013795	0.00015475714285714283	0.0005158571428571428	28.958829164505005	97352.08276820183
3390	1252.7061365552534	997.57	72.8671875	0.08301207	0.00015471428571428572	0.0005157142857142858	27.468740224838257	97379.55279040337
3391	1234.5030605588918	987.01	72.133056640625	0.08301049	0.00015467142857142856	0.0005155714285714286	27.720306873321533	97407.27488183975
3392	1222.2954149087295	971.54	72.8828125	0.08300906	0.0001546285714285714	0.0005154285714285714	27.9575092792511	97435.23473548889
3393	1247.7777018166541	997.28	73.140625	0.083007075	0.0001545857142857143	0.0005152857142857143	29.706528186798096	97464.94288563728
3394	1261.917854089553	1006.37	72.8984375	0.08300533	0.00015454285714285712	0.0005151428571428571	29.730926513671875	97494.67502593994
3395	1247.8151943807286	996.09	72.90625	0.08300369	0.0001545	0.000515	29.576937437057495	97524.25360560417
3396	1272.3976872691856	1016.11	72.91357421875	0.08300125	0.00015445714285714285	0.000514857142857143	29.487545013427734	97553.75490784645
3397	1231.1024405320186	992.4	72.921875	0.08299891	0.0001544142857142857	0.0005147142857142857	27.354840755462646	97581.12274956703
3398	1278.9105239130026	1024.0	72.9306640625	0.082997076	0.00015437142857142855	0.0005145714285714286	28.27980327606201	97609.40417838097
3399	1250.1523783382415	1001.45	73.1884765625	0.08299567	0.00015432857142857142	0.0005144285714285715	28.026978492736816	97637.44673061371
3400	1260.677335838655	1010.27	72.94677734375	0.08299392	0.00015428571428571425	0.0005142857142857142	27.72232484817505	97665.17075228691
3401	1173.1686617805956	957.57	72.703857421875	0.082991876	0.00015424285714285712	0.0005141428571428571	30.063326358795166	97695.24682044983
3402	1222.0207590494847	998.25	72.962158203125	0.08298976	0.00015419999999999998	0.000514	30.602644205093384	97725.86273264885
3403	1219.1099111332628	1004.01	73.469970703125	0.08298846	0.00015415714285714282	0.0005138571428571428	30.806469440460205	97756.67036151886
3404	1242.7641584300443	1009.29	72.977783203125	0.082987115	0.00015411428571428574	0.0005137142857142857	30.350865364074707	97787.03480386734
3405	1232.2993159234697	1014.25	72.98486328125	0.08298615	0.00015407142857142854	0.0005135714285714286	29.91534924507141	97816.95476388931
3406	1193.1668165774072	985.1	73.24365234375	0.08298556	0.00015402857142857138	0.0005134285714285714	29.78427243232727	97846.74751734734
3407	1231.4898936663774	1005.49	73.0009765625	0.08298524	0.0001539857142857143	0.0005132857142857144	29.4030921459198	97876.16270327568
3408	1201.67520798247	980.45	73.009033203125	0.08298475	0.00015394285714285714	0.0005131428571428571	29.6661536693573	97905.84150648117
3409	1222.3579346139863	1003.49	73.01708984375	0.08298479	0.0001539	0.000513	28.87909245491028	97934.7224202156
3410	1231.4959859664104	1005.77	73.02294921875	0.08298444	0.00015385714285714286	0.0005128571428571429	29.979148864746094	97964.70275568962
3411	1226.0468916331029	998.91	73.2822265625	0.082983814	0.0001538142857142857	0.0005127142857142857	29.990891456604004	97994.69472527504
3412	1192.9954129649022	980.46	73.290771484375	0.08298312	0.00015377142857142856	0.0005125714285714285	29.767533779144287	98024.47490811348
3413	1228.4013242546532	995.22	73.051513671875	0.082982786	0.00015372857142857143	0.0005124285714285714	29.9355309009552	98054.42278599739
3414	1232.7361563556456	991.71	72.560791015625	0.08298261	0.00015368571428571427	0.0005122857142857143	30.298043489456177	98084.74530220032
3415	1185.72067441014	967.42	73.321044921875	0.082982145	0.00015364285714285713	0.0005121428571428572	30.241182327270508	98114.98849797249
3416	1230.516131966634	995.06	72.580078125	0.08298195	0.0001536	0.000512	30.033097505569458	98145.02275180817
3417	1244.862286600769	1008.66	73.341552734375	0.08298156	0.00015355714285714283	0.0005118571428571428	30.2857928276062	98175.3098051548
3418	1180.8658453113965	960.36	73.349365234375	0.0829808	0.00015351428571428572	0.0005117142857142858	29.454565286636353	98204.7665514946
3419	1245.3463745489548	996.99	73.111328125	0.08297949	0.00015347142857142856	0.0005115714285714286	29.59885573387146	98234.3670296669
3420	1241.7461267777455	1007.05	72.870361328125	0.08297815	0.00015342857142857142	0.0005114285714285714	28.838820934295654	98263.20702576637
3421	1215.8843008614274	980.76	73.13037109375	0.08297642	0.00015338571428571429	0.0005112857142857143	28.09421157836914	98291.30279302597
3422	1211.5841286388593	978.64	73.390380859375	0.082974635	0.00015334285714285712	0.0005111428571428571	26.66266369819641	98317.96672415733
3423	1243.0762217261235	1006.31	73.14990234375	0.082973264	0.00015329999999999999	0.0005110000000000001	26.741442918777466	98344.70932126045
3424	1247.6363074894498	1012.89	72.9091796875	0.082971714	0.00015325714285714285	0.0005108571428571429	27.980050563812256	98372.69075083733
3425	1216.1536744091186	983.11	73.16845703125	0.082970574	0.00015321428571428569	0.0005107142857142857	27.59110450744629	98400.28277039528
3426	1229.5693189227966	993.7	72.928955078125	0.08296963	0.00015317142857142855	0.0005105714285714286	30.302789211273193	98430.59876847267
3427	1198.4530445888222	979.91	73.189208984375	0.082968555	0.00015312857142857141	0.0005104285714285715	28.424232721328735	98459.02455329895
3428	1232.9898919864156	989.33	73.198486328125	0.082967535	0.00015308571428571425	0.0005102857142857142	28.88450026512146	98487.91117835045
3429	1235.210298395577	1000.09	73.2080078125	0.082966626	0.00015304285714285711	0.0005101428571428571	28.411515474319458	98516.3247730732
3430	1233.7837734709317	1007.2	73.218017578125	0.08296527	0.00015299999999999998	0.00051	29.575374841690063	98545.9149878025
3431	1222.4715574381216	988.98	73.228515625	0.0829639	0.00015295714285714282	0.0005098571428571428	28.30377459526062	98574.23125243187
3432	1239.919423870386	1006.66	73.48876953125	0.08296222	0.00015291428571428573	0.0005097142857142858	26.94792675971985	98601.18087768555
3433	1265.8942485333614	1018.22	72.99560546875	0.082960404	0.00015287142857142854	0.0005095714285714286	28.14380383491516	98629.33917021751
3434	1272.113976569349	1022.44	73.508056640625	0.082958765	0.00015282857142857143	0.0005094285714285715	27.36962127685547	98656.71077013016
3435	1257.079481241676	1008.62	73.517822265625	0.082958005	0.0001527857142857143	0.0005092857142857144	28.562999725341797	98685.27481174469
3436	1237.545314916751	993.2	73.527587890625	0.082957305	0.00015274285714285713	0.0005091428571428571	29.80996799468994	98715.08690738678
3437	1262.622846820805	1002.76	73.28759765625	0.0829553	0.0001527	0.000509	27.835803031921387	98742.94325590134
3438	1244.7950044414988	990.15	73.046630859375	0.0829538	0.00015265714285714286	0.0005088571428571429	27.104265213012695	98770.06007838249
3439	1259.5738816906605	1001.58	73.556884765625	0.082951985	0.0001526142857142857	0.0005087142857142857	27.132081031799316	98797.19476151466
3440	1250.3474133836858	992.6	72.816650390625	0.08295016	0.00015257142857142856	0.0005085714285714285	28.42353868484497	98825.61991238594
3441	1222.599284103912	971.19	73.326416015625	0.08294872	0.00015252857142857143	0.0005084285714285715	28.317259311676025	98853.93883776665
3442	1252.7777199308866	991.18	74.585693359375	0.082946844	0.00015248571428571426	0.0005082857142857143	27.08656358718872	98881.0268998146
3443	1271.06218728112	1005.74	73.220703125	0.08294595	0.00015244285714285713	0.0005081428571428572	29.033629655838013	98910.06277942657
3444	1238.550804229467	980.8	72.984130859375	0.082945056	0.0001524	0.000508	26.71354627609253	98936.78528904915
3445	1253.5256638286637	992.9	73.486572265625	0.08294411	0.00015235714285714283	0.0005078571428571428	28.091784477233887	98964.87889623642
3446	1223.2056800101261	971.68	73.7431640625	0.082943864	0.00015231428571428572	0.0005077142857142858	28.108349323272705	98992.99502825737
3447	1239.2321567670215	993.01	73.50146484375	0.08294358	0.00015227142857142856	0.0005075714285714286	27.33573842048645	99020.3472647667
3448	1243.5257091528551	982.17	73.760498046875	0.08294335	0.00015222857142857142	0.0005074285714285714	28.015385627746582	99048.3645401001
3449	1272.305921847046	1003.76	73.518798828125	0.082942955	0.00015218571428571428	0.0005072857142857143	27.385411262512207	99075.75101089478
3450	1249.8779309168217	999.06	73.526611328125	0.08294215	0.00015214285714285712	0.0005071428571428572	27.891246795654297	99103.65876984596
3451	1222.0277945353228	979.43	73.534423828125	0.0829418	0.00015209999999999998	0.000507	27.40322232246399	99131.07509970665
3452	1236.2182603283372	985.61	72.799560546875	0.08294133	0.00015205714285714285	0.0005068571428571429	27.662928581237793	99158.76224923134
3453	1271.9156050584604	1013.94	73.799072265625	0.08294054	0.00015201428571428568	0.0005067142857142857	26.641905307769775	99185.41742277145
3454	1225.1653980067267	979.59	73.807861328125	0.08293911	0.00015197142857142855	0.0005065714285714286	27.947413444519043	99213.37899827957
3455	1273.8527251478538	1016.83	73.063720703125	0.0829372	0.0001519285714285714	0.0005064285714285714	28.36324954032898	99241.75076389313
3456	1234.6863267963483	994.95	73.5732421875	0.082934886	0.00015188571428571425	0.0005062857142857142	28.226162433624268	99269.97907304764
3457	1248.2128661117933	998.58	73.081298828125	0.08293309	0.0001518428571428571	0.0005061428571428571	27.529985189437866	99297.5292403698
3458	1250.812356401923	996.05	73.839111328125	0.08293138	0.00015179999999999998	0.000506	27.332281351089478	99324.86309361458
3459	1213.8708270940194	981.23	74.346923828125	0.08292986	0.0001517571428571428	0.0005058571428571427	28.542832374572754	99353.41504478455
3460	1169.3619737113393	941.67	73.852783203125	0.08292871	0.00015171428571428573	0.0005057142857142858	27.513267040252686	99380.92951607704
3461	1180.5796001073732	949.41	73.61083984375	0.082927585	0.00015167142857142857	0.0005055714285714286	27.267247200012207	99408.19879603386
3462	1229.6133183969296	981.33	73.3701171875	0.0829267	0.00015162857142857143	0.0005054285714285715	28.302736520767212	99436.50298404694
3463	1231.4441717757843	981.82	73.378173828125	0.08292592	0.0001515857142857143	0.0005052857142857143	27.193747520446777	99463.71348643303
3464	1201.2112732987357	959.06	73.385498046875	0.082924664	0.00015154285714285713	0.0005051428571428571	28.619247674942017	99492.3579275608
3465	1259.9493920947912	1005.48	73.394775390625	0.08292254	0.0001515	0.000505	29.80864977836609	99522.17101883888
3466	1221.313680673563	972.1	73.402099609375	0.08292047	0.00015145714285714286	0.0005048571428571429	29.968228340148926	99552.15099573135
3467	1216.4195861335602	976.37	73.91015625	0.082918964	0.0001514142857142857	0.0005047142857142856	29.906549215316772	99582.07412290573
3468	1288.9903845178385	1020.18	73.918212890625	0.08291715	0.00015137142857142856	0.0005045714285714286	29.28335189819336	99611.37473273277
3469	1258.5993786189583	1008.32	73.674072265625	0.08291512	0.00015132857142857142	0.0005044285714285715	29.789655923843384	99641.16562986374
3470	1235.2466429546105	986.86	73.93408203125	0.082913816	0.00015128571428571426	0.0005042857142857143	29.399085760116577	99670.56671905518
3471	1231.9195079928984	992.55	74.190673828125	0.08291281	0.00015124285714285715	0.0005041428571428572	29.811062812805176	99700.37880706787
3472	1283.2264281797638	1017.05	73.94775390625	0.082912244	0.0001512	0.000504	29.531183004379272	99729.91141176224
3473	1254.181929101016	991.09	73.707275390625	0.08291153	0.00015115714285714283	0.0005038571428571428	29.580460786819458	99759.4932756424
3474	1272.478954706285	1005.14	73.715087890625	0.08290985	0.00015111428571428572	0.0005037142857142858	29.411178588867188	99788.91873812675
3475	1265.8490845582312	1002.47	73.72216796875	0.08290834	0.00015107142857142855	0.0005035714285714285	29.60250735282898	99818.52278137207
3476	1308.2280177981143	1024.0	73.480712890625	0.08290727	0.00015102857142857142	0.0005034285714285714	28.20387887954712	99846.73947811127
3477	1243.592938428446	989.0	73.738525390625	0.082906924	0.00015098571428571428	0.0005032857142857144	28.849735021591187	99875.59082198143
3478	1262.2216353136996	998.78	73.495361328125	0.0829072	0.00015094285714285712	0.0005031428571428572	27.091644763946533	99902.69907999039
3479	1289.4198671845254	1016.41	74.254150390625	0.082908176	0.00015089999999999998	0.000503	28.339115858078003	99931.0387263298
3480	1241.324159270424	975.18	74.01123046875	0.0829091	0.00015085714285714285	0.0005028571428571429	28.86289644241333	99959.90305805206
3481	1261.339128026493	993.36	74.0205078125	0.08290973	0.00015081428571428568	0.0005027142857142857	30.082003355026245	99989.98704600334
3482	1244.195382388982	982.89	73.5283203125	0.08291005	0.00015077142857142855	0.0005025714285714286	27.777204751968384	100017.76673388481
3483	1261.0125665455257	999.69	73.786376953125	0.08291025	0.0001507285714285714	0.0005024285714285714	27.994770765304565	100045.76275396347
3484	1255.0826508087414	985.04	74.043212890625	0.08291023	0.00015068571428571425	0.0005022857142857142	26.893890619277954	100072.65825414658
3485	1256.1228104803035	996.44	73.801513671875	0.08291053	0.00015064285714285716	0.0005021428571428573	26.84689998626709	100099.51827669144
3486	1232.8733725282616	977.66	74.059326171875	0.082910724	0.00015059999999999997	0.0005020000000000001	27.71005392074585	100127.24162435532
3487	1280.1052176924302	1002.25	73.815673828125	0.08291173	0.0001505571428571428	0.0005018571428571428	27.00609517097473	100154.26945924759
3488	1266.8560432059212	998.2	73.824951171875	0.08291369	0.00015051428571428573	0.0005017142857142858	27.029784679412842	100181.31491160393
3489	1244.2073065539264	985.07	73.832275390625	0.0829155	0.00015047142857142857	0.0005015714285714286	27.8375186920166	100209.16498231888
3490	1265.0802162578864	993.28	74.09033203125	0.08291718	0.00015042857142857143	0.0005014285714285715	26.812791109085083	100235.97926902771
3491	1263.054472934096	1000.89	73.848876953125	0.082918465	0.0001503857142857143	0.0005012857142857143	27.036352157592773	100263.03105187416
3492	1249.4839256174607	986.72	73.856689453125	0.08292009	0.00015034285714285713	0.0005011428571428571	30.41533613204956	100293.4627430439
3493	1223.3204085375846	972.26	73.86474609375	0.082921915	0.0001503	0.000501	29.8878333568573	100323.35172557831
3494	1220.8498951078625	973.3	73.871826171875	0.08292419	0.00015025714285714286	0.000500857142857143	28.05034375190735	100351.41886758804
3495	1254.9548905715078	985.63	73.880126953125	0.08292617	0.0001502142857142857	0.0005007142857142856	26.919312477111816	100378.35072946548
3496	1272.428546855389	990.53	73.887939453125	0.08292803	0.00015017142857142856	0.0005005714285714286	28.18614411354065	100406.53897762299
3497	1264.3142338364298	1000.21	73.895751953125	0.08292989	0.00015012857142857142	0.0005004285714285715	27.111361026763916	100433.66273450851
3498	1246.4781021433535	987.9	74.151611328125	0.082931265	0.00015008571428571426	0.0005002857142857142	29.102537631988525	100462.77875995636
3499	1263.210367675971	990.96	74.162109375	0.08293218	0.00015004285714285715	0.0005001428571428572	28.750110149383545	100491.53061699867
3500	1211.6948705842426	954.93	73.670166015625	0.08293279	0.00015	0.0005	28.285819053649902	100519.81874752045
3501	1231.1002574888664	974.17	73.92724609375	0.082932904	0.00014995714285714285	0.0004998571428571429	29.535452604293823	100549.36712789536
3502	1197.8977601586062	950.39	73.935791015625	0.08293251	0.0001499142857142857	0.0004997142857142856	29.71138072013855	100579.09515714645
3503	1237.2108488945635	980.15	73.942626953125	0.08293149	0.00014987142857142855	0.0004995714285714285	30.301522493362427	100609.3990392685
3504	1259.4286221704135	997.31	73.950927734375	0.08293045	0.00014982857142857142	0.0004994285714285715	29.538100242614746	100638.93919301033
3505	1210.005541284878	964.29	74.458740234375	0.08292953	0.00014978571428571428	0.0004992857142857144	29.30490231513977	100668.26046037674
3506	1220.926843860717	965.56	73.966552734375	0.08292852	0.00014974285714285712	0.0004991428571428571	30.02434492111206	100698.28675532341
3507	1231.1413256256662	976.0	74.348876953125	0.082928	0.00014969999999999998	0.000499	31.580090284347534	100729.8747727871
3508	1215.819793001306	967.34	74.107421875	0.08292758	0.00014965714285714284	0.0004988571428571429	30.83931064605713	100760.72673797607
3509	1228.9553179068678	988.14	73.623291015625	0.082927056	0.00014961428571428568	0.0004987142857142857	30.548274517059326	100791.28369283676
3510	1246.5036529965791	991.34	74.123291015625	0.082926966	0.00014957142857142854	0.0004985714285714285	29.655540466308594	100820.95529198647
3511	1232.5417368348958	994.1	74.129638671875	0.0829265	0.0001495285714285714	0.0004984285714285714	30.814164638519287	100851.7820649147
3512	1180.3873846266033	948.96	74.388671875	0.08292579	0.0001494857142857143	0.0004982857142857143	29.965960025787354	100881.7656712532
3513	1220.1904606808719	979.05	74.147705078125	0.08292427	0.0001494428571428571	0.0004981428571428572	29.3474543094635	100911.12674307823
3514	1171.4383714052474	941.12	74.155517578125	0.08292209	0.0001494	0.000498	30.038939476013184	100941.16672062874
3515	1223.8404353347898	974.41	74.412353515625	0.08292002	0.00014935714285714286	0.0004978571428571429	29.579357147216797	100970.76275014877
3516	1205.26721228856	970.46	74.1708984375	0.08291746	0.00014931428571428567	0.0004977142857142857	29.596060276031494	101000.37478733063
3517	1257.4344924068293	996.51	73.436767578125	0.08291478	0.00014927142857142856	0.0004975714285714286	29.40724468231201	101029.79475998878
3518	1206.5731469645539	964.34	73.936767578125	0.08291249	0.00014922857142857143	0.0004974285714285714	27.906570196151733	101057.70301890373
3519	1230.314603861217	980.63	74.444580078125	0.082911015	0.0001491857142857143	0.0004972857142857143	28.830972909927368	101086.54290938377
3520	1222.9567936479748	978.78	74.202392578125	0.08290939	0.00014914285714285713	0.0004971428571428571	28.51015329360962	101115.0547349453
3521	1213.4552249981334	970.02	74.45947265625	0.08290797	0.0001491	0.000497	27.689080953598022	101142.76071691513
3522	1195.3907260722508	959.64	74.2177734375	0.08290615	0.00014905714285714286	0.0004968571428571429	26.549270153045654	101169.32472467422
3523	1216.9624347377542	988.77	74.475830078125	0.082905054	0.0001490142857142857	0.0004967142857142857	29.715789556503296	101199.06300258636
3524	1213.3308143704398	974.32	74.233642578125	0.082903765	0.00014897142857142856	0.0004965714285714286	27.135287761688232	101226.2107117176
3525	1220.823939308334	991.0	74.24169921875	0.08290276	0.00014892857142857142	0.0004964285714285715	29.538861989974976	101255.75117015839
3526	1217.9630127367097	973.8	74.2490234375	0.08290201	0.00014888571428571428	0.0004962857142857143	30.110029220581055	101285.86290621758
3527	1192.2612654200693	956.3	74.006591796875	0.082901336	0.00014884285714285712	0.0004961428571428571	30.07463574409485	101315.93874454498
3528	1194.5225200637387	951.89	74.264892578125	0.08290023	0.00014879999999999998	0.000496	29.841960191726685	101345.78274464607
3529	1209.8373637547525	966.75	74.522705078125	0.08289918	0.00014875714285714285	0.0004958571428571429	30.206523418426514	101375.99072384834
3530	1170.3278540776187	936.28	74.52978515625	0.08289804	0.00014871428571428569	0.0004957142857142856	28.958582401275635	101404.95079088211
3531	1210.8835391161908	975.0	74.5390625	0.08289686	0.00014867142857142855	0.0004955714285714286	27.28533411026001	101432.23851037025
3532	1221.7114760547279	970.46	74.04541015625	0.082896315	0.0001486285714285714	0.0004954285714285715	27.450911045074463	101459.70675778389
3533	1181.3495032208994	947.69	73.562744140625	0.082895994	0.00014858571428571428	0.0004952857142857144	28.07052516937256	101487.77929067612
3534	1248.2553409504478	992.56	74.3125	0.08289521	0.00014854285714285711	0.0004951428571428571	29.97727870941162	101517.75873589516
3535	1221.9174125071706	967.66	74.570068359375	0.082894444	0.00014849999999999998	0.000495	27.762383937835693	101545.52272820473
3536	1249.1046617715642	996.76	74.578125	0.08289363	0.00014845714285714284	0.0004948571428571429	27.52464509010315	101573.06737160683
3537	1221.5735582422083	973.15	74.585693359375	0.082892425	0.00014841428571428568	0.0004947142857142857	26.962472200393677	101600.03102588654
3538	1198.501399733853	960.07	74.343994140625	0.08289149	0.00014837142857142854	0.0004945714285714285	27.235313415527344	101627.27874541283
3539	1192.6113518794184	954.59	74.100830078125	0.082890384	0.0001483285714285714	0.0004944285714285714	27.067574501037598	101654.35903048515
3540	1207.4033689163646	969.24	74.609375	0.08288952	0.0001482857142857143	0.0004942857142857144	27.5101637840271	101681.87074017525
3541	1226.2459087615625	984.46	74.366455078125	0.082888916	0.0001482428571428571	0.0004941428571428572	27.554752349853516	101709.42663383484
3542	1270.5870723722885	1014.11	74.375244140625	0.0828883	0.0001482	0.000494	28.92339539527893	101738.36672472954
3543	1203.6994934930758	973.71	74.382080078125	0.08288718	0.00014815714285714286	0.0004938571428571429	26.779045343399048	101765.15481209755
3544	1208.3887167631767	969.66	74.390380859375	0.082885765	0.0001481142857142857	0.0004937142857142857	28.3708074092865	101793.52675485611
3545	1247.1580678346238	1000.8	74.3974609375	0.082884744	0.00014807142857142856	0.0004935714285714286	28.347031354904175	101821.87475395203
3546	1222.944805324976	976.12	74.406494140625	0.08288427	0.00014802857142857143	0.0004934285714285714	26.425566911697388	101848.30147337914
3547	1185.2290365357208	947.72	74.66357421875	0.082884125	0.0001479857142857143	0.0004932857142857143	28.48407244682312	101876.80274939537
3548	1212.3340552475393	967.42	74.421630859375	0.08288399	0.00014794285714285713	0.0004931428571428571	28.287634134292603	101905.1070125103
3549	1253.1455274044483	1002.83	74.428955078125	0.08288387	0.0001479	0.0004930000000000001	27.012380361557007	101932.13586211205
3550	1250.6946911782884	994.87	74.438232421875	0.08288379	0.00014785714285714285	0.0004928571428571429	27.283462285995483	101959.42102384567
3551	1241.1706518401108	984.06	74.446044921875	0.08288372	0.0001478142857142857	0.0004927142857142857	27.735668897628784	101987.17104363441
3552	1192.3760211616325	952.19	73.953857421875	0.08288423	0.00014777142857142855	0.0004925714285714286	27.955303192138672	102015.12811207771
3553	1142.6081013596258	929.78	74.459228515625	0.08288454	0.00014772857142857142	0.0004924285714285714	28.115518808364868	102043.25875163078
3554	1222.122933545148	989.41	74.46875	0.08288448	0.00014768571428571428	0.0004922857142857143	29.47100305557251	102072.74274730682
3555	1205.4597674234126	971.01	74.976806640625	0.082883894	0.00014764285714285712	0.0004921428571428571	29.347190380096436	102102.09868502617
3556	1185.0909154056255	957.88	74.485595703125	0.082883336	0.00014759999999999998	0.000492	29.976019382476807	102132.09129667282
3557	1219.3100702453758	987.78	74.74365234375	0.08288219	0.00014755714285714285	0.0004918571428571428	30.15085792541504	102162.25081515312
3558	1164.436195054924	950.72	73.75830078125	0.08288107	0.00014751428571428568	0.0004917142857142856	30.061969995498657	102192.31388449669
3559	1168.251774513001	961.28	73.76611328125	0.08287995	0.00014747142857142855	0.0004915714285714286	30.072317123413086	102222.39499306679
3560	1155.3578625137666	944.12	74.76708984375	0.08287851	0.0001474285714285714	0.0004914285714285715	29.127293348312378	102251.5347571373
3561	1191.2362637278393	980.57	74.774169921875	0.0828773	0.00014738571428571427	0.0004912857142857143	29.911906719207764	102281.44783425331
3562	1199.0444170262733	973.69	74.03271484375	0.082876116	0.0001473428571428571	0.0004911428571428571	30.149174451828003	102311.59916996956
3563	1167.501241379399	959.57	74.290771484375	0.08287422	0.00014729999999999998	0.000491	30.043395280838013	102341.65486168861
3564	1184.035875070319	973.41	74.5478515625	0.082872584	0.00014725714285714284	0.0004908571428571429	30.36676812171936	102372.02323770523
3565	1204.5529224422241	972.97	74.805419921875	0.0828711	0.00014721428571428573	0.0004907142857142857	28.5034077167511	102400.53883051872
3566	1209.3951980309605	980.44	74.572509765625	0.08286962	0.00014717142857142854	0.0004905714285714285	29.051353216171265	102429.59875440598
3567	1240.626186247257	1000.19	74.571044921875	0.0828683	0.00014712857142857143	0.0004904285714285715	29.57870578765869	102459.17875361443
3568	1237.067054091082	992.54	75.080078125	0.08286745	0.0001470857142857143	0.0004902857142857144	26.27940607070923	102485.46277618408
3569	1215.2580695789238	974.97	74.588134765625	0.082867004	0.0001470428571428571	0.0004901428571428571	28.14233136177063	102513.60675358772
3570	1251.690503810912	998.42	74.595947265625	0.082866736	0.000147	0.00049	26.422701597213745	102540.03073692322
3571	1256.815070376611	1000.41	74.728759765625	0.08286622	0.00014695714285714286	0.0004898571428571429	28.0787832736969	102568.11074638367
3572	1229.3465771024266	982.79	74.486328125	0.08286601	0.00014691428571428572	0.0004897142857142858	27.76366877555847	102595.89121723175
3573	1285.1645202826899	1016.16	74.744384765625	0.08286619	0.00014687142857142856	0.0004895714285714285	29.042054653167725	102624.93472957611
3574	1237.6389431683542	986.83	74.010009765625	0.08286582	0.00014682857142857142	0.0004894285714285714	29.446833610534668	102654.38275885582
3575	1239.7293647986855	979.87	74.760009765625	0.08286556	0.0001467857142857143	0.0004892857142857143	30.91909909248352	102685.30301880836
3576	1237.907819489353	980.84	74.267822265625	0.0828651	0.00014674285714285712	0.0004891428571428572	30.84990167617798	102716.16148853302
3577	1258.2908206742122	987.43	74.775146484375	0.08286452	0.0001467	0.000489	30.33151149749756	102746.50674533844
3578	1280.4502307298744	1008.86	74.783447265625	0.08286495	0.00014665714285714285	0.0004888571428571429	29.81864595413208	102776.32699894905
3579	1290.7085175284265	1020.25	74.792236328125	0.08286537	0.00014661428571428572	0.0004887142857142858	29.29457664489746	102805.62303423882
3580	1271.055519221284	999.75	74.548583984375	0.08286511	0.00014657142857142855	0.0004885714285714286	27.78732180595398	102833.42273592949
3581	1240.0430181379206	972.69	75.05712890625	0.08286407	0.00014652857142857142	0.0004884285714285714	28.59558629989624	102862.03478550911
3582	1225.6718104003153	962.01	75.0654296875	0.08286307	0.00014648571428571428	0.0004882857142857143	28.562271118164062	102890.59872508049
3583	1274.502154114895	1000.8	75.073486328125	0.08286189	0.00014644285714285712	0.00048814285714285713	29.01155114173889	102919.62680888176
3584	1251.5055227811877	984.99	74.088623046875	0.08286058	0.00014639999999999998	0.000488	27.95562481880188	102947.59891605377
3585	1232.1249743864353	970.78	74.596435546875	0.08285876	0.00014635714285714284	0.0004878571428571429	27.27164578437805	102974.8910150528
3586	1277.828131186685	1002.75	75.096435546875	0.08285753	0.0001463142857142857	0.00048771428571428577	28.859288454055786	103003.75874638557
3587	1234.5937436626095	959.63	74.8544921875	0.08285586	0.00014627142857142855	0.0004875714285714286	28.04823613166809	103031.80867791176
3588	1294.9709405584163	1006.83	75.112548828125	0.08285398	0.0001462285714285714	0.00048742857142857144	27.777642011642456	103059.587266922
3589	1271.9709792025005	1000.46	75.120361328125	0.0828521	0.00014618571428571427	0.00048728571428571435	28.998905658721924	103088.61073946953
3590	1239.5384479826362	976.77	74.8779296875	0.082850195	0.0001461428571428571	0.0004871428571428571	29.566728830337524	103118.17885065079
3591	1279.3330429993555	1010.05	74.143798828125	0.082848735	0.00014609999999999997	0.000487	29.491686820983887	103147.68703079224
3592	1257.6560179686485	989.1	74.642822265625	0.08284746	0.00014605714285714284	0.0004868571428571429	29.99533748626709	103177.69073104858
3593	1238.9431143406023	978.0	74.65185546875	0.08284588	0.00014601428571428573	0.0004867142857142858	29.55474019050598	103207.25014948845
3594	1249.9991781579101	981.75	75.65869140625	0.08284452	0.00014597142857142854	0.00048657142857142855	30.931144952774048	103238.18301558495
3595	1248.6866821431033	978.94	74.1748046875	0.08284291	0.00014592857142857143	0.00048642857142857147	28.908421516418457	103267.10380578041
3596	1237.110689832505	976.99	74.676025390625	0.08284124	0.0001458857142857143	0.0004862857142857143	27.78315830230713	103294.90284013748
3597	1263.1771926299962	994.76	74.933837890625	0.082839236	0.00014584285714285713	0.00048614285714285713	29.116414070129395	103324.0390985012
3598	1241.2212740943091	981.97	74.941650390625	0.082837336	0.0001458	0.000486	30.317952394485474	103354.35875964165
3599	1225.5606053225322	968.29	74.44921875	0.082835816	0.00014575714285714286	0.0004858571428571429	30.64911150932312	103385.00952935219
3600	1260.505996641986	1000.47	74.957275390625	0.08283437	0.00014571428571428572	0.00048571428571428577	30.741854667663574	103415.75347447395
3601	1267.5548016638393	1001.87	74.964111328125	0.082833	0.00014567142857142856	0.0004855714285714286	30.97128462791443	103446.73874211311
3602	1273.058006149602	1002.53	74.972412109375	0.08283201	0.00014562857142857142	0.00048542857142857144	29.80639362335205	103476.5467364788
3603	1225.0504105448588	970.26	75.230224609375	0.08283099	0.00014558571428571429	0.00048528571428571436	31.11577534675598	103507.67496180534
3604	1252.1536509725854	976.98	74.98779296875	0.08282973	0.00014554285714285712	0.0004851428571428571	31.582772731781006	103539.25907588005
3605	1297.3280041208973	1014.16	75.245849609375	0.08282893	0.00014549999999999999	0.00048499999999999997	31.268149614334106	103570.54744815826
3606	1257.5703627484568	991.15	74.75341796875	0.0828282	0.00014545714285714285	0.0004848571428571429	30.630620002746582	103601.1901819706
3607	1277.4742190212753	999.29	75.011474609375	0.082827814	0.00014541428571428571	0.00048471428571428575	30.850280046463013	103632.06163573265
3608	1302.1016087010557	1011.91	75.268798828125	0.08282746	0.00014537142857142855	0.00048457142857142856	30.69107747077942	103662.76650452614
3609	1271.1042866471157	989.16	75.276611328125	0.082827136	0.00014532857142857141	0.0004844285714285714	30.927878618240356	103693.71137309074
3610	1274.7149519901043	1004.7	75.03515625	0.08282691	0.00014528571428571428	0.00048428571428571433	30.97527241706848	103724.69876170158
3611	1248.0586714589451	976.77	75.043212890625	0.08282624	0.00014524285714285711	0.0004841428571428571	30.67831540107727	103755.37876963615
3612	1288.628716480027	1014.59	75.050537109375	0.08282485	0.00014519999999999998	0.000484	30.512267351150513	103785.91554951668
3613	1269.9311822676962	993.2	75.059326171875	0.08282354	0.00014515714285714284	0.00048385714285714286	30.818803310394287	103816.75079512596
3614	1291.2009562098294	1019.61	75.0673828125	0.0828224	0.0001451142857142857	0.0004837142857142858	29.99635672569275	103846.75974273682
3615	1227.8836567574	963.44	74.8251953125	0.08282129	0.00014507142857142854	0.00048357142857142853	30.83217692375183	103877.60355210304
3616	1231.4250309399185	975.9	75.3330078125	0.082820535	0.0001450285714285714	0.00048342857142857145	30.59119939804077	103908.2067463398
3617	1236.386102823613	976.82	75.3408203125	0.08281963	0.00014498571428571427	0.0004832857142857143	31.119321584701538	103939.33878087997
3618	1304.492200592839	1020.27	75.34814453125	0.082818374	0.0001449428571428571	0.0004831428571428571	30.62744688987732	103969.9788184166
3619	1261.224644380188	986.15	75.106689453125	0.082817115	0.00014489999999999997	0.000483	30.42031764984131	104000.42300891876
3620	1237.7843716623022	985.64	75.113037109375	0.08281565	0.00014485714285714286	0.0004828571428571429	29.883317232131958	104030.31877923012
3621	1228.8690638716134	977.61	75.1220703125	0.08281484	0.00014481428571428573	0.00048271428571428575	30.243675231933594	104060.57488489151
3622	1260.5676917263258	1004.5	74.6298828125	0.08281443	0.00014477142857142856	0.00048257142857142856	30.350001335144043	104090.9282104969
3623	1264.9694126583497	1006.57	75.13720703125	0.08281421	0.00014472857142857143	0.0004824285714285714	30.519317150115967	104121.4627635479
3624	1261.451858957197	1000.91	75.145263671875	0.082813695	0.0001446857142857143	0.00048228571428571434	29.619534492492676	104151.0947432518
3625	1220.9167562539865	975.74	75.402587890625	0.08281357	0.00014464285714285713	0.0004821428571428571	29.915494203567505	104181.02272844315
3626	1256.8986977600155	1004.91	75.1611328125	0.08281367	0.0001446	0.000482	30.243561506271362	104211.27894282341
3627	1253.9345262960062	998.69	75.16796875	0.08281397	0.00014455714285714285	0.00048185714285714287	30.72230553627014	104242.00241017342
3628	1246.043956260376	985.44	75.1767578125	0.08281364	0.00014451428571428572	0.0004817142857142858	29.69960618019104	104271.7270014286
3629	1236.6439169473942	990.34	75.185791015625	0.0828138	0.00014447142857142856	0.00048157142857142854	29.482149124145508	104301.21073555946
3630	1236.60886044625	996.86	74.693603515625	0.082814254	0.00014442857142857142	0.00048142857142857145	29.579137563705444	104330.80672812462
3631	1261.2865606928424	1003.14	74.708984375	0.08281409	0.00014438571428571428	0.0004812857142857143	30.429053783416748	104361.24469542503
3632	1244.8548707285731	995.01	75.708251953125	0.08281372	0.00014434285714285712	0.0004811428571428571	31.101101875305176	104392.34677147865
3633	1242.5425569154625	998.59	74.47509765625	0.08281409	0.00014429999999999998	0.000481	29.427583694458008	104421.77900457382
3634	1181.6105218443709	948.73	75.473876953125	0.08281416	0.00014425714285714285	0.0004808571428571429	30.204288244247437	104451.99932718277
3635	1271.5981358600975	1014.49	75.357666015625	0.08281458	0.0001442142857142857	0.00048071428571428576	30.44335436820984	104482.4587802887
3636	1254.4775695138894	995.34	75.365234375	0.08281482	0.00014417142857142855	0.00048057142857142857	28.732191562652588	104511.37939500809
3637	1206.10199396534	966.31	75.373046875	0.08281474	0.0001441285714285714	0.00048042857142857143	30.297770023345947	104541.67875528336
3638	1238.1478818760272	972.88	75.38037109375	0.08281441	0.00014408571428571428	0.00048028571428571434	29.978631258010864	104571.65879106522
3639	1234.6118226270783	992.6	76.13916015625	0.08281376	0.0001440428571428571	0.0004801428571428571	29.739994764328003	104601.41902756691
3640	1276.256518372484	1010.57	74.654541015625	0.08281292	0.00014399999999999998	0.00048	29.502315282821655	104630.92275214195
3641	1263.0187467305664	1007.53	74.904541015625	0.082811244	0.00014395714285714284	0.0004798571428571429	28.00036334991455	104658.9318985939
3642	1238.38699901491	986.7	75.41259765625	0.082810074	0.0001439142857142857	0.0004797142857142858	28.06142520904541	104686.99474143982
3643	1252.2264413978742	992.31	75.420654296875	0.08280922	0.00014387142857142854	0.00047957142857142854	29.554696559906006	104716.5507440567
3644	1224.013498403639	971.32	75.927978515625	0.08280893	0.0001438285714285714	0.00047942857142857146	28.05629801750183	104744.60806035995
3645	1296.1412182166796	1020.42	74.937255859375	0.08280849	0.00014378571428571427	0.0004792857142857143	27.071542739868164	104771.69505095482
3646	1260.663397685063	1000.85	75.444580078125	0.08280807	0.0001437428571428571	0.0004791428571428571	28.047380447387695	104799.75503873825
3647	1250.1424312326783	984.75	75.45263671875	0.08280758	0.00014369999999999997	0.000479	28.107423305511475	104827.8707408905
3648	1271.154815485033	1002.76	75.709716796875	0.082807176	0.00014365714285714286	0.0004788571428571429	27.472084999084473	104855.3627705574
3649	1252.434198590381	982.51	74.968017578125	0.082806125	0.00014361428571428572	0.00047871428571428576	27.806633234024048	104883.1859858036
3650	1256.0625545171636	998.46	75.475341796875	0.08280501	0.00014357142857142856	0.00047857142857142857	28.63049340248108	104911.81779789925
3651	1239.2912360381747	982.21	75.48388671875	0.08280382	0.00014352857142857142	0.00047842857142857143	28.25175666809082	104940.07077336311
3652	1246.4258884576748	980.26	75.491455078125	0.082802474	0.0001434857142857143	0.00047828571428571435	28.41607642173767	104968.49876117706
3653	1294.3563139795058	1020.28	75.499755859375	0.0828008	0.00014344285714285713	0.0004781428571428571	28.106978178024292	104996.60692930222
3654	1272.4113659831396	997.92	75.75732421875	0.08279881	0.0001434	0.00047799999999999996	28.027323961257935	105024.64273571968
3655	1246.5277097159121	985.52	75.2646484375	0.08279712	0.00014335714285714285	0.0004778571428571429	29.279101610183716	105053.92273879051
3656	1294.4656156871422	1009.6	76.022705078125	0.082796216	0.00014331428571428572	0.0004777142857142858	27.80011534690857	105081.74332022667
3657	1230.6377181486926	961.51	75.28076171875	0.082795255	0.00014327142857142855	0.00047757142857142855	27.91164517402649	105109.6710524559
3658	1263.056893788847	991.47	76.03857421875	0.08279413	0.00014322857142857142	0.0004774285714285714	28.789697408676147	105138.47306585312
3659	1275.807568580994	1004.55	75.54638671875	0.08279311	0.00014318571428571428	0.0004772857142857143	30.552139282226562	105169.02718734741
3660	1290.974710082018	1014.82	75.553466796875	0.082791805	0.00014314285714285712	0.0004771428571428571	30.022109270095825	105199.05075931549
3661	1267.2251472063665	990.86	76.06201171875	0.082790315	0.00014309999999999998	0.000477	27.884807109832764	105226.93749594688
3662	1276.2726082552447	999.04	75.820556640625	0.08278941	0.00014305714285714285	0.00047685714285714285	29.83985948562622	105256.7787220478
3663	1262.0339765768774	987.72	75.578857421875	0.082788415	0.0001430142857142857	0.00047671428571428577	29.27459979057312	105286.08180189133
3664	1243.0846037867136	972.46	75.3359375	0.08278738	0.00014297142857142855	0.0004765714285714285	28.659784078598022	105314.74305963516
3665	1267.1899180699613	990.33	75.593994140625	0.0827869	0.0001429285714285714	0.00047642857142857144	30.710111141204834	105345.45476007462
3666	1273.2783508385457	1002.75	75.60205078125	0.082786016	0.00014288571428571427	0.0004762857142857143	30.344324827194214	105375.81168270111
3667	1251.1265853939296	987.99	75.609619140625	0.08278546	0.0001428428571428571	0.0004761428571428571	29.4099338054657	105405.2227344513
3668	1249.8919921834258	985.41	75.617431640625	0.0827849	0.00014279999999999997	0.00047599999999999997	28.06767773628235	105433.29902768135
3669	1250.30543088922	990.23	75.625	0.0827839	0.00014275714285714284	0.0004758571428571429	29.96363663673401	105463.28282618523
3670	1257.2412294209755	992.89	75.633056640625	0.08278292	0.0001427142857142857	0.00047571428571428575	28.14266037940979	105491.51104259491
3671	1252.7591240114243	987.91	75.890869140625	0.08278156	0.00014267142857142854	0.00047557142857142855	27.423200130462646	105518.93874955177
3672	1270.4396895004443	997.32	75.649169921875	0.08278015	0.0001426285714285714	0.0004754285714285714	28.938995838165283	105547.87883353233
3673	1254.787849961147	996.8	75.65673828125	0.082778715	0.0001425857142857143	0.00047528571428571433	30.11080574989319	105577.99102187157
3674	1286.2140919477845	1010.7	75.914306640625	0.082777254	0.0001425428571428571	0.0004751428571428571	30.448392868041992	105608.44776034355
3675	1264.1971613022433	997.48	75.92236328125	0.082775615	0.0001425	0.000475	30.12767767906189	105638.59109568596
3676	1283.798789089643	1008.83	75.68017578125	0.082774095	0.00014245714285714286	0.00047485714285714286	28.95549440383911	105667.56297969818
3677	1252.8985129805055	988.72	75.688232421875	0.08277228	0.00014241428571428572	0.0004747142857142858	27.34633994102478	105694.91078829765
3678	1253.922259830688	984.49	75.69580078125	0.082770735	0.00014237142857142856	0.00047457142857142853	27.91911792755127	105722.84279203415
3679	1291.9618053963627	1009.08	75.704833984375	0.0827687	0.00014232857142857142	0.00047442857142857144	27.035112857818604	105749.87904143333
3680	1235.0419692947237	968.17	75.712158203125	0.08276694	0.00014228571428571429	0.0004742857142857143	27.247079849243164	105777.13823962212
3681	1279.6053242845508	995.81	75.970458984375	0.08276565	0.00014224285714285712	0.0004741428571428571	27.143383264541626	105804.2987473011
3682	1244.2346323665852	968.2	75.727783203125	0.08276433	0.0001422	0.000474	28.10721707344055	105832.41858673096
3683	1260.2151994203834	983.83	75.9853515625	0.08276232	0.00014215714285714285	0.0004738571428571429	28.43691325187683	105860.87313342094
3684	1243.2203876901303	969.58	75.743408203125	0.08276077	0.00014211428571428571	0.00047371428571428575	27.357933521270752	105888.23503899574
3685	1267.9463006363064	992.22	75.50146484375	0.082759075	0.00014207142857142855	0.00047357142857142856	27.116350650787354	105915.36805343628
3686	1268.2662119236825	989.2	75.75927734375	0.08275861	0.00014202857142857142	0.0004734285714285714	27.834937810897827	105943.21876502037
3687	1293.7994448954535	1012.88	75.7666015625	0.08275825	0.00014198571428571428	0.00047328571428571434	30.239021062850952	105973.45875239372
3688	1222.0918493273075	964.42	75.774169921875	0.082758226	0.00014194285714285714	0.0004731428571428572	29.379162788391113	106002.84678030014
3689	1270.7832575932873	992.83	75.78271484375	0.08275864	0.00014189999999999998	0.000473	27.850386381149292	106030.69873261452
3690	1309.9473845933512	1024.0	75.791015625	0.08275944	0.00014185714285714284	0.00047285714285714287	27.76741862297058	106058.4827747345
3691	1237.3705934086036	970.37	75.79833984375	0.08275992	0.0001418142857142857	0.0004727142857142858	30.443803071975708	106088.94317626953
3692	1210.275253135788	951.77	75.805908203125	0.0827602	0.00014177142857142854	0.00047257142857142853	29.715451955795288	106118.67482614517
3693	1242.0943121877885	986.17	75.31396484375	0.08275953	0.0001417285714285714	0.00047242857142857145	29.71545720100403	106148.40273237228
3694	1290.062150138777	1012.74	75.822021484375	0.082758196	0.00014168571428571427	0.0004722857142857143	30.158106088638306	106178.57345557213
3695	1277.0281574864448	1005.34	76.080322265625	0.0827573	0.00014164285714285714	0.00047214285714285723	29.566222667694092	106208.14413380623
3696	1281.8358174905832	1001.52	75.83740234375	0.08275673	0.00014159999999999997	0.000472	28.285014629364014	106236.43077778816
3697	1284.2342327308415	1010.39	75.595947265625	0.08275581	0.00014155714285714284	0.0004718571428571429	27.257960557937622	106263.69736409187
3698	1270.379482556262	1000.85	75.853759765625	0.0827555	0.0001415142857142857	0.00047171428571428576	28.20340132713318	106291.9188170433
3699	1216.168213326415	959.89	75.987060546875	0.08275461	0.00014147142857142854	0.00047157142857142856	27.36705756187439	106319.29873228073
3700	1267.2236761116342	997.17	75.993408203125	0.08275371	0.0001414285714285714	0.0004714285714285714	27.559244632720947	106346.85901808739
3701	1267.9236408692914	998.97	76.251708984375	0.082753554	0.0001413857142857143	0.00047128571428571434	28.047618865966797	106374.9268078804
3702	1264.7570032965368	1004.14	76.01025390625	0.08275401	0.00014134285714285716	0.0004711428571428572	27.61550211906433	106402.55084609985
3703	1280.7444545835024	1008.83	75.767822265625	0.08275409	0.0001413	0.000471	27.794934511184692	106430.3581571579
3704	1284.8053119843503	1016.72	76.026123046875	0.08275353	0.00014125714285714286	0.00047085714285714287	27.321503162384033	106457.68067407608
3705	1266.698857208758	997.33	76.03369140625	0.08275262	0.00014121428571428572	0.0004707142857142858	27.436930894851685	106485.11877059937
3706	1271.8965914557893	1003.51	76.040283203125	0.082751684	0.00014117142857142856	0.00047057142857142854	29.726269721984863	106514.84673261642
3707	1254.7680651824235	991.3	77.299560546875	0.082750894	0.00014112857142857142	0.0004704285714285714	27.419408082962036	106542.2787911892
3708	1283.540366366325	1006.33	76.05712890625	0.08275	0.00014108571428571428	0.0004702857142857143	26.762431621551514	106569.04279994965
3709	1252.3569426757904	984.19	76.065185546875	0.08274899	0.00014104285714285715	0.0004701428571428572	28.739524126052856	106597.79103565216
3710	1275.0309976303395	1007.5	75.822265625	0.08274777	0.00014099999999999998	0.00047	29.323559045791626	106627.1270096302
3711	1267.1790931918977	998.46	76.330322265625	0.082746625	0.00014095714285714285	0.00046985714285714285	30.003801584243774	106657.15113735199
3712	1249.7620483158937	983.06	76.089599609375	0.08274552	0.0001409142857142857	0.00046971428571428576	29.979041814804077	106687.13123512268
3713	1251.9922717715758	991.02	76.095947265625	0.08274498	0.00014087142857142855	0.0004695714285714285	29.91349744796753	106717.06070256233
3714	1238.0126732513402	979.8	76.104736328125	0.08274443	0.0001408285714285714	0.00046942857142857143	29.620635986328125	106746.68279361725
3715	1211.290602095754	963.46	76.112060546875	0.08274361	0.00014078571428571428	0.0004692857142857143	29.895230770111084	106776.57905173302
3716	1274.1653363631658	999.84	76.1201171875	0.08274347	0.00014074285714285714	0.0004691428571428572	28.16765832901001	106804.75902438164
3717	1250.0225048535256	986.88	76.128173828125	0.082743816	0.00014069999999999998	0.00046899999999999996	28.079466819763184	106832.84705758095
3718	1203.7581834241587	968.29	76.13427734375	0.082744084	0.00014065714285714284	0.0004688571428571429	28.794655561447144	106861.64332008362
3719	1204.7355945073928	957.16	76.143310546875	0.08274438	0.0001406142857142857	0.00046871428571428574	28.083211183547974	106889.74276208878
3720	1249.8058092544443	983.15	76.14990234375	0.08274433	0.00014057142857142854	0.00046857142857142855	27.112920999526978	106916.85742115974
3721	1256.0948034270127	992.43	76.159423828125	0.082744114	0.0001405285714285714	0.0004684285714285714	27.57608652114868	106944.45478367805
3722	1223.0539553444548	975.38	76.16748046875	0.08274376	0.00014048571428571427	0.0004682857142857143	29.19826364517212	106973.6654510498
3723	1233.6081156856112	984.22	76.175537109375	0.08274336	0.00014044285714285713	0.0004681428571428572	27.45928406715393	107001.14677524567
3724	1269.0350561168439	1005.76	76.182373046875	0.082743295	0.00014039999999999997	0.000468	29.659374237060547	107030.81892347336
3725	1236.105467372477	976.72	76.19091796875	0.082743675	0.00014035714285714283	0.00046785714285714285	29.804869413375854	107060.63957166672
3726	1289.657176625552	1016.34	76.19873046875	0.082743935	0.00014031428571428573	0.00046771428571428577	30.85543966293335	107091.51473593712
3727	1243.0689605054251	988.28	76.20654296875	0.08274446	0.00014027142857142853	0.0004675714285714285	30.362897157669067	107121.89758753777
3728	1235.6394966083199	983.17	76.215576171875	0.082745105	0.00014022857142857143	0.00046742857142857144	30.20755386352539	107152.11904597282
3729	1263.9715942449316	998.84	76.472412109375	0.082745105	0.0001401857142857143	0.0004672857142857143	28.467466354370117	107180.5950088501
3730	1221.4856646988067	961.42	76.23095703125	0.08274525	0.00014014285714285715	0.0004671428571428572	27.899457931518555	107208.50698328018
3731	1273.7064012882643	1004.05	76.239013671875	0.08274545	0.0001401	0.00046699999999999997	26.52306604385376	107235.04634428024
3732	1284.8961778539299	1006.93	76.24609375	0.08274592	0.00014005714285714285	0.0004668571428571429	26.91063952445984	107261.97024869919
3733	1279.6372956673385	1004.38	76.25390625	0.08274638	0.00014001428571428572	0.00046671428571428574	26.53847026824951	107288.53373265266
3734	1286.0895569163818	1002.86	76.261962890625	0.08274651	0.00013997142857142855	0.00046657142857142855	26.507784366607666	107315.06300830841
3735	1244.0084157867889	981.04	76.27001953125	0.08274602	0.00013992857142857142	0.0004664285714285714	28.350239276885986	107343.41478872299
3736	1303.4953908014227	1012.9	76.277587890625	0.082746014	0.00013988571428571428	0.00046628571428571433	28.7230966091156	107372.13910388947
3737	1257.733021958672	989.55	76.285888671875	0.08274576	0.00013984285714285715	0.0004661428571428572	27.511902809143066	107399.65874552727
3738	1257.3763303616247	986.87	76.043212890625	0.08274519	0.00013979999999999998	0.000466	29.10630702972412	107428.76674818993
3739	1256.325451534027	991.35	76.2998046875	0.0827444	0.00013975714285714285	0.00046585714285714286	27.079272747039795	107455.85877656937
3740	1265.9785153793482	997.66	76.308837890625	0.0827434	0.0001397142857142857	0.0004657142857142858	27.43084979057312	107483.29079532623
3741	1213.6584636877135	954.41	76.31494140625	0.08274261	0.00013967142857142855	0.00046557142857142853	26.542402982711792	107509.8350174427
3742	1227.2336968118789	965.22	76.07275390625	0.08274216	0.0001396285714285714	0.00046542857142857144	27.350677251815796	107537.1870470047
3743	1237.8397165393194	970.57	75.83203125	0.08274153	0.00013958571428571427	0.0004652857142857143	26.77052593231201	107563.95911669731
3744	1192.5841129998853	933.86	76.340087890625	0.0827413	0.00013954285714285714	0.0004651428571428572	27.64850401878357	107591.61091423035
3745	1294.3109610905622	1013.88	76.348388671875	0.0827409	0.00013949999999999998	0.00046499999999999997	27.69547939300537	107619.32273578644
3746	1214.0722910058462	960.9	76.357177734375	0.08274056	0.00013945714285714284	0.0004648571428571429	26.6712589263916	107646.0107281208
3747	1236.471094276659	969.46	76.36376953125	0.08274011	0.0001394142857142857	0.00046471428571428575	27.771206378936768	107673.7987473011
3748	1198.960652934437	947.26	76.622314453125	0.082739376	0.00013937142857142854	0.00046457142857142856	26.93146824836731	107700.74278473854
3749	1186.1648222740632	927.04	76.88037109375	0.08273884	0.0001393285714285714	0.0004644285714285714	28.17090940475464	107728.91840744019
3750	1273.044606078643	1007.57	76.387939453125	0.08273817	0.00013928571428571427	0.00046428571428571433	26.83434534072876	107755.7657649517
3751	1226.5598465746239	965.84	76.396240234375	0.08273804	0.00013924285714285713	0.0004641428571428572	26.44250202178955	107782.21077036858
3752	1229.6999055446959	966.0	76.4033203125	0.082737796	0.00013919999999999997	0.000464	29.18455457687378	107811.41182756424
3753	1212.589520701113	948.34	76.411376953125	0.08273757	0.00013915714285714283	0.00046385714285714286	27.53160285949707	107838.95490503311
3754	1236.468664698091	972.15	76.419677734375	0.08273799	0.00013911428571428572	0.0004637142857142858	26.704126358032227	107865.66020035744
3755	1245.1799508245192	974.71	76.677490234375	0.082738854	0.00013907142857142853	0.00046357142857142853	27.24744486808777	107892.92275643349
3756	1217.977215739559	952.92	76.183837890625	0.08274024	0.00013902857142857142	0.00046342857142857145	27.890578508377075	107920.81503653526
3757	1226.24095957459	973.13	76.442626953125	0.08274182	0.0001389857142857143	0.0004632857142857143	27.22096610069275	107948.0444009304
3758	1243.6864821041913	980.65	76.698486328125	0.08274301	0.00013894285714285715	0.0004631428571428572	26.8834490776062	107974.9427421093
3759	1228.0601201019274	969.58	76.458740234375	0.08274413	0.0001389	0.000463	27.290640592575073	108002.2351527214
3760	1220.9860056840284	967.49	76.466552734375	0.08274534	0.00013885714285714285	0.00046285714285714284	28.130361557006836	108030.3671028614
3761	1204.3752442640814	945.53	76.473388671875	0.082746536	0.00013881428571428572	0.00046271428571428576	29.09196710586548	108059.47523450851
3762	1208.9600393996077	948.44	76.483154296875	0.082747795	0.00013877142857142855	0.0004625714285714285	27.236393928527832	108086.71335053444
3763	1228.9539542517593	963.48	76.36279296875	0.08274848	0.00013872857142857142	0.0004624285714285714	26.611881732940674	108113.34717416763
3764	1248.0931164362366	981.02	76.37255859375	0.08274935	0.00013868571428571428	0.0004622857142857143	28.10651183128357	108141.45523285866
3765	1183.9065849478845	940.14	76.129150390625	0.082750045	0.00013864285714285714	0.0004621428571428572	27.379049062728882	108168.85100507736
3766	1249.283131627492	984.08	76.638671875	0.08274976	0.00013859999999999998	0.00046199999999999995	28.07926630973816	108196.9314930439
3767	1246.3184800984207	981.5	76.64697265625	0.082749605	0.00013855714285714284	0.00046185714285714287	27.195385932922363	108224.12814807892
3768	1243.151917129889	971.1	76.161376953125	0.08274897	0.0001385142857142857	0.00046171428571428573	26.047465085983276	108250.19074034691
3769	1251.6733095827856	983.2	76.162353515625	0.08274799	0.00013847142857142855	0.00046157142857142854	29.19524908065796	108279.3947403431
3770	1231.2954728732939	972.97	76.669677734375	0.082747184	0.0001384285714285714	0.0004614285714285714	28.799642324447632	108308.20704841614
3771	1206.8696376468156	960.96	76.67822265625	0.082745425	0.00013838571428571427	0.0004612857142857143	28.50202965736389	108336.7107539177
3772	1199.6157020499772	956.26	76.68408203125	0.082744025	0.00013834285714285714	0.0004611428571428572	27.440586805343628	108364.15993022919
3773	1254.4372949214269	981.8	76.694091796875	0.08274243	0.00013829999999999997	0.000461	28.567217350006104	108392.74274682999
3774	1187.8373901060424	934.23	76.7021484375	0.08274107	0.00013825714285714284	0.00046085714285714285	27.022011518478394	108419.7660279274
3775	1234.3365770596702	970.58	76.708984375	0.08273968	0.0001382142857142857	0.00046071428571428576	29.423348665237427	108449.19105863571
3776	1265.6159041299177	994.89	76.717041015625	0.08273822	0.00013817142857142854	0.0004605714285714285	27.187227964401245	108476.39074158669
3777	1241.127689445528	975.89	76.726318359375	0.082737036	0.0001381285714285714	0.00046042857142857143	27.739514350891113	108504.14302754402
3778	1264.766702081729	987.27	76.732421875	0.082735665	0.00013808571428571427	0.0004602857142857143	27.303689002990723	108531.46297335625
3779	1192.3523682568223	941.58	76.740966796875	0.082734175	0.00013804285714285716	0.0004601428571428572	28.825660705566406	108560.29033851624
3780	1289.2694680075701	1005.79	76.749267578125	0.0827328	0.00013799999999999997	0.00045999999999999996	29.36679196357727	108589.67002677917
3781	1241.5030667909978	971.57	76.756591796875	0.08273108	0.00013795714285714286	0.0004598571428571429	30.385339975357056	108620.05670785904
3782	1284.1288258907189	1004.92	76.764892578125	0.082729734	0.00013791428571428572	0.00045971428571428574	30.43714928627014	108650.49549746513
3783	1259.4384961146905	982.45	76.773193359375	0.08272842	0.00013787142857142853	0.00045957142857142854	30.89292573928833	108681.39072370529
3784	1287.5370951489704	1001.87	76.780029296875	0.08272665	0.00013782857142857142	0.0004594285714285714	30.91101336479187	108712.30274677277
3785	1225.217382666551	965.28	76.788330078125	0.08272512	0.00013778571428571429	0.0004592857142857143	29.986743211746216	108742.30226230621
3786	1255.2428750906727	977.93	76.796142578125	0.08272306	0.00013774285714285715	0.0004591428571428572	29.59123992919922	108771.90672922134
3787	1238.941687927492	973.23	76.803955078125	0.08272096	0.00013769999999999999	0.000459	29.54457998275757	108801.45607018471
3788	1181.0880174976933	936.75	76.81201171875	0.08271972	0.00013765714285714285	0.00045885714285714285	27.264837503433228	108828.73229598999
3789	1269.7426789789542	995.68	76.818115234375	0.0827186	0.00013761428571428571	0.00045871428571428577	29.70695471763611	108858.45422077179
3790	1166.6504560095786	922.13	76.82666015625	0.082717665	0.00013757142857142855	0.0004585714285714285	30.25878667831421	108888.71475958824
3791	1204.1148874722153	954.56	76.834716796875	0.082716525	0.00013752857142857141	0.00045842857142857144	29.45351529121399	108918.16999578476
3792	1213.9711684184415	951.97	76.84326171875	0.08271561	0.00013748571428571428	0.0004582857142857143	30.383373975753784	108948.55499053001
3793	1231.8276897829983	967.72	76.8505859375	0.08271454	0.00013744285714285714	0.0004581428571428572	30.463573217391968	108979.03106975555
3794	1249.1348262206557	974.21	76.85986328125	0.08271321	0.00013739999999999998	0.00045799999999999997	31.149940729141235	109010.1827301979
3795	1220.7015684311516	955.33	76.867431640625	0.082711644	0.00013735714285714284	0.0004578571428571429	30.31533455848694	109040.49928307533
3796	1212.988593326478	943.01	76.3740234375	0.082710184	0.0001373142857142857	0.00045771428571428574	30.171721696853638	109070.6831934452
3797	1220.4921881382404	959.28	76.633544921875	0.082708664	0.00013727142857142854	0.00045757142857142855	29.53526520729065	109100.23479056358
3798	1242.7771761041604	976.95	76.8896484375	0.08270762	0.0001372285714285714	0.0004574285714285714	30.020139932632446	109130.27129149437
3799	1211.2223260494661	957.44	76.64892578125	0.08270624	0.00013718571428571427	0.0004572857142857143	29.498839855194092	109159.77835345268
3800	1231.6215875170674	971.73	76.90673828125	0.08270502	0.00013714285714285713	0.0004571428571428572	30.85555410385132	109190.65094137192
3801	1268.2709137678628	1002.63	76.9140625	0.08270351	0.00013709999999999997	0.000457	29.95584774017334	109220.6230893135
3802	1238.513482454562	974.11	76.92138671875	0.08270209	0.00013705714285714284	0.00045685714285714286	29.123433828353882	109249.75503993034
3803	1257.6026532901642	986.58	76.92626953125	0.08270043	0.0001370142857142857	0.00045671428571428577	30.399391889572144	109280.1668150425
3804	1270.3077934925716	1002.62	76.936767578125	0.08269877	0.00013697142857142854	0.0004565714285714285	29.57124948501587	109309.75073719025
3805	1252.60195793526	991.41	76.94580078125	0.0826974	0.0001369285714285714	0.00045642857142857144	30.46330738067627	109340.22675418854
3806	1198.893824488324	952.14	77.453369140625	0.08269597	0.00013688571428571426	0.0004562857142857143	30.50264286994934	109370.73084378242
3807	1203.9765532923457	959.17	76.961669921875	0.08269472	0.00013684285714285715	0.0004561428571428572	30.346818685531616	109401.0793120861
3808	1268.8816188507924	1006.43	76.96875	0.08269342	0.00013679999999999996	0.00045599999999999997	30.029700756072998	109431.11073708534
3809	1240.0715197657635	985.07	76.97705078125	0.082691915	0.00013675714285714286	0.00045585714285714283	31.211424112319946	109462.34273481369
3810	1243.2003467755374	996.13	76.48486328125	0.08269132	0.00013671428571428572	0.00045571428571428575	30.232423067092896	109492.57675170898
3811	1249.810535775828	991.17	76.74365234375	0.08269132	0.00013667142857142856	0.0004555714285714285	27.86300826072693	109520.44276428223
3812	1213.2267237014983	976.62	77.0009765625	0.08269094	0.00013662857142857142	0.0004554285714285714	27.764351844787598	109548.21584677696
3813	1242.9272567440544	988.07	77.007080078125	0.082690336	0.00013658571428571428	0.0004552857142857143	27.909687757492065	109576.12677192688
3814	1230.7906286519333	969.14	77.016845703125	0.08268929	0.00013654285714285715	0.0004551428571428572	28.463096618652344	109604.59160208702
3815	1268.4343387525307	998.2	77.02392578125	0.08268848	0.00013649999999999998	0.00045499999999999995	27.46405005455017	109632.07874083519
3816	1218.13124026409	957.92	77.03173828125	0.08268766	0.00013645714285714285	0.00045485714285714286	30.18489646911621	109662.28029799461
3817	1226.7017986229105	962.03	77.04052734375	0.08268689	0.0001364142857142857	0.0004547142857142857	31.8771915435791	109694.15902280807
3818	1191.1422301193793	947.15	77.048583984375	0.08268588	0.00013637142857142858	0.00045457142857142864	29.39134192466736	109723.56275057793
3819	1204.5511874739461	943.74	77.056396484375	0.08268474	0.0001363285714285714	0.0004544285714285714	29.907151699066162	109753.48274111748
3820	1135.9729378303084	888.16	77.063232421875	0.0826837	0.00013628571428571428	0.0004542857142857143	29.367218017578125	109782.86272764206
3821	1182.662683558566	934.64	77.321533203125	0.082682334	0.00013624285714285714	0.00045414285714285717	28.939430713653564	109811.81502532959
3822	1189.0835186769543	938.61	77.076904296875	0.08268123	0.00013619999999999998	0.000454	30.819881200790405	109842.64732503891
3823	1145.4234679187368	913.36	76.837158203125	0.08268037	0.00013615714285714284	0.00045385714285714284	30.372345685958862	109873.03185677528
3824	1141.5419690637652	904.38	77.09521484375	0.08267971	0.0001361142857142857	0.00045371428571428575	29.376946210861206	109902.41055202484
3825	1191.8749132275411	934.75	77.602783203125	0.08267939	0.00013607142857142857	0.0004535714285714286	29.015250205993652	109931.44274830818
3826	1121.9446805853893	889.94	77.1103515625	0.082679085	0.0001360285714285714	0.0004534285714285714	28.26785659790039	109959.71925163269
3827	1145.8849832887724	904.94	77.117431640625	0.08267918	0.00013598571428571427	0.0004532857142857143	27.143754243850708	109986.88300561905
3828	1125.0848137088872	890.21	77.1298828125	0.08267935	0.00013594285714285713	0.0004531428571428572	27.164769649505615	110014.05625200272
3829	1215.436159592559	950.7	77.139404296875	0.082679324	0.00013589999999999997	0.00045299999999999995	27.803386688232422	110041.87501263618
3830	1199.464571873193	932.85	77.399169921875	0.08267895	0.00013585714285714283	0.00045285714285714287	27.963350772857666	110069.8507437706
3831	1235.398860040659	974.34	76.166259765625	0.08267874	0.0001358142857142857	0.00045271428571428573	27.95567750930786	110097.81512069702
3832	1230.71988050726	964.56	77.418212890625	0.082678564	0.0001357714285714286	0.00045257142857142864	28.48193097114563	110126.29872322083
3833	1263.4131029784644	987.12	77.178466796875	0.08267801	0.0001357285714285714	0.0004524285714285714	28.587218523025513	110154.89474320412
3834	1228.9195399973755	968.02	77.18701171875	0.082677275	0.0001356857142857143	0.0004522857142857143	27.223246335983276	110182.12275195122
3835	1276.593739068685	1004.8	77.1982421875	0.08267709	0.00013564285714285715	0.0004521428571428572	28.126272439956665	110210.25075507164
3836	1253.2037511715173	984.39	77.207275390625	0.08267652	0.00013559999999999996	0.000452	28.451406002044678	110238.71080136299
3837	1250.8301749647442	989.31	77.7177734375	0.08267581	0.00013555714285714285	0.00045185714285714284	25.75153088569641	110264.4707877636
3838	1269.6534897521522	992.55	77.2275390625	0.08267481	0.00013551428571428572	0.00045171428571428576	28.655425310134888	110293.1307990551
3839	1228.927615734672	965.48	77.2373046875	0.08267361	0.00013547142857142858	0.0004515714285714286	29.114647150039673	110322.24704194069
3840	1257.9022529522126	981.45	77.4970703125	0.08267269	0.00013542857142857142	0.00045142857142857143	29.446147203445435	110351.69474005699
3841	1215.0415499686503	952.03	77.006591796875	0.082671724	0.00013538571428571428	0.0004512857142857143	32.23048448562622	110383.92680644989
3842	1256.6441399544676	982.29	77.0166015625	0.082670696	0.00013534285714285715	0.0004511428571428572	29.590526342391968	110413.518846035
3843	1209.4583471657313	948.11	77.269287109375	0.08266916	0.00013529999999999998	0.00045099999999999996	31.71575427055359	110445.2390537262
3844	1248.036497257898	977.1	76.8955078125	0.08266826	0.00013525714285714285	0.0004508571428571429	35.575793743133545	110480.82707476616
3845	1229.7181496720186	971.39	76.962890625	0.08266764	0.0001352142857142857	0.00045071428571428573	35.93549871444702	110516.7707555294
3846	1242.7864377366802	974.48	77.01171875	0.08266734	0.00013517142857142857	0.00045057142857142865	33.76335668563843	110550.54674816132
3847	1290.9389759599362	1008.52	76.548828125	0.08266676	0.0001351285714285714	0.0004504285714285714	31.041982889175415	110581.60530519485
3848	1286.140093598642	1001.39	76.80859375	0.082665436	0.00013508571428571427	0.0004502857142857143	29.690236806869507	110611.29680085182
3849	1269.4315667166586	990.86	77.310546875	0.08266461	0.00013504285714285714	0.0004501428571428572	30.015352249145508	110641.31320905685
3850	1251.0117769741928	970.21	77.31396484375	0.08266442	0.00013499999999999997	0.00045	30.795519590377808	110672.12680339813
3851	1199.0285856128176	941.89	77.072998046875	0.08266419	0.00013495714285714284	0.00044985714285714285	30.64356541633606	110702.77174925804
3852	1255.1507114412389	974.96	76.835205078125	0.082663715	0.0001349142857142857	0.00044971428571428576	31.967106819152832	110734.75077390671
3853	1245.7020000352825	973.97	77.093994140625	0.08266267	0.00013487142857142857	0.0004495714285714286	32.014570236206055	110766.76683735847
3854	1258.3204016822228	981.18	77.1044921875	0.082661636	0.0001348285714285714	0.00044942857142857143	31.651625871658325	110798.6747841835
3855	1244.4541853095104	984.67	76.863525390625	0.08266043	0.00013478571428571427	0.0004492857142857143	32.08292579650879	110830.75877332687
3856	1284.4263423742734	1007.05	76.873779296875	0.082659006	0.00013474285714285713	0.0004491428571428572	31.09074878692627	110861.86234736443
3857	1251.4142588216405	971.34	77.135986328125	0.082657196	0.00013469999999999997	0.00044899999999999996	31.695730447769165	110893.73508691788
3858	1297.083631365586	1008.34	77.645751953125	0.0826558	0.00013465714285714283	0.0004488571428571429	30.57891535758972	110924.31528663635
3859	1263.3590702642164	988.39	78.1552734375	0.082654774	0.0001346142857142857	0.00044871428571428574	33.57016563415527	110957.88709282875
3860	1254.1766318245404	985.66	77.096435546875	0.08265368	0.00013457142857142859	0.00044857142857142866	33.48681449890137	110991.38621783257
3861	1257.942581903196	987.51	77.075927734375	0.08265216	0.0001345285714285714	0.0004484285714285714	34.14807605743408	111025.54275655746
3862	1263.3563465152886	987.82	76.962890625	0.0826508	0.0001344857142857143	0.00044828571428571427	33.26725172996521	111058.81105136871
3863	1250.715011172293	981.18	76.736572265625	0.08264967	0.00013444285714285715	0.0004481428571428572	33.12338709831238	111091.94674038887
3864	1246.4570722395604	969.46	77.00341796875	0.08264916	0.0001344	0.00044799999999999994	32.7269344329834	111124.6750869751
3865	1288.2482143913328	1002.65	77.0146484375	0.08264861	0.00013435714285714285	0.00044785714285714285	32.634291648864746	111157.31102824211
3866	1263.1714388838832	991.33	77.022705078125	0.08264822	0.00013431428571428571	0.0004477142857142857	32.29222583770752	111189.87105083466
3867	1272.191830079125	989.11	77.030517578125	0.0826472	0.00013427142857142858	0.00044757142857142863	31.391218423843384	111221.27478528023
3868	1278.9267260673255	990.0	77.03857421875	0.082646094	0.00013422857142857142	0.0004474285714285714	31.535449266433716	111252.82279968262
3869	1252.6216057001952	974.2	76.989990234375	0.082645126	0.00013418571428571428	0.0004472857142857143	33.979522705078125	111286.81901073456
3870	1227.3877254640106	962.84	76.953369140625	0.08264471	0.00013414285714285714	0.00044714285714285716	32.003042221069336	111318.83084917068
3871	1259.7187967864106	981.1	76.94091796875	0.08264448	0.00013409999999999998	0.00044699999999999997	31.61097025871277	111350.46166467667
3872	1247.2767968052722	977.08	76.208251953125	0.082644165	0.00013405714285714284	0.00044685714285714283	31.098640203475952	111381.56279945374
3873	1313.713026031588	1018.68	77.709228515625	0.08264338	0.0001340142857142857	0.00044671428571428575	33.65888047218323	111415.2232978344
3874	1287.1123347888256	998.17	76.9267578125	0.08264278	0.00013397142857142857	0.0004465714285714286	33.516653299331665	111448.84675478935
3875	1242.400434394933	971.66	76.962646484375	0.08264249	0.0001339285714285714	0.0004464285714285714	32.94803977012634	111481.80349731445
3876	1251.337243699007	987.06	76.973876953125	0.08264193	0.00013388571428571427	0.0004462857142857143	35.011337757110596	111516.8307902813
3877	1223.4262477631128	957.95	76.73193359375	0.08264116	0.00013384285714285714	0.0004461428571428572	33.44686245918274	111550.27929067612
3878	1237.7969893060347	969.9	76.9501953125	0.08264017	0.00013379999999999997	0.00044599999999999994	34.27182984352112	111584.5830693245
3879	1228.8793923080068	966.7	76.960693359375	0.082639836	0.00013375714285714284	0.00044585714285714286	33.642664670944214	111618.22724056244
3880	1243.620308143979	976.16	76.97021484375	0.082639776	0.0001337142857142857	0.0004457142857142857	32.33729004859924	111650.5672519207
3881	1227.4572416077135	966.19	76.980224609375	0.08263984	0.00013367142857142856	0.00044557142857142864	33.37732982635498	111683.94710302353
3882	1265.8727013720122	987.49	76.989501953125	0.08263981	0.0001336285714285714	0.0004454285714285714	32.80201530456543	111716.75076031685
3883	1204.22833940907	943.04	76.74853515625	0.082640715	0.00013358571428571426	0.0004452857142857143	32.779080629348755	111749.54273986816
3884	1240.1930182280607	967.35	76.75537109375	0.08264148	0.00013354285714285713	0.00044514285714285717	31.918680667877197	111781.47803163528
3885	1210.6256026684282	946.98	77.015380859375	0.082642294	0.00013349999999999997	0.000445	31.767566919326782	111813.33485937119
3886	1234.8901496801802	962.27	77.02490234375	0.0826427	0.00013345714285714283	0.00044485714285714284	31.722217082977295	111845.05881142616
3887	1235.9716178591943	959.52	76.78515625	0.08264305	0.00013341428571428572	0.00044471428571428575	32.85897970199585	111877.92283678055
3888	1247.2801853919548	973.51	76.544189453125	0.0826434	0.00013337142857142858	0.0004445714285714286	32.00373935699463	111910.08746623993
3889	1204.2366974964095	949.39	77.30419921875	0.0826438	0.0001333285714285714	0.0004444285714285714	32.20207500457764	111942.30179333687
3890	1230.879694146829	964.47	76.81396484375	0.08264377	0.00013328571428571428	0.0004442857142857143	32.0955867767334	111974.41481542587
3891	1222.9321573505567	954.56	77.32421875	0.08264381	0.00013324285714285715	0.0004441428571428572	32.35876250267029	112006.7747490406
3892	1240.3667520833392	964.8	76.833251953125	0.08264411	0.00013319999999999999	0.00044399999999999995	34.39046502113342	112041.16681933403
3893	1214.2362824071017	955.09	77.5927734375	0.0826441	0.00013315714285714285	0.00044385714285714287	33.54783606529236	112074.71671438217
3894	1249.1678159591231	983.31	77.35302734375	0.08264416	0.0001331142857142857	0.00044371428571428573	34.20721507072449	112108.93873500824
3895	1257.717251441727	981.02	76.984375	0.08264405	0.00013307142857142858	0.00044357142857142864	33.34890794754028	112142.29107022285
3896	1266.6262379642803	985.93	76.993408203125	0.08264378	0.0001330285714285714	0.0004434285714285714	33.64750790596008	112175.95077061653
3897	1233.4073035207207	974.39	77.25	0.08264353	0.00013298571428571428	0.0004432857142857143	33.6877224445343	112209.65480947495
3898	1292.1972011465223	1006.45	77.244140625	0.08264307	0.00013294285714285714	0.0004431428571428572	33.61998534202576	112243.28947663307
3899	1243.6846119017873	975.35	77.00146484375	0.08264223	0.00013289999999999998	0.000443	32.3273184299469	112275.61857151985
3900	1276.8288275384643	1006.93	77.26171875	0.08264117	0.00013285714285714284	0.00044285714285714284	31.214834451675415	112306.86207151413
3901	1251.2287429950186	985.73	77.22314453125	0.0826399	0.0001328142857142857	0.00044271428571428576	32.51933932304382	112339.38277411461
3902	1269.749926676553	996.04	77.231201171875	0.08263845	0.00013277142857142857	0.0004425714285714286	33.90124797821045	112373.2867603302
3903	1239.3626429247186	984.58	77.488525390625	0.08263693	0.0001327285714285714	0.0004424285714285714	32.58713936805725	112405.87550592422
3904	1264.0651482226845	1007.9	77.240234375	0.08263529	0.00013268571428571427	0.0004422857142857143	33.09133505821228	112439.09078216553
3905	1249.053149375172	983.62	77.221923828125	0.0826343	0.00013264285714285713	0.0004421428571428572	33.76997470855713	112472.8627603054
3906	1227.4902152870075	962.72	77.33154296875	0.08263352	0.00013259999999999997	0.00044199999999999996	33.86598443984985	112506.7334728241
3907	1260.4357016471852	994.86	77.10986328125	0.082633235	0.00013255714285714283	0.00044185714285714287	30.08761429786682	112536.82276439667
3908	1266.4782425110147	1003.96	77.1181640625	0.08263298	0.0001325142857142857	0.00044171428571428573	33.663578748703	112570.48840761185
3909	1278.099929002754	1008.75	76.625	0.082632326	0.00013247142857142856	0.00044157142857142865	33.25822710990906	112603.75107574463
3910	1264.9976053712487	1001.83	77.135009765625	0.0826316	0.0001324285714285714	0.0004414285714285714	33.06282877922058	112637.19119739532
3911	1278.0315200384089	1010.69	77.908935546875	0.08263078	0.00013238571428571426	0.0004412857142857143	32.236530780792236	112669.43074274063
3912	1262.861940057078	1002.82	77.168701171875	0.08263012	0.00013234285714285713	0.0004411428571428572	32.07891893386841	112701.51077198982
3913	1218.5956881821235	970.21	77.175537109375	0.082629286	0.00013229999999999996	0.00044099999999999993	33.07444953918457	112734.58679056168
3914	1247.7763960857371	987.67	76.934326171875	0.08262883	0.00013225714285714283	0.00044085714285714285	33.87285542488098	112768.46129393578
3915	1233.8555182209811	970.11	77.44140625	0.08262896	0.00013221428571428572	0.0004407142857142857	32.907593965530396	112801.39078235626
3916	1265.0586690684506	999.27	76.698486328125	0.082629256	0.00013217142857142858	0.0004405714285714286	34.00958442687988	112835.41298556328
3917	1225.7428241025727	971.32	77.2080078125	0.0826292	0.00013212857142857142	0.0004404285714285714	32.12771725654602	112867.54255461693
3918	1224.7051671888066	965.7	77.2158203125	0.082628734	0.00013208571428571428	0.0004402857142857143	33.43021488189697	112900.99343276024
3919	1296.4664309031662	1013.73	77.721923828125	0.08262832	0.00013204285714285715	0.00044014285714285715	32.95961403846741	112934.09885549545
3920	1272.0062955453677	999.39	78.230712890625	0.08262765	0.00013199999999999998	0.00043999999999999996	34.19636511802673	112968.31561160088
3921	1273.2692369366102	991.21	76.74658203125	0.082627766	0.00013195714285714285	0.0004398571428571428	32.907530307769775	113001.47479987144
3922	1270.5661039792876	984.19	77.2470703125	0.08262766	0.0001319142857142857	0.00043971428571428574	32.49915146827698	113033.99077749252
3923	1258.4933088410187	981.94	77.504638671875	0.08262718	0.00013187142857142857	0.0004395714285714286	32.35468006134033	113066.36584234238
3924	1251.5720957197123	979.19	77.012939453125	0.08262665	0.0001318285714285714	0.0004394285714285714	32.26773524284363	113098.63479685783
3925	1233.505829180586	966.02	77.02001953125	0.08262672	0.00013178571428571428	0.00043928571428571427	32.407004594802856	113131.05479288101
3926	1280.3622995579153	1000.51	77.277099609375	0.08262631	0.00013174285714285714	0.0004391428571428572	32.69823122024536	113163.75457525253
3927	1274.7227508385567	992.51	77.286865234375	0.08262565	0.00013169999999999998	0.00043899999999999994	33.2424259185791	113196.99905180931
3928	1263.587558845149	985.22	77.294677734375	0.08262526	0.00013165714285714284	0.00043885714285714285	33.75926327705383	113230.770768404
3929	1245.391123598462	960.72	77.0498046875	0.08262461	0.0001316142857142857	0.0004387142857142857	32.74311971664429	113263.51542401314
3930	1257.4013997490306	978.33	77.310302734375	0.08262388	0.00013157142857142857	0.00043857142857142863	32.01577639579773	113295.54695224762
3931	1238.5800656062208	958.91	77.318115234375	0.082623355	0.0001315285714285714	0.0004384285714285714	33.26983857154846	113328.81883645058
3932	1278.951831295808	1000.08	76.82568359375	0.082622916	0.00013148571428571427	0.0004382857142857143	32.78680467605591	113361.60679864883
3933	1286.0636586770486	998.32	77.332763671875	0.08262243	0.00013144285714285713	0.00043814285714285716	32.27081370353699	113393.87878155708
3934	1253.6575864025144	978.36	77.591064453125	0.08262225	0.00013139999999999997	0.00043799999999999997	34.69974446296692	113428.58322000504
3935	1249.1454358067908	975.78	77.34912109375	0.08262173	0.00013135714285714283	0.00043785714285714283	33.06386995315552	113461.6552093029
3936	1214.4784407767474	950.85	77.355224609375	0.082621545	0.0001313142857142857	0.00043771428571428574	32.82244110107422	113494.47877216339
3937	1286.6872624306793	1010.47	78.11474609375	0.08262164	0.00013127142857142856	0.0004375714285714286	33.531264543533325	113528.01112008095
3938	1281.4583608930595	1001.2	78.37255859375	0.0826217	0.0001312285714285714	0.0004374285714285714	34.52725338935852	113562.54696798325
3939	1243.097895108199	971.62	77.380126953125	0.08262243	0.00013118571428571426	0.0004372857142857143	33.495418310165405	113596.06277537346
3940	1283.1640150482006	1004.02	77.638427734375	0.082623184	0.00013114285714285715	0.0004371428571428572	33.97449731826782	113630.03921747208
3941	1266.7096667929682	990.65	77.39599609375	0.08262342	0.00013110000000000002	0.00043700000000000005	32.350337505340576	113662.39123344421
3942	1265.4332351980686	999.08	77.4052734375	0.08262394	0.00013105714285714282	0.00043685714285714286	32.13070511817932	113694.53475999832
3943	1266.6178427309655	996.51	77.41259765625	0.08262489	0.00013101428571428572	0.0004367142857142857	34.10828351974487	113728.64473605156
3944	1291.5337187093928	1018.33	77.418701171875	0.08262526	0.00013097142857142858	0.00043657142857142864	32.691834688186646	113761.33876490593
3945	1274.8323303581446	1003.37	77.427734375	0.082625374	0.00013092857142857142	0.0004364285714285714	33.484230518341064	113794.83946609497
3946	1214.3080652592362	966.21	76.93603515625	0.08262559	0.00013088571428571428	0.0004362857142857143	32.568955421447754	113827.40972304344
3947	1277.8720955531649	1014.5	77.44287109375	0.08262542	0.00013084285714285714	0.00043614285714285717	33.39956021308899	113860.81076312065
3948	1231.6219149734623	989.25	77.451171875	0.082624875	0.0001308	0.0004360000000000001	33.99483942985535	113894.80669498444
3949	1238.7518409574488	987.36	77.458984375	0.082624145	0.00013075714285714284	0.00043585714285714283	33.933478355407715	113928.8933980465
3950	1285.8141853415848	1016.64	77.466796875	0.082623325	0.0001307142857142857	0.00043571428571428575	32.39474964141846	113961.3027985096
3951	1224.6429194371287	970.37	76.974853515625	0.08262227	0.00013067142857142857	0.0004355714285714286	32.69938397407532	113994.01475024223
3952	1259.1237127558275	991.17	77.732177734375	0.08262158	0.0001306285714285714	0.0004354285714285714	33.80360674858093	114027.83108496666
3953	1250.5682105002943	991.93	77.240234375	0.08262146	0.00013058571428571427	0.0004352857142857143	34.1986939907074	114062.0346956253
3954	1259.0427954771005	998.53	77.498046875	0.082620986	0.00013054285714285714	0.0004351428571428572	33.796350717544556	114095.83381795883
3955	1251.431869048237	996.73	77.505859375	0.08262041	0.0001305	0.00043500000000000006	31.46407651901245	114127.31537556648
3956	1258.0165198599682	995.86	77.512451171875	0.08261991	0.00013045714285714284	0.00043485714285714286	31.977921724319458	114159.29479408264
3957	1271.231891778143	1006.89	77.271240234375	0.08261944	0.0001304142857142857	0.0004347142857142857	34.02623391151428	114193.32968330383
3958	1273.1425556780193	1006.73	77.5302734375	0.082619235	0.00013037142857142857	0.00043457142857142864	33.487488746643066	114226.83879542351
3959	1247.6383184800281	984.68	77.663330078125	0.08261927	0.0001303285714285714	0.0004344285714285714	33.87034630775452	114260.71106982231
3960	1234.9143516814263	980.79	77.919677734375	0.08261896	0.00013028571428571427	0.0004342857142857143	33.58771347999573	114294.30711007118
3961	1234.855718445975	967.41	77.67822265625	0.082618214	0.00013024285714285713	0.00043414285714285717	34.729015827178955	114329.05226993561
3962	1261.839618907358	990.31	77.936767578125	0.08261698	0.0001302	0.0004340000000000001	34.06397080421448	114363.3073630333
3963	1242.0891671869374	976.49	78.194580078125	0.08261585	0.00013015714285714283	0.00043385714285714284	33.70728826522827	114397.02678155899
3964	1260.1007387638692	993.32	77.45068359375	0.08261465	0.0001301142857142857	0.0004337142857142857	33.56727957725525	114430.60676693916
3965	1264.581444900395	1003.02	77.710205078125	0.0826134	0.00013007142857142856	0.0004335714285714286	32.46716237068176	114463.0869820118
3966	1235.5072595864633	970.31	77.71728515625	0.0826122	0.0001300285714285714	0.00043342857142857137	35.2689790725708	114498.35877156258
3967	1271.6425455829042	1001.77	77.725830078125	0.08261081	0.00012998571428571426	0.0004332857142857143	32.79113221168518	114531.1511478424
3968	1263.9556580642534	993.1	77.7333984375	0.0826099	0.00012994285714285715	0.00043314285714285715	33.59793448448181	114564.75089430809
3969	1248.5888432044958	978.26	77.491455078125	0.0826095	0.0001299	0.00043300000000000006	33.43134617805481	114598.2027771473
3970	1274.194786279064	1001.01	77.2490234375	0.082609184	0.00012985714285714285	0.0004328571428571428	33.28684973716736	114631.49073886871
3971	1287.2019216129236	1002.66	77.756591796875	0.08260854	0.00012981428571428571	0.00043271428571428573	32.805480003356934	114664.29759693146
3972	1252.8917707517287	991.29	77.764892578125	0.08260844	0.00012977142857142858	0.0004325714285714286	33.31670641899109	114697.63140130043
3973	1243.0514396337205	981.43	77.7724609375	0.082607985	0.00012972857142857141	0.0004324285714285714	34.27993035316467	114731.92334198952
3974	1247.1186013208119	988.1	77.78076171875	0.08260779	0.00012968571428571428	0.00043228571428571426	33.398499488830566	114765.32310533524
3975	1296.4308253553263	1010.76	77.29638671875	0.08260708	0.00012964285714285714	0.0004321428571428572	34.271312952041626	114799.59879374504
3976	1236.3527199391986	977.35	77.795654296875	0.08260575	0.0001296	0.00043200000000000004	33.559558153152466	114833.57512140274
3977	1270.3440612936754	1002.69	77.804931640625	0.08260393	0.00012955714285714284	0.00043185714285714285	33.6425895690918	114867.49805784225
3978	1228.4975906703348	964.96	77.56298828125	0.08260277	0.0001295142857142857	0.0004317142857142857	33.33995819091797	114901.73476266861
3979	1251.9119878642	999.84	77.82080078125	0.082601726	0.00012947142857142857	0.0004315714285714286	33.075743198394775	114934.82700634003
3980	1258.6854058511456	996.49	77.828369140625	0.08260095	0.0001294285714285714	0.0004314285714285714	33.55667328834534	114968.38540577888
3981	1274.442176270499	1007.29	77.83642578125	0.08260009	0.00012938571428571427	0.0004312857142857143	32.60799527168274	115001.2947897911
3982	1170.912288000795	921.33	77.59326171875	0.082599424	0.00012934285714285713	0.00043114285714285715	31.793684482574463	115033.09078121185
3983	1263.250712352197	1005.61	77.852294921875	0.08259893	0.0001293	0.00043100000000000007	32.17231774330139	115065.68670845032
3984	1250.0546874751258	992.57	77.609619140625	0.08259841	0.00012925714285714284	0.0004308571428571428	32.92319297790527	115098.62676310539
3985	1241.4857097661522	988.0	78.61767578125	0.08259799	0.0001292142857142857	0.00043071428571428574	32.57916188240051	115131.2188270092
3986	1212.2362864043214	957.64	77.875	0.08259796	0.00012917142857142856	0.0004305714285714286	33.29059720039368	115164.51809549332
3987	1241.524063215145	982.1	77.88330078125	0.08259747	0.0001291285714285714	0.0004304285714285714	32.755579710006714	115197.27481007576
3988	1218.6626928569153	960.13	77.89111328125	0.082596585	0.00012908571428571426	0.00043028571428571427	33.79041051864624	115231.06675100327
3989	1205.3347847064904	941.66	77.898681640625	0.08259634	0.00012904285714285713	0.0004301428571428572	33.78753399848938	115264.87104940414
3990	1158.4547242671888	915.21	78.156982421875	0.08259571	0.000129	0.00043000000000000004	33.40331029891968	115298.28674888611
3991	1230.7036209597643	972.17	77.6630859375	0.082595415	0.00012895714285714283	0.00042985714285714285	33.63160967826843	115331.92306923866
3992	1187.175683690055	933.99	77.92333984375	0.082594685	0.0001289142857142857	0.0004297142857142857	33.54094481468201	115365.59484148026
3993	1212.0025542176636	967.44	77.93115234375	0.082593806	0.00012887142857142858	0.00042957142857142863	32.7466676235199	115398.34307193756
3994	1243.6533722765942	976.91	77.936767578125	0.08259295	0.0001288285714285714	0.0004294285714285714	33.46208119392395	115431.80674934387
3995	1256.5567272269393	975.64	77.945068359375	0.08259197	0.00012878571428571426	0.0004292857142857143	33.62018799781799	115465.42868113518
3996	1255.2004267317118	976.08	78.4541015625	0.082590885	0.00012874285714285715	0.00042914285714285716	32.946404695510864	115498.37665963173
3997	1236.4208322539532	966.38	77.962158203125	0.082590096	0.0001287	0.0004290000000000001	32.31978797912598	115530.71916151047
3998	1257.238932382414	981.23	77.969970703125	0.08258977	0.00012865714285714285	0.0004288571428571428	32.46243715286255	115563.33083629608
3999	1228.4391144364042	960.53	77.97705078125	0.08258893	0.0001286142857142857	0.00042871428571428574	32.608458042144775	115595.955753088
4000	1281.542314943728	1007.75	77.9853515625	0.082588114	0.00012857142857142858	0.0004285714285714286	33.20974063873291	115629.16679906845
4001	1283.6889423084604	994.04	77.9931640625	0.0825868	0.0001285285714285714	0.0004284285714285714	32.21478581428528	115661.39478302002
4002	1256.3370351103458	983.03	78.0009765625	0.082585536	0.00012848571428571428	0.00042828571428571427	33.24947953224182	115694.64674305916
4003	1251.2672652826293	972.83	78.258056640625	0.08258425	0.00012844285714285714	0.0004281428571428572	32.8396053314209	115727.55083036423
4004	1235.9384092138043	968.64	78.0166015625	0.08258238	0.0001284	0.00042800000000000005	33.730735540390015	115761.28980612755
4005	1256.2376492110673	980.84	77.773193359375	0.08258071	0.00012835714285714284	0.00042785714285714286	32.92700481414795	115794.21875
4006	1270.7124816151343	991.23	77.2890625	0.08257908	0.0001283142857142857	0.0004277142857142857	33.972944498062134	115828.21563649178
4007	1273.6387530319582	989.41	78.040283203125	0.08257772	0.00012827142857142857	0.00042757142857142863	30.38880705833435	115858.75476169586
4008	1270.7849521659368	985.39	78.048583984375	0.08257661	0.0001282285714285714	0.0004274285714285714	30.199835538864136	115888.9750688076
4009	1292.5174418926397	1001.7	77.556640625	0.08257556	0.00012818571428571427	0.0004272857142857143	28.058998346328735	115917.04675245285
4010	1271.3502658312868	993.83	78.064697265625	0.08257451	0.00012814285714285713	0.00042714285714285716	28.15531611442566	115945.21474266052
4011	1277.5004799296971	994.04	78.0712890625	0.08257373	0.0001281	0.0004270000000000001	30.23916792869568	115975.46676802635
4012	1219.1489141898817	957.12	78.079833984375	0.08257272	0.00012805714285714283	0.00042685714285714283	30.62623119354248	116006.09425067902
4013	1241.148200127145	968.41	78.08447265625	0.08257135	0.0001280142857142857	0.00042671428571428575	29.718778610229492	116035.81501221657
4014	1217.4823505572335	951.57	77.595703125	0.08257007	0.00012797142857142856	0.0004265714285714286	29.327621936798096	116065.15501475334
4015	1243.8375521626292	967.12	78.101806640625	0.08256886	0.0001279285714285714	0.00042642857142857136	27.841169834136963	116092.99737548828
4016	1161.281930354871	911.97	78.111572265625	0.08256795	0.00012788571428571426	0.0004262857142857143	28.15522599220276	116121.1667201519
4017	1273.4376162811013	977.31	78.118896484375	0.08256717	0.00012784285714285713	0.00042614285714285714	28.341570615768433	116149.51699829102
4018	1216.1151963277564	955.96	77.876708984375	0.082567014	0.0001278	0.00042600000000000005	28.691346168518066	116178.21075201035
4019	1256.3358503836453	983.46	78.134521484375	0.082566805	0.00012775714285714283	0.0004258571428571428	30.062886953353882	116208.27472758293
4020	1170.6804349630702	916.29	78.141845703125	0.08256569	0.0001277142857142857	0.0004257142857142857	30.057180643081665	116238.33336639404
4021	1222.0285473348551	953.96	78.15087890625	0.08256464	0.00012767142857142858	0.0004255714285714286	29.577883005142212	116267.91310739517
4022	1223.9207162987705	963.74	78.15771484375	0.08256357	0.0001276285714285714	0.0004254285714285714	30.08553957939148	116298.01311087608
4023	1180.8649927181382	923.81	78.290283203125	0.08256187	0.00012758571428571428	0.00042528571428571425	29.71065616607666	116327.74674534798
4024	1172.495439068138	922.59	78.548583984375	0.082560726	0.00012754285714285715	0.00042514285714285717	29.363497972488403	116357.12301516533
4025	1233.6873715079905	967.29	78.307861328125	0.08256024	0.0001275	0.00042500000000000003	29.521653175354004	116386.64630484581
4026	1215.9606271296711	948.12	78.065673828125	0.082559325	0.00012745714285714285	0.00042485714285714284	29.881030559539795	116416.54060840607
4027	1211.9570634616828	954.07	78.322998046875	0.08255891	0.0001274142857142857	0.0004247142857142857	29.98730206489563	116446.54277300835
4028	1253.8498109038642	970.42	78.331298828125	0.08255887	0.00012737142857142857	0.0004245714285714286	29.182249307632446	116475.72673726082
4029	1221.5943826652122	959.0	78.337158203125	0.08255854	0.0001273285714285714	0.00042442857142857137	27.90720844268799	116503.64280056953
4030	1257.607881630045	980.72	78.3466796875	0.08255819	0.00012728571428571427	0.0004242857142857143	26.458364963531494	116530.1028637886
4031	1259.2196837297367	975.31	78.354248046875	0.08255807	0.00012724285714285714	0.00042414285714285714	28.31475520133972	116558.41875195503
4032	1243.514412422121	969.54	78.1123046875	0.082557864	0.0001272	0.00042400000000000006	27.91513681411743	116586.33541107178
4033	1281.9789622715953	995.2	78.370361328125	0.08255734	0.00012715714285714284	0.0004238571428571428	28.89984369277954	116615.25126433372
4034	1196.2994041045756	938.3	78.1279296875	0.08255682	0.0001271142857142857	0.00042371428571428573	28.405608892440796	116643.65901994705
4035	1259.0582067960884	976.86	78.38623046875	0.082555845	0.00012707142857142857	0.0004235714285714286	28.315315008163452	116671.98674464226
4036	1222.5097260235677	954.22	77.893310546875	0.08255548	0.0001270285714285714	0.0004234285714285714	26.85047221183777	116698.8387439251
4037	1273.9049258299865	988.61	78.400146484375	0.082554914	0.00012698571428571427	0.00042328571428571426	29.117549419403076	116727.9575574398
4038	1233.9580850796788	968.27	77.6669921875	0.082554154	0.00012694285714285713	0.0004231428571428572	29.513885021209717	116757.47332715988
4039	1263.39349363534	986.67	78.41748046875	0.08255338	0.0001269	0.00042300000000000004	27.58016014099121	116785.05476951599
4040	1294.6388077439317	1008.72	78.175048828125	0.0825527	0.00012685714285714283	0.00042285714285714284	27.45987868309021	116812.52748990059
4041	1232.8685943535038	962.47	78.433837890625	0.08255161	0.0001268142857142857	0.0004227142857142857	28.419482707977295	116840.94872021675
4042	1286.5096930719812	1005.1	78.44189453125	0.08255075	0.00012677142857142856	0.0004225714285714286	26.480446815490723	116867.43074703217
4043	1269.1563118912352	991.04	78.44921875	0.08254996	0.0001267285714285714	0.0004224285714285714	27.722962617874146	116895.15476584435
4044	1273.2103422206842	997.3	78.457763671875	0.08254874	0.00012668571428571426	0.0004222857142857143	31.11427927017212	116926.27075052261
4045	1261.134022365202	987.44	78.71435546875	0.08254758	0.00012664285714285712	0.00042214285714285715	28.9040629863739	116955.19874382019
4046	1214.2325760483163	962.78	78.722900390625	0.082545996	0.00012660000000000001	0.00042200000000000007	28.299478769302368	116983.51094698906
4047	1264.0382060814666	995.69	78.478759765625	0.08254396	0.00012655714285714282	0.0004218571428571428	28.403236389160156	117011.91874575615
4048	1258.0537151563713	988.07	78.738525390625	0.08254206	0.0001265142857142857	0.00042171428571428573	28.034345149993896	117039.95473957062
4049	1224.770555553073	959.44	78.495849609375	0.08254081	0.00012647142857142858	0.0004215714285714286	28.018876552581787	117067.98274683952
4050	1303.0646912885265	1013.82	78.00390625	0.08253931	0.0001264285714285714	0.0004214285714285714	29.10245180130005	117097.08673906326
4051	1239.9361705893214	981.45	78.26220703125	0.08253747	0.00012638571428571428	0.00042128571428571426	28.087377548217773	117125.18701505661
4052	1211.3152456475875	959.99	78.51953125	0.08253569	0.00012634285714285714	0.0004211428571428572	29.633456468582153	117154.8329885006
4053	1244.975660128591	976.22	78.52783203125	0.08253405	0.0001263	0.00042100000000000004	35.31772708892822	117190.16503071785
4054	1250.7754584475458	993.22	78.034912109375	0.08253277	0.00012625714285714284	0.00042085714285714285	32.519877433776855	117222.68650054932
4055	1286.0584913279893	1012.58	78.05078125	0.082531236	0.0001262142857142857	0.0004207142857142857	32.68269371986389	117255.3707807064
4056	1260.2244279123247	996.83	78.55078125	0.0825291	0.00012617142857142857	0.0004205714285714286	34.543564796447754	117289.92274785042
4057	1289.5992431949385	1011.45	78.5595703125	0.08252768	0.0001261285714285714	0.0004204285714285714	32.483521461486816	117322.41876363754
4058	1241.4080017652514	970.16	78.0673828125	0.08252639	0.00012608571428571427	0.0004202857142857143	28.81450128555298	117351.23500752449
4059	1241.8394967966087	977.76	78.57373046875	0.08252533	0.00012604285714285714	0.00042014285714285716	29.03822159767151	117380.27475142479
4060	1261.5586764866257	1000.68	78.581787109375	0.082524806	0.000126	0.00042000000000000007	29.68266272544861	117409.95893335342
4061	1286.8858352594993	1010.9	78.58984375	0.08252492	0.00012595714285714284	0.0004198571428571428	29.692350149154663	117439.67503356934
4062	1169.5691960268516	930.66	78.59765625	0.08252493	0.0001259142857142857	0.00041971428571428574	30.220387935638428	117469.90791988373
4063	1277.9410614010203	1002.77	78.354736328125	0.08252454	0.00012587142857142856	0.0004195714285714286	29.92333197593689	117499.84675550461
4064	1214.9573171529428	965.59	78.613525390625	0.08252434	0.00012582857142857143	0.0004194285714285715	28.266749143600464	117528.13074064255
4065	1233.0871433326026	979.96	78.37158203125	0.08252442	0.00012578571428571426	0.00041928571428571427	28.935453176498413	117557.08274126053
4066	1226.611718594657	969.18	78.62939453125	0.08252427	0.00012574285714285713	0.0004191428571428572	27.502156972885132	117584.58673477173
4067	1192.0529299754594	939.37	78.6357421875	0.08252361	0.0001257	0.00041900000000000005	28.383084058761597	117612.97090435028
4068	1305.3692893600062	1022.35	78.64453125	0.08252294	0.00012565714285714283	0.0004188571428571428	35.84224009513855	117648.81718206406
4069	1254.7909060325126	981.88	78.902587890625	0.08252234	0.0001256142857142857	0.0004187142857142857	34.39668679237366	117683.2150361538
4070	1239.4318636291416	963.54	78.660400390625	0.08252215	0.00012557142857142856	0.0004185714285714286	33.29706692695618	117716.52832531929
4071	1234.9285391060857	973.02	78.66796875	0.08252198	0.00012552857142857142	0.0004184285714285715	34.79197144508362	117751.33128547668
4072	1276.2572839615855	999.65	78.675537109375	0.08252204	0.00012548571428571426	0.00041828571428571425	30.47367286682129	117781.80675339699
4073	1229.2545435902364	971.03	78.932861328125	0.08252227	0.00012544285714285712	0.00041814285714285716	29.631505727767944	117811.45090556145
4074	1252.8837195391588	981.48	79.191162109375	0.08252214	0.0001254	0.000418	28.61045265197754	117840.06301736832
4075	1222.8786757478913	963.66	78.69921875	0.08252215	0.00012535714285714282	0.00041785714285714283	28.66788649559021	117868.73264575005
4076	1240.0801158396273	970.09	78.208251953125	0.08252231	0.0001253142857142857	0.0004177142857142857	27.067784547805786	117895.81522417068
4077	1263.8961758164953	985.7	78.714111328125	0.082522705	0.00012527142857142858	0.0004175714285714286	26.48283886909485	117922.2992978096
4078	1264.0980490931072	979.47	78.72314453125	0.082523204	0.00012522857142857144	0.00041742857142857147	27.0519802570343	117949.36342740059
4079	1257.3813072246917	980.85	78.4814453125	0.08252369	0.00012518571428571428	0.0004172857142857143	27.043375730514526	117976.4227297306
4080	1225.8282752297937	969.39	78.739013671875	0.08252416	0.00012514285714285714	0.00041714285714285714	27.167388200759888	118003.59876132011
4081	1229.6800699770781	961.94	78.497314453125	0.082524665	0.0001251	0.00041700000000000005	27.451263427734375	118031.05110120773
4082	1253.2123092419438	979.82	78.5048828125	0.08252473	0.00012505714285714284	0.0004168571428571428	27.679556369781494	118058.74673628807
4083	1224.6928590763096	960.53	79.262939453125	0.082524784	0.0001250142857142857	0.0004167142857142857	26.947357654571533	118085.70272827148
4084	1250.7815330726107	979.89	78.76123046875	0.08252498	0.00012497142857142857	0.0004165714285714286	27.81544589996338	118113.52678155899
4085	1235.309276045956	965.51	78.778564453125	0.082525425	0.00012492857142857143	0.0004164285714285715	27.706477642059326	118141.23478007317
4086	1225.8657013827778	962.18	78.785400390625	0.08252563	0.00012488571428571427	0.00041628571428571425	27.47697377204895	118168.72037363052
4087	1232.763125803752	965.7	78.9189453125	0.08252599	0.00012484285714285713	0.00041614285714285717	27.607187747955322	118196.3425643444
4088	1254.4389496201575	982.1	78.677001953125	0.08252647	0.0001248	0.00041600000000000003	27.52753257751465	118223.89078330994
4089	1281.0778756868822	1003.37	78.934814453125	0.082526974	0.00012475714285714283	0.00041585714285714284	27.831382274627686	118251.73476576805
4090	1244.8869112776458	978.07	79.443603515625	0.08252713	0.0001247142857142857	0.0004157142857142857	28.363581657409668	118280.10694527626
4091	1219.834250790022	956.01	79.200439453125	0.08252673	0.00012467142857142856	0.0004155714285714286	27.915579557418823	118308.04277658463
4092	1176.7293556056336	922.2	78.9580078125	0.0825267	0.00012462857142857143	0.0004154285714285715	27.611015796661377	118335.65836930275
4093	1220.7533616887094	955.56	78.96484375	0.08252656	0.00012458571428571426	0.0004152857142857143	27.69075322151184	118363.3627243042
4094	1239.943951062196	971.96	78.974609375	0.08252626	0.00012454285714285713	0.00041514285714285714	27.643031358718872	118391.00678825378
4095	1228.232859283677	958.97	78.2392578125	0.08252596	0.0001245	0.00041500000000000006	26.896281003952026	118417.91571760178
4096	1248.7563671254459	975.86	78.989501953125	0.082525276	0.00012445714285714283	0.0004148571428571428	27.210038900375366	118445.12674236298
4097	1282.4662207016192	989.98	78.998046875	0.082524315	0.0001244142857142857	0.00041471428571428573	30.33514165878296	118475.46336436272
4098	1255.6735527688993	983.8	79.006103515625	0.08252331	0.00012437142857142855	0.0004145714285714286	28.322181701660156	118503.78676724434
4099	1218.8149901851154	945.83	79.26318359375	0.082523026	0.00012432857142857145	0.0004144285714285715	28.118940353393555	118531.90672111511
4100	1243.081758625528	969.87	79.020751953125	0.08252261	0.00012428571428571426	0.00041428571428571426	27.972554206848145	118559.8807194233
4101	1197.2728303098756	933.28	79.02685546875	0.08252235	0.00012424285714285715	0.00041414285714285717	31.744166135787964	118591.63954114914
4102	1235.7807888144055	956.64	79.037109375	0.08252225	0.0001242	0.00041400000000000003	30.69956612586975	118622.35880637169
4103	1187.4189037912852	927.23	79.044921875	0.082522884	0.00012415714285714282	0.00041385714285714284	30.479429960250854	118652.84279537201
4104	1249.1128783263994	966.14	79.05126953125	0.08252328	0.0001241142857142857	0.0004137142857142857	30.654893398284912	118683.506305933
4105	1290.080610085557	987.22	79.310791015625	0.082523204	0.00012407142857142857	0.0004135714285714286	27.78119921684265	118711.28891181946
4106	1296.0240476724075	1002.6	79.068603515625	0.082523055	0.00012402857142857144	0.0004134285714285715	30.263457775115967	118741.56279349327
4107	1202.2793254764645	934.05	78.8271484375	0.082522914	0.00012398571428571428	0.0004132857142857143	30.911036729812622	118772.47497487068
4108	1221.5907325819267	946.77	79.0830078125	0.08252309	0.00012394285714285714	0.00041314285714285715	27.65952968597412	118800.15474581718
4109	1119.0617596117156	874.98	79.0927734375	0.082522996	0.0001239	0.00041300000000000006	27.636325120925903	118827.79949831963
4110	1230.8558685393748	957.7	79.100341796875	0.08252268	0.00012385714285714284	0.0004128571428571428	30.404542446136475	118858.20549583435
4111	1242.5634628023786	963.76	79.1083984375	0.082522295	0.0001238142857142857	0.00041271428571428573	28.10759162902832	118886.41080451012
4112	1245.1858674179557	967.37	79.115234375	0.082521684	0.00012377142857142857	0.0004125714285714286	28.022174835205078	118914.43475818634
4113	1225.0628836181768	950.3	79.1240234375	0.08252203	0.00012372857142857143	0.0004124285714285715	28.65132427215576	118943.09474658966
4114	1196.4497865947446	932.69	79.132080078125	0.08252276	0.00012368571428571427	0.00041228571428571426	28.63553500175476	118971.79473948479
4115	1236.7876060185758	965.78	79.13916015625	0.08252354	0.00012364285714285713	0.0004121428571428572	28.49153971672058	119000.30672359467
4116	1234.6733591646373	954.02	79.146484375	0.08252363	0.0001236	0.00041200000000000004	28.99124002456665	119029.31075143814
4117	1206.2642455237176	941.7	79.154296875	0.08252348	0.00012355714285714283	0.0004118571428571428	28.60979676246643	119057.9890305996
4118	1196.4406267365005	936.95	79.1630859375	0.08252276	0.0001235142857142857	0.0004117142857142857	28.323570728302002	119086.33074402809
4119	1272.5811414241243	989.86	79.171142578125	0.08252229	0.00012347142857142856	0.00041157142857142857	28.599231481552124	119114.93866062164
4120	1299.2330729442317	1005.25	79.17822265625	0.08252232	0.00012342857142857142	0.0004114285714285715	30.8854660987854	119145.9286968708
4121	1233.2960575699667	958.85	78.936279296875	0.08252213	0.00012338571428571426	0.00041128571428571424	30.86725616455078	119176.8107392788
4122	1274.0036184000694	987.61	79.195556640625	0.08252146	0.00012334285714285712	0.00041114285714285715	29.01957678794861	119205.8387799263
4123	1256.659346633124	972.55	79.202880859375	0.08252058	0.0001233	0.000411	28.098394632339478	119234.02157592773
4124	1277.56610150681	996.54	78.7109375	0.0825201	0.00012325714285714283	0.0004108571428571428	28.185890197753906	119262.22125005722
4125	1274.5760628844755	987.95	78.9677734375	0.0825195	0.0001232142857142857	0.0004107142857142857	28.569631338119507	119290.8048362732
4126	1236.8318763066657	959.44	78.976318359375	0.08251888	0.00012317142857142855	0.0004105714285714286	28.479267835617065	119319.29864692688
4127	1278.1817540529746	983.88	79.234375	0.08251845	0.00012312857142857144	0.00041042857142857146	29.13963484764099	119348.45501327515
4128	1201.8092350013112	932.63	79.490234375	0.08251769	0.00012308571428571425	0.00041028571428571427	28.81554412841797	119377.28273558617
4129	1299.6136643446705	1001.1	79.24951171875	0.082516775	0.00012304285714285714	0.00041014285714285713	27.818981647491455	119405.10276842117
4130	1265.2226475812272	989.17	79.257568359375	0.08251598	0.000123	0.00041000000000000005	28.211171865463257	119433.31555318832
4131	1205.1516644659832	933.43	78.765869140625	0.08251513	0.00012295714285714284	0.0004098571428571428	29.970192909240723	119463.28677845001
4132	1211.4552353067004	943.42	79.2734375	0.08251393	0.0001229142857142857	0.0004097142857142857	29.358540534973145	119492.64677786827
4133	1284.2622153462207	996.68	79.03125	0.08251259	0.00012287142857142857	0.0004095714285714286	29.786521673202515	119522.43475031853
4134	1287.5431471578315	999.33	79.287841796875	0.08251108	0.00012282857142857144	0.0004094285714285715	28.534512758255005	119550.97075605392
4135	1243.933475137386	973.37	79.296630859375	0.08250935	0.00012278571428571427	0.00040928571428571424	28.11855912208557	119579.0907342434
4136	1263.8602268680231	979.73	79.804443359375	0.082507536	0.00012274285714285714	0.00040914285714285716	28.631834268569946	119607.74305868149
4137	1270.0716033825051	987.76	79.312255859375	0.08250573	0.0001227	0.000409	28.16367244720459	119635.9150249958
4138	1271.0813593562123	988.87	79.318603515625	0.08250453	0.00012265714285714284	0.00040885714285714283	31.12794303894043	119667.06318354607
4139	1233.21728788207	955.27	79.3251953125	0.08250335	0.0001226142857142857	0.0004087142857142857	30.555869340896606	119697.63059353828
4140	1255.8985397876	977.82	79.3369140625	0.08250191	0.00012257142857142857	0.0004085714285714286	29.146594762802124	119726.77902388573
4141	1251.5930356198169	976.18	79.344482421875	0.08250096	0.00012252857142857143	0.00040842857142857147	30.709692239761353	119757.50119042397
4142	1257.038785397987	977.6	79.352783203125	0.08249993	0.00012248571428571427	0.0004082857142857143	30.239543199539185	119787.74674391747
4143	1212.144342651834	954.82	79.35986328125	0.082498685	0.00012244285714285713	0.00040814285714285714	31.214974641799927	119818.9627737999
4144	1274.490920699339	991.51	79.3681640625	0.08249778	0.0001224	0.00040800000000000005	30.20355224609375	119849.17892599106
4145	1292.5100332457273	1004.07	79.126220703125	0.082497135	0.00012235714285714283	0.0004078571428571428	31.474108934402466	119880.65474128723
4146	1239.730840178093	970.29	79.1328125	0.082496054	0.0001223142857142857	0.0004077142857142857	31.447781324386597	119912.18704271317
4147	1271.519786359715	992.6	79.3916015625	0.08249532	0.00012227142857142856	0.0004075714285714286	30.451385259628296	119942.65078926086
4148	1272.6641794748166	990.62	79.149169921875	0.082494214	0.00012222857142857142	0.0004074285714285715	31.010385751724243	119973.66976237297
4149	1213.8456585392703	958.07	79.406982421875	0.08249282	0.00012218571428571426	0.00040728571428571425	30.732131719589233	120004.41882324219
4150	1268.7894760161448	998.78	79.4150390625	0.082491554	0.00012214285714285712	0.00040714285714285717	31.12822127342224	120035.65539288521
4151	1308.2273601161442	1012.47	79.7978515625	0.08249018	0.00012209999999999999	0.000407	28.579293966293335	120064.24674391747
4152	1286.4343409798757	996.61	79.30517578125	0.082488984	0.00012205714285714284	0.00040685714285714283	29.523468017578125	120093.77488994598
4153	1258.1074947017378	978.98	80.0634765625	0.08248737	0.0001220142857142857	0.0004067142857142857	28.780211210250854	120122.5752351284
4154	1278.613418167605	994.09	79.5712890625	0.082485944	0.00012197142857142856	0.0004065714285714286	31.44353723526001	120154.0307700634
4155	1281.8210164625316	999.49	79.5791015625	0.08248455	0.00012192857142857143	0.00040642857142857147	30.29522442817688	120184.32710456848
4156	1275.4976474361154	993.93	79.587890625	0.08248357	0.00012188571428571426	0.0004062857142857143	30.01206374168396	120214.34675073624
4157	1247.3928233657716	974.54	79.09521484375	0.08248234	0.00012184285714285713	0.00040614285714285714	30.894415616989136	120245.24274110794
4158	1317.0980906956183	1020.38	79.602294921875	0.08248124	0.00012179999999999999	0.00040600000000000006	30.435084581375122	120275.76296448708
4159	1303.5626513241868	1006.93	79.60986328125	0.08248039	0.00012175714285714283	0.0004058571428571428	30.419944763183594	120306.2032096386
4160	1287.5490957294546	1004.49	79.119140625	0.08248023	0.00012171428571428569	0.0004057142857142857	30.367167949676514	120336.64641404152
4161	1252.4485788223442	980.52	79.876220703125	0.08248035	0.00012167142857142857	0.0004055714285714286	30.767305850982666	120367.43077874184
4162	1261.645271642958	990.58	79.634765625	0.082480304	0.00012162857142857143	0.0004054285714285715	28.815868616104126	120396.25964307785
4163	1295.7896492970124	1018.36	79.642333984375	0.082480334	0.00012158571428571426	0.00040528571428571426	30.4595787525177	120426.73877596855
4164	1289.037680659717	1012.6	79.900390625	0.08248037	0.00012154285714285713	0.00040514285714285717	30.177935123443604	120456.91886639595
4165	1276.127959337974	1000.96	79.658203125	0.082480155	0.0001215	0.00040500000000000003	30.43133306503296	120487.36281704903
4166	1253.713684998547	984.93	79.66552734375	0.082479775	0.00012145714285714284	0.00040485714285714284	30.64356517791748	120518.0227766037
4167	1283.3053223940713	1006.66	79.673583984375	0.08247908	0.0001214142857142857	0.0004047142857142857	30.321326971054077	120548.3451704979
4168	1297.3783466202947	1024.0	79.681884765625	0.08247862	0.00012137142857142856	0.0004045714285714286	30.472930192947388	120578.81922698021
4169	1261.867947941037	991.48	79.689453125	0.082478195	0.00012132857142857143	0.0004044285714285715	30.39021134376526	120609.21094632149
4170	1267.3779887772337	990.92	79.696533203125	0.08247839	0.00012128571428571426	0.00040428571428571423	30.53821063041687	120639.75075650215
4171	1289.4872926027479	1014.96	78.962890625	0.082478695	0.00012124285714285713	0.00040414285714285715	29.953879833221436	120669.71885490417
4172	1291.8670820054901	1006.82	79.712890625	0.08247853	0.00012119999999999999	0.000404	29.903600931167603	120699.63098573685
4173	1266.7035060744236	993.45	79.72021484375	0.08247831	0.00012115714285714283	0.0004038571428571428	30.61031150817871	120730.2431139946
4174	1263.285093769097	984.64	79.228271484375	0.0824777	0.00012111428571428569	0.0004037142857142857	30.151346683502197	120760.40675497055
4175	1277.854134754789	1005.3	79.736572265625	0.08247722	0.00012107142857142857	0.0004035714285714286	30.363409757614136	120790.77880358696
4176	1293.8583885976132	1005.19	79.494873046875	0.08247634	0.00012102857142857143	0.00040342857142857145	29.00321865081787	120819.79473376274
4177	1268.016118595288	988.75	79.752685546875	0.08247625	0.00012098571428571427	0.00040328571428571426	27.095415830612183	120847.04673528671
4178	1258.41405759927	973.55	79.760498046875	0.08247604	0.00012094285714285713	0.0004031428571428571	27.269371509552002	120874.31799554825
4179	1292.0792544900814	996.11	79.766357421875	0.08247571	0.0001209	0.00040300000000000004	28.911737203598022	120903.24306321144
4180	1288.8601292355752	998.16	79.775634765625	0.08247527	0.00012085714285714283	0.0004028571428571428	29.76801586151123	120933.02672290802
4181	1297.5702851445249	997.18	79.5341796875	0.08247469	0.0001208142857142857	0.0004027142857142857	27.566890954971313	120960.60157060623
4182	1248.8309167408174	973.93	79.54150390625	0.08247372	0.00012077142857142856	0.00040257142857142857	27.887722492218018	120988.49076223373
4183	1304.6323430573448	1008.4	79.7998046875	0.08247259	0.00012072857142857143	0.0004024285714285715	28.54706621170044	121017.05047559738
4184	1206.8535108414728	946.43	80.057373046875	0.08247157	0.00012068571428571426	0.00040228571428571424	27.359397172927856	121044.42276716232
4185	1264.3462402427806	988.33	79.5654296875	0.082470715	0.00012064285714285713	0.00040214285714285715	27.651195526123047	121072.07545471191
4186	1232.5776191979492	965.05	79.822998046875	0.08246989	0.00012059999999999999	0.000402	29.67130208015442	121101.76274991035
4187	1256.0334571808166	983.77	80.081298828125	0.08246935	0.00012055714285714283	0.0004018571428571428	28.15472936630249	121129.919059515
4188	1254.2729850554701	977.8	80.088623046875	0.082469404	0.00012051428571428569	0.0004017142857142857	28.712551593780518	121158.63316345215
4189	1295.4691975999144	1001.09	79.84716796875	0.08246964	0.00012047142857142857	0.0004015714285714286	29.710192441940308	121188.3577682972
4190	1274.7456878009853	987.58	79.853759765625	0.08246975	0.00012042857142857143	0.00040142857142857146	27.545132398605347	121215.9048678875
4191	1290.9495988973651	998.58	79.86328125	0.08246945	0.00012038571428571427	0.00040128571428571427	30.22755718231201	121246.14675617218
4192	1295.8499454039213	1000.11	80.121337890625	0.08246931	0.00012034285714285713	0.00040114285714285713	31.05515146255493	121277.21050739288
4193	1304.638829799631	1006.23	79.87890625	0.08246918	0.0001203	0.00040100000000000004	30.04850697517395	121307.431838274
4194	1309.2240182411701	1010.04	79.88623046875	0.082468905	0.00012025714285714286	0.0004008571428571429	31.410558938980103	121338.85794687271
4195	1279.7709827414005	989.88	79.892822265625	0.082468085	0.0001202142857142857	0.0004007142857142857	31.463177919387817	121370.32274842262
4196	1313.5752901513445	1012.09	79.900634765625	0.0824675	0.00012017142857142856	0.0004005714285714286	29.92351245880127	121400.42678451538
4197	1297.5249198649317	1009.27	79.909912109375	0.082467005	0.00012012857142857143	0.0004004285714285715	29.02236032485962	121429.45077395439
4198	1315.4575479774855	1021.57	79.916748046875	0.08246628	0.00012008571428571426	0.00040028571428571424	28.807120323181152	121458.2704975605
4199	1297.2373753735542	1004.47	79.925537109375	0.082465865	0.00012004285714285713	0.00040014285714285716	28.703513145446777	121486.98219847679
4200	1291.96782101533	999.23	79.933349609375	0.08246486	0.00011999999999999999	0.0004	27.648147106170654	121514.64684200287
4201	1331.0381094171005	1022.39	79.941162109375	0.08246395	0.00011995714285714287	0.00039985714285714293	28.53076696395874	121543.17877459526
4202	1281.2717931941938	993.15	79.948974609375	0.08246369	0.00011991428571428569	0.0003997142857142857	28.868765830993652	121572.0640347004
4203	1308.4087699849695	1007.37	79.95654296875	0.08246369	0.00011987142857142857	0.0003995714285714286	28.523486614227295	121600.60273957253
4204	1303.6255287360834	1006.27	80.215087890625	0.08246396	0.00011982857142857143	0.00039942857142857146	29.758516788482666	121630.3627588749
4205	1288.4136207055994	997.35	79.973876953125	0.08246377	0.00011978571428571427	0.00039928571428571427	30.335466146469116	121660.70676445961
4206	1287.5693336579834	993.08	79.981689453125	0.08246297	0.00011974285714285713	0.00039914285714285713	29.198816776275635	121689.90674209595
4207	1304.7848543788643	1004.68	80.238525390625	0.0824625	0.0001197	0.00039900000000000005	28.166555643081665	121718.07475447655
4208	1307.1494604114137	1007.46	79.746826171875	0.08246185	0.00011965714285714286	0.0003988571428571429	27.86170768737793	121745.93746590614
4209	1282.8407292140328	1006.5	80.00341796875	0.08246094	0.0001196142857142857	0.0003987142857142857	30.5561420917511	121776.49498772621
4210	1270.1419582270069	993.51	80.012451171875	0.08245986	0.00011957142857142856	0.0003985714285714286	29.85069751739502	121806.34676551819
4211	1270.8857045840803	991.22	80.020263671875	0.08245862	0.00011952857142857142	0.0003984285714285715	30.449172735214233	121836.8085539341
4212	1287.2385191362584	1002.76	80.02783203125	0.08245749	0.00011948571428571426	0.00039828571428571425	27.9982750415802	121864.96273350716
4213	1288.0465486114977	996.62	80.03466796875	0.08245628	0.00011944285714285712	0.00039814285714285716	27.415256023406982	121892.38271403313
4214	1317.3511874700644	1011.64	80.044189453125	0.08245536	0.0001194	0.000398	29.785786867141724	121922.17076802254
4215	1310.4169148077272	1022.22	79.925537109375	0.08245453	0.00011935714285714287	0.00039785714285714294	29.669248342514038	121951.84863042831
4216	1313.8951685139152	1024.0	80.183837890625	0.082453966	0.00011931428571428569	0.0003977142857142857	30.748629093170166	121982.59873723984
4217	1306.0511519065105	1006.95	80.192138671875	0.08245344	0.00011927142857142857	0.0003975714285714286	29.845458984375	122012.45310759544
4218	1294.79396452346	1000.36	80.199951171875	0.082452774	0.00011922857142857143	0.00039742857142857147	30.080193758010864	122042.53477692604
4219	1301.2721589917967	1008.74	80.457763671875	0.08245205	0.00011918571428571427	0.0003972857142857142	30.286946296691895	122072.82273387909
4220	1309.6497055810426	1013.99	80.215576171875	0.08245186	0.00011914285714285713	0.00039714285714285714	30.53855299949646	122103.36273598671
4221	1320.7620345205285	1024.0	80.223388671875	0.08245153	0.0001191	0.00039700000000000005	31.24423384666443	122134.62759613991
4222	1331.9252054259653	1024.0	80.482421875	0.08245098	0.00011905714285714286	0.0003968571428571429	30.151562452316284	122164.79475903511
4223	1286.4621695134247	998.26	80.490478515625	0.08245104	0.0001190142857142857	0.00039671428571428567	31.01517653465271	122195.82641410828
4224	1323.7544516296994	1024.0	79.748291015625	0.082451135	0.00011897142857142856	0.0003965714285714286	30.058244228363037	122225.88674759865
4225	1314.1659265364046	1014.78	80.255859375	0.082451485	0.00011892857142857142	0.00039642857142857145	31.842833995819092	122257.73083281517
4226	1312.5585259599286	1020.59	80.263427734375	0.082451686	0.00011888571428571426	0.00039628571428571425	30.0186710357666	122287.75074028969
4227	1308.6616630684914	1016.56	80.271240234375	0.08245195	0.00011884285714285712	0.0003961428571428571	30.523351907730103	122318.28678393364
4228	1309.1738000770654	1016.25	80.529052734375	0.082452014	0.0001188	0.00039600000000000003	30.16693925857544	122348.45473909378
4229	1325.0442065613252	1024.0	80.536865234375	0.082452394	0.00011875714285714286	0.0003958571428571429	30.08910846710205	122378.54499816895
4230	1297.8092028779374	1009.05	79.551025390625	0.0824527	0.0001187142857142857	0.0003957142857142857	30.02312421798706	122408.57074356079
4231	1281.288903130624	998.93	80.30126953125	0.082452424	0.00011867142857142857	0.00039557142857142856	29.04333209991455	122437.62675857544
4232	1331.6676844801523	1024.0	80.310791015625	0.082452565	0.00011862857142857143	0.0003954285714285715	27.62332820892334	122465.26673913002
4233	1313.9022715826732	1016.02	80.568603515625	0.08245242	0.00011858571428571427	0.00039528571428571423	28.430347681045532	122493.69881820679
4234	1296.4895990643204	1004.59	80.57666015625	0.082452305	0.00011854285714285713	0.00039514285714285714	27.49081015586853	122521.19072341919
4235	1310.1018508376667	1022.06	80.083740234375	0.082452394	0.0001185	0.000395	29.135271310806274	122550.3387761116
4236	1276.6040900801531	991.14	80.342041015625	0.08245271	0.00011845714285714286	0.0003948571428571429	27.025269269943237	122577.36513757706
4237	1283.946993715496	997.06	80.347900390625	0.08245263	0.0001184142857142857	0.0003947142857142857	28.60782289505005	122605.97483444214
4238	1300.7308507094767	1006.59	80.357177734375	0.08245232	0.00011837142857142856	0.0003945714285714286	27.958093643188477	122633.9601521492
4239	1286.126900000729	996.98	80.365478515625	0.08245181	0.00011832857142857142	0.00039442857142857145	29.501471519470215	122663.46275162697
4240	1317.7237909255962	1017.78	80.373779296875	0.08245108	0.00011828571428571426	0.00039428571428571426	29.438647747039795	122692.90279173851
4241	1303.1551247963457	1008.37	80.131591796875	0.08245043	0.00011824285714285712	0.0003941428571428571	27.707406282424927	122720.75876045227
4242	1284.2190240889618	992.59	79.889404296875	0.08244985	0.0001182	0.00039400000000000004	28.819886207580566	122749.58026075363
4243	1302.222133413568	1006.87	80.397216796875	0.08244951	0.00011815714285714286	0.0003938571428571429	29.63856816291809	122779.2298400402
4244	1285.84047196306	992.64	80.40478515625	0.08244917	0.0001181142857142857	0.0003937142857142857	29.315119743347168	122808.56676650047
4245	1308.0203990082873	1004.37	80.4130859375	0.08244931	0.00011807142857142856	0.00039357142857142857	27.614322900772095	122836.18282341957
4246	1304.674325313602	1010.78	80.171142578125	0.08244947	0.00011802857142857143	0.0003934285714285715	28.135796785354614	122864.33126020432
4247	1303.4787786209881	1004.24	80.178955078125	0.082449384	0.00011798571428571426	0.00039328571428571423	27.39787769317627	122891.7313849926
4248	1329.6183951449455	1024.0	80.6865234375	0.08244975	0.00011794285714285713	0.00039314285714285715	28.139068841934204	122919.88278365135
4249	1332.6707762414633	1019.05	80.444091796875	0.082450256	0.00011789999999999999	0.000393	29.175261735916138	122949.06273126602
4250	1298.2653974132108	1004.84	80.451904296875	0.08245111	0.00011785714285714286	0.00039285714285714293	29.99959969520569	122979.06418538094
4251	1312.064123809023	1010.25	80.458740234375	0.08245192	0.0001178142857142857	0.0003927142857142857	28.327263593673706	123007.40676116943
4252	1239.9751579416102	962.52	80.467529296875	0.08245254	0.00011777142857142856	0.0003925714285714286	27.896029233932495	123035.3155374527
4253	1294.0157858618163	1003.07	79.97509765625	0.08245347	0.00011772857142857142	0.00039242857142857146	28.899523496627808	123064.23094129562
4254	1245.2871605888743	965.48	80.4833984375	0.08245423	0.00011768571428571426	0.00039228571428571426	28.102588891983032	123092.33474183083
4255	1288.5386901633908	992.45	80.242431640625	0.08245472	0.00011764285714285712	0.0003921428571428571	27.490957975387573	123119.82677650452
4256	1294.5916376235034	997.04	80.49658203125	0.08245471	0.0001176	0.00039200000000000004	27.135475158691406	123146.97474479675
4257	1307.0041687025082	1006.69	80.508056640625	0.08245483	0.00011755714285714286	0.0003918571428571429	28.301532983779907	123175.28895664215
4258	1292.918314799398	1004.98	80.015380859375	0.08245503	0.0001175142857142857	0.0003917142857142857	28.863704681396484	123204.16710400581
4259	1313.168566263974	1016.62	80.023681640625	0.08245478	0.00011747142857142856	0.00039157142857142857	28.38755202293396	123232.55586838722
4260	1292.6834843020122	1000.62	80.781494140625	0.08245408	0.00011742857142857143	0.0003914285714285715	28.772314310073853	123261.34699869156
4261	1277.5891799939884	992.11	80.538818359375	0.0824532	0.00011738571428571426	0.00039128571428571424	30.37935733795166	123291.74275183678
4262	1238.7602625775964	963.62	80.79638671875	0.082452424	0.00011734285714285713	0.00039114285714285716	29.742774724960327	123321.4867401123
4263	1310.3768931220081	1011.04	80.5546875	0.08245183	0.00011729999999999999	0.000391	30.244323015213013	123351.74376320839
4264	1293.9337197838825	1009.08	80.562744140625	0.08245153	0.00011725714285714286	0.00039085714285714293	29.126749753952026	123380.88223838806
4265	1286.9142552765504	1002.38	80.570556640625	0.082451016	0.00011721428571428569	0.0003907142857142857	28.057044506072998	123408.94120335579
4266	1297.2483825517127	1012.32	80.5771484375	0.08245044	0.00011717142857142856	0.0003905714285714286	29.47951364517212	123438.43484020233
4267	1289.4091649549534	994.96	80.335693359375	0.08244955	0.00011712857142857143	0.00039042857142857146	29.79020094871521	123468.22677922249
4268	1300.9017078032089	1013.96	80.59375	0.082448594	0.00011708571428571426	0.00039028571428571427	28.61452579498291	123496.84290862083
4269	1314.1677186886634	1022.12	80.601318359375	0.08244767	0.00011704285714285712	0.00039014285714285713	27.258867025375366	123524.10309457779
4270	1324.473099413187	1022.16	80.609619140625	0.08244639	0.000117	0.00039000000000000005	26.659427642822266	123550.77473425865
4271	1301.958190149053	1010.03	80.866943359375	0.08244541	0.00011695714285714286	0.0003898571428571429	28.251264333724976	123579.03865504265
4272	1289.2255796293764	994.92	80.626220703125	0.082444824	0.0001169142857142857	0.00038971428571428566	27.48232913017273	123606.52273321152
4273	1312.806638672098	1022.39	80.632080078125	0.082444735	0.00011687142857142856	0.0003895714285714286	29.330668687820435	123635.86237382889
4274	1274.7886733418406	987.4	80.641357421875	0.08244476	0.00011682857142857143	0.00038942857142857144	27.66973042488098	123663.53397202492
4275	1305.8029374199868	1003.4	80.899658203125	0.08244484	0.00011678571428571426	0.00038928571428571425	27.975492238998413	123691.52672505379
4276	1298.2330252286263	1003.67	80.906982421875	0.0824449	0.00011674285714285713	0.0003891428571428571	28.01829695701599	123719.54677534103
4277	1291.234433035565	1005.33	80.1650390625	0.08244418	0.00011669999999999999	0.000389	28.77920937538147	123748.33476471901
4278	1306.9370728331573	1008.85	80.173095703125	0.08244364	0.00011665714285714285	0.0003888571428571429	29.45109224319458	123777.78721642494
4279	1308.6003799460805	1011.02	80.555419921875	0.08244332	0.00011661428571428569	0.0003887142857142857	30.29586362838745	123808.08415532112
4280	1269.3368122572647	987.48	80.811767578125	0.08244332	0.00011657142857142856	0.00038857142857142855	29.267760038375854	123837.36703705788
4281	1301.5223955726685	1011.21	80.8212890625	0.082442924	0.00011652857142857143	0.00038842857142857147	28.927229166030884	123866.30673146248
4282	1300.2502011697115	1005.11	80.829345703125	0.08244262	0.00011648571428571426	0.0003882857142857142	28.22255825996399	123894.53076839447
4283	1265.1764431416357	979.73	80.837158203125	0.08244245	0.00011644285714285713	0.00038814285714285714	28.51832389831543	123923.0507171154
4284	1307.4197343214814	1013.75	81.59521484375	0.08244236	0.0001164	0.000388	29.09897780418396	123952.15072965622
4285	1325.9492832903436	1020.32	80.602294921875	0.08244228	0.00011635714285714286	0.0003878571428571429	29.415626525878906	123981.56791496277
4286	1288.6866071568807	1001.7	80.6103515625	0.082442135	0.0001163142857142857	0.00038771428571428567	28.59204912185669	124010.17533135414
4287	1281.8856062682344	988.61	80.868408203125	0.08244226	0.00011627142857142856	0.0003875714285714286	28.96257734298706	124039.15003299713
4288	1290.3742492469817	991.24	80.627197265625	0.08244196	0.00011622857142857143	0.00038742857142857144	27.51975393295288	124066.68321180344
4289	1295.5734196536398	993.27	80.884765625	0.082441516	0.00011618571428571426	0.00038728571428571425	27.541699409484863	124094.22676467896
4290	1220.5219538755591	947.21	80.392333984375	0.08244173	0.00011614285714285713	0.0003871428571428571	26.839235305786133	124121.07473993301
4291	1296.7916153766664	997.27	81.150390625	0.08244199	0.00011609999999999999	0.00038700000000000003	27.242458820343018	124148.31875610352
4292	1292.4589215247884	1000.05	80.907958984375	0.0824421	0.00011605714285714285	0.0003868571428571429	31.176095008850098	124179.50750303268
4293	1301.337150461419	1007.73	80.916015625	0.08244225	0.00011601428571428569	0.0003867142857142857	30.710160493850708	124210.23394417763
4294	1298.9839157091035	1004.2	80.673095703125	0.08244199	0.00011597142857142855	0.00038657142857142856	30.043301105499268	124240.2907333374
4295	1326.287418826611	1024.0	80.931640625	0.08244216	0.00011592857142857143	0.0003864285714285715	30.099314212799072	124270.4027876854
4296	1303.3232313495619	1004.24	80.689453125	0.08244226	0.00011588571428571425	0.0003862857142857142	30.110499620437622	124300.51513314247
4297	1278.2835988228792	995.76	80.9462890625	0.0824418	0.00011584285714285713	0.00038614285714285714	30.1124267578125	124330.63585877419
4298	1254.046561624224	975.65	80.955322265625	0.0824412	0.0001158	0.000386	29.95201563835144	124360.59941673279
4299	1299.1906384649672	1006.39	80.96240234375	0.0824409	0.00011575714285714286	0.0003858571428571429	29.583626747131348	124390.20293235779
4300	1298.7437233350322	1006.79	81.220947265625	0.08244044	0.0001157142857142857	0.00038571428571428567	30.783905029296875	124421.00747895241
4301	1288.6591393700653	1004.98	80.978759765625	0.08243994	0.00011567142857142856	0.0003855714285714286	29.648553133010864	124450.66782307625
4302	1297.4975935526272	1008.7	80.986572265625	0.0824393	0.00011562857142857142	0.00038542857142857145	29.86579203605652	124480.54926466942
4303	1289.0191250571006	1001.88	81.243896484375	0.08243892	0.00011558571428571426	0.00038528571428571426	29.551259517669678	124510.12274956703
4304	1288.583697556371	1010.59	81.002197265625	0.08243848	0.00011554285714285712	0.0003851428571428571	30.61481785774231	124540.7387418747
4305	1307.043678712914	1009.95	80.760986328125	0.08243831	0.00011549999999999999	0.00038500000000000003	30.264485359191895	124571.01216888428
4306	1274.2087992743454	989.24	81.018798828125	0.08243801	0.00011545714285714287	0.0003848571428571429	30.038617849349976	124601.06245303154
4307	1318.2328848929837	1016.27	81.026611328125	0.08243766	0.00011541428571428569	0.0003847142857142857	29.989784955978394	124631.07646775246
4308	1303.1432135497314	1009.3	81.033935546875	0.08243722	0.00011537142857142855	0.00038457142857142856	29.938435077667236	124661.02595210075
4309	1263.813069564066	982.27	81.042236328125	0.0824378	0.00011532857142857143	0.0003844285714285715	28.987639665603638	124690.01514172554
4310	1277.6839420501597	1004.55	80.800048828125	0.08243809	0.00011528571428571425	0.00038428571428571423	29.748825311660767	124719.76514410973
4311	1289.998564053477	1004.94	81.057861328125	0.08243863	0.00011524285714285713	0.00038414285714285715	29.835461616516113	124749.61473536491
4312	1254.7166256148628	975.85	81.0654296875	0.08243923	0.0001152	0.000384	30.79972219467163	124780.42310333252
4313	1294.3620910633515	1008.12	81.073486328125	0.082439505	0.00011515714285714286	0.0003838571428571429	30.203467845916748	124810.63903999329
4314	1275.2569290865413	994.3	81.079345703125	0.082440026	0.0001151142857142857	0.0003837142857142857	29.660104036331177	124840.30756664276
4315	1292.4749397456474	1014.47	81.08740234375	0.08244044	0.00011507142857142856	0.0003835714285714286	29.73157525062561	124870.05483341217
4316	1309.9988596272567	1008.93	81.096923828125	0.082440786	0.00011502857142857142	0.00038342857142857146	30.184661865234375	124900.25252866745
4317	1270.2159963266129	993.11	81.1044921875	0.08244102	0.00011498571428571429	0.00038328571428571437	30.445061683654785	124930.6990711689
4318	1265.3249586352126	993.06	81.362060546875	0.08244083	0.00011494285714285712	0.0003831428571428571	30.770108699798584	124961.47075152397
4319	1274.95592239172	996.62	81.119873046875	0.08244053	0.00011489999999999999	0.00038300000000000004	30.1724534034729	124991.65564084053
4320	1295.0100881754058	1005.57	81.127685546875	0.08243979	0.00011485714285714286	0.0003828571428571429	29.96720838546753	125021.63875293732
4321	1290.7364425610117	999.18	81.135986328125	0.08243922	0.00011481428571428569	0.0003827142857142857	30.282456159591675	125051.92243218422
4322	1284.6419663880627	999.6	81.144775390625	0.08243838	0.00011477142857142855	0.00038257142857142857	30.615222215652466	125082.55475091934
4323	1249.9755581824468	973.41	81.152587890625	0.08243741	0.00011472857142857143	0.0003824285714285715	30.695613861083984	125113.26317000389
4324	1247.1887376283378	972.03	81.160400390625	0.082436286	0.00011468571428571429	0.00038228571428571435	27.58771538734436	125140.85907268524
4325	1304.5286177315154	1012.44	81.168212890625	0.082435034	0.00011464285714285713	0.0003821428571428571	27.87410569190979	125168.73476243019
4326	1300.4923863254955	1012.5	81.173095703125	0.08243413	0.0001146	0.000382	28.831501960754395	125197.57902312279
4327	1267.592533100977	991.81	81.183349609375	0.08243347	0.00011455714285714286	0.0003818571428571429	28.239476680755615	125225.84274125099
4328	1280.6015981191545	995.35	81.191162109375	0.0824328	0.0001145142857142857	0.0003817142857142857	27.800254106521606	125253.66293478012
4329	1250.0058248349453	977.77	81.198974609375	0.08243186	0.00011447142857142856	0.00038157142857142855	26.407361030578613	125280.08288812637
4330	1224.112921958739	963.06	81.206298828125	0.082431175	0.00011442857142857142	0.00038142857142857146	29.09893560409546	125309.19474339485
4331	1273.151583231392	995.24	80.96337890625	0.08243053	0.00011438571428571429	0.0003812857142857143	28.800060272216797	125337.99635839462
4332	1244.9776041485184	975.7	81.22265625	0.08242949	0.00011434285714285712	0.00038114285714285713	27.48777198791504	125365.48627614975
4333	1216.8186966037717	959.92	80.98046875	0.08242888	0.00011429999999999999	0.000381	28.42375922203064	125393.92703342438
4334	1241.744507413115	978.51	81.236572265625	0.08242789	0.00011425714285714286	0.0003808571428571429	30.01295304298401	125423.94135546684
4335	1246.0295932076194	975.63	80.99560546875	0.08242685	0.00011421428571428569	0.00038071428571428566	29.913417100906372	125453.86890649796
4336	1230.1804183357085	971.54	81.004150390625	0.082425736	0.00011417142857142856	0.0003805714285714286	29.067744255065918	125482.95105266571
4337	1224.642611088482	970.69	81.010986328125	0.08242447	0.00011412857142857143	0.00038042857142857144	26.782480239868164	125509.734998703
4338	1222.8875999170393	958.41	81.270751953125	0.08242336	0.00011408571428571429	0.00038028571428571435	26.91521120071411	125536.66274142265
4339	1285.1675961051137	1008.42	81.027587890625	0.08242246	0.00011404285714285713	0.0003801428571428571	28.312471866607666	125564.99174451828
4340	1231.3645403467112	965.38	81.285888671875	0.082421735	0.00011399999999999999	0.00038	28.71948003768921	125593.7270154953
4341	1223.6371316220843	960.9	81.293701171875	0.08242046	0.00011395714285714286	0.0003798571428571429	27.510815620422363	125621.2390255928
4342	1208.182351562369	950.32	81.05029296875	0.08241927	0.0001139142857142857	0.0003797142857142857	28.778268098831177	125650.01874637604
4343	1250.421730550513	970.91	81.5595703125	0.0824181	0.00011387142857142856	0.00037957142857142855	28.307498693466187	125678.33874845505
4344	1239.0692636458298	974.15	81.5703125	0.0824171	0.00011382857142857142	0.00037942857142857147	27.126312017440796	125705.46676778793
4345	1263.7541867309558	991.7	81.330810546875	0.082415886	0.00011378571428571428	0.00037928571428571433	27.37952756881714	125732.85881328583
4346	1279.9700978678231	991.37	81.340576171875	0.08241497	0.00011374285714285712	0.00037914285714285714	27.429953813552856	125760.29006290436
4347	1269.5791560423254	991.28	81.600341796875	0.0824142	0.00011369999999999999	0.000379	27.311219692230225	125787.61466145515
4348	1305.6345182056407	1010.48	80.857666015625	0.082413666	0.00011365714285714286	0.0003788571428571429	28.638710021972656	125816.27019071579
4349	1287.7650137128978	1001.75	81.619384765625	0.08241316	0.00011361428571428569	0.00037871428571428567	27.8814857006073	125844.16501116753
4350	1276.2788139427473	982.81	81.379638671875	0.08241228	0.00011357142857142856	0.0003785714285714286	27.859418630599976	125872.03879570961
4351	1279.932101862891	993.23	81.389404296875	0.08241141	0.00011352857142857143	0.00037842857142857144	28.36725091934204	125900.41876482964
4352	1262.9323539661066	983.48	81.149169921875	0.08241055	0.00011348571428571429	0.00037828571428571436	27.358283042907715	125927.77871823311
4353	1285.6712706864937	997.27	81.408935546875	0.08240964	0.00011344285714285713	0.0003781428571428571	28.187028408050537	125955.97873711586
4354	1302.0268441472815	1006.43	81.669189453125	0.08240829	0.00011339999999999999	0.000378	28.59780716896057	125984.57766985893
4355	1243.3166763399756	967.57	81.429443359375	0.082406685	0.00011335714285714286	0.0003778571428571429	26.671446800231934	126011.26334524155
4356	1297.699047732045	997.65	81.689208984375	0.08240498	0.00011331428571428569	0.0003777142857142857	26.61127018928528	126037.88677382469
4357	1263.923868423172	978.82	81.197021484375	0.08240325	0.00011327142857142856	0.00037757142857142856	27.807941913604736	126065.6964764595
4358	1302.417652948583	1005.39	81.45849609375	0.08240217	0.00011322857142857142	0.00037742857142857147	27.875078439712524	126093.58676671982
4359	1279.225578152068	992.73	81.71875	0.082401685	0.0001131857142857143	0.00037728571428571433	28.65498971939087	126122.24286913872
4360	1286.592504261028	1000.57	81.478515625	0.08240143	0.00011314285714285712	0.00037714285714285714	27.727429389953613	126149.99078726768
4361	1245.8072499977661	984.09	81.48828125	0.082401015	0.00011309999999999998	0.000377	27.956889629364014	126177.94924020767
4362	1261.1220981863582	990.99	81.4970703125	0.08240039	0.00011305714285714286	0.0003768571428571429	29.559322834014893	126207.50995159149
4363	1260.966422832635	984.54	81.755859375	0.082399465	0.00011301428571428568	0.00037671428571428567	29.77135682106018	126237.28273487091
4364	1268.9090688927454	998.18	81.767333984375	0.08239836	0.00011297142857142856	0.0003765714285714286	28.719548225402832	126266.01105809212
4365	1255.5460669048443	980.1	81.77685546875	0.08239753	0.00011292857142857143	0.00037642857142857145	29.30340313911438	126295.3227455616
4366	1281.1735737852268	1002.55	81.287109375	0.08239714	0.00011288571428571429	0.00037628571428571436	28.59104561805725	126323.93047380447
4367	1321.4175117022044	1024.0	81.547119140625	0.082396604	0.00011284285714285713	0.0003761428571428571	29.895142078399658	126353.84276413918
4368	1239.699346266881	955.48	81.555908203125	0.08239565	0.00011279999999999999	0.00037600000000000003	30.36566138267517	126384.21300268173
4369	1271.6794498623804	989.15	81.814453125	0.0823947	0.00011275714285714285	0.0003758571428571429	30.675743103027344	126414.90697169304
4370	1236.8017416564462	957.4	81.3271484375	0.08239403	0.00011271428571428569	0.0003757142857142857	29.52803325653076	126444.49121832848
4371	1275.3247984800844	987.11	81.83642578125	0.082393445	0.00011267142857142856	0.00037557142857142856	30.319320678710938	126474.82274365425
4372	1243.1965991503762	965.6	81.346435546875	0.082393095	0.00011262857142857142	0.0003754285714285715	30.702296018600464	126505.52682638168
4373	1277.3755914435715	986.73	82.1064453125	0.082392655	0.0001125857142857143	0.00037528571428571434	31.3511700630188	126536.89076542854
4374	1314.2471825264188	1022.0	81.61572265625	0.08239263	0.00011254285714285712	0.0003751428571428571	32.35149621963501	126569.2549431324
4375	1256.6899772138995	972.82	81.62548828125	0.08239291	0.0001125	0.000375	31.616053819656372	126600.89477658272
4376	1261.9912161797124	985.21	81.634521484375	0.082392685	0.00011245714285714286	0.0003748571428571429	29.83436679840088	126630.73073983192
4377	1187.5262484076848	934.29	80.902587890625	0.082391955	0.00011241428571428568	0.0003747142857142857	30.41499376296997	126661.14675927162
4378	1249.447973772194	982.44	81.655029296875	0.08239084	0.00011237142857142856	0.00037457142857142854	30.57034707069397	126691.71876716614
4379	1227.8744686139667	962.69	81.664794921875	0.08238944	0.00011232857142857143	0.00037442857142857145	31.126562356948853	126722.84703874588
4380	1292.106994214285	1017.66	81.424560546875	0.082388215	0.00011228571428571429	0.0003742857142857143	30.430869102478027	126753.27908611298
4381	1268.9151462341413	996.04	81.434814453125	0.08238722	0.00011224285714285713	0.0003741428571428571	32.17857098579407	126785.45876812935
4382	1250.9939253625635	984.19	81.44384765625	0.08238643	0.00011219999999999999	0.000374	32.426581144332886	126817.88690257072
4383	1259.2834616532143	988.11	81.703857421875	0.082385294	0.00011215714285714285	0.0003738571428571429	32.84856390953064	126850.75191020966
4384	1274.9549820347088	999.36	80.97119140625	0.08238452	0.00011211428571428569	0.00037371428571428565	32.98633122444153	126884.38550543785
4385	1253.7342746832778	980.15	81.973388671875	0.082383566	0.00011207142857142855	0.00037357142857142857	32.835612773895264	126917.23478507996
4386	1291.758062097011	1005.16	81.732666015625	0.08238277	0.00011202857142857142	0.00037342857142857143	32.73142409324646	126949.97880244255
4387	1271.337294404786	987.66	81.74365234375	0.082382485	0.0001119857142857143	0.00037328571428571434	32.70133447647095	126982.69478034973
4388	1289.576933361831	996.53	81.75390625	0.082382075	0.00011194285714285712	0.0003731428571428571	32.78342318534851	127015.60674476624
4389	1290.7665162954484	999.12	81.762451171875	0.0823816	0.0001119	0.000373	32.58799600601196	127048.21123456955
4390	1270.9502172503398	983.72	81.77294921875	0.08238113	0.00011185714285714286	0.0003728571428571429	31.531415700912476	127079.75475239754
4391	1298.5236617339913	1006.51	81.532470703125	0.08238093	0.00011181428571428568	0.0003727142857142857	31.863098621368408	127111.62676692009
4392	1272.5253214079082	986.58	81.29248046875	0.08238048	0.00011177142857142856	0.00037257142857142854	31.436071157455444	127143.07924103737
4393	1295.1366989952069	1004.66	81.802734375	0.08238051	0.00011172857142857142	0.00037242857142857146	31.53774666786194	127174.61875534058
4394	1286.0143711422015	998.39	81.81201171875	0.08238114	0.00011168571428571429	0.0003722857142857143	32.34912300109863	127206.97672104836
4395	1265.0500563677485	988.97	81.8203125	0.08238152	0.00011164285714285712	0.00037214285714285713	33.896334648132324	127240.89551115036
4396	1319.5222736903784	1019.0	81.83154296875	0.08238179	0.00011159999999999999	0.000372	33.61350083351135	127274.52819490433
4397	1296.2512906634215	1008.09	82.091064453125	0.082382314	0.00011155714285714285	0.0003718571428571429	32.62955284118652	127307.1588215828
4398	1266.3480482135012	986.23	82.10107421875	0.082382895	0.00011151428571428569	0.00037171428571428566	32.444904088974	127339.60532832146
4399	1257.6906821272523	975.66	81.861328125	0.082382776	0.00011147142857142855	0.0003715714285714286	32.986804485321045	127372.61013102531
4400	1275.306090230082	976.16	82.1201171875	0.082382865	0.00011142857142857142	0.00037142857142857143	31.45958971977234	127404.08280706406
4401	1273.64690884106	998.43	81.880615234375	0.08238297	0.0001113857142857143	0.00037128571428571435	34.42036461830139	127438.50475692749
4402	1290.2321678463843	996.99	81.147216796875	0.082383394	0.00011134285714285712	0.0003711428571428571	33.19919419288635	127471.71883225441
4403	1315.8876852802628	1014.88	81.9013671875	0.08238345	0.0001113	0.000371	31.914040088653564	127503.63406848907
4404	1309.9867255828246	1005.76	81.910888671875	0.08238339	0.00011125714285714286	0.0003708571428571429	32.19222855567932	127535.83955836296
4405	1284.0245904272203	992.22	82.170166015625	0.08238373	0.0001112142857142857	0.0003707142857142857	30.404322862625122	127566.25977158546
4406	1245.6326564943913	963.06	82.18017578125	0.08238394	0.00011117142857142856	0.00037057142857142855	31.060184001922607	127597.33887147903
4407	1293.3626332137658	993.33	82.0634765625	0.08238428	0.00011112857142857142	0.00037042857142857146	30.014370679855347	127627.35544037819
4408	1267.5074769415103	983.1	81.3291015625	0.08238477	0.00011108571428571429	0.0003702857142857143	32.36198019981384	127659.73272538185
4409	1233.7552344900564	954.86	82.078857421875	0.08238486	0.00011104285714285712	0.00037014285714285713	33.0439236164093	127692.79517555237
4410	1278.444358056121	989.25	82.3369140625	0.082384564	0.00011099999999999999	0.00037	33.00212025642395	127725.79875993729
4411	1275.2952780060866	987.48	82.094482421875	0.08238419	0.00011095714285714285	0.0003698571428571429	32.44195294380188	127758.24189162254
4412	1276.3111955133454	988.77	81.602294921875	0.082383364	0.00011091428571428569	0.00036971428571428566	32.51174020767212	127790.7670545578
4413	1291.5857094815387	995.16	82.110107421875	0.08238239	0.00011087142857142855	0.0003695714285714286	32.58053684234619	127823.35990571976
4414	1275.181573441677	985.57	82.117431640625	0.082381025	0.00011082857142857142	0.00036942857142857144	33.14379930496216	127856.65905594826
4415	1267.9251080507256	970.66	81.6259765625	0.08237917	0.0001107857142857143	0.00036928571428571436	30.843555212020874	127887.92274785042
4416	1274.943117578789	976.69	82.1337890625	0.0823779	0.00011074285714285712	0.0003691428571428571	33.81556177139282	127921.75077986717
4417	1303.6681069510487	1005.33	82.1416015625	0.0823764	0.0001107	0.000369	32.752689361572266	127954.51209402084
4418	1268.1355325481745	978.72	82.149169921875	0.08237516	0.00011065714285714286	0.0003688571428571429	32.89560079574585	127987.42679142952
4419	1307.6601756170658	1009.51	82.1572265625	0.08237361	0.0001106142857142857	0.0003687142857142857	31.549012184143066	128018.9884634018
4420	1265.6028863486727	977.41	82.166015625	0.08237178	0.00011057142857142856	0.00036857142857142855	30.77915120124817	128049.7823908329
4421	1311.610519828859	1006.28	82.17236328125	0.08237017	0.00011052857142857142	0.00036842857142857147	32.088162422180176	128081.8724629879
4422	1302.0020376243876	994.66	82.1806640625	0.08236885	0.00011048571428571429	0.00036828571428571433	33.510119915008545	128115.39953327179
4423	1268.1367328766212	972.69	82.18701171875	0.08236752	0.00011044285714285712	0.00036814285714285714	32.78735566139221	128148.19875264168
4424	1244.388741494328	961.6	82.197265625	0.08236576	0.00011039999999999999	0.000368	33.0173237323761	128181.22086024284
4425	1273.3926392471778	980.04	82.205078125	0.082364164	0.00011035714285714285	0.0003678571428571429	33.45560622215271	128214.68675589561
4426	1273.0847686091845	973.2	82.212890625	0.08236261	0.00011031428571428569	0.00036771428571428567	33.61237621307373	128248.31618332863
4427	1285.716524176936	988.22	82.21923828125	0.082361475	0.00011027142857142855	0.00036757142857142853	35.60912227630615	128283.9267988205
4428	1256.6040831318733	967.45	81.978271484375	0.08236075	0.00011022857142857143	0.00036742857142857145	33.80906367301941	128318.00576329231
4429	1311.4699218511864	1014.37	82.486328125	0.08236014	0.00011018571428571429	0.0003672857142857143	33.74338984489441	128351.76273727417
4430	1251.2211122282874	971.09	82.744140625	0.0823596	0.00011014285714285712	0.0003671428571428571	33.66671943664551	128385.43110013008
4431	1295.793705628034	1003.01	82.252197265625	0.08235902	0.00011009999999999999	0.000367	32.94718599319458	128418.5268535614
4432	1263.715828730301	983.2	82.00927734375	0.08235843	0.00011005714285714286	0.0003668571428571429	33.941993713378906	128452.47078561783
4433	1268.9548522342725	984.13	82.516845703125	0.08235817	0.0001100142857142857	0.00036671428571428564	32.123290061950684	128484.60283136368
4434	1247.6371698741948	965.05	82.275146484375	0.08235838	0.00010997142857142856	0.00036657142857142856	32.68782377243042	128517.29918551445
4435	1271.355800529128	982.44	82.283447265625	0.08235826	0.00010992857142857142	0.0003664285714285714	33.90317106246948	128551.21472787857
4436	1261.644796974367	972.08	82.292236328125	0.08235834	0.00010988571428571428	0.00036628571428571434	33.84653162956238	128585.06281876564
4437	1315.0405597952413	1017.61	82.0478515625	0.08235825	0.00010984285714285712	0.0003661428571428571	33.95952296257019	128619.11077928543
4438	1307.5543796515558	1016.55	82.30615234375	0.082358114	0.00010979999999999999	0.000366	33.18150877952576	128652.30889773369
4439	1294.6025364539612	996.57	82.315185546875	0.082358114	0.00010975714285714285	0.00036585714285714287	33.895183801651	128686.2108104229
4440	1293.9551535180694	996.43	82.5732421875	0.08235803	0.00010971428571428573	0.0003657142857142858	33.11733031272888	128719.34096431732
4441	1301.9478142606617	1003.08	82.330078125	0.08235753	0.00010967142857142855	0.00036557142857142854	33.10134220123291	128752.44425320625
4442	1317.0436321495292	1010.41	81.59521484375	0.08235717	0.00010962857142857143	0.00036542857142857145	33.98523139953613	128786.43094944954
4443	1314.0968381318387	1004.63	82.345703125	0.0823569	0.00010958571428571429	0.0003652857142857143	34.41186261177063	128820.85539746284
4444	1322.1722575393972	1012.12	82.603759765625	0.082356356	0.00010954285714285711	0.0003651428571428571	34.6633620262146	128855.53075861931
4445	1317.9405195266518	1005.36	82.11083984375	0.08235554	0.00010949999999999999	0.000365	32.38119101524353	128887.9249792099
4446	1284.9364365150527	992.11	82.3671875	0.082355164	0.00010945714285714286	0.0003648571428571429	33.6076545715332	128921.5511109829
4447	1266.6152447667619	979.04	82.12646484375	0.08235475	0.00010941428571428572	0.00036471428571428576	31.401887893676758	128952.95509910583
4448	1290.2654836933507	994.5	82.384765625	0.08235452	0.00010937142857142856	0.00036457142857142857	31.247141361236572	128984.21508026123
4449	1287.8802641499774	987.65	82.392578125	0.08235425	0.00010932857142857142	0.00036442857142857143	30.91211724281311	129015.14680886269
4450	1323.5556820599468	1000.85	82.398681640625	0.08235414	0.00010928571428571428	0.00036428571428571434	30.5022292137146	129045.65077996254
4451	1334.4256064733045	1012.45	82.4072265625	0.082354516	0.00010924285714285712	0.0003641428571428571	31.962818384170532	129077.61481714249
4452	1296.5245934645457	1001.47	82.415771484375	0.08235514	0.00010919999999999998	0.000364	31.9465811252594	129109.56306385994
4453	1315.7907392574393	1004.93	82.674560546875	0.082355954	0.00010915714285714285	0.0003638571428571429	32.79385018348694	129142.37344574928
4454	1326.6689463271014	1006.27	82.1826171875	0.082356155	0.00010911428571428573	0.0003637142857142858	33.83136701583862	129176.21910452843
4455	1346.45073589628	1018.16	82.439453125	0.082356416	0.00010907142857142855	0.00036357142857142854	32.57160449028015	129208.80678796768
4456	1316.5747654039856	1006.3	82.44775390625	0.082357034	0.00010902857142857143	0.00036342857142857146	34.246599197387695	129243.05452895164
4457	1322.3784594568008	1004.13	82.45556640625	0.08235764	0.00010898571428571429	0.0003632857142857143	33.2432382106781	129276.31478953362
4458	1317.32706224275	1005.45	82.46337890625	0.08235816	0.00010894285714285713	0.0003631428571428571	31.39325714111328	129307.70951628685
4459	1326.081203928626	1007.4	82.72119140625	0.08235807	0.00010889999999999999	0.000363	33.1395423412323	129340.8508245945
4460	1336.9803141020338	1020.73	82.478515625	0.08235806	0.00010885714285714285	0.0003628571428571429	33.61500120162964	129374.47874879837
4461	1303.731600789531	1002.06	82.48681640625	0.08235802	0.00010881428571428572	0.00036271428571428576	33.211379289627075	129407.70275998116
4462	1306.1833154105307	1003.92	82.742919921875	0.08235747	0.00010877142857142856	0.00036257142857142857	31.03454875946045	129438.94612455368
4463	1310.222099009824	998.63	82.502685546875	0.08235683	0.00010872857142857142	0.00036242857142857143	30.247516632080078	129469.21478009224
4464	1331.3511285353518	1013.99	82.509765625	0.08235619	0.00010868571428571428	0.00036228571428571435	30.771255016326904	129499.99875998497
4465	1318.8064562628576	1001.77	82.518310546875	0.082355775	0.00010864285714285712	0.0003621428571428571	31.315710067749023	129531.33519816399
4466	1306.7025458800745	992.62	82.52587890625	0.0823553	0.00010859999999999998	0.000362	32.73547577857971	129564.08288764954
4467	1345.8368948365307	1018.98	82.532470703125	0.08235488	0.00010855714285714285	0.0003618571428571429	32.56329536437988	129596.66277313232
4468	1301.7564300610256	993.04	82.2919921875	0.08235418	0.00010851428571428572	0.0003617142857142858	33.14406776428223	129630.09077954292
4469	1345.6641033526432	1020.89	82.548828125	0.082353756	0.00010847142857142855	0.00036157142857142855	33.10437226295471	129663.1963133812
4470	1265.0907779670451	975.06	82.806396484375	0.082353115	0.00010842857142857143	0.00036142857142857146	32.96316313743591	129696.17877459526
4471	1316.2954506743552	1005.19	82.93994140625	0.0823526	0.00010838571428571429	0.0003612857142857143	32.98973369598389	129729.18107843399
4472	1307.451096842572	1003.29	82.698974609375	0.082351774	0.00010834285714285713	0.00036114285714285713	32.67727041244507	129761.85948181152
4473	1277.9926727155769	970.63	83.2060546875	0.08235106	0.00010829999999999999	0.000361	32.41278433799744	129794.2756433487
4474	1310.793596324542	1001.59	82.462890625	0.08234965	0.00010825714285714285	0.0003608571428571429	31.585068225860596	129825.87636995316
4475	1286.3982520072475	980.44	82.722412109375	0.08234788	0.00010821428571428572	0.00036071428571428577	31.5163893699646	129857.39475297928
4476	1316.6859450775776	1000.55	82.730224609375	0.082346536	0.00010817142857142855	0.0003605714285714286	33.222646951675415	129890.61917805672
4477	1326.5698483951026	1016.61	82.738037109375	0.082345314	0.00010812857142857142	0.00036042857142857144	30.105766534805298	129920.72685670853
4478	1312.523703509326	1002.88	82.495361328125	0.0823443	0.00010808571428571428	0.00036028571428571435	31.42807650566101	129952.1747674942
4479	1300.1298703528	986.45	82.503662109375	0.082343325	0.00010804285714285712	0.0003601428571428571	32.35131764411926	129984.53078818321
4480	1297.1677467700504	993.34	82.761474609375	0.08234248	0.00010799999999999998	0.00035999999999999997	32.02814817428589	130016.77344727516
4481	1354.816926460679	1024.0	82.5185546875	0.0823419	0.00010795714285714286	0.0003598571428571429	31.96318244934082	130048.74114012718
4482	1332.1697518471035	1008.84	82.527587890625	0.082340926	0.00010791428571428572	0.00035971428571428575	33.25148010253906	130081.99477171898
4483	1282.7056310626622	979.06	82.784423828125	0.08234044	0.00010787142857142855	0.00035957142857142855	34.37701678276062	130116.37308526039
4484	1315.0820848406884	1000.81	82.79248046875	0.0823399	0.00010782857142857142	0.0003594285714285714	33.56436228752136	130149.95105528831
4485	1312.2137999591223	998.4	82.8017578125	0.08233929	0.00010778571428571429	0.00035928571428571433	32.41419076919556	130182.36675333977
4486	1323.6402252322996	1006.39	82.80712890625	0.082339026	0.00010774285714285712	0.0003591428571428571	32.36416673660278	130214.73212528229
4487	1311.46868958653	994.55	82.81640625	0.08233871	0.00010769999999999999	0.000359	32.60766077041626	130247.35477876663
4488	1327.3337600714856	1009.69	82.82470703125	0.08233843	0.00010765714285714285	0.00035885714285714286	33.30483102798462	130280.66077923775
4489	1319.9855884620154	1004.67	82.83251953125	0.08233783	0.00010761428571428572	0.0003587142857142858	30.619643926620483	130311.28701424599
4490	1312.8107300003828	1004.81	82.84033203125	0.08233688	0.00010757142857142855	0.00035857142857142853	32.89153981208801	130344.19896483421
4491	1313.7011517673504	1001.59	82.84814453125	0.08233573	0.00010752857142857142	0.00035842857142857144	33.25206470489502	130377.45483446121
4492	1305.2427934650632	994.83	82.8544921875	0.08233457	0.00010748571428571428	0.0003582857142857143	34.103763818740845	130411.55996990204
4493	1316.9935686010192	1004.96	82.8642578125	0.08233348	0.00010744285714285712	0.0003581428571428571	33.6367564201355	130445.19924926758
4494	1256.9913460502949	962.33	82.6220703125	0.082332395	0.00010739999999999998	0.000358	33.11940813064575	130478.4467549324
4495	1322.7424149245915	1005.02	82.87939453125	0.08233154	0.00010735714285714286	0.0003578571428571429	33.1392457485199	130511.5907626152
4496	1310.717858961546	998.34	82.8876953125	0.08233091	0.00010731428571428572	0.00035771428571428575	32.330179929733276	130543.92284822464
4497	1335.7822432706148	1006.66	82.39453125	0.08233028	0.00010727142857142856	0.00035757142857142856	32.87485671043396	130577.17887568474
4498	1287.9120087167096	977.58	83.153076171875	0.08232959	0.00010722857142857142	0.0003574285714285714	33.326619148254395	130610.50679636002
4499	1324.2793469721405	998.45	82.6611328125	0.082329124	0.00010718571428571429	0.00035728571428571434	31.106431007385254	130641.62599277496
4500	1351.9927390579753	1020.14	82.6689453125	0.082328595	0.00010714285714285712	0.0003571428571428571	33.92898607254028	130675.57643270493
4501	1334.3187159815973	1014.16	82.92578125	0.0823277	0.00010709999999999999	0.000357	32.66312265396118	130708.2427816391
4502	1324.5059242892848	1009.73	82.435302734375	0.08232734	0.00010705714285714285	0.00035685714285714287	33.34027624130249	130742.15202498436
4503	1305.4866743299785	998.1	82.44287109375	0.08232666	0.00010701428571428572	0.0003567142857142858	32.36703705787659	130774.53440403938
4504	1308.7030689222388	995.08	83.201171875	0.08232615	0.00010697142857142855	0.00035657142857142853	31.335609674453735	130805.88708329201
4505	1330.0206394793413	1018.04	83.208984375	0.08232582	0.00010692857142857142	0.00035642857142857145	33.8026020526886	130839.69116258621
4506	1303.9587170468026	994.91	83.216064453125	0.08232498	0.00010688571428571428	0.0003562857142857143	31.592490673065186	130871.29976534843
4507	1318.0848982364012	1008.52	82.232177734375	0.082324184	0.00010684285714285712	0.0003561428571428571	33.435205698013306	130904.75080227852
4508	1314.6198597567668	1000.93	82.982421875	0.08232356	0.00010679999999999998	0.000356	32.39822340011597	130937.15076231956
4509	1300.5645464808583	991.08	82.740234375	0.08232284	0.00010675714285714286	0.0003558571428571429	33.22157120704651	130970.38512969017
4510	1331.4913991136898	1018.47	82.997314453125	0.08232198	0.00010671428571428572	0.00035571428571428576	33.17536640167236	131003.57474589348
4511	1333.0021481118654	1008.26	83.2548828125	0.08232146	0.00010667142857142856	0.00035557142857142856	32.37872099876404	131035.95480418205
4512	1295.4606630307433	989.82	83.013427734375	0.08232092	0.00010662857142857142	0.0003554285714285714	33.15837812423706	131069.1150496006
4513	1330.0222153188652	1010.41	83.02099609375	0.082320586	0.00010658571428571429	0.00035528571428571434	32.943726539611816	131102.06730556488
4514	1302.7233295654326	994.75	83.029052734375	0.08232023	0.00010654285714285712	0.0003551428571428571	32.053038120269775	131134.12908411026
4515	1318.8529283439652	1002.84	83.036376953125	0.082319856	0.00010649999999999999	0.000355	33.07147240638733	131167.35079598427
4516	1325.0175362451014	1010.02	83.294677734375	0.08231923	0.00010645714285714285	0.00035485714285714287	32.907580614089966	131200.35875034332
4517	1335.6212408011397	1013.95	83.302490234375	0.08231836	0.00010641428571428571	0.0003547142857142858	34.63493514060974	131234.9947528839
4518	1310.7476748062063	1002.54	83.06103515625	0.08231769	0.00010637142857142855	0.00035457142857142854	32.72668480873108	131267.7227551937
4519	1342.2041298061265	1016.21	83.0673828125	0.082317136	0.00010632857142857141	0.00035442857142857146	33.68765640258789	131301.4269208908
4520	1330.7603248074538	1006.79	83.075927734375	0.0823166	0.00010628571428571428	0.0003542857142857143	32.4317831993103	131333.875123024
4521	1318.2483405118026	999.92	83.33447265625	0.082315914	0.00010624285714285712	0.0003541428571428571	31.831379652023315	131365.72275662422
4522	1305.6810221521282	990.88	82.592529296875	0.08231539	0.00010619999999999998	0.000354	32.71572136878967	131398.4509279728
4523	1304.472907065461	987.3	83.10009765625	0.082314655	0.00010615714285714286	0.0003538571428571429	32.536187410354614	131430.9957253933
4524	1314.7446713753538	992.57	83.107421875	0.082314394	0.00010611428571428572	0.00035371428571428576	33.28259897232056	131464.29376387596
4525	1307.2155326603054	991.59	83.115234375	0.082314275	0.00010607142857142856	0.00035357142857142857	33.56761646270752	131497.88275623322
4526	1302.7733201667043	988.5	82.623779296875	0.082314536	0.00010602857142857142	0.00035342857142857143	33.139679193496704	131531.0310406685
4527	1310.7748881234359	1000.43	83.131591796875	0.08231442	0.00010598571428571428	0.00035328571428571435	32.64688849449158	131563.70161223412
4528	1332.4085672898063	1012.41	83.889404296875	0.082314365	0.00010594285714285712	0.0003531428571428571	31.832336902618408	131595.75503444672
4529	1318.941986070978	1000.37	83.1455078125	0.082314454	0.00010589999999999999	0.00035299999999999996	32.53553223609924	131628.59075689316
4530	1295.0710883980519	992.88	82.653564453125	0.08231453	0.00010585714285714285	0.0003528571428571429	32.91938900947571	131661.5268201828
4531	1329.734970464208	1002.36	83.162841796875	0.08231511	0.00010581428571428571	0.0003527142857142858	34.29263138771057	131695.82105255127
4532	1291.7669884836528	992.73	83.17041015625	0.082315	0.00010577142857142855	0.00035257142857142855	33.48738241195679	131729.31876420975
4533	1296.9475552186268	986.39	83.178466796875	0.08231536	0.00010572857142857141	0.0003524285714285714	33.41759371757507	131762.83876729012
4534	1281.9905147977115	981.4	83.185546875	0.08231566	0.00010568571428571429	0.0003522857142857143	32.459190368652344	131795.2990937233
4535	1277.9614411360171	977.64	83.31982421875	0.08231578	0.00010564285714285711	0.0003521428571428571	33.56957745552063	131828.8707370758
4536	1314.9601899616914	1002.32	83.82763671875	0.08231591	0.00010559999999999998	0.000352	33.59740591049194	131862.48081827164
4537	1326.991878020763	1005.3	82.83544921875	0.08231596	0.00010555714285714286	0.00035185714285714285	32.85071587562561	131895.33875107765
4538	1300.3567093687382	993.02	83.3427734375	0.08231636	0.00010551428571428572	0.00035171428571428577	33.01551580429077	131928.3628833294
4539	1331.482958880134	1012.68	83.601318359375	0.08231675	0.00010547142857142856	0.0003515714285714285	32.55051136016846	131960.9261393547
4540	1307.842883402047	995.6	83.359130859375	0.08231727	0.00010542857142857142	0.00035142857142857144	33.627323389053345	131994.56681632996
4541	1286.5059109997485	980.86	83.616943359375	0.082317315	0.00010538571428571428	0.0003512857142857143	32.899253129959106	132027.47876477242
4542	1299.2673148388917	996.71	83.374755859375	0.08231705	0.00010534285714285712	0.0003511428571428571	32.698492765426636	132060.1791086197
4543	1283.0173895902851	979.37	83.382080078125	0.08231685	0.00010529999999999998	0.00035099999999999997	32.0040237903595	132092.19141197205
4544	1297.6765340513195	984.91	83.64013671875	0.082316935	0.00010525714285714285	0.0003508571428571429	33.07642126083374	132125.28368496895
4545	1290.3506570621546	988.84	83.398193359375	0.0823173	0.00010521428571428571	0.00035071428571428574	31.251291275024414	132156.5467391014
4546	1307.7157950727105	999.13	83.656005859375	0.08231771	0.00010517142857142855	0.00035057142857142855	32.35457491874695	132188.90276932716
4547	1274.0359857427425	976.62	83.91357421875	0.08231828	0.00010512857142857141	0.0003504285714285714	32.1278932094574	132221.04410243034
4548	1309.502696969648	1002.49	83.67138671875	0.0823187	0.00010508571428571429	0.00035028571428571433	31.292022943496704	132252.35475564003
4549	1327.3195033659874	1015.34	83.42919921875	0.08231891	0.00010504285714285711	0.0003501428571428571	31.291229963302612	132283.64708924294
4550	1315.6394450694393	1001.34	83.18701171875	0.08231914	0.00010499999999999999	0.00035	31.094508171081543	132314.74320483208
4551	1318.8405202010704	1010.4	83.44384765625	0.08231893	0.00010495714285714285	0.00034985714285714286	30.44575572013855	132345.19078469276
4552	1323.7490321808314	1002.9	83.453125	0.08231876	0.00010491428571428572	0.0003497142857142858	31.079962253570557	132376.27190494537
4553	1294.2856685988615	995.29	83.46142578125	0.08231848	0.00010487142857142856	0.0003495714285714285	30.13002610206604	132406.4039618969
4554	1326.733559864615	1013.2	83.46923828125	0.08231806	0.00010482857142857142	0.00034942857142857144	30.511290073394775	132436.92680692673
4555	1307.3076297205034	1006.32	83.97705078125	0.0823177	0.00010478571428571428	0.0003492857142857143	31.15538763999939	132468.09485912323
4556	1293.3688121926743	996.32	83.23486328125	0.08231726	0.00010474285714285712	0.0003491428571428571	30.038716316223145	132498.13477659225
4557	1336.3710634905094	1017.27	83.7421875	0.082316846	0.00010469999999999998	0.00034899999999999997	30.505144834518433	132528.64869093895
4558	1306.424255002603	1000.57	83.500732421875	0.082316495	0.00010465714285714285	0.0003488571428571429	29.95522689819336	132558.61874198914
4559	1303.8382904706618	1002.29	83.50732421875	0.08231598	0.00010461428571428571	0.00034871428571428575	30.30734419822693	132588.93880820274
4560	1297.6828469572752	990.99	83.516357421875	0.08231538	0.00010457142857142855	0.00034857142857142856	30.119199991226196	132619.0707640648
4561	1300.8181400706544	988.83	83.7734375	0.08231497	0.00010452857142857141	0.0003484285714285714	30.302563905715942	132649.37474131584
4562	1315.9426578108655	1002.26	83.53173828125	0.08231477	0.00010448571428571429	0.00034828571428571433	29.38345241546631	132678.77490663528
4563	1332.5942148545855	1014.26	83.53955078125	0.082314454	0.00010444285714285715	0.0003481428571428572	29.771368980407715	132708.55473065376
4564	1299.33530183126	989.14	83.297607421875	0.0823142	0.00010439999999999999	0.000348	29.519248962402344	132738.08266067505
4565	1300.6187809349913	992.16	83.055419921875	0.08231389	0.00010435714285714285	0.00034785714285714286	27.430554628372192	132765.51474118233
4566	1313.7214656068543	1003.26	83.562744140625	0.08231321	0.00010431428571428572	0.0003477142857142858	27.61542820930481	132793.14675807953
4567	1280.5043935080578	977.18	83.571044921875	0.08231264	0.00010427142857142855	0.00034757142857142853	27.902552366256714	132821.0507440567
4568	1332.8606557963428	1021.36	83.579833984375	0.08231215	0.00010422857142857142	0.00034742857142857145	29.746917963027954	132850.8103222847
4569	1264.6033129785856	973.8	83.587646484375	0.08231171	0.00010418571428571428	0.0003472857142857143	30.06335997581482	132880.8907392025
4570	1318.1898338775802	1009.14	83.845458984375	0.08231141	0.00010414285714285715	0.0003471428571428572	30.35108995437622	132911.25473332405
4571	1289.9065789011738	988.44	83.603271484375	0.08231122	0.00010409999999999998	0.000347	29.442556381225586	132940.69879555702
4572	1299.4497500461193	986.95	83.611083984375	0.08231131	0.00010405714285714285	0.0003468571428571429	29.419049501419067	132970.13070893288
4573	1300.9271929695585	1001.38	83.867431640625	0.0823117	0.00010401428571428571	0.00034671428571428575	28.2555730342865	132998.40313720703
4574	1312.6619825410955	1006.4	83.376708984375	0.08231204	0.00010397142857142855	0.00034657142857142856	27.870012283325195	133026.27473640442
4575	1315.497324030238	1004.19	84.1328125	0.08231298	0.00010392857142857141	0.0003464285714285714	27.187283039093018	133053.47472977638
4576	1312.2247645440307	1007.78	83.642333984375	0.08231419	0.00010388571428571429	0.00034628571428571434	25.95954179763794	133079.4394378662
4577	1314.205468277322	998.63	83.899658203125	0.0823155	0.00010384285714285715	0.0003461428571428572	27.819294214248657	133107.274736166
4578	1293.855975195021	989.04	83.907958984375	0.08231652	0.00010379999999999999	0.000346	27.606389045715332	133134.8827688694
4579	1288.8617295926724	983.29	83.915771484375	0.08231731	0.00010375714285714285	0.00034585714285714287	28.126372575759888	133163.0107398033
4580	1333.7427583965587	1016.61	83.923095703125	0.08231805	0.00010371428571428572	0.0003457142857142858	27.19520378112793	133190.2147374153
4581	1323.6459534290514	1012.18	83.681396484375	0.08231851	0.00010367142857142855	0.00034557142857142854	27.91039538383484	133218.126734972
4582	1333.663840926234	1015.76	83.688232421875	0.082318954	0.00010362857142857142	0.0003454285714285714	28.631125926971436	133246.76673316956
4583	1299.0809010217235	989.57	83.683349609375	0.08231926	0.00010358571428571428	0.0003452857142857143	29.130643844604492	133275.89881706238
4584	1267.1926546021211	976.26	83.204345703125	0.08231937	0.00010354285714285714	0.0003451428571428572	26.666621685028076	133302.58275079727
4585	1300.3189533874936	993.67	83.713623046875	0.08231936	0.00010349999999999998	0.000345	27.592098712921143	133330.17603111267
4586	1291.6277355125594	985.87	83.719970703125	0.082319275	0.00010345714285714285	0.00034485714285714284	28.1690456867218	133358.34674406052
4587	1313.3069528663607	1003.15	83.729248046875	0.08231916	0.00010341428571428572	0.00034471428571428576	27.811442136764526	133386.16293478012
4588	1317.4548210081912	987.68	83.487060546875	0.082318954	0.00010337142857142855	0.0003445714285714285	29.719449758529663	133415.89476823807
4589	1328.3011467393292	1007.8	83.494384765625	0.0823186	0.00010332857142857141	0.00034442857142857143	30.039263486862183	133445.94669270515
4590	1281.8800336160268	985.99	83.752685546875	0.08231797	0.00010328571428571429	0.0003442857142857143	28.31626009941101	133474.27963256836
4591	1281.7648088490469	980.63	83.759033203125	0.082317114	0.00010324285714285715	0.0003441428571428572	28.212866067886353	133502.50921583176
4592	1310.954120711575	1008.05	83.7685546875	0.082316406	0.00010319999999999999	0.00034399999999999996	27.868192195892334	133530.3793258667
4593	1298.9714117020299	990.96	84.024169921875	0.08231589	0.00010315714285714285	0.0003438571428571429	27.849962949752808	133558.2454726696
4594	1250.1493950404483	953.58	83.783935546875	0.08231563	0.00010311428571428572	0.00034371428571428574	28.591920375823975	133586.85111284256
4595	1304.5050721185287	982.04	84.041259765625	0.08231524	0.00010307142857142855	0.00034357142857142854	26.64284062385559	133613.5062801838
4596	1305.200111908764	994.71	84.04931640625	0.08231489	0.00010302857142857142	0.0003434285714285714	27.77464461326599	133641.28274059296
4597	1276.3669196999936	979.71	84.05712890625	0.0823146	0.00010298571428571428	0.0003432857142857143	26.822227239608765	133668.10672926903
4598	1316.674002124631	1000.8	83.8134765625	0.082314074	0.00010294285714285714	0.0003431428571428572	28.583361864089966	133696.69878816605
4599	1316.721840089819	1001.78	83.44775390625	0.08231316	0.00010289999999999998	0.000343	28.99480128288269	133725.69474053383
4600	1310.3766443901675	1004.24	85.45556640625	0.082312174	0.00010285714285714284	0.00034285714285714285	27.927467107772827	133753.63890957832
4601	1276.7509069401667	981.75	83.96337890625	0.08231122	0.00010281428571428572	0.00034271428571428577	28.25077223777771	133781.89128947258
4602	1269.2906893809152	975.02	84.47119140625	0.08231021	0.00010277142857142854	0.0003425714285714285	28.925729751586914	133810.8187906742
4603	1317.5216255486296	1010.67	83.97998046875	0.08230918	0.00010272857142857142	0.00034242857142857143	29.87474536895752	133840.69482588768
4604	1261.1163771115007	966.48	84.23779296875	0.082308136	0.00010268571428571429	0.0003422857142857143	27.31457018852234	133868.01074504852
4605	1261.9527798647164	978.31	83.99560546875	0.08230758	0.00010264285714285715	0.0003421428571428572	28.347761154174805	133896.37103295326
4606	1272.9004788236539	972.7	84.00341796875	0.08230688	0.00010259999999999999	0.00034199999999999996	28.806042909622192	133925.1787750721
4607	1305.9800301821376	1008.0	84.0107421875	0.082306094	0.00010255714285714285	0.0003418571428571429	29.10236358642578	133954.2828233242
4608	1291.9063840124436	999.34	84.018310546875	0.08230519	0.00010251428571428571	0.00034171428571428574	31.066096782684326	133985.35075211525
4609	1292.0175320603573	991.77	84.27685546875	0.08230427	0.00010247142857142855	0.00034157142857142855	30.426348209381104	134015.778778553
4610	1216.4921487367728	929.1	84.034912109375	0.08230316	0.00010242857142857141	0.0003414285714285714	30.374603509902954	134046.15491819382
4611	1295.387446204054	990.29	84.04248046875	0.082302086	0.00010238571428571428	0.0003412857142857143	29.22722601890564	134075.38377451897
4612	1302.2948128366877	1001.4	84.05078125	0.082301274	0.00010234285714285714	0.0003411428571428572	28.40091061592102	134103.7874276638
4613	1298.1815204490654	986.55	84.05810546875	0.08230021	0.00010229999999999998	0.000341	28.622255086898804	134132.41073155403
4614	1270.9857837950333	974.26	84.064208984375	0.082298905	0.00010225714285714284	0.00034085714285714286	29.53936243057251	134161.96275496483
4615	1290.9327470059811	986.34	84.323974609375	0.08229778	0.00010221428571428572	0.00034071428571428577	29.057106018066406	134191.09089422226
4616	1306.4442177374547	998.46	84.0810546875	0.08229664	0.00010217142857142854	0.0003405714285714285	29.08665132522583	134220.17875361443
4617	1286.3786942732547	979.61	84.090576171875	0.08229552	0.00010212857142857142	0.00034042857142857144	27.84747552871704	134248.0947303772
4618	1295.3719541160965	987.01	83.59814453125	0.08229469	0.00010208571428571429	0.0003402857142857143	29.186699151992798	134277.2828528881
4619	1278.1744480657537	978.11	84.606201171875	0.0822939	0.00010204285714285715	0.0003401428571428572	28.378798246383667	134305.66278362274
4620	1314.6631133182545	997.96	84.114501953125	0.08229288	0.00010199999999999999	0.00033999999999999997	28.291223526000977	134333.97074198723
4621	1295.4921752145874	988.38	83.87109375	0.08229213	0.00010195714285714285	0.0003398571428571429	28.858450174331665	134362.83082032204
4622	1266.2660753194018	964.58	84.129638671875	0.0822921	0.00010191428571428571	0.00033971428571428575	31.299001455307007	134394.13098621368
4623	1296.7230162959609	992.41	84.13720703125	0.08229264	0.00010187142857142855	0.00033957142857142855	31.530962228775024	134425.67107963562
4624	1286.7179119004575	985.03	84.1455078125	0.082293466	0.00010182857142857141	0.0003394285714285714	30.519204139709473	134456.26673340797
4625	1332.8429172385984	1018.61	83.90283203125	0.0822941	0.00010178571428571428	0.00033928571428571433	30.795584201812744	134487.07508945465
4626	1300.1821293508347	993.45	83.91064453125	0.08229428	0.00010174285714285714	0.0003391428571428572	30.530458211898804	134517.60686469078
4627	1276.2908986414002	985.11	84.1689453125	0.08229446	0.00010169999999999998	0.000339	28.886263132095337	134546.4947657585
4628	1317.9260286409644	1008.23	84.4267578125	0.08229453	0.00010165714285714284	0.00033885714285714286	29.3145911693573	134575.8109049797
4629	1321.383841460205	1006.15	84.1826171875	0.08229456	0.00010161428571428572	0.0003387142857142858	30.960259914398193	134606.7875006199
4630	1246.0777775493832	960.19	83.941650390625	0.082294784	0.00010157142857142854	0.00033857142857142853	31.253175497055054	134638.05677247047
4631	1318.476619607117	1006.54	84.949951171875	0.08229502	0.00010152857142857142	0.00033842857142857145	28.84747862815857	134666.9947490692
4632	1273.1803882757802	976.82	83.95751953125	0.082295276	0.00010148571428571428	0.0003382857142857143	29.135275840759277	134696.150742054
4633	1292.6288382749826	991.13	83.9658203125	0.082295686	0.00010144285714285715	0.0003381428571428572	28.252223253250122	134724.47076249123
4634	1261.9087902615956	965.16	83.9736328125	0.08229579	0.00010139999999999998	0.000338	30.009774208068848	134754.49318385124
4635	1287.561287767701	995.51	84.482177734375	0.08229595	0.00010135714285714285	0.00033785714285714284	27.655664205551147	134782.15079689026
4636	1253.456011926607	961.31	84.240234375	0.08229601	0.00010131428571428571	0.00033771428571428575	31.351360321044922	134813.51477265358
4637	1244.9058037193824	968.13	84.24609375	0.08229632	0.00010127142857142855	0.0003375714285714285	28.957585096359253	134842.56951522827
4638	1281.0641964167125	990.57	84.255859375	0.08229709	0.00010122857142857141	0.0003374285714285714	29.98327326774597	134872.56674408913
4639	1293.9156879316245	1004.35	84.511474609375	0.082297765	0.00010118571428571428	0.0003372857142857143	30.67874789237976	134903.24675512314
4640	1324.3586580837314	1014.5	84.521484375	0.082298525	0.00010114285714285715	0.0003371428571428572	31.507490396499634	134934.75899767876
4641	1307.7095728953736	997.7	83.779296875	0.0822993	0.00010109999999999998	0.00033699999999999995	29.715234518051147	134964.4907374382
4642	1311.7092916531294	1008.55	84.287109375	0.08229988	0.00010105714285714284	0.00033685714285714287	29.683658838272095	134994.1830279827
4643	1288.361488344331	1001.16	83.795166015625	0.08230042	0.00010101428571428572	0.00033671428571428573	30.375669240951538	135024.57105970383
4644	1262.9771244551744	974.59	85.05224609375	0.08230069	0.00010097142857142854	0.00033657142857142854	30.9144287109375	135055.48673343658
4645	1286.9915373925348	986.94	83.810302734375	0.08230074	0.00010092857142857142	0.0003364285714285714	30.02025079727173	135085.51492977142
4646	1315.8681289943436	1008.88	84.318115234375	0.08230132	0.00010088571428571428	0.0003362857142857143	29.962108373641968	135115.47874045372
4647	1267.5888515026622	976.73	84.325927734375	0.082301565	0.00010084285714285715	0.0003361428571428572	29.1191623210907	135144.59903597832
4648	1254.8851297196777	966.75	84.3330078125	0.082301915	0.00010079999999999998	0.000336	29.36004066467285	135173.97075796127
4649	1286.2650607066919	990.15	84.09130859375	0.08230253	0.00010075714285714285	0.00033585714285714284	28.578341722488403	135202.55073833466
4650	1286.722387904432	990.44	84.35009765625	0.082303025	0.00010071428571428571	0.00033571428571428576	29.807533979415894	135232.3748486042
4651	1292.8618103745348	1004.54	84.35693359375	0.08230333	0.00010067142857142855	0.0003355714285714285	28.36349892616272	135260.74308681488
4652	1293.2248887257113	993.32	83.61572265625	0.08230322	0.00010062857142857141	0.0003354285714285714	28.410399198532104	135289.1550474167
4653	1310.5938539125432	1005.15	84.373291015625	0.082302935	0.00010058571428571428	0.0003352857142857143	30.67169952392578	135319.83502149582
4654	1301.2019768889163	1004.98	84.631591796875	0.082302205	0.00010054285714285715	0.0003351428571428572	30.34762716293335	135350.19502401352
4655	1267.2311577101866	979.82	84.389404296875	0.08230159	0.00010049999999999998	0.00033499999999999996	30.17857050895691	135380.3750295639
4656	1308.962217998047	1004.48	84.397216796875	0.08230171	0.00010045714285714285	0.00033485714285714287	30.306369066238403	135410.68287181854
4657	1259.7669323401153	970.33	84.15478515625	0.08230164	0.00010041428571428572	0.00033471428571428573	30.426377773284912	135441.11075520515
4658	1328.2126190533336	1018.23	84.412841796875	0.08230186	0.00010037142857142854	0.00033457142857142854	29.763347148895264	135470.87526988983
4659	1281.173976259901	986.53	84.420654296875	0.082301654	0.00010032857142857142	0.0003344285714285714	30.086548566818237	135500.9817686081
4660	1309.5790988174988	1016.45	84.428466796875	0.082301565	0.00010028571428571428	0.0003342857142857143	30.179251194000244	135531.178763628
4661	1232.4166258039677	954.05	84.434326171875	0.08230185	0.00010024285714285715	0.0003341428571428572	30.43567156791687	135561.63503026962
4662	1298.6950268109856	1002.27	84.193603515625	0.08230197	0.00010019999999999998	0.000334	28.692778825759888	135590.34026241302
4663	1305.0738741080554	1007.7	85.07568359375	0.0823027	0.00010015714285714285	0.00033385714285714285	27.6280574798584	135617.99078965187
4664	1297.2925451713334	998.87	84.584716796875	0.08230334	0.00010011428571428571	0.00033371428571428576	27.47113800048828	135645.4746506214
4665	1308.4540714863351	1015.41	84.84228515625	0.08230441	0.00010007142857142855	0.0003335714285714285	28.157870769500732	135673.6353006363
4666	1266.045543446378	978.83	84.6005859375	0.08230539	0.00010002857142857141	0.00033342857142857143	28.1815083026886	135701.83675909042
4667	1306.450477049809	1010.75	84.60888671875	0.0823059	9.998571428571427e-05	0.0003332857142857143	26.95223307609558	135728.79022789001
4668	1311.5858941581566	1008.57	84.61669921875	0.08230596	9.994285714285715e-05	0.0003331428571428572	28.71173405647278	135757.5149960518
4669	1299.4306184534316	999.86	84.62451171875	0.08230628	9.989999999999998e-05	0.00033299999999999996	29.365420818328857	135786.88886880875
4670	1265.9381667088212	980.47	84.13232421875	0.08230626	9.985714285714285e-05	0.0003328571428571429	31.56345844268799	135818.46701788902
4671	1309.0562641308961	1016.87	84.638916015625	0.08230596	9.981428571428572e-05	0.00033271428571428574	34.31095290184021	135852.79476213455
4672	1282.842594108414	994.73	84.648193359375	0.08230532	9.977142857142855e-05	0.00033257142857142855	31.977422952651978	135884.77473258972
4673	1318.448777297728	1018.0	84.656005859375	0.08230496	9.972857142857142e-05	0.0003324285714285714	33.414735317230225	135918.19102573395
4674	1256.6315809800626	978.23	84.41357421875	0.082304455	9.968571428571428e-05	0.0003322857142857143	32.35089159011841	135950.55503964424
4675	1301.0615522328267	1010.26	84.921875	0.08230428	9.964285714285714e-05	0.0003321428571428572	31.255404710769653	135981.82273340225
4676	1287.4426842123023	1001.67	84.678955078125	0.0823041	9.959999999999998e-05	0.000332	28.47873616218567	136011.4067401886
4677	1298.3263621847689	1000.24	84.68701171875	0.0823038	9.955714285714285e-05	0.00033185714285714285	30.31135606765747	136041.72273516655
4678	1254.4403689409928	976.97	84.694091796875	0.08230362	9.951428571428571e-05	0.00033171428571428577	28.507508993148804	136070.23495316505
4679	1284.8902114193897	997.47	84.95263671875	0.08230343	9.947142857142855e-05	0.0003315714285714285	28.91530752182007	136099.1522204876
4680	1293.6565644174552	1000.63	84.7099609375	0.08230344	9.942857142857141e-05	0.00033142857142857144	27.174418926239014	136126.32912826538
4681	1296.274424251145	1007.95	84.46826171875	0.082303055	9.938571428571427e-05	0.0003312857142857143	27.340022802352905	136153.67937588692
4682	1269.0611863157835	983.3	84.726318359375	0.082303114	9.934285714285715e-05	0.0003311428571428572	27.459508419036865	136181.1548922062
4683	1288.9059538078611	994.54	84.735107421875	0.08230313	9.929999999999997e-05	0.00033099999999999997	27.166417598724365	136208.32291150093
4684	1240.29190713905	974.72	84.992919921875	0.08230308	9.925714285714285e-05	0.00033085714285714283	28.33428692817688	136236.65845513344
4685	1258.612518319576	984.66	84.748291015625	0.08230315	9.921428571428572e-05	0.00033071428571428575	27.727265119552612	136264.40673685074
4686	1234.8652762161805	959.33	84.758544921875	0.08230345	9.917142857142855e-05	0.0003305714285714285	29.075460195541382	136293.50274205208
4687	1250.5568551575202	975.83	84.766357421875	0.08230373	9.912857142857142e-05	0.0003304285714285714	28.54007911682129	136322.06676864624
4688	1279.7603890045518	994.77	84.774169921875	0.082303874	9.908571428571428e-05	0.0003302857142857143	29.27835488319397	136351.34673070908
4689	1290.3874328875154	1005.21	84.78173828125	0.082303844	9.904285714285714e-05	0.0003301428571428572	29.10281777381897	136380.45072889328
4690	1288.7814550719065	998.57	84.789794921875	0.08230395	9.899999999999998e-05	0.00032999999999999994	30.538530111312866	136410.99084424973
4691	1282.3375892409815	993.58	84.29736328125	0.08230374	9.895714285714284e-05	0.00032985714285714286	28.039076328277588	136439.04299402237
4692	1284.9325258688582	991.72	84.805419921875	0.08230352	9.891428571428571e-05	0.0003297142857142857	27.166191577911377	136466.21073007584
4693	1278.0835480642083	988.6	85.3134765625	0.08230326	9.887142857142859e-05	0.00032957142857142864	28.427205562591553	136494.64675092697
4694	1265.1620341129612	981.77	84.820556640625	0.082302816	9.882857142857141e-05	0.0003294285714285714	27.672833919525146	136522.32815885544
4695	1258.578493185727	978.93	84.828369140625	0.08230239	9.878571428571427e-05	0.0003292857142857143	28.991575002670288	136551.32673883438
4696	1258.7604429715982	975.52	84.836669921875	0.08230192	9.874285714285715e-05	0.00032914285714285717	27.591699600219727	136578.92307162285
4697	1244.8864998927854	962.14	85.093017578125	0.082301326	9.869999999999997e-05	0.000329	30.26371192932129	136609.19506669044
4698	1258.1948250606274	975.25	84.8525390625	0.0823009	9.865714285714285e-05	0.00032885714285714284	27.068251848220825	136636.27563929558
4699	1269.4945809269477	975.01	84.8583984375	0.0823007	9.861428571428571e-05	0.00032871428571428575	28.61124873161316	136664.9027917385
4700	1273.2281051051891	981.71	84.86865234375	0.082300365	9.857142857142858e-05	0.0003285714285714286	27.775635957717896	136692.69110894203
4701	1238.6579068861083	956.94	84.876708984375	0.08230022	9.852857142857142e-05	0.0003284285714285714	28.33675789833069	136721.03657364845
4702	1305.499787324924	1004.94	84.884765625	0.08230026	9.848571428571428e-05	0.0003282857142857143	27.580960750579834	136748.63214826584
4703	1272.406386470085	985.95	84.892822265625	0.082299955	9.844285714285714e-05	0.0003281428571428572	27.353325843811035	136775.9868774414
4704	1270.683088579674	984.81	84.650146484375	0.082299374	9.839999999999998e-05	0.00032799999999999995	28.67700219154358	136804.6650636196
4705	1282.5538884204357	984.67	84.6572265625	0.08229876	9.835714285714284e-05	0.00032785714285714287	27.28219485282898	136831.96156048775
4706	1255.5949147427136	964.84	84.914306640625	0.08229829	9.831428571428571e-05	0.0003277142857142857	28.71962857246399	136860.69081401825
4707	1283.3852009984319	988.59	84.9228515625	0.08229771	9.827142857142858e-05	0.00032757142857142864	27.859554529190063	136888.56303596497
4708	1305.2000368514166	1008.7	84.9296875	0.08229744	9.822857142857141e-05	0.0003274285714285714	28.40747094154358	136916.98285889626
4709	1300.3177186736505	1006.22	84.93896484375	0.08229727	9.818571428571429e-05	0.0003272857142857143	27.923394441604614	136944.91874957085
4710	1308.6628297322534	1004.54	84.94677734375	0.082296886	9.814285714285715e-05	0.00032714285714285717	28.296225547790527	136973.21644878387
4711	1303.6628186414819	1010.35	84.703369140625	0.08229699	9.809999999999997e-05	0.000327	29.21759605407715	137002.435025692
4712	1268.1723758440783	975.53	84.96240234375	0.082296886	9.805714285714285e-05	0.00032685714285714284	28.003422260284424	137030.44716072083
4713	1281.0019581758677	977.38	84.97021484375	0.08229674	9.801428571428571e-05	0.00032671428571428576	28.6068115234375	137059.05502963066
4714	1309.5812794022359	1003.81	84.978271484375	0.08229653	9.797142857142858e-05	0.0003265714285714286	27.991621732711792	137087.06278038025
4715	1309.8195898427691	998.4	85.236328125	0.08229668	9.792857142857141e-05	0.0003264285714285714	27.689274787902832	137114.76473402977
4716	1328.6035704000074	1014.2	84.9951171875	0.08229654	9.788571428571428e-05	0.0003262857142857143	29.343624591827393	137144.1227953434
4717	1336.26457830706	1018.92	84.752685546875	0.08229654	9.784285714285714e-05	0.0003261428571428572	28.195793390274048	137172.33106732368
4718	1322.6464760131314	1004.45	85.00927734375	0.08229672	9.779999999999998e-05	0.00032599999999999996	27.626152753829956	137199.9587392807
4719	1274.579216572381	970.74	85.018310546875	0.08229681	9.775714285714284e-05	0.00032585714285714287	28.142262935638428	137228.12494373322
4720	1340.6354079701946	1018.13	85.02587890625	0.08229725	9.77142857142857e-05	0.00032571428571428573	27.25222682952881	137255.3787536621
4721	1322.1276379494382	1006.37	85.033447265625	0.0822979	9.767142857142858e-05	0.00032557142857142865	27.067907571792603	137282.4481151104
4722	1338.9684140979275	1019.97	85.041015625	0.082298465	9.76285714285714e-05	0.0003254285714285714	28.99711012840271	137311.44705581665
4723	1334.2192753483075	1012.09	85.04931640625	0.08229878	9.758571428571428e-05	0.0003252857142857143	27.70377206802368	137339.16309714317
4724	1335.974821999637	1012.03	85.30517578125	0.08229916	9.754285714285715e-05	0.0003251428571428572	27.765938758850098	137366.93073749542
4725	1317.2488566749175	1002.52	85.06494140625	0.082299225	9.749999999999998e-05	0.000325	29.06248450279236	137395.99474835396
4726	1305.629933405909	995.88	84.822998046875	0.082299314	9.745714285714285e-05	0.00032485714285714285	28.63856601715088	137424.63479614258
4727	1336.2723743176268	1012.21	85.205322265625	0.082299635	9.741428571428571e-05	0.00032471428571428576	31.041640758514404	137455.69699645042
4728	1298.489177137715	993.22	85.213623046875	0.082300425	9.737142857142858e-05	0.0003245714285714286	30.163401126861572	137485.87481975555
4729	1334.9415795988953	1004.18	85.221435546875	0.082301095	9.732857142857141e-05	0.00032442857142857143	30.19493579864502	137516.07096672058
4730	1338.4277585652776	1016.09	85.229248046875	0.08230174	9.728571428571428e-05	0.0003242857142857143	28.578381061553955	137544.6657166481
4731	1306.264676728744	995.38	85.236328125	0.08230219	9.724285714285714e-05	0.0003241428571428572	28.31632137298584	137572.98435807228
4732	1347.1599777037786	1018.79	85.494873046875	0.082302585	9.719999999999998e-05	0.00032399999999999996	28.984636306762695	137601.98804044724
4733	1341.0317048823788	1010.34	84.75341796875	0.08230317	9.715714285714284e-05	0.0003238571428571429	28.171287059783936	137630.16674399376
4734	1346.873873311169	1018.43	85.259521484375	0.082303375	9.71142857142857e-05	0.00032371428571428574	27.679923057556152	137657.85965061188
4735	1326.237803851507	1008.43	85.26904296875	0.08230348	9.707142857142858e-05	0.00032357142857142865	28.129896640777588	137685.99074029922
4736	1326.5189439535004	998.92	85.526611328125	0.082303606	9.70285714285714e-05	0.0003234285714285714	30.291321754455566	137716.28361082077
4737	1340.9894009406676	1014.23	85.28466796875	0.08230406	9.698571428571428e-05	0.00032328571428571427	30.052045106887817	137746.33711862564
4738	1294.5555832895259	984.3	85.292724609375	0.082304664	9.694285714285715e-05	0.0003231428571428572	30.475741863250732	137776.82710886002
4739	1323.9972745572245	1009.15	85.550537109375	0.08230551	9.689999999999998e-05	0.00032299999999999994	29.962342262268066	137806.79081821442
4740	1347.2141476416855	1018.25	85.058349609375	0.08230627	9.685714285714285e-05	0.00032285714285714285	27.987358570098877	137834.7867577076
4741	1326.1529156164045	1002.31	85.56591796875	0.08230705	9.681428571428571e-05	0.0003227142857142857	28.738364458084106	137863.52673888206
4742	1345.8098392199781	1024.0	85.32421875	0.082307786	9.677142857142858e-05	0.00032257142857142863	27.102609395980835	137890.63074183464
4743	1323.1987963122892	1006.37	85.58154296875	0.08230859	9.672857142857141e-05	0.0003224285714285714	28.07949709892273	137918.7267472744
4744	1325.6887494180128	1003.1	85.08935546875	0.082308955	9.668571428571428e-05	0.0003222857142857143	28.343234300613403	137947.07104086876
4745	1330.8790704495043	1006.16	84.846923828125	0.082309246	9.664285714285714e-05	0.00032214285714285716	27.256916999816895	137974.330753088
4746	1309.5560734015876	992.75	85.35498046875	0.08230975	9.659999999999998e-05	0.00032199999999999997	29.062664270401	138003.39490938187
4747	1304.3942988611914	997.33	85.36328125	0.08231043	9.655714285714284e-05	0.00032185714285714283	29.070313215255737	138032.4667341709
4748	1343.829586687152	1022.13	85.1220703125	0.08231145	9.65142857142857e-05	0.00032171428571428574	27.710944175720215	138060.17875504494
4749	1328.182526509193	1006.61	85.3798828125	0.08231213	9.647142857142858e-05	0.0003215714285714286	28.67167019844055	138088.8518974781
4750	1341.4016152970698	1012.61	85.387451171875	0.08231277	9.64285714285714e-05	0.0003214285714285714	28.96309781074524	138117.8308017254
4751	1314.24746536445	1003.23	85.3955078125	0.082313396	9.638571428571428e-05	0.0003212857142857143	27.45809578895569	138145.30129361153
4752	1352.2619603611613	1024.0	84.9033203125	0.08231355	9.634285714285715e-05	0.0003211428571428572	28.08782172203064	138173.39074730873
4753	1325.9715981663903	1006.05	85.4111328125	0.08231374	9.629999999999998e-05	0.00032099999999999994	30.52431035041809	138203.91614866257
4754	1349.4278428005562	1021.95	85.418701171875	0.08231393	9.625714285714285e-05	0.00032085714285714286	29.991472959518433	138233.93473553658
4755	1317.6044212958188	1003.66	85.4248046875	0.082314104	9.621428571428571e-05	0.0003207142857142857	30.45819401741028	138264.39433431625
4756	1341.1012568120589	1011.48	85.1845703125	0.08231397	9.617142857142857e-05	0.00032057142857142863	30.099424362182617	138294.50675272942
4757	1323.3173405409473	1006.37	85.4423828125	0.082314156	9.612857142857141e-05	0.0003204285714285714	27.995619535446167	138322.51480197906
4758	1316.4391316727465	999.11	85.4501953125	0.08231407	9.608571428571427e-05	0.0003202857142857143	29.446683406829834	138351.9627301693
4759	1341.907405578546	1018.14	85.707275390625	0.08231405	9.604285714285714e-05	0.00032014285714285716	27.774672985076904	138379.73900270462
4760	1326.5204873463183	991.66	85.215576171875	0.08231404	9.599999999999998e-05	0.00031999999999999997	27.987695455551147	138407.75084400177
4761	1343.5881186439365	1019.05	85.22314453125	0.08231401	9.595714285714284e-05	0.00031985714285714283	28.596256732940674	138436.3487815857
4762	1319.7002621759013	1000.74	85.4814453125	0.08231376	9.591428571428572e-05	0.00031971428571428575	27.521478176116943	138463.87682509422
4763	1335.5648292975734	1014.08	85.73828125	0.082313746	9.587142857142858e-05	0.0003195714285714286	29.50048518180847	138493.37875843048
4764	1323.6412027630195	994.26	85.496826171875	0.082313575	9.58285714285714e-05	0.0003194285714285714	27.5510733127594	138520.93084716797
4765	1345.1412329166956	1016.35	85.004638671875	0.08231316	9.578571428571428e-05	0.0003192857142857143	27.482338190078735	138548.41475057602
4766	1334.1956133802325	1008.58	85.51220703125	0.08231275	9.574285714285714e-05	0.0003191428571428572	28.68776822090149	138577.10338163376
4767	1331.8871886078214	1012.27	85.771484375	0.08231267	9.569999999999998e-05	0.00031899999999999995	27.117124557495117	138604.23648810387
4768	1310.9214430389259	996.75	85.528564453125	0.08231303	9.565714285714285e-05	0.00031885714285714286	27.987349033355713	138632.22531056404
4769	1318.6468875710384	1000.6	85.536865234375	0.08231295	9.561428571428571e-05	0.0003187142857142857	28.777873277664185	138661.0172727108
4770	1336.025485947694	1007.25	85.544921875	0.08231322	9.557142857142857e-05	0.00031857142857142864	27.71719241142273	138688.735912323
4771	1324.3557715276381	1003.79	85.052734375	0.08231396	9.552857142857141e-05	0.0003184285714285714	27.7551109790802	138716.50648617744
4772	1361.8879531258237	1020.09	85.5595703125	0.0823148	9.548571428571427e-05	0.0003182857142857143	27.678598642349243	138744.1868531704
4773	1341.9307545047586	1014.39	85.568359375	0.082315296	9.544285714285714e-05	0.00031814285714285717	28.983356714248657	138773.18276429176
4774	1344.5221621969595	1022.04	85.576171875	0.08231582	9.539999999999997e-05	0.000318	29.83094882965088	138803.02674484253
4775	1337.2612851860247	1012.48	85.583984375	0.08231609	9.535714285714284e-05	0.00031785714285714284	29.4223153591156	138832.45074987411
4776	1346.6353761029352	1016.32	85.591796875	0.082316175	9.531428571428572e-05	0.00031771428571428575	30.351574182510376	138862.81483125687
4777	1305.8137357870783	985.0	85.09912109375	0.08231642	9.527142857142858e-05	0.0003175714285714286	30.598819732666016	138893.41529273987
4778	1345.3992914267374	1020.71	85.607177734375	0.082316674	9.522857142857142e-05	0.0003174285714285714	29.64764952659607	138923.075060606
4779	1290.6560185713495	973.33	85.115234375	0.08231669	9.518571428571428e-05	0.0003172857142857143	30.347266912460327	138953.4347372055
4780	1326.8973280935588	1004.76	85.623046875	0.082316585	9.514285714285714e-05	0.0003171428571428572	29.984272480010986	138983.4436454773
4781	1316.5928135652553	999.83	85.63037109375	0.082316175	9.509999999999998e-05	0.00031699999999999995	30.379060983657837	139013.8347606659
4782	1348.8689385973662	1018.34	85.639404296875	0.08231565	9.505714285714284e-05	0.00031685714285714287	27.799468517303467	139041.64674568176
4783	1308.7920137428255	1000.5	85.8974609375	0.08231507	9.501428571428571e-05	0.00031671428571428573	27.92268204689026	139069.58214521408
4784	1338.6470199271448	1018.37	85.6552734375	0.08231419	9.497142857142857e-05	0.00031657142857142865	26.627639770507812	139096.22712659836
4785	1298.938587575123	980.65	85.662109375	0.08231344	9.492857142857141e-05	0.0003164285714285714	28.203279972076416	139124.44674181938
4786	1338.8017468881046	1022.19	85.669921875	0.082312934	9.488571428571427e-05	0.0003162857142857143	27.24652075767517	139151.69482588768
4787	1329.0378881232252	1010.57	85.1865234375	0.08231227	9.484285714285714e-05	0.0003161428571428572	27.275226831436157	139178.9827492237
4788	1313.5786861126458	990.33	85.6865234375	0.08231204	9.479999999999997e-05	0.00031599999999999993	26.951157093048096	139205.9467382431
4789	1354.7600143309649	1022.05	85.6923828125	0.08231182	9.475714285714284e-05	0.00031585714285714284	27.797805070877075	139233.7571527958
4790	1304.4660108071184	989.2	85.700927734375	0.08231157	9.471428571428571e-05	0.0003157142857142857	28.97533106803894	139262.7548186779
4791	1304.7818643509813	991.14	85.83447265625	0.08231155	9.467142857142858e-05	0.0003155714285714286	26.277963638305664	139289.0347867012
4792	1341.3986292305176	1015.05	85.842529296875	0.08231159	9.462857142857142e-05	0.0003154285714285714	28.04683518409729	139317.08279967308
4793	1324.104539169004	1007.88	85.850341796875	0.082311474	9.458571428571428e-05	0.0003152857142857143	30.33083963394165	139347.41472673416
4794	1344.079487675578	1015.07	85.8583984375	0.08231109	9.454285714285714e-05	0.00031514285714285715	28.26379704475403	139375.6800198555
4795	1343.7766724760356	1016.18	85.86572265625	0.082311235	9.449999999999998e-05	0.00031499999999999996	28.89173126220703	139404.58708667755
4796	1354.5757179592256	1022.08	85.873779296875	0.08231098	9.445714285714284e-05	0.0003148571428571428	26.684131860733032	139431.28762102127
4797	1328.5653182429678	1012.14	85.8818359375	0.082310535	9.441428571428571e-05	0.00031471428571428574	26.862484455108643	139458.16606497765
4798	1297.8232192405503	974.84	85.8896484375	0.08231021	9.437142857142857e-05	0.0003145714285714286	26.394380569458008	139484.57392430305
4799	1350.7509684837173	1018.31	85.898193359375	0.082309954	9.432857142857141e-05	0.0003144285714285714	27.95955228805542	139512.54678344727
4800	1347.1859567564252	1016.37	85.906005859375	0.082309864	9.428571428571427e-05	0.00031428571428571427	28.640369653701782	139541.18832683563
4801	1328.7394599226661	1010.56	85.913818359375	0.082309745	9.424285714285714e-05	0.0003141428571428572	26.723329067230225	139567.92274451256
4802	1331.7748226812253	1010.61	85.920654296875	0.0823097	9.419999999999997e-05	0.00031399999999999993	27.03182077407837	139594.97101783752
4803	1296.801898963049	990.63	85.928466796875	0.08230976	9.415714285714284e-05	0.00031385714285714285	27.88684058189392	139622.86236524582
4804	1355.6498053883352	1018.1	85.436767578125	0.08230983	9.411428571428571e-05	0.0003137142857142857	29.711329698562622	139652.59073472023
4805	1350.0505822574703	1016.71	85.945068359375	0.08230985	9.407142857142858e-05	0.00031357142857142863	30.282606601715088	139682.87485933304
4806	1346.4809932986295	1009.25	85.953125	0.082309656	9.402857142857141e-05	0.0003134285714285714	29.9153048992157	139712.7987434864
4807	1305.2655468334756	988.64	85.960693359375	0.082309216	9.398571428571428e-05	0.0003132857142857143	29.391544342041016	139742.20276379585
4808	1304.7308663305498	976.84	85.968505859375	0.082308985	9.394285714285714e-05	0.00031314285714285716	28.722312927246094	139770.92673778534
4809	1302.987831898265	985.99	85.725830078125	0.082308434	9.389999999999998e-05	0.00031299999999999996	29.403999090194702	139800.3587527275
4810	1346.8749870896636	1011.41	85.98388671875	0.08230827	9.385714285714284e-05	0.0003128571428571428	30.881145477294922	139831.2527627945
4811	1307.8514547038183	990.61	85.7421875	0.08230803	9.38142857142857e-05	0.00031271428571428574	30.54736304283142	139861.81075763702
4812	1337.9036135021563	1008.41	85.999755859375	0.082307674	9.377142857142857e-05	0.0003125714285714286	29.830715656280518	139891.64276099205
4813	1332.3374381112358	1005.94	86.007080078125	0.08230742	9.37285714285714e-05	0.0003124285714285714	29.178195476531982	139920.8227162361
4814	1305.5351235965825	996.97	86.015380859375	0.08230709	9.368571428571427e-05	0.00031228571428571427	29.627276182174683	139950.4627559185
4815	1325.509102233037	1000.68	86.772705078125	0.08230697	9.364285714285715e-05	0.0003121428571428572	29.629722833633423	139980.10524511337
4816	1356.660334328353	1018.0	86.0322265625	0.08230712	9.360000000000001e-05	0.00031200000000000005	29.680261611938477	140009.78721690178
4817	1327.7941290590961	999.52	85.7900390625	0.08230726	9.355714285714284e-05	0.00031185714285714286	28.18752121925354	140037.99475622177
4818	1255.5421155989395	951.77	86.0458984375	0.08230742	9.351428571428571e-05	0.0003117142857142857	29.456406593322754	140067.4590857029
4819	1351.9183605077978	1016.15	86.0556640625	0.0823073	9.347142857142858e-05	0.00031157142857142863	27.398196935653687	140094.8587553501
4820	1311.966980393273	990.78	86.0634765625	0.082306914	9.342857142857141e-05	0.0003114285714285714	27.670437812805176	140122.53075265884
4821	1286.2034961053655	969.4	86.0712890625	0.08230645	9.338571428571428e-05	0.0003112857142857143	29.880451679229736	140152.41586780548
4822	1335.255700803236	996.9	86.078369140625	0.08230585	9.334285714285714e-05	0.00031114285714285716	29.792158603668213	140182.22347307205
4823	1315.1442249257148	984.46	86.085205078125	0.082305215	9.33e-05	0.0003110000000000001	29.278062343597412	140211.502743721
4824	1325.9099054894223	992.98	86.3447265625	0.08230445	9.325714285714284e-05	0.00031085714285714283	28.178951501846313	140239.6833808422
4825	1285.3804724846777	967.21	86.3525390625	0.08230372	9.32142857142857e-05	0.00031071428571428575	27.66998267173767	140267.35473537445
4826	1306.4708992082356	983.42	85.8603515625	0.082302764	9.317142857142857e-05	0.0003105714285714286	27.626440048217773	140294.99770069122
4827	1337.2986886771482	1000.29	86.11767578125	0.08230173	9.31285714285714e-05	0.0003104285714285714	28.556293487548828	140323.5550942421
4828	1345.7488017830267	1002.56	85.625732421875	0.08230094	9.308571428571427e-05	0.0003102857142857143	29.402259349822998	140352.95894289017
4829	1285.139760228017	967.57	86.1337890625	0.08230055	9.304285714285715e-05	0.0003101428571428572	29.727553367614746	140382.7028939724
4830	1327.5701785369342	995.06	86.1416015625	0.08230028	9.300000000000001e-05	0.00031000000000000005	27.44264793395996	140410.15830683708
4831	1285.2490641941724	964.9	86.14892578125	0.08230005	9.295714285714285e-05	0.00030985714285714286	28.04735803604126	140438.2227449417
4832	1327.7741049262338	1000.99	86.15771484375	0.08230022	9.291428571428571e-05	0.0003097142857142857	27.050817728042603	140465.27476096153
4833	1321.73874525177	995.29	86.164306640625	0.08230045	9.287142857142858e-05	0.00030957142857142864	26.51036524772644	140491.78674387932
4834	1317.0011235526765	988.07	85.92333984375	0.082300656	9.282857142857141e-05	0.0003094285714285714	27.455530405044556	140519.2549085617
4835	1339.9221018311998	1009.62	85.67626953125	0.08230091	9.278571428571428e-05	0.0003092857142857143	26.85825276374817	140546.1147658825
4836	1327.0535382095882	997.94	86.175048828125	0.08230128	9.274285714285714e-05	0.00030914285714285717	28.130329132080078	140574.24673628807
4837	1274.0416646216092	959.28	86.197265625	0.082302235	9.27e-05	0.0003090000000000001	28.310430765151978	140602.55873465538
4838	1284.9572566898976	971.78	86.205078125	0.082303114	9.265714285714284e-05	0.00030885714285714284	28.70682454109192	140631.26702928543
4839	1350.1339344744279	1016.54	86.212890625	0.082303666	9.26142857142857e-05	0.0003087142857142857	27.003465175628662	140658.28292274475
4840	1342.227482652326	1008.97	86.2197265625	0.08230383	9.257142857142857e-05	0.0003085714285714286	29.66764521598816	140687.95210123062
4841	1298.5231158615156	988.44	86.22802734375	0.082303934	9.25285714285714e-05	0.00030842857142857137	27.70885133743286	140715.6624865532
4842	1333.8784526824059	1010.98	86.235595703125	0.08230409	9.248571428571427e-05	0.0003082857142857143	26.63571071624756	140742.31107616425
4843	1273.8915885075521	963.66	85.99365234375	0.08230436	9.244285714285715e-05	0.00030814285714285714	28.17889428138733	140770.49163675308
4844	1327.1350688960572	1002.44	86.251708984375	0.08230435	9.240000000000001e-05	0.00030800000000000006	30.10740566253662	140800.61077690125
4845	1301.1727218581882	978.72	86.25927734375	0.08230397	9.235714285714285e-05	0.0003078571428571428	29.9289128780365	140830.55247735977
4846	1332.6299037606552	997.76	86.517578125	0.082303844	9.231428571428571e-05	0.00030771428571428573	27.40959644317627	140857.97308135033
4847	1342.6424013432982	1010.35	86.275390625	0.08230365	9.227142857142857e-05	0.0003075714285714286	27.847326517105103	140885.8307876587
4848	1357.3732037326836	1022.01	86.28271484375	0.082303524	9.222857142857141e-05	0.0003074285714285714	29.61503314971924	140915.45843672752
4849	1306.3300864652092	993.87	86.542236328125	0.08230338	9.218571428571427e-05	0.00030728571428571426	29.719364643096924	140945.1947517395
4850	1325.1183905881608	996.84	86.299560546875	0.08230377	9.214285714285714e-05	0.0003071428571428572	30.979050874710083	140976.17479491234
4851	1308.4165680074257	991.04	86.3076171875	0.0823041	9.21e-05	0.00030700000000000004	31.15792155265808	141007.33478069305
4852	1308.7779306606176	992.65	86.0654296875	0.082304366	9.205714285714284e-05	0.00030685714285714284	32.521931648254395	141039.85845780373
4853	1326.2478163833025	996.9	86.3232421875	0.08230475	9.20142857142857e-05	0.0003067142857142857	30.479902267456055	141070.4391169548
4854	1343.7544051112234	1008.63	86.330322265625	0.082305364	9.197142857142857e-05	0.0003065714285714286	32.75256133079529	141103.1934235096
4855	1311.7843343190689	985.44	86.34033203125	0.082305916	9.19285714285714e-05	0.00030642857142857137	29.859506845474243	141133.05480575562
4856	1315.0444946858768	985.32	86.350341796875	0.082306206	9.188571428571427e-05	0.0003062857142857143	31.527350187301636	141164.59474778175
4857	1319.8475341260978	990.37	86.360107421875	0.08230626	9.184285714285714e-05	0.00030614285714285715	30.529268980026245	141195.1255853176
4858	1294.6076703782933	972.87	86.367919921875	0.08230634	9.180000000000001e-05	0.00030600000000000007	33.13548040390015	141228.27483320236
4859	1321.4485448077094	987.55	86.129150390625	0.08230634	9.175714285714285e-05	0.0003058571428571428	30.893027305603027	141259.26432061195
4860	1346.2854577089154	1005.74	85.64697265625	0.08230681	9.171428571428571e-05	0.00030571428571428573	30.885802268981934	141290.15169501305
4861	1335.0608953170524	1002.79	86.14892578125	0.082307	9.167142857142857e-05	0.0003055714285714286	30.311572313308716	141320.46797013283
4862	1354.6571113703042	1012.89	86.15771484375	0.082307234	9.162857142857141e-05	0.0003054285714285714	31.279890537261963	141351.7707312107
4863	1358.508628377324	1019.98	86.417724609375	0.08230732	9.158571428571427e-05	0.00030528571428571426	32.90603685379028	141384.67875123024
4864	1332.5839618893474	997.52	86.92919921875	0.08230704	9.154285714285714e-05	0.0003051428571428572	29.832096099853516	141414.5268177986
4865	1313.2803853371504	984.08	85.939208984375	0.08230725	9.15e-05	0.00030500000000000004	31.792470455169678	141446.33583188057
4866	1335.5157077798929	1004.41	86.448974609375	0.08230756	9.145714285714284e-05	0.00030485714285714285	32.10698318481445	141478.45474934578
4867	1307.705553743418	977.64	86.4580078125	0.082308106	9.14142857142857e-05	0.0003047142857142857	33.651089668273926	141512.10690283775
4868	1311.2267710319472	976.98	86.468017578125	0.082308464	9.137142857142858e-05	0.0003045714285714286	32.7386736869812	141544.85793972015
4869	1324.594413452427	989.23	86.478271484375	0.08230874	9.13285714285714e-05	0.0003044285714285714	32.55952525138855	141577.58674407005
4870	1337.3244102708009	1002.63	86.488037109375	0.08230931	9.128571428571427e-05	0.0003042857142857143	33.71532201766968	141611.30311894417
4871	1318.586930296121	992.41	86.24755859375	0.08230982	9.124285714285714e-05	0.00030414285714285716	33.48564147949219	141644.79073691368
4872	1288.8339378299843	974.73	86.5078125	0.08231025	9.120000000000001e-05	0.00030400000000000007	33.063563108444214	141677.87474799156
4873	1293.4213082233998	979.06	86.016357421875	0.08231031	9.115714285714284e-05	0.0003038571428571428	33.03744721412659	141710.92866158485
4874	1328.8529345688055	1002.65	86.52685546875	0.08231023	9.111428571428571e-05	0.00030371428571428574	32.607537031173706	141743.55074501038
4875	1343.266264384866	999.44	86.536865234375	0.08230988	9.107142857142857e-05	0.0003035714285714286	32.6158504486084	141776.16803908348
4876	1348.1817703646332	1012.77	86.546630859375	0.082309514	9.102857142857141e-05	0.0003034285714285714	31.606738328933716	141807.78941988945
4877	1298.6217592815647	979.97	86.55615234375	0.082308985	9.098571428571427e-05	0.00030328571428571427	33.135703563690186	141840.92675685883
4878	1325.9111181957426	995.21	86.816162109375	0.08230841	9.094285714285714e-05	0.0003031428571428572	32.54810810089111	141873.4765098095
4879	1336.6234137500735	1002.82	86.57421875	0.08230784	9.09e-05	0.00030300000000000005	32.96083974838257	141906.45218372345
4880	1282.661833456292	973.09	86.585693359375	0.082307495	9.085714285714284e-05	0.00030285714285714285	33.90769600868225	141940.51502156258
4881	1308.599510298975	985.66	86.59619140625	0.08230767	9.08142857142857e-05	0.0003027142857142857	33.01569628715515	141973.74707627296
4882	1332.2639483727971	1007.35	86.605712890625	0.08230801	9.077142857142858e-05	0.00030257142857142863	33.94230771064758	142007.69090938568
4883	1334.4186638476883	1010.44	86.865966796875	0.082308605	9.07285714285714e-05	0.0003024285714285714	31.853700637817383	142039.54684114456
4884	1335.746021547562	1003.07	86.625732421875	0.08230931	9.068571428571428e-05	0.0003022857142857143	32.70729732513428	142072.27074360847
4885	1338.4671635418097	1009.45	86.884521484375	0.082310095	9.064285714285714e-05	0.00030214285714285716	34.62879133224487	142106.9029636383
4886	1325.2074994737952	990.86	86.894287109375	0.08231111	9.06e-05	0.0003020000000000001	34.05242347717285	142140.97212147713
4887	1316.961179043623	996.1	86.654541015625	0.08231186	9.055714285714284e-05	0.00030185714285714283	33.04515862464905	142174.08840155602
4888	1339.7576432799112	1004.65	86.66357421875	0.08231247	9.051428571428571e-05	0.00030171428571428575	33.290369272232056	142207.54832291603
4889	1283.2661613250386	971.73	86.923828125	0.082313225	9.047142857142857e-05	0.0003015714285714286	32.836763858795166	142240.38676190376
4890	1344.8171979629205	1012.76	86.933837890625	0.08231386	9.042857142857141e-05	0.00030142857142857136	32.03955340385437	142272.44224071503
4891	1331.0088613883747	998.04	86.692138671875	0.082314245	9.038571428571427e-05	0.0003012857142857143	33.21414375305176	142305.678804636
4892	1284.5315514810861	977.25	86.702392578125	0.08231438	9.034285714285714e-05	0.00030114285714285714	33.532031536102295	142339.38673305511
4893	1330.4949645601987	1010.55	86.713134765625	0.08231476	9.03e-05	0.00030100000000000005	33.34341597557068	142372.7427802086
4894	1329.182834297354	1005.07	86.722900390625	0.08231556	9.025714285714284e-05	0.0003008571428571428	33.17147374153137	142405.92693424225
4895	1320.0156153595203	990.93	86.73291015625	0.08231663	9.02142857142857e-05	0.0003007142857142857	33.100395917892456	142439.05109095573
4896	1306.0602463607042	986.71	86.492431640625	0.082317725	9.017142857142858e-05	0.0003005714285714286	34.315245628356934	142473.38597226143
4897	1301.9983187927057	990.62	86.75341796875	0.082319364	9.01285714285714e-05	0.0003004285714285714	34.99192237854004	142508.39522266388
4898	1284.2270450164458	975.72	86.762451171875	0.08232105	9.008571428571428e-05	0.00030028571428571425	33.34740900993347	142541.75476431847
4899	1316.2074330038938	990.26	86.771240234375	0.08232269	9.004285714285714e-05	0.00030014285714285717	32.163461446762085	142573.93076729774
4900	1363.4041121830357	1024.0	86.531982421875	0.082324095	9e-05	0.00030000000000000003	33.45460224151611	142607.3870522976
4901	1339.30476520372	1003.54	86.292236328125	0.08232541	8.995714285714284e-05	0.00029985714285714284	32.659586906433105	142640.05909442902
4902	1326.7321415043612	1002.68	86.552001953125	0.08232651	8.99142857142857e-05	0.0002997142857142857	31.44764518737793	142671.68277311325
4903	1318.6761787074274	992.59	86.811767578125	0.08232727	8.987142857142857e-05	0.0002995714285714286	32.383227825164795	142704.0809378624
4904	1347.0084511989585	1010.76	86.82177734375	0.08232763	8.982857142857141e-05	0.00029942857142857137	32.56750178337097	142736.79480361938
4905	1331.422207706339	1002.12	86.831298828125	0.082328066	8.978571428571427e-05	0.0002992857142857143	35.665565967559814	142772.58491182327
4906	1322.0114373589347	992.58	86.841552734375	0.08232849	8.974285714285713e-05	0.00029914285714285714	33.40762972831726	142805.99475550652
4907	1261.3528374232837	948.97	87.101318359375	0.08232881	8.970000000000001e-05	0.00029900000000000006	33.3874146938324	142839.3909523487
4908	1311.645832378871	989.86	86.860107421875	0.0823291	8.965714285714284e-05	0.0002988571428571428	33.3598690032959	142872.77107930183
4909	1323.1083590747098	997.79	86.87060546875	0.08232925	8.96142857142857e-05	0.0002987142857142857	33.39235973358154	142906.16477274895
4910	1354.821501870723	1014.19	86.880615234375	0.08232886	8.957142857142858e-05	0.0002985714285714286	32.78374171257019	142938.96307826042
4911	1281.2587327519173	965.3	86.890380859375	0.08232809	8.95285714285714e-05	0.0002984285714285714	33.85597848892212	142972.82728147507
4912	1307.544214972971	984.36	86.898681640625	0.082327746	8.948571428571428e-05	0.00029828571428571426	33.3378381729126	143006.353099823
4913	1282.3296997324169	964.67	86.909423828125	0.08232774	8.944285714285714e-05	0.00029814285714285717	33.77621030807495	143040.13104844093
4914	1285.0333575887487	966.79	86.17724609375	0.082327865	8.94e-05	0.00029800000000000003	34.55407691001892	143074.68680214882
4915	1330.110325312477	1000.22	86.438232421875	0.082327895	8.935714285714284e-05	0.00029785714285714284	34.37126588821411	143109.05909848213
4916	1278.362956788308	973.29	86.940185546875	0.0823276	8.93142857142857e-05	0.0002977142857142857	33.31146025657654	143142.382781744
4917	1273.4016171223454	966.82	86.949951171875	0.08232698	8.927142857142857e-05	0.0002975714285714286	33.059330701828	143175.5508670807
4918	1299.8604305091465	985.37	86.958251953125	0.082326405	8.92285714285714e-05	0.00029742857142857137	32.215458154678345	143207.76738476753
4919	1331.8021955193099	998.11	87.090576171875	0.08232564	8.918571428571427e-05	0.0002972857142857143	33.34333920478821	143241.1226656437
4920	1295.9728327435541	988.01	87.1005859375	0.0823252	8.914285714285713e-05	0.00029714285714285715	32.451356172561646	143273.57509589195
4921	1328.2096745004662	1004.64	87.1083984375	0.08232441	8.910000000000001e-05	0.00029700000000000006	31.363584756851196	143304.954744339
4922	1327.3198954416707	1002.88	87.3662109375	0.08232386	8.905714285714283e-05	0.0002968571428571428	31.22149968147278	143336.72348117828
4923	1307.8605546263475	988.94	87.123291015625	0.082323596	8.90142857142857e-05	0.00029671428571428573	33.06283259391785	143369.7987678051
4924	1332.7241529892628	1005.24	87.1318359375	0.08232293	8.897142857142858e-05	0.0002965714285714286	32.43098568916321	143402.2307741642
4925	1319.2668006537697	999.81	87.1396484375	0.082321994	8.89285714285714e-05	0.0002964285714285714	33.989545822143555	143436.22178196907
4926	1339.4704770564035	1008.67	87.14599609375	0.08232067	8.888571428571428e-05	0.00029628571428571426	33.22813868522644	143469.46689629555
4927	1322.2584062070193	997.12	87.1552734375	0.082319476	8.884285714285714e-05	0.0002961428571428572	32.38788318634033	143501.87137293816
4928	1344.6748276848334	1010.94	87.160888671875	0.08231891	8.88e-05	0.00029600000000000004	33.315770387649536	143535.19913601875
4929	1309.904592777937	994.16	87.420654296875	0.08231828	8.875714285714284e-05	0.00029585714285714285	30.877377033233643	143566.078779459
4930	1348.057856013321	1014.06	87.1796875	0.08231839	8.87142857142857e-05	0.0002957142857142857	30.653034448623657	143596.73345899582
4931	1313.2092622245718	998.4	87.4375	0.08231894	8.867142857142857e-05	0.0002955714285714286	32.891579389572144	143629.63909602165
4932	1261.7381145022694	958.86	87.195068359375	0.08231952	8.86285714285714e-05	0.0002954285714285714	32.77669978141785	143662.41848015785
4933	1341.8947760625642	1010.65	87.20263671875	0.082320005	8.858571428571427e-05	0.0002952857142857143	32.6355562210083	143695.0787436962
4934	1310.7056847810925	988.21	87.21044921875	0.08232051	8.854285714285713e-05	0.00029514285714285715	32.767027616500854	143727.8468015194
4935	1310.4229215806852	986.92	87.46826171875	0.08232053	8.850000000000001e-05	0.00029500000000000007	30.76128387451172	143758.62549567223
4936	1337.5052601126963	1009.65	87.47607421875	0.08232026	8.845714285714283e-05	0.0002948571428571428	34.8592746257782	143794.39077162743
4937	1246.6048735985214	948.32	87.23388671875	0.08231983	8.841428571428571e-05	0.00029471428571428574	32.56999111175537	143826.97349214554
4938	1341.8244651524828	1012.17	87.241943359375	0.08231928	8.837142857142857e-05	0.0002945714285714286	31.706894159317017	143858.68151021004
4939	1313.3447550332712	984.89	87.5	0.082318366	8.832857142857144e-05	0.0002944285714285715	30.61061930656433	143889.3027536869
4940	1329.7218892354585	992.39	87.2578125	0.08231775	8.828571428571427e-05	0.00029428571428571427	33.303587675094604	143922.61484861374
4941	1308.4559617833395	990.71	87.265380859375	0.08231744	8.824285714285714e-05	0.0002941428571428572	32.45564937591553	143955.0830566883
4942	1337.804832976381	1000.29	87.52294921875	0.08231712	8.82e-05	0.00029400000000000004	33.40244746208191	143988.49781036377
4943	1338.9640204589107	1010.23	87.28076171875	0.082316376	8.815714285714284e-05	0.0002938571428571428	32.839566469192505	144021.5267779827
4944	1316.0551203577595	998.99	87.28857421875	0.08231614	8.81142857142857e-05	0.0002937142857142857	30.449175119400024	144051.99079966545
4945	1353.3615179410544	1016.74	87.29638671875	0.082316145	8.807142857142857e-05	0.0002935714285714286	32.56257462501526	144084.5547466278
4946	1336.1368045863173	1008.82	86.804931640625	0.082315706	8.802857142857143e-05	0.0002934285714285715	34.38826036453247	144118.95580339432
4947	1363.304307602133	1020.92	87.0634765625	0.082315676	8.798571428571427e-05	0.00029328571428571424	33.115031242370605	144152.07775568962
4948	1288.7249268637322	980.26	87.3212890625	0.082315974	8.794285714285713e-05	0.00029314285714285716	32.45044207572937	144184.52958989143
4949	1288.1828157599066	973.09	86.8291015625	0.08231618	8.790000000000001e-05	0.000293	31.10578680038452	144215.77481007576
4950	1307.213768768387	992.59	87.3359375	0.08231599	8.785714285714283e-05	0.00029285714285714283	34.07554078102112	144249.90275478363
4951	1309.2727097737932	994.87	87.34423828125	0.08231602	8.781428571428571e-05	0.0002927142857142857	33.36006736755371	144283.27876615524
4952	1355.9099394896357	1014.06	87.10205078125	0.0823162	8.777142857142857e-05	0.0002925714285714286	32.028122901916504	144315.32325458527
4953	1300.8611658009665	980.46	87.35986328125	0.08231621	8.772857142857144e-05	0.00029242857142857147	31.183992624282837	144346.755235672
4954	1312.7815985350708	988.38	87.367919921875	0.082315944	8.768571428571427e-05	0.0002922857142857143	32.6290717124939	144379.39064764977
4955	1273.7771610530529	966.24	87.375244140625	0.082315564	8.764285714285714e-05	0.00029214285714285713	32.87136220932007	144412.2787451744
4956	1351.2713987076809	1014.26	87.383544921875	0.08231488	8.76e-05	0.00029200000000000005	32.59183216094971	144444.88326644897
4957	1319.4087059694014	994.69	87.3916015625	0.0823141	8.755714285714284e-05	0.0002918571428571428	33.62362623214722	144478.5187766552
4958	1306.0292844276357	989.34	87.3994140625	0.082313545	8.75142857142857e-05	0.0002917142857142857	32.731733560562134	144511.26309084892
4959	1323.651772099023	998.27	87.406982421875	0.082312554	8.747142857142857e-05	0.0002915714285714286	34.452415466308594	144545.7190439701
4960	1359.9018834363285	1022.13	87.41455078125	0.082311645	8.742857142857144e-05	0.0002914285714285715	33.27595901489258	144578.99662971497
4961	1329.9919874118934	1007.61	87.42236328125	0.082311034	8.738571428571427e-05	0.00029128571428571425	32.7131028175354	144611.71075034142
4962	1316.4631203231322	994.9	87.43017578125	0.08231037	8.734285714285713e-05	0.00029114285714285716	33.55015993118286	144645.26285219193
4963	1341.8094889430306	1016.19	87.43798828125	0.08230976	8.730000000000001e-05	0.000291	32.14756107330322	144677.44675445557
4964	1319.7416468133163	996.07	86.9462890625	0.0823093	8.725714285714283e-05	0.00029085714285714283	33.5500762462616	144710.99910020828
4965	1348.8496700755434	1022.08	87.20458984375	0.08230903	8.721428571428571e-05	0.0002907142857142857	32.02847194671631	144743.0439338684
4966	1328.7943400943043	1000.57	87.46240234375	0.08230874	8.717142857142857e-05	0.0002905714285714286	33.70086073875427	144776.74708485603
4967	1307.2913036692564	985.21	87.47021484375	0.08230823	8.712857142857144e-05	0.00029042857142857147	33.25133490562439	144810.0067846775
4968	1322.4592508074982	996.75	87.47802734375	0.08230767	8.708571428571427e-05	0.0002902857142857143	32.002455949783325	144842.0219798088
4969	1293.670628353863	981.46	87.2353515625	0.08230695	8.704285714285714e-05	0.00029014285714285714	32.78352165222168	144874.8187699318
4970	1311.2447417407122	982.23	87.99365234375	0.08230632	8.7e-05	0.00029000000000000006	33.079198122024536	144907.89904665947
4971	1313.7760838129586	989.06	87.50146484375	0.08230603	8.695714285714284e-05	0.0002898571428571428	32.15834617614746	144940.0736734867
4972	1329.0096080836288	998.57	87.50927734375	0.08230583	8.69142857142857e-05	0.0002897142857142857	32.76063084602356	144972.85997843742
4973	1333.3717185149353	998.84	87.766845703125	0.08230574	8.687142857142856e-05	0.0002895714285714286	35.46157217025757	145008.32285308838
4974	1317.3849749663077	992.68	87.525146484375	0.082305826	8.682857142857144e-05	0.0002894285714285715	32.838757276535034	145041.16277623177
4975	1303.8991381853825	982.79	87.533203125	0.08230569	8.678571428571427e-05	0.00028928571428571425	33.21669411659241	145074.39288544655
4976	1323.187838093568	997.5	87.541015625	0.08230547	8.674285714285714e-05	0.00028914285714285717	31.871748685836792	145106.26885318756
4977	1354.2217117568675	1014.88	87.5478515625	0.08230519	8.67e-05	0.00028900000000000003	31.40436577796936	145137.67478704453
4978	1309.0459468739232	989.01	87.306396484375	0.08230493	8.665714285714283e-05	0.00028885714285714284	33.00442814826965	145170.68389058113
4979	1319.1125950941162	989.1	87.314453125	0.08230441	8.661428571428571e-05	0.0002887142857142857	32.648982524871826	145203.3348081112
4980	1352.8299624658987	1014.17	87.8232421875	0.08230387	8.657142857142857e-05	0.0002885714285714286	32.57195544242859	145235.9191119671
4981	1307.463692522717	985.63	87.580078125	0.08230384	8.652857142857144e-05	0.0002884285714285715	33.50246977806091	145269.42315506935
4982	1340.2379305944132	1003.59	87.088623046875	0.082304426	8.648571428571427e-05	0.0002882857142857143	33.43974494934082	145302.86502027512
4983	1334.7523996293708	1004.04	87.72119140625	0.08230472	8.644285714285714e-05	0.00028814285714285715	33.65647792816162	145336.52336406708
4984	1320.0412822604112	987.68	87.47900390625	0.082304664	8.64e-05	0.00028800000000000006	33.10359477996826	145369.63896918297
4985	1345.967113678459	1007.64	86.99365234375	0.08230447	8.635714285714284e-05	0.0002878571428571428	32.35796618461609	145402.00937747955
4986	1317.4192687143243	981.55	87.74462890625	0.08230401	8.63142857142857e-05	0.00028771428571428573	33.885265588760376	145435.89555740356
4987	1343.3681481501837	1009.16	87.752197265625	0.08230348	8.627142857142856e-05	0.0002875714285714286	33.10862874984741	145469.09597849846
4988	1316.1990305546942	988.94	87.7587890625	0.082302935	8.622857142857144e-05	0.0002874285714285715	33.485994815826416	145502.58374285698
4989	1355.5800204737932	1008.73	87.5185546875	0.0823022	8.618571428571426e-05	0.00028728571428571426	32.88746380805969	145535.94672584534
4990	1318.3858727651566	986.93	87.7763671875	0.08230152	8.614285714285714e-05	0.0002871428571428572	33.357773542404175	145569.31879234314
4991	1336.351107214294	1006.11	87.7841796875	0.0823007	8.61e-05	0.00028700000000000004	32.307605504989624	145601.63095498085
4992	1364.5667341142764	1014.21	87.791748046875	0.08230003	8.605714285714283e-05	0.0002868571428571428	34.35594868659973	145635.98834204674
4993	1341.4065692785748	1002.77	87.2998046875	0.08229947	8.60142857142857e-05	0.0002867142857142857	33.45612335205078	145669.45975732803
4994	1345.245569408569	1006.3	87.806640625	0.082298845	8.597142857142857e-05	0.00028657142857142857	33.49120283126831	145702.9667444229
4995	1340.721403451487	1007.98	87.8154296875	0.08229842	8.592857142857143e-05	0.0002864285714285715	33.83119797706604	145736.8107497692
4996	1270.2255865769841	950.83	87.823486328125	0.08229787	8.588571428571427e-05	0.00028628571428571424	33.178590297698975	145769.99100399017
4997	1325.9125322566254	1001.63	87.831787109375	0.08229738	8.584285714285713e-05	0.00028614285714285715	33.21035623550415	145803.20324993134
4998	1330.1618095396077	1005.62	87.58984375	0.08229689	8.58e-05	0.000286	34.00919556617737	145837.22858285904
4999	1324.1670271808246	993.62	87.84765625	0.08229646	8.575714285714284e-05	0.0002858571428571428	30.399726390838623	145867.6430528164
5000	1351.4446631025685	1018.26	87.85546875	0.082296185	8.57142857142857e-05	0.0002857142857142857	30.154547691345215	145897.79878520966
5001	1347.3315456478904	1014.15	87.36279296875	0.08229564	8.567142857142856e-05	0.0002855714285714286	33.87004256248474	145931.6707379818
5002	1331.7627549121464	1002.96	87.87060546875	0.0822951	8.562857142857144e-05	0.00028542857142857146	32.218971252441406	145963.97420167923
5003	1315.4059583055603	988.58	87.87841796875	0.08229477	8.558571428571426e-05	0.00028528571428571427	32.62699270248413	145996.602735281
5004	1322.1230962654456	993.89	87.88623046875	0.082294494	8.554285714285714e-05	0.00028514285714285713	32.42732119560242	146029.0427327156
5005	1310.963599337333	985.38	87.89404296875	0.08229422	8.55e-05	0.00028500000000000004	31.331318616867065	146060.39073204994
5006	1338.596631388873	998.16	87.9013671875	0.082293764	8.545714285714284e-05	0.0002848571428571428	34.811822175979614	146095.21908211708
5007	1323.461354426393	997.21	87.91015625	0.08229326	8.54142857142857e-05	0.0002847142857142857	32.839279651641846	146128.0667397976
5008	1321.7098543309903	994.22	87.912841796875	0.08229278	8.537142857142857e-05	0.00028457142857142857	32.58284640312195	146160.6510617733
5009	1316.5839108810935	991.43	87.92578125	0.08229252	8.532857142857143e-05	0.0002844285714285715	33.51456618309021	146194.16708230972
5010	1342.9652010574623	1004.87	87.931640625	0.082292475	8.528571428571427e-05	0.00028428571428571424	31.478073358535767	146225.6467475891
5011	1368.7963684111132	1024.0	87.94091796875	0.0822923	8.524285714285713e-05	0.00028414285714285716	33.55608892440796	146259.21881079674
5012	1318.1743164582306	988.65	87.948974609375	0.082291774	8.52e-05	0.000284	33.45008659362793	146292.6707394123
5013	1317.7842572073484	991.39	87.7080078125	0.082291335	8.515714285714283e-05	0.0002838571428571428	34.66205358505249	146327.4585456848
5014	1351.2060208852508	1008.74	87.9658203125	0.08229086	8.51142857142857e-05	0.0002837142857142857	32.514174461364746	146359.98573160172
5015	1359.1505494568482	1020.16	86.981201171875	0.08229049	8.507142857142856e-05	0.0002835714285714286	32.88393974304199	146392.88333320618
5016	1360.5245713011466	1016.6	87.9814453125	0.08229005	8.502857142857144e-05	0.00028342857142857146	34.74157953262329	146427.6370561123
5017	1350.2374317022577	1016.23	87.9892578125	0.08228926	8.498571428571426e-05	0.00028328571428571427	34.80354714393616	146462.46275877953
5018	1352.05694656412	1010.52	87.49609375	0.0822884	8.494285714285714e-05	0.00028314285714285713	33.33139085769653	146495.80276751518
5019	1317.3564045213843	991.17	88.0048828125	0.08228762	8.49e-05	0.00028300000000000005	31.611499309539795	146527.41534090042
5020	1328.5793023349117	996.26	87.762451171875	0.08228708	8.485714285714284e-05	0.0002828571428571428	34.18211126327515	146561.921687603
5021	1350.9046187461247	1020.86	88.0205078125	0.08228642	8.48142857142857e-05	0.0002827142857142857	32.73550844192505	146594.65874385834
5022	1337.1124889148348	1004.11	88.0283203125	0.08228599	8.477142857142857e-05	0.0002825714285714286	32.05531930923462	146626.7150967121
5023	1351.7562218921082	1015.58	88.0361328125	0.082285896	8.472857142857143e-05	0.0002824285714285715	31.892199516296387	146658.61941051483
5024	1325.8720909437384	996.35	88.04345703125	0.08228551	8.468571428571427e-05	0.00028228571428571425	33.40261387825012	146692.02323293686
5025	1361.5090473054138	1012.54	88.0517578125	0.08228456	8.464285714285713e-05	0.00028214285714285716	32.59363341331482	146724.61986351013
5026	1335.8837003831054	1001.82	88.0595703125	0.08228334	8.46e-05	0.000282	32.12098550796509	146756.7563405037
5027	1314.289024216599	986.33	88.0673828125	0.08228219	8.455714285714283e-05	0.00028185714285714283	32.09938287734985	146788.86675167084
5028	1354.3301332306357	1010.18	88.0751953125	0.082281046	8.45142857142857e-05	0.0002817142857142857	30.324814081192017	146819.45489621162
5029	1372.3272584610902	1020.63	88.08349609375	0.08227972	8.447142857142857e-05	0.0002815714285714286	33.11175584793091	146852.57509851456
5030	1344.2266767236028	1014.37	88.091796875	0.08227842	8.442857142857144e-05	0.00028142857142857147	33.23168158531189	146885.93111085892
5031	1352.354291799281	1001.38	88.099609375	0.08227695	8.438571428571426e-05	0.0002812857142857143	32.254122495651245	146918.19750094414
5032	1294.2464168875904	964.92	88.10595703125	0.082275756	8.434285714285714e-05	0.00028114285714285714	30.92775535583496	146949.1470348835
5033	1343.3038785538365	1011.07	88.114990234375	0.0822747	8.43e-05	0.00028100000000000005	30.739582061767578	146979.89913129807
5034	1324.701915226991	994.59	87.871826171875	0.08227373	8.425714285714284e-05	0.0002808571428571428	30.29258704185486	147010.21182608604
5035	1323.5190145976665	992.67	88.13037109375	0.082272835	8.42142857142857e-05	0.0002807142857142857	30.851354598999023	147041.07079529762
5036	1331.0348035518607	998.65	88.138671875	0.08227206	8.417142857142857e-05	0.0002805714285714286	30.256759643554688	147071.32875967026
5037	1338.6337805201586	1008.37	88.396484375	0.08227118	8.412857142857143e-05	0.0002804285714285715	31.49901294708252	147102.82928800583
5038	1321.467158584865	992.82	88.15380859375	0.082270436	8.408571428571427e-05	0.00028028571428571425	30.889691829681396	147133.7369942665
5039	1347.9583698268061	1010.49	87.912109375	0.08226957	8.404285714285713e-05	0.00028014285714285717	30.287463426589966	147164.03911924362
5040	1329.5543496979762	999.61	88.169921875	0.082268834	8.4e-05	0.00028000000000000003	31.006030082702637	147195.0470137596
5041	1360.5917020305212	1009.42	88.427734375	0.08226824	8.395714285714283e-05	0.00027985714285714284	30.255682468414307	147225.31957507133
5042	1346.8003814081358	1012.48	88.1845703125	0.082268044	8.39142857142857e-05	0.0002797142857142857	30.163328409194946	147255.49875712395
5043	1299.7013305565954	975.39	88.44287109375	0.08226805	8.387142857142857e-05	0.0002795714285714286	28.70103883743286	147284.20120930672
5044	1336.8785228293832	996.79	88.201416015625	0.0822681	8.382857142857144e-05	0.0002794285714285715	29.56703805923462	147313.77103805542
5045	1339.7446013587282	1004.49	88.20947265625	0.08226778	8.378571428571427e-05	0.00027928571428571423	30.298076629638672	147344.0707669258
5046	1347.7743652380752	1016.79	87.967529296875	0.08226719	8.374285714285714e-05	0.00027914285714285714	29.800012826919556	147373.88343143463
5047	1312.637018880409	978.41	88.599609375	0.08226646	8.37e-05	0.000279	30.06474494934082	147403.96438908577
5048	1370.4709521971997	1022.11	87.856689453125	0.08226579	8.365714285714284e-05	0.0002788571428571428	30.360097408294678	147434.32677006721
5049	1329.4297620709174	992.3	87.86572265625	0.0822654	8.36142857142857e-05	0.0002787142857142857	29.798153400421143	147464.12672948837
5050	1338.0898987383264	1005.14	88.37353515625	0.08226543	8.357142857142857e-05	0.0002785714285714286	31.054430723190308	147495.1827530861
5051	1351.1464348295879	1013.38	88.38134765625	0.08226571	8.352857142857143e-05	0.00027842857142857145	29.667051792144775	147524.85477137566
5052	1345.7015349827345	1006.61	88.388671875	0.0822657	8.348571428571427e-05	0.00027828571428571426	29.798755884170532	147554.667075634
5053	1320.8754698265166	993.04	88.39697265625	0.0822657	8.344285714285713e-05	0.0002781428571428571	30.128292560577393	147584.79698824883
5054	1331.5079187493493	997.29	88.40478515625	0.08226551	8.34e-05	0.00027800000000000004	29.28767490386963	147614.0990743637
5055	1287.7862098101125	965.46	88.16259765625	0.08226509	8.335714285714283e-05	0.0002778571428571428	29.116891384124756	147643.21765971184
5056	1289.6098636655197	976.06	88.419921875	0.08226475	8.33142857142857e-05	0.0002777142857142857	29.49522376060486	147672.726729393
5057	1317.6449363053314	993.65	88.178466796875	0.08226437	8.327142857142857e-05	0.00027757142857142857	29.41945457458496	147702.1627562046
5058	1317.278334265055	993.93	88.436279296875	0.08226404	8.322857142857144e-05	0.0002774285714285715	29.846815824508667	147732.010733366
5059	1305.7037317373429	985.63	88.444091796875	0.08226386	8.318571428571427e-05	0.00027728571428571423	31.085563898086548	147763.09731125832
5060	1341.591160330981	1010.85	88.201904296875	0.08226374	8.314285714285714e-05	0.00027714285714285715	29.906202793121338	147793.00888204575
5061	1334.5523100069058	1009.09	88.46044921875	0.082263716	8.31e-05	0.000277	30.880279064178467	147823.89076423645
5062	1292.385156619178	979.65	88.46875	0.08226359	8.305714285714284e-05	0.0002768571428571428	29.7429096698761	147853.63477301598
5063	1359.1775055342412	1020.05	88.2265625	0.08226359	8.30142857142857e-05	0.0002767142857142857	29.99823760986328	147883.63473773003
5064	1287.8176248779084	976.11	88.48388671875	0.08226345	8.297142857142857e-05	0.0002765714285714286	26.45487141609192	147910.09074640274
5065	1345.7932490140581	1018.63	88.491943359375	0.0822635	8.292857142857143e-05	0.00027642857142857146	27.49897003173828	147937.602581501
5066	1351.9999514620058	1009.23	88.24951171875	0.08226352	8.288571428571427e-05	0.00027628571428571426	27.871249437332153	147965.48687267303
5067	1353.9743680628949	1016.9	88.75732421875	0.082263716	8.284285714285713e-05	0.0002761428571428571	28.923290729522705	147994.42674446106
5068	1337.2059215116135	1000.79	88.26513671875	0.082263775	8.28e-05	0.00027600000000000004	28.15912652015686	148022.590831995
5069	1348.7705760804406	1016.13	88.52294921875	0.08226356	8.275714285714287e-05	0.0002758571428571429	26.199273586273193	148048.79473686218
5070	1332.3914581001163	1001.44	88.280517578125	0.082262956	8.27142857142857e-05	0.0002757142857142857	26.495447635650635	148075.31086468697
5071	1353.793326812603	1012.17	88.538818359375	0.08226263	8.267142857142857e-05	0.00027557142857142857	27.87417721748352	148103.18676137924
5072	1333.9012608875812	994.47	88.29638671875	0.082262784	8.262857142857144e-05	0.0002754285714285715	30.43940305709839	148133.63875460625
5073	1332.6270633111228	1003.16	88.0546875	0.082262814	8.258571428571427e-05	0.00027528571428571424	28.687851905822754	148162.3313782215
5074	1344.9825646611303	1012.25	88.312255859375	0.0822626	8.254285714285714e-05	0.00027514285714285716	29.139474391937256	148191.4869272709
5075	1341.7388991409011	1007.04	88.56982421875	0.082262345	8.25e-05	0.000275	28.728370428085327	148220.23905944824
5076	1333.9933581288583	1001.68	88.576416015625	0.08226216	8.245714285714286e-05	0.00027485714285714293	26.75330901145935	148247.00876379013
5077	1306.798502172628	979.72	88.58544921875	0.08226169	8.24142857142857e-05	0.0002747142857142857	28.371968507766724	148275.39190077782
5078	1338.6020144007343	1005.24	88.593505859375	0.08226109	8.237142857142856e-05	0.0002745714285714286	29.574597120285034	148304.982991457
5079	1325.794339988209	1002.65	88.351806640625	0.082260534	8.232857142857143e-05	0.00027442857142857146	28.21124792098999	148333.20673441887
5080	1356.0102714969241	1020.57	88.60986328125	0.08226027	8.228571428571426e-05	0.00027428571428571427	27.456396102905273	148360.68308568
5081	1360.1539681807044	1014.38	88.61767578125	0.08226008	8.224285714285713e-05	0.00027414285714285713	27.035255432128906	148387.73075056076
5082	1326.079803090762	992.95	88.625732421875	0.082259536	8.22e-05	0.00027400000000000005	28.761775255203247	148416.49475073814
5083	1309.927225457843	983.8	88.633544921875	0.08225891	8.215714285714287e-05	0.0002738571428571429	30.14673686027527	148446.64259433746
5084	1347.9333357678217	1009.12	88.6396484375	0.08225854	8.211428571428569e-05	0.0002737142857142857	31.03909468650818	148477.6948504448
5085	1318.7143032348044	992.34	88.649169921875	0.082258046	8.207142857142857e-05	0.0002735714285714286	29.258142471313477	148506.95474743843
5086	1353.3135674771472	1007.44	88.65673828125	0.08225751	8.202857142857143e-05	0.0002734285714285715	30.555412769317627	148537.59072756767
5087	1298.5289164589851	974.55	88.664794921875	0.082256906	8.198571428571427e-05	0.00027328571428571425	30.523188829421997	148568.1267375946
5088	1267.1081853762637	955.09	88.4208984375	0.08225581	8.194285714285713e-05	0.00027314285714285716	31.468061923980713	148599.59583854675
5089	1309.4681133736738	986.21	88.68017578125	0.08225461	8.19e-05	0.000273	30.46543312072754	148630.06275820732
5090	1336.956180301872	1003.1	88.438232421875	0.08225349	8.185714285714286e-05	0.00027285714285714294	29.734787464141846	148659.87086629868
5091	1295.2178401021627	977.23	88.69580078125	0.082252555	8.18142857142857e-05	0.0002727142857142857	30.77608871459961	148690.65940213203
5092	1303.772897032289	985.97	88.703857421875	0.08225153	8.177142857142856e-05	0.0002725714285714286	30.83128046989441	148721.50274467468
5093	1332.178009153712	1008.94	88.71142578125	0.08225071	8.172857142857143e-05	0.00027242857142857147	31.720818281173706	148753.22504973412
5094	1291.6081770755327	974.8	88.970458984375	0.08225	8.168571428571426e-05	0.0002722857142857142	31.691855907440186	148784.93108534813
5095	1299.3750165560202	985.44	88.728515625	0.08224906	8.164285714285713e-05	0.00027214285714285714	31.5796160697937	148816.61480283737
5096	1301.7853246010623	986.88	88.73583984375	0.08224795	8.16e-05	0.00027200000000000005	31.49828863143921	148848.11470341682
5097	1312.573265980671	995.34	88.741943359375	0.08224698	8.155714285714287e-05	0.0002718571428571429	31.115802764892578	148879.24750351906
5098	1314.2989645128782	994.28	88.501708984375	0.08224654	8.15142857142857e-05	0.00027171428571428567	30.851438283920288	148910.11082077026
5099	1276.6567260080476	963.18	88.508544921875	0.082246356	8.147142857142857e-05	0.0002715714285714286	31.214575052261353	148941.32678055763
5100	1295.2242359743846	984.31	88.76708984375	0.08224612	8.142857142857143e-05	0.00027142857142857144	30.92998504638672	148972.26553106308
5101	1292.906589582607	978.4	88.525390625	0.08224595	8.138571428571427e-05	0.00027128571428571425	31.20343255996704	149003.48295640945
5102	1311.2780738174097	988.56	88.5302734375	0.082245834	8.134285714285713e-05	0.0002711428571428571	30.239532232284546	149033.73876070976
5103	1342.0702981021918	1011.08	87.798828125	0.082245626	8.13e-05	0.00027100000000000003	31.568480014801025	149065.30889701843
5104	1318.9202125769891	993.84	88.548583984375	0.08224533	8.125714285714286e-05	0.0002708571428571429	28.36733341217041	149093.6987607479
5105	1292.8627416123084	976.29	88.80615234375	0.08224474	8.12142857142857e-05	0.0002707142857142857	28.484002113342285	149122.2032313347
5106	1339.9869539327688	1014.62	88.812744140625	0.08224428	8.117142857142856e-05	0.00027057142857142856	29.739285469055176	149151.94365167618
5107	1319.9696038881302	1001.13	88.82177734375	0.08224401	8.112857142857143e-05	0.0002704285714285715	28.232321977615356	149180.19174265862
5108	1326.3008561384809	1000.75	88.82958984375	0.08224347	8.108571428571426e-05	0.0002702857142857142	29.374887228012085	149209.56844735146
5109	1304.942046189674	985.44	88.837646484375	0.08224266	8.104285714285713e-05	0.00027014285714285714	28.956373691558838	149238.54711008072
5110	1317.2865912337036	994.4	88.84521484375	0.08224205	8.1e-05	0.00027	30.651485919952393	149269.20705389977
5111	1291.501618324062	981.14	88.977783203125	0.08224162	8.095714285714287e-05	0.0002698571428571429	29.531737804412842	149298.7550652027
5112	1302.75886973094	986.74	88.98681640625	0.082241364	8.09142857142857e-05	0.00026971428571428567	29.923233032226562	149328.79902124405
5113	1301.559701215041	985.57	88.9951171875	0.082241066	8.087142857142857e-05	0.0002695714285714286	30.808825254440308	149359.6162698269
5114	1337.6684077276764	1006.94	88.50244140625	0.08224085	8.082857142857143e-05	0.00026942857142857145	30.720695972442627	149390.33888173103
5115	1317.3490220930491	996.25	89.009521484375	0.08224051	8.078571428571427e-05	0.00026928571428571426	29.603055000305176	149420.04277801514
5116	1335.6725967541038	1003.72	89.01806640625	0.08224008	8.074285714285713e-05	0.0002691428571428571	29.27843737602234	149449.3227789402
5117	1305.774534593537	985.02	89.02587890625	0.08223968	8.07e-05	0.00026900000000000003	29.133427381515503	149478.45876455307
5118	1334.9072217514235	1004.41	89.03369140625	0.08223951	8.065714285714286e-05	0.0002688571428571429	27.982210159301758	149506.44302415848
5119	1324.436639450978	996.3	88.79150390625	0.08223943	8.06142857142857e-05	0.0002687142857142857	29.147080183029175	149535.59474611282
5120	1313.5021867016885	994.4	89.049072265625	0.0822388	8.057142857142856e-05	0.00026857142857142856	30.07817769050598	149565.67431282997
5121	1293.3593985218547	973.77	88.557373046875	0.082238115	8.052857142857142e-05	0.0002684285714285715	28.4151771068573	149594.10656189919
5122	1345.5766906773988	1008.08	89.065185546875	0.082237534	8.048571428571426e-05	0.00026828571428571423	28.498652935028076	149622.6074473858
5123	1283.4962337455079	968.86	89.072998046875	0.08223686	8.044285714285713e-05	0.00026814285714285715	28.06332778930664	149650.68274474144
5124	1325.9506699368844	1006.02	89.08056640625	0.08223612	8.04e-05	0.000268	28.703723430633545	149679.39521455765
5125	1323.687459856361	1001.08	89.338623046875	0.082235575	8.035714285714287e-05	0.0002678571428571429	28.055922269821167	149707.46729922295
5126	1295.6377053030426	980.75	88.8466796875	0.08223497	8.03142857142857e-05	0.0002677142857142857	28.34158706665039	149735.8217175007
5127	1322.3826902206329	997.46	89.103515625	0.08223469	8.027142857142857e-05	0.0002675714285714286	28.303997039794922	149764.12931203842
5128	1336.23074181	1001.15	89.11328125	0.082234405	8.022857142857143e-05	0.00026742857142857145	29.007981061935425	149793.15473747253
5129	1302.4969628563013	987.68	89.1201171875	0.08223383	8.018571428571427e-05	0.00026728571428571426	29.201491594314575	149822.35775113106
5130	1321.1941623879009	994.5	89.128662109375	0.082233	8.014285714285713e-05	0.0002671428571428571	28.999321699142456	149851.378813982
5131	1332.8790504712097	1005.18	89.136474609375	0.08223232	8.01e-05	0.00026700000000000004	27.88344693183899	149879.27506256104
5132	1354.8923529857902	1018.07	88.89404296875	0.08223182	8.005714285714286e-05	0.0002668571428571429	30.678407430648804	149909.96283197403
5133	1317.5032780892996	997.1	88.6513671875	0.08223143	8.00142857142857e-05	0.0002667142857142857	31.96755814552307	149941.9430553913
5134	1279.844984588208	975.64	89.15966796875	0.08223096	7.997142857142856e-05	0.00026657142857142857	30.86989140510559	149972.81472969055
5135	1315.2354783326973	1001.77	88.66748046875	0.08223045	7.992857142857144e-05	0.0002664285714285715	31.00507092475891	150003.82087397575
5136	1308.137378807933	982.17	89.175537109375	0.08222995	7.988571428571426e-05	0.00026628571428571424	29.86441469192505	150033.70757365227
5137	1350.325287899166	1013.23	89.183349609375	0.082229294	7.984285714285712e-05	0.00026614285714285715	28.67917513847351	150062.4027402401
5138	1322.2544436583148	997.38	89.190673828125	0.082228854	7.98e-05	0.000266	31.12249732017517	150093.52690052986
5139	1299.8857783887347	987.92	88.947998046875	0.082228504	7.975714285714287e-05	0.00026585714285714293	29.670023679733276	150123.1987745762
5140	1335.073526023328	999.12	89.206787109375	0.082228296	7.97142857142857e-05	0.0002657142857142857	29.689865827560425	150152.8901078701
5141	1333.992008393413	997.35	88.71484375	0.08222817	7.967142857142857e-05	0.0002655714285714286	30.05109405517578	150182.95873641968
5142	1322.051428758447	1000.93	89.222900390625	0.08222788	7.962857142857143e-05	0.00026542857142857146	30.088461875915527	150213.05991196632
5143	1308.9406389577628	985.74	89.47998046875	0.08222764	7.958571428571427e-05	0.00026528571428571427	31.380356073379517	150244.4427499771
5144	1318.2731422516936	988.51	89.23828125	0.08222703	7.954285714285713e-05	0.00026514285714285713	30.274466514587402	150274.71874809265
5145	1358.3813394061042	1015.71	89.24658203125	0.08222642	7.95e-05	0.00026500000000000004	30.326658487319946	150305.04705238342
5146	1347.9516940289523	1016.19	89.254638671875	0.08222606	7.945714285714286e-05	0.0002648571428571429	29.767507076263428	150334.831012249
5147	1328.139635265549	1001.49	89.01171875	0.08222569	7.94142857142857e-05	0.00026471428571428566	29.515242099761963	150364.36273622513
5148	1315.5664134678484	986.76	89.02001953125	0.08222529	7.937142857142856e-05	0.0002645714285714286	26.799137592315674	150391.16340994835
5149	1344.0057975058344	1009.48	89.27783203125	0.08222479	7.932857142857144e-05	0.00026442857142857144	27.267738103866577	150418.44725060463
5150	1375.8158556912413	1024.0	89.28564453125	0.08222411	7.928571428571426e-05	0.00026428571428571424	27.835254669189453	150446.29875349998
5151	1338.235939025025	1000.6	89.29345703125	0.08222327	7.924285714285714e-05	0.0002641428571428571	26.558147430419922	150472.85874819756
5152	1326.5054185430417	997.55	89.30078125	0.08222254	7.92e-05	0.000264	29.529269456863403	150502.40795874596
5153	1288.4013601666354	970.95	89.309326171875	0.0822218	7.915714285714286e-05	0.0002638571428571429	26.919044256210327	150529.34273838997
5154	1293.938008081755	970.85	89.0673828125	0.08222122	7.91142857142857e-05	0.0002637142857142857	27.89467716217041	150557.23901224136
5155	1354.0895851392627	1008.23	89.324951171875	0.082220726	7.907142857142857e-05	0.00026357142857142855	27.386146306991577	150584.6267414093
5156	1333.2812730042485	989.19	89.33251953125	0.08222041	7.902857142857143e-05	0.00026342857142857147	29.598288774490356	150614.2267742157
5157	1293.125507481881	966.97	89.590576171875	0.08222017	7.898571428571427e-05	0.0002632857142857142	29.475058794021606	150643.71074271202
5158	1343.7552212558671	1002.53	89.3486328125	0.082219884	7.894285714285713e-05	0.00026314285714285713	28.55850315093994	150672.2707824707
5159	1341.5763563300156	1000.91	89.3564453125	0.08221952	7.89e-05	0.000263	28.76153826713562	150701.03395175934
5160	1354.5624970510983	1013.95	89.1142578125	0.08221901	7.885714285714286e-05	0.0002628571428571429	30.559377193450928	150731.59474945068
5161	1314.2189385126858	983.05	89.372802734375	0.0822187	7.88142857142857e-05	0.00026271428571428566	31.812397003173828	150763.54951667786
5162	1329.4253360854989	998.88	89.380859375	0.082218625	7.877142857142856e-05	0.0002625714285714286	30.83965754508972	150794.3910946846
5163	1362.3174595521486	1017.17	89.388427734375	0.082218446	7.872857142857144e-05	0.00026242857142857144	30.355356693267822	150824.75484919548
5164	1296.6421296894725	973.56	89.394287109375	0.08221754	7.868571428571426e-05	0.00026228571428571425	30.519785165786743	150855.291056633
5165	1365.1467036794902	1024.0	89.403564453125	0.082216725	7.864285714285714e-05	0.0002621428571428571	29.71463418006897	150885.00717878342
5166	1262.652690971338	955.96	89.161865234375	0.082216196	7.86e-05	0.000262	30.547337770462036	150915.56676340103
5167	1335.3013346465998	1002.86	89.419677734375	0.08221558	7.855714285714286e-05	0.0002618571428571429	30.510414600372314	150946.0787549019
5168	1337.4558475938618	998.99	89.17724609375	0.08221496	7.85142857142857e-05	0.0002617142857142857	30.047673225402832	150976.13508033752
5169	1333.9611046929012	1002.42	89.435302734375	0.08221396	7.847142857142856e-05	0.00026157142857142856	31.0501606464386	151007.18682050705
5170	1335.629017268579	1008.21	89.44140625	0.08221302	7.842857142857143e-05	0.00026142857142857147	30.939157247543335	151038.138787508
5171	1322.2415178848955	1000.81	89.450927734375	0.08221158	7.838571428571426e-05	0.0002612857142857142	30.50778365135193	151068.66705441475
5172	1350.0891394376786	1016.11	89.458740234375	0.0822105	7.834285714285713e-05	0.00026114285714285714	30.618096590042114	151099.28664922714
5173	1293.4611695989865	977.71	89.466796875	0.082209416	7.829999999999999e-05	0.000261	30.767374753952026	151130.0667476654
5174	1342.3324946650991	1007.36	89.474853515625	0.082208276	7.825714285714286e-05	0.0002608571428571429	30.973825931549072	151161.0534336567
5175	1355.3979233299442	1018.46	89.6064453125	0.08220714	7.821428571428569e-05	0.00026071428571428567	30.695783138275146	151191.750739336
5176	1306.7203572774308	975.26	89.614990234375	0.08220588	7.817142857142856e-05	0.0002605714285714286	30.30359697341919	151222.1227684021
5177	1323.5410358131808	998.34	89.623779296875	0.08220463	7.812857142857143e-05	0.00026042857142857145	30.834656476974487	151252.95875000954
5178	1302.1094635160846	976.22	89.63134765625	0.0822034	7.808571428571426e-05	0.00026028571428571425	31.339900016784668	151284.31521844864
5179	1366.68818391651	1024.0	89.38916015625	0.082202174	7.804285714285713e-05	0.0002601428571428571	30.885761499404907	151315.20198345184
5180	1334.5400288600215	999.93	89.647216796875	0.08220101	7.8e-05	0.00026000000000000003	30.179803609848022	151345.3827471733
5181	1329.4489288722918	998.83	89.654052734375	0.082199745	7.795714285714286e-05	0.0002598571428571429	30.334975242614746	151375.71872854233
5182	1318.7110797436542	984.01	89.6630859375	0.0821986	7.79142857142857e-05	0.0002597142857142857	30.55973505973816	151406.29094266891
5183	1334.3430447866476	1006.01	89.669189453125	0.08219746	7.787142857142856e-05	0.00025957142857142856	31.519509315490723	151437.82674908638
5184	1329.7166267945397	999.47	89.427978515625	0.08219593	7.782857142857143e-05	0.0002594285714285715	29.85997176170349	151467.71106028557
5185	1332.7260507726135	994.76	90.18603515625	0.08219429	7.778571428571426e-05	0.00025928571428571423	30.45828413963318	151498.1707353592
5186	1279.3530581635873	964.47	89.694091796875	0.08219274	7.774285714285713e-05	0.00025914285714285715	30.831523656845093	151529.01095485687
5187	1314.9857784476408	977.98	89.7001953125	0.08219121	7.769999999999999e-05	0.000259	30.450894832611084	151559.46301674843
5188	1295.2715247851954	967.99	89.708740234375	0.08218974	7.765714285714287e-05	0.0002588571428571429	30.700333833694458	151590.17178964615
5189	1317.8415457601816	990.63	89.717041015625	0.082188345	7.761428571428569e-05	0.0002587142857142857	30.955562114715576	151621.14302706718
5190	1345.8902760525834	1009.12	89.7255859375	0.0821869	7.757142857142856e-05	0.0002585714285714286	30.435630083084106	151651.59085059166
5191	1333.8575397535499	1002.38	89.73291015625	0.08218575	7.752857142857143e-05	0.00025842857142857145	27.91185474395752	151679.5191271305
5192	1314.181856940167	984.62	89.4912109375	0.082184635	7.74857142857143e-05	0.00025828571428571437	29.182039499282837	151708.70276522636
5193	1288.3996697324992	966.6	89.496826171875	0.08218347	7.744285714285713e-05	0.0002581428571428571	29.620944261550903	151738.34033060074
5194	1359.722179198009	1016.59	89.75732421875	0.08218277	7.74e-05	0.00025800000000000004	29.947365283966064	151768.30274415016
5195	1338.108869670643	1008.71	89.51513671875	0.08218228	7.735714285714286e-05	0.0002578571428571429	30.918599605560303	151799.23415017128
5196	1321.816660269066	983.75	89.77294921875	0.08218185	7.73142857142857e-05	0.0002577142857142857	28.456090450286865	151827.70678019524
5197	1347.4836385311344	1002.8	89.78076171875	0.08218131	7.727142857142856e-05	0.00025757142857142857	30.355300426483154	151858.07073163986
5198	1308.1733270396971	983.84	90.038330078125	0.082181446	7.722857142857143e-05	0.0002574285714285715	31.114628314971924	151889.18702864647
5199	1320.1485784071347	993.23	89.79541015625	0.082181506	7.718571428571429e-05	0.00025728571428571434	30.55523705482483	151919.8387618065
5200	1318.820813227808	982.1	89.554443359375	0.08218152	7.714285714285713e-05	0.0002571428571428571	28.046895265579224	151947.8943374157
5201	1326.2669820886442	996.0	89.81201171875	0.08218198	7.709999999999999e-05	0.000257	29.675445556640625	151977.57079148293
5202	1341.0962701117628	999.48	89.810302734375	0.08218212	7.705714285714287e-05	0.0002568571428571429	28.630370616912842	152006.20275521278
5203	1345.738751868575	998.73	89.827880859375	0.08218222	7.701428571428569e-05	0.0002567142857142857	28.491394519805908	152034.7027528286
5204	1363.1430559329983	1016.07	89.835205078125	0.082182415	7.697142857142857e-05	0.00025657142857142854	27.902258157730103	152062.60677433014
5205	1370.5284757693641	1024.0	89.59228515625	0.082182474	7.692857142857143e-05	0.00025642857142857146	29.593708753585815	152092.20156049728
5206	1325.54884415505	991.66	89.851318359375	0.0821824	7.68857142857143e-05	0.0002562857142857143	28.508777856826782	152120.71230196953
5207	1340.079999299978	1001.02	89.858642578125	0.08218226	7.684285714285713e-05	0.0002561428571428571	31.363560438156128	152152.0908126831
5208	1323.4194593384364	990.62	89.616943359375	0.08218241	7.68e-05	0.000256	30.702677965164185	152182.79476213455
5209	1349.0981452662454	1006.74	89.37451171875	0.08218271	7.675714285714286e-05	0.0002558571428571429	30.6984601020813	152213.49473142624
5210	1315.2154301667815	988.59	89.882568359375	0.08218309	7.67142857142857e-05	0.00025571428571428566	30.52736806869507	152244.03074216843
5211	1320.3902558457764	995.42	89.891357421875	0.082183115	7.667142857142856e-05	0.00025557142857142857	29.038905143737793	152273.0707399845
5212	1350.563023796769	1006.26	89.898681640625	0.08218315	7.662857142857142e-05	0.00025542857142857143	28.73182225227356	152301.8153579235
5213	1323.0683515115466	986.1	90.156982421875	0.0821831	7.658571428571429e-05	0.00025528571428571435	27.403369665145874	152329.23074388504
5214	1320.5460105843758	994.46	89.17236328125	0.08218287	7.654285714285713e-05	0.0002551428571428571	26.795538187026978	152356.03901457787
5215	1365.8928978922652	1020.12	90.172607421875	0.082182504	7.649999999999999e-05	0.000255	28.842297315597534	152384.89792585373
5216	1359.2720638493631	1014.25	89.9296875	0.0821817	7.645714285714287e-05	0.0002548571428571429	26.959228515625	152411.87073373795
5217	1348.0982947864666	1005.92	89.938232421875	0.08218116	7.641428571428569e-05	0.0002547142857142857	28.103589296340942	152439.97570991516
5218	1279.1462782244332	953.62	89.696044921875	0.082181	7.637142857142857e-05	0.00025457142857142855	29.147125482559204	152469.1385526657
5219	1349.3158789756571	1004.39	89.9541015625	0.082180806	7.632857142857143e-05	0.00025442857142857146	29.250400066375732	152498.39074110985
5220	1344.4854588122364	1003.04	90.2119140625	0.08218053	7.62857142857143e-05	0.0002542857142857143	29.427720546722412	152527.82704734802
5221	1337.408197211567	989.69	89.968017578125	0.08218034	7.624285714285713e-05	0.00025414285714285713	28.38847589492798	152556.22400164604
5222	1339.7373162545753	992.74	89.97509765625	0.08218028	7.62e-05	0.000254	28.65809202194214	152584.88389897346
5223	1352.8268342082604	1004.68	89.7353515625	0.08218006	7.615714285714286e-05	0.0002538571428571429	27.81238341331482	152612.72799277306
5224	1329.317272876719	991.51	89.992919921875	0.0821797	7.61142857142857e-05	0.00025371428571428566	29.44599986076355	152642.18537902832
5225	1357.9506464785836	1006.62	90.00146484375	0.0821797	7.607142857142856e-05	0.0002535714285714286	27.219284296035767	152669.40673685074
5226	1350.1310078696756	1012.9	90.25830078125	0.08217945	7.602857142857142e-05	0.00025342857142857144	29.672184944152832	152699.0799267292
5227	1333.7698616997297	995.49	90.26708984375	0.08217933	7.598571428571429e-05	0.00025328571428571436	27.359764575958252	152726.4510872364
5228	1363.868981693739	1008.55	89.531494140625	0.082179055	7.594285714285712e-05	0.0002531428571428571	29.230303525924683	152755.68281173706
5229	1350.4526548794308	1005.38	90.28271484375	0.08217912	7.589999999999999e-05	0.000253	27.9510235786438	152783.6348092556
5230	1360.6757078564353	1008.18	90.0400390625	0.08217894	7.585714285714287e-05	0.0002528571428571429	29.743528127670288	152813.3793885708
5231	1355.7973911141426	1005.37	90.048583984375	0.08217833	7.581428571428569e-05	0.0002527142857142857	29.032064199447632	152842.53075504303
5232	1366.96074097766	1014.58	90.306396484375	0.08217756	7.577142857142857e-05	0.00025257142857142855	28.382603645324707	152870.91801452637
5233	1341.1156762768735	996.04	90.06396484375	0.08217692	7.572857142857143e-05	0.00025242857142857147	30.37920093536377	152901.29875016212
5234	1327.2979366819518	986.49	90.072265625	0.082176395	7.56857142857143e-05	0.00025228571428571433	30.050554752349854	152931.35083818436
5235	1369.6054105119165	1021.55	90.3291015625	0.08217589	7.564285714285713e-05	0.00025214285714285714	28.363498210906982	152959.72673273087
5236	1351.4902977899956	1009.13	89.83740234375	0.08217537	7.56e-05	0.000252	26.96410059928894	152986.71078681946
5237	1373.748911717773	1018.18	90.09521484375	0.08217461	7.555714285714286e-05	0.0002518571428571429	28.583200454711914	153015.31077337265
5238	1334.356140891547	987.37	90.102294921875	0.0821741	7.55142857142857e-05	0.00025171428571428567	27.57937264442444	153042.89873194695
5239	1362.1668354282049	1018.24	90.4853515625	0.082173645	7.547142857142856e-05	0.0002515714285714286	28.78970217704773	153071.6901731491
5240	1335.17661010142	993.88	89.993896484375	0.0821738	7.542857142857142e-05	0.00025142857142857145	28.007550477981567	153099.69873905182
5241	1361.2936948895003	1013.97	90.251953125	0.08217392	7.53857142857143e-05	0.00025128571428571436	27.169065237045288	153126.88059473038
5242	1329.588079807651	988.05	89.759765625	0.08217356	7.534285714285712e-05	0.0002511428571428571	30.75709891319275	153157.6387462616
5243	1311.5259894359647	979.12	90.266845703125	0.08217298	7.529999999999999e-05	0.00025100000000000003	29.487470388412476	153187.1467437744
5244	1336.382683670262	995.79	89.53125	0.08217234	7.525714285714286e-05	0.0002508571428571429	30.458865880966187	153217.6070702076
5245	1344.937751923394	995.79	90.53369140625	0.08217165	7.521428571428569e-05	0.0002507142857142857	30.750311374664307	153248.35875225067
5246	1303.5865645381648	982.03	90.5419921875	0.082170986	7.517142857142857e-05	0.00025057142857142856	30.075424909591675	153278.4468076229
5247	1360.6238072288133	1016.14	90.29931640625	0.0821703	7.512857142857143e-05	0.0002504285714285715	30.818790435791016	153309.26673674583
5248	1336.0034588321034	994.77	90.3076171875	0.082169615	7.508571428571429e-05	0.00025028571428571434	30.350589275360107	153339.6187362671
5249	1341.002827203051	999.66	90.064697265625	0.08216906	7.504285714285713e-05	0.0002501428571428571	30.787566661834717	153370.4147427082
5250	1354.143437515356	1006.68	90.322509765625	0.0821685	7.5e-05	0.00025	30.69070863723755	153401.10703349113
5251	1324.4318123875885	997.34	90.330810546875	0.082167946	7.495714285714286e-05	0.0002498571428571429	29.77946400642395	153430.9028184414
5252	1346.7186921447117	1006.89	90.3388671875	0.0821672	7.49142857142857e-05	0.0002497142857142857	30.698135137557983	153461.62481570244
5253	1346.5315736940527	1005.66	90.345703125	0.082166426	7.487142857142856e-05	0.00024957142857142854	30.915592908859253	153492.55096054077
5254	1360.2600712769408	1018.22	90.85400390625	0.08216558	7.482857142857142e-05	0.00024942857142857145	30.443395376205444	153523.00673675537
5255	1354.0979328360927	1011.97	90.36181640625	0.08216463	7.47857142857143e-05	0.0002492857142857143	30.35733914375305	153553.37655997276
5256	1310.0263012590976	987.36	90.3701171875	0.08216364	7.474285714285712e-05	0.0002491428571428571	27.219335556030273	153580.61075901985
5257	1332.4555357183456	999.53	90.37744140625	0.082162835	7.47e-05	0.000249	29.000494718551636	153609.61279392242
5258	1323.7516329503521	989.61	90.384765625	0.082161844	7.465714285714286e-05	0.0002488571428571429	28.64467167854309	153638.2588443756
5259	1368.2407200352745	1016.24	90.143798828125	0.082160674	7.461428571428569e-05	0.00024871428571428565	27.669407844543457	153665.94075918198
5260	1368.6574373137096	1023.93	90.40185546875	0.08215988	7.457142857142856e-05	0.00024857142857142857	29.679392337799072	153695.63473916054
5261	1285.0945013333185	960.29	90.409912109375	0.082159095	7.452857142857143e-05	0.0002484285714285714	29.865105628967285	153725.50140047073
5262	1359.5561209301334	1015.22	90.41748046875	0.08215859	7.448571428571429e-05	0.00024828571428571434	29.92521333694458	153755.44059228897
5263	1336.5891094415056	1006.74	90.42529296875	0.082158364	7.444285714285713e-05	0.0002481428571428571	28.899319171905518	153784.35448622704
5264	1302.7223664304481	978.34	90.43359375	0.082158156	7.439999999999999e-05	0.000248	27.455374717712402	153811.82675933838
5265	1315.7071652995696	990.66	90.441162109375	0.082157835	7.435714285714286e-05	0.00024785714285714287	27.443009853363037	153839.27094817162
5266	1360.4144698898606	1013.11	90.197509765625	0.082157575	7.431428571428569e-05	0.0002477142857142857	29.283430099487305	153868.56274962425
5267	1303.5144609933513	984.74	90.703369140625	0.08215725	7.427142857142856e-05	0.00024757142857142854	28.403759717941284	153896.9790763855
5268	1322.0802696838969	995.05	90.714599609375	0.08215693	7.422857142857142e-05	0.00024742857142857146	28.082323789596558	153925.06276869774
5269	1343.712496803277	1012.29	90.472412109375	0.0821566	7.41857142857143e-05	0.0002472857142857143	28.999515295028687	153954.0827922821
5270	1327.5816214617018	994.7	90.980224609375	0.08215653	7.414285714285712e-05	0.0002471428571428571	30.003182888031006	153984.1067507267
5271	1327.9126202399673	992.93	90.488037109375	0.08215628	7.41e-05	0.000247	29.422518730163574	154013.530728817
5272	1343.772987357954	1008.56	90.9951171875	0.082155615	7.405714285714286e-05	0.0002468571428571429	30.875396966934204	154044.4188594818
5273	1327.9619197844886	991.47	90.50341796875	0.08215511	7.40142857142857e-05	0.00024671428571428566	30.22811460494995	154074.67079758644
5274	1366.5775738349867	1020.54	90.511474609375	0.082154766	7.397142857142856e-05	0.00024657142857142857	30.81139063835144	154105.4907734394
5275	1363.4626681233817	1012.63	90.51904296875	0.0821546	7.392857142857143e-05	0.00024642857142857143	30.683348417282104	154136.19073200226
5276	1362.4039425400479	1015.59	90.52734375	0.08215443	7.388571428571429e-05	0.00024628571428571435	30.752416133880615	154166.967099905
5277	1370.8179569789527	1017.0	90.785888671875	0.08215452	7.384285714285713e-05	0.0002461428571428571	30.96236300468445	154197.93108844757
5278	1320.2879322697534	990.02	90.29248046875	0.082154535	7.379999999999999e-05	0.000246	30.231717109680176	154228.17888712883
5279	1364.0481462278756	1014.98	90.551513671875	0.0821547	7.375714285714286e-05	0.0002458571428571429	29.878488302230835	154258.05875468254
5280	1326.817876496072	994.58	90.8095703125	0.082154505	7.371428571428569e-05	0.0002457142857142857	28.827422380447388	154286.90274500847
5281	1306.488777435555	980.2	90.567138671875	0.08215448	7.367142857142856e-05	0.00024557142857142855	29.078097343444824	154315.98223161697
5282	1307.5637718941052	980.86	90.5751953125	0.08215433	7.362857142857142e-05	0.00024542857142857146	27.619114637374878	154343.6027224064
5283	1363.5290394727378	1015.13	90.8330078125	0.0821544	7.35857142857143e-05	0.0002452857142857143	29.323320627212524	154372.9347383976
5284	1358.440129572271	1018.35	90.5908203125	0.082154326	7.354285714285712e-05	0.00024514285714285713	30.323297262191772	154403.27079296112
5285	1331.1499113467955	995.09	89.85546875	0.0821543	7.35e-05	0.000245	30.767477989196777	154434.05081939697
5286	1357.5045610938507	1014.14	90.606201171875	0.08215421	7.345714285714286e-05	0.0002448571428571429	29.994287729263306	154464.0467607975
5287	1345.0208518695429	999.72	90.61376953125	0.08215415	7.34142857142857e-05	0.00024471428571428566	29.905681133270264	154493.95344376564
5288	1340.5466558679982	1004.0	90.37158203125	0.08215406	7.337142857142856e-05	0.0002445714285714286	30.203964471817017	154524.17915797234
5289	1358.0853996775195	1012.13	90.379638671875	0.0821538	7.332857142857143e-05	0.00024442857142857144	29.912041425704956	154554.1067354679
5290	1312.0497724998756	982.62	90.38720703125	0.0821537	7.328571428571429e-05	0.00024428571428571435	30.4465012550354	154584.55473423004
5291	1335.4862560557906	1001.02	90.8955078125	0.082153596	7.324285714285713e-05	0.0002441428571428571	30.296844482421875	154614.85257863998
5292	1323.164475481626	988.61	90.6513671875	0.08215344	7.319999999999999e-05	0.000244	29.139560222625732	154644.0069217682
5293	1299.8691168685305	972.92	90.66162109375	0.08215322	7.315714285714285e-05	0.00024385714285714288	30.25764489173889	154674.2848789692
5294	1374.730914293789	1024.0	90.420166015625	0.08215312	7.311428571428569e-05	0.00024371428571428566	29.6553635597229	154704.01873588562
5295	1340.5625411339709	1002.51	89.9345703125	0.082152955	7.307142857142855e-05	0.00024357142857142855	30.63529944419861	154734.65874361992
5296	1314.0789344771918	977.09	90.435302734375	0.08215256	7.302857142857142e-05	0.00024342857142857144	31.234606742858887	154765.89472651482
5297	1333.7459869870827	999.02	89.94287109375	0.08215201	7.29857142857143e-05	0.00024328571428571433	30.724509239196777	154796.62091255188
5298	1318.1592871955415	984.71	89.951171875	0.08215114	7.294285714285712e-05	0.0002431428571428571	30.948655128479004	154827.57074260712
5299	1330.5878082674667	994.99	90.45751953125	0.08215052	7.29e-05	0.000243	29.875446796417236	154857.52273988724
5300	1324.1571997081514	995.53	90.706787109375	0.08214993	7.285714285714286e-05	0.00024285714285714289	29.53702998161316	154887.07637286186
5301	1342.6200519030701	1009.07	90.722900390625	0.08214956	7.28142857142857e-05	0.00024271428571428567	29.5751051902771	154916.66676354408
5302	1325.8017328857948	992.41	90.73193359375	0.082149215	7.277142857142856e-05	0.00024257142857142855	31.282554149627686	154947.95099687576
5303	1340.3155005403719	1008.08	90.864013671875	0.08214901	7.272857142857142e-05	0.00024242857142857144	29.887272596359253	154977.8507282734
5304	1329.7243166525996	992.79	90.6220703125	0.08214886	7.268571428571429e-05	0.00024228571428571433	29.662492275238037	155007.51477193832
5305	1338.010420341986	1012.51	90.880615234375	0.082148775	7.264285714285713e-05	0.0002421428571428571	28.330442905426025	155035.84676909447
5306	1347.093369765022	1014.25	90.88818359375	0.082148746	7.259999999999999e-05	0.000242	27.59558415412903	155063.45875406265
5307	1363.595815149268	1018.49	90.89599609375	0.08214843	7.255714285714285e-05	0.0002418571428571429	29.994884729385376	155093.45473980904
5308	1370.2724218042274	1022.31	90.9033203125	0.08214822	7.251428571428569e-05	0.00024171428571428567	28.827626943588257	155122.30630803108
5309	1342.8888460797464	1002.15	90.409423828125	0.082148015	7.247142857142855e-05	0.00024157142857142856	28.57453203201294	155150.88272070885
5310	1341.6538823937271	1010.49	90.92041015625	0.08214787	7.242857142857143e-05	0.00024142857142857145	30.356576919555664	155181.24029064178
5311	1357.0744940304132	1008.39	90.92822265625	0.082147904	7.23857142857143e-05	0.00024128571428571433	32.77536058425903	155214.03073239326
5312	1373.5775996618293	1023.97	90.68603515625	0.082147665	7.234285714285712e-05	0.00024114285714285711	33.08022880554199	155247.11237859726
5313	1339.9617154772498	1002.7	90.451171875	0.08214747	7.23e-05	0.000241	32.02322292327881	155279.15074586868
5314	1345.7710832844352	1008.38	90.993408203125	0.082147375	7.225714285714286e-05	0.0002408571428571429	33.52659010887146	155312.69092583656
5315	1359.2946843932202	1014.08	91.252685546875	0.08214717	7.221428571428572e-05	0.00024071428571428578	32.65192246437073	155345.35873794556
5316	1327.6059522823534	994.91	91.010498046875	0.082146846	7.217142857142856e-05	0.00024057142857142856	32.30542278289795	155377.66527438164
5317	1350.1114616310465	1004.7	91.016845703125	0.0821466	7.212857142857142e-05	0.00024042857142857145	31.951550483703613	155409.63873839378
5318	1320.1395555278314	989.34	91.026123046875	0.08214614	7.208571428571429e-05	0.00024028571428571434	33.645509481430054	155443.28682518005
5319	1345.813156938654	1006.42	90.78369140625	0.08214595	7.204285714285712e-05	0.00024014285714285712	32.587215423583984	155475.88674640656
5320	1344.913206590317	1006.59	90.8095703125	0.08214561	7.199999999999999e-05	0.00024	32.20268940925598	155508.09086346626
5321	1332.613979099914	998.08	91.1044921875	0.082145065	7.195714285714285e-05	0.0002398571428571429	32.83802628517151	155540.9307692051
5322	1348.4957088514564	1006.34	91.111328125	0.08214432	7.191428571428573e-05	0.00023971428571428578	33.97497224807739	155574.90682148933
5323	1343.0534131324052	1002.59	91.119873046875	0.082143895	7.187142857142855e-05	0.00023957142857142856	32.53007745742798	155607.6013467312
5324	1336.432591735506	1000.55	91.12744140625	0.082143344	7.182857142857143e-05	0.00023942857142857145	33.37155246734619	155640.98274588585
5325	1365.4899481533214	1020.06	90.88525390625	0.08214282	7.17857142857143e-05	0.00023928571428571434	33.74735498428345	155674.74273848534
5326	1327.4458549798198	997.85	91.3935546875	0.082142256	7.174285714285713e-05	0.0002391428571428571	34.75916814804077	155709.66264533997
5327	1356.8996146962052	1008.15	90.90185546875	0.08214165	7.17e-05	0.00023899999999999998	33.522873401641846	155743.35485053062
5328	1307.3919330463964	988.33	91.15966796875	0.082140975	7.165714285714286e-05	0.0002388571428571429	31.899673223495483	155775.27092003822
5329	1316.1303074231596	988.72	91.16748046875	0.082140274	7.161428571428572e-05	0.00023871428571428579	32.34241318702698	155807.6150803566
5330	1368.1396048944196	1016.41	91.17529296875	0.08213976	7.157142857142856e-05	0.00023857142857142854	32.371511936187744	155840.1307425499
5331	1350.0459955353324	1012.14	91.1728515625	0.082139514	7.152857142857142e-05	0.00023842857142857143	31.742481231689453	155871.87492609024
5332	1332.6128393931338	992.5	91.44091796875	0.08213929	7.148571428571429e-05	0.00023828571428571432	32.76435470581055	155904.7756254673
5333	1339.068054116416	1002.96	91.198974609375	0.08213908	7.144285714285712e-05	0.0002381428571428571	32.69959497451782	155937.49107003212
5334	1350.3431632264576	1010.29	90.956787109375	0.082138926	7.139999999999999e-05	0.00023799999999999998	32.05504322052002	155969.55877113342
5335	1314.4064229712365	987.0	91.2138671875	0.082138896	7.135714285714285e-05	0.00023785714285714287	33.25549340248108	156002.82687711716
5336	1328.8273505367417	994.79	91.22216796875	0.082138725	7.131428571428573e-05	0.00023771428571428576	33.220016956329346	156036.06321191788
5337	1334.5191299812882	999.85	91.229736328125	0.0821383	7.127142857142855e-05	0.00023757142857142854	31.835407733917236	156068.0148229599
5338	1318.7883935970035	988.9	91.23779296875	0.08213797	7.122857142857143e-05	0.00023742857142857143	31.823583602905273	156099.85109996796
5339	1344.546195859414	1004.44	90.99560546875	0.0821377	7.118571428571429e-05	0.00023728571428571432	33.4875762462616	156133.35099840164
5340	1322.0933136616486	992.47	91.0029296875	0.08213752	7.114285714285713e-05	0.0002371428571428571	33.803993463516235	156167.45249915123
5341	1320.909957793225	988.11	91.00927734375	0.08213737	7.11e-05	0.000237	33.083415508270264	156200.54674458504
5342	1318.28310734021	981.24	91.02001953125	0.0821375	7.105714285714286e-05	0.00023685714285714288	32.79105067253113	156233.35431456566
5343	1342.5695821774152	1002.49	91.52783203125	0.0821378	7.101428571428572e-05	0.00023671428571428576	30.334598779678345	156263.70577430725
5344	1336.1771775635827	1004.74	90.543701171875	0.08213809	7.097142857142856e-05	0.00023657142857142854	33.20807933807373	156296.92747950554
5345	1336.8539876405139	1006.65	91.043212890625	0.08213846	7.092857142857142e-05	0.00023642857142857143	33.63120770454407	156330.5707435608
5346	1341.109872045571	1016.22	90.79931640625	0.08213876	7.088571428571429e-05	0.00023628571428571432	33.61553645133972	156364.3187637329
5347	1336.836550088882	1006.29	91.309326171875	0.08213901	7.084285714285712e-05	0.0002361428571428571	33.257601499557495	156397.58479261398
5348	1313.8463413843178	990.88	91.31689453125	0.08213926	7.079999999999999e-05	0.000236	33.04367446899414	156430.64303302765
5349	1340.2280695561803	1008.42	91.32421875	0.08213968	7.075714285714285e-05	0.00023585714285714288	33.17375302314758	156463.8186712265
5350	1354.5705631222288	1018.78	91.33251953125	0.082140066	7.071428571428573e-05	0.00023571428571428577	34.18317484855652	156498.0040409565
5351	1317.6446137710236	994.28	91.59033203125	0.08214038	7.067142857142855e-05	0.00023557142857142855	35.36939859390259	156533.39304041862
5352	1337.0870845484797	1002.33	91.09814453125	0.08214059	7.062857142857143e-05	0.00023542857142857144	32.912036180496216	156566.31946277618
5353	1320.9235464463493	990.53	90.85595703125	0.08214091	7.058571428571429e-05	0.00023528571428571432	32.59566879272461	156598.93094277382
5354	1360.7882322260834	1016.3	91.36328125	0.08214107	7.054285714285713e-05	0.0002351428571428571	33.93440055847168	156632.8667550087
5355	1309.1340029898934	982.31	91.37158203125	0.082141034	7.049999999999999e-05	0.000235	33.8990535736084	156666.7667503357
5356	1318.2990688822651	981.47	91.379638671875	0.08214104	7.045714285714286e-05	0.00023485714285714288	34.29838228225708	156701.0662674904
5357	1358.7058143007162	1012.71	91.3876953125	0.0821409	7.041428571428572e-05	0.00023471428571428577	33.19084286689758	156734.25876617432
5358	1358.1180063051395	1012.26	91.89501953125	0.082140945	7.037142857142856e-05	0.00023457142857142855	33.74743151664734	156768.0227959156
5359	1348.9453894246979	1007.56	91.15380859375	0.08214119	7.032857142857142e-05	0.00023442857142857144	34.305264949798584	156802.32986855507
5360	1363.9734728747453	1017.02	91.16162109375	0.08214143	7.028571428571428e-05	0.00023428571428571433	33.63196158409119	156835.963088274
5361	1370.6309153246889	1019.88	91.669921875	0.082141586	7.024285714285712e-05	0.0002341428571428571	32.55945825576782	156868.53475356102
5362	1350.8544410097973	1002.5	91.677734375	0.0821417	7.019999999999999e-05	0.000234	33.07905864715576	156901.61550474167
5363	1324.4295059856993	987.92	90.442626953125	0.08214159	7.015714285714286e-05	0.00023385714285714288	32.65145468711853	156934.39878201485
5364	1352.5485224662978	1004.36	91.69287109375	0.08214106	7.011428571428573e-05	0.00023371428571428577	33.46761631965637	156967.97480869293
5365	1342.8558295824926	1004.25	91.451171875	0.08214045	7.007142857142855e-05	0.00023357142857142855	33.58699011802673	157001.57876944542
5366	1351.4641498171488	1011.42	91.4580078125	0.08214012	7.002857142857143e-05	0.00023342857142857144	34.012373208999634	157035.59272527695
5367	1349.2851001519923	1002.47	91.341552734375	0.08213977	6.998571428571429e-05	0.00023328571428571433	33.451685428619385	157069.06686401367
5368	1325.7214440573475	989.49	91.098876953125	0.082139336	6.994285714285713e-05	0.0002331428571428571	34.34236741065979	157103.42580246925
5369	1350.0163613279856	1006.26	91.35693359375	0.0821392	6.989999999999999e-05	0.000233	34.50347399711609	157137.93088316917
5370	1351.5310918807281	1008.97	91.615234375	0.082139365	6.985714285714286e-05	0.0002328571428571429	33.05014252662659	157171.22962522507
5371	1351.5246444826728	1006.17	91.623046875	0.082139485	6.981428571428572e-05	0.00023271428571428578	33.6880841255188	157204.93076395988
5372	1318.4914805687213	984.37	91.3798828125	0.08213959	6.977142857142856e-05	0.00023257142857142856	33.63401174545288	157238.56627821922
5373	1344.6890909555232	1005.79	91.888427734375	0.08213977	6.972857142857142e-05	0.00023242857142857144	34.50615406036377	157273.07475233078
5374	1332.6658653470909	1000.19	91.89599609375	0.08213968	6.968571428571428e-05	0.00023228571428571433	33.71186566352844	157306.86713171005
5375	1329.073468903653	990.29	91.9052734375	0.08213952	6.964285714285712e-05	0.0002321428571428571	34.64555478096008	157341.5288026333
5376	1287.9872184739716	964.85	91.66259765625	0.08213934	6.959999999999998e-05	0.000232	34.99647903442383	157376.52706623077
5377	1356.9471730631933	1012.04	91.420166015625	0.08213919	6.955714285714286e-05	0.0002318571428571429	32.79053068161011	157409.3190946579
5378	1336.4904763153347	997.25	91.678466796875	0.08213886	6.951428571428573e-05	0.00023171428571428578	33.65852117538452	157442.97917962074
5379	1320.8038986842773	982.3	91.43603515625	0.08213872	6.947142857142856e-05	0.00023157142857142853	33.13530254364014	157476.12273836136
5380	1367.5077881920602	1020.28	91.692626953125	0.08213881	6.942857142857143e-05	0.00023142857142857142	34.89260005950928	157511.23979640007
5381	1378.174170907125	1024.0	91.951171875	0.082139134	6.938571428571429e-05	0.0002312857142857143	34.327460050582886	157545.58275341988
5382	1345.4647735599333	1006.39	91.709716796875	0.08213962	6.934285714285713e-05	0.0002311428571428571	33.159552812576294	157578.9587843418
5383	1349.7788579557348	1004.77	91.4677734375	0.08214001	6.929999999999999e-05	0.00023099999999999998	32.375061988830566	157611.34275460243
5384	1350.9176841555852	1003.41	91.725341796875	0.08214047	6.925714285714285e-05	0.00023085714285714287	32.50231575965881	157643.86547374725
5385	1358.6258312278137	1007.94	91.73291015625	0.0821411	6.921428571428572e-05	0.00023071428571428575	32.495301961898804	157676.69058585167
5386	1371.6532580282658	1021.94	91.739501953125	0.08214169	6.917142857142855e-05	0.00023057142857142853	32.44749069213867	157709.15474796295
5387	1354.0398163539896	1014.2	91.748779296875	0.08214203	6.912857142857142e-05	0.00023042857142857142	33.830735206604004	157742.98675489426
5388	1358.2652074910643	1010.45	91.256103515625	0.08214196	6.908571428571428e-05	0.0002302857142857143	32.40341591835022	157775.40277910233
5389	1344.8002662628478	1003.02	91.7646484375	0.08214162	6.904285714285712e-05	0.0002301428571428571	31.415528774261475	157806.81992793083
5390	1341.0897032551904	998.11	92.022216796875	0.082141206	6.899999999999998e-05	0.00022999999999999998	32.14656925201416	157838.98586082458
5391	1333.8714372992345	996.53	91.28076171875	0.082140885	6.895714285714286e-05	0.00022985714285714287	31.44330906867981	157870.44280314445
5392	1367.0314679812466	1016.06	91.7890625	0.08214039	6.891428571428572e-05	0.00022971428571428576	32.48562431335449	157902.93712186813
5393	1319.1549805074424	989.38	91.796875	0.082140155	6.887142857142856e-05	0.00022957142857142854	34.257386207580566	157937.19593548775
5394	1342.3813213989652	1004.89	91.8046875	0.08213989	6.882857142857142e-05	0.00022942857142857143	33.156235694885254	157970.36296153069
5395	1352.5011336540563	1011.12	92.0615234375	0.082139604	6.878571428571429e-05	0.00022928571428571431	32.19740438461304	158003.4243593216
5396	1366.4605900097508	1020.61	91.820068359375	0.08213917	6.874285714285713e-05	0.0002291428571428571	33.156604290008545	158036.59612512589
5397	1342.5360610369019	1006.11	92.077880859375	0.08213863	6.869999999999999e-05	0.00022899999999999998	33.62638282775879	158070.22399568558
5398	1338.5280936994777	1008.15	91.584716796875	0.08213834	6.865714285714285e-05	0.00022885714285714287	32.65900731086731	158102.89768481255
5399	1309.705745488149	981.86	91.84375	0.08213819	6.861428571428572e-05	0.00022871428571428576	34.53899264335632	158137.4387602806
5400	1354.0175966396564	1008.34	91.850830078125	0.08213816	6.857142857142855e-05	0.00022857142857142854	32.44344139099121	158170.07873535156
5401	1276.722766073092	959.85	91.85888671875	0.08213815	6.852857142857142e-05	0.00022842857142857143	34.62291431427002	158204.70312952995
5402	1287.7783389162503	963.16	91.616943359375	0.08213816	6.848571428571428e-05	0.00022828571428571432	33.42781162261963	158238.13919472694
5403	1373.295526212396	1024.0	91.875	0.08213835	6.844285714285712e-05	0.0002281428571428571	32.44777202606201	158270.59509515762
5404	1359.458482108216	1018.27	92.3818359375	0.08213841	6.839999999999998e-05	0.00022799999999999999	33.10732340812683	158303.7067642212
5405	1341.1865884689912	994.81	91.890380859375	0.08213842	6.835714285714286e-05	0.00022785714285714287	32.930556297302246	158336.6387474537
5406	1358.771215338423	1012.11	91.8984375	0.08213826	6.831428571428572e-05	0.00022771428571428576	32.880857706069946	158369.53610539436
5407	1321.1399987178263	990.01	91.90576171875	0.08213834	6.827142857142856e-05	0.00022757142857142854	32.74745059013367	158402.29875707626
5408	1332.9772679451999	993.36	91.6630859375	0.082138605	6.822857142857142e-05	0.00022742857142857143	33.2918963432312	158435.6191022396
5409	1373.5283720577347	1012.23	92.172119140625	0.082138315	6.818571428571429e-05	0.00022728571428571432	32.79838252067566	158468.41928100586
5410	1351.6112365821589	1008.83	92.178955078125	0.08213841	6.814285714285712e-05	0.0002271428571428571	32.867844581604004	158501.2992091179
5411	1336.8257574894667	990.64	91.688232421875	0.08213834	6.809999999999999e-05	0.000227	34.6064133644104	158535.92281365395
5412	1334.667049807241	1003.14	91.2041015625	0.08213807	6.805714285714285e-05	0.00022685714285714288	33.04453682899475	158568.98403286934
5413	1319.389843395142	984.84	91.953125	0.082137786	6.801428571428572e-05	0.00022671428571428577	34.22339844703674	158603.21874594688
5414	1358.07499980568	1021.36	91.706787109375	0.08213781	6.797142857142855e-05	0.00022657142857142855	33.21547245979309	158636.93474292755
5415	1351.6166967782337	1006.1	91.9697265625	0.082137756	6.792857142857142e-05	0.00022642857142857143	33.692479610443115	158670.63991951942
5416	1352.9200041631377	1012.54	91.72607421875	0.082137704	6.78857142857143e-05	0.00022628571428571432	33.96187400817871	158704.6190018654
5417	1310.8464714045526	984.42	92.2353515625	0.08213762	6.784285714285712e-05	0.0002261428571428571	34.02265906333923	158738.64275670052
5418	1315.8308755729727	984.37	91.4921875	0.082137905	6.779999999999998e-05	0.000226	33.21629548072815	158771.86304998398
5419	1342.2889642116031	998.74	92.000732421875	0.082137994	6.775714285714286e-05	0.00022585714285714288	32.8818039894104	158805.01082515717
5420	1356.1040403046939	1008.05	92.0087890625	0.082138166	6.771428571428572e-05	0.00022571428571428577	33.30021071434021	158838.4108326435
5421	1363.4682868487891	1010.98	92.2666015625	0.082138196	6.767142857142856e-05	0.00022557142857142855	33.246681451797485	158871.67038536072
5422	1296.418644710772	974.37	92.023193359375	0.08213826	6.762857142857142e-05	0.00022542857142857144	33.58855867385864	158905.27609968185
5423	1360.174346626448	1016.04	91.2890625	0.08213826	6.758571428571429e-05	0.00022528571428571433	32.12333273887634	158937.41474223137
5424	1348.0614913478812	1004.53	92.0400390625	0.08213839	6.754285714285712e-05	0.0002251428571428571	32.89942002296448	158970.3707704544
5425	1324.7706768848177	989.93	92.0478515625	0.082138844	6.749999999999999e-05	0.000225	33.33395051956177	159003.7067732811
5426	1306.6143471423507	983.73	92.0556640625	0.082139246	6.745714285714285e-05	0.00022485714285714288	33.56643724441528	159037.2750067711
5427	1359.2040597652065	1016.67	91.813232421875	0.082139544	6.741428571428572e-05	0.00022471428571428577	34.65427541732788	159071.93106031418
5428	1322.2441756214353	988.77	91.821044921875	0.08213986	6.737142857142855e-05	0.00022457142857142855	34.53185319900513	159106.46675252914
5429	1314.069032347492	977.49	91.82958984375	0.08214017	6.732857142857142e-05	0.00022442857142857144	32.876116037368774	159139.60280895233
5430	1334.8728657912798	1002.19	91.34521484375	0.082140446	6.728571428571429e-05	0.00022428571428571433	34.88629937171936	159174.49077939987
5431	1316.8245353231678	986.12	91.969970703125	0.08214077	6.724285714285712e-05	0.00022414285714285708	33.951375007629395	159208.45476055145
5432	1348.6988967353766	1006.42	91.9775390625	0.082141094	6.72e-05	0.00022399999999999997	34.28639769554138	159242.7427968979
5433	1318.7357643715854	983.32	92.4853515625	0.08214147	6.715714285714286e-05	0.00022385714285714286	31.817600965499878	159274.57485866547
5434	1320.7532965155456	988.78	92.241943359375	0.082141854	6.711428571428572e-05	0.00022371428571428575	32.56647205352783	159307.361420393
5435	1322.4179988084172	980.61	92.2509765625	0.0821423	6.707142857142856e-05	0.00022357142857142853	33.196205615997314	159340.5591108799
5436	1338.5558975294555	994.55	92.258544921875	0.08214239	6.702857142857142e-05	0.00022342857142857142	33.69006586074829	159374.2614417076
5437	1304.2954105562433	975.76	92.2666015625	0.08214279	6.698571428571429e-05	0.0002232857142857143	32.690406799316406	159406.9745438099
5438	1325.482366312636	994.84	92.2744140625	0.08214321	6.694285714285715e-05	0.0002231428571428572	31.743916034698486	159438.75877189636
5439	1310.8437501410478	984.36	91.782470703125	0.08214362	6.689999999999999e-05	0.00022299999999999997	33.74038624763489	159472.51483368874
5440	1346.265489462872	999.02	92.2890625	0.08214389	6.685714285714285e-05	0.00022285714285714286	33.410545110702515	159505.9427871704
5441	1322.6873709451816	989.23	92.04833984375	0.082144	6.681428571428571e-05	0.00022271428571428575	34.1218581199646	159540.0771944523
5442	1342.6139354698528	998.2	92.556884765625	0.082143895	6.677142857142855e-05	0.00022257142857142853	34.37897253036499	159574.45873856544
5443	1310.2811916349774	981.71	92.314697265625	0.082143895	6.672857142857141e-05	0.00022242857142857142	33.69017291069031	159608.25740122795
5444	1318.1262321298407	982.92	92.322509765625	0.082143664	6.668571428571429e-05	0.0002222857142857143	34.62213706970215	159642.88289785385
5445	1346.6519831498458	1005.3	92.32958984375	0.082143344	6.664285714285716e-05	0.0002221428571428572	33.26718831062317	159676.53873872757
5446	1296.113021230262	965.61	92.337890625	0.08214314	6.659999999999999e-05	0.00022199999999999998	33.74654722213745	159710.28674340248
5447	1353.2371931971597	1007.07	92.595947265625	0.08214299	6.655714285714286e-05	0.00022185714285714286	34.66331648826599	159744.95104694366
5448	1281.1588865689412	959.38	92.103759765625	0.082142875	6.651428571428572e-05	0.00022171428571428575	32.775420904159546	159777.7347431183
5449	1344.234336422122	996.7	91.861328125	0.08214269	6.647142857142856e-05	0.00022157142857142853	30.642287254333496	159808.37874436378
5450	1312.3840882507443	977.42	92.354248046875	0.082142815	6.642857142857142e-05	0.00022142857142857142	34.72358202934265	159843.11880588531
5451	1337.4068326137876	993.93	92.376220703125	0.082143284	6.638571428571428e-05	0.0002212857142857143	31.88998508453369	159875.45875048637
5452	1339.0295433903095	997.65	92.385009765625	0.08214385	6.634285714285715e-05	0.0002211428571428572	32.07077097892761	159907.530731678
5453	1311.492283724652	985.12	92.39306640625	0.08214455	6.629999999999999e-05	0.00022099999999999998	33.03542733192444	159940.57874965668
5454	1277.9134075024494	956.05	92.3994140625	0.08214528	6.625714285714285e-05	0.00022085714285714287	33.74744653701782	159974.33881878853
5455	1312.6091682448566	982.35	92.408203125	0.082145765	6.621428571428571e-05	0.00022071428571428575	33.35199737548828	160008.30323791504
5456	1315.590330227252	981.81	91.92431640625	0.0821465	6.617142857142855e-05	0.00022057142857142854	33.551467418670654	160041.9547548294
5457	1294.712966366779	965.58	93.17529296875	0.08214719	6.612857142857141e-05	0.00022042857142857142	34.27878403663635	160076.23478221893
5458	1367.4475497720248	1014.52	92.68310546875	0.082147785	6.608571428571429e-05	0.0002202857142857143	33.19434118270874	160109.43019771576
5459	1364.362497837265	1016.31	92.43798828125	0.082148194	6.604285714285715e-05	0.0002201428571428572	33.81598877906799	160143.26818704605
5460	1352.5093776423196	1003.09	92.448486328125	0.08214867	6.599999999999999e-05	0.00021999999999999998	34.85917615890503	160178.13479280472
5461	1337.8453782906508	998.72	92.2060546875	0.082149185	6.595714285714286e-05	0.00021985714285714287	34.08569288253784	160212.23686265945
5462	1311.4864817903608	970.86	92.46435546875	0.08214965	6.591428571428572e-05	0.00021971428571428576	34.30892062187195	160246.54676270485
5463	1327.6660235247434	990.71	92.471435546875	0.08214989	6.587142857142856e-05	0.00021957142857142854	31.770983457565308	160278.31882500648
5464	1345.4187587445447	1003.94	92.479736328125	0.082150154	6.582857142857142e-05	0.00021942857142857143	33.578320026397705	160311.90169978142
5465	1341.7586973656898	999.58	92.486328125	0.08215007	6.578571428571428e-05	0.00021928571428571431	33.501981258392334	160345.90520620346
5466	1365.0064327359016	1007.98	92.99560546875	0.08214984	6.574285714285715e-05	0.0002191428571428572	32.93596959114075	160378.8430469036
5467	1353.0453292826437	1000.61	92.25341796875	0.08214947	6.569999999999998e-05	0.00021899999999999998	32.78335762023926	160411.6388373375
5468	1340.4499381377257	990.58	92.508544921875	0.08214942	6.565714285714285e-05	0.00021885714285714287	32.94235634803772	160444.5827448368
5469	1327.589511620971	994.49	93.2685546875	0.08214907	6.561428571428573e-05	0.00021871428571428576	33.22838091850281	160478.01507353783
5470	1354.821234559757	1008.85	92.52685546875	0.08214899	6.557142857142855e-05	0.00021857142857142854	33.48778462409973	160511.51911354065
5471	1348.9069187071605	1000.54	92.5341796875	0.08214927	6.552857142857141e-05	0.00021842857142857143	34.159149408340454	160545.6907439232
5472	1324.3388857256616	990.82	92.54150390625	0.08214957	6.548571428571429e-05	0.00021828571428571432	33.44862985610962	160579.51989412308
5473	1311.6645361913675	980.77	92.5498046875	0.082150005	6.544285714285715e-05	0.0002181428571428572	32.803356647491455	160612.32454824448
5474	1362.3757152027604	1014.23	92.55859375	0.08215019	6.539999999999999e-05	0.00021799999999999999	33.61159801483154	160645.9547522068
5475	1338.4313057903887	999.19	92.316650390625	0.08215027	6.535714285714285e-05	0.00021785714285714287	31.7269766330719	160677.6834948063
5476	1375.2353976296229	1021.93	92.572998046875	0.08215047	6.531428571428572e-05	0.00021771428571428576	33.83007764816284	160711.68127441406
5477	1361.1517725008935	1012.73	92.581787109375	0.08215066	6.527142857142855e-05	0.00021757142857142854	32.332364559173584	160744.0350689888
5478	1325.8092688694703	993.34	93.08984375	0.08215055	6.522857142857142e-05	0.00021742857142857143	32.52123141288757	160776.56860399246
5479	1342.11005605127	1001.94	92.597900390625	0.08215051	6.518571428571428e-05	0.00021728571428571432	32.53937816619873	160809.12275981903
5480	1377.2290191686943	1024.0	93.105712890625	0.08215103	6.514285714285715e-05	0.0002171428571428572	32.49353742599487	160841.61877155304
5481	1367.4161675706841	1018.37	92.86328125	0.082151376	6.509999999999998e-05	0.00021699999999999996	33.65462589263916	160875.27529644966
5482	1368.1333950622718	1018.76	92.621337890625	0.08215156	6.505714285714285e-05	0.00021685714285714285	31.871169090270996	160907.15476870537
5483	1364.4219552506747	1009.09	92.379150390625	0.08215166	6.501428571428572e-05	0.00021671428571428577	32.15574359893799	160939.32314682007
5484	1355.2195902878366	1006.58	91.89501953125	0.08215195	6.497142857142855e-05	0.00021657142857142852	33.01833248138428	160972.34274482727
5485	1368.5657567431242	1020.27	92.89501953125	0.08215242	6.492857142857143e-05	0.0002164285714285714	32.95193958282471	161005.30730223656
5486	1357.7596168519326	1013.95	92.652587890625	0.0821527	6.488571428571429e-05	0.0002162857142857143	35.17632699012756	161040.50306463242
5487	1355.9929625352836	1012.53	92.16015625	0.08215291	6.484285714285715e-05	0.00021614285714285718	33.9662184715271	161074.47075533867
5488	1341.7146179390556	999.15	91.926025390625	0.082153216	6.479999999999999e-05	0.00021599999999999996	33.08591651916504	161107.9446132183
5489	1352.3587365098813	1012.62	92.67578125	0.08215347	6.475714285714285e-05	0.00021585714285714285	31.905659675598145	161139.8518974781
5490	1347.5556401672325	1010.38	92.683837890625	0.08215381	6.471428571428572e-05	0.00021571428571428574	30.46379780769348	161170.3350534439
5491	1350.9969344938443	1002.78	92.6923828125	0.08215421	6.467142857142855e-05	0.00021557142857142852	28.75405740737915	161199.09084892273
5492	1320.8849629365934	992.41	92.7001953125	0.082154475	6.462857142857142e-05	0.0002154285714285714	28.071183919906616	161227.1630165577
5493	1354.5608858720673	1003.0	92.7080078125	0.082154594	6.458571428571428e-05	0.0002152857142857143	28.350622415542603	161255.5150885582
5494	1343.3291760007726	1002.95	92.716064453125	0.08215453	6.454285714285715e-05	0.0002151428571428572	27.30772376060486	161282.82392930984
5495	1345.9101054408357	1007.82	92.475341796875	0.08215474	6.449999999999998e-05	0.00021499999999999997	27.797152996063232	161310.62278032303
5496	1348.3994097453185	1000.7	92.7353515625	0.08215473	6.445714285714285e-05	0.00021485714285714286	28.039630651474	161338.66358709335
5497	1347.2422191467952	1005.16	92.7451171875	0.08215477	6.441428571428572e-05	0.00021471428571428574	31.069737434387207	161369.73501324654
5498	1364.1360317487708	1014.65	92.99462890625	0.08215457	6.437142857142855e-05	0.00021457142857142852	28.58778715133667	161398.324583292
5499	1353.848471056768	1011.55	92.513916015625	0.08215434	6.432857142857142e-05	0.0002144285714285714	28.5046865940094	161426.8307466507
5500	1360.9984703944397	1018.26	92.52392578125	0.0821541	6.428571428571429e-05	0.0002142857142857143	29.21417999267578	161456.04618310928
5501	1336.5170222947315	995.19	92.53271484375	0.08215391	6.424285714285715e-05	0.0002141428571428572	27.434629201889038	161483.48273348808
5502	1371.8145556826846	1022.17	93.044189453125	0.082153834	6.419999999999999e-05	0.00021399999999999997	28.59877872467041	161512.08308410645
5503	1383.6163307236318	1020.26	92.061767578125	0.08215384	6.415714285714285e-05	0.00021385714285714286	27.094065189361572	161539.17877101898
5504	1350.1436479583201	1005.74	92.3134765625	0.082153864	6.411428571428572e-05	0.00021371428571428575	30.02228355407715	161569.20275998116
5505	1325.5121371330604	991.14	92.823486328125	0.08215409	6.407142857142855e-05	0.00021357142857142853	30.070521593093872	161599.2747426033
5506	1351.906960200055	1002.75	92.833251953125	0.08215418	6.402857142857142e-05	0.00021342857142857142	29.910406827926636	161629.18676543236
5507	1341.7321292169636	999.33	92.843994140625	0.082154155	6.398571428571428e-05	0.0002132857142857143	29.729174852371216	161658.91882872581
5508	1351.7349662801505	1010.62	93.103759765625	0.08215395	6.394285714285716e-05	0.0002131428571428572	27.913493871688843	161686.83379983902
5509	1346.731148585261	1004.28	92.8623046875	0.08215349	6.389999999999998e-05	0.00021299999999999997	28.02590537071228	161714.87473225594
5510	1364.759867940312	1008.61	92.623291015625	0.082153045	6.385714285714284e-05	0.00021285714285714286	26.57960271835327	161741.4558851719
5511	1339.85585323951	1000.15	92.633056640625	0.082152486	6.381428571428572e-05	0.00021271428571428575	29.757256269454956	161771.21498847008
5512	1331.913289101768	994.89	92.890869140625	0.082151674	6.377142857142855e-05	0.00021257142857142853	29.330220937728882	161800.546728611
5513	1365.6043685367483	1020.32	93.15234375	0.08215102	6.372857142857142e-05	0.00021242857142857142	28.46621346473694	161829.0151808262
5514	1317.6641607911538	989.02	92.910888671875	0.08215056	6.368571428571429e-05	0.0002122857142857143	29.466248035430908	161858.48586320877
5515	1325.7673925250203	987.28	92.672119140625	0.08214996	6.364285714285715e-05	0.0002121428571428572	28.4073486328125	161886.89512896538
5516	1328.840217468626	985.2	92.931884765625	0.08214937	6.359999999999999e-05	0.00021199999999999998	27.065674543380737	161913.96273970604
5517	1317.5994702395044	986.11	93.441650390625	0.082149245	6.355714285714285e-05	0.00021185714285714286	26.994349718093872	161940.9699075222
5518	1330.763331610813	995.22	92.951171875	0.08214943	6.351428571428572e-05	0.00021171428571428575	27.77466082572937	161968.76601815224
5519	1319.2204214648996	982.18	92.9599609375	0.082149714	6.347142857142855e-05	0.00021157142857142853	26.949275016784668	161995.73268985748
5520	1293.4072050964592	972.83	92.970458984375	0.08214996	6.342857142857142e-05	0.00021142857142857142	28.3443124294281	162024.07874011993
5521	1312.4367642266304	982.08	92.98046875	0.08215014	6.338571428571428e-05	0.0002112857142857143	29.30373477935791	162053.38354611397
5522	1327.8753767389196	991.05	92.484619140625	0.08215042	6.334285714285716e-05	0.0002111428571428572	29.425331354141235	162082.81073069572
5523	1358.7736614299004	1006.21	93.0009765625	0.0821504	6.329999999999998e-05	0.00021099999999999998	30.267513751983643	162113.08701229095
5524	1320.5480875833848	985.5	93.010986328125	0.08215033	6.325714285714284e-05	0.00021085714285714287	30.146587371826172	162143.23516225815
5525	1356.1785601820707	1013.76	93.020751953125	0.08215025	6.321428571428572e-05	0.00021071428571428576	29.854350566864014	162173.09785294533
5526	1367.3040097364587	1014.1	92.780517578125	0.082150005	6.317142857142854e-05	0.00021057142857142854	30.239334106445312	162203.35076117516
5527	1373.7959050287848	1020.33	92.29736328125	0.08214948	6.312857142857142e-05	0.00021042857142857142	29.574634552001953	162232.9270210266
5528	1347.2126417037646	1004.92	93.0498046875	0.082149185	6.308571428571429e-05	0.0002102857142857143	27.791081190109253	162260.73053359985
5529	1348.6145355476851	1002.6	92.809814453125	0.08214902	6.304285714285715e-05	0.0002101428571428572	27.904585361480713	162288.6368932724
5530	1332.3801528016268	994.61	92.8095703125	0.0821488	6.299999999999999e-05	0.00020999999999999998	26.607831478118896	162315.2467300892
5531	1353.127154075384	1005.97	93.0654296875	0.082148544	6.295714285714285e-05	0.00020985714285714287	27.265998601913452	162342.51571798325
5532	1339.5304591064078	998.21	93.0888671875	0.08214809	6.291428571428571e-05	0.00020971428571428576	27.078953504562378	162369.59699440002
5533	1350.2279703894767	1000.3	93.098388671875	0.08214799	6.287142857142855e-05	0.0002095714285714285	27.5875883102417	162397.18655133247
5534	1381.425591405105	1020.46	93.101318359375	0.0821477	6.282857142857141e-05	0.0002094285714285714	26.950129747390747	162424.13848280907
5535	1347.1007677261039	1000.19	92.617919921875	0.08214727	6.278571428571428e-05	0.0002092857142857143	26.923218965530396	162451.0787408352
5536	1320.0133403362745	987.31	93.127685546875	0.08214674	6.274285714285716e-05	0.00020914285714285718	27.731878995895386	162478.82326579094
5537	1346.4036591063368	998.23	93.387939453125	0.082146175	6.269999999999998e-05	0.00020899999999999996	26.099239587783813	162504.9347527027
5538	1369.0373238930056	1013.4	93.147705078125	0.082145646	6.265714285714286e-05	0.00020885714285714285	28.830575466156006	162533.76672935486
5539	1344.6247310240597	1000.42	93.157470703125	0.08214523	6.261428571428572e-05	0.00020871428571428573	29.48184037208557	162563.26125764847
5540	1346.077106197622	1000.62	93.167236328125	0.08214463	6.257142857142854e-05	0.00020857142857142851	29.27159881591797	162592.54701209068
5541	1369.1661294402707	1014.17	93.175537109375	0.08214409	6.252857142857142e-05	0.0002084285714285714	30.74729013442993	162623.30674171448
5542	1340.4350786495322	999.27	92.445068359375	0.08214364	6.248571428571428e-05	0.0002082857142857143	28.594119787216187	162651.91749048233
5543	1363.5935801294056	1010.71	93.197021484375	0.08214342	6.244285714285715e-05	0.00020814285714285718	30.32349967956543	162682.2430255413
5544	1333.5121862017656	985.45	93.20703125	0.082143135	6.239999999999999e-05	0.00020799999999999996	30.49556589126587	162712.75101709366
5545	1370.3487122159308	1014.69	93.21630859375	0.08214278	6.235714285714285e-05	0.00020785714285714285	30.38230872154236	162743.14586758614
5546	1339.2328578957145	1002.17	93.2265625	0.08214254	6.231428571428571e-05	0.00020771428571428574	30.20687460899353	162773.36624383926
5547	1346.4399387180167	1004.91	93.236572265625	0.082142375	6.227142857142855e-05	0.00020757142857142852	30.30005192756653	162803.6827352047
5548	1369.9816702576768	1014.09	93.496337890625	0.082142554	6.222857142857141e-05	0.0002074285714285714	30.441704750061035	162834.12593913078
5549	1329.1830293669545	987.38	93.25634765625	0.08214268	6.218571428571428e-05	0.0002072857142857143	30.187498569488525	162864.3148601055
5550	1384.494234314575	1020.21	93.265380859375	0.0821427	6.214285714285715e-05	0.00020714285714285718	29.062743425369263	162893.37876558304
5551	1351.6978943639288	997.99	92.7734375	0.08214281	6.209999999999998e-05	0.00020699999999999996	29.42748236656189	162922.8227341175
5552	1357.7170778827606	1014.29	93.408935546875	0.08214297	6.205714285714286e-05	0.00020685714285714285	28.2474365234375	162951.17475676537
5553	1371.054053870598	1016.5	92.6748046875	0.0821434	6.201428571428572e-05	0.00020671428571428574	28.940115690231323	162980.11642885208
5554	1363.5541478750238	1011.0	93.423828125	0.08214375	6.197142857142856e-05	0.00020657142857142852	27.911670923233032	163008.04301834106
5555	1319.5357483328462	986.51	93.68212890625	0.082144	6.192857142857142e-05	0.0002064285714285714	27.438941955566406	163035.48312592506
5556	1338.4515140465674	995.3	93.43994140625	0.082144044	6.188571428571428e-05	0.0002062857142857143	28.67885708808899	163064.1632654667
5557	1372.360953298817	1016.0	92.94775390625	0.082144015	6.184285714285715e-05	0.00020614285714285719	29.91901183128357	163094.09436249733
5558	1352.9103868670538	1004.54	93.45556640625	0.082144104	6.179999999999998e-05	0.00020599999999999997	29.99552035331726	163124.10677599907
5559	1342.6149497611311	1004.14	93.464111328125	0.08214418	6.175714285714285e-05	0.00020585714285714285	27.191405534744263	163151.31474089622
5560	1354.5899100640645	1006.27	93.222412109375	0.08214403	6.171428571428571e-05	0.00020571428571428574	30.42404079437256	163181.7512178421
5561	1337.7450666327288	991.25	93.730224609375	0.082144134	6.167142857142855e-05	0.00020557142857142852	29.023324966430664	163210.78674983978
5562	1378.1043527059692	1024.0	93.488037109375	0.08214415	6.162857142857141e-05	0.0002054285714285714	30.274490356445312	163241.07049179077
5563	1342.4764165850743	1003.82	93.494873046875	0.08214409	6.158571428571428e-05	0.0002052857142857143	30.20355725288391	163271.35075855255
5564	1366.9959008691624	1013.98	93.503173828125	0.08214406	6.154285714285715e-05	0.0002051428571428572	30.099397897720337	163301.45479035378
5565	1362.5445381185946	1011.57	93.761474609375	0.082143776	6.149999999999998e-05	0.00020499999999999997	30.234763145446777	163331.69075369835
5566	1352.7369998009262	1004.51	93.517333984375	0.082143515	6.145714285714285e-05	0.00020485714285714286	27.879421710968018	163359.58276200294
5567	1308.3931610075174	977.7	93.527099609375	0.082143106	6.141428571428572e-05	0.00020471428571428575	28.243000030517578	163387.82726931572
5568	1371.4813493217596	1020.05	93.03515625	0.08214276	6.137142857142858e-05	0.00020457142857142863	27.732434272766113	163415.57193255424
5569	1354.4235223051498	999.95	93.291015625	0.082142286	6.132857142857142e-05	0.00020442857142857141	29.429741859436035	163445.0031273365
5570	1359.5679185730155	1007.35	93.30029296875	0.082141735	6.128571428571428e-05	0.0002042857142857143	30.440083265304565	163475.45878696442
5571	1365.885890375966	1010.09	93.55810546875	0.08214128	6.124285714285715e-05	0.0002041428571428572	30.317914962768555	163505.78940939903
5572	1341.4315612416822	991.2	93.31591796875	0.08214081	6.119999999999998e-05	0.00020399999999999997	29.935365676879883	163535.7387430668
5573	1381.095756338632	1024.0	93.57421875	0.08214055	6.115714285714285e-05	0.00020385714285714286	29.703256130218506	163565.45471835136
5574	1362.2018478987004	1013.32	93.08251953125	0.0821403	6.111428571428571e-05	0.00020371428571428575	29.18727135658264	163594.65874147415
5575	1376.878559269582	1016.44	93.590576171875	0.08213994	6.107142857142859e-05	0.00020357142857142864	29.919437646865845	163624.59080171585
5576	1364.745506744855	1014.32	93.34814453125	0.08213958	6.102857142857142e-05	0.00020342857142857142	30.48195719718933	163655.08952593803
5577	1347.0786287559201	994.22	93.606201171875	0.08213941	6.098571428571428e-05	0.0002032857142857143	29.52536630630493	163684.6159734726
5578	1368.0243330781525	1014.41	93.61376953125	0.082139336	6.0942857142857146e-05	0.0002031428571428572	30.011569023132324	163714.63874602318
5579	1371.4422565258096	1012.57	93.621826171875	0.08213922	6.089999999999998e-05	0.00020299999999999997	29.239548921585083	163743.95874881744
5580	1379.7875084695434	1024.0	93.628173828125	0.08213911	6.0857142857142847e-05	0.00020285714285714286	29.790648221969604	163773.75075554848
5581	1355.2487979572488	1002.52	93.63720703125	0.082139075	6.081428571428572e-05	0.00020271428571428575	28.090344429016113	163801.84275078773
5582	1382.7399234165696	1020.5	93.894775390625	0.082138814	6.077142857142858e-05	0.00020257142857142864	28.404764890670776	163830.2561700344
5583	1354.13379942211	1008.81	93.653076171875	0.082138635	6.072857142857142e-05	0.00020242857142857142	30.099209308624268	163860.37073850632
5584	1364.361731193373	1016.77	93.91064453125	0.08213844	6.068571428571428e-05	0.0002022857142857143	29.315425634384155	163889.6948196888
5585	1387.6004476911721	1023.99	93.6689453125	0.0821383	6.0642857142857145e-05	0.0002021428571428572	28.61210608482361	163918.32679891586
5586	1380.056022527027	1018.26	93.926513671875	0.08213823	6.059999999999998e-05	0.00020199999999999995	27.431150913238525	163945.76650619507
5587	1375.7864996476171	1016.05	93.68359375	0.08213818	6.0557142857142846e-05	0.00020185714285714284	29.947690725326538	163975.73104166985
5588	1383.790867135939	1018.46	93.442138671875	0.08213817	6.051428571428572e-05	0.00020171428571428573	30.247248888015747	164005.99080228806
5589	1377.888222261596	1018.39	93.70068359375	0.082138225	6.047142857142858e-05	0.00020157142857142862	30.635624408721924	164036.64305782318
5590	1378.1907737189397	1022.3	93.708740234375	0.08213822	6.042857142857142e-05	0.0002014285714285714	31.214165449142456	164067.8587872982
5591	1377.9721842324097	1024.0	93.2158203125	0.0821382	6.038571428571428e-05	0.00020128571428571428	31.050756692886353	164098.92273497581
5592	1332.5579844949723	987.37	93.722412109375	0.082138	6.0342857142857145e-05	0.00020114285714285717	30.38770055770874	164129.31909561157
5593	1337.3929539197175	988.68	93.732177734375	0.08213753	6.029999999999998e-05	0.00020099999999999995	30.66962957382202	164159.98985505104
5594	1358.349226475008	1008.36	93.739990234375	0.08213715	6.0257142857142846e-05	0.00020085714285714284	31.040316104888916	164191.04348397255
5595	1371.0175424321062	1014.01	93.247802734375	0.08213674	6.0214285714285716e-05	0.00020071428571428573	30.106208324432373	164221.16559267044
5596	1370.2392068676643	1016.51	94.0048828125	0.0821363	6.017142857142858e-05	0.00020057142857142862	30.61542773246765	164251.8031024933
5597	1358.6564846083738	1008.7	94.013427734375	0.082135804	6.012857142857142e-05	0.0002004285714285714	30.78313136100769	164282.59474658966
5598	1325.383979599403	986.87	93.771240234375	0.08213521	6.008571428571428e-05	0.0002002857142857143	30.875439167022705	164313.48276925087
5599	1355.9722690419119	1009.7	93.779052734375	0.08213466	6.004285714285715e-05	0.00020014285714285718	30.54872488975525	164344.0441880226
5600	1383.053195961717	1024.0	93.7861328125	0.08213416	5.999999999999998e-05	0.00019999999999999996	30.735191583633423	164374.78086590767
5601	1355.9349397524625	1003.27	93.79443359375	0.082133695	5.9957142857142845e-05	0.00019985714285714284	30.320837020874023	164405.10273241997
5602	1323.2771284494295	979.39	93.55224609375	0.08213336	5.9914285714285716e-05	0.00019971428571428573	29.3401939868927	164434.44481396675
5603	1361.5239624211615	1016.41	93.81005859375	0.08213301	5.987142857142858e-05	0.00019957142857142862	28.91269063949585	164463.3587498665
5604	1366.4666294984438	1008.23	93.80712890625	0.082132645	5.9828571428571416e-05	0.0001994285714285714	28.3594708442688	164491.73875522614
5605	1353.0578419510969	1008.84	93.826171875	0.08213234	5.978571428571428e-05	0.0001992857142857143	28.643434524536133	164520.39482164383
5606	1376.438901434526	1022.4	93.83447265625	0.08213216	5.974285714285715e-05	0.00019914285714285718	29.327608823776245	164549.73511052132
5607	1370.9234931395101	1016.22	93.84228515625	0.08213199	5.969999999999998e-05	0.00019899999999999996	27.694103002548218	164577.43080997467
5608	1358.331200830108	1004.01	93.85009765625	0.08213203	5.9657142857142845e-05	0.00019885714285714285	28.22869300842285	164605.6788072586
5609	1313.432282357862	977.4	93.857421875	0.08213205	5.9614285714285715e-05	0.00019871428571428574	29.77508020401001	164635.4667699337
5610	1331.6390479681388	983.44	93.615966796875	0.08213199	5.957142857142858e-05	0.00019857142857142862	28.07442617416382	164663.5427467823
5611	1362.5252987128956	1014.54	93.8740234375	0.08213205	5.9528571428571416e-05	0.0001984285714285714	27.799235105514526	164691.35475373268
5612	1360.9122534596004	1006.88	93.88134765625	0.08213205	5.948571428571428e-05	0.0001982857142857143	27.48634624481201	164718.8427927494
5613	1368.5930727773139	1016.37	93.88916015625	0.08213182	5.944285714285715e-05	0.00019814285714285718	27.8469398021698	164746.69073152542
5614	1359.1813081297448	1013.0	93.896728515625	0.08213159	5.939999999999998e-05	0.00019799999999999996	28.08457112312317	164774.7839396
5615	1375.3248077717953	1018.31	94.15478515625	0.08213127	5.935714285714285e-05	0.00019785714285714285	28.059748888015747	164802.8591415882
5616	1352.6005631510388	996.97	94.036865234375	0.0821312	5.9314285714285715e-05	0.00019771428571428574	27.95480990409851	164830.8323419094
5617	1346.725280867492	995.6	93.30322265625	0.082131036	5.927142857142858e-05	0.00019757142857142863	28.103332996368408	164858.94655060768
5618	1299.1270789890164	964.24	93.803466796875	0.082131125	5.9228571428571415e-05	0.0001974285714285714	28.425047874450684	164887.38822555542
5619	1365.7754935281055	1010.33	94.060791015625	0.082131185	5.918571428571428e-05	0.0001972857142857143	30.111270904541016	164917.51473474503
5620	1343.9046554530373	998.85	94.319091796875	0.082131125	5.914285714285715e-05	0.00019714285714285718	29.203330755233765	164946.73074483871
5621	1343.0675613163357	989.02	94.076904296875	0.082131	5.909999999999998e-05	0.00019699999999999996	29.239830017089844	164975.98705983162
5622	1335.00879622061	991.93	94.0859375	0.08213071	5.905714285714285e-05	0.00019685714285714285	28.159480571746826	165004.15883541107
5623	1373.6664120722696	1018.17	93.843017578125	0.082130425	5.9014285714285714e-05	0.00019671428571428574	28.26503825187683	165032.43293070793
5624	1322.2258837657894	982.62	93.851318359375	0.08213018	5.897142857142858e-05	0.00019657142857142863	30.123512744903564	165062.5707745552
5625	1362.0479906342207	1010.19	94.109375	0.08213003	5.8928571428571415e-05	0.0001964285714285714	27.416330814361572	165090.01101970673
5626	1339.5122611711165	989.03	94.1171875	0.08213024	5.888571428571428e-05	0.0001962857142857143	27.69133424758911	165117.7147347927
5627	1316.7871412090808	971.26	93.625	0.08213014	5.884285714285715e-05	0.0001961428571428572	29.775357246398926	165147.49882507324
5628	1311.1359774340983	969.38	93.882568359375	0.08212981	5.879999999999998e-05	0.00019599999999999997	29.739468574523926	165177.31878256798
5629	1356.6271913584087	1002.83	93.3984375	0.08212925	5.875714285714285e-05	0.00019585714285714286	30.25521945953369	165207.57875442505
5630	1333.1676968470667	988.15	94.14794921875	0.08212846	5.8714285714285714e-05	0.00019571428571428574	30.430524826049805	165238.01074647903
5631	1370.851587050294	1012.75	94.15576171875	0.08212756	5.867142857142858e-05	0.00019557142857142863	30.855709075927734	165268.87514448166
5632	1364.195869614917	1002.17	94.4130859375	0.08212649	5.8628571428571414e-05	0.0001954285714285714	30.747708559036255	165299.62438488007
5633	1334.9338392909037	983.12	94.42138671875	0.0821255	5.858571428571428e-05	0.0001952857142857143	30.47297239303589	165330.09886980057
5634	1373.6220856063228	1008.86	94.17919921875	0.08212448	5.854285714285715e-05	0.0001951428571428572	30.279873371124268	165360.37998747826
5635	1374.953750532789	1013.39	93.93701171875	0.08212353	5.849999999999998e-05	0.00019499999999999994	30.455092430114746	165390.83615922928
5636	1352.4835579122353	999.3	93.69482421875	0.082122535	5.845714285714285e-05	0.00019485714285714283	29.900372982025146	165420.7790699005
5637	1384.8582422128356	1024.0	94.7021484375	0.08212165	5.841428571428571e-05	0.00019471428571428572	30.64631986618042	165451.42674589157
5638	1359.389723393582	1006.33	93.71142578125	0.08212073	5.837142857142858e-05	0.00019457142857142863	30.73167872428894	165482.1630473137
5639	1362.7087368120804	1000.02	94.218017578125	0.082119696	5.8328571428571414e-05	0.0001944285714285714	30.45127534866333	165512.62673306465
5640	1363.4145740718488	1007.01	93.72705078125	0.08211887	5.828571428571428e-05	0.00019428571428571428	30.84234595298767	165543.48573803902
5641	1360.1873126636544	1000.99	93.734375	0.082118444	5.824285714285715e-05	0.00019414285714285716	31.75826644897461	165575.24683856964
5642	1375.4671378918504	1013.95	94.241455078125	0.082118355	5.819999999999998e-05	0.00019399999999999995	30.65161418914795	165605.91098833084
5643	1352.9977652658847	997.08	94.250732421875	0.08211797	5.815714285714285e-05	0.00019385714285714283	29.020276308059692	165634.95544934273
5644	1376.9589998546198	1008.71	94.00830078125	0.08211737	5.811428571428571e-05	0.00019371428571428572	28.25460457801819	165663.2217335701
5645	1331.989372178016	981.93	94.0146484375	0.08211696	5.807142857142858e-05	0.0001935714285714286	30.7880642414093	165694.01874351501
5646	1319.7663820435369	978.99	94.272705078125	0.08211648	5.802857142857141e-05	0.0001934285714285714	30.59083318710327	165724.61074614525
5647	1347.2178748156655	995.0	94.281982421875	0.08211578	5.798571428571428e-05	0.00019328571428571428	30.47917652130127	165755.09454131126
5648	1327.9670370759368	982.62	94.039794921875	0.08211517	5.794285714285715e-05	0.00019314285714285717	29.446223735809326	165784.54279255867
5649	1344.0312683758848	992.37	94.29736328125	0.08211466	5.789999999999998e-05	0.00019299999999999995	28.84526562690735	165813.38995862007
5650	1353.5137079680437	1001.71	94.306396484375	0.08211431	5.785714285714285e-05	0.00019285714285714284	28.971487998962402	165842.37473917007
5651	1359.6808571971085	1003.24	94.562744140625	0.08211393	5.781428571428571e-05	0.00019271428571428572	31.215481281280518	165873.60292077065
5652	1393.0283741133921	1022.17	93.82080078125	0.08211345	5.777142857142858e-05	0.0001925714285714286	30.0397367477417	165903.65490460396
5653	1310.6839152875427	969.41	94.3291015625	0.08211297	5.772857142857141e-05	0.0001924285714285714	31.071510076522827	165934.74685931206
5654	1355.512209070001	1004.26	94.58642578125	0.08211257	5.7685714285714276e-05	0.00019228571428571428	28.470487117767334	165963.21879720688
5655	1342.9396127550585	985.85	94.345458984375	0.082112156	5.764285714285715e-05	0.00019214285714285717	29.70767855644226	165992.93905425072
5656	1323.069471274828	986.39	94.10302734375	0.0821118	5.759999999999998e-05	0.00019199999999999995	30.372623920440674	166023.312748909
5657	1363.0813832611552	1007.03	94.111083984375	0.08211134	5.755714285714285e-05	0.00019185714285714284	30.631940364837646	166053.9592294693
5658	1371.687319404378	1012.42	94.368896484375	0.08211092	5.751428571428571e-05	0.00019171428571428573	28.97805142402649	166082.93879389763
5659	1317.9451492550825	982.77	94.126708984375	0.08211055	5.747142857142858e-05	0.00019157142857142862	28.475295782089233	166111.426769495
5660	1327.1797501249218	982.73	94.3828125	0.08210999	5.742857142857141e-05	0.0001914285714285714	31.54750680923462	166142.98686122894
5661	1345.5299469461772	986.99	94.14208984375	0.08210964	5.7385714285714276e-05	0.00019128571428571428	30.509247541427612	166173.53249239922
5662	1344.7013606299274	994.44	94.400146484375	0.08210916	5.7342857142857147e-05	0.00019114285714285717	30.33285093307495	166203.8670487404
5663	1347.8677608412154	994.49	94.40771484375	0.082108624	5.7299999999999977e-05	0.00019099999999999995	27.947961807250977	166231.83115386963
5664	1314.2885311447826	978.82	94.6650390625	0.08210807	5.725714285714285e-05	0.00019085714285714284	30.439480304718018	166262.2787334919
5665	1341.1559332393567	988.13	94.42333984375	0.08210752	5.721428571428571e-05	0.00019071428571428573	27.395254611968994	166289.68674016
5666	1373.1974506705833	1016.48	94.429931640625	0.08210695	5.717142857142858e-05	0.00019057142857142862	28.962035179138184	166318.65038084984
5667	1345.895084791822	993.57	94.68896484375	0.08210658	5.712857142857141e-05	0.0001904285714285714	27.972420930862427	166346.7071094513
5668	1337.0761801853896	991.52	94.44677734375	0.08210633	5.708571428571428e-05	0.0001902857142857143	30.338106632232666	166377.0468058586
5669	1331.2907245697872	981.95	94.4541015625	0.08210615	5.7042857142857146e-05	0.00019014285714285718	28.119441747665405	166405.28673052788
5670	1319.9346162703641	971.48	94.71240234375	0.08210606	5.6999999999999976e-05	0.00018999999999999996	29.414700746536255	166434.70294761658
5671	1374.7245820436888	1008.59	94.47119140625	0.08210572	5.695714285714285e-05	0.00018985714285714284	28.322734355926514	166463.0268011093
5672	1348.9257874402817	995.03	93.98681640625	0.08210563	5.691428571428571e-05	0.00018971428571428573	31.24469017982483	166494.2801747322
5673	1388.57617023919	1020.0	93.986572265625	0.08210554	5.687142857142858e-05	0.00018957142857142862	31.111578941345215	166525.40676951408
5674	1372.966551071878	1006.61	94.494873046875	0.0821054	5.682857142857141e-05	0.0001894285714285714	31.727198600769043	166557.14674925804
5675	1306.6873664749749	970.64	94.502685546875	0.08210527	5.678571428571428e-05	0.0001892857142857143	30.395552158355713	166587.55473208427
5676	1308.9235181247102	967.43	94.510498046875	0.08210525	5.6742857142857146e-05	0.00018914285714285718	31.270989418029785	166618.82674074173
5677	1347.5173990223368	995.02	94.518310546875	0.08210531	5.6699999999999976e-05	0.00018899999999999996	31.802526235580444	166650.63075852394
5678	1367.2299120776204	1013.03	94.52587890625	0.08210547	5.6657142857142846e-05	0.00018885714285714285	30.998421669006348	166681.63076376915
5679	1357.0510871319434	1002.43	94.533935546875	0.08210544	5.661428571428571e-05	0.00018871428571428574	31.110849380493164	166712.74275422096
5680	1353.2604325741675	997.83	94.666748046875	0.08210537	5.657142857142858e-05	0.00018857142857142862	28.64323401451111	166741.38705015182
5681	1352.6069216961853	994.35	94.174560546875	0.08210532	5.652857142857141e-05	0.0001884285714285714	29.22213840484619	166770.73759651184
5682	1321.3411044580862	978.69	95.181640625	0.082105525	5.648571428571428e-05	0.0001882857142857143	28.46113872528076	166799.2244503498
5683	1312.7712865949122	977.79	94.68994140625	0.0821057	5.6442857142857145e-05	0.00018814285714285718	28.92440629005432	166828.15074896812
5684	1351.8634575401709	996.62	94.447998046875	0.08210596	5.639999999999998e-05	0.00018799999999999996	28.736922025680542	166856.89232850075
5685	1374.756094328372	1016.81	94.705810546875	0.0821062	5.6357142857142846e-05	0.00018785714285714285	28.719026803970337	166885.62677025795
5686	1365.6584486684908	1004.56	94.713623046875	0.0821063	5.631428571428571e-05	0.00018771428571428574	29.58082151412964	166915.22052288055
5687	1297.598913483651	959.32	94.971923828125	0.08210637	5.627142857142858e-05	0.00018757142857142863	29.34727931022644	166944.5827550888
5688	1336.552372459519	984.41	95.22802734375	0.08210627	5.622857142857141e-05	0.00018742857142857138	30.858710289001465	166975.44304180145
5689	1321.2505935650508	973.6	94.738037109375	0.082106374	5.618571428571428e-05	0.00018728571428571427	30.045289516448975	167005.50060462952
5690	1349.8172703791597	1002.58	94.24560546875	0.08210655	5.6142857142857145e-05	0.00018714285714285716	30.780067205429077	167036.28307151794
5691	1353.425650598493	996.81	95.003662109375	0.08210676	5.610000000000001e-05	0.00018700000000000005	30.938228607177734	167067.22274041176
5692	1348.3001040097224	998.02	94.7607421875	0.08210694	5.6057142857142845e-05	0.00018685714285714283	28.72273898124695	167095.94676971436
5693	1370.794375992192	1007.37	94.769287109375	0.08210717	5.601428571428571e-05	0.00018671428571428571	28.79277229309082	167124.74815130234
5694	1364.0684465852114	1005.1	94.27685546875	0.08210727	5.597142857142858e-05	0.0001865714285714286	28.251259326934814	167153.01475024223
5695	1378.8052464469913	1010.6	94.284912109375	0.08210738	5.592857142857141e-05	0.00018642857142857138	27.04970932006836	167180.07696938515
5696	1316.2039342232624	975.22	95.0419921875	0.08210731	5.588571428571428e-05	0.00018628571428571427	27.872268676757812	167207.95109653473
5697	1349.8109353707039	998.22	94.799560546875	0.082107015	5.5842857142857144e-05	0.00018614285714285716	26.830650329589844	167234.78322267532
5698	1363.5535501470354	1006.71	94.06591796875	0.08210656	5.5800000000000015e-05	0.00018600000000000005	26.928268671035767	167261.72351956367
5699	1338.6397544495244	993.8	95.06591796875	0.08210604	5.5757142857142845e-05	0.00018585714285714283	27.307539701461792	167289.04676532745
5700	1379.1500653110315	1024.0	94.57373046875	0.08210554	5.571428571428571e-05	0.00018571428571428572	28.159480333328247	167317.20673823357
5701	1340.1632100918264	998.69	94.830810546875	0.08210517	5.567142857142858e-05	0.0001855714285714286	27.34186363220215	167344.56140828133
5702	1349.76092234788	1005.36	95.08935546875	0.08210484	5.562857142857141e-05	0.00018542857142857139	29.54736018180847	167374.1227941513
5703	1336.6666668799423	984.4	94.84765625	0.08210427	5.558571428571428e-05	0.00018528571428571427	30.486536502838135	167404.61074781418
5704	1298.6740709204582	964.95	94.85546875	0.08210405	5.5542857142857143e-05	0.00018514285714285716	28.007415771484375	167432.63872814178
5705	1341.1133889502494	992.49	94.86328125	0.08210387	5.5500000000000014e-05	0.00018500000000000005	28.29946494102478	167460.96272802353
5706	1374.6691255762871	1016.45	94.87158203125	0.08210399	5.5457142857142844e-05	0.00018485714285714283	26.758906602859497	167487.72274422646
5707	1320.1322431738404	980.7	94.87451171875	0.0821043	5.541428571428571e-05	0.00018471428571428572	27.558870553970337	167515.282828331
5708	1353.2890502881085	1009.02	94.885986328125	0.08210433	5.537142857142858e-05	0.0001845714285714286	27.99137568473816	167543.28673911095
5709	1354.7292709108785	1003.01	94.89501953125	0.08210422	5.532857142857141e-05	0.0001844285714285714	28.821521759033203	167572.10981106758
5710	1350.051470341899	992.0	95.15234375	0.082103945	5.528571428571428e-05	0.00018428571428571428	30.119322776794434	167602.24675369263
5711	1309.1892576801363	975.58	94.91064453125	0.08210374	5.524285714285714e-05	0.00018414285714285717	29.694369792938232	167631.94277071953
5712	1356.9289887409302	998.44	94.66845703125	0.082103565	5.5200000000000014e-05	0.00018400000000000005	29.859373331069946	167661.80338597298
5713	1347.1201756759092	994.24	94.92626953125	0.08210369	5.5157142857142844e-05	0.00018385714285714283	30.863536834716797	167692.6830368042
5714	1365.981315100501	1004.5	94.93359375	0.0821036	5.5114285714285714e-05	0.00018371428571428572	30.103248357772827	167722.79874920845
5715	1321.8717855357581	979.15	94.2001953125	0.082103476	5.507142857142858e-05	0.0001835714285714286	27.160539150238037	167750.20786714554
5716	1347.8724349228994	996.91	95.2001953125	0.082103275	5.502857142857141e-05	0.0001834285714285714	28.358240604400635	167778.5671081543
5717	1320.894562841637	980.02	94.2158203125	0.08210305	5.498571428571428e-05	0.00018328571428571428	27.89831781387329	167806.47368860245
5718	1350.3501604674698	1005.85	94.9658203125	0.08210292	5.494285714285714e-05	0.00018314285714285717	28.42712092399597	167834.90278363228
5719	1317.5487642284663	970.97	94.972900390625	0.082102634	5.490000000000001e-05	0.00018300000000000006	28.614845514297485	167863.5191538334
5720	1379.4900692962824	1018.11	94.982177734375	0.08210242	5.485714285714284e-05	0.00018285714285714284	27.639537811279297	167891.2267408371
5721	1329.710882751053	981.94	94.98974609375	0.08210207	5.4814285714285714e-05	0.00018271428571428573	29.059369564056396	167920.29876613617
5722	1348.6339690896912	998.7	94.998046875	0.082101755	5.477142857142858e-05	0.00018257142857142861	27.439582586288452	167947.73962283134
5723	1375.1080306321692	1006.44	95.5048828125	0.08210135	5.472857142857141e-05	0.0001824285714285714	27.461714506149292	167975.20274305344
5724	1338.9359573551117	993.76	95.01318359375	0.08210116	5.468571428571428e-05	0.00018228571428571428	30.26328730583191	168005.4669971466
5725	1373.6389611633933	1012.12	95.02099609375	0.082101084	5.464285714285714e-05	0.00018214285714285717	30.559394598007202	168036.03876018524
5726	1344.1370588197556	995.44	95.02880859375	0.082100965	5.460000000000001e-05	0.00018200000000000006	29.66192936897278	168065.7027208805
5727	1381.5908183166	1024.0	95.03662109375	0.082100876	5.455714285714284e-05	0.00018185714285714284	29.743125677108765	168095.4587624073
5728	1293.197618173963	960.78	95.04443359375	0.08210076	5.451428571428571e-05	0.00018171428571428573	30.29507279396057	168125.75491809845
5729	1346.2897360160837	994.89	95.302490234375	0.08210069	5.447142857142858e-05	0.00018157142857142862	28.953625202178955	168154.71344327927
5730	1376.3358566658258	1014.17	95.060546875	0.08210067	5.442857142857141e-05	0.0001814285714285714	27.71987771987915	168182.43474149704
5731	1357.2816560955885	1010.77	95.568359375	0.082100645	5.438571428571428e-05	0.00018128571428571429	26.927172899246216	168209.36338281631
5732	1363.805966502562	1003.1	95.324951171875	0.08210053	5.434285714285714e-05	0.00018114285714285717	28.14400863647461	168237.52342128754
5733	1339.5555364243578	992.46	95.33349609375	0.08210028	5.430000000000001e-05	0.00018100000000000006	29.405800104141235	168266.93073558807
5734	1351.5618948997167	1008.03	95.09130859375	0.082100056	5.425714285714284e-05	0.00018085714285714284	27.77161431312561	168294.71903705597
5735	1360.3927576470355	1008.38	95.34912109375	0.08209985	5.421428571428571e-05	0.00018071428571428573	28.57558822631836	168323.29585576057
5736	1354.0069623356687	1003.1	95.10693359375	0.08209937	5.4171428571428576e-05	0.00018057142857142862	28.091139554977417	168351.3987584114
5737	1362.4791949779758	1009.93	95.11572265625	0.082099	5.412857142857141e-05	0.00018042857142857137	28.155027389526367	168379.5627501011
5738	1320.7443772582812	982.49	94.622802734375	0.08209857	5.408571428571428e-05	0.0001802857142857143	30.106522798538208	168409.67076182365
5739	1339.3010429003234	992.27	95.3818359375	0.08209799	5.404285714285714e-05	0.00018014285714285718	30.010509252548218	168439.68276667595
5740	1352.9549497068735	1002.69	95.1396484375	0.08209755	5.400000000000001e-05	0.00018000000000000007	27.422448873519897	168467.10674476624
5741	1356.6936156332065	1008.43	95.147216796875	0.08209715	5.395714285714284e-05	0.00017985714285714282	29.486955881118774	168496.5947546959
5742	1362.986480555518	1010.49	95.15478515625	0.08209694	5.391428571428571e-05	0.0001797142857142857	28.499497175216675	168525.09524703026
5743	1378.7832230107713	1020.47	95.66259765625	0.08209673	5.3871428571428576e-05	0.0001795714285714286	27.88490605354309	168553.0120370388
5744	1374.143705106334	1014.42	95.29541015625	0.08209669	5.382857142857141e-05	0.00017942857142857138	28.35281252861023	168581.3665177822
5745	1378.4336492435789	1012.18	94.803466796875	0.082096435	5.3785714285714277e-05	0.00017928571428571426	27.92734146118164	168609.3107392788
5746	1356.2400907378012	1006.39	95.060791015625	0.08209639	5.374285714285714e-05	0.00017914285714285715	28.718514442443848	168638.0307507515
5747	1324.757207240505	987.18	95.319091796875	0.08209634	5.370000000000001e-05	0.00017900000000000004	26.92569923400879	168664.95790553093
5748	1360.5387003151077	1012.74	95.5771484375	0.08209639	5.365714285714284e-05	0.00017885714285714282	27.587839126586914	168692.55905246735
5749	1365.0515593949315	1010.75	95.3193359375	0.08209657	5.361428571428571e-05	0.0001787142857142857	29.14357042312622	168721.7187371254
5750	1368.738274499764	1014.68	95.093017578125	0.082096815	5.3571428571428575e-05	0.0001785714285714286	27.750544786453247	168749.47074651718
5751	1346.2324060860958	996.24	95.349609375	0.0820973	5.352857142857141e-05	0.00017842857142857138	28.319025993347168	168777.79083156586
5752	1340.2473572521133	986.61	95.10791015625	0.08209774	5.3485714285714276e-05	0.00017828571428571427	27.5078763961792	168805.31144857407
5753	1328.8368928108578	978.63	95.60205078125	0.082097776	5.344285714285714e-05	0.00017814285714285716	27.138202667236328	168832.45073771477
5754	1279.261132380687	944.81	94.87451171875	0.08209782	5.340000000000001e-05	0.00017800000000000004	26.850608348846436	168859.3027780056
5755	1327.0485065496787	980.39	95.6318359375	0.0820977	5.335714285714284e-05	0.00017785714285714282	28.517236948013306	168887.82115864754
5756	1371.0513098229965	1012.43	95.639892578125	0.08209731	5.331428571428571e-05	0.0001777142857142857	27.551450729370117	168915.38277101517
5757	1342.735750805922	990.15	95.3984375	0.08209715	5.3271428571428575e-05	0.0001775714285714286	29.204991817474365	168944.5888259411
5758	1359.226144439858	1003.57	95.40625	0.08209684	5.322857142857141e-05	0.00017742857142857138	27.594794273376465	168972.19818401337
5759	1342.4439568605865	996.5	95.162353515625	0.08209642	5.3185714285714276e-05	0.00017728571428571427	27.83225703239441	169000.04346132278
5760	1306.3826060702804	968.02	95.42138671875	0.08209605	5.314285714285714e-05	0.00017714285714285716	28.34368348121643	169028.39901733398
5761	1378.7383331601432	1016.29	95.429443359375	0.08209565	5.310000000000001e-05	0.00017700000000000005	27.59936499595642	169056.011387825
5762	1342.6754323606617	999.18	95.43701171875	0.0820953	5.305714285714284e-05	0.00017685714285714283	27.923585653305054	169083.95104384422
5763	1340.4835983113685	998.95	95.4453125	0.082095034	5.301428571428571e-05	0.00017671428571428572	27.287360429763794	169111.25074720383
5764	1370.42073697133	1009.4	95.4521484375	0.08209444	5.2971428571428574e-05	0.0001765714285714286	29.07602882385254	169140.35118961334
5765	1367.0002925134074	1008.38	95.4609375	0.08209383	5.292857142857141e-05	0.00017642857142857138	27.673548936843872	169168.02603268623
5766	1351.1977029235368	996.57	95.46875	0.08209326	5.2885714285714275e-05	0.00017628571428571427	27.807809829711914	169195.84723973274
5767	1312.7259477036744	971.18	95.4765625	0.08209257	5.2842857142857146e-05	0.00017614285714285716	27.554260969161987	169223.40311408043
5768	1354.5607715000233	998.93	94.984375	0.08209193	5.280000000000001e-05	0.00017600000000000005	27.665424346923828	169251.07003593445
5769	1346.4945201806797	996.04	95.49169921875	0.08209137	5.275714285714284e-05	0.00017585714285714283	28.96770477294922	169280.03878569603
5770	1360.102123045809	1002.79	95.5009765625	0.0820907	5.271428571428571e-05	0.00017571428571428572	27.823832035064697	169307.8635957241
5771	1366.0118676254945	1005.08	95.5087890625	0.08209015	5.2671428571428574e-05	0.0001755714285714286	27.463603734970093	169335.34277129173
5772	1369.4618493014614	1012.29	95.2666015625	0.08208958	5.262857142857141e-05	0.0001754285714285714	30.939384698867798	169366.30673718452
5773	1375.2378207608804	1013.6	95.273681640625	0.08208906	5.2585714285714274e-05	0.00017528571428571428	30.367043018341064	169396.67481565475
5774	1345.7806167643182	996.22	95.531005859375	0.08208838	5.2542857142857145e-05	0.00017514285714285716	30.35152816772461	169427.03874969482
5775	1325.8510806425727	985.96	95.779541015625	0.08208775	5.250000000000001e-05	0.00017500000000000005	29.76373600959778	169456.8151330948
5776	1374.0542647893453	1010.09	96.0478515625	0.08208629	5.245714285714284e-05	0.00017485714285714283	30.098379611968994	169486.9147412777
5777	1358.89124051121	1002.29	96.0556640625	0.08208551	5.241428571428571e-05	0.00017471428571428572	30.230972290039062	169517.14673900604
5778	1352.0748527524713	1001.09	95.31298828125	0.082084924	5.237142857142857e-05	0.0001745714285714286	30.24291753768921	169547.39109230042
5779	1340.638060002509	994.52	95.0712890625	0.0820842	5.232857142857141e-05	0.0001744285714285714	30.23807454109192	169577.63074707985
5780	1311.632983134785	974.0	94.82861328125	0.08208343	5.2285714285714274e-05	0.00017428571428571428	29.43586039543152	169607.07919287682
5781	1328.5609860589102	989.04	95.5869140625	0.08208262	5.2242857142857145e-05	0.00017414285714285717	29.471271514892578	169636.56673669815
5782	1329.444231150707	991.58	95.594482421875	0.08208175	5.220000000000001e-05	0.00017400000000000006	30.48266839981079	169667.05080509186
5783	1343.9680997492826	986.95	95.3525390625	0.082081	5.2157142857142845e-05	0.00017385714285714284	27.323999166488647	169694.38734030724
5784	1299.1622025692116	975.65	96.10986328125	0.08208024	5.211428571428571e-05	0.00017371428571428572	27.75534439086914	169722.1587355137
5785	1349.7284668625218	1004.13	95.61767578125	0.082079485	5.207142857142857e-05	0.0001735714285714286	27.134901762008667	169749.29503631592
5786	1321.3112422047147	990.49	96.12646484375	0.082078844	5.202857142857141e-05	0.0001734285714285714	30.41586661338806	169779.72320961952
5787	1339.3466394604416	1000.63	95.6318359375	0.082078084	5.1985714285714273e-05	0.00017328571428571428	27.990577697753906	169807.7147755623
5788	1350.2754981485143	1008.33	95.64111328125	0.082077734	5.1942857142857144e-05	0.00017314285714285717	29.959464073181152	169837.69875264168
5789	1340.8176674546962	997.9	95.64990234375	0.08207748	5.190000000000001e-05	0.00017300000000000006	30.195010900497437	169867.89480423927
5790	1338.831585825367	1000.92	95.40771484375	0.08207738	5.1857142857142845e-05	0.0001728571428571428	30.227391242980957	169898.13473844528
5791	1315.4894922501553	988.68	95.664794921875	0.08207733	5.181428571428571e-05	0.0001727142857142857	30.235544681549072	169928.3749499321
5792	1326.490445896734	993.68	95.671875	0.08207709	5.177142857142857e-05	0.0001725714285714286	30.68270254135132	169959.05874037743
5793	1320.7808573358132	984.0	95.68115234375	0.08207671	5.172857142857141e-05	0.00017242857142857137	30.587741374969482	169989.64745235443
5794	1340.1370321057545	995.14	95.689453125	0.08207654	5.168571428571427e-05	0.00017228571428571426	29.937811613082886	170019.58674287796
5795	1331.9904821054445	990.93	95.6962890625	0.08207629	5.1642857142857144e-05	0.00017214285714285715	29.65518593788147	170049.24294114113
5796	1319.2214889549641	988.3	95.955322265625	0.08207574	5.160000000000001e-05	0.00017200000000000003	30.499268770217896	170079.7547404766
5797	1328.0619575344576	995.16	95.71142578125	0.0820751	5.1557142857142844e-05	0.00017185714285714281	29.875098705291748	170109.63080334663
5798	1328.0843692937933	992.88	95.470703125	0.08207455	5.151428571428571e-05	0.0001717142857142857	29.69051694869995	170139.3232779503
5799	1313.0653073079839	978.27	95.728515625	0.08207386	5.147142857142857e-05	0.0001715714285714286	29.648576021194458	170168.9733901024
5800	1258.4497464835677	946.59	95.986328125	0.08207309	5.142857142857141e-05	0.00017142857142857137	30.419416904449463	170199.40674495697
5801	1319.7965218370557	988.96	95.743896484375	0.08207256	5.138571428571427e-05	0.00017128571428571426	27.923502683639526	170227.3427670002
5802	1326.8850789912926	997.1	96.501953125	0.082072	5.134285714285714e-05	0.00017114285714285715	26.752650260925293	170254.09644579887
5803	1299.2150128324893	973.1	95.5087890625	0.08207162	5.130000000000001e-05	0.00017100000000000004	28.16573977470398	170282.26323652267
5804	1334.6605324197344	996.67	96.0185546875	0.08207137	5.1257142857142844e-05	0.00017085714285714282	28.00404953956604	170310.2792546749
5805	1320.5918247023778	985.58	95.7763671875	0.08207105	5.121428571428571e-05	0.0001707142857142857	27.171409130096436	170337.4587583542
5806	1352.8884011782723	1014.23	96.03369140625	0.082070686	5.117142857142857e-05	0.0001705714285714286	28.655317544937134	170366.11874842644
5807	1330.55763435309	990.31	95.791259765625	0.08207046	5.112857142857141e-05	0.00017042857142857137	29.711410999298096	170395.83123207092
5808	1353.880109656352	1010.32	95.923095703125	0.082070455	5.108571428571427e-05	0.00017028571428571426	27.719518184661865	170423.56673240662
5809	1309.151687201578	975.33	95.432373046875	0.08207043	5.104285714285714e-05	0.00017014285714285715	26.97653818130493	170450.54476094246
5810	1342.2681927342053	1001.94	96.439208984375	0.08207049	5.1000000000000006e-05	0.00017000000000000004	28.134254693984985	170478.69344210625
5811	1340.450053297921	998.11	95.9482421875	0.08207052	5.095714285714284e-05	0.00016985714285714282	27.319352626800537	170506.01473999023
5812	1308.2064353675914	976.13	96.20556640625	0.082070515	5.091428571428571e-05	0.0001697142857142857	30.23583960533142	170536.2665195465
5813	1368.946662050259	1017.54	96.71337890625	0.082070455	5.087142857142857e-05	0.0001695714285714286	29.610408067703247	170565.8787548542
5814	1363.4741921621048	1011.21	95.970703125	0.08207052	5.082857142857144e-05	0.00016942857142857148	29.913874864578247	170595.80129909515
5815	1316.2941043325807	985.45	95.978759765625	0.08207058	5.078571428571427e-05	0.00016928571428571427	28.86381721496582	170624.66676306725
5816	1365.3848959018424	1014.79	95.98681640625	0.082070686	5.074285714285714e-05	0.00016914285714285715	26.85171413421631	170651.5312128067
5817	1331.7707950445017	988.68	95.9951171875	0.08207068	5.0700000000000006e-05	0.00016900000000000004	28.293910264968872	170679.84577846527
5818	1335.1021669752229	991.14	96.25244140625	0.08207037	5.065714285714284e-05	0.00016885714285714282	26.863872528076172	170706.7310500145
5819	1325.672878508542	994.97	96.2607421875	0.08207006	5.0614285714285706e-05	0.0001687142857142857	28.203861713409424	170734.94732356071
5820	1336.9056606854244	996.99	96.018310546875	0.08206984	5.057142857142858e-05	0.0001685714285714286	28.017513036727905	170762.96596097946
5821	1340.2968378582163	994.84	96.02685546875	0.08206949	5.052857142857144e-05	0.0001684285714285715	27.951049327850342	170790.91880893707
5822	1342.375841275439	998.25	96.03466796875	0.08206918	5.048571428571427e-05	0.00016828571428571427	26.914804935455322	170817.8347275257
5823	1324.9660507967376	986.58	96.541748046875	0.08206878	5.044285714285714e-05	0.00016814285714285716	29.523662090301514	170847.37104439735
5824	1373.0346795005773	1021.0	95.5498046875	0.0820684	5.0400000000000005e-05	0.00016800000000000004	31.0197012424469	170878.40320205688
5825	1344.0682678727771	1003.32	96.55810546875	0.08206795	5.035714285714284e-05	0.00016785714285714283	30.15990924835205	170908.5752773285
5826	1343.5569498029934	997.28	96.06591796875	0.08206731	5.0314285714285706e-05	0.0001677142857142857	29.55119037628174	170938.13873624802
5827	1351.1035956109067	1008.66	96.07421875	0.08206644	5.0271428571428577e-05	0.0001675714285714286	30.447261333465576	170968.59876680374
5828	1289.459053337937	964.38	96.08203125	0.082065456	5.022857142857144e-05	0.0001674285714285715	30.755088090896606	170999.35928797722
5829	1321.9088688797935	989.17	96.089111328125	0.08206471	5.018571428571427e-05	0.00016728571428571427	30.799166202545166	171030.16673469543
5830	1370.3592187433367	1012.25	96.096435546875	0.08206405	5.014285714285714e-05	0.00016714285714285716	27.323381423950195	171057.49878883362
5831	1366.037597119337	1013.08	95.605224609375	0.08206342	5.0100000000000005e-05	0.00016700000000000005	28.983187437057495	171086.48364043236
5832	1316.8431501122561	977.6	95.86328125	0.082062885	5.005714285714284e-05	0.00016685714285714283	30.366010665893555	171116.85074210167
5833	1350.6254509249088	1006.13	96.3701171875	0.082062475	5.0014285714285705e-05	0.00016671428571428572	30.794451475143433	171147.64676046371
5834	1351.4285898981625	1001.03	96.128662109375	0.082061954	4.9971428571428576e-05	0.0001665714285714286	29.883402585983276	171177.5467453003
5835	1334.5934551186363	996.8	95.8876953125	0.08206137	4.992857142857144e-05	0.0001664285714285715	30.726433515548706	171208.2899799347
5836	1377.3121412622024	1022.49	96.1455078125	0.08206072	4.988571428571428e-05	0.00016628571428571427	30.135732889175415	171238.4389731884
5837	1351.830560809041	1003.95	95.903076171875	0.08206008	4.984285714285714e-05	0.00016614285714285716	30.49584722518921	171268.962526083
5838	1354.270602204776	1004.13	96.160400390625	0.0820596	4.9800000000000004e-05	0.00016600000000000005	29.82204532623291	171298.78581547737
5839	1353.6190875138784	1004.24	96.16845703125	0.08205911	4.975714285714284e-05	0.00016585714285714283	27.980952262878418	171326.77667474747
5840	1325.619872609935	986.91	96.4267578125	0.082058586	4.9714285714285705e-05	0.00016571428571428572	30.528035402297974	171357.31873464584
5841	1351.2606886085541	1001.41	96.18310546875	0.08205817	4.9671428571428576e-05	0.0001655714285714286	30.113823413848877	171387.45756483078
5842	1382.9416536881502	1019.46	96.44189453125	0.08205772	4.962857142857144e-05	0.0001654285714285715	29.82332420349121	171417.29479956627
5843	1314.7865753747694	978.59	96.199462890625	0.08205726	4.9585714285714276e-05	0.00016528571428571425	28.506630659103394	171445.8030591011
5844	1347.0446510629022	998.51	96.20751953125	0.08205675	4.954285714285714e-05	0.00016514285714285714	28.748695611953735	171474.5532836914
5845	1362.0163517289177	1004.97	96.2158203125	0.082056254	4.9500000000000004e-05	0.00016500000000000003	28.95099687576294	171503.51874613762
5846	1359.6362436810898	998.57	95.230712890625	0.082055785	4.945714285714284e-05	0.0001648571428571428	28.326989889144897	171531.8581712246
5847	1339.6177924461545	990.95	95.98095703125	0.08205523	4.9414285714285704e-05	0.0001647142857142857	27.65935730934143	171559.5347571373
5848	1367.3974073736908	1015.19	95.98876953125	0.08205485	4.9371428571428575e-05	0.00016457142857142858	30.589357137680054	171590.1368637085
5849	1332.3887999001558	987.31	96.24658203125	0.08205447	4.932857142857144e-05	0.00016442857142857147	30.49962282180786	171620.65101385117
5850	1348.0750026316805	996.84	96.0048828125	0.082054004	4.9285714285714276e-05	0.00016428571428571425	30.910834312438965	171651.57811379433
5851	1335.8176464095977	992.88	96.0126953125	0.08205374	4.924285714285714e-05	0.00016414285714285714	30.65938401222229	171682.25474643707
5852	1338.392357919659	990.16	96.020751953125	0.082053624	4.92e-05	0.00016400000000000003	32.25963759422302	171714.52705693245
5853	1350.8736548384506	998.85	95.777587890625	0.082053654	4.915714285714284e-05	0.0001638571428571428	31.37726879119873	171745.91646289825
5854	1321.8037134526257	982.48	96.28662109375	0.08205364	4.9114285714285704e-05	0.0001637142857142857	28.303521871566772	171774.23076701164
5855	1376.6846219828772	1018.7	96.0439453125	0.082053624	4.9071428571428574e-05	0.00016357142857142859	29.414775133132935	171803.64672875404
5856	1378.2980855147116	1012.25	96.052490234375	0.08205318	4.902857142857144e-05	0.00016342857142857147	29.83487606048584	171833.48278546333
5857	1346.5208479803407	995.62	96.059814453125	0.08205273	4.8985714285714275e-05	0.00016328571428571425	29.094620943069458	171862.57907128334
5858	1352.006809694548	1006.61	96.318115234375	0.08205225	4.894285714285714e-05	0.00016314285714285714	31.866576433181763	171894.44676542282
5859	1365.2621956589617	1020.13	96.326171875	0.082051836	4.89e-05	0.00016300000000000003	28.003657341003418	171922.47081255913
5860	1366.1767537709193	1016.41	96.33349609375	0.082051374	4.885714285714284e-05	0.0001628571428571428	29.035247087478638	171951.5071709156
5861	1356.9265364903802	1008.41	95.84130859375	0.08205112	4.88142857142857e-05	0.0001627142857142857	29.899574041366577	171981.42274594307
5862	1347.1894364155473	998.8	96.599365234375	0.08205084	4.8771428571428574e-05	0.0001625714285714286	30.838898181915283	172012.26274180412
5863	1362.594450042462	1014.56	96.35693359375	0.08205064	4.872857142857144e-05	0.00016242857142857148	28.551019191741943	172040.81853961945
5864	1364.2340061203777	1011.99	96.114990234375	0.08205036	4.8685714285714275e-05	0.00016228571428571426	30.699454069137573	172071.51962947845
5865	1345.697956737614	1004.08	96.872802734375	0.08205019	4.864285714285714e-05	0.00016214285714285715	27.67188334465027	172099.1948196888
5866	1366.1114975720827	1014.64	96.380126953125	0.08205008	4.86e-05	0.00016200000000000003	28.9028377532959	172128.09876418114
5867	1349.4430220981365	1008.59	95.645263671875	0.08205002	4.855714285714284e-05	0.00016185714285714281	28.807575225830078	172156.91481399536
5868	1338.8096600727306	1003.6	96.14599609375	0.08204996	4.85142857142857e-05	0.0001617142857142857	30.562761306762695	172187.47872567177
5869	1362.101714880162	1014.7	96.4052734375	0.08204987	4.8471428571428573e-05	0.0001615714285714286	30.33863639831543	172217.8190305233
5870	1348.9535186116334	1004.29	96.662353515625	0.08204955	4.842857142857144e-05	0.00016142857142857148	30.880250930786133	172248.71547937393
5871	1349.043720225404	1000.45	95.92041015625	0.082049325	4.8385714285714274e-05	0.00016128571428571426	27.959797859191895	172276.67652988434
5872	1351.7463161310377	1003.24	96.3037109375	0.082049094	4.834285714285714e-05	0.00016114285714285715	28.75309729576111	172305.4321861267
5873	1345.6953616412793	1010.46	96.311279296875	0.08204868	4.830000000000001e-05	0.00016100000000000004	28.618853330612183	172334.06676793098
5874	1318.0753328863473	986.79	95.826904296875	0.08204811	4.825714285714284e-05	0.00016085714285714282	27.351277589797974	172361.43080449104
5875	1344.4615296865136	1012.11	96.576416015625	0.0820475	4.82142857142857e-05	0.0001607142857142857	28.46864080429077	172389.91828608513
5876	1367.9607813901885	1018.2	96.08447265625	0.08204626	4.817142857142857e-05	0.0001605714285714286	27.81142783164978	172417.73119282722
5877	1349.3675435056225	1001.69	96.842529296875	0.08204547	4.812857142857144e-05	0.00016042857142857148	28.56608510017395	172446.29903674126
5878	1335.9372911596715	1000.81	96.599853515625	0.08204476	4.8085714285714274e-05	0.00016028571428571426	27.807029008865356	172474.1074297428
5879	1354.2763743785192	1011.24	96.357421875	0.08204404	4.804285714285714e-05	0.00016014285714285715	28.27397584915161	172502.38300395012
5880	1289.5513625955305	963.47	96.61572265625	0.0820434	4.800000000000001e-05	0.00016000000000000004	27.863580226898193	172530.26298618317
5881	1339.7763258839245	1008.36	96.62353515625	0.082042895	4.795714285714284e-05	0.00015985714285714282	29.395605325698853	172559.67106366158
5882	1362.9390174348912	1024.0	96.88134765625	0.08204251	4.79142857142857e-05	0.0001597142857142857	31.845271587371826	172591.51749658585
5883	1268.5656136923058	953.21	96.63916015625	0.082042046	4.787142857142857e-05	0.0001595714285714286	32.082722187042236	172623.60179424286
5884	1338.3571190155244	1006.34	95.904541015625	0.08204179	4.7828571428571436e-05	0.00015942857142857149	31.986175060272217	172655.58952331543
5885	1359.9173072231686	1024.0	96.656005859375	0.08204163	4.778571428571427e-05	0.00015928571428571427	32.04372596740723	172687.65496230125
5886	1292.6430707842133	968.81	96.6640625	0.082041524	4.774285714285714e-05	0.00015914285714285715	31.823387384414673	172719.48135876656
5887	1351.7479221079536	1012.62	96.671875	0.08204161	4.770000000000001e-05	0.00015900000000000004	32.159783363342285	172751.65905594826
5888	1352.3525254967906	1006.59	96.4287109375	0.08204158	4.765714285714284e-05	0.00015885714285714282	31.95193314552307	172783.62307834625
5889	1321.8297017370755	989.4	96.93701171875	0.08204135	4.761428571428571e-05	0.0001587142857142857	32.02891945838928	172815.65351366997
5890	1346.5700251606402	1006.69	96.69482421875	0.08204119	4.757142857142857e-05	0.0001585714285714286	31.539668798446655	172847.20712161064
5891	1323.9216987233979	990.65	96.20263671875	0.08204093	4.7528571428571436e-05	0.0001584285714285715	30.535130500793457	172877.7547543049
5892	1380.262860353147	1024.0	96.96044921875	0.08204074	4.748571428571427e-05	0.00015828571428571424	31.942021369934082	172909.7094423771
5893	1370.870093065652	1018.15	96.718017578125	0.082040586	4.7442857142857136e-05	0.00015814285714285716	32.53663730621338	172942.2633216381
5894	1338.2533218195094	997.13	96.726318359375	0.082040325	4.740000000000001e-05	0.00015800000000000005	32.009668827056885	172974.2750236988
5895	1353.6737797423127	1008.69	96.733642578125	0.08204015	4.735714285714284e-05	0.0001578571428571428	31.311393976211548	173005.59911346436
5896	1304.5764987856653	974.04	96.741455078125	0.0820401	4.731428571428571e-05	0.0001577142857142857	29.754077911376953	173035.35473942757
5897	1362.356140376771	1010.36	96.750244140625	0.082040004	4.727142857142857e-05	0.00015757142857142858	30.372281312942505	173065.7469778061
5898	1324.8595243241825	985.76	96.75732421875	0.08203975	4.7228571428571435e-05	0.00015742857142857146	30.755834579467773	173096.5231232643
5899	1331.2544630256443	992.29	96.264404296875	0.08203945	4.718571428571427e-05	0.00015728571428571424	30.31092119216919	173126.83573436737
5900	1327.31019675245	987.03	96.7734375	0.08203941	4.7142857142857136e-05	0.00015714285714285713	30.99806308746338	173157.8496541977
5901	1301.8887975560922	966.54	96.78076171875	0.082039416	4.7100000000000006e-05	0.00015700000000000002	30.638434171676636	173188.50160098076
5902	1370.5549421131768	1018.78	97.03955078125	0.08203948	4.7057142857142836e-05	0.0001568571428571428	30.93677806854248	173219.45597934723
5903	1368.7514755964364	1006.48	96.797607421875	0.08203925	4.701428571428571e-05	0.0001567142857142857	30.58340287208557	173250.04080820084
5904	1309.9511432403756	970.22	96.8046875	0.08203896	4.697142857142857e-05	0.00015657142857142858	30.52785015106201	173280.57905340195
5905	1351.8883531955257	995.28	96.8134765625	0.0820388	4.6928571428571435e-05	0.00015642857142857147	30.65224814414978	173311.24693274498
5906	1375.4846879241734	1016.49	96.078125	0.082038626	4.688571428571427e-05	0.00015628571428571425	30.126793384552002	173341.3747627735
5907	1364.130397701841	1008.67	96.32861328125	0.08203853	4.6842857142857135e-05	0.00015614285714285714	32.51644158363342	173373.90378379822
5908	1385.1622292255101	1024.0	97.086669921875	0.08203837	4.6800000000000006e-05	0.00015600000000000002	32.412917137145996	173406.31839489937
5909	1384.4543355209576	1020.73	96.84423828125	0.08203826	4.6757142857142836e-05	0.0001558571428571428	32.892152309417725	173439.22692108154
5910	1355.647560683832	996.69	96.850830078125	0.08203832	4.6714285714285707e-05	0.0001557142857142857	32.361910343170166	173471.59052085876
5911	1370.194133347226	1004.55	96.859375	0.082038336	4.667142857142857e-05	0.00015557142857142858	33.26651883125305	173504.86995983124
5912	1310.7069145781916	975.64	96.12548828125	0.08203821	4.6628571428571434e-05	0.00015542857142857147	32.619792222976685	173537.49090647697
5913	1349.1932177418962	995.47	96.87548828125	0.082037926	4.658571428571427e-05	0.00015528571428571425	31.691000938415527	173569.1867454052
5914	1369.770418622776	1012.81	96.88330078125	0.082037605	4.6542857142857135e-05	0.00015514285714285714	29.84450340270996	173599.05120778084
5915	1360.2072612751872	1002.75	96.889892578125	0.08203747	4.6500000000000005e-05	0.00015500000000000003	30.586501359939575	173629.6387681961
5916	1325.8089747821466	983.86	96.8984375	0.08203744	4.6457142857142835e-05	0.0001548571428571428	32.49938178062439	173662.14676332474
5917	1391.0891318192898	1014.19	96.906982421875	0.08203732	4.6414285714285706e-05	0.0001547142857142857	33.27119016647339	173695.430893898
5918	1330.1734981175553	984.73	96.173828125	0.08203741	4.637142857142857e-05	0.00015457142857142858	33.02500557899475	173728.4569451809
5919	1365.238906156146	997.8	96.92236328125	0.082037434	4.632857142857144e-05	0.00015442857142857147	32.03459167480469	173760.493247509
5920	1363.6100539249733	1000.64	96.931884765625	0.08203751	4.628571428571427e-05	0.00015428571428571425	31.435733556747437	173791.9430990219
5921	1362.1910673380949	998.79	96.93896484375	0.08203746	4.6242857142857134e-05	0.00015414285714285714	30.729747533798218	173822.67447662354
5922	1382.0553949821592	1018.57	96.947021484375	0.08203743	4.6200000000000005e-05	0.00015400000000000003	30.11933207511902	173852.80683398247
5923	1353.9587915105499	1004.34	96.45458984375	0.08203713	4.6157142857142835e-05	0.0001538571428571428	30.21511149406433	173883.0347545147
5924	1379.068781658372	1020.04	96.962890625	0.08203686	4.6114285714285705e-05	0.0001537142857142857	30.1950364112854	173913.23077440262
5925	1381.9179937585673	1018.49	96.969970703125	0.08203666	4.607142857142857e-05	0.0001535714285714286	31.06928825378418	173944.30110383034
5926	1384.5058725339588	1024.0	96.978271484375	0.082036614	4.602857142857144e-05	0.00015342857142857148	30.51106858253479	173974.82674646378
5927	1365.7091724922286	1007.35	96.486328125	0.082036555	4.598571428571427e-05	0.00015328571428571426	31.220106601715088	174006.06002664566
5928	1383.257780400286	1013.95	97.244140625	0.08203639	4.5942857142857134e-05	0.00015314285714285714	30.527676582336426	174036.60286712646
5929	1369.2663189820978	1002.43	97.001953125	0.082036175	4.5900000000000004e-05	0.00015300000000000003	30.387595891952515	174067.00677776337
5930	1349.4670841434822	997.08	97.00830078125	0.08203607	4.5857142857142834e-05	0.0001528571428571428	31.9272882938385	174098.94275689125
5931	1379.3369674734038	1020.09	97.517578125	0.08203597	4.5814285714285705e-05	0.0001527142857142857	30.380096912384033	174129.3240325451
5932	1341.6558968681056	988.25	97.275390625	0.08203571	4.577142857142857e-05	0.0001525714285714286	29.931568145751953	174159.25876784325
5933	1334.2848542068873	988.83	96.291015625	0.08203531	4.572857142857144e-05	0.00015242857142857148	30.126108169555664	174189.3867611885
5934	1340.7279686347028	996.72	96.540771484375	0.08203491	4.568571428571427e-05	0.00015228571428571426	30.303552865982056	174219.69892287254
5935	1356.1589336625384	1005.18	97.0498046875	0.08203447	4.564285714285713e-05	0.00015214285714285715	30.3186092376709	174250.0191001892
5936	1366.5796192643904	1008.21	97.1826171875	0.08203385	4.5600000000000004e-05	0.00015200000000000004	30.29560923576355	174280.33486294746
5937	1360.884768644754	1019.93	97.4404296875	0.082033195	4.5557142857142834e-05	0.00015185714285714282	30.06681799888611	174310.4027917385
5938	1376.0928743747174	1018.48	96.6982421875	0.082032144	4.5514285714285704e-05	0.0001517142857142857	31.01053786277771	174341.4147951603
5939	1359.5088884785123	1009.49	97.205810546875	0.08203184	4.547142857142857e-05	0.0001515714285714286	30.666931629180908	174372.08280849457
5940	1365.4011069596484	1008.32	97.2138671875	0.08203141	4.542857142857144e-05	0.00015142857142857148	30.488813400268555	174402.58410477638
5941	1330.7851957083685	983.02	97.2216796875	0.08203095	4.538571428571427e-05	0.00015128571428571426	29.67534327507019	174432.27481889725
5942	1342.4144258274118	986.26	97.9794921875	0.08203054	4.534285714285714e-05	0.00015114285714285715	30.046689987182617	174462.32272171974
5943	1358.1143123919471	1002.84	97.237060546875	0.082030065	4.53e-05	0.00015100000000000004	31.00384211540222	174493.33941340446
5944	1366.424794913965	1004.76	96.4951171875	0.082029685	4.525714285714287e-05	0.00015085714285714293	30.46364712715149	174523.8269226551
5945	1386.9020446056757	1024.0	97.7529296875	0.08202939	4.5214285714285704e-05	0.00015071428571428568	32.4713568687439	174556.31474280357
5946	1373.2552493851263	1006.76	97.0107421875	0.082029246	4.517142857142857e-05	0.00015057142857142857	32.77166247367859	174589.10304570198
5947	1340.4352123199337	987.49	97.2685546875	0.082029186	4.512857142857144e-05	0.00015042857142857146	32.2798330783844	174621.3845293522
5948	1350.7620238799554	1001.33	97.276123046875	0.08202926	4.508571428571427e-05	0.00015028571428571424	33.27154850959778	174654.67112398148
5949	1365.4784713323088	1006.02	97.5341796875	0.08202935	4.504285714285714e-05	0.00015014285714285713	31.303327560424805	174685.9827375412
5950	1346.951637434189	992.14	97.2919921875	0.08202946	4.5e-05	0.00015000000000000001	30.51906728744507	174716.51074266434
5951	1332.5923360294555	977.72	96.55078125	0.08202963	4.495714285714287e-05	0.0001498571428571429	30.823579788208008	174747.3430469036
5952	1374.7295020585996	1017.13	97.058349609375	0.08202977	4.4914285714285703e-05	0.00014971428571428568	30.299493074417114	174777.65473246574
5953	1351.8403252005944	999.6	97.31640625	0.08202988	4.487142857142857e-05	0.00014957142857142857	29.894774436950684	174807.5628478527
5954	1367.3978364252482	1006.91	97.32421875	0.082030065	4.482857142857144e-05	0.00014942857142857146	32.702868700027466	174840.2669956684
5955	1342.480655548013	987.33	97.08203125	0.082030214	4.478571428571427e-05	0.00014928571428571424	32.50824236869812	174872.7952466011
5956	1365.7776379288957	1005.04	97.58984375	0.0820304	4.474285714285714e-05	0.00014914285714285713	32.73684477806091	174905.53310489655
5957	1366.2692650925765	1005.0	97.5966796875	0.08203072	4.47e-05	0.00014900000000000002	32.859899282455444	174938.3948249817
5958	1355.312335859742	1000.27	97.605224609375	0.08203092	4.4657142857142866e-05	0.0001488571428571429	32.681922912597656	174971.07787036896
5959	1346.0168226922697	999.46	97.36181640625	0.08203119	4.46142857142857e-05	0.00014871428571428569	32.72476840019226	175003.81610178947
5960	1347.8683066966069	1002.37	97.12109375	0.08203136	4.457142857142857e-05	0.00014857142857142857	32.697426319122314	175036.5151052475
5961	1339.5580965316867	981.74	97.378173828125	0.08203142	4.452857142857144e-05	0.00014842857142857146	32.72722125053406	175069.25463032722
5962	1319.3816661921928	979.72	97.38623046875	0.08203145	4.448571428571427e-05	0.00014828571428571424	32.48332452774048	175101.74675297737
5963	1361.228511219407	1005.02	97.394287109375	0.08203143	4.444285714285714e-05	0.00014814285714285713	32.98287773132324	175134.73073673248
5964	1345.6456079266798	997.25	97.40234375	0.082031354	4.44e-05	0.00014800000000000002	32.77693843841553	175167.52013754845
5965	1366.9840361290844	1011.99	97.41015625	0.08203126	4.4357142857142866e-05	0.0001478571428571429	32.20409083366394	175199.73962283134
5966	1373.4852605967455	1016.38	97.167236328125	0.08203102	4.43142857142857e-05	0.0001477142857142857	32.75868320465088	175232.51404762268
5967	1334.2759655664809	986.15	97.425537109375	0.08203105	4.4271428571428566e-05	0.00014757142857142858	31.559575080871582	175264.0750453472
5968	1326.4435673799533	985.97	97.43408203125	0.08203112	4.422857142857144e-05	0.00014742857142857147	32.440704584121704	175296.5278697014
5969	1330.8887492983474	989.21	97.44140625	0.082031086	4.418571428571427e-05	0.00014728571428571425	32.20959734916687	175328.73873710632
5970	1370.180295121779	1010.49	97.19873046875	0.082031265	4.414285714285714e-05	0.00014714285714285713	32.53760552406311	175361.27736759186
5971	1346.370384943757	993.02	97.455078125	0.08203143	4.41e-05	0.00014700000000000002	33.136170864105225	175394.41507649422
5972	1365.6985289035101	1008.39	97.46337890625	0.08203151	4.405714285714287e-05	0.0001468571428571429	32.47176384925842	175426.89906811714
5973	1364.5265420899316	1006.76	97.472412109375	0.082031436	4.40142857142857e-05	0.0001467142857142857	30.13947105407715	175457.0509109497
5974	1347.0168775807151	995.24	97.479736328125	0.08203118	4.3971428571428566e-05	0.00014657142857142858	29.56379246711731	175486.63129591942
5975	1324.3744798420862	980.52	97.48828125	0.082030825	4.3928571428571436e-05	0.00014642857142857147	30.865490436553955	175517.50885748863
5976	1385.6053608919644	1020.62	97.004638671875	0.08203045	4.3885714285714266e-05	0.00014628571428571425	29.927210569381714	175547.45883655548
5977	1358.3706318019292	1008.82	97.5048828125	0.082030155	4.384285714285714e-05	0.00014614285714285714	31.733845472335815	175579.19464707375
5978	1338.9653868936468	988.97	97.5126953125	0.08202977	4.38e-05	0.00014600000000000003	30.142661333084106	175609.3387567997
5979	1347.1608217167645	996.23	97.5205078125	0.08202941	4.375714285714287e-05	0.00014585714285714291	30.255483627319336	175639.60287380219
5980	1373.267368715671	1022.21	96.785888671875	0.08202858	4.37142857142857e-05	0.0001457142857142857	31.477907180786133	175671.0827510357
5981	1361.8454185000687	1010.8	97.5361328125	0.082028285	4.3671428571428565e-05	0.00014557142857142858	32.58726453781128	175703.6711165905
5982	1396.1183908657424	1024.0	97.5439453125	0.08202787	4.3628571428571436e-05	0.00014542857142857147	30.615713357925415	175734.29908061028
5983	1341.955629807897	989.51	97.5517578125	0.082027435	4.3585714285714266e-05	0.00014528571428571425	31.819581270217896	175766.12309479713
5984	1353.6391814796466	990.4	97.559326171875	0.08202689	4.3542857142857136e-05	0.00014514285714285714	30.435328245162964	175796.57472848892
5985	1357.633383368384	997.21	97.818359375	0.08202648	4.35e-05	0.00014500000000000003	30.27146029472351	175826.85512185097
5986	1353.425489761423	1000.41	97.576171875	0.082026206	4.345714285714287e-05	0.00014485714285714292	30.554402589797974	175857.41074180603
5987	1364.0219652318074	1012.23	97.583984375	0.08202597	4.34142857142857e-05	0.0001447142857142857	32.363675594329834	175889.79114580154
5988	1325.9672204301025	982.74	97.841796875	0.08202587	4.337142857142857e-05	0.00014457142857142859	30.5585298538208	175920.3513660431
5989	1362.0601089569996	1012.35	96.857177734375	0.08202566	4.3328571428571435e-05	0.00014442857142857147	30.603318452835083	175950.96674871445
5990	1355.3516692315297	998.37	97.6064453125	0.082025476	4.3285714285714265e-05	0.00014428571428571425	30.102641344070435	175981.0778040886
5991	1344.2238966505313	999.33	97.615234375	0.08202539	4.3242857142857136e-05	0.00014414285714285714	31.8102445602417	176012.89076519012
5992	1344.2959638581485	992.23	97.623046875	0.08202523	4.32e-05	0.00014400000000000003	29.790077447891235	176042.69362330437
5993	1364.6314110978324	1015.01	97.630615234375	0.08202503	4.315714285714287e-05	0.00014385714285714292	30.105961561203003	176072.80947852135
5994	1368.0877640041422	1011.85	97.638671875	0.082024835	4.31142857142857e-05	0.0001437142857142857	30.82384705543518	176103.6513273716
5995	1345.0409612704823	1003.64	97.646484375	0.082024656	4.307142857142857e-05	0.0001435714285714286	30.201996326446533	176133.85473155975
5996	1379.4198859207736	1020.08	97.904296875	0.08202451	4.3028571428571435e-05	0.00014342857142857148	30.15154004096985	176164.01875400543
5997	1359.0083733510776	995.92	97.412109375	0.08202449	4.2985714285714265e-05	0.00014328571428571423	30.799288034439087	176194.81908750534
5998	1357.8609643944533	1004.15	97.669677734375	0.08202446	4.2942857142857135e-05	0.00014314285714285712	30.772189617156982	176225.59967827797
5999	1349.7780082233523	1001.32	97.677734375	0.08202376	4.29e-05	0.000143	32.35934257507324	176257.97803258896
6000	1326.705330747857	985.32	97.810546875	0.082023405	4.285714285714287e-05	0.0001428571428571429	31.869468688964844	176289.85713672638
6001	1377.4430765124066	1014.61	97.3193359375	0.08202303	4.28142857142857e-05	0.00014271428571428568	30.6553897857666	176320.52674603462
6002	1378.7680689281988	1010.35	97.576904296875	0.08202261	4.277142857142857e-05	0.00014257142857142856	32.18243217468262	176352.71075344086
6003	1358.0139575116025	1006.75	97.8349609375	0.08202227	4.2728571428571434e-05	0.00014242857142857145	32.73530387878418	176385.4547970295
6004	1366.7783063453485	1010.37	98.0927734375	0.08202199	4.2685714285714264e-05	0.00014228571428571423	32.77956485748291	176418.25106096268
6005	1360.0847395192143	1008.46	97.6005859375	0.08202163	4.2642857142857135e-05	0.00014214285714285712	32.46370244026184	176450.72342801094
6006	1368.267404066641	1014.59	97.8583984375	0.08202146	4.26e-05	0.000142	29.527270317077637	176480.2667722702
6007	1336.2403464114418	991.36	97.86474609375	0.082021125	4.255714285714287e-05	0.0001418571428571429	30.947296142578125	176511.2307457924
6008	1335.8666170636518	991.64	97.8740234375	0.08202083	4.25142857142857e-05	0.00014171428571428568	30.195830583572388	176541.42770934105
6009	1320.2989934786563	986.82	97.88037109375	0.08202052	4.247142857142857e-05	0.00014157142857142857	30.390550136566162	176571.82023596764
6010	1341.2884156539708	985.21	97.88916015625	0.08202011	4.2428571428571434e-05	0.00014142857142857145	30.259286642074585	176602.09475541115
6011	1338.0653559800353	989.06	97.897705078125	0.08201971	4.238571428571427e-05	0.00014128571428571424	30.255518436431885	176632.3667433262
6012	1314.5801448589896	974.87	97.90478515625	0.08201956	4.2342857142857134e-05	0.00014114285714285712	31.747081518173218	176664.11505246162
6013	1356.240390733138	1012.57	97.662841796875	0.082019515	4.23e-05	0.000141	29.750077962875366	176693.86677479744
6014	1376.4988384988883	1020.08	97.9208984375	0.082019515	4.225714285714287e-05	0.0001408571428571429	29.874833345413208	176723.74283146858
6015	1385.5618091658125	1016.25	97.4287109375	0.08201971	4.22142857142857e-05	0.00014071428571428568	32.40738248825073	176756.1667470932
6016	1365.5056847288786	1004.58	97.93603515625	0.08201988	4.217142857142857e-05	0.00014057142857142857	32.22129678726196	176788.3896677494
6017	1377.5302611389839	1014.56	97.4453125	0.08201998	4.212857142857143e-05	0.00014042857142857146	31.279581546783447	176819.68678164482
6018	1370.5530589463067	1011.17	97.953125	0.08202006	4.208571428571427e-05	0.00014028571428571424	29.955204010009766	176849.64302301407
6019	1386.0303461521626	1018.43	97.9609375	0.08202019	4.2042857142857134e-05	0.00014014285714285713	28.986358642578125	176878.63099050522
6020	1332.9913823466363	987.89	97.96875	0.082020335	4.2e-05	0.00014000000000000001	29.60521173477173	176908.24873232841
6021	1324.0598920521197	974.33	97.976318359375	0.082020536	4.195714285714287e-05	0.0001398571428571429	30.52914333343506	176938.7790248394
6022	1368.784577616806	1014.28	97.984375	0.08202069	4.19142857142857e-05	0.00013971428571428568	30.203386068344116	176968.9947605133
6023	1356.3084420433586	996.58	97.9921875	0.082020715	4.187142857142857e-05	0.00013957142857142857	30.16099214553833	176999.15735316277
6024	1358.1349474335782	1002.63	98.0	0.08202078	4.182857142857143e-05	0.00013942857142857146	29.891942977905273	177029.05945420265
6025	1354.4302194279878	1005.43	98.007568359375	0.082021005	4.178571428571427e-05	0.00013928571428571424	30.402634859085083	177059.478931427
6026	1330.4871465264064	985.47	97.7646484375	0.08202121	4.174285714285713e-05	0.00013914285714285713	27.69693922996521	177087.19228744507
6027	1352.6651328745168	1006.24	98.0234375	0.082021214	4.17e-05	0.00013900000000000002	29.77103281021118	177116.97871518135
6028	1337.1957400516205	981.52	98.03125	0.08202139	4.165714285714287e-05	0.0001388571428571429	29.859863996505737	177146.85518813133
6029	1337.9698478394355	984.87	98.0390625	0.082021445	4.16142857142857e-05	0.00013871428571428569	28.354336738586426	177175.21102070808
6030	1354.8515244316718	1001.68	97.796630859375	0.08202135	4.157142857142857e-05	0.00013857142857142857	28.57855200767517	177203.7906537056
6031	1288.9936381968903	950.23	98.0546875	0.082021184	4.152857142857143e-05	0.00013842857142857146	26.92253828048706	177230.7267727852
6032	1338.3173756692306	989.36	98.0625	0.082021005	4.148571428571427e-05	0.00013828571428571424	27.15070939064026	177257.89413309097
6033	1350.6870631231068	1003.02	98.0712890625	0.0820209	4.144285714285713e-05	0.00013814285714285713	26.7543728351593	177284.66684889793
6034	1368.1660399466095	1010.38	97.828857421875	0.08202087	4.14e-05	0.00013800000000000002	28.58693289756775	177313.27891778946
6035	1347.021359908045	993.75	97.5869140625	0.08202067	4.135714285714287e-05	0.0001378571428571429	28.268361806869507	177341.55910182
6036	1362.7828698789378	1004.12	98.3447265625	0.08202051	4.13142857142857e-05	0.0001377142857142857	26.67155909538269	177368.25074863434
6037	1337.8226845250472	995.78	98.6025390625	0.08202037	4.127142857142857e-05	0.00013757142857142858	27.594713926315308	177395.84699320793
6038	1380.5820372543562	1019.64	98.1103515625	0.082020365	4.122857142857143e-05	0.00013742857142857147	27.686575412750244	177423.5499973297
6039	1320.151416133351	982.25	98.117919921875	0.08202044	4.118571428571427e-05	0.00013728571428571425	28.07343029975891	177451.63691306114
6040	1363.0412542653048	1016.3	97.1337890625	0.08202049	4.114285714285713e-05	0.00013714285714285713	27.252704858779907	177478.89073204994
6041	1348.8030811394294	997.95	98.1337890625	0.08202058	4.11e-05	0.00013700000000000002	28.50716805458069	177507.41798734665
6042	1333.168196856413	984.28	98.1416015625	0.08202078	4.105714285714287e-05	0.0001368571428571429	26.58315920829773	177534.018409729
6043	1330.1101619702513	982.59	98.149169921875	0.0820208	4.10142857142857e-05	0.0001367142857142857	27.615261793136597	177561.64674329758
6044	1381.6427367882147	1016.41	97.9072265625	0.082020745	4.097142857142857e-05	0.00013657142857142858	27.351237297058105	177589.01074576378
6045	1339.9301215687963	993.32	98.4150390625	0.08202057	4.092857142857143e-05	0.00013642857142857147	28.923457860946655	177617.94673228264
6046	1352.8770126313598	1000.05	97.4306640625	0.082019776	4.088571428571427e-05	0.00013628571428571422	29.67531657218933	177647.63074207306
6047	1353.590962455978	1002.37	97.9306640625	0.08201935	4.084285714285713e-05	0.0001361428571428571	29.5703284740448	177677.20275235176
6048	1383.1286991772376	1018.02	97.446044921875	0.08201903	4.08e-05	0.00013600000000000003	29.04376244544983	177706.25916957855
6049	1355.091682598235	1006.27	98.1962890625	0.082018815	4.0757142857142866e-05	0.00013585714285714291	27.74672770500183	177734.07473897934
6050	1331.0742124723295	988.74	98.205078125	0.08201854	4.0714285714285696e-05	0.00013571428571428567	29.09091281890869	177763.16674804688
6051	1336.8405337913102	990.35	98.212890625	0.08201822	4.067142857142857e-05	0.00013557142857142856	29.805498600006104	177792.97325754166
6052	1368.015768835088	1015.61	98.220458984375	0.08201801	4.062857142857143e-05	0.00013542857142857144	30.12834405899048	177823.10275149345
6053	1330.7048349766671	992.74	98.228515625	0.08201789	4.058571428571427e-05	0.00013528571428571422	29.780709981918335	177852.88503837585
6054	1365.4910485870353	1007.71	98.236328125	0.082017645	4.054285714285713e-05	0.0001351428571428571	30.150121212005615	177883.03880143166
6055	1347.67871575359	999.21	98.243896484375	0.08201743	4.05e-05	0.000135	30.366285800933838	177913.40690684319
6056	1341.3097468114524	998.66	98.251708984375	0.08201715	4.0457142857142866e-05	0.0001348571428571429	29.974436044692993	177943.38274383545
6057	1331.2754561348868	989.66	98.2587890625	0.082017094	4.0414285714285696e-05	0.00013471428571428567	31.26443576812744	177974.66027903557
6058	1349.9063694493616	1007.04	98.267578125	0.08201712	4.0371428571428566e-05	0.00013457142857142856	30.14357352256775	178004.81475543976
6059	1355.9798772048587	1004.68	98.275390625	0.08201693	4.032857142857143e-05	0.00013442857142857145	30.12242078781128	178034.93873357773
6060	1370.9110846714643	1007.81	98.283203125	0.08201667	4.028571428571427e-05	0.00013428571428571423	29.879419326782227	178064.83073616028
6061	1354.3710643149086	1002.76	97.548583984375	0.0820162	4.024285714285713e-05	0.00013414285714285712	29.4027681350708	178094.23475050926
6062	1358.411801292522	1004.29	98.548828125	0.082015194	4.02e-05	0.000134	30.66686511039734	178124.90319395065
6063	1328.0284934221047	989.97	98.306640625	0.08201479	4.0157142857142865e-05	0.0001338571428571429	30.492784023284912	178155.40820217133
6064	1357.5359471727531	1010.58	98.439453125	0.08201445	4.01142857142857e-05	0.00013371428571428567	29.799630641937256	178185.2190527916
6065	1332.7405146511915	992.9	97.9423828125	0.08201418	4.0071428571428566e-05	0.00013357142857142856	29.85541272163391	178215.08679056168
6066	1372.1877679594982	1012.71	98.45556640625	0.08201395	4.002857142857143e-05	0.00013342857142857145	30.92672300338745	178246.01475167274
6067	1348.039874042636	999.87	98.462890625	0.08201374	3.99857142857143e-05	0.00013328571428571434	30.04384183883667	178276.07129645348
6068	1323.9745336380722	988.92	98.4716796875	0.082013644	3.994285714285713e-05	0.00013314285714285712	29.90352773666382	178305.98728847504
6069	1353.874668879165	1004.0	98.478515625	0.082013525	3.99e-05	0.000133	30.12611699104309	178336.1147210598
6070	1358.860131340809	1016.21	98.487548828125	0.08201334	3.9857142857142865e-05	0.0001328571428571429	27.928534507751465	178364.06774950027
6071	1332.4837494922278	990.94	98.744140625	0.082013205	3.98142857142857e-05	0.00013271428571428568	30.626803874969482	178394.69597673416
6072	1340.9069162988892	1006.29	98.501220703125	0.082013	3.9771428571428565e-05	0.00013257142857142856	29.666711568832397	178424.37785172462
6073	1331.3902536019025	991.19	98.51025390625	0.08201285	3.972857142857143e-05	0.00013242857142857145	29.72541093826294	178454.11681556702
6074	1314.0323230383503	978.01	98.518310546875	0.082012855	3.96857142857143e-05	0.00013228571428571434	29.688104391098022	178483.81950497627
6075	1320.5834569923597	980.27	98.526123046875	0.08201286	3.964285714285713e-05	0.00013214285714285712	29.913723945617676	178513.73447179794
6076	1297.6643271932692	972.33	98.533935546875	0.082012996	3.96e-05	0.000132	30.15118408203125	178543.9019112587
6077	1334.6610629823847	998.05	98.5419921875	0.08201313	3.9557142857142864e-05	0.0001318571428571429	29.323601961135864	178573.22674560547
6078	1372.3064564118058	1014.25	98.2998046875	0.0820133	3.95142857142857e-05	0.00013171428571428568	28.02651882171631	178601.25478553772
6079	1322.6923809443022	979.6	98.5576171875	0.08201321	3.9471428571428565e-05	0.00013157142857142857	27.72713851928711	178628.9949953556
6080	1309.8594581834604	975.11	98.565185546875	0.08201319	3.942857142857143e-05	0.00013142857142857146	28.41155219078064	178657.426735878
6081	1356.270879335792	1007.42	98.5732421875	0.08201314	3.93857142857143e-05	0.00013128571428571434	27.007333517074585	178684.44276571274
6082	1335.370400485005	993.31	98.3310546875	0.08201294	3.934285714285713e-05	0.00013114285714285712	27.59941053390503	178712.05074214935
6083	1356.6600947892907	1005.79	98.58984375	0.08201255	3.93e-05	0.000131	26.88902497291565	178738.94084763527
6084	1316.9942266459784	980.74	98.597412109375	0.0820121	3.9257142857142864e-05	0.0001308571428571429	29.516905069351196	178768.45873761177
6085	1369.8231293711196	1003.91	98.60546875	0.082011655	3.92142857142857e-05	0.00013071428571428568	29.878533601760864	178798.34626579285
6086	1380.5225764949223	1018.58	98.60791015625	0.082011014	3.9171428571428564e-05	0.00013057142857142857	28.56001377105713	178826.92337799072
6087	1375.7001254261818	1018.14	98.61572265625	0.0820105	3.912857142857143e-05	0.00013042857142857146	27.622193098068237	178854.54697203636
6088	1322.911878121424	991.95	98.62353515625	0.08201004	3.90857142857143e-05	0.00013028571428571435	27.20734429359436	178881.77069807053
6089	1365.6143575036238	1014.88	97.881103515625	0.08200914	3.904285714285713e-05	0.00013014285714285713	29.500664234161377	178911.28804826736
6090	1364.7267497452597	1012.65	98.63916015625	0.08200877	3.9e-05	0.00013000000000000002	30.127132654190063	178941.43028712273
6091	1366.3330036978973	1020.28	98.64697265625	0.08200839	3.895714285714286e-05	0.0001298571428571429	29.688531160354614	178971.13991117477
6092	1309.9298795760683	976.98	98.653564453125	0.08200792	3.89142857142857e-05	0.00012971428571428568	28.92245101928711	179000.0780622959
6093	1345.512480336122	996.62	98.910888671875	0.08200763	3.8871428571428564e-05	0.00012957142857142857	28.115934133529663	179028.20737218857
6094	1372.6632145550896	1015.61	98.6689453125	0.08200734	3.8828571428571434e-05	0.00012942857142857146	27.69002389907837	179055.89907312393
6095	1379.2558380645	1018.56	98.669189453125	0.08200704	3.87857142857143e-05	0.00012928571428571435	28.42760920524597	179084.34680581093
6096	1349.886427179366	1005.09	98.427001953125	0.08200679	3.874285714285713e-05	0.00012914285714285713	28.246862173080444	179112.5947420597
6097	1336.6477026795337	1003.48	98.684814453125	0.082006484	3.87e-05	0.00012900000000000002	27.998467445373535	179140.59501051903
6098	1289.5816904006317	960.92	98.6884765625	0.0820063	3.865714285714286e-05	0.0001288571428571429	27.77006506919861	179168.36652326584
6099	1358.770340491817	1005.62	98.44677734375	0.082005806	3.86142857142857e-05	0.00012871428571428566	29.998422861099243	179198.37380337715
6100	1357.1239576008168	1016.1	98.69140625	0.082005605	3.857142857142856e-05	0.00012857142857142855	28.167662620544434	179226.55506515503
6101	1359.0916786561397	1010.44	98.69921875	0.08200534	3.8528571428571434e-05	0.00012842857142857144	28.215945720672607	179254.78334116936
6102	1364.9482637762912	1016.04	99.456787109375	0.08200508	3.84857142857143e-05	0.00012828571428571433	28.692145586013794	179283.49133992195
6103	1329.7992204170193	994.05	98.71435546875	0.08200478	3.844285714285713e-05	0.0001281428571428571	27.55095887184143	179311.05812001228
6104	1371.2734885709165	1016.61	98.47216796875	0.082004435	3.84e-05	0.000128	27.772784948349	179338.83192157745
6105	1336.6458479045334	996.37	98.716796875	0.08200415	3.835714285714286e-05	0.00012785714285714288	27.84926462173462	179366.70047330856
6106	1362.4523201387283	1004.31	98.71923828125	0.08200415	3.83142857142857e-05	0.00012771428571428566	27.79133701324463	179394.50277376175
6107	1336.1224762376617	993.65	98.7275390625	0.08200418	3.827142857142856e-05	0.00012757142857142855	29.794004201889038	179424.29875421524
6108	1372.1437290735973	1020.41	98.73583984375	0.08200414	3.822857142857143e-05	0.00012742857142857144	27.606847524642944	179451.90713834763
6109	1371.1572589300472	1018.66	98.74365234375	0.08200405	3.81857142857143e-05	0.00012728571428571433	27.254964590072632	179479.16357803345
6110	1365.2575370162394	1016.43	98.750732421875	0.08200317	3.8142857142857134e-05	0.0001271428571428571	30.42674231529236	179509.59171247482
6111	1344.262729511073	1003.09	99.0087890625	0.08200261	3.81e-05	0.000127	27.16738748550415	179536.77474284172
6112	1381.6029889158685	1024.0	98.7666015625	0.08200215	3.805714285714286e-05	0.00012685714285714289	31.50981044769287	179568.29076623917
6113	1348.476830287525	1000.57	98.77490234375	0.08200171	3.80142857142857e-05	0.00012671428571428567	28.419387102127075	179596.71872591972
6114	1353.3325720295634	999.35	98.53271484375	0.082001306	3.797142857142856e-05	0.00012657142857142855	26.920159578323364	179623.64756584167
6115	1362.1581320864768	1005.41	98.79052734375	0.08200085	3.792857142857143e-05	0.00012642857142857144	27.61940884590149	179651.2827501297
6116	1367.0230548725965	1009.26	98.777099609375	0.08200052	3.78857142857143e-05	0.00012628571428571433	28.645732879638672	179679.92979311943
6117	1350.693205646209	1006.52	98.53515625	0.082000084	3.784285714285713e-05	0.0001261428571428571	28.527979612350464	179708.47916913033
6118	1368.64806935833	1010.86	98.79150390625	0.081999734	3.78e-05	0.000126	27.40987515449524	179735.89074969292
6119	1356.7817842422944	1005.25	98.80029296875	0.08199944	3.775714285714286e-05	0.0001258571428571429	29.400819540023804	179765.29668688774
6120	1320.961829650929	984.63	98.806640625	0.081999175	3.77142857142857e-05	0.00012571428571428567	28.31916117668152	179793.63055872917
6121	1322.1655812327022	973.01	98.564208984375	0.0819988	3.767142857142856e-05	0.00012557142857142856	29.27452063560486	179822.90672826767
6122	1342.5563975425757	1000.63	98.820556640625	0.08199859	3.762857142857143e-05	0.00012542857142857145	26.822381734848022	179849.73801994324
6123	1389.9927724842676	1024.0	98.826904296875	0.08199845	3.7585714285714296e-05	0.00012528571428571433	28.855211973190308	179878.6107389927
6124	1357.4760329120431	1005.56	98.333740234375	0.08199791	3.754285714285713e-05	0.00012514285714285711	28.679032564163208	179907.29211187363
6125	1367.118034456414	1010.79	97.84912109375	0.081997305	3.75e-05	0.000125	27.64879298210144	179934.94280219078
6126	1356.7721587830792	1003.11	99.099365234375	0.08199688	3.745714285714286e-05	0.0001248571428571429	26.435798406600952	179961.39131093025
6127	1353.253138959405	1004.5	98.857177734375	0.08199627	3.74142857142857e-05	0.00012471428571428567	27.59144353866577	179989.0027449131
6128	1370.8714153564404	1015.13	98.958251953125	0.081995785	3.737142857142856e-05	0.00012457142857142856	28.23236608505249	180017.24781155586
6129	1368.8514542245202	1016.91	98.714111328125	0.08199531	3.732857142857143e-05	0.00012442857142857145	28.947469472885132	180046.21075034142
6130	1338.9100065283146	990.6	98.723388671875	0.08199489	3.7285714285714296e-05	0.00012428571428571434	27.882601261138916	180074.0947239399
6131	1337.6568144397434	998.58	98.981201171875	0.081994556	3.724285714285713e-05	0.00012414285714285712	28.008071422576904	180102.10434556007
6132	1325.8458987015686	984.07	98.97998046875	0.08199434	3.7199999999999996e-05	0.000124	27.245596170425415	180129.35142064095
6133	1372.425277858043	1018.14	98.48876953125	0.081993975	3.715714285714286e-05	0.0001238571428571429	27.275162935256958	180156.63870167732
6134	1357.4134002840262	1004.27	98.986328125	0.08199381	3.71142857142857e-05	0.00012371428571428567	28.819666862487793	180185.47511672974
6135	1325.1980786770678	984.35	98.994384765625	0.08199375	3.707142857142856e-05	0.00012357142857142856	29.036853075027466	180214.51345419884
6136	1359.1687562895033	1008.35	99.000244140625	0.08199361	3.702857142857143e-05	0.00012342857142857145	27.671550035476685	180242.20273685455
6137	1344.773039511979	998.37	99.009521484375	0.08199348	3.6985714285714295e-05	0.00012328571428571434	28.31868553161621	180270.52294397354
6138	1359.8191794775496	1006.66	99.017333984375	0.081993125	3.694285714285713e-05	0.00012314285714285712	30.4317409992218	180300.96700549126
6139	1377.1273805202206	1020.6	99.0244140625	0.08199274	3.6899999999999996e-05	0.000123	30.938780069351196	180331.90706300735
6140	1385.5329054324493	1024.0	98.782958984375	0.081992425	3.685714285714286e-05	0.0001228571428571429	29.089411973953247	180361.020673275
6141	1356.207245487207	1000.34	99.0390625	0.08199224	3.6814285714285696e-05	0.00012271428571428568	29.271134853363037	180390.30671334267
6142	1337.3605791278824	988.71	99.04833984375	0.081992075	3.677142857142856e-05	0.00012257142857142857	30.055760145187378	180420.37905550003
6143	1374.1387664858325	1010.34	99.055908203125	0.08199198	3.672857142857143e-05	0.00012242857142857145	30.349714517593384	180450.7307291031
6144	1352.817021582966	997.28	99.0380859375	0.081992075	3.6685714285714295e-05	0.00012228571428571434	29.443153142929077	180480.18662190437
6145	1332.2844330189953	989.07	99.296142578125	0.08199208	3.664285714285713e-05	0.00012214285714285712	29.816851377487183	180510.01624536514
6146	1369.0188625165438	1008.21	98.55419921875	0.08199155	3.6599999999999995e-05	0.000122	30.129985094070435	180540.16152620316
6147	1376.6783489350657	1010.82	99.0615234375	0.08199103	3.6557142857142866e-05	0.00012185714285714289	29.514981031417847	180569.67874503136
6148	1381.8727467488334	1018.35	98.820068359375	0.08199036	3.6514285714285696e-05	0.00012171428571428567	31.350815773010254	180601.0384144783
6149	1333.4644870712905	986.57	99.078125	0.081989765	3.647142857142856e-05	0.00012157142857142855	30.794796228408813	180631.83529615402
6150	1372.810045416636	1015.56	98.8359375	0.081989214	3.642857142857143e-05	0.00012142857142857144	26.45373773574829	180658.29099273682
6151	1381.865651382618	1015.32	99.09375	0.08198866	3.6385714285714294e-05	0.00012128571428571433	27.643157958984375	180685.94274187088
6152	1381.2765895615992	1024.0	99.101318359375	0.081988186	3.634285714285713e-05	0.00012114285714285711	29.1000657081604	180715.07075357437
6153	1356.5756366422322	1004.48	99.1083984375	0.08198771	3.6299999999999995e-05	0.000121	27.924043655395508	180743.0075919628
6154	1364.5777443533332	1015.12	99.1015625	0.081987254	3.6257142857142865e-05	0.00012085714285714289	28.307881593704224	180771.33109164238
6155	1368.7064693600923	1014.31	99.609375	0.08198614	3.6214285714285695e-05	0.00012071428571428567	27.70198965072632	180799.03498911858
6156	1385.5225714611317	1020.44	99.1171875	0.08198568	3.617142857142856e-05	0.00012057142857142856	26.84808659553528	180825.89978003502
6157	1369.7846464947006	1009.31	99.124267578125	0.08198527	3.612857142857143e-05	0.00012042857142857145	28.056463718414307	180853.95874619484
6158	1356.8500790273458	998.91	98.637451171875	0.08198476	3.6085714285714294e-05	0.00012028571428571433	29.639151096343994	180883.59903764725
6159	1355.8261745513435	997.88	99.1376953125	0.08198412	3.604285714285713e-05	0.00012014285714285711	27.869859218597412	180911.47074985504
6160	1374.997275963483	1016.0	99.1455078125	0.081983514	3.5999999999999994e-05	0.00012	30.306853771209717	180941.77908802032
6161	1358.8279166100046	992.75	99.1533203125	0.08198291	3.5957142857142865e-05	0.00011985714285714289	30.416738033294678	180972.19769501686
6162	1348.0691726504604	1002.73	99.160888671875	0.0819825	3.5914285714285695e-05	0.00011971428571428566	31.755733251571655	181003.96696305275
6163	1357.520892406245	1003.23	99.4189453125	0.0819821	3.5871428571428565e-05	0.00011957142857142855	30.501530647277832	181034.47054719925
6164	1341.0409703125083	986.67	99.1767578125	0.081981756	3.582857142857143e-05	0.00011942857142857145	30.93673062324524	181065.42012262344
6165	1394.5717189059255	1022.41	99.43310546875	0.081980675	3.578571428571429e-05	0.00011928571428571434	30.396034002304077	181095.8316028118
6166	1384.3790385940626	1016.62	99.191162109375	0.08198001	3.574285714285713e-05	0.0001191428571428571	30.956798315048218	181126.79080963135
6167	1379.5908284779468	1016.18	99.201171875	0.0819793	3.5699999999999994e-05	0.00011899999999999999	31.120222806930542	181157.9236228466
6168	1350.3989338511205	993.5	99.1513671875	0.081978664	3.5657142857142864e-05	0.00011885714285714288	29.981424570083618	181187.90703964233
6169	1340.0062978133037	987.51	99.1591796875	0.08197812	3.5614285714285694e-05	0.00011871428571428566	29.91039800643921	181217.81893610954
6170	1352.9134256629159	992.9	99.1669921875	0.0819775	3.5571428571428565e-05	0.00011857142857142855	29.79324722290039	181247.61481046677
6171	1362.21609248997	997.5	99.16796875	0.081976935	3.552857142857143e-05	0.00011842857142857144	30.327441930770874	181277.95881533623
6172	1359.9215802598037	1006.2	99.17626953125	0.08197626	3.548571428571429e-05	0.00011828571428571433	29.459250926971436	181307.42278313637
6173	1319.2952756087789	985.14	99.434326171875	0.0819756	3.544285714285713e-05	0.0001181428571428571	29.314236879348755	181336.73873400688
6174	1385.379603652905	1024.0	99.134765625	0.081975006	3.539999999999999e-05	0.000118	29.995620012283325	181366.7433450222
6175	1341.4940373551538	998.44	99.141845703125	0.08197412	3.5357142857142864e-05	0.00011785714285714288	30.346736669540405	181397.10283327103
6176	1370.9599326807886	1014.15	99.150146484375	0.08197384	3.5314285714285694e-05	0.00011771428571428566	30.168112993240356	181427.27206540108
6177	1344.6561754635936	999.37	99.116455078125	0.08197357	3.5271428571428564e-05	0.00011757142857142855	30.08151078224182	181457.35545659065
6178	1384.4342762438516	1020.36	99.125732421875	0.08197333	3.522857142857143e-05	0.00011742857142857144	29.857845067977905	181487.21475219727
6179	1374.5836908875074	1018.76	99.133544921875	0.08197301	3.518571428571429e-05	0.00011728571428571433	30.63119864463806	181517.8587589264
6180	1356.239496419125	996.79	99.39111328125	0.08197283	3.514285714285713e-05	0.00011714285714285711	30.51533579826355	181548.3752412796
6181	1341.312643038638	991.98	99.149169921875	0.08197265	3.509999999999999e-05	0.000117	30.103859424591064	181578.48090863228
6182	1377.0414963159856	1018.7	98.6572265625	0.08197176	3.505714285714286e-05	0.00011685714285714289	30.23552131652832	181608.73082756996
6183	1362.7559330366262	1005.71	99.416259765625	0.081971355	3.501428571428569e-05	0.00011671428571428567	30.105964422225952	181638.84955239296
6184	1377.073629252469	1004.18	99.42431640625	0.08197104	3.4971428571428564e-05	0.00011657142857142856	29.72426724433899	181668.5877737999
6185	1348.8717774491868	998.49	99.179931640625	0.08197075	3.492857142857143e-05	0.00011642857142857144	30.351278066635132	181698.9547407627
6186	1356.9055952164665	1007.98	99.084228515625	0.081970565	3.488571428571429e-05	0.00011628571428571433	29.4554762840271	181728.42304992676
6187	1350.9613584031217	1000.67	99.09228515625	0.08197043	3.484285714285713e-05	0.00011614285714285711	30.238327264785767	181758.67390990257
6188	1326.1230034451282	989.77	99.10009765625	0.08197027	3.479999999999999e-05	0.000116	30.52994728088379	181789.21742749214
6189	1360.018440524374	1010.29	99.107177734375	0.08197001	3.475714285714286e-05	0.00011585714285714289	31.011278867721558	181820.2427792549
6190	1349.4624292746248	1000.46	99.115234375	0.081969015	3.4714285714285727e-05	0.00011571428571428578	29.78239369392395	181850.02676200867
6191	1359.6342055233179	1010.85	99.12353515625	0.08196851	3.467142857142856e-05	0.00011557142857142854	30.144255876541138	181880.172590971
6192	1374.1422173360743	1013.96	99.0068359375	0.08196799	3.462857142857143e-05	0.00011542857142857143	30.779703378677368	181910.974919796
6193	1365.0510122803867	1012.83	98.5166015625	0.081967585	3.45857142857143e-05	0.00011528571428571432	29.57221484184265	181940.65091252327
6194	1359.1763633010228	1002.65	99.009521484375	0.08196722	3.454285714285713e-05	0.0001151428571428571	31.053637504577637	181971.72673916817
6195	1356.7896945329662	1004.77	99.019775390625	0.081966914	3.449999999999999e-05	0.00011499999999999999	29.696311473846436	182001.48348164558
6196	1355.6790637792933	1003.66	98.98974609375	0.08196653	3.445714285714286e-05	0.00011485714285714288	30.548473358154297	182032.04765081406
6197	1381.3051690598318	1024.0	98.99951171875	0.08196605	3.4414285714285726e-05	0.00011471428571428577	30.023008108139038	182062.07193994522
6198	1365.297902691676	1010.44	99.00927734375	0.081965566	3.437142857142856e-05	0.00011457142857142855	31.339033126831055	182093.41203451157
6199	1394.709209458545	1024.0	99.01953125	0.08196514	3.4328571428571427e-05	0.00011442857142857144	30.659666538238525	182124.08704662323
6200	1317.1269121769715	971.48	99.029296875	0.081964605	3.42857142857143e-05	0.00011428571428571432	31.524293899536133	182155.68373966217
6201	1344.2882161289547	993.43	98.78955078125	0.08196411	3.424285714285713e-05	0.0001141428571428571	30.90330719947815	182186.59877443314
6202	1388.6835912966144	1022.68	99.287109375	0.081962965	3.419999999999999e-05	0.00011399999999999999	30.213802814483643	182216.82527685165
6203	1369.0792313957081	1006.97	99.04638671875	0.08196256	3.415714285714286e-05	0.00011385714285714288	31.783361196517944	182248.62684559822
6204	1352.977981353944	995.86	99.2822265625	0.08196213	3.4114285714285726e-05	0.00011371428571428577	29.946996688842773	182278.59074783325
6205	1381.537704424968	1014.26	99.042236328125	0.08196186	3.407142857142856e-05	0.00011357142857142855	29.750579357147217	182308.35782265663
6206	1354.6855718278193	1004.97	99.052001953125	0.08196154	3.4028571428571426e-05	0.00011342857142857144	28.576054334640503	182336.95074415207
6207	1368.0865340751104	1007.7	99.061279296875	0.08196122	3.39857142857143e-05	0.00011328571428571433	28.831767797470093	182365.78407359123
6208	1357.9588879769262	1004.99	99.068603515625	0.08196089	3.394285714285713e-05	0.00011314285714285711	27.859268188476562	182393.65876340866
6209	1366.9716049735016	1006.75	99.08056640625	0.08196058	3.389999999999999e-05	0.000113	27.818196296691895	182421.4788043499
6210	1389.9122024009166	1024.0	99.09033203125	0.0819603	3.385714285714286e-05	0.00011285714285714288	28.145076751708984	182449.63629841805
6211	1333.2951443130482	994.92	99.10009765625	0.081959926	3.3814285714285725e-05	0.00011271428571428577	26.828837394714355	182476.47999691963
6212	1365.364324101522	1010.55	99.109375	0.08195951	3.377142857142856e-05	0.00011257142857142855	28.229143142700195	182504.72029948235
6213	1365.3087910734362	1013.12	99.11328125	0.08195936	3.3728571428571426e-05	0.00011242857142857144	28.637394905090332	182533.3728966713
6214	1360.703976071765	1002.31	99.122802734375	0.081959166	3.3685714285714296e-05	0.00011228571428571433	28.03560757637024	182561.42274856567
6215	1389.602906885338	1024.0	99.133544921875	0.08195895	3.3642857142857126e-05	0.0001121428571428571	26.867114305496216	182588.29079556465
6216	1372.4501032479861	1012.04	99.143310546875	0.08195891	3.36e-05	0.00011199999999999998	27.290501356124878	182615.5829217434
6217	1353.5485828187486	1002.43	98.902587890625	0.0819589	3.355714285714286e-05	0.00011185714285714287	29.150413036346436	182644.73473453522
6218	1350.1269611315465	1000.19	99.162841796875	0.0819589	3.3514285714285724e-05	0.00011171428571428576	27.770418882369995	182672.50705432892
6219	1370.373380910542	1018.51	99.172607421875	0.08195893	3.347142857142856e-05	0.00011157142857142854	28.17533040046692	182700.6947453022
6220	1362.2170830494547	1011.97	99.182373046875	0.08195889	3.3428571428571425e-05	0.00011142857142857143	28.70249319076538	182729.39873290062
6221	1341.4118462721337	982.1	98.94189453125	0.08195884	3.3385714285714296e-05	0.00011128571428571432	30.151583194732666	182759.56275081635
6222	1380.3085114180615	1020.53	99.201904296875	0.08195892	3.3342857142857126e-05	0.0001111428571428571	29.76762056350708	182789.35077166557
6223	1363.4866642256168	1004.88	98.7197265625	0.0819589	3.3299999999999996e-05	0.00011099999999999999	29.519439935684204	182818.87130117416
6224	1352.6788223527253	999.9	99.2216796875	0.0819589	3.325714285714286e-05	0.00011085714285714288	27.153872966766357	182846.02672839165
6225	1361.3314075640499	1003.72	99.2314453125	0.08195899	3.3214285714285724e-05	0.00011071428571428576	27.582944631576538	182873.61106348038
6226	1354.735016781665	1004.9	98.99072265625	0.081959166	3.317142857142856e-05	0.00011057142857142854	28.962239980697632	182902.5747961998
6227	1364.3800564115998	1008.34	98.985107421875	0.08195976	3.3128571428571425e-05	0.00011042857142857143	29.7228844165802	182932.29920077324
6228	1371.3123177590958	1010.35	99.2373046875	0.08195994	3.3085714285714295e-05	0.00011028571428571432	27.6554958820343	182960.04275536537
6229	1383.2943745584355	1016.52	99.2470703125	0.081960164	3.3042857142857125e-05	0.0001101428571428571	27.597727298736572	182987.6419365406
6230	1360.3090710092458	1004.56	99.238037109375	0.08196042	3.2999999999999996e-05	0.00010999999999999999	28.421499967575073	183016.07666516304
6231	1312.2387179757188	970.72	99.006103515625	0.081960626	3.295714285714286e-05	0.00010985714285714288	28.439398288726807	183044.5267677307
6232	1365.0541864751026	1004.08	99.37939453125	0.081960745	3.2914285714285723e-05	0.00010971428571428577	27.855541944503784	183072.39879727364
6233	1383.6163204862873	1018.35	99.126708984375	0.08196085	3.287142857142856e-05	0.00010957142857142855	27.207265853881836	183099.60706877708
6234	1359.6083920658855	1004.74	99.386962890625	0.08196095	3.2828571428571424e-05	0.00010942857142857144	26.89767861366272	183126.50615811348
6235	1345.3382055484274	989.27	99.14599609375	0.081961125	3.2785714285714295e-05	0.00010928571428571432	28.955118417739868	183155.4627635479
6236	1350.6348349376203	1000.77	98.65625	0.081961654	3.2742857142857125e-05	0.0001091428571428571	28.739407777786255	183184.21482253075
6237	1356.9409146834703	1005.16	98.916015625	0.081961796	3.2699999999999995e-05	0.00010899999999999999	29.832093238830566	183214.0667746067
6238	1349.497099049347	995.52	99.17578125	0.081961915	3.265714285714286e-05	0.00010885714285714288	29.591180324554443	183243.65892839432
6239	1357.736137429375	1010.97	99.434814453125	0.081961855	3.261428571428572e-05	0.00010871428571428577	31.215421438217163	183274.8907752037
6240	1381.3703113773113	1018.84	99.4443359375	0.081961714	3.257142857142856e-05	0.00010857142857142854	28.959617853164673	183303.85907053947
6241	1366.96336016574	1008.74	98.955078125	0.08196172	3.2528571428571424e-05	0.00010842857142857143	28.871622323989868	183332.74697303772
6242	1399.795233450747	1023.36	99.20751953125	0.0819617	3.2485714285714294e-05	0.00010828571428571433	29.47928547859192	183362.23876476288
6243	1389.9949661970452	1022.14	99.217041015625	0.081961766	3.2442857142857124e-05	0.0001081428571428571	28.163472652435303	183390.50988817215
6244	1360.5413785530393	1007.16	97.984130859375	0.08196183	3.2399999999999995e-05	0.00010799999999999998	28.98337483406067	183419.4987475872
6245	1364.9508935163715	1003.82	99.23681640625	0.08196182	3.235714285714286e-05	0.00010785714285714287	27.860223293304443	183447.37160038948
6246	1357.76346895135	1000.19	99.246337890625	0.081961736	3.231428571428573e-05	0.00010771428571428576	27.38758945465088	183474.77476358414
6247	1371.3833585438856	1011.16	99.256103515625	0.0819617	3.227142857142856e-05	0.00010757142857142854	28.04285740852356	183502.81870555878
6248	1373.4189306164806	1016.79	99.2509765625	0.08196183	3.222857142857142e-05	0.00010742857142857143	29.5434410572052	183532.370762825
6249	1380.2824897364326	1010.43	99.76123046875	0.08196193	3.2185714285714294e-05	0.00010728571428571432	31.586494207382202	183563.95879149437
6250	1391.0989632863116	1020.17	99.26904296875	0.08196204	3.2142857142857124e-05	0.0001071428571428571	30.134735107421875	183594.16993498802
6251	1366.254873804772	1008.63	99.278564453125	0.081962116	3.2099999999999994e-05	0.00010699999999999999	28.26347541809082	183622.44681668282
6252	1355.8411462764334	998.76	99.2861328125	0.081962116	3.205714285714286e-05	0.00010685714285714287	27.074574947357178	183649.52302241325
6253	1357.5367557581799	1010.89	98.052978515625	0.08196202	3.201428571428573e-05	0.00010671428571428576	28.941112279891968	183678.4765136242
6254	1370.943776742307	1010.24	99.304443359375	0.0819619	3.197142857142856e-05	0.00010657142857142854	28.475461721420288	183706.96675395966
6255	1396.615311552611	1024.0	99.3125	0.0819618	3.192857142857142e-05	0.00010642857142857143	27.95969796180725	183734.93501067162
6256	1368.1886398452325	1006.8	99.44677734375	0.0819618	3.188571428571429e-05	0.00010628571428571432	28.15536332130432	183763.09875679016
6257	1375.3459136861863	1012.21	99.42578125	0.08196186	3.184285714285712e-05	0.0001061428571428571	28.13511323928833	183791.24232387543
6258	1395.0303765824274	1022.27	99.4306640625	0.08196187	3.1799999999999994e-05	0.00010599999999999999	27.54931640625	183818.80475831032
6259	1364.9185451291173	1006.11	99.43017578125	0.081961975	3.175714285714286e-05	0.00010585714285714288	27.240392446517944	183846.04675841331
6260	1354.1625772095615	1001.03	99.295654296875	0.081962176	3.171428571428573e-05	0.00010571428571428577	27.40979027748108	183873.45797538757
6261	1370.5314106420958	1018.54	99.8037109375	0.08196253	3.167142857142856e-05	0.00010557142857142855	27.86407995223999	183901.32676267624
6262	1365.7940324582885	1006.31	99.30322265625	0.08196261	3.162857142857142e-05	0.00010542857142857143	28.122905015945435	183929.46624040604
6263	1385.0339542508652	1018.6	99.3125	0.081962794	3.158571428571429e-05	0.00010528571428571432	26.479792594909668	183955.94744634628
6264	1360.6818660679683	1005.34	99.319091796875	0.08196293	3.154285714285712e-05	0.0001051428571428571	28.351579904556274	183984.31073069572
6265	1345.3553377422259	992.11	99.328369140625	0.0819631	3.149999999999999e-05	0.00010499999999999999	28.73119878768921	184013.04303884506
6266	1365.3000316907505	1008.52	99.336181640625	0.08196319	3.145714285714286e-05	0.00010485714285714288	27.153428554534912	184040.2047586441
6267	1372.1632087679106	1016.2	99.34326171875	0.08196332	3.141428571428573e-05	0.00010471428571428577	28.034754276275635	184068.25409436226
6268	1376.545929031854	1004.01	99.351806640625	0.08196342	3.137142857142856e-05	0.00010457142857142853	27.629267930984497	184095.896641016
6269	1364.2807243812608	1006.8	99.109130859375	0.08196328	3.132857142857143e-05	0.00010442857142857142	28.371211290359497	184124.282725811
6270	1385.9599096763707	1016.31	98.8662109375	0.0819631	3.128571428571429e-05	0.00010428571428571431	27.670971870422363	184151.95472860336
6271	1375.1749585283799	1008.61	99.37353515625	0.08196295	3.124285714285712e-05	0.00010414285714285709	27.78236985206604	184179.7387459278
6272	1368.641440826126	1004.98	99.3818359375	0.08196292	3.119999999999999e-05	0.00010399999999999998	28.08280611038208	184207.82301163673
6273	1340.4257855387225	988.8	99.39013671875	0.081963025	3.1157142857142857e-05	0.00010385714285714287	28.59998893737793	184236.43531942368
6274	1305.200847799181	963.4	99.396240234375	0.08196316	3.111428571428573e-05	0.00010371428571428576	29.011739492416382	184265.44875264168
6275	1368.4227256866068	1012.28	99.405029296875	0.08196329	3.107142857142856e-05	0.00010357142857142854	26.704923152923584	184292.1547191143
6276	1359.5712777306173	1008.56	98.91259765625	0.0819635	3.102857142857143e-05	0.00010342857142857143	28.415061712265015	184320.57078647614
6277	1360.6393702533471	1000.6	98.920654296875	0.08196385	3.098571428571429e-05	0.00010328571428571431	27.65507483482361	184348.25039196014
6278	1369.795427048376	1010.45	99.42138671875	0.08196388	3.094285714285712e-05	0.0001031428571428571	28.24743151664734	184376.51472568512
6279	1335.256132843165	987.01	99.4287109375	0.08196389	3.089999999999999e-05	0.00010299999999999998	30.583409309387207	184407.11075878143
6280	1353.8345003023833	1000.26	99.352783203125	0.08196394	3.0857142857142856e-05	0.00010285714285714287	31.487673044204712	184438.6030268669
6281	1384.693928165508	1018.02	99.3603515625	0.08196401	3.0814285714285727e-05	0.00010271428571428576	31.1753408908844	184469.78676629066
6282	1362.0393583923342	1010.25	99.368408203125	0.08196405	3.0771428571428557e-05	0.00010257142857142854	31.236063241958618	184501.02423858643
6283	1366.681120501454	1004.37	99.126220703125	0.08196414	3.072857142857143e-05	0.00010242857142857143	30.035860300064087	184531.07535266876
6284	1334.476492215774	980.8	99.38427734375	0.08196416	3.068571428571429e-05	0.00010228571428571432	29.12773323059082	184560.21512007713
6285	1331.37983957094	980.85	98.3916015625	0.08190634	3.064285714285713e-05	0.0001021428571428571	54.587249517440796	184614.81473207474
6286	1341.8291863285485	990.9	98.899658203125	0.08188183	3.059999999999999e-05	0.00010199999999999999	54.90730094909668	184669.74677062035
6287	1355.7222808935467	994.87	98.907470703125	0.081900924	3.0557142857142855e-05	0.00010185714285714287	49.46990466117859	184719.21816039085
6288	1364.8790549221985	1006.69	99.165283203125	0.081852995	3.0514285714285726e-05	0.00010171428571428576	51.81451654434204	184771.05379128456
6289	1367.1137466888197	1008.27	98.9228515625	0.08184476	3.047142857142856e-05	0.00010157142857142854	54.55959606170654	184825.62723898888
6290	1377.7664742464713	1016.77	98.930908203125	0.08176778	3.0428571428571423e-05	0.00010142857142857143	53.91916108131409	184879.55899190903
6291	1384.9776826065101	1014.06	98.938720703125	0.081772454	3.038571428571429e-05	0.00010128571428571432	54.41137480735779	184933.97901415825
6292	1383.3298152649234	1020.1	98.696533203125	0.08179651	3.0342857142857124e-05	0.00010114285714285709	54.55784583091736	184988.5454826355
6293	1376.2051388366835	1016.61	99.204345703125	0.08173011	3.029999999999999e-05	0.00010099999999999997	54.807403564453125	185043.3547372818
6294	1377.6504675709452	1011.52	98.2197265625	0.08168333	3.025714285714286e-05	0.00010085714285714286	56.63119578361511	185099.99894595146
6295	1399.9551827815835	1024.0	98.97021484375	0.081614606	3.0214285714285726e-05	0.00010071428571428575	53.35429382324219	185153.35475087166
6296	1386.134580931297	1018.19	98.72802734375	0.081639245	3.017142857142856e-05	0.00010057142857142853	54.175418853759766	185207.5321946144
6297	1367.8552909980624	1012.45	99.48681640625	0.08159495	3.0128571428571423e-05	0.00010042857142857142	54.7511305809021	185262.294734478
6298	1391.324065770171	1024.0	99.244873046875	0.08155877	3.008571428571429e-05	0.00010028571428571431	54.61827230453491	185316.91499066353
6299	1370.8394173472898	1005.45	99.24951171875	0.08151802	3.0042857142857123e-05	0.00010014285714285709	54.722962617874146	185371.64672732353
6300	1359.017891157272	1001.27	98.267822265625	0.08154097	2.999999999999999e-05	9.999999999999998e-05	55.12708640098572	185426.7867782116
6301	1357.6846528235142	1000.62	98.94384765625	0.08154004	2.9957142857142858e-05	9.985714285714287e-05	30.587065935134888	185457.37876152992
6302	1382.663657285379	1014.4	99.95166015625	0.08154166	2.9914285714285725e-05	9.971428571428575e-05	56.44254493713379	185513.82274723053
6303	1353.6581230003267	991.24	98.958740234375	0.08148014	2.987142857142856e-05	9.957142857142853e-05	64.74769186973572	185578.5790500641
6304	1378.0387219320598	1010.21	99.215576171875	0.08146814	2.9828571428571422e-05	9.942857142857142e-05	61.4554660320282	185640.04302883148
6305	1357.282193963846	1006.5	99.22509765625	0.08144296	2.978571428571429e-05	9.928571428571431e-05	56.271389961242676	185696.32673692703
6306	1390.9777790854475	1020.34	98.98291015625	0.081492715	2.9742857142857123e-05	9.914285714285709e-05	55.90053200721741	185752.22903299332
6307	1380.008623851962	1010.94	99.240234375	0.08149329	2.969999999999999e-05	9.899999999999998e-05	55.44169640541077	185807.67748260498
6308	1354.7658975092577	1002.17	98.005615234375	0.081504725	2.9657142857142857e-05	9.885714285714287e-05	60.11908197402954	185867.81073880196
6309	1393.7838399196737	1018.0	99.00634765625	0.0815297	2.9614285714285725e-05	9.871428571428576e-05	62.67584276199341	185930.49925088882
6310	1372.2575683908092	1010.33	98.76416015625	0.081502244	2.9571428571428558e-05	9.857142857142854e-05	60.22695231437683	185990.7424850464
6311	1379.5009800510597	1012.1	99.02197265625	0.08150638	2.9528571428571425e-05	9.842857142857143e-05	59.81899452209473	186050.56292152405
6312	1382.014403382289	1014.36	99.02880859375	0.08149105	2.948571428571429e-05	9.828571428571431e-05	60.11597657203674	186110.90683794022
6313	1355.8507698424926	996.78	99.537109375	0.08146062	2.9442857142857156e-05	9.81428571428572e-05	60.083571672439575	186171.09874606133
6314	1360.6569725853287	1003.45	98.7958984375	0.081456624	2.939999999999999e-05	9.799999999999998e-05	59.466246366500854	186230.5735616684
6315	1367.8263008458641	1007.34	99.0537109375	0.08136501	2.9357142857142857e-05	9.785714285714287e-05	59.9717435836792	186290.54676771164
6316	1372.4056286776429	1007.14	99.561767578125	0.08135124	2.9314285714285724e-05	9.771428571428576e-05	59.24722337722778	186349.7950606346
6317	1377.8777573914842	1005.81	99.076904296875	0.08129712	2.9271428571428557e-05	9.757142857142853e-05	60.1009795665741	186409.91080665588
6318	1372.3305132546052	1006.52	99.57763671875	0.08127961	2.9228571428571425e-05	9.742857142857142e-05	60.41549634933472	186470.33905291557
6319	1345.60030922318	992.88	99.333984375	0.08121936	2.918571428571429e-05	9.728571428571432e-05	61.395442485809326	186531.7467868328
6320	1367.3185991788018	1007.14	98.7177734375	0.08118569	2.9142857142857156e-05	9.71428571428572e-05	58.33168601989746	186590.0910360813
6321	1392.3717878338887	1020.07	99.476318359375	0.08112198	2.909999999999999e-05	9.699999999999997e-05	59.70197296142578	186649.80533838272
6322	1365.150845489898	1005.09	99.73291015625	0.081152	2.9057142857142856e-05	9.685714285714286e-05	60.36410427093506	186710.19079852104
6323	1366.8597440932979	1004.31	99.24267578125	0.081156716	2.9014285714285724e-05	9.671428571428575e-05	58.83874440193176	186769.03080153465
6324	1385.0527898806724	1014.1	99.25048828125	0.08116506	2.8971428571428557e-05	9.657142857142853e-05	59.31676363945007	186828.34859275818
6325	1368.2765663144062	1014.78	99.25830078125	0.081113376	2.8928571428571424e-05	9.642857142857142e-05	59.25928831100464	186887.61876249313
6326	1380.3993280285283	1008.91	99.51318359375	0.081127994	2.888571428571429e-05	9.62857142857143e-05	61.84837508201599	186949.47956705093
6327	1369.4311808527802	1010.71	99.52392578125	0.08107323	2.8842857142857155e-05	9.61428571428572e-05	58.725130558013916	187008.22067713737
6328	1336.1740280090705	980.65	99.28173828125	0.081020966	2.879999999999999e-05	9.599999999999998e-05	58.58088827133179	187066.80274367332
6329	1370.9948133663324	1008.67	99.53955078125	0.08101956	2.8757142857142856e-05	9.585714285714286e-05	58.31551814079285	187125.12293720245
6330	1376.4764941500962	1006.78	98.055908203125	0.08099265	2.8714285714285723e-05	9.571428571428575e-05	59.169981718063354	187184.29478287697
6331	1406.3670382039813	1022.19	99.555419921875	0.080947876	2.8671428571428556e-05	9.557142857142853e-05	60.06377577781677	187244.85903978348
6332	1363.3432946898704	998.56	99.31396484375	0.080933884	2.8628571428571424e-05	9.542857142857142e-05	59.31560683250427	187304.37489199638
6333	1380.5681460197154	1008.41	99.07080078125	0.08086529	2.858571428571429e-05	9.528571428571431e-05	61.202513217926025	187365.57915115356
6334	1399.8266656485337	1024.0	99.07958984375	0.080884226	2.8542857142857155e-05	9.51428571428572e-05	62.32181453704834	187427.90305185318
6335	1366.4804581078608	1000.73	98.5947265625	0.08085981	2.8499999999999988e-05	9.499999999999998e-05	60.71158289909363	187488.6229405403
6336	1392.1883328835265	1020.34	99.09521484375	0.08085824	2.8457142857142855e-05	9.485714285714287e-05	59.62300968170166	187548.24693465233
6337	1384.385664884966	1012.45	99.60302734375	0.08084933	2.8414285714285722e-05	9.471428571428576e-05	61.53226900100708	187609.79149150848
6338	1370.8098076357644	1004.52	99.86083984375	0.08084029	2.8371428571428556e-05	9.457142857142854e-05	57.68018460273743	187667.47430038452
6339	1360.1078217205231	1003.88	99.61865234375	0.08078653	2.8328571428571423e-05	9.442857142857142e-05	59.142935276031494	187726.63299536705
6340	1378.383362697353	1013.98	99.375732421875	0.08074417	2.828571428571429e-05	9.428571428571431e-05	61.16341280937195	187787.81075382233
6341	1381.085044272476	1010.12	98.64208984375	0.0807435	2.8242857142857158e-05	9.41428571428572e-05	34.56259846687317	187822.38684391975
6342	1354.3086481515452	992.72	98.14990234375	0.08067381	2.819999999999999e-05	9.399999999999998e-05	61.469825983047485	187883.85882782936
6343	1367.9808390791939	1002.54	99.14990234375	0.08068666	2.8157142857142855e-05	9.385714285714287e-05	61.87952899932861	187945.77119231224
6344	1393.2745651695122	1024.0	99.656982421875	0.08066572	2.8114285714285722e-05	9.371428571428576e-05	63.01408267021179	188008.78689694405
6345	1346.8428559918889	988.61	99.91552734375	0.08066546	2.8071428571428555e-05	9.357142857142852e-05	63.34259605407715	188072.13807940483
6346	1362.3380639541656	1004.23	99.42431640625	0.0806969	2.8028571428571423e-05	9.342857142857141e-05	62.39660906791687	188134.54779481888
6347	1380.0426454578474	1009.98	98.4384765625	0.08068951	2.798571428571429e-05	9.32857142857143e-05	60.687387466430664	188195.25079989433
6348	1365.6180465532111	1004.27	98.69775390625	0.0806724	2.7942857142857157e-05	9.314285714285719e-05	61.711037397384644	188256.96306943893
6349	1378.4187764803785	1012.24	98.455322265625	0.080661155	2.789999999999999e-05	9.299999999999997e-05	62.03544068336487	188319.3190858364
6350	1384.141012238027	1016.55	99.20556640625	0.080654025	2.7857142857142854e-05	9.285714285714286e-05	63.061752796173096	188383.3504564762
6351	1400.0041717501588	1024.0	98.47119140625	0.08059398	2.781428571428572e-05	9.271428571428575e-05	60.61066246032715	188443.96295309067
6352	1346.2549659887532	995.69	99.720947265625	0.080552004	2.7771428571428555e-05	9.257142857142853e-05	61.19446158409119	188505.1707444191
6353	1379.1713843681105	1016.94	98.486083984375	0.08051858	2.7728571428571422e-05	9.242857142857142e-05	61.27417755126953	188566.44590568542
6354	1387.813009357592	1012.86	99.98681640625	0.080509	2.768571428571429e-05	9.22857142857143e-05	61.398932695388794	188628.0229153633
6355	1404.2241050038785	1020.41	99.49462890625	0.08049609	2.7642857142857157e-05	9.214285714285719e-05	60.07034158706665	188688.09520578384
6356	1368.7636185158806	1004.48	99.25244140625	0.0804813	2.759999999999999e-05	9.199999999999997e-05	60.55018424987793	188748.64680051804
6357	1370.8593316976126	1010.9	99.76025390625	0.08039158	2.7557142857142857e-05	9.185714285714286e-05	61.2908616065979	188809.93919873238
6358	1353.867002998099	988.51	99.767578125	0.08032632	2.751428571428572e-05	9.171428571428575e-05	59.59943890571594	188869.54684591293
6359	1337.9975969888185	983.64	100.27587890625	0.080288485	2.7471428571428554e-05	9.157142857142853e-05	57.955336809158325	188927.51488375664
6360	1386.1948069275645	1016.25	99.28369140625	0.080312006	2.742857142857142e-05	9.142857142857142e-05	61.33949947357178	188988.85655879974
6361	1343.3474977572869	982.74	99.54150390625	0.080311604	2.738571428571429e-05	9.128571428571431e-05	61.42279624938965	189050.29431438446
6362	1371.301330371156	1008.23	99.549072265625	0.08031449	2.7342857142857156e-05	9.11428571428572e-05	57.98260855674744	189108.27876472473
6363	1354.505441354354	996.29	99.3154296875	0.08027614	2.729999999999999e-05	9.099999999999998e-05	58.71785497665405	189166.9976027012
6364	1335.6922847935684	979.13	99.815673828125	0.08028886	2.7257142857142857e-05	9.085714285714286e-05	59.50783896446228	189226.52301478386
6365	1380.7314841574323	1004.07	98.83154296875	0.08031647	2.721428571428572e-05	9.071428571428575e-05	57.28092575073242	189283.82009148598
6366	1402.294337723955	1020.61	99.83154296875	0.08035148	2.7171428571428554e-05	9.057142857142853e-05	58.91123127937317	189342.73477745056
6367	1374.6336082724497	1004.34	99.096923828125	0.08036048	2.712857142857142e-05	9.042857142857142e-05	59.46669936180115	189402.20336079597
6368	1370.4844790233194	1006.54	99.84716796875	0.08035973	2.7085714285714288e-05	9.028571428571431e-05	35.354026556015015	189437.55925774574
6369	1368.8466975567426	1002.47	99.604736328125	0.0803611	2.7042857142857155e-05	9.01428571428572e-05	60.95772671699524	189498.51948046684
6370	1390.2451807588143	1012.67	99.86279296875	0.080352776	2.699999999999999e-05	8.999999999999997e-05	62.097155809402466	189560.624468565
6371	1389.4501712251406	1014.64	99.619873046875	0.080258995	2.6957142857142856e-05	8.985714285714285e-05	62.244826555252075	189622.8711051941
6372	1370.5151874162707	1011.04	99.12841796875	0.08020039	2.691428571428572e-05	8.971428571428574e-05	58.92457842826843	189681.79720640182
6373	1385.98054844743	1014.3	100.13623046875	0.08012783	2.6871428571428553e-05	8.957142857142852e-05	60.09001302719116	189742.28569221497
6374	1391.8960470412371	1018.86	99.64404296875	0.080043584	2.682857142857142e-05	8.942857142857141e-05	60.25017237663269	189802.54946279526
6375	1391.3735112411025	1013.96	99.65185546875	0.08001251	2.6785714285714288e-05	8.92857142857143e-05	60.369556188583374	189862.9222187996
6376	1385.7208484897485	1013.47	99.658935546875	0.08002955	2.6742857142857155e-05	8.914285714285719e-05	62.08354878425598	189925.02686834335
6377	1374.8247872742575	1006.75	99.91748046875	0.08000071	2.669999999999999e-05	8.899999999999997e-05	60.02703666687012	189985.05593967438
6378	1387.3174437172856	1014.35	99.92529296875	0.08003631	2.6657142857142856e-05	8.885714285714286e-05	60.635255098342896	190045.8187534809
6379	1377.5130034449508	1006.64	99.682861328125	0.07996581	2.6614285714285723e-05	8.871428571428574e-05	59.63846707344055	190105.45875144005
6380	1365.8995802167678	998.78	99.189697265625	0.079921976	2.6571428571428556e-05	8.857142857142852e-05	60.87140774726868	190166.97474002838
6381	1361.6773120802582	996.07	99.94970703125	0.079930045	2.652857142857142e-05	8.842857142857141e-05	58.72579646110535	190225.70165395737
6382	1406.1799742889239	1024.0	99.70751953125	0.07989485	2.6485714285714287e-05	8.82857142857143e-05	58.82031774520874	190284.52305674553
6383	1377.6584405853328	1010.69	99.21533203125	0.07987397	2.6442857142857154e-05	8.814285714285719e-05	61.00688815116882	190345.54628443718
6384	1389.4993181281343	1018.35	99.348388671875	0.07988736	2.6399999999999988e-05	8.799999999999997e-05	64.01105165481567	190409.5743598938
6385	1376.3608023687202	1009.23	99.855224609375	0.079846956	2.6357142857142855e-05	8.785714285714286e-05	62.83608818054199	190472.42766070366
6386	1373.3115637444673	1007.98	99.86376953125	0.079790644	2.6314285714285722e-05	8.771428571428575e-05	59.91115856170654	190532.35901999474
6387	1359.2270287155166	989.61	98.87939453125	0.07976083	2.6271428571428556e-05	8.757142857142853e-05	60.64177989959717	190593.00204110146
6388	1401.642762908107	1024.0	99.87890625	0.07975906	2.622857142857142e-05	8.742857142857142e-05	61.100980043411255	190654.47276878357
6389	1392.2452773548189	1014.47	100.1357421875	0.07972691	2.6185714285714287e-05	8.72857142857143e-05	60.009828090667725	190714.49347639084
6390	1388.3703800451203	1014.6	100.14404296875	0.07965692	2.6142857142857154e-05	8.71428571428572e-05	60.09682321548462	190774.61254954338
6391	1394.8845885309988	1022.29	99.90966796875	0.079599105	2.6099999999999987e-05	8.699999999999997e-05	60.60788917541504	190835.37906694412
6392	1353.697980840668	994.79	99.90966796875	0.079516806	2.6057142857142855e-05	8.685714285714286e-05	57.52241539955139	190892.98969984055
6393	1368.7575949139236	1002.58	99.915283203125	0.0794219	2.6014285714285722e-05	8.671428571428575e-05	58.573326110839844	190951.7687649727
6394	1356.4673327648304	988.38	99.922607421875	0.07939094	2.5971428571428555e-05	8.657142857142852e-05	52.94743084907532	191004.73875808716
6395	1370.7788928079653	997.78	99.93115234375	0.07937918	2.5928571428571422e-05	8.64285714285714e-05	54.55519390106201	191059.2953760624
6396	1383.6862498444546	1014.55	99.439208984375	0.07945436	2.5885714285714286e-05	8.62857142857143e-05	51.6820330619812	191110.97873044014
6397	1393.8746956014606	1014.36	99.697998046875	0.079375215	2.5842857142857153e-05	8.61428571428572e-05	53.250235080718994	191164.23081183434
6398	1378.8431263393365	1004.27	99.4560546875	0.07933461	2.5799999999999987e-05	8.599999999999996e-05	53.68332767486572	191217.91624212265
6399	1377.2646504151928	1006.14	100.71337890625	0.07932777	2.5757142857142854e-05	8.585714285714285e-05	54.87348198890686	191272.79100966454
6400	1329.5658071849853	973.59	99.971435546875	0.07920783	2.571428571428572e-05	8.571428571428574e-05	54.97777199745178	191327.77074027061
6401	1375.6658838848944	1002.12	99.974853515625	0.07923678	2.5671428571428555e-05	8.557142857142852e-05	53.19509673118591	191380.97478079796
6402	1386.7283879666315	1014.5	100.733642578125	0.079226926	2.5628571428571422e-05	8.542857142857141e-05	50.979758501052856	191431.95642137527
6403	1393.7834686802764	1012.39	99.2490234375	0.07919562	2.5585714285714286e-05	8.52857142857143e-05	51.46743106842041	191483.43873429298
6404	1406.0062731137555	1024.0	100.2490234375	0.07915355	2.5542857142857153e-05	8.514285714285719e-05	49.799840688705444	191533.2522213459
6405	1403.4469293188374	1020.17	100.504150390625	0.079111755	2.5499999999999986e-05	8.499999999999997e-05	49.98732280731201	191583.2550151348
6406	1383.2892838054897	1014.1	100.01171875	0.07912437	2.5457142857142853e-05	8.485714285714285e-05	50.023130893707275	191633.28700351715
6407	1409.0398350733387	1024.0	100.26953125	0.0791022	2.541428571428572e-05	8.471428571428574e-05	50.99900817871094	191684.29499912262
6408	1367.91377246515	998.58	99.776123046875	0.07911581	2.5371428571428554e-05	8.457142857142852e-05	50.11114764213562	191734.40809369087
6409	1390.6008315085376	1018.23	99.533203125	0.07913067	2.532857142857142e-05	8.442857142857141e-05	50.68480968475342	191785.10430955887
6410	1407.5557253288334	1024.0	99.542236328125	0.07912773	2.528571428571429e-05	8.42857142857143e-05	48.48063063621521	191833.5867946148
6411	1360.9940198689283	999.78	100.550537109375	0.079115465	2.5242857142857152e-05	8.414285714285719e-05	48.01178431510925	191881.619171381
6412	1355.86802173411	995.11	100.058837890625	0.079075925	2.5199999999999986e-05	8.399999999999997e-05	56.591158866882324	191938.21886444092
6413	1372.278103825213	998.23	100.06689453125	0.07906872	2.5157142857142853e-05	8.385714285714286e-05	55.479692220687866	191993.71903586388
6414	1361.7758587136434	993.48	100.074951171875	0.0789933	2.511428571428572e-05	8.371428571428575e-05	54.63420248031616	192048.3547911644
6415	1372.1047048670669	1006.5	100.332763671875	0.07896181	2.5071428571428554e-05	8.357142857142853e-05	55.326008558273315	192103.68302726746
6416	1404.0453011545937	1013.52	99.840576171875	0.0788648	2.502857142857142e-05	8.342857142857141e-05	55.33900451660156	192159.035063982
6417	1361.1460195914267	996.87	100.104736328125	0.078802116	2.4985714285714288e-05	8.32857142857143e-05	50.68247199058533	192209.73025798798
6418	1366.4557096575968	1000.62	100.10595703125	0.078803524	2.4942857142857152e-05	8.314285714285719e-05	53.19513916969299	192262.93947935104
6419	1382.9938754855705	1014.6	99.371337890625	0.07882877	2.4899999999999985e-05	8.299999999999997e-05	55.512075901031494	192318.45883250237
6420	1394.1556442432484	1016.51	100.37158203125	0.07883076	2.4857142857142852e-05	8.285714285714286e-05	52.22192978858948	192370.69873595238
6421	1395.24191269372	1014.47	100.62255859375	0.07879429	2.481428571428572e-05	8.271428571428575e-05	52.546998023986816	192423.26673603058
6422	1404.5913125103427	1024.0	100.38037109375	0.078782775	2.4771428571428553e-05	8.257142857142851e-05	54.276787757873535	192477.5656659603
6423	1381.1509618463633	1014.74	100.13818359375	0.07879587	2.472857142857142e-05	8.24285714285714e-05	52.37860345840454	192529.97017002106
6424	1371.4334499471006	1002.46	100.39599609375	0.07876759	2.4685714285714288e-05	8.228571428571429e-05	50.74473857879639	192580.72987532616
6425	1380.3316539897708	1008.74	101.153564453125	0.07876412	2.4642857142857155e-05	8.214285714285718e-05	50.59409761428833	192631.34278297424
6426	1388.0371429392624	1010.9	101.160888671875	0.07875269	2.4599999999999985e-05	8.199999999999996e-05	51.90793251991272	192683.252710104
6427	1387.9626738938764	1016.42	100.4189453125	0.07869384	2.4557142857142852e-05	8.185714285714285e-05	50.181636571884155	192733.44982981682
6428	1396.283606782779	1020.4	99.677734375	0.07868369	2.451428571428572e-05	8.171428571428574e-05	49.082499742507935	192782.53473377228
6429	1356.4617687507061	993.45	100.185546875	0.07868441	2.4471428571428553e-05	8.157142857142852e-05	48.70869278907776	192831.24569106102
6430	1323.8203639125932	966.3	99.693115234375	0.078675576	2.442857142857142e-05	8.14285714285714e-05	52.434950828552246	192883.6829237938
6431	1397.2505984739387	1022.12	99.701416015625	0.078607164	2.4385714285714287e-05	8.12857142857143e-05	49.49431800842285	192933.17902994156
6432	1362.198919238499	995.61	99.95947265625	0.07856887	2.4342857142857154e-05	8.114285714285718e-05	48.43285369873047	192981.61475110054
6433	1392.3231354397813	1018.11	100.216552734375	0.0785386	2.4299999999999988e-05	8.099999999999996e-05	52.090534687042236	193033.70650410652
6434	1368.2907945520494	998.01	100.224365234375	0.07846594	2.425714285714285e-05	8.085714285714285e-05	52.86618781089783	193086.5907447338
6435	1386.6873190658525	1008.37	99.489501953125	0.07846517	2.421428571428572e-05	8.071428571428574e-05	51.31251645088196	193137.90501618385
6436	1397.3004630463881	1011.37	99.73779296875	0.07840378	2.4171428571428552e-05	8.057142857142852e-05	49.899678230285645	193187.8070859909
6437	1402.5133204884469	1017.12	100.9970703125	0.07837666	2.412857142857142e-05	8.042857142857141e-05	51.739044189453125	193239.55473732948
6438	1387.7990246747943	1007.03	100.004638671875	0.0783562	2.4085714285714286e-05	8.02857142857143e-05	51.11845135688782	193290.67474412918
6439	1362.6059984193416	999.45	100.51171875	0.0783704	2.4042857142857154e-05	8.014285714285719e-05	54.51730132102966	193345.19500684738
6440	1391.383629349597	1017.26	100.01953125	0.078320526	2.3999999999999987e-05	7.999999999999997e-05	55.3391535282135	193400.54286527634
6441	1379.3449148760722	1011.16	100.02783203125	0.0782609	2.395714285714285e-05	7.985714285714285e-05	51.54094362258911	193452.1004769802
6442	1409.0984289969542	1023.94	100.035888671875	0.07822386	2.3914285714285718e-05	7.971428571428574e-05	49.651742935180664	193501.76728224754
6443	1389.438020645427	1016.62	100.543701171875	0.07823823	2.3871428571428585e-05	7.957142857142863e-05	50.93146276473999	193552.71476650238
6444	1386.8956468435626	1010.71	100.301025390625	0.07821454	2.382857142857142e-05	7.942857142857141e-05	52.291537046432495	193605.03091406822
6445	1381.1514059005037	1008.4	100.05908203125	0.078227974	2.3785714285714286e-05	7.92857142857143e-05	52.131335735321045	193657.17477178574
6446	1387.7282734067194	1006.22	100.56640625	0.078187786	2.3742857142857153e-05	7.914285714285719e-05	50.578635692596436	193707.75468206406
6447	1390.6223755367112	1012.74	100.32470703125	0.078079455	2.3699999999999987e-05	7.899999999999996e-05	53.418760776519775	193761.17520999908
6448	1379.4472181969736	1003.29	100.95751953125	0.078041226	2.3657142857142854e-05	7.885714285714284e-05	54.74749255180359	193815.9349644184
6449	1397.0967947347856	1018.24	100.215087890625	0.07805226	2.3614285714285718e-05	7.871428571428573e-05	55.27777028083801	193871.2147629261
6450	1353.9558135346472	991.36	100.223388671875	0.07805277	2.3571428571428585e-05	7.857142857142862e-05	54.75514268875122	193925.9747581482
6451	1404.4471641205369	1020.26	100.9814453125	0.07807455	2.3528571428571418e-05	7.84285714285714e-05	55.09502100944519	193981.0711889267
6452	1375.1873440467814	1005.02	100.489013671875	0.07800085	2.3485714285714285e-05	7.828571428571429e-05	49.99308967590332	194031.0662200451
6453	1399.2107942038665	1020.16	100.49658203125	0.07796599	2.3442857142857153e-05	7.814285714285718e-05	55.75362253189087	194086.8215687275
6454	1410.9028909818753	1024.0	99.762451171875	0.07790517	2.3399999999999986e-05	7.799999999999996e-05	55.45931839942932	194142.28222250938
6455	1384.5308318529421	1012.91	100.762451171875	0.07787724	2.3357142857142853e-05	7.785714285714285e-05	55.05874443054199	194197.3427476883
6456	1373.9894657591822	998.39	100.270263671875	0.077827	2.3314285714285717e-05	7.771428571428573e-05	53.679479122161865	194251.03115153313
6457	1394.9143257921835	1006.08	100.778076171875	0.0777701	2.3271428571428584e-05	7.757142857142862e-05	48.779552936553955	194299.83492326736
6458	1407.28267282623	1024.0	99.540771484375	0.07777514	2.3228571428571418e-05	7.74285714285714e-05	50.03150796890259	194349.890737772
6459	1385.5856458864735	1010.79	100.293212890625	0.07776028	2.3185714285714285e-05	7.728571428571429e-05	49.30473303794861	194399.20442128181
6460	1404.1394706766969	1022.1	100.801025390625	0.07772042	2.3142857142857152e-05	7.714285714285718e-05	51.472951889038086	194450.67903375626
6461	1408.0826770227795	1022.58	100.808837890625	0.07770631	2.3099999999999986e-05	7.699999999999996e-05	49.97485303878784	194500.67065048218
6462	1387.7322060347944	1014.74	100.31787109375	0.07774054	2.3057142857142853e-05	7.685714285714285e-05	49.20655679702759	194549.87874364853
6463	1355.4072283743487	992.89	100.824951171875	0.07774537	2.301428571428572e-05	7.671428571428574e-05	51.0938720703125	194600.98915290833
6464	1382.9544312061012	1006.81	99.59033203125	0.07776249	2.2971428571428584e-05	7.657142857142863e-05	52.05203294754028	194653.05081439018
6465	1382.477820071907	1008.19	99.848876953125	0.07773653	2.2928571428571417e-05	7.64285714285714e-05	54.13062071800232	194707.18252015114
6466	1401.7075791402303	1021.74	99.856201171875	0.07768995	2.2885714285714284e-05	7.62857142857143e-05	50.258387088775635	194757.44278764725
6467	1385.784566668945	1004.9	100.355712890625	0.077677734	2.284285714285715e-05	7.614285714285718e-05	51.050174713134766	194808.49476480484
6468	1386.3683108558587	1010.02	100.364013671875	0.07766204	2.2799999999999985e-05	7.599999999999996e-05	51.17328691482544	194859.66938495636
6469	1352.9505888159065	986.24	100.371826171875	0.07763222	2.2757142857142852e-05	7.585714285714285e-05	49.319374799728394	194909.0027718544
6470	1397.193973266815	1015.26	100.129638671875	0.077572316	2.271428571428572e-05	7.571428571428574e-05	50.222899436950684	194959.22699689865
6471	1402.308551286586	1012.47	100.887451171875	0.07758269	2.2671428571428583e-05	7.557142857142863e-05	53.67562460899353	195012.91075348854
6472	1403.1287948153142	1022.28	100.644775390625	0.07757744	2.2628571428571417e-05	7.54285714285714e-05	55.4473078250885	195068.3667628765
6473	1389.5826052952114	1014.38	101.4033203125	0.0774981	2.2585714285714284e-05	7.528571428571428e-05	53.63892340660095	195122.00676059723
6474	1399.702957990545	1020.09	99.66845703125	0.07743292	2.254285714285715e-05	7.514285714285717e-05	53.4764838218689	195175.48506093025
6475	1354.4685987742696	984.53	99.9267578125	0.07743289	2.2499999999999984e-05	7.499999999999995e-05	53.49989676475525	195228.9868836403
6476	1399.5864223910767	1018.29	100.926025390625	0.077463984	2.2457142857142852e-05	7.485714285714284e-05	54.979203939437866	195283.97478818893
6477	1401.3569118658595	1010.25	100.6845703125	0.07740537	2.241428571428572e-05	7.471428571428573e-05	53.27458882331848	195337.25129032135
6478	1377.3125917941748	998.22	100.942138671875	0.07736646	2.2371428571428586e-05	7.457142857142862e-05	53.96708655357361	195391.2307472229
6479	1391.5235513708813	1012.54	100.700927734375	0.077335365	2.232857142857142e-05	7.44285714285714e-05	55.168967485427856	195446.4046485424
6480	1366.237446412287	998.89	100.458740234375	0.07734134	2.2285714285714283e-05	7.428571428571429e-05	50.32376146316528	195496.75118470192
6481	1389.8829667712496	1008.82	100.716064453125	0.07732894	2.224285714285715e-05	7.414285714285718e-05	54.523517370224	195551.29085588455
6482	1362.6276712319273	1007.01	100.474365234375	0.0772934	2.2199999999999984e-05	7.399999999999996e-05	53.09235334396362	195604.38514137268
6483	1396.5018252947075	1005.98	99.989990234375	0.077265605	2.215714285714285e-05	7.385714285714284e-05	54.06708550453186	195658.46673846245
6484	1370.907128785759	1004.04	100.739990234375	0.077223435	2.211428571428572e-05	7.371428571428573e-05	54.522284269332886	195712.9907488823
6485	1391.642834941498	1012.95	100.7470703125	0.07721204	2.2071428571428586e-05	7.357142857142862e-05	54.4750235080719	195767.47479367256
6486	1398.2362118302576	1014.31	101.255615234375	0.07720101	2.202857142857142e-05	7.34285714285714e-05	53.40638709068298	195820.88273835182
6487	1383.5777499549422	997.28	100.263427734375	0.07720742	2.1985714285714283e-05	7.328571428571429e-05	54.22356724739075	195875.12286496162
6488	1377.5731136136155	1006.72	101.021240234375	0.07717188	2.194285714285715e-05	7.314285714285718e-05	49.858285665512085	195924.99000430107
6489	1409.6187332525144	1024.0	101.279052734375	0.077072136	2.1899999999999983e-05	7.299999999999996e-05	54.52783131599426	195979.53546357155
6490	1376.3694916606557	998.89	100.04443359375	0.07703312	2.185714285714285e-05	7.285714285714285e-05	52.70534801483154	196032.2427301407
6491	1409.244446653925	1024.0	100.294677734375	0.07697439	2.1814285714285718e-05	7.271428571428574e-05	53.235201835632324	196085.47977638245
6492	1396.1218655157502	1012.97	100.801025390625	0.07702219	2.1771428571428585e-05	7.257142857142862e-05	51.85331606864929	196137.33471941948
6493	1399.3818168958594	1016.63	100.810546875	0.07692378	2.172857142857142e-05	7.24285714285714e-05	53.30207943916321	196190.6382610798
6494	1360.0897561834383	990.4	101.0673828125	0.07692694	2.1685714285714286e-05	7.228571428571429e-05	53.363483905792236	196244.00279283524
6495	1394.6152637390735	1016.39	100.826904296875	0.07685206	2.164285714285715e-05	7.214285714285718e-05	51.06355881690979	196295.07875657082
6496	1390.7190382417923	1005.99	100.584716796875	0.07679541	2.1599999999999983e-05	7.199999999999996e-05	50.79425096511841	196345.87477493286
6497	1392.8305948400468	1010.12	101.092529296875	0.076776884	2.155714285714285e-05	7.185714285714285e-05	51.06706380844116	196396.9471297264
6498	1388.3417719145596	1013.01	100.84912109375	0.07678399	2.1514285714285717e-05	7.171428571428574e-05	52.5975558757782	196449.54642677307
6499	1420.7513129939464	1024.0	101.106689453125	0.07677258	2.1471428571428585e-05	7.157142857142863e-05	55.58564233779907	196505.1339275837
6500	1394.5283454740272	1016.16	100.86572265625	0.07673461	2.1428571428571418e-05	7.14285714285714e-05	54.31150150299072	196559.4787466526
6501	1398.1000110773589	1013.67	101.12353515625	0.076730855	2.1385714285714285e-05	7.128571428571428e-05	55.53529334068298	196615.02675032616
6502	1395.5119488975658	1014.98	100.88134765625	0.07675315	2.134285714285715e-05	7.114285714285717e-05	56.15478825569153	196671.1830019951
6503	1415.1148073156176	1017.96	100.8876953125	0.0767875	2.1299999999999982e-05	7.099999999999995e-05	54.51917910575867	196725.7107872963
6504	1407.1921900033458	1018.54	101.145751953125	0.07674415	2.125714285714285e-05	7.085714285714284e-05	51.46743369102478	196777.1987786293
6505	1376.6015103278216	995.17	100.403564453125	0.07669571	2.1214285714285717e-05	7.071428571428573e-05	51.85584020614624	196829.06320428848
6506	1384.7859470752476	1007.09	100.911376953125	0.07662724	2.1171428571428584e-05	7.057142857142862e-05	52.669071674346924	196881.74518156052
6507	1391.4546364089326	1006.24	101.169189453125	0.07656781	2.1128571428571417e-05	7.04285714285714e-05	55.94042134284973	196937.68693566322
6508	1387.3867808714779	1008.8	100.67626953125	0.07655211	2.1085714285714285e-05	7.028571428571428e-05	53.35948348045349	196991.1307606697
6509	1368.2247019257632	992.67	100.684814453125	0.076523	2.104285714285715e-05	7.014285714285717e-05	51.81950831413269	197043.03474879265
6510	1371.8076374026118	996.2	100.692626953125	0.07652025	2.0999999999999982e-05	6.999999999999995e-05	52.59865379333496	197095.63475298882
6511	1407.2371494536417	1023.91	101.199951171875	0.07649381	2.095714285714285e-05	6.985714285714284e-05	55.37049651145935	197151.00689291954
6512	1356.4660326313572	986.89	101.33349609375	0.0764702	2.0914285714285716e-05	6.971428571428573e-05	53.511109352111816	197204.52273917198
6513	1381.6321909042629	1004.85	101.092041015625	0.076462366	2.0871428571428584e-05	6.957142857142862e-05	54.97926473617554	197259.514803648
6514	1369.2582652334406	996.01	101.099853515625	0.07648782	2.0828571428571417e-05	6.94285714285714e-05	50.5422523021698	197310.05873060226
6515	1421.5530273414508	1024.0	101.607666015625	0.076465964	2.0785714285714284e-05	6.928571428571429e-05	52.15073084831238	197362.21079182625
6516	1376.7473907765784	1004.76	100.873291015625	0.07646858	2.074285714285715e-05	6.914285714285718e-05	52.51770806312561	197414.74144268036
6517	1396.751136128497	1014.18	101.373046875	0.07643334	2.0699999999999985e-05	6.899999999999996e-05	53.51856780052185	197468.2627491951
6518	1401.640591273978	1012.41	101.130615234375	0.076450296	2.065714285714285e-05	6.885714285714284e-05	56.65479397773743	197524.9187963009
6519	1378.0940112931335	1000.91	101.638916015625	0.076362185	2.0614285714285716e-05	6.871428571428573e-05	55.73960065841675	197580.6598086357
6520	1346.6983086949588	978.76	100.896728515625	0.076374814	2.0571428571428583e-05	6.857142857142862e-05	56.53406572341919	197637.19493103027
6521	1408.2126519214864	1016.5	100.65380859375	0.07637869	2.0528571428571416e-05	6.84285714285714e-05	56.519519567489624	197693.7387588024
6522	1369.363610340085	994.08	101.411865234375	0.07639319	2.0485714285714284e-05	6.828571428571429e-05	55.06325960159302	197748.8696796894
6523	1402.9243320529945	1018.51	101.419677734375	0.076378174	2.044285714285715e-05	6.814285714285718e-05	51.03902292251587	197799.9222548008
6524	1374.401671261727	999.88	100.927734375	0.07634233	2.0399999999999984e-05	6.799999999999995e-05	51.626765727996826	197851.55874109268
6525	1412.363838260536	1019.58	101.185791015625	0.07635278	2.0357142857142848e-05	6.785714285714283e-05	49.739481925964355	197901.30048537254
6526	1378.3120096183181	998.3	101.442138671875	0.076331854	2.0314285714285715e-05	6.771428571428572e-05	50.05547547340393	197951.3667423725
6527	1374.6126136223702	998.43	100.76904296875	0.076341964	2.0271428571428583e-05	6.757142857142861e-05	49.49163055419922	198000.86061787605
6528	1404.4236033545706	1018.36	99.78466796875	0.076315545	2.0228571428571416e-05	6.742857142857139e-05	49.87905502319336	198050.75440120697
6529	1378.342097539513	999.09	100.78564453125	0.07629099	2.0185714285714283e-05	6.728571428571428e-05	47.75109362602234	198098.52279496193
6530	1400.0119098610871	1014.0	100.292724609375	0.07627619	2.014285714285715e-05	6.714285714285717e-05	51.355223655700684	198149.886749506
6531	1406.7912889423899	1018.16	100.904052734375	0.07626735	2.0099999999999984e-05	6.699999999999995e-05	50.7816743850708	198200.67011094093
6532	1385.5343749492379	1004.37	100.605224609375	0.07623879	2.005714285714285e-05	6.685714285714284e-05	51.04890203475952	198251.7402164936
6533	1387.586997878119	1011.48	100.27197265625	0.076205246	2.0014285714285715e-05	6.671428571428573e-05	51.276992321014404	198303.01878380775
6534	1378.555425340943	1002.57	99.780029296875	0.07615615	1.9971428571428582e-05	6.657142857142861e-05	50.15462279319763	198353.17477941513
6535	1383.3823972394807	1005.6	99.294677734375	0.07612165	1.9928571428571415e-05	6.64285714285714e-05	49.65160012245178	198402.8350403309
6536	1406.2114840153115	1016.24	99.794677734375	0.07614403	1.9885714285714283e-05	6.628571428571428e-05	49.81803369522095	198452.65475320816
6537	1375.4826514914553	996.94	98.560302734375	0.07613886	1.984285714285715e-05	6.614285714285717e-05	51.02739238739014	198503.70678329468
6538	1401.1716560584807	1010.49	99.560302734375	0.07610094	1.9799999999999983e-05	6.599999999999995e-05	51.03604340553284	198554.7587723732
6539	1408.879253672251	1018.3	99.568359375	0.07608865	1.975714285714285e-05	6.585714285714284e-05	50.334797620773315	198605.0947303772
6540	1406.7376246154954	1022.03	99.5751953125	0.076036885	1.9714285714285714e-05	6.571428571428573e-05	54.15161871910095	198659.24806952477
6541	1391.0543719929174	1006.87	99.833740234375	0.07600866	1.967142857142858e-05	6.557142857142862e-05	54.45498752593994	198713.72674655914
6542	1394.479679607613	1012.75	99.841552734375	0.07595993	1.9628571428571415e-05	6.54285714285714e-05	54.046952962875366	198767.77476644516
6543	1397.2308802060445	1008.12	99.599365234375	0.075921066	1.9585714285714282e-05	6.528571428571429e-05	55.387064933776855	198823.17483448982
6544	1386.0452029864855	1006.35	99.8564453125	0.07592136	1.954285714285715e-05	6.514285714285717e-05	54.29908227920532	198877.48678851128
6545	1394.8411975748136	1011.11	99.615966796875	0.075899534	1.9499999999999983e-05	6.499999999999995e-05	53.31880450248718	198930.82273888588
6546	1406.488397786506	1017.99	99.873779296875	0.07590949	1.945714285714285e-05	6.485714285714284e-05	51.73867058753967	198982.56274938583
6547	1414.3963411121606	1018.17	99.63037109375	0.07587808	1.9414285714285717e-05	6.471428571428573e-05	50.63859295845032	199033.20274710655
6548	1414.0777324996025	1024.0	99.389404296875	0.07586569	1.937142857142858e-05	6.457142857142862e-05	49.63521409034729	199082.98676753044
6549	1409.240194839428	1018.24	99.896484375	0.07576435	1.9328571428571414e-05	6.442857142857139e-05	55.22246837615967	199138.21105980873
6550	1376.5284573974702	1002.41	99.655029296875	0.07574595	1.928571428571428e-05	6.428571428571427e-05	51.619731187820435	199189.8473265171
6551	1388.6391471279069	1010.51	100.162841796875	0.075682364	1.924285714285715e-05	6.414285714285716e-05	50.876522064208984	199240.72528338432
6552	1405.4548332142804	1018.15	99.678466796875	0.07563678	1.9199999999999982e-05	6.399999999999994e-05	51.236029863357544	199291.99473428726
6553	1379.630607815097	998.46	99.927978515625	0.075595036	1.915714285714285e-05	6.385714285714283e-05	50.468918323516846	199342.47638058662
6554	1416.3932561503816	1020.07	99.686279296875	0.075580366	1.9114285714285717e-05	6.371428571428572e-05	54.984578371047974	199397.46275901794
6555	1394.0826564508666	1007.27	99.444091796875	0.07561853	1.907142857142858e-05	6.357142857142861e-05	54.886916160583496	199452.35873413086
6556	1364.4094022502852	984.36	98.959716796875	0.075644754	1.9028571428571414e-05	6.342857142857139e-05	54.14332413673401	199506.51873755455
6557	1380.0881142357766	999.05	99.709716796875	0.07561036	1.898571428571428e-05	6.328571428571428e-05	51.31900954246521	199557.83928084373
6558	1390.1015949185064	1002.15	98.974609375	0.07560468	1.894285714285715e-05	6.314285714285717e-05	52.732661724090576	199610.5739314556
6559	1402.8494113202282	1024.0	99.483154296875	0.07560227	1.889999999999998e-05	6.299999999999995e-05	54.52319359779358	199665.1107800007
6560	1404.0801941257241	1016.47	99.984130859375	0.07558807	1.885714285714285e-05	6.285714285714283e-05	52.84535837173462	199717.9767987728
6561	1390.1774006370788	1005.58	99.490478515625	0.07558535	1.8814285714285716e-05	6.271428571428572e-05	55.794840574264526	199773.7867424488
6562	1378.3822306494549	1004.51	99.499267578125	0.07559367	1.8771428571428583e-05	6.257142857142861e-05	54.6040825843811	199828.54299926758
6563	1367.6315850814071	994.24	98.765380859375	0.075569965	1.8728571428571413e-05	6.242857142857139e-05	53.64291977882385	199882.18717813492
6564	1364.0267909651054	992.95	99.515380859375	0.07556268	1.868571428571428e-05	6.228571428571428e-05	49.623884201049805	199931.8271176815
6565	1395.9928185544695	1006.88	100.273193359375	0.07551331	1.8642857142857148e-05	6.214285714285717e-05	55.514179706573486	199987.34274458885
6566	1394.068372156707	1008.44	99.038818359375	0.07551387	1.8600000000000015e-05	6.200000000000006e-05	52.23516297340393	200039.58687472343
6567	1411.207710708316	1022.17	100.5380859375	0.07546235	1.855714285714285e-05	6.185714285714284e-05	51.62065005302429	200091.21618795395
6568	1340.7579951096545	970.82	99.796630859375	0.075378634	1.8514285714285716e-05	6.171428571428573e-05	50.80406379699707	200142.03934836388
6569	1400.128954589426	1007.99	99.804443359375	0.07533908	1.8471428571428583e-05	6.157142857142861e-05	51.01910424232483	200193.0707333088
6570	1394.8454106786767	1013.97	100.062255859375	0.075319804	1.8428571428571416e-05	6.14285714285714e-05	48.79092884063721	200241.862719059
6571	1400.0439321831439	1014.06	99.8193359375	0.075308196	1.838571428571428e-05	6.128571428571428e-05	50.4522442817688	200292.33165192604
6572	1369.7209732519698	995.29	100.577880859375	0.07528301	1.8342857142857147e-05	6.114285714285717e-05	55.515169858932495	200347.85874724388
6573	1405.7789079025013	1016.27	100.085693359375	0.07520026	1.8300000000000015e-05	6.100000000000005e-05	52.41489100456238	200400.27476620674
6574	1391.334119720487	1010.13	99.101318359375	0.0752107	1.8257142857142848e-05	6.085714285714283e-05	51.28320622444153	200451.55917930603
6575	1388.9964311738484	1002.4	99.601318359375	0.075167045	1.8214285714285715e-05	6.071428571428572e-05	48.72421622276306	200500.28582191467
6576	1398.4801369826405	1010.44	99.733642578125	0.07518066	1.8171428571428582e-05	6.057142857142861e-05	51.895567893981934	200552.1952059269
6577	1408.2326734984597	1020.15	99.74267578125	0.075166665	1.8128571428571416e-05	6.042857142857139e-05	50.07960820198059	200602.29500222206
6578	1400.1840676262605	1010.66	99.74853515625	0.07514251	1.808571428571428e-05	6.028571428571428e-05	50.81169104576111	200653.1231071949
6579	1384.6010376333859	998.96	99.633056640625	0.07513418	1.8042857142857147e-05	6.014285714285717e-05	51.59812664985657	200704.722802639
6580	1368.6654951840196	986.77	99.147705078125	0.07508417	1.8000000000000014e-05	6.0000000000000056e-05	50.92723107337952	200755.65873122215
6581	1389.6834625332087	1001.18	100.648681640625	0.075035244	1.7957142857142847e-05	5.985714285714283e-05	52.943257093429565	200808.61874699593
6582	1407.9486345855926	1018.25	99.906494140625	0.074993305	1.7914285714285715e-05	5.9714285714285724e-05	54.10726070404053	200862.73900938034
6583	1378.5422826069	994.07	99.664306640625	0.074970774	1.7871428571428582e-05	5.957142857142861e-05	53.55225682258606	200916.30299949646
6584	1401.7014737636712	1008.26	99.92236328125	0.07495054	1.7828571428571415e-05	5.9428571428571386e-05	52.98710918426514	200969.30280470848
6585	1405.9161432752817	1015.22	99.67919921875	0.07491768	1.7785714285714282e-05	5.9285714285714275e-05	54.79949402809143	201024.1188097
6586	1409.0689396601533	1014.07	100.187744140625	0.07494704	1.7742857142857146e-05	5.914285714285716e-05	54.77151823043823	201078.90279459953
6587	1407.9003062810536	1016.39	100.444580078125	0.07492768	1.7700000000000013e-05	5.900000000000005e-05	53.7824227809906	201132.6867620945
6588	1375.8446059510368	997.54	99.953369140625	0.07490073	1.7657142857142847e-05	5.885714285714283e-05	54.26272892951965	201186.95077347755
6589	1388.0548094522753	1010.22	100.218017578125	0.07490482	1.7614285714285714e-05	5.871428571428572e-05	56.22484064102173	201243.1772530079
6590	1377.4932021697448	1001.74	99.718505859375	0.07489229	1.757142857142858e-05	5.857142857142861e-05	54.808321952819824	201298.00300955772
6591	1391.964891190999	1008.85	99.976318359375	0.074864924	1.7528571428571415e-05	5.842857142857139e-05	53.73946166038513	201351.75903129578
6592	1394.7417341677096	1008.79	99.734130859375	0.07484662	1.7485714285714282e-05	5.828571428571428e-05	54.13957762718201	201405.90076947212
6593	1427.5358543894708	1024.0	99.992919921875	0.07481106	1.7442857142857146e-05	5.8142857142857166e-05	54.9279944896698	201460.83075237274
6594	1421.5938565402964	1024.0	99.25830078125	0.07480215	1.7400000000000013e-05	5.8000000000000055e-05	54.39899301528931	201515.23166680336
6595	1404.4324837677882	1012.03	100.259033203125	0.07477105	1.7357142857142846e-05	5.785714285714283e-05	54.35357427597046	201569.6027662754
6596	1398.4186426222661	1006.15	100.516845703125	0.074712686	1.7314285714285714e-05	5.7714285714285716e-05	51.443259954452515	201621.04739904404
6597	1385.7196183160427	1008.02	100.024658203125	0.074637994	1.727142857142858e-05	5.7571428571428605e-05	51.41713261604309	201672.4667313099
6598	1402.955750062464	1010.83	100.0322265625	0.07461138	1.7228571428571414e-05	5.7428571428571385e-05	50.891724824905396	201723.35986566544
6599	1392.3508427306856	1005.5	100.7900390625	0.074625105	1.718571428571428e-05	5.7285714285714274e-05	52.244004011154175	201775.61874127388
6600	1394.9337768938533	1010.76	100.297607421875	0.07459515	1.714285714285715e-05	5.714285714285716e-05	51.54237151145935	201827.1630115509
6601	1418.7431013164905	1022.19	100.055419921875	0.07456934	1.7100000000000012e-05	5.700000000000005e-05	50.29520392417908	201877.47102165222
6602	1398.815997753115	1016.57	100.563720703125	0.074537046	1.7057142857142846e-05	5.685714285714283e-05	52.15876221656799	201929.63877105713
6603	1398.6696371157166	1013.43	100.071044921875	0.07453328	1.7014285714285713e-05	5.671428571428572e-05	50.62291431427002	201980.2747323513
6604	1384.218999175294	1003.46	100.079345703125	0.074501224	1.697142857142858e-05	5.657142857142861e-05	52.795321226119995	202033.08680939674
6605	1389.1311272109076	1003.93	99.835205078125	0.07449537	1.6928571428571414e-05	5.642857142857139e-05	51.97564148902893	202085.0711865425
6606	1394.7077117136068	1006.29	100.5927734375	0.07442905	1.688571428571428e-05	5.6285714285714276e-05	50.70167589187622	202135.774736166
6607	1372.5373297852475	995.05	99.838623046875	0.074406	1.6842857142857148e-05	5.6142857142857165e-05	53.30143213272095	202189.08927965164
6608	1406.7410193858543	1022.24	100.347412109375	0.07435754	1.6800000000000012e-05	5.600000000000005e-05	51.33114004135132	202240.44283246994
6609	1393.9106453331012	1002.94	100.855224609375	0.07431411	1.6757142857142845e-05	5.585714285714283e-05	50.73888850212097	202291.19479370117
6610	1413.637657917589	1018.21	99.864013671875	0.074304886	1.6714285714285713e-05	5.5714285714285715e-05	50.54894971847534	202341.7454879284
6611	1380.7604270081608	996.34	100.121826171875	0.074302845	1.667142857142858e-05	5.5571428571428604e-05	50.02199983596802	202391.797696352
6612	1403.0743084763258	1012.44	100.37939453125	0.074294485	1.6628571428571413e-05	5.5428571428571384e-05	52.09175109863281	202443.90324425697
6613	1404.7849426825605	1016.35	100.137451171875	0.07425856	1.658571428571428e-05	5.528571428571427e-05	51.24610638618469	202495.15098834038
6614	1407.5386149714238	1017.99	100.145263671875	0.07422825	1.6542857142857148e-05	5.514285714285716e-05	52.130489110946655	202547.2830028534
6615	1401.0759692748848	1008.72	99.903076171875	0.07420983	1.6500000000000015e-05	5.500000000000005e-05	51.85958003997803	202599.1590335369
6616	1398.9764291127442	1010.02	100.159912109375	0.074152924	1.6457142857142848e-05	5.485714285714283e-05	52.54450273513794	202651.7054491043
6617	1359.3955957076773	985.29	100.168212890625	0.07411478	1.6414285714285712e-05	5.471428571428572e-05	49.71207880973816	202701.4192454815
6618	1412.9505441085892	1022.19	100.426513671875	0.07408236	1.637142857142858e-05	5.4571428571428607e-05	48.50189805030823	202749.9390118122
6619	1414.0150491720383	1024.0	99.684326171875	0.07409208	1.6328571428571413e-05	5.442857142857138e-05	51.22241449356079	202801.16315627098
6620	1384.6340306764798	998.97	100.942138671875	0.074078135	1.628571428571428e-05	5.428571428571427e-05	50.841673612594604	202852.00666713715
6621	1415.3285545485082	1022.35	99.69921875	0.07405571	1.6242857142857147e-05	5.4142857142857164e-05	52.0022337436676	202904.01078248024
6622	1399.1011887276939	1012.21	100.457763671875	0.074035935	1.6200000000000014e-05	5.400000000000005e-05	53.6950306892395	202957.7187871933
6623	1368.0470536025014	982.68	100.715576171875	0.073987596	1.6157142857142848e-05	5.3857142857142826e-05	54.36042642593384	203012.09513664246
6624	1380.7773665816303	997.01	99.973388671875	0.07396159	1.611428571428571e-05	5.3714285714285714e-05	54.94167733192444	203067.05341601372
6625	1406.3705107579049	1014.57	100.4794921875	0.07398241	1.607142857142858e-05	5.35714285714286e-05	53.88663387298584	203120.94246411324
6626	1383.7251376431416	1005.86	100.7392578125	0.07392787	1.6028571428571412e-05	5.342857142857138e-05	55.371054887771606	203176.3267402649
6627	1405.9927092692449	1015.41	100.49755859375	0.07390889	1.598571428571428e-05	5.328571428571427e-05	54.17530298233032	203230.51874542236
6628	1372.5280939938568	998.49	100.25537109375	0.073894486	1.5942857142857147e-05	5.314285714285716e-05	54.367254972457886	203284.88789844513
6629	1389.447787794919	999.59	100.01318359375	0.07388415	1.5900000000000014e-05	5.300000000000005e-05	53.961753129959106	203338.85169744492
6630	1382.2975931782225	1000.08	99.770263671875	0.07386864	1.5857142857142847e-05	5.285714285714283e-05	54.997947216033936	203393.85129237175
6631	1395.3684073039728	1010.54	99.53564453125	0.07385344	1.581428571428571e-05	5.271428571428572e-05	54.42298984527588	203448.29076194763
6632	1395.6863734337285	1010.12	100.53662109375	0.07381105	1.5771428571428578e-05	5.2571428571428605e-05	56.11120271682739	203504.4149324894
6633	1392.1005118805024	1000.59	99.79443359375	0.07378041	1.572857142857141e-05	5.242857142857138e-05	53.72275161743164	203558.15473151207
6634	1384.503296630828	998.87	100.052490234375	0.073748045	1.568571428571428e-05	5.228571428571427e-05	53.85376858711243	203612.01106262207
6635	1412.1929898786009	1024.0	100.3095703125	0.073711835	1.5642857142857146e-05	5.2142857142857156e-05	55.56580114364624	203667.59324884415
6636	1397.355351372933	1004.97	100.81787109375	0.07370142	1.5600000000000013e-05	5.2000000000000044e-05	54.377519607543945	203721.97291350365
6637	1382.3375033135057	998.4	100.57373046875	0.07371363	1.5557142857142847e-05	5.1857142857142824e-05	54.8993866443634	203776.8871035576
6638	1389.1330061249848	1006.19	100.08349609375	0.073698014	1.5514285714285714e-05	5.171428571428571e-05	54.65596008300781	203831.5591585636
6639	1377.7245297787624	1004.55	100.591552734375	0.07362861	1.5471428571428578e-05	5.15714285714286e-05	52.721144914627075	203884.282807827
6640	1416.3562633265328	1016.18	101.2236328125	0.073612414	1.542857142857141e-05	5.142857142857138e-05	53.107014179229736	203937.40276932716
6641	1405.0120928217518	1020.03	100.48193359375	0.07358017	1.5385714285714278e-05	5.128571428571427e-05	51.32634997367859	203988.74551439285
6642	1402.0205848793662	1013.01	100.73974609375	0.073532335	1.5342857142857146e-05	5.114285714285716e-05	51.49746322631836	204040.25323152542
6643	1409.7080723952636	1016.26	100.74755859375	0.07349829	1.5300000000000013e-05	5.100000000000005e-05	53.6553590297699	204093.92277407646
6644	1399.8580112987154	1010.18	100.255615234375	0.07344623	1.5257142857142846e-05	5.085714285714283e-05	55.08693027496338	204149.0107781887
6645	1367.4504288737853	986.49	100.755126953125	0.07341659	1.5214285714285712e-05	5.0714285714285716e-05	53.12508988380432	204202.13689947128
6646	1395.9575953955616	1004.7	100.512939453125	0.073396325	1.5171428571428579e-05	5.0571428571428604e-05	52.2035768032074	204254.35586810112
6647	1392.232506310166	1008.3	100.268798828125	0.07340034	1.5128571428571412e-05	5.042857142857138e-05	52.861544370651245	204307.21901488304
6648	1387.158193568223	994.28	99.785888671875	0.073361926	1.508571428571428e-05	5.0285714285714266e-05	52.54158926010132	204359.77692961693
6649	1419.011572526619	1024.0	99.7919921875	0.073315084	1.5042857142857145e-05	5.0142857142857155e-05	54.471813678741455	204414.26704001427
6650	1379.0881430628735	1000.16	99.800537109375	0.07330262	1.5000000000000012e-05	5.000000000000004e-05	54.74340534210205	204469.02302193642
6651	1406.418162714788	1006.58	100.778564453125	0.07327529	1.4957142857142846e-05	4.985714285714282e-05	54.539785385131836	204523.57567310333
6652	1377.2379949187189	996.79	100.52783203125	0.07324081	1.4914285714285711e-05	4.971428571428571e-05	55.32235097885132	204578.91388177872
6653	1409.0420630664337	1010.37	100.785400390625	0.073218875	1.4871428571428578e-05	4.95714285714286e-05	55.261043310165405	204634.18896365166
6654	1373.3161694581324	1000.52	100.54296875	0.07319785	1.4828571428571412e-05	4.942857142857138e-05	53.93096470832825	204688.13468265533
6655	1410.2123163705646	1016.35	100.55126953125	0.073163755	1.4785714285714279e-05	4.928571428571427e-05	53.49469184875488	204741.63107705116
6656	1388.9815694380602	1002.48	100.80908203125	0.07309589	1.4742857142857144e-05	4.914285714285716e-05	52.6250262260437	204794.26058626175
6657	1398.66443350829	1011.98	100.56689453125	0.073028095	1.4700000000000012e-05	4.9000000000000046e-05	51.22460341453552	204845.48715662956
6658	1383.2146207291632	994.55	100.324462890625	0.07297362	1.4657142857142845e-05	4.885714285714282e-05	53.087085247039795	204898.5787847042
6659	1398.0754480109008	1014.17	100.329345703125	0.07290555	1.4614285714285712e-05	4.871428571428571e-05	52.21081304550171	204950.7987537384
6660	1387.444009423648	996.33	100.587158203125	0.07289563	1.4571428571428578e-05	4.85714285714286e-05	51.318767786026	205002.11907076836
6661	1384.2651471620384	1000.42	100.102783203125	0.07285563	1.4528571428571411e-05	4.8428571428571376e-05	54.34680795669556	205056.4747531414
6662	1399.214030771979	1004.61	100.34814453125	0.072880566	1.4485714285714278e-05	4.8285714285714265e-05	54.992913484573364	205111.48083853722
6663	1419.4586765962158	1024.0	100.606201171875	0.072894186	1.4442857142857146e-05	4.814285714285715e-05	54.61513328552246	205166.10679459572
6664	1392.658237472072	1000.45	100.614013671875	0.072899185	1.4400000000000011e-05	4.800000000000004e-05	53.954062938690186	205220.07778406143
6665	1399.8453895142782	1002.89	100.370849609375	0.072810896	1.4357142857142845e-05	4.785714285714282e-05	53.13322472572327	205273.21345853806
6666	1411.984214610924	1017.03	100.629150390625	0.07278743	1.4314285714285712e-05	4.771428571428571e-05	53.88841485977173	205327.14275288582
6667	1397.4670227923632	1004.86	100.620361328125	0.072798744	1.4271428571428577e-05	4.75714285714286e-05	55.068854570388794	205382.23226046562
6668	1406.2329557890532	1013.37	100.628662109375	0.07278561	1.422857142857141e-05	4.742857142857138e-05	53.788330078125	205436.02273344994
6669	1373.2992565178108	992.49	100.3828125	0.07279717	1.4185714285714278e-05	4.728571428571427e-05	54.79013133049011	205490.81474804878
6670	1404.4857782977729	1018.32	100.640625	0.072801806	1.4142857142857145e-05	4.7142857142857156e-05	54.10660648345947	205544.92322683334
6671	1418.521372476147	1014.29	100.89794921875	0.07281318	1.410000000000001e-05	4.7000000000000045e-05	54.614466428756714	205599.53941059113
6672	1395.4239830372637	1006.5	100.656005859375	0.07282798	1.4057142857142844e-05	4.685714285714282e-05	57.42845416069031	205656.99199867249
6673	1419.7716584300804	1022.12	100.65625	0.072780974	1.4014285714285711e-05	4.6714285714285707e-05	54.99607539176941	205711.99072551727
6674	1389.403722233444	998.54	100.5341796875	0.07277054	1.3971428571428579e-05	4.6571428571428595e-05	54.51239824295044	205766.5049226284
6675	1384.1999963951291	1000.84	99.800048828125	0.07273356	1.3928571428571412e-05	4.6428571428571375e-05	55.19264030456543	205821.71211528778
6676	1346.3840035306027	978.87	100.050537109375	0.07268373	1.3885714285714277e-05	4.6285714285714264e-05	54.44402718544006	205876.15875291824
6677	1373.8396876734873	989.05	101.05908203125	0.07264951	1.3842857142857145e-05	4.614285714285715e-05	55.61144137382507	205931.79076361656
6678	1399.602271286568	1004.13	100.81689453125	0.072601825	1.3800000000000012e-05	4.600000000000004e-05	51.37518501281738	205983.17502760887
6679	1401.4609712259596	1008.38	100.07470703125	0.072631665	1.3757142857142844e-05	4.585714285714282e-05	50.5092408657074	206033.68641281128
6680	1409.3888476445404	1014.1	100.83154296875	0.07260842	1.371428571428571e-05	4.571428571428571e-05	52.26283645629883	206085.96274232864
6681	1385.9766159594642	1000.15	100.590087890625	0.07255212	1.3671428571428578e-05	4.55714285714286e-05	52.17504668235779	206138.14685559273
6682	1387.9679818769075	998.52	100.847900390625	0.0725139	1.3628571428571411e-05	4.542857142857138e-05	53.85866022109985	206192.01874041557
6683	1418.5140010885536	1024.0	100.85595703125	0.07246512	1.3585714285714277e-05	4.5285714285714266e-05	56.57441592216492	206248.60277152061
6684	1412.2705699258818	1022.07	100.614013671875	0.07244631	1.3542857142857144e-05	4.5142857142857155e-05	55.54893255233765	206304.17233014107
6685	1419.4251701933586	1019.12	100.621337890625	0.07242031	1.3500000000000011e-05	4.5000000000000043e-05	56.7055606842041	206360.87987327576
6686	1425.9728664282986	1024.0	100.87939453125	0.07244231	1.3457142857142845e-05	4.485714285714282e-05	55.26315093040466	206416.15495586395
6687	1396.2601049280422	1006.07	100.386962890625	0.072402276	1.341428571428571e-05	4.4714285714285705e-05	55.318758487701416	206471.49074053764
6688	1373.4544098790225	993.18	100.64453125	0.07239451	1.3371428571428577e-05	4.4571428571428594e-05	54.597575187683105	206526.10498833656
6689	1398.376173906544	1010.26	101.152099609375	0.07234753	1.3328571428571445e-05	4.442857142857148e-05	54.72558379173279	206580.8320326805
6690	1344.0071648750277	976.61	100.41015625	0.07235884	1.3285714285714278e-05	4.428571428571426e-05	50.839229583740234	206631.6870880127
6691	1383.5507641656802	1005.2	100.91796875	0.07233764	1.3242857142857144e-05	4.414285714285715e-05	51.27028942108154	206682.97350597382
6692	1410.8605531407075	1012.66	99.933349609375	0.07232236	1.320000000000001e-05	4.400000000000004e-05	54.66329216957092	206737.651129961
6693	1378.2399001321965	992.48	101.184326171875	0.07229844	1.3157142857142844e-05	4.385714285714282e-05	54.44285035133362	206792.10695815086
6694	1377.3659318106647	988.14	100.69189453125	0.07229112	1.311428571428571e-05	4.371428571428571e-05	51.93341064453125	206844.04273414612
6695	1395.6002512148834	1004.43	100.450439453125	0.072291754	1.3071428571428577e-05	4.35714285714286e-05	51.458523988723755	206895.50303554535
6696	1375.6501093262484	993.53	100.708251953125	0.07227618	1.3028571428571444e-05	4.3428571428571485e-05	50.37887358665466	206945.89073634148
6697	1406.0840477974034	1022.14	100.214111328125	0.07223366	1.2985714285714278e-05	4.328571428571426e-05	52.8317813873291	206998.7242524624
6698	1388.7404817202907	994.35	100.470458984375	0.07225239	1.2942857142857143e-05	4.314285714285715e-05	49.71866965293884	207048.45879244804
6699	1380.4743711390827	998.6	101.479248046875	0.07225547	1.290000000000001e-05	4.300000000000004e-05	50.00634050369263	207098.4667210579
6700	1386.7133076602968	1002.03	100.487548828125	0.072213285	1.2857142857142844e-05	4.2857142857142816e-05	52.38702201843262	207150.85548138618
6701	1394.21122740781	1002.15	100.001220703125	0.07219488	1.2814285714285711e-05	4.2714285714285704e-05	50.37503933906555	207201.24273777008
6702	1388.632311014912	1007.84	100.753173828125	0.07217845	1.2771428571428576e-05	4.257142857142859e-05	50.408058881759644	207251.67074775696
6703	1378.3769072325115	998.49	101.01025390625	0.072133385	1.2728571428571444e-05	4.242857142857148e-05	51.66669154167175	207303.33919262886
6704	1405.617180944017	1011.13	101.143310546875	0.07211216	1.2685714285714277e-05	4.228571428571426e-05	49.86324071884155	207353.20552659035
6705	1418.5231171139303	1022.29	101.39111328125	0.07209061	1.2642857142857144e-05	4.214285714285715e-05	49.57290506362915	207402.79238820076
6706	1402.238887928831	1004.32	100.908935546875	0.07203764	1.260000000000001e-05	4.200000000000004e-05	53.358094215393066	207456.15207982063
6707	1410.9779325580728	1016.62	101.192626953125	0.07202553	1.2557142857142843e-05	4.185714285714282e-05	50.168288469314575	207506.32303214073
6708	1406.8050768979842	1013.94	101.450439453125	0.071965806	1.251428571428571e-05	4.171428571428571e-05	54.582879304885864	207560.91471886635
6709	1418.9295569808355	1018.46	100.958740234375	0.07196409	1.2471428571428576e-05	4.1571428571428595e-05	56.03204655647278	207616.9627275467
6710	1405.342156923742	1010.92	101.717041015625	0.07193566	1.2428571428571443e-05	4.1428571428571484e-05	54.90197730064392	207671.86674070358
6711	1405.9946736652246	1016.5	100.474853515625	0.07193376	1.2385714285714277e-05	4.128571428571426e-05	55.73897337913513	207727.60718774796
6712	1400.06363817392	1004.1	101.231689453125	0.07188635	1.2342857142857144e-05	4.1142857142857146e-05	55.85110592842102	207783.46724796295
6713	1390.9293344365824	1006.49	100.990234375	0.07188337	1.230000000000001e-05	4.1000000000000034e-05	54.413548707962036	207837.8827536106
6714	1407.3575185303725	1016.42	101.748046875	0.07185837	1.2257142857142843e-05	4.0857142857142814e-05	54.63855767250061	207892.52276968956
6715	1403.7619132236866	1012.24	100.505859375	0.07183816	1.221428571428571e-05	4.07142857142857e-05	54.79482579231262	207947.33073210716
6716	1375.330952205662	990.87	101.263671875	0.07181317	1.2171428571428577e-05	4.057142857142859e-05	53.70191216468811	208001.03473472595
6717	1409.541110253107	1017.95	101.268310546875	0.07181939	1.2128571428571443e-05	4.042857142857148e-05	56.16331195831299	208057.20713186264
6718	1381.0883691690296	990.25	101.276611328125	0.07179879	1.2085714285714276e-05	4.028571428571426e-05	54.24568796157837	208111.45473957062
6719	1399.602686469887	1008.48	101.532958984375	0.07181338	1.2042857142857143e-05	4.014285714285715e-05	54.54765057563782	208166.00401186943
6720	1377.7617590700384	993.92	101.042236328125	0.07178135	1.2000000000000009e-05	4.000000000000004e-05	56.04014754295349	208222.05963253975
6721	1411.0196943608194	1015.38	101.2998046875	0.07172437	1.1957142857142842e-05	3.985714285714282e-05	54.70680785179138	208276.77473640442
6722	1402.0556625141608	1008.18	101.057861328125	0.0717024	1.191428571428571e-05	3.9714285714285706e-05	55.04156827926636	208331.81873369217
6723	1400.265240222653	1006.91	101.56494140625	0.07166564	1.1871428571428577e-05	3.9571428571428594e-05	54.34349870681763	208386.17129015923
6724	1409.3148328982636	1012.19	101.823486328125	0.071626514	1.1828571428571442e-05	3.942857142857148e-05	54.48546576499939	208440.65899157524
6725	1430.217620530996	1024.0	101.081298828125	0.07159296	1.1785714285714275e-05	3.9285714285714256e-05	54.69897818565369	208495.36674499512
6726	1426.801918916873	1024.0	101.33935546875	0.071581304	1.1742857142857143e-05	3.9142857142857145e-05	54.15052556991577	208549.51873540878
6727	1381.7294285564012	998.6	100.847900390625	0.07155962	1.170000000000001e-05	3.900000000000003e-05	54.62726163864136	208604.16281795502
6728	1426.8981797596946	1022.09	101.10546875	0.0715418	1.1657142857142843e-05	3.885714285714281e-05	53.467512130737305	208657.65479636192
6729	1387.2639478779115	1002.48	101.11328125	0.07151486	1.1614285714285709e-05	3.87142857142857e-05	49.0415780544281	208706.70918798447
6730	1406.0742101321543	1014.15	101.12060546875	0.07150639	1.1571428571428576e-05	3.857142857142859e-05	51.55498218536377	208758.27882361412
6731	1421.092849420902	1018.25	100.87890625	0.07147007	1.1528571428571443e-05	3.842857142857148e-05	52.68306589126587	208810.96399974823
6732	1418.0204732364684	1023.22	101.38671875	0.07144083	1.1485714285714277e-05	3.828571428571426e-05	53.623135566711426	208864.60294365883
6733	1400.4629742574048	1010.67	101.144287109375	0.071459234	1.1442857142857142e-05	3.814285714285715e-05	50.17011284828186	208914.7747411728
6734	1360.5049657851557	982.59	101.15234375	0.07145849	1.140000000000001e-05	3.8000000000000036e-05	54.71482706069946	208969.4907426834
6735	1371.6602485085011	988.52	101.659423828125	0.07142335	1.1357142857142843e-05	3.785714285714281e-05	54.735169887542725	209024.22804236412
6736	1395.9739380571712	1004.26	101.417724609375	0.07140898	1.1314285714285708e-05	3.77142857142857e-05	55.08819508552551	209079.33251571655
6737	1369.9193279761882	990.52	101.675537109375	0.07139199	1.1271428571428576e-05	3.7571428571428586e-05	54.411404848098755	209133.7627439499
6738	1401.1390964288878	1008.56	101.683349609375	0.071358524	1.1228571428571443e-05	3.742857142857148e-05	55.36618399620056	209189.13075065613
6739	1390.9377253156688	996.19	101.190673828125	0.07134231	1.1185714285714276e-05	3.7285714285714255e-05	54.93774461746216	209244.07075715065
6740	1401.175114380464	1010.07	100.94921875	0.071341366	1.1142857142857142e-05	3.7142857142857143e-05	54.762030363082886	209298.83475971222
6741	1376.5397033986635	990.73	101.20703125	0.07127942	1.1100000000000009e-05	3.700000000000003e-05	54.430986404418945	209353.27875113487
6742	1348.506078495372	967.44	101.2158203125	0.07126887	1.1057142857142842e-05	3.685714285714281e-05	54.41353511810303	209407.69412183762
6743	1407.2430250843595	1010.73	101.4736328125	0.07126613	1.101428571428571e-05	3.67142857142857e-05	55.05398106575012	209462.75077795982
6744	1387.2149589136666	1004.97	101.231201171875	0.071253456	1.0971428571428575e-05	3.657142857142859e-05	53.18613529205322	209515.93873381615
6745	1399.420239919473	1000.33	101.489501953125	0.07123727	1.0928571428571442e-05	3.642857142857148e-05	55.05887579917908	209570.99948906898
6746	1399.2884773775502	1004.35	101.247314453125	0.071197756	1.0885714285714276e-05	3.628571428571426e-05	55.17707085609436	209626.1865568161
6747	1387.2273450339385	998.31	101.505126953125	0.07121246	1.0842857142857143e-05	3.6142857142857146e-05	52.03365707397461	209678.22308659554
6748	1411.0729089273143	1011.98	101.26220703125	0.071182616	1.0800000000000008e-05	3.6000000000000035e-05	52.26644706726074	209730.50273370743
6749	1402.721146483316	1010.7	101.020751953125	0.071158186	1.0757142857142842e-05	3.585714285714281e-05	51.24350452423096	209781.77073574066
6750	1404.200599569141	1010.3	101.528564453125	0.07112276	1.0714285714285709e-05	3.57142857142857e-05	51.740689754486084	209833.5130045414
6751	1417.6936345257686	1016.97	101.536376953125	0.07113508	1.0671428571428575e-05	3.5571428571428585e-05	48.49276041984558	209882.02079868317
6752	1416.8492090989844	1014.42	100.552001953125	0.07114168	1.0628571428571442e-05	3.5428571428571474e-05	50.374961376190186	209932.41073179245
6753	1407.5245461737325	1013.99	101.301025390625	0.07112559	1.0585714285714275e-05	3.5285714285714254e-05	54.41836357116699	209986.83414006233
6754	1396.9528049816313	1012.8	100.808349609375	0.071134575	1.0542857142857142e-05	3.514285714285714e-05	54.9272141456604	210041.7629942894
6755	1388.5318499269983	1000.21	101.316162109375	0.07109438	1.0500000000000008e-05	3.500000000000003e-05	54.022944688797	210095.7948024273
6756	1379.3840248653414	995.06	101.323974609375	0.071072794	1.0457142857142841e-05	3.485714285714281e-05	56.055355072021484	210151.86301517487
6757	1414.1844839729256	1013.99	101.081298828125	0.0710252	1.0414285714285708e-05	3.47142857142857e-05	55.27236557006836	210207.1440796852
6758	1410.8050943403196	1016.28	101.590576171875	0.07100621	1.0371428571428576e-05	3.457142857142859e-05	55.3475182056427	210262.50699806213
6759	1400.741496753839	998.62	101.098388671875	0.07099904	1.0328571428571441e-05	3.4428571428571476e-05	53.591267108917236	210316.1070547104
6760	1425.384103709415	1022.2	101.356201171875	0.07102016	1.0285714285714275e-05	3.4285714285714257e-05	53.346126317977905	210369.45532035828
6761	1411.3510454934126	1008.04	102.114013671875	0.07097639	1.0242857142857142e-05	3.4142857142857145e-05	51.37507200241089	210420.84786105156
6762	1421.1327801825723	1024.0	101.12158203125	0.07095321	1.0200000000000007e-05	3.4000000000000034e-05	52.01163649559021	210472.8791024685
6763	1400.3643313698328	1006.69	101.3798828125	0.07091304	1.015714285714284e-05	3.385714285714281e-05	48.973712682724	210521.85477924347
6764	1435.8004608839876	1024.0	101.3876953125	0.070895255	1.0114285714285708e-05	3.3714285714285695e-05	50.9868688583374	210572.8547194004
6765	1397.7096638457092	1004.72	101.6455078125	0.07090743	1.0071428571428575e-05	3.3571428571428584e-05	49.68723773956299	210622.55073571205
6766	1418.5779862892628	1018.01	101.402587890625	0.07089129	1.002857142857144e-05	3.342857142857147e-05	50.39022135734558	210672.94275212288
6767	1405.9231434888127	1006.12	101.6611328125	0.07088416	9.985714285714274e-06	3.328571428571425e-05	49.78338289260864	210722.73509550095
6768	1382.8615866782723	990.9	101.2939453125	0.07083982	9.942857142857141e-06	3.314285714285714e-05	50.71334099769592	210773.45714092255
6769	1356.9296868890663	975.12	101.0517578125	0.07081749	9.900000000000009e-06	3.300000000000003e-05	51.358097553253174	210824.81714582443
6770	1389.2089050641503	1003.79	101.0595703125	0.07076018	9.857142857142842e-06	3.285714285714281e-05	48.575456857681274	210873.3947482109
6771	1404.2786717709093	1003.89	101.81689453125	0.07073051	9.814285714285707e-06	3.27142857142857e-05	50.24310636520386	210923.64274191856
6772	1418.6648238581838	1013.92	101.8251953125	0.070696004	9.771428571428575e-06	3.257142857142859e-05	48.58198428153992	210972.2267947197
6773	1416.0515120460757	1020.52	101.0830078125	0.070656486	9.728571428571442e-06	3.2428571428571475e-05	53.2869713306427	211025.51874423027
6774	1382.148189271529	995.36	101.0908203125	0.07063524	9.685714285714275e-06	3.228571428571425e-05	53.685466051101685	211079.20604896545
6775	1419.7300824219776	1016.1	101.348876953125	0.07062412	9.64285714285714e-06	3.214285714285714e-05	52.26648426055908	211131.47476935387
6776	1408.5222296744757	1012.57	101.607421875	0.070604116	9.600000000000008e-06	3.200000000000003e-05	52.33859896659851	211183.81480288506
6777	1370.1377527826814	993.24	101.865234375	0.070602916	9.557142857142841e-06	3.1857142857142806e-05	48.514262199401855	211232.33099794388
6778	1411.8254525757668	1016.46	101.123046875	0.07059211	9.514285714285707e-06	3.1714285714285694e-05	50.5192449092865	211282.862729311
6779	1414.4676151846763	1017.91	101.630859375	0.0705365	9.471428571428574e-06	3.157142857142858e-05	50.295167446136475	211333.15973353386
6780	1395.1886516076763	1000.57	101.88818359375	0.07053048	9.428571428571441e-06	3.142857142857147e-05	51.71696496009827	211384.8788175583
6781	1387.763360462515	998.6	101.896484375	0.07053889	9.385714285714275e-06	3.128571428571425e-05	51.971519470214844	211436.86323714256
6782	1406.7712816281391	1013.93	101.15283203125	0.07051354	9.34285714285714e-06	3.114285714285714e-05	51.022132396698	211487.887059927
6783	1392.0619676871668	1001.91	101.15283203125	0.07049374	9.300000000000008e-06	3.100000000000003e-05	49.84208679199219	211537.73104405403
6784	1425.9457697756143	1020.16	101.409912109375	0.07048152	9.257142857142841e-06	3.085714285714281e-05	51.74804377555847	211589.49168467522
6785	1427.7481889961387	1024.0	101.17626953125	0.070434384	9.214285714285708e-06	3.07142857142857e-05	51.39525318145752	211640.90284729004
6786	1385.6285470573066	998.45	100.93310546875	0.07040294	9.171428571428574e-06	3.0571428571428586e-05	54.05442762374878	211694.95876002312
6787	1348.3556165912012	965.09	101.68310546875	0.07040297	9.128571428571441e-06	3.042857142857147e-05	55.630104303359985	211750.59399557114
6788	1407.6464337561922	1011.07	101.69091796875	0.070405774	9.085714285714274e-06	3.028571428571425e-05	54.44704627990723	211805.05475401878
6789	1393.2208323280927	998.32	101.6982421875	0.07036867	9.04285714285714e-06	3.014285714285714e-05	55.110517263412476	211860.16675066948
6790	1411.4902715610162	1014.18	101.704833984375	0.07036085	9.000000000000007e-06	3.0000000000000028e-05	53.867172718048096	211914.04289579391
6791	1381.6393705644537	993.97	101.46533203125	0.070352755	8.95714285714284e-06	2.9857142857142805e-05	54.414371967315674	211968.45873594284
6792	1390.0612794183928	996.31	101.722900390625	0.07033444	8.914285714285708e-06	2.9714285714285693e-05	54.29803943634033	212022.75875520706
6793	1416.8100967591863	1016.09	100.737060546875	0.070343286	8.871428571428573e-06	2.957142857142858e-05	55.779056787490845	212078.54273939133
6794	1410.2168341856316	1010.73	100.996337890625	0.07034439	8.82857142857144e-06	2.942857142857147e-05	55.61466431617737	212134.15890192986
6795	1428.0545390776733	1024.0	101.246337890625	0.07034159	8.785714285714274e-06	2.928571428571425e-05	55.23024559020996	212189.39075517654
6796	1424.8936218078845	1017.27	101.254150390625	0.07030763	8.742857142857141e-06	2.914285714285714e-05	51.28546977043152	212240.67787528038
6797	1408.593549651789	1014.09	101.25341796875	0.07027092	8.700000000000006e-06	2.9000000000000027e-05	51.714492321014404	212292.39474272728
6798	1431.09216224856	1022.27	102.0107421875	0.07026545	8.65714285714284e-06	2.8857142857142804e-05	54.17815136909485	212346.57474708557
6799	1402.379561929847	1008.65	102.01904296875	0.07026333	8.614285714285707e-06	2.8714285714285693e-05	54.46617317199707	212401.0427851677
6800	1422.7541967077973	1018.22	102.27685546875	0.07025597	8.571428571428574e-06	2.857142857142858e-05	53.934065103530884	212454.97873473167
6801	1418.171873604085	1018.45	101.283447265625	0.07022933	8.52857142857144e-06	2.842857142857147e-05	53.87426209449768	212508.85474562645
6802	1423.0407369250001	1020.89	101.7900390625	0.070222944	8.485714285714273e-06	2.828571428571425e-05	53.870195627212524	212562.73753023148
6803	1412.4856589856388	1014.18	101.548583984375	0.07023002	8.44285714285714e-06	2.8142857142857138e-05	50.198917865753174	212612.94677090645
6804	1374.05579702993	981.65	100.5634765625	0.07023999	8.400000000000006e-06	2.8000000000000027e-05	55.36778259277344	212668.31553769112
6805	1396.5711108888945	1002.21	101.0712890625	0.07022088	8.35714285714284e-06	2.7857142857142803e-05	56.99686074256897	212725.31476211548
6806	1427.4081842444084	1024.0	102.0712890625	0.070204355	8.314285714285707e-06	2.7714285714285692e-05	55.19899249076843	212780.51491498947
6807	1401.7546943934628	1002.52	102.07861328125	0.070214845	8.271428571428574e-06	2.757142857142858e-05	55.49375820159912	212836.01087355614
6808	1407.219780174379	1014.02	102.33837890625	0.07017026	8.22857142857144e-06	2.742857142857147e-05	53.91012358665466	212889.92275953293
6809	1383.3238193593122	995.92	102.09521484375	0.07013773	8.185714285714273e-06	2.7285714285714246e-05	56.0395290851593	212945.97881555557
6810	1400.971394609971	1006.38	100.861328125	0.070121996	8.14285714285714e-06	2.7142857142857134e-05	53.785340309143066	212999.7807314396
6811	1396.8844298758202	1004.27	101.611083984375	0.070108525	8.100000000000007e-06	2.7000000000000026e-05	56.89646339416504	213056.6789906025
6812	1373.028311082721	986.16	102.119140625	0.07006932	8.05714285714284e-06	2.6857142857142803e-05	54.946516036987305	213111.62711715698
6813	1421.6302007049374	1024.0	102.62646484375	0.070053995	8.014285714285706e-06	2.671428571428569e-05	58.05725836753845	213169.68545246124
6814	1420.708318699404	1020.11	102.13427734375	0.07004759	7.971428571428573e-06	2.657142857142858e-05	55.05250000953674	213224.73895788193
6815	1392.4432221784737	998.99	101.89208984375	0.07002742	7.92857142857144e-06	2.642857142857147e-05	56.781999826431274	213281.5228061676
6816	1394.5070682061707	999.31	101.8994140625	0.070015006	7.885714285714272e-06	2.6285714285714245e-05	55.42249059677124	213336.9471027851
6817	1392.6972492154841	1003.3	101.40771484375	0.06999587	7.84285714285714e-06	2.6142857142857134e-05	55.23489785194397	213392.19081187248
6818	1378.083302524526	991.08	102.1650390625	0.06999371	7.800000000000007e-06	2.6000000000000022e-05	54.97936725616455	213447.18278312683
6819	1408.2013986099116	1012.49	101.9228515625	0.06996762	7.757142857142872e-06	2.5857142857142914e-05	54.115463733673096	213501.31477236748
6820	1432.7443473528228	1024.0	101.93017578125	0.069959134	7.714285714285706e-06	2.571428571428569e-05	59.01942801475525	213560.3427426815
6821	1399.5607546495403	1004.28	102.43896484375	0.0699363	7.671428571428573e-06	2.557142857142858e-05	58.008028745651245	213618.36672377586
6822	1419.8990652258901	1020.04	101.69677734375	0.06993262	7.628571428571439e-06	2.5428571428571468e-05	57.707921743392944	213676.09127759933
6823	1383.4560283238943	1002.18	101.95458984375	0.06993968	7.5857142857142725e-06	2.5285714285714244e-05	53.95926380157471	213730.0627412796
6824	1421.0905016764063	1016.29	101.963623046875	0.06992055	7.54285714285714e-06	2.5142857142857133e-05	58.35084891319275	213788.41510772705
6825	1375.1359562898435	992.63	101.970947265625	0.06992308	7.500000000000006e-06	2.500000000000002e-05	58.90595865249634	213847.3227877617
6826	1384.256241406312	991.29	102.22900390625	0.06991274	7.4571428571428725e-06	2.485714285714291e-05	58.03155779838562	213905.37482190132
6827	1416.9546769697604	1018.14	101.98681640625	0.06991692	7.414285714285706e-06	2.471428571428569e-05	57.95534038543701	213963.33878993988
6828	1385.6632394987632	993.2	101.99462890625	0.069929816	7.371428571428572e-06	2.457142857142858e-05	58.90728569030762	214022.25475549698
6829	1394.474829594193	1004.02	102.502197265625	0.0699125	7.3285714285714395e-06	2.4428571428571467e-05	59.30196809768677	214081.5583744049
6830	1431.1535235370775	1024.0	102.01025390625	0.06988939	7.285714285714273e-06	2.4285714285714244e-05	59.3832688331604	214140.9427342415
6831	1420.9095777939458	1014.19	102.51806640625	0.069878794	7.242857142857139e-06	2.4142857142857132e-05	58.33936548233032	214199.28385782242
6832	1392.4608661174364	999.22	102.90087890625	0.06986744	7.200000000000006e-06	2.400000000000002e-05	54.753724575042725	214254.0391948223
6833	1385.206306465396	994.48	101.41650390625	0.06984714	7.157142857142872e-06	2.385714285714291e-05	54.77977728843689	214308.82712459564
6834	1416.2504672994214	1014.06	101.923583984375	0.06982973	7.114285714285705e-06	2.371428571428569e-05	55.302162885665894	214364.13075995445
6835	1415.3179523564509	1014.44	102.174072265625	0.06981955	7.0714285714285726e-06	2.3571428571428578e-05	55.462721824645996	214419.59505033493
6836	1395.1898124231157	1003.97	102.180908203125	0.0697822	7.028571428571439e-06	2.3428571428571467e-05	56.147276401519775	214475.75075554848
6837	1383.375715170222	1001.0	102.439697265625	0.06978248	6.985714285714272e-06	2.3285714285714243e-05	55.294787883758545	214531.04676008224
6838	1385.384845970761	994.32	101.947265625	0.06976414	6.942857142857139e-06	2.3142857142857132e-05	55.73929953575134	214586.79074382782
6839	1421.193491946907	1016.14	102.454833984375	0.069765456	6.900000000000006e-06	2.300000000000002e-05	54.55240225791931	214641.3444032669
6840	1402.6165906594542	1004.33	102.21435546875	0.06978611	6.857142857142872e-06	2.285714285714291e-05	55.20234823226929	214696.55773472786
6841	1401.7764979820004	1006.75	102.22216796875	0.06977693	6.814285714285706e-06	2.271428571428569e-05	59.155922651290894	214755.7149655819
6842	1401.2633698237144	1006.85	102.47998046875	0.06976584	6.771428571428572e-06	2.2571428571428577e-05	54.19438290596008	214809.9111969471
6843	1387.2113527456659	995.05	102.4873046875	0.06978463	6.7285714285714384e-06	2.2428571428571466e-05	59.15952730178833	214869.09476971626
6844	1420.9145842262901	1012.48	102.24560546875	0.06978953	6.685714285714272e-06	2.2285714285714243e-05	58.086461782455444	214927.18290400505
6845	1405.185982762292	1006.93	102.75341796875	0.06976863	6.642857142857139e-06	2.214285714285713e-05	58.76334476470947	214985.94772076607
6846	1419.188277767682	1012.48	102.01123046875	0.069762975	6.600000000000005e-06	2.200000000000002e-05	57.96596908569336	215043.91528892517
6847	1420.3017842753065	1016.05	102.51904296875	0.06974948	6.557142857142872e-06	2.1857142857142908e-05	57.71939253807068	215101.65077924728
6848	1408.6840895009473	1014.28	102.5263671875	0.06973549	6.514285714285705e-06	2.1714285714285685e-05	59.81187200546265	215161.46445703506
6849	1429.3232693383834	1020.1	102.283447265625	0.06971702	6.4714285714285715e-06	2.1571428571428574e-05	55.882532596588135	215217.36241912842
6850	1405.749776841928	1008.36	102.54248046875	0.06971536	6.428571428571439e-06	2.1428571428571465e-05	54.81683015823364	215272.18030810356
6851	1374.9536092912876	989.65	102.05029296875	0.06972955	6.385714285714272e-06	2.1285714285714242e-05	55.80499625205994	215327.98690509796
6852	1401.6262873910716	1004.72	101.807861328125	0.0697133	6.3428571428571385e-06	2.114285714285713e-05	59.06006860733032	215387.06276130676
6853	1413.5089021582626	1018.0	101.57373046875	0.06972676	6.300000000000005e-06	2.100000000000002e-05	58.6391704082489	215445.70308160782
6854	1416.0968503218674	1013.97	102.57373046875	0.06970879	6.257142857142871e-06	2.0857142857142908e-05	58.76727771759033	215504.47878336906
6855	1398.1349517555345	1000.53	101.58935546875	0.06970534	6.214285714285705e-06	2.0714285714285684e-05	58.32806134223938	215562.81875276566
6856	1408.7311061374844	1010.62	101.84716796875	0.06968968	6.171428571428572e-06	2.0571428571428573e-05	56.21050453186035	215619.03114891052
6857	1399.63153664618	998.75	101.85400390625	0.06967045	6.128571428571438e-06	2.042857142857146e-05	55.15032649040222	215674.1830496788
6858	1439.0652818939066	1024.0	102.35546875	0.06964943	6.085714285714272e-06	2.028571428571424e-05	57.63583421707153	215731.8271791935
6859	1429.6496052550845	1022.14	102.61328125	0.06963436	6.042857142857138e-06	2.014285714285713e-05	55.00953817367554	215786.84891295433
6860	1418.1962057358878	1018.1	102.37109375	0.069634855	6.000000000000004e-06	2.000000000000002e-05	54.81245470046997	215841.66286420822
6861	1407.1663455800535	1004.5	101.87841796875	0.06963587	5.957142857142872e-06	1.9857142857142907e-05	54.61069655418396	215896.27474570274
6862	1428.5172602472244	1024.0	102.13671875	0.06963837	5.914285714285705e-06	1.9714285714285684e-05	54.381726026535034	215950.65802884102
6863	1426.9065756485847	1022.09	102.39453125	0.06961638	5.871428571428571e-06	1.9571428571428572e-05	54.17968440055847	216004.84696745872
6864	1413.9503023865454	1008.74	102.90283203125	0.06960385	5.828571428571438e-06	1.942857142857146e-05	54.88692593574524	216059.7353258133
6865	1395.8489819791755	1004.35	102.41064453125	0.0695962	5.785714285714271e-06	1.928571428571424e-05	58.31006741523743	216118.04644346237
6866	1430.4217986451101	1016.26	102.91796875	0.06957852	5.742857142857138e-06	1.914285714285713e-05	59.91039705276489	216177.95875549316
6867	1419.2616708536498	1014.01	102.67626953125	0.06955638	5.700000000000005e-06	1.9000000000000018e-05	57.64336180686951	216235.61075687408
6868	1395.4174673670195	1002.26	102.68408203125	0.06954224	5.657142857142871e-06	1.8857142857142907e-05	58.28163814544678	216293.9053580761
6869	1382.6214057134255	992.14	102.69189453125	0.06954125	5.6142857142857045e-06	1.8714285714285683e-05	58.49172353744507	216352.41507220268
6870	1404.2932194274242	1003.32	102.44921875	0.069524266	5.571428571428571e-06	1.8571428571428572e-05	59.20203876495361	216411.61875534058
6871	1399.1698723963614	1004.1	102.70751953125	0.069519475	5.528571428571438e-06	1.842857142857146e-05	57.16753840446472	216468.81073832512
6872	1383.5346430107775	994.75	102.46533203125	0.06951252	5.4857142857142714e-06	1.828571428571424e-05	55.39178800582886	216524.21114373207
6873	1409.6227720468771	1008.33	102.72314453125	0.06951087	5.442857142857138e-06	1.814285714285713e-05	56.253806591033936	216580.46673178673
6874	1389.5590343358717	993.98	102.482177734375	0.06950338	5.400000000000004e-06	1.8000000000000017e-05	54.4873321056366	216634.9550561905
6875	1396.3096217527313	1000.38	102.4892578125	0.069500506	5.357142857142871e-06	1.7857142857142906e-05	55.819650650024414	216690.78707313538
6876	1395.3658998638284	998.71	102.24755859375	0.06950801	5.314285714285704e-06	1.7714285714285683e-05	54.50400948524475	216745.29936146736
6877	1409.1266797771425	1012.48	102.50537109375	0.06950794	5.271428571428571e-06	1.757142857142857e-05	54.94321322441101	216800.2587738037
6878	1428.71796611077	1024.0	102.26318359375	0.069490485	5.2285714285714376e-06	1.742857142857146e-05	55.14752173423767	216855.40728616714
6879	1411.0150836567036	1014.04	102.7705078125	0.06948157	5.185714285714271e-06	1.7285714285714236e-05	56.90331554412842	216912.3267941475
6880	1356.77297023811	974.76	102.77783203125	0.06947059	5.142857142857137e-06	1.7142857142857128e-05	58.50292444229126	216970.8308019638
6881	1409.7344162719496	1008.92	103.0361328125	0.06946512	5.100000000000004e-06	1.7000000000000017e-05	59.344034910202026	217030.17609143257
6882	1413.6750418640213	1010.42	102.0439453125	0.06946437	5.057142857142871e-06	1.6857142857142905e-05	58.771425008773804	217088.9667816162
6883	1428.792173366902	1020.12	102.55224609375	0.06946015	5.014285714285704e-06	1.6714285714285682e-05	57.96132826805115	217146.94085907936
6884	1397.8564194894543	1004.25	102.5595703125	0.06946079	4.971428571428571e-06	1.657142857142857e-05	58.87836480140686	217205.8227467537
6885	1392.6874529998456	996.47	102.81787109375	0.06944872	4.928571428571437e-06	1.642857142857146e-05	55.135298013687134	217260.9707517624
6886	1395.349873695635	1001.52	102.57568359375	0.069434986	4.88571428571427e-06	1.6285714285714236e-05	53.815507650375366	217314.7987651825
6887	1402.943290349994	1004.37	101.84130859375	0.069427095	4.842857142857138e-06	1.6142857142857124e-05	54.07223415374756	217368.87260603905
6888	1424.991320299906	1016.58	102.84033203125	0.06942292	4.800000000000004e-06	1.6000000000000016e-05	55.22378873825073	217424.11500310898
6889	1418.9410599928474	1013.94	102.59912109375	0.069410376	4.75714285714287e-06	1.5857142857142905e-05	54.55035400390625	217478.66694545746
6890	1400.5980821371725	1002.29	102.85791015625	0.06940008	4.714285714285704e-06	1.571428571428568e-05	54.92687153816223	217533.61058592796
6891	1381.382493836373	986.46	102.12353515625	0.06939596	4.67142857142857e-06	1.557142857142857e-05	55.9547438621521	217589.56642580032
6892	1390.036768875558	991.54	101.88134765625	0.069377385	4.628571428571437e-06	1.542857142857146e-05	56.00337266921997	217645.59074044228
6893	1379.2787355278772	997.2	102.381103515625	0.069369115	4.585714285714271e-06	1.5285714285714235e-05	55.133726596832275	217700.72604489326
6894	1361.451413484131	978.54	102.63916015625	0.069341816	4.542857142857137e-06	1.5142857142857125e-05	58.84717559814453	217759.59873247147
6895	1420.680380608337	1016.28	102.89697265625	0.06934198	4.5000000000000035e-06	1.5000000000000014e-05	58.719034910202026	217818.3187739849
6896	1416.8577034615166	1016.96	102.77978515625	0.06933605	4.45714285714287e-06	1.4857142857142902e-05	55.09496831893921	217873.4147529602
6897	1392.249111162053	993.65	102.786865234375	0.069331504	4.414285714285703e-06	1.4714285714285681e-05	55.22270369529724	217928.64674925804
6898	1383.2451372042758	990.55	103.29541015625	0.06932228	4.3714285714285705e-06	1.457142857142857e-05	55.15931701660156	217983.81878447533
6899	1379.2683798166154	986.3	102.55322265625	0.06930918	4.328571428571437e-06	1.4428571428571458e-05	54.71871829032898	218038.53875160217
6900	1370.883330649445	984.62	103.56103515625	0.06928715	4.28571428571427e-06	1.4285714285714235e-05	56.27111101150513	218094.81104516983
6901	1410.6873815418478	1012.32	101.82666015625	0.069276474	4.242857142857137e-06	1.4142857142857125e-05	54.2348153591156	218149.058344841
6902	1434.6214495602253	1024.0	102.083984375	0.06926397	4.200000000000003e-06	1.4000000000000013e-05	55.55916452407837	218204.61874103546
6903	1414.8280023957182	1014.38	103.083984375	0.069265015	4.15714285714287e-06	1.3857142857142902e-05	55.65855860710144	218260.27904319763
6904	1425.3930050714926	1014.27	102.841796875	0.06925563	4.1142857142857036e-06	1.3714285714285679e-05	55.28712725639343	218315.57472491264
6905	1425.1919844942477	1024.0	103.099609375	0.06924581	4.07142857142857e-06	1.3571428571428567e-05	54.81143045425415	218370.3987827301
6906	1392.393824410293	1005.19	103.10791015625	0.069233574	4.028571428571436e-06	1.3428571428571457e-05	54.75072503089905	218425.15131020546
6907	1428.742901254743	1022.18	103.616455078125	0.069222994	3.98571428571427e-06	1.3285714285714234e-05	57.41197633743286	218482.5647933483
6908	1403.038460578043	1006.09	103.62451171875	0.06921265	3.942857142857136e-06	1.3142857142857123e-05	55.38916778564453	218537.95505213737
6909	1412.7690157023812	1006.5	102.14013671875	0.069202214	3.900000000000003e-06	1.3000000000000011e-05	58.12754678726196	218596.0909256935
6910	1392.4119217185155	998.32	103.64013671875	0.06919932	3.85714285714287e-06	1.2857142857142901e-05	58.47828722000122	218654.570779562
6911	1382.7319968283105	990.35	102.897705078125	0.06919896	3.814285714285703e-06	1.2714285714285678e-05	57.09953951835632	218711.6827635765
6912	1419.9878618095058	1016.53	102.90576171875	0.06918241	3.77142857142857e-06	1.2571428571428567e-05	53.93312859535217	218765.6175236702
6913	1414.7133528311322	1008.38	102.91357421875	0.06917461	3.7285714285714363e-06	1.2428571428571455e-05	56.17606258392334	218821.81077075005
6914	1397.2707854268103	1000.28	102.67138671875	0.06916908	3.6857142857142696e-06	1.2285714285714233e-05	54.767566204071045	218876.59875702858
6915	1429.4594237669098	1024.0	102.928955078125	0.0691534	3.6428571428571364e-06	1.2142857142857122e-05	56.17510271072388	218932.78277134895
6916	1402.9866175777227	1008.21	102.43701171875	0.06914053	3.600000000000003e-06	1.200000000000001e-05	58.27818012237549	218991.06921577454
6917	1419.039537207758	1014.3	102.69482421875	0.06912631	3.5571428571428696e-06	1.1857142857142899e-05	55.17535185813904	219046.25896668434
6918	1432.5419068761194	1024.0	103.45263671875	0.0691221	3.514285714285703e-06	1.1714285714285677e-05	54.18761730194092	219100.46303105354
6919	1426.0559135542094	1024.0	102.96044921875	0.06912219	3.4714285714285694e-06	1.1571428571428566e-05	55.17099642753601	219155.64096403122
6920	1410.8540212129672	1006.69	103.468017578125	0.069118924	3.428571428571436e-06	1.1428571428571454e-05	55.67232584953308	219211.32702970505
6921	1374.5806533007444	983.2	103.22607421875	0.06912164	3.3857142857142695e-06	1.1285714285714233e-05	54.44758749008179	219265.79476952553
6922	1416.084203660395	1010.4	103.48388671875	0.069118656	3.342857142857136e-06	1.1142857142857121e-05	55.57547736167908	219321.3870601654
6923	1422.0205528930685	1016.39	102.99267578125	0.06910827	3.3000000000000027e-06	1.100000000000001e-05	59.87036752700806	219381.26026153564
6924	1394.346352358471	998.19	102.500244140625	0.06910365	3.257142857142869e-06	1.0857142857142898e-05	60.17202591896057	219441.46275925636
6925	1419.7846890930873	1018.29	102.75830078125	0.06909644	3.2142857142857024e-06	1.0714285714285677e-05	60.49875259399414	219501.97428178787
6926	1421.200339627401	1018.23	103.26611328125	0.069090605	3.1714285714285693e-06	1.0571428571428565e-05	60.598247051239014	219562.57475829124
6927	1430.5869597677363	1024.0	103.02392578125	0.06907853	3.1285714285714356e-06	1.0428571428571454e-05	59.82009148597717	219622.44677972794
6928	1411.9160630854303	1013.94	103.03173828125	0.06906795	3.085714285714269e-06	1.0285714285714232e-05	59.59294843673706	219682.05230855942
6929	1391.720235589372	999.32	102.789306640625	0.06906713	3.042857142857136e-06	1.014285714285712e-05	61.53595972061157	219743.599476099
6930	1392.046038983105	1001.78	103.04736328125	0.06907665	3.000000000000002e-06	1.000000000000001e-05	60.91626977920532	219804.54296207428
6931	1401.142903163243	1006.98	103.30517578125	0.069083184	2.957142857142869e-06	9.857142857142898e-06	60.92309594154358	219865.47495508194
6932	1414.2527817256353	1016.38	103.06298828125	0.06907881	2.9142857142857024e-06	9.714285714285676e-06	61.57382035255432	219927.06551742554
6933	1413.4103237469012	1008.29	103.319580078125	0.06907383	2.871428571428569e-06	9.571428571428565e-06	61.503024101257324	219988.6145851612
6934	1351.602713147277	969.18	102.58642578125	0.06907206	2.8285714285714356e-06	9.428571428571453e-06	61.68308901786804	220050.3511583805
6935	1399.0095888140404	999.54	103.83642578125	0.069069855	2.785714285714269e-06	9.28571428571423e-06	61.2987425327301	220111.65094184875
6936	1418.9927290379574	1014.36	102.59423828125	0.069063105	2.7428571428571357e-06	9.14285714285712e-06	62.725459814071655	220174.40014505386
6937	1409.8027340201118	1014.65	103.35205078125	0.06905037	2.700000000000002e-06	9.000000000000009e-06	61.95234680175781	220236.36870121956
6938	1391.4407684501282	996.64	103.609619140625	0.06903785	2.657142857142869e-06	8.857142857142897e-06	60.80391836166382	220297.1898214817
6939	1394.5298502570272	994.81	102.86865234375	0.069030575	2.6142857142857023e-06	8.714285714285674e-06	61.02749943733215	220358.2307331562
6940	1387.3774857257501	998.58	102.87451171875	0.069024794	2.5714285714285687e-06	8.571428571428564e-06	61.503862142562866	220419.75114560127
6941	1424.8301588863912	1016.29	103.38427734375	0.06901381	2.5285714285714355e-06	8.428571428571453e-06	61.67163705825806	220481.450933218
6942	1393.8225128840986	1000.17	103.141845703125	0.069004856	2.485714285714302e-06	8.285714285714341e-06	61.79344439506531	220543.2463452816
6943	1418.0721536327433	1010.45	103.3994140625	0.069000766	2.442857142857135e-06	8.142857142857118e-06	62.28278589248657	220605.53874897957
6944	1420.9547437058643	1010.08	103.157470703125	0.06899028	2.400000000000002e-06	8.000000000000008e-06	61.38337826728821	220666.93077850342
6945	1411.2002794712896	1008.63	102.915283203125	0.06898246	2.3571428571428684e-06	7.857142857142897e-06	61.47955536842346	220728.43074965477
6946	1411.2213963148542	1010.51	102.430908203125	0.068976834	2.3142857142857017e-06	7.714285714285673e-06	62.870816230773926	220791.3030743599
6947	1431.581628766987	1024.0	102.680419921875	0.068975896	2.2714285714285686e-06	7.571428571428563e-06	61.46356010437012	220852.8027460575
6948	1399.4357010447538	993.95	103.438720703125	0.068969995	2.228571428571435e-06	7.428571428571451e-06	61.47109389305115	220914.28681588173
6949	1405.4200921525987	1012.51	103.696533203125	0.068962835	2.1857142857143018e-06	7.28571428571434e-06	61.64662981033325	220975.94675064087
6950	1376.6807509965408	986.5	102.704345703125	0.06896233	2.142857142857135e-06	7.142857142857117e-06	54.043537616729736	221030.02276277542
6951	1422.768296358318	1012.12	102.47021484375	0.06896327	2.1000000000000015e-06	7.000000000000007e-06	54.35043787956238	221084.3747472763
6952	1436.6799809699212	1024.0	103.21826171875	0.06895817	2.0571428571428683e-06	6.857142857142895e-06	54.536094665527344	221138.91981172562
6953	1424.8841345028525	1014.01	103.477783203125	0.06895081	2.0142857142857017e-06	6.714285714285673e-06	49.0907769203186	221188.02663373947
6954	1405.2091956520744	1006.7	102.9853515625	0.068941824	1.971428571428568e-06	6.571428571428561e-06	48.83938407897949	221236.8787367344
6955	1420.76524626201	1020.12	103.4931640625	0.06893271	1.928571428571435e-06	6.428571428571451e-06	47.14595079421997	221284.03868365288
6956	1404.8692667441264	1004.32	103.25146484375	0.06892635	1.8857142857143015e-06	6.285714285714339e-06	48.962509632110596	221333.0027668476
6957	1385.9865876636877	990.66	103.759765625	0.06892481	1.8428571428571348e-06	6.142857142857117e-06	47.683109998703	221380.6989183426
6958	1420.460769281992	1014.0	103.516357421875	0.06891672	1.8000000000000014e-06	6.000000000000005e-06	46.963998556137085	221427.6872177124
6959	1431.0490689375015	1024.0	104.025390625	0.06890988	1.757142857142868e-06	5.857142857142895e-06	47.986021280288696	221475.6747393608
6960	1429.5074379576079	1022.15	102.79150390625	0.06890464	1.7142857142857014e-06	5.714285714285672e-06	52.902284383773804	221528.57868504524
6961	1394.014154758621	992.77	102.7998046875	0.06889718	1.671428571428568e-06	5.571428571428561e-06	51.5629780292511	221580.15472865105
6962	1407.798000940071	1006.38	103.303466796875	0.06889292	1.6285714285714345e-06	5.428571428571449e-06	48.48719501495361	221628.65479826927
6963	1432.8571189432948	1024.0	103.3134765625	0.06888927	1.5857142857143014e-06	5.285714285714338e-06	48.35015559196472	221677.00674295425
6964	1424.138592829715	1020.07	103.3232421875	0.06888237	1.5428571428571345e-06	5.142857142857116e-06	48.45142340660095	221725.45948386192
6965	1408.0989549096892	999.96	103.33203125	0.06887891	1.500000000000001e-06	5.000000000000005e-06	49.84702658653259	221775.32279086113
6966	1417.9685342625621	1013.07	102.8505859375	0.068872556	1.457142857142868e-06	4.857142857142893e-06	51.50345277786255	221826.83924984932
6967	1426.8474102699447	1020.27	102.8525390625	0.06886562	1.414285714285701e-06	4.714285714285671e-06	53.171010971069336	221880.02272295952
6968	1429.241393086488	1020.28	103.3623046875	0.06886046	1.3714285714285679e-06	4.57142857142856e-06	51.33057951927185	221931.37388563156
6969	1406.4518461385335	1010.18	103.12158203125	0.068858296	1.3285714285714345e-06	4.428571428571449e-06	50.72770166397095	221982.11104989052
6970	1417.9392702767975	1014.05	103.380859375	0.06885286	1.285714285714301e-06	4.285714285714337e-06	49.29931950569153	222031.51876425743
6971	1407.9175206889836	1002.39	103.39111328125	0.068848245	1.2428571428571344e-06	4.142857142857115e-06	49.783525466918945	222081.3147573471
6972	1413.3495052748665	1010.25	103.652099609375	0.06884598	1.200000000000001e-06	4.000000000000004e-06	49.871336936950684	222131.1907377243
6973	1421.0753264520345	1014.05	103.661865234375	0.06884611	1.1571428571428676e-06	3.8571428571428926e-06	50.09017300605774	222181.28275847435
6974	1422.1785498781776	1014.42	103.421630859375	0.06884528	1.114285714285701e-06	3.71428571428567e-06	49.48491835594177	222230.78425836563
6975	1360.2385287022657	975.73	103.180908203125	0.068840966	1.0714285714285676e-06	3.5714285714285587e-06	50.856773853302	222281.642734766
6976	1372.8315811786538	994.32	103.69140625	0.06883752	1.0285714285714342e-06	3.4285714285714476e-06	49.45103096961975	222331.0947549343
6977	1424.5382736780323	1020.19	103.451171875	0.068836026	1e-06	3.285714285714336e-06	48.85888171195984	222379.954757452
6978	1408.9879346054056	1009.03	103.4609375	0.068833955	1e-06	3.142857142857114e-06	51.317179441452026	222431.27475571632
6979	1409.7787927437007	1006.8	103.469970703125	0.068832	1e-06	3.0000000000000026e-06	55.40014696121216	222486.6914563179
6980	1415.1088574007204	1014.19	104.480224609375	0.06883229	1e-06	2.8571428571428916e-06	56.38828206062317	222543.09576797485
6981	1443.6580077740539	1024.0	102.99755859375	0.06882883	1e-06	2.714285714285669e-06	54.61604046821594	222597.72816967964
6982	1399.624816909275	1000.67	103.49755859375	0.06882564	1e-06	2.571428571428558e-06	55.76906871795654	222653.50828886032
6983	1430.6917331100658	1024.0	103.759521484375	0.068822004	1e-06	2.4285714285714466e-06	54.51143217086792	222708.04279637337
6984	1414.4007430211243	1006.81	103.7685546875	0.06881959	1e-06	2.2857142857143355e-06	55.72648358345032	222763.78207731247
6985	1414.8270826155444	1008.96	103.779052734375	0.06881895	1e-06	2.142857142857113e-06	56.239465951919556	222820.0347352028
6986	1394.4349445743885	996.92	104.037841796875	0.068814985	1e-06	2.000000000000002e-06	48.835447549819946	222868.87106633186
6987	1428.2505536455421	1018.16	103.548583984375	0.06881066	1e-06	1.8571428571428905e-06	51.561994314193726	222920.43473100662
6988	1403.7109304889248	1004.05	103.558349609375	0.06880941	1e-06	1.7142857142856683e-06	50.818103075027466	222971.25482153893
6989	1419.1070059545118	1014.22	103.569091796875	0.068806164	1e-06	1.571428571428557e-06	49.674116134643555	223020.9307911396
6990	1421.634437264917	1018.11	103.578857421875	0.06880414	1e-06	1.4285714285714458e-06	50.820353507995605	223071.75609374046
6991	1404.8593898916574	1004.17	103.587646484375	0.06880256	1e-06	1.2857142857143345e-06	49.283263206481934	223121.05474710464
6992	1419.6789098549632	1010.3	102.606201171875	0.0688	1e-06	1.142857142857112e-06	53.892343282699585	223174.95964813232
6993	1396.3314395715058	996.76	103.857666015625	0.06879819	1e-06	1.000000000000001e-06	51.09729242324829	223226.07646083832
6994	1412.14467590264	1014.28	103.6181640625	0.06879608	1e-06	1e-06	50.75614333152771	223276.850826025
6995	1407.0590903810887	1006.31	103.8779296875	0.068793416	1e-06	1e-06	50.2254536151886	223327.078738451
6996	1417.8143177451013	1014.38	103.8876953125	0.06879168	1e-06	1e-06	48.79449534416199	223375.87477064133
6997	1416.8761873564072	1013.34	103.396484375	0.06879047	1e-06	1e-06	50.60329079627991	223426.4947309494
6998	1425.0300533027957	1024.0	103.9072265625	0.06878709	1e-06	1e-06	50.864617347717285	223477.36123251915
6999	1419.489888159727	1016.52	103.9169921875	0.06878578	1e-06	1e-06	49.418691635131836	223526.81504702568
