Epoch	Rews	Lens	RAM	Std	Lr_pi	Lr_vf	Time per ep	Time
0	46.79004523538347	57.76	37.347412109375	0.9977363	0.0003	0.001	55.7037079334259	55.70677995681763
1	54.725780559620546	65.25	37.426513671875	0.9957879	0.00029995714285714284	0.0009998571428571428	53.491435289382935	109.21248817443848
2	55.630363635963114	67.46	37.468017578125	0.99396664	0.00029991428571428565	0.0009997142857142856	54.04622554779053	163.26047682762146
3	55.457955019582045	64.76	37.4912109375	0.99064374	0.00029987142857142857	0.0009995714285714287	53.030303716659546	216.29251527786255
4	59.72865579145815	68.82	38.5029296875	0.9876136	0.00029982857142857143	0.0009994285714285715	55.522082805633545	271.81649518013
5	56.256835430655904	67.64	38.269775390625	0.9846626	0.0002997857142857143	0.0009992857142857143	53.30610942840576	325.1244809627533
6	57.96723098100739	67.61	38.288818359375	0.9817085	0.0002997428571428571	0.000999142857142857	53.25103807449341	378.37693786621094
7	60.011701157286865	69.67	38.3056640625	0.978643	0.00029969999999999997	0.000999	52.86269569396973	431.248007774353
8	59.62939804088649	69.74	37.577880859375	0.9759758	0.00029965714285714283	0.000998857142857143	53.65874528884888	484.9084656238556
9	63.258049967436044	74.09	37.59716796875	0.97222394	0.0002996142857142857	0.0009987142857142857	54.69071841239929	539.6008493900299
10	66.20554544447361	73.12	38.4755859375	0.9691763	0.00029957142857142856	0.0009985714285714285	52.07374906539917	591.6764988899231
11	65.73789373167477	72.68	37.7392578125	0.96515673	0.0002995285714285714	0.0009984285714285716	55.618518352508545	647.296797990799
12	65.8618220262199	75.31	38.25390625	0.96203893	0.0002994857142857143	0.0009982857142857144	54.037853717803955	701.3362662792206
13	64.02403489162667	72.02	37.767333984375	0.9580214	0.0002994428571428571	0.0009981428571428572	54.05259084701538	755.40602684021
14	66.22482981360292	73.9	37.7822265625	0.9545236	0.00029939999999999996	0.000998	55.724719524383545	811.1460978984833
15	73.16356078303858	83.08	38.028564453125	0.9505299	0.0002993571428571428	0.000997857142857143	54.00329566001892	865.1647396087646
16	73.13696271798293	81.83	37.796630859375	0.9469723	0.0002993142857142857	0.0009977142857142856	54.71520376205444	919.8967804908752
17	75.92193634183995	84.74	38.8271484375	0.9435342	0.00029927142857142855	0.0009975714285714286	52.86433744430542	972.7628421783447
18	80.62120914821722	91.15	38.580810546875	0.9396002	0.0002992285714285714	0.0009974285714285714	53.47553253173828	1026.2527873516083
19	75.58466963241898	85.88	39.338623046875	0.935934	0.0002991857142857143	0.0009972857142857144	55.32794427871704	1081.5889008045197
20	76.67127406920287	84.43	38.590087890625	0.93151826	0.0002991428571428571	0.000997142857142857	54.571184158325195	1136.1724786758423
21	75.69756909068842	84.31	38.107666015625	0.92798996	0.00029909999999999995	0.000997	55.95016813278198	1192.1244871616364
22	73.38937061988946	81.54	38.627197265625	0.9243031	0.0002990571428571428	0.0009968571428571429	55.44618272781372	1247.5724921226501
23	95.03355607458926	103.06	38.628662109375	0.92065376	0.0002990142857142857	0.0009967142857142857	54.86625528335571	1302.455525636673
24	88.37610444995516	97.07	37.888916015625	0.91735226	0.00029897142857142854	0.0009965714285714285	55.41862630844116	1357.8768022060394
25	93.98012211121724	101.75	38.6396484375	0.9142623	0.0002989285714285714	0.0009964285714285715	52.77626705169678	1410.6548855304718
26	93.62971939313043	99.55	37.90771484375	0.91097873	0.00029888571428571427	0.0009962857142857143	52.67517948150635	1463.3444757461548
27	106.42922793056903	116.25	38.41015625	0.90811604	0.0002988428571428571	0.0009961428571428571	54.92284631729126	1518.280473947525
28	105.11855250518603	116.25	39.671142578125	0.90612507	0.0002988	0.000996	33.1027090549469	1551.384488582611
29	109.27252537694609	121.05	39.4423828125	0.9030409	0.00029875714285714286	0.000995857142857143	55.399982929229736	1606.7854855060577
30	105.04312903321762	113.4	38.7021484375	0.8994952	0.00029871428571428567	0.0009957142857142858	54.831433057785034	1661.6328103542328
31	109.12672905069022	118.84	39.195556640625	0.8972216	0.00029867142857142854	0.0009955714285714286	55.707468032836914	1717.3490693569183
32	100.55336686523418	108.98	38.9599609375	0.89444965	0.0002986285714285714	0.0009954285714285714	53.32309579849243	1770.6844792366028
33	106.6911927018572	115.92	38.4765625	0.89184695	0.00029858571428571426	0.0009952857142857144	56.057148694992065	1826.7429733276367
34	120.94913190392674	132.46	38.51904296875	0.88925093	0.00029854285714285713	0.0009951428571428572	55.87691020965576	1882.6220571994781
35	120.07977948912007	130.78	38.770263671875	0.8861905	0.0002985	0.000995	53.6912624835968	1936.3248059749603
36	127.66444932184784	137.87	38.77197265625	0.8836353	0.00029845714285714286	0.0009948571428571428	55.874178409576416	1992.2115502357483
37	132.55421884826993	140.52	39.274169921875	0.88127524	0.00029841428571428566	0.0009947142857142856	55.26050686836243	2047.485766172409
38	137.0871533239737	148.66	38.03857421875	0.87962866	0.00029837142857142853	0.0009945714285714286	56.05115056037903	2103.5524864196777
39	134.4974932518606	145.85	38.78271484375	0.8766031	0.0002983285714285714	0.0009944285714285715	56.75803542137146	2160.312136888504
40	165.48401831650963	179.02	38.810791015625	0.87438923	0.00029828571428571426	0.0009942857142857143	55.69775414466858	2216.0111451148987
41	137.33338623295356	147.97	39.063232421875	0.87202543	0.0002982428571428571	0.000994142857142857	54.840354442596436	2270.8524954319
42	117.60874528555061	128.08	39.064697265625	0.8697302	0.0002982	0.000994	54.89858078956604	2325.752601623535
43	133.1350620404446	143.87	38.81591796875	0.86693525	0.00029815714285714285	0.000993857142857143	54.97063684463501	2380.7248528003693
44	121.6742523257808	133.92	39.06982421875	0.8643686	0.00029811428571428566	0.0009937142857142857	55.76604914665222	2436.499354839325
45	126.74377953257442	137.92	38.843017578125	0.8626731	0.0002980714285714285	0.0009935714285714285	52.84571194648743	2489.3469438552856
46	128.89518663782565	144.72	38.852783203125	0.8602174	0.0002980285714285714	0.0009934285714285715	52.50204682350159	2541.8709671497345
47	162.62612288277143	179.3	38.866943359375	0.85799485	0.00029798571428571425	0.0009932857142857143	54.54028081893921	2596.4257180690765
48	130.22966855002858	150.26	38.132080078125	0.8555537	0.0002979428571428571	0.0009931428571428572	55.066672563552856	2651.5080273151398
49	123.94345867960524	133.45	39.378173828125	0.85428053	0.0002979	0.000993	32.175097703933716	2683.700490951538
50	110.25292285147732	127.55	38.386962890625	0.8521188	0.00029785714285714284	0.000992857142857143	54.23060464859009	2737.9324901103973
51	115.8017650661604	135.14	38.6376953125	0.8501029	0.00029781428571428565	0.0009927142857142856	54.75026845932007	2792.684478998184
52	112.97539227121659	130.67	38.891357421875	0.8483488	0.0002977714285714285	0.0009925714285714286	55.254995346069336	2847.9524734020233
53	117.84396802804537	135.12	38.4638671875	0.84601617	0.00029772857142857143	0.0009924285714285714	55.7831757068634	2903.737518787384
54	113.05686541412506	132.17	39.706787109375	0.84408426	0.0002976857142857143	0.0009922857142857144	55.347474336624146	2959.100864171982
55	118.91092820217706	137.49	39.20703125	0.84252834	0.0002976428571428571	0.000992142857142857	55.84212899208069	3014.944666147232
56	129.87923517723956	149.97	38.9580078125	0.84082	0.00029759999999999997	0.000992	55.38625478744507	3070.3327918052673
57	114.13958155114169	137.34	39.20947265625	0.8389464	0.00029755714285714283	0.0009918571428571429	53.72589087486267	3124.06728887558
58	129.29296748344544	151.16	39.72314453125	0.83680373	0.0002975142857142857	0.0009917142857142859	53.943570137023926	3178.0124921798706
59	123.84689878055016	146.4	38.48046875	0.83518034	0.00029747142857142856	0.0009915714285714285	55.90920066833496	3233.9234235286713
60	115.86170674112257	138.71	38.9814453125	0.832527	0.0002974285714285714	0.0009914285714285715	55.643152475357056	3289.588487148285
61	123.89911889138862	148.57	38.269775390625	0.83025885	0.0002973857142857143	0.0009912857142857143	53.65066576004028	3343.240751504898
62	133.60489671041924	159.65	39.01416015625	0.82794935	0.0002973428571428571	0.000991142857142857	55.64741516113281	3398.9048006534576
63	129.23856609288515	153.07	38.812255859375	0.82584405	0.00029729999999999996	0.000991	54.69719886779785	3453.603782892227
64	134.41607339330426	158.17	39.81298828125	0.823867	0.0002972571428571428	0.000990857142857143	54.959139823913574	3508.576505422592
65	120.79356739436138	143.54	38.321044921875	0.82152206	0.0002972142857142857	0.0009907142857142857	54.96246361732483	3563.5407807826996
66	123.01997924480818	151.25	39.06396484375	0.8189742	0.00029717142857142855	0.0009905714285714285	54.74706149101257	3618.2964940071106
67	121.57575234573693	149.68	39.564208984375	0.8168542	0.0002971285714285714	0.0009904285714285714	55.120593547821045	3673.418776512146
68	145.02537821893924	177.46	38.815185546875	0.8143254	0.0002970857142857143	0.0009902857142857144	53.98736071586609	3727.4206852912903
69	103.54129628323986	132.32	39.56640625	0.81197435	0.0002970428571428571	0.0009901428571428572	52.09995794296265	3779.5219490528107
70	80.75272925102921	106.11	39.0673828125	0.81037086	0.00029699999999999996	0.00099	53.40345764160156	3832.936797618866
71	95.09283061844211	124.12	38.818115234375	0.80846286	0.0002969571428571428	0.0009898571428571428	54.04726696014404	3886.992668867111
72	85.49353959898936	115.79	39.080810546875	0.80541843	0.0002969142857142857	0.0009897142857142858	55.478612661361694	3942.4726600646973
73	71.30296340592275	92.63	39.08251953125	0.80310744	0.00029687142857142855	0.0009895714285714286	53.72638940811157	3996.200481891632
74	70.44400132280025	95.08	38.854248046875	0.80064553	0.0002968285714285714	0.0009894285714285714	55.054438829422	4051.2566843032837
75	83.55317915553476	110.43	38.860107421875	0.79831105	0.0002967857142857143	0.0009892857142857142	53.562427282333374	4104.820480585098
76	72.66369904021003	96.18	39.389892578125	0.7962466	0.0002967428571428571	0.000989142857142857	55.2381477355957	4160.060493707657
77	88.87521097421846	118.51	38.3984375	0.7939782	0.00029669999999999995	0.000989	52.807567834854126	4212.869812011719
78	106.92342378849641	139.14	38.890869140625	0.7915543	0.0002966571428571428	0.0009888571428571429	53.767306327819824	4266.652792215347
79	115.35167668301439	154.29	38.8994140625	0.7893136	0.00029661428571428573	0.0009887142857142857	54.528621435165405	4321.193972110748
80	139.3770922127199	186.85	39.150390625	0.78694755	0.00029657142857142854	0.0009885714285714285	55.45088982582092	4376.660917043686
81	129.86422559556794	172.32	39.1787109375	0.78429276	0.0002965285714285714	0.0009884285714285715	53.937267780303955	4430.599411010742
82	128.81054653033326	170.93	39.42919921875	0.7814607	0.00029648571428571427	0.0009882857142857143	54.747389793395996	4485.360784769058
83	109.57467747987239	146.52	39.4296875	0.7790026	0.00029644285714285713	0.0009881428571428571	53.63385605812073	4539.003238201141
84	143.5882552206151	194.43	39.19921875	0.77648216	0.0002964	0.000988	54.99145174026489	4593.996068954468
85	144.44530243807029	200.22	39.449951171875	0.7745433	0.00029635714285714286	0.000987857142857143	53.43607139587402	4647.456505537033
86	136.08857245052252	190.25	38.718994140625	0.7725587	0.0002963142857142857	0.0009877142857142858	53.17943978309631	4700.637790679932
87	152.49138829068352	206.22	39.47412109375	0.77058387	0.00029627142857142853	0.0009875714285714286	53.06314015388489	4753.7164924144745
88	140.6761119989368	197.55	39.2255859375	0.7690726	0.0002962285714285714	0.0009874285714285714	54.78675603866577	4808.504654169083
89	129.93463850360035	177.6	39.227294921875	0.76623607	0.00029618571428571426	0.0009872857142857144	54.70325970649719	4863.20916724205
90	144.09159597707904	199.89	38.48583984375	0.7639818	0.0002961428571428571	0.0009871428571428572	55.76751446723938	4918.992906808853
91	149.7553598433014	197.32	39.23193359375	0.76185733	0.0002961	0.000987	55.204994201660156	4974.1991176605225
92	145.82977723451577	197.72	38.495849609375	0.7597912	0.00029605714285714285	0.0009868571428571428	55.59563612937927	5029.808487415314
93	146.4356515392413	203.2	38.75634765625	0.75730616	0.0002960142857142857	0.0009867142857142859	56.27573227882385	5086.085849523544
94	147.04117912031768	200.41	39.02099609375	0.75492936	0.0002959714285714285	0.0009865714285714287	55.416224241256714	5141.503512382507
95	126.93488094045406	171.06	39.02197265625	0.75234586	0.0002959285714285714	0.0009864285714285715	55.21150469779968	5196.71653676033
96	45.77149095590972	70.17	39.288330078125	0.7499617	0.00029588571428571425	0.0009862857142857143	55.431567668914795	5252.164914131165
97	59.582222524991565	84.03	38.548095703125	0.74766105	0.0002958428571428571	0.000986142857142857	53.519426107406616	5305.685816526413
98	61.08538632068622	88.87	39.059814453125	0.7451171	0.0002958	0.0009860000000000001	52.80455708503723	5358.506238460541
99	76.8265648474841	111.6	39.32470703125	0.74307895	0.00029575714285714284	0.000985857142857143	53.730626583099365	5412.252021789551
100	69.58672286527523	106.92	41.078125	0.7404861	0.0002957142857142857	0.0009857142857142857	55.231072425842285	5467.500489473343
101	69.5299727319908	102.93	39.8310546875	0.7379584	0.0002956714285714285	0.0009855714285714285	52.94060730934143	5520.442885875702
102	93.74007932161584	139.46	39.3408203125	0.73526186	0.0002956285714285714	0.0009854285714285716	55.383989334106445	5575.841452360153
103	83.57466677111508	119.11	39.5947265625	0.7327559	0.00029558571428571425	0.0009852857142857144	54.56333255767822	5630.420781612396
104	117.38491222252536	168.59	39.36572265625	0.73029727	0.0002955428571428571	0.0009851428571428572	53.971673250198364	5684.405150413513
105	120.05174483349232	169.62	39.888671875	0.7282992	0.00029549999999999997	0.000985	54.676395893096924	5739.0977437496185
106	141.15344744880196	200.29	40.138671875	0.72605425	0.00029545714285714284	0.0009848571428571428	53.35530495643616	5792.468785762787
107	140.2231860935465	200.56	39.13916015625	0.7240122	0.0002954142857142857	0.0009847142857142858	54.659207820892334	5847.140606641769
108	142.92264957952398	196.22	39.895751953125	0.7215579	0.0002953714285714285	0.0009845714285714286	55.847044467926025	5903.004477739334
109	138.74613840235764	197.54	40.411865234375	0.71900755	0.00029532857142857143	0.0009844285714285714	56.08905243873596	5959.0952706336975
110	160.6823260230453	227.97	40.18310546875	0.7180195	0.0002952857142857143	0.0009842857142857142	30.630942583084106	5989.740503787994
111	151.7086633395241	217.23	39.49365234375	0.7162196	0.0002952428571428571	0.000984142857142857	52.453474283218384	6042.194966316223
112	150.04884935521062	218.33	39.986083984375	0.7140667	0.00029519999999999997	0.000984	55.18693828582764	6097.396503448486
113	159.3964612398659	231.49	39.74951171875	0.71171194	0.00029515714285714283	0.0009838571428571429	55.3906569480896	6152.788521766663
114	169.39132179776684	243.48	39.500244140625	0.70933396	0.0002951142857142857	0.0009837142857142857	54.590453147888184	6207.380477905273
115	161.529563587881	223.49	39.500244140625	0.7076339	0.00029507142857142856	0.0009835714285714285	53.19863677024841	6260.580946445465
116	171.37559063449302	249.25	40.26318359375	0.70569676	0.0002950285714285714	0.0009834285714285715	31.403478384017944	6292.000949621201
117	187.26884524372747	274.83	39.513427734375	0.70332557	0.0002949857142857143	0.0009832857142857143	54.8352165222168	6346.852272510529
118	194.79066819690786	287.88	39.29150390625	0.7015404	0.0002949428571428571	0.0009831428571428571	55.07034969329834	6401.92449259758
119	176.52128362075794	262.34	39.5419921875	0.6993311	0.00029489999999999996	0.000983	52.49832224845886	6454.424582958221
120	201.60754288818822	283.15	40.04248046875	0.69710666	0.0002948571428571428	0.000982857142857143	52.80397176742554	6507.245311260223
121	198.9976801837642	290.32	39.293212890625	0.6956925	0.0002948142857142857	0.0009827142857142858	53.571072816848755	6560.828492879868
122	222.50751238082347	311.99	39.802978515625	0.69400376	0.00029477142857142855	0.0009825714285714286	55.803707122802734	6616.633410692215
123	214.05164517016766	301.08	39.5634765625	0.69258136	0.0002947285714285714	0.0009824285714285714	54.44396138191223	6671.089656829834
124	186.09853286835514	270.55	39.592529296875	0.6911066	0.0002946857142857143	0.0009822857142857144	55.32747960090637	6726.41920375824
125	224.75166522582143	322.05	39.842529296875	0.6892571	0.0002946428571428571	0.0009821428571428572	52.66169881820679	6779.102822542191
126	205.63635882944337	293.2	40.593017578125	0.6871507	0.00029459999999999995	0.000982	54.883747816085815	6834.00107216835
127	232.6747165595148	324.59	39.60205078125	0.68559223	0.0002945571428571428	0.0009818571428571428	55.79123044013977	6889.808483839035
128	197.80971580104128	283.88	39.8525390625	0.6840374	0.0002945142857142857	0.0009817142857142858	53.470661878585815	6943.28802895546
129	153.06701414629336	219.3	39.603271484375	0.68196654	0.00029447142857142854	0.0009815714285714287	54.81892967224121	6998.108478546143
130	191.9094443586607	280.19	39.603759765625	0.68050724	0.0002944285714285714	0.0009814285714285715	52.71474361419678	7050.8324954509735
131	146.05313807478683	203.75	39.62548828125	0.67851025	0.00029438571428571427	0.0009812857142857143	52.50233197212219	7103.336485624313
132	173.74259987818178	253.48	40.15966796875	0.67648286	0.0002943428571428571	0.000981142857142857	53.25087642669678	7156.588656663895
133	234.20947283031927	334.13	39.167236328125	0.67434186	0.00029429999999999994	0.000981	55.270549297332764	7211.860513925552
134	159.1612870962648	229.99	39.675048828125	0.67209345	0.00029425714285714286	0.000980857142857143	55.00157618522644	7266.863440275192
135	117.19199434667058	172.6	39.92578125	0.6699899	0.0002942142857142857	0.0009807142857142857	52.679141998291016	7319.556480646133
136	165.28923503622318	234.65	40.426025390625	0.66794366	0.00029417142857142854	0.0009805714285714285	52.938599586486816	7372.496843338013
137	176.53129820226616	249.89	40.426025390625	0.6655474	0.0002941285714285714	0.0009804285714285715	52.46803855895996	7424.977289915085
138	168.04882559197787	245.07	39.926025390625	0.66364837	0.00029408571428571426	0.0009802857142857144	54.260743618011475	7479.2541654109955
139	132.52234324003027	189.33	39.926025390625	0.6617956	0.0002940428571428571	0.0009801428571428572	54.932472229003906	7534.188482761383
140	201.8659296545099	293.83	39.934326171875	0.6597716	0.000294	0.00098	53.80964493751526	7587.999768733978
141	194.94263780084395	279.3	38.93408203125	0.65772367	0.00029395714285714285	0.000979857142857143	54.6424126625061	7642.644495248795
142	202.1758086710761	299.96	38.9501953125	0.6557482	0.0002939142857142857	0.0009797142857142858	55.99777340888977	7698.644187927246
143	222.03114789055783	323.08	39.9443359375	0.6540284	0.00029387142857142853	0.0009795714285714286	54.066999435424805	7752.728435754776
144	215.35925287537782	308.98	39.757080078125	0.6522385	0.0002938285714285714	0.0009794285714285714	53.32703733444214	7806.0724284648895
145	215.45514708971808	308.58	39.75830078125	0.6505802	0.00029378571428571426	0.0009792857142857144	55.06748414039612	7861.156841754913
146	237.41049880555485	346.69	40.27099609375	0.6486122	0.0002937428571428571	0.000979142857142857	52.40592336654663	7913.564487695694
147	231.47235642491657	334.34	39.77197265625	0.64679974	0.0002937	0.000979	52.4222297668457	7965.98848938942
148	221.48003553561358	314.77	39.772216796875	0.64492947	0.00029365714285714285	0.0009788571428571429	54.05031418800354	8020.051741600037
149	224.04133026823337	341.06	39.5224609375	0.6430965	0.0002936142857142857	0.0009787142857142859	53.4708514213562	8073.540479660034
150	158.74801325892597	241.72	40.290771484375	0.6411477	0.0002935714285714285	0.0009785714285714285	53.60468816757202	8127.146471500397
151	174.9976427512128	266.52	39.791015625	0.63962996	0.0002935285714285714	0.0009784285714285715	52.85872960090637	8180.020794630051
152	175.22027523408312	274.53	39.823486328125	0.6374678	0.00029348571428571425	0.0009782857142857143	54.77992510795593	8234.80277132988
153	187.09192162244682	287.76	40.07373046875	0.6352939	0.0002934428571428571	0.0009781428571428571	52.395283222198486	8287.212725639343
154	206.04069349382075	310.27	40.840087890625	0.6331549	0.0002934	0.000978	54.73544692993164	8341.964786052704
155	217.02885989049443	311.03	40.340087890625	0.6316724	0.00029335714285714284	0.000977857142857143	55.54522681236267	8397.518598794937
156	246.7017065319963	375.14	40.10009765625	0.6304201	0.0002933142857142857	0.0009777142857142858	56.20140242576599	8453.734724760056
157	229.47680783432645	351.13	40.350341796875	0.62885696	0.0002932714285714285	0.0009775714285714286	53.00395607948303	8506.76096701622
158	217.54623205723408	330.43	40.10107421875	0.6273743	0.0002932285714285714	0.0009774285714285714	54.941656827926636	8561.704485177994
159	205.82756386021182	317.82	39.62841796875	0.6256607	0.0002931857142857143	0.0009772857142857144	55.8469352722168	8617.568081855774
160	194.56642608619856	309.8	39.888671875	0.62435085	0.0002931428571428571	0.0009771428571428572	54.72653841972351	8672.296488285065
161	231.12968014217785	348.25	40.138916015625	0.6232591	0.00029309999999999997	0.000977	52.22739505767822	8724.540484189987
162	212.77337320474157	335.71	40.638916015625	0.6216014	0.00029305714285714283	0.0009768571428571428	51.807395219802856	8776.364841222763
163	229.3701228739491	343.55	40.4091796875	0.6203453	0.0002930142857142857	0.0009767142857142858	52.31507587432861	8828.69649887085
164	269.47748687410314	409.92	39.920654296875	0.61919814	0.00029297142857142856	0.0009765714285714286	53.27225184440613	8881.97040939331
165	253.56609533560143	376.43	39.927001953125	0.61767393	0.0002929285714285714	0.0009764285714285714	52.983091831207275	8934.968487977982
166	292.6121562897362	441.55	40.43603515625	0.6159237	0.0002928857142857143	0.0009762857142857144	54.95139527320862	8989.932820558548
167	273.35471354629595	403.93	39.68603515625	0.61472106	0.0002928428571428571	0.0009761428571428571	54.9433434009552	9044.888486385345
168	244.8643031442082	377.43	39.950927734375	0.6136729	0.00029279999999999996	0.000976	53.356940031051636	9098.246866703033
169	288.32220838121907	436.68	40.201171875	0.61236215	0.0002927571428571428	0.0009758571428571429	53.039021492004395	9151.300478935242
170	281.04109219538566	418.07	40.715576171875	0.6108404	0.0002927142857142857	0.0009757142857142858	55.802308320999146	9207.104285478592
171	307.4703359513989	456.59	40.715576171875	0.60915035	0.00029267142857142855	0.0009755714285714285	54.10289931297302	9261.224490642548
172	297.68077621812785	442.16	39.98388671875	0.60804117	0.0002926285714285714	0.0009754285714285714	55.396817445755005	9316.623098611832
173	290.7327949336946	440.56	39.73974609375	0.6066515	0.0002925857142857143	0.0009752857142857143	56.65126085281372	9373.28877234459
174	304.8277883079089	452.03	40.751953125	0.60522515	0.0002925428571428571	0.0009751428571428571	53.70509338378906	9427.006549596786
175	294.99343622347425	438.12	41.259033203125	0.60362196	0.00029249999999999995	0.000975	53.8397798538208	9480.86880159378
176	304.7544890674566	452.38	40.016845703125	0.6020433	0.0002924571428571428	0.0009748571428571429	52.372326374053955	9533.250792264938
177	315.2596041380432	465.56	40.521240234375	0.6005864	0.0002924142857142857	0.0009747142857142858	53.075398445129395	9586.340919017792
178	294.41523268088434	444.92	40.283447265625	0.59902096	0.00029237142857142855	0.0009745714285714286	52.99500346183777	9639.352485179901
179	305.0027486329264	461.84	40.039306640625	0.597549	0.0002923285714285714	0.0009744285714285714	52.78577470779419	9692.140075922012
180	323.26738836913404	461.53	39.54248046875	0.5963499	0.0002922857142857143	0.0009742857142857143	53.49501991271973	9745.652472257614
181	308.473750348109	462.19	40.058349609375	0.5945933	0.00029224285714285714	0.0009741428571428572	54.94621205329895	9800.600487470627
182	280.1463088667508	414.16	40.065185546875	0.5930837	0.00029219999999999995	0.000974	54.68730425834656	9855.289345741272
183	247.70557139491316	378.65	40.072509765625	0.59184605	0.0002921571428571428	0.0009738571428571428	54.83552646636963	9910.140969753265
184	238.4834783800147	344.77	40.832275390625	0.59050226	0.0002921142857142857	0.0009737142857142858	55.650806188583374	9965.808481931686
185	231.06252103291303	351.25	40.5869140625	0.58941954	0.00029207142857142854	0.0009735714285714286	54.253682374954224	10020.064004421234
186	230.0075344415582	339.59	40.3466796875	0.58823186	0.0002920285714285714	0.0009734285714285715	52.13040518760681	10072.212484359741
187	254.58168685044805	385.62	40.353515625	0.5867986	0.00029198571428571427	0.0009732857142857143	52.805909395217896	10125.020493507385
188	260.3112664292384	384.31	40.113525390625	0.58509076	0.0002919428571428571	0.0009731428571428571	52.28259801864624	10177.304799556732
189	235.47675910089833	370.52	40.871337890625	0.584858	0.0002919	0.000973	30.0193989276886	10207.332812070847
190	251.76363262290536	382.25	40.624267578125	0.584747	0.00029185714285714286	0.0009728571428571429	29.91778039932251	10237.258881568909
191	294.87507736695875	446.91	40.39501953125	0.5846301	0.0002918142857142857	0.0009727142857142857	30.192230939865112	10267.452490091324
192	286.9516063604034	433.55	40.895263671875	0.58450234	0.00029177142857142853	0.0009725714285714285	28.912081718444824	10296.36614871025
193	313.83288740727454	472.57	40.649658203125	0.5843506	0.0002917285714285714	0.0009724285714285715	29.5770001411438	10325.944525003433
194	357.83466473189475	545.11	41.408447265625	0.5842012	0.00029168571428571426	0.0009722857142857144	29.29226851463318	10355.249388456345
195	339.2647722727429	517.54	40.91796875	0.5840611	0.0002916428571428571	0.0009721428571428572	29.087449550628662	10384.352489471436
196	407.7190420567463	579.77	40.921875	0.58390576	0.0002916	0.000972	28.930753469467163	10413.28469491005
197	358.51048174156824	550.63	40.191650390625	0.5837459	0.00029155714285714285	0.0009718571428571429	29.511404991149902	10442.808525562286
198	432.43588874543474	638.42	40.433837890625	0.58358383	0.0002915142857142857	0.0009717142857142858	29.087316036224365	10471.904485702515
199	339.0873362579742	542.22	40.9482421875	0.58341414	0.0002914714285714285	0.0009715714285714285	28.954166412353516	10500.860515356064
200	336.66097780578616	524.65	42.20703125	0.5832522	0.0002914285714285714	0.0009714285714285714	28.735601663589478	10529.60850739479
201	348.72352280478617	532.38	40.966552734375	0.58310574	0.00029138571428571425	0.0009712857142857144	28.911476373672485	10558.528559684753
202	412.2158984896971	614.34	39.97900390625	0.5829555	0.0002913428571428571	0.0009711428571428573	29.38393545150757	10587.928822040558
203	400.17837245026766	583.61	41.481201171875	0.58281565	0.0002913	0.000971	29.198100566864014	10617.14252614975
204	419.7312878442176	616.69	40.481689453125	0.5826765	0.00029125714285714284	0.0009708571428571429	29.783530712127686	10646.940498113632
205	421.83939947709035	621.34	41.247314453125	0.58254135	0.0002912142857142857	0.0009707142857142858	29.691423654556274	10676.652308940887
206	404.81516136079915	601.77	40.75390625	0.582403	0.0002911714285714285	0.0009705714285714285	29.48738694190979	10706.156480789185
207	401.4846085207976	562.78	40.76123046875	0.5822734	0.0002911285714285714	0.0009704285714285714	29.802972316741943	10735.960515975952
208	426.12150795113115	628.83	40.7724609375	0.58215046	0.00029108571428571424	0.0009702857142857143	29.85153365135193	10765.824464321136
209	412.94722415008704	595.02	40.789306640625	0.582026	0.0002910428571428571	0.0009701428571428572	29.36765694618225	10795.208498239517
210	437.3761681068539	616.22	40.79541015625	0.58188385	0.00029099999999999997	0.0009699999999999999	29.50717258453369	10824.71674323082
211	385.86263593431477	564.31	40.80517578125	0.58174324	0.00029095714285714284	0.0009698571428571429	29.552639484405518	10854.286614894867
212	350.37168887892864	499.94	40.8095703125	0.5816081	0.0002909142857142857	0.0009697142857142858	28.78866195678711	10883.07659649849
213	442.0869115569915	624.7	40.566162109375	0.58135355	0.0002908714285714285	0.0009695714285714286	29.715357303619385	10912.796498060226
214	394.89697247918843	572.28	40.577880859375	0.5812182	0.0002908285714285714	0.0009694285714285714	29.44541907310486	10942.243396520615
215	459.61427468004496	639.81	40.835693359375	0.5810732	0.0002907857142857143	0.0009692857142857143	29.22751259803772	10971.484555244446
216	399.3774101233011	591.55	41.093994140625	0.5809187	0.00029074285714285715	0.0009691428571428572	29.582914352416992	11001.068818807602
217	449.75011856544546	639.11	40.85302734375	0.58076984	0.00029069999999999996	0.000969	30.47279667854309	11031.557876348495
218	453.2517674806888	645.71	40.609130859375	0.5804183	0.00029065714285714283	0.0009688571428571428	30.38796877861023	11061.956913232803
219	363.46918131212374	541.66	40.617919921875	0.5802209	0.0002906142857142857	0.0009687142857142857	29.3935227394104	11091.351947546005
220	414.6897307765099	612.41	40.875	0.5800225	0.00029057142857142856	0.0009685714285714286	29.375123023986816	11120.744268894196
221	425.9093828192531	603.35	40.883056640625	0.5798122	0.0002905285714285714	0.0009684285714285715	29.86802363395691	11150.628897666931
222	353.0234441215954	515.47	40.892333984375	0.57959014	0.0002904857142857143	0.0009682857142857143	30.682270288467407	11181.312591552734
223	373.41788392271616	548.57	40.650634765625	0.57938236	0.00029044285714285715	0.0009681428571428572	29.11935567855835	11210.433507204056
224	372.1191119150386	543.87	40.907470703125	0.5791741	0.00029039999999999996	0.000968	29.161505222320557	11239.59647846222
225	375.0216320146641	558.74	40.666748046875	0.5789853	0.0002903571428571428	0.0009678571428571429	30.6705482006073	11270.268514156342
226	360.8999108319942	529.57	40.673095703125	0.5787969	0.0002903142857142857	0.0009677142857142857	30.902947664260864	11301.172496080399
227	362.8609158611216	523.08	40.93115234375	0.57861733	0.00029027142857142855	0.0009675714285714285	30.31460189819336	11331.48850107193
228	297.4533317875293	452.7	41.43603515625	0.5784294	0.0002902285714285714	0.0009674285714285714	29.813658952713013	11361.303613424301
229	363.8314653669919	548.07	41.19677734375	0.5782491	0.0002901857142857143	0.0009672857142857144	29.023242712020874	11390.34367108345
230	338.3799755322647	527.64	41.705810546875	0.57806337	0.00029014285714285714	0.0009671428571428572	29.11926007270813	11419.484188079834
231	395.6821140235034	580.69	41.211669921875	0.5778778	0.00029009999999999995	0.000967	30.374255657196045	11449.868563890457
232	362.33944566090156	548.17	41.470703125	0.5777084	0.0002900571428571428	0.0009668571428571429	29.123489379882812	11479.004647493362
233	316.30038367038367	485.0	41.478271484375	0.5775371	0.0002900142857142857	0.0009667142857142858	29.090353965759277	11508.09648180008
234	295.4071104750844	447.25	40.243408203125	0.5772459	0.00028997142857142854	0.0009665714285714285	29.17573857307434	11537.280819177628
235	391.6708398104547	605.04	41.494873046875	0.5771019	0.0002899285714285714	0.0009664285714285714	29.9594144821167	11567.248492717743
236	377.9387795721443	585.16	41.253662109375	0.57696384	0.00028988571428571427	0.0009662857142857143	29.310852527618408	11596.560811281204
237	400.96675022072935	604.18	41.2607421875	0.576836	0.00028984285714285713	0.0009661428571428573	29.174269437789917	11625.736514568329
238	400.7654052637954	597.67	41.265380859375	0.5766805	0.00028979999999999994	0.000966	28.52070140838623	11654.269914865494
239	453.937158176562	665.17	41.527587890625	0.5765157	0.0002897571428571428	0.0009658571428571429	28.92373824119568	11683.195160150528
240	380.3231209037687	587.51	41.035888671875	0.5763615	0.0002897142857142857	0.0009657142857142858	29.427385568618774	11712.636505842209
241	378.25976466153764	567.97	41.541748046875	0.576221	0.00028967142857142853	0.0009655714285714286	30.361199140548706	11742.99872970581
242	451.7174964595509	687.77	42.05078125	0.5759593	0.0002896285714285714	0.0009654285714285714	30.11539125442505	11773.128498792648
243	454.4116423045031	678.02	41.557861328125	0.5758409	0.00028958571428571426	0.0009652857142857143	28.897867679595947	11802.034783124924
244	443.10143471033393	667.85	41.564208984375	0.5757247	0.0002895428571428571	0.0009651428571428572	29.087772846221924	11831.124089241028
245	452.8520087866063	686.75	41.573974609375	0.57560474	0.0002895	0.000965	29.2429780960083	11860.368481397629
246	395.9915200660333	596.26	41.332763671875	0.5754929	0.00028945714285714285	0.0009648571428571428	29.878724098205566	11890.248670816422
247	447.1569435508852	715.88	41.5908203125	0.575376	0.0002894142857142857	0.0009647142857142858	30.204829692840576	11920.454545497894
248	469.6266540084762	723.69	41.596435546875	0.57525855	0.0002893714285714285	0.0009645714285714286	29.463468551635742	11949.932540655136
249	455.31180471777037	677.82	41.606201171875	0.57513577	0.0002893285714285714	0.0009644285714285715	29.247884035110474	11979.20033955574
250	415.4245169865671	618.16	41.609619140625	0.57502544	0.00028928571428571425	0.0009642857142857143	29.01940155029297	12008.236493349075
251	435.14015851819335	639.35	41.371826171875	0.5749135	0.0002892428571428571	0.0009641428571428572	29.32373857498169	12037.572942018509
252	399.3887726776935	594.64	40.886474609375	0.57480973	0.0002892	0.000964	28.36730694770813	12065.952502250671
253	458.99787161131167	684.94	41.63623046875	0.57470083	0.00028915714285714285	0.0009638571428571429	28.58955669403076	12094.543095111847
254	448.5477302144947	674.24	41.89453125	0.5745929	0.0002891142857142857	0.0009637142857142857	29.949331283569336	12124.514209747314
255	463.5075282026817	670.59	41.649169921875	0.57447225	0.0002890714285714285	0.0009635714285714285	29.487048149108887	12154.01283788681
256	490.89000298169924	714.89	41.908447265625	0.5742293	0.0002890285714285714	0.0009634285714285715	29.27800965309143	12183.30694103241
257	440.97741840915916	654.29	41.667724609375	0.5741115	0.00028898571428571425	0.0009632857142857144	29.135666847229004	12212.456511497498
258	488.18342299920914	737.8	41.677734375	0.5740124	0.0002889428571428571	0.0009631428571428572	29.0915367603302	12241.560508966446
259	420.3824366337261	652.44	41.934814453125	0.57389635	0.0002889	0.000963	29.75670075416565	12271.318738222122
260	384.79690628067124	612.52	41.691650390625	0.573782	0.00028885714285714284	0.0009628571428571429	29.189526319503784	12300.518709421158
261	390.4374449193514	633.19	41.700927734375	0.5735226	0.0002888142857142857	0.0009627142857142857	29.9167959690094	12330.449899435043
262	455.17480006561874	702.46	42.209228515625	0.57340497	0.0002887714285714285	0.0009625714285714285	29.662686347961426	12360.128471851349
263	478.8221206223871	711.43	41.716552734375	0.5732633	0.0002887285714285714	0.0009624285714285714	29.33456778526306	12389.464498758316
264	407.2682450741165	613.76	41.2236328125	0.57311195	0.00028868571428571424	0.0009622857142857144	29.00882625579834	12418.47477221489
265	464.3342994357905	691.69	41.729736328125	0.57296306	0.00028864285714285716	0.0009621428571428572	29.318980932235718	12447.795073747635
266	465.4689869712362	675.78	41.738037109375	0.5728292	0.00028859999999999997	0.000962	29.7875714302063	12477.596662044525
267	518.8695853969506	740.07	41.996826171875	0.57269764	0.00028855714285714283	0.0009618571428571429	30.278591871261597	12507.876497983932
268	482.50387191799257	709.1	41.756591796875	0.5725807	0.0002885142857142857	0.0009617142857142858	30.52695608139038	12538.405131101608
269	463.8900765233121	692.02	41.76123046875	0.57247144	0.0002884714285714285	0.0009615714285714285	29.34943175315857	12567.770384550095
270	470.1790388841504	696.72	41.771484375	0.5723528	0.0002884285714285714	0.0009614285714285714	30.463483572006226	12598.252585172653
271	420.6404589110723	658.07	41.779052734375	0.57222766	0.0002883857142857143	0.0009612857142857143	29.61568260192871	12627.880856752396
272	514.4101736885433	770.21	42.785888671875	0.5719648	0.00028834285714285715	0.0009611428571428572	30.763050317764282	12658.656182289124
273	509.42126110523895	756.53	41.2958984375	0.5718389	0.00028829999999999996	0.0009609999999999999	29.54642605781555	12688.204485177994
274	452.6598351977843	672.73	41.802490234375	0.5717072	0.0002882571428571428	0.0009608571428571429	30.131502866744995	12718.360494852066
275	432.04322373051474	673.27	41.808837890625	0.57159036	0.0002882142857142857	0.0009607142857142858	28.667399644851685	12747.040494203568
276	470.81378143763925	714.33	41.818115234375	0.5714735	0.00028817142857142855	0.0009605714285714286	29.48246717453003	12776.524485111237
277	478.37530335852665	721.46	41.822509765625	0.571359	0.0002881285714285714	0.0009604285714285714	29.131867170333862	12805.67695260048
278	483.51032525311456	723.32	42.083740234375	0.5712409	0.0002880857142857143	0.0009602857142857143	29.843756198883057	12835.528848409653
279	470.61323083596585	698.41	41.842041015625	0.5711129	0.00028804285714285714	0.0009601428571428572	29.027389764785767	12864.568482160568
280	471.57935399876425	728.02	41.849853515625	0.5709825	0.00028799999999999995	0.00096	30.56760883331299	12895.148481369019
281	510.58297166776595	770.51	41.856201171875	0.57085437	0.0002879571428571428	0.0009598571428571428	30.539769172668457	12925.692829847336
282	498.28088483214617	729.0	42.364990234375	0.5707289	0.0002879142857142857	0.0009597142857142857	29.702076196670532	12955.396478652954
283	476.8920573470189	724.41	41.6220703125	0.57060194	0.00028787142857142854	0.0009595714285714286	30.75491738319397	12986.152815818787
284	532.7779220099649	812.34	41.8818359375	0.5704717	0.0002878285714285714	0.0009594285714285715	31.363361597061157	13017.532489299774
285	467.272727378406	702.26	42.13916015625	0.57021135	0.00028778571428571427	0.0009592857142857143	30.736037969589233	13048.28848528862
286	503.3076226278473	760.26	41.897705078125	0.57007945	0.00028774285714285714	0.0009591428571428572	29.18693733215332	13077.476925373077
287	469.9840567782124	725.31	41.405029296875	0.56994987	0.00028769999999999995	0.000959	30.572046279907227	13108.050338029861
288	515.9395623613287	767.14	41.909423828125	0.56981903	0.0002876571428571428	0.0009588571428571429	30.103413581848145	13138.168494939804
289	471.8773635251701	743.37	41.920166015625	0.56968737	0.0002876142857142857	0.0009587142857142857	29.084895610809326	13167.254950523376
290	502.13852315642725	760.06	41.428466796875	0.5695588	0.00028757142857142854	0.0009585714285714286	29.50350332260132	13196.772600889206
291	515.786147774078	797.43	41.929443359375	0.56942254	0.0002875285714285714	0.0009584285714285714	30.16755723953247	13226.956518173218
292	482.92774885844256	738.03	41.944580078125	0.5692921	0.00028748571428571427	0.0009582857142857144	28.892040729522705	13255.864474058151
293	492.658637127168	747.71	41.952392578125	0.5691627	0.00028744285714285713	0.0009581428571428572	29.646538257598877	13285.52359175682
294	537.2219874779854	822.54	41.96044921875	0.5690368	0.00028739999999999994	0.000958	29.571951150894165	13315.09649515152
295	503.9721866948527	745.75	42.2177734375	0.56890243	0.00028735714285714286	0.0009578571428571429	29.130635261535645	13344.228717565536
296	560.1969120278184	828.32	41.97265625	0.5687775	0.0002873142857142857	0.0009577142857142858	29.11450743675232	13373.344326734543
297	521.6474003350661	779.28	42.233154296875	0.56852245	0.00028727142857142853	0.0009575714285714285	29.30706238746643	13402.652798652649
298	509.1686502551063	784.88	41.991943359375	0.5683888	0.0002872285714285714	0.0009574285714285714	29.09405255317688	13431.759237289429
299	540.6625593511181	809.93	41.748779296875	0.5682568	0.00028718571428571426	0.0009572857142857143	28.666133165359497	13460.439245939255
300	491.1323601796845	773.49	42.00341796875	0.5681353	0.0002871428571428571	0.0009571428571428573	29.017362594604492	13489.470326185226
301	476.16536878267414	767.17	42.014892578125	0.56802136	0.0002871	0.000957	28.859919786453247	13518.33165049553
302	463.4255231240897	739.96	41.030517578125	0.567903	0.00028705714285714285	0.0009568571428571429	29.180745363235474	13547.521175146103
303	465.93798268937877	725.63	41.281494140625	0.5677826	0.0002870142857142857	0.0009567142857142858	28.94481897354126	13576.484529018402
304	493.0892743748364	780.56	42.288330078125	0.56767124	0.0002869714285714286	0.0009565714285714287	28.92874026298523	13605.41455245018
305	457.32775195736997	725.59	42.294189453125	0.56755006	0.0002869285714285714	0.0009564285714285714	30.022040128707886	13635.44697380066
306	565.1747136571104	855.61	41.8017578125	0.5674179	0.00028688571428571425	0.0009562857142857143	29.437333583831787	13664.89849972725
307	503.16707937576757	777.55	42.06201171875	0.567283	0.0002868428571428571	0.0009561428571428572	29.6683452129364	13694.568531274796
308	485.38245666732803	731.48	42.07080078125	0.56715316	0.0002868	0.0009559999999999999	29.7794291973114	13724.356498718262
309	500.438801219395	749.13	42.32861328125	0.56686825	0.00028675714285714284	0.0009558571428571428	29.4108829498291	13753.768480300903
310	515.5912128298318	788.94	42.08544921875	0.5667298	0.0002867142857142857	0.0009557142857142858	29.16734552383423	13782.948479175568
311	516.2396601262753	796.47	42.34375	0.56658787	0.0002866714285714285	0.0009555714285714286	29.067065715789795	13812.031512022018
312	515.2841519943406	791.74	41.850830078125	0.5664476	0.0002866285714285714	0.0009554285714285714	29.875340938568115	13841.920548200607
313	484.89490393705535	772.99	41.609130859375	0.5663176	0.00028658571428571424	0.0009552857142857143	29.087026834487915	13871.011453390121
314	460.4394421488161	738.73	42.367919921875	0.5660594	0.0002865428571428571	0.0009551428571428572	30.632399320602417	13901.656827449799
315	524.1601288731972	804.95	42.12646484375	0.56591815	0.00028649999999999997	0.000955	29.89808416366577	13931.556502819061
316	492.3679253758075	766.37	42.38330078125	0.56577665	0.00028645714285714283	0.0009548571428571428	29.612013578414917	13961.170066356659
317	556.7416536928097	813.77	41.890625	0.56563085	0.0002864142857142857	0.0009547142857142857	30.139257431030273	13991.324506759644
318	514.5124584341079	783.79	42.398193359375	0.5654834	0.00028637142857142856	0.0009545714285714286	28.779674291610718	14020.116793394089
319	487.9906117550451	748.66	42.152587890625	0.5653317	0.00028632857142857137	0.0009544285714285715	29.663888216018677	14049.792961835861
320	455.106109799395	688.95	41.909912109375	0.5651707	0.00028628571428571424	0.0009542857142857143	29.50621724128723	14079.300495386124
321	438.8713901454888	678.77	41.917236328125	0.56501335	0.00028624285714285715	0.0009541428571428572	28.854900121688843	14108.16808462143
322	444.08149623951454	683.43	41.67529296875	0.56485337	0.00028619999999999996	0.000954	29.795257329940796	14137.96847653389
323	469.10244593471674	711.27	41.67529296875	0.5647016	0.00028615714285714283	0.0009538571428571429	28.922348260879517	14166.903274774551
324	482.6843111917474	734.5	42.4423828125	0.56455904	0.0002861142857142857	0.0009537142857142857	28.958993673324585	14195.876095294952
325	514.4476381260858	763.08	41.706787109375	0.5644274	0.00028607142857142856	0.0009535714285714285	29.01901888847351	14224.896480083466
326	554.4425865940342	818.41	42.202880859375	0.5643064	0.0002860285714285714	0.0009534285714285714	28.40543484687805	14253.31454539299
327	567.4189879919966	830.22	42.215087890625	0.56418127	0.0002859857142857143	0.0009532857142857143	28.579365015029907	14281.91249203682
328	532.0518065111364	776.36	42.223388671875	0.5640543	0.00028594285714285715	0.0009531428571428572	29.22742223739624	14311.148506641388
329	558.6847825568487	807.97	42.2314453125	0.5639356	0.00028589999999999996	0.000953	29.023308515548706	14340.180555820465
330	554.1621437290688	825.01	42.7392578125	0.56364495	0.0002858571428571428	0.0009528571428571429	29.784926176071167	14369.966644763947
331	566.1886675321487	844.05	42.997314453125	0.56348234	0.0002858142857142857	0.0009527142857142858	29.9397132396698	14399.91675376892
332	561.6142220990527	853.71	42.25537109375	0.5633195	0.00028577142857142855	0.0009525714285714286	30.927542686462402	14430.860493183136
333	535.0618978625678	825.5	42.512451171875	0.56314546	0.0002857285714285714	0.0009524285714285714	30.03864288330078	14460.900818824768
334	566.089102889956	858.85	42.270263671875	0.5629826	0.0002856857142857143	0.0009522857142857143	30.07879877090454	14490.980787277222
335	627.4228536320499	930.64	42.027587890625	0.56282645	0.00028564285714285714	0.0009521428571428572	29.086179971694946	14520.068472385406
336	544.7516636688671	790.28	42.282470703125	0.5626664	0.00028559999999999995	0.0009519999999999999	29.631157159805298	14549.700614213943
337	571.9277564132489	832.28	42.29296875	0.56251246	0.0002855571428571428	0.0009518571428571429	29.369892358779907	14579.072520494461
338	519.1662998274035	797.45	42.552734375	0.56225604	0.0002855142857142857	0.0009517142857142858	29.230900764465332	14608.304472923279
339	539.8364493098734	811.38	42.310546875	0.5621235	0.00028547142857142854	0.0009515714285714286	29.210623741149902	14637.527714967728
340	531.6559334254324	823.22	42.064208984375	0.5619872	0.0002854285714285714	0.0009514285714285714	29.239919900894165	14666.777099370956
341	537.0061668217953	850.09	42.073974609375	0.56185347	0.00028538571428571427	0.0009512857142857143	29.183051347732544	14695.976028680801
342	491.09751857722534	809.14	42.3349609375	0.56172854	0.00028534285714285713	0.0009511428571428572	29.215638160705566	14725.196779966354
343	482.62138686772795	796.25	42.590576171875	0.5616033	0.00028529999999999994	0.000951	29.09057068824768	14754.288511753082
344	486.1930145038347	800.76	42.349609375	0.5614837	0.0002852571428571428	0.0009508571428571428	29.89968466758728	14784.200873613358
345	467.116581785194	741.41	42.10546875	0.5613591	0.00028521428571428567	0.0009507142857142857	29.019888639450073	14813.222236394882
346	520.6860424160411	835.83	42.864013671875	0.56123656	0.0002851714285714286	0.0009505714285714287	29.091612339019775	14842.328790903091
347	572.368295856293	875.84	41.63134765625	0.56111467	0.0002851285714285714	0.0009504285714285715	30.83123755455017	14873.176491498947
348	558.0924661777531	850.07	42.382080078125	0.5609834	0.00028508571428571426	0.0009502857142857143	30.347398042678833	14903.53648352623
349	639.9106105135152	925.48	42.39013671875	0.5608538	0.0002850428571428571	0.0009501428571428572	29.99552845954895	14933.532927274704
350	601.7161535683122	884.38	42.396728515625	0.5607245	0.000285	0.00095	29.759608507156372	14963.30480003357
351	638.2550038754906	908.06	41.904052734375	0.5605941	0.00028495714285714285	0.0009498571428571429	30.845534324645996	14994.162767887115
352	617.3851840582875	858.11	42.412109375	0.56047773	0.0002849142857142857	0.0009497142857142857	28.335710763931274	15022.51281785965
353	570.2497710575375	816.03	42.418701171875	0.5603643	0.0002848714285714286	0.0009495714285714286	28.602369785308838	15051.116164922714
354	571.5698380748621	820.58	42.427978515625	0.5602544	0.0002848285714285714	0.0009494285714285714	29.234910488128662	15080.368023395538
355	558.4119517963917	783.05	42.436767578125	0.56014776	0.00028478571428571425	0.0009492857142857144	28.861911296844482	15109.247051477432
356	511.95429656889297	727.23	42.193603515625	0.559911	0.0002847428571428571	0.0009491428571428572	29.46690535545349	15138.715565681458
357	532.0785410971039	761.29	42.4521484375	0.5597938	0.0002847	0.000949	29.736568689346313	15168.46977853775
358	515.8879840959332	778.29	41.71630859375	0.55967236	0.00028465714285714285	0.0009488571428571429	29.21557092666626	15197.696791648865
359	521.1696896802931	784.64	42.466552734375	0.5595488	0.0002846142857142857	0.0009487142857142858	28.966036319732666	15226.674961090088
360	555.3774088435111	816.98	42.474365234375	0.5594257	0.00028457142857142857	0.0009485714285714286	29.947553157806396	15256.636478185654
361	521.0399657812695	795.95	42.481689453125	0.55929774	0.0002845285714285714	0.0009484285714285714	30.627758979797363	15287.272942066193
362	563.886947531598	855.61	43.24072265625	0.55903107	0.00028448571428571425	0.0009482857142857143	29.6013925075531	15316.875857591629
363	542.2025400738017	836.99	42.500244140625	0.55890423	0.0002844428571428571	0.0009481428571428571	28.687546491622925	15345.584483623505
364	587.6118954228881	886.53	42.507080078125	0.5587901	0.0002844	0.000948	29.063111305236816	15374.64913725853
365	548.3329720357972	813.48	42.765380859375	0.55868524	0.00028435714285714284	0.0009478571428571429	30.71464991569519	15405.365044355392
366	489.2413847003964	708.45	42.522705078125	0.55857724	0.0002843142857142857	0.0009477142857142858	30.500725269317627	15435.881900310516
367	519.9695830996034	746.34	42.780029296875	0.55846936	0.00028427142857142857	0.0009475714285714286	29.0694522857666	15465.003328561783
368	509.98374862545666	762.13	43.284423828125	0.5583664	0.0002842285714285714	0.0009474285714285714	30.70015859603882	15495.880484342575
369	475.6151013119818	722.09	43.546142578125	0.55826586	0.00028418571428571424	0.0009472857142857143	29.21198844909668	15525.096493244171
370	512.6679234616894	755.48	43.304931640625	0.5581581	0.0002841428571428571	0.0009471428571428572	30.43433380126953	15555.548479795456
371	435.9594654480872	659.96	42.810791015625	0.5579182	0.00028409999999999997	0.0009469999999999999	30.677721977233887	15586.41307425499
372	498.60246749688696	731.93	43.0693359375	0.5577905	0.00028405714285714283	0.0009468571428571428	30.676397562026978	15617.136864185333
373	438.38641271065205	687.09	43.576416015625	0.5576709	0.0002840142857142857	0.0009467142857142858	30.619370222091675	15647.77268242836
374	473.58781810077926	735.17	43.086181640625	0.5575483	0.00028397142857142856	0.0009465714285714287	30.425410509109497	15678.200540065765
375	466.89645600980623	726.06	43.593994140625	0.5574332	0.00028392857142857137	0.0009464285714285714	29.52626085281372	15707.738716840744
376	484.4072102754617	731.22	43.100830078125	0.5573255	0.0002838857142857143	0.0009462857142857143	28.89974331855774	15736.652842760086
377	529.62176934005	806.08	42.11669921875	0.55721724	0.00028384285714285715	0.0009461428571428572	28.506120920181274	15765.160476922989
378	552.2443547223776	841.55	43.618408203125	0.55709916	0.00028379999999999996	0.000946	30.466554880142212	15795.628497838974
379	519.2637106474082	784.69	43.374267578125	0.5569828	0.0002837571428571428	0.0009458571428571428	30.36781883239746	15826.004782676697
380	548.7314856283682	842.08	43.132080078125	0.55687135	0.0002837142857142857	0.0009457142857142857	30.729870319366455	15856.736744642258
381	544.966677534583	840.01	42.64990234375	0.556761	0.00028367142857142855	0.0009455714285714286	30.398563861846924	15887.136833429337
382	534.9976790849423	813.35	43.146728515625	0.5565264	0.0002836285714285714	0.0009454285714285715	29.089622020721436	15916.23905301094
383	573.8894481941638	882.56	43.156494140625	0.55640477	0.0002835857142857143	0.0009452857142857143	28.726991891860962	15944.976123094559
384	550.3976666356439	836.58	43.66455078125	0.55629	0.00028354285714285714	0.0009451428571428572	28.879483222961426	15973.868479013443
385	516.4705945873085	819.65	44.172119140625	0.55618	0.00028349999999999995	0.000945	29.666862964630127	16003.53650546074
386	502.65761390292255	808.22	43.431396484375	0.55606693	0.0002834571428571428	0.0009448571428571429	29.46016263961792	16032.997780799866
387	546.3994872029459	853.59	43.19580078125	0.5559531	0.0002834142857142857	0.0009447142857142857	30.439738273620605	16063.452798604965
388	496.10929933801395	798.71	43.6962890625	0.55584115	0.00028337142857142854	0.0009445714285714286	30.867372035980225	16094.332500219345
389	555.5583734739554	863.69	44.2041015625	0.5557346	0.0002833285714285714	0.0009444285714285714	29.515244722366333	16123.84880399704
390	489.5908026838599	770.43	43.2119140625	0.55562836	0.00028328571428571427	0.0009442857142857143	30.627354621887207	16154.484551668167
391	560.2874019449357	856.6	42.720458984375	0.5555101	0.00028324285714285714	0.0009441428571428572	28.615338802337646	16183.116472005844
392	519.5932946537247	784.63	43.977294921875	0.55539364	0.00028319999999999994	0.000944	28.895384788513184	16212.024495363235
393	506.1525753441798	770.1	43.986572265625	0.5552764	0.0002831571428571428	0.0009438571428571429	29.970321893692017	16241.996481180191
394	465.45204571859796	717.62	43.242431640625	0.55515975	0.00028311428571428567	0.0009437142857142858	28.92917823791504	16270.927111148834
395	515.6708866859973	783.21	43.500732421875	0.5550401	0.00028307142857142854	0.0009435714285714286	28.86031675338745	16299.804754257202
396	503.0824883489966	763.88	43.251220703125	0.5549239	0.0002830285714285714	0.0009434285714285714	28.971401691436768	16328.788480043411
397	530.2378756552771	807.64	43.267333984375	0.55482936	0.00028298571428571426	0.0009432857142857143	29.434548377990723	16358.224489927292
398	571.8312639708364	867.13	42.532958984375	0.5547434	0.00028294285714285713	0.0009431428571428572	30.033368825912476	16388.270529031754
399	592.9716029272073	874.01	43.53173828125	0.55465937	0.00028289999999999994	0.0009429999999999999	28.873196601867676	16417.145173311234
400	532.83570311189	809.64	42.048828125	0.55451417	0.0002828571428571428	0.0009428571428571429	29.77938747406006	16446.940472364426
401	601.936965074522	908.57	42.80322265625	0.55443877	0.0002828142857142857	0.0009427142857142858	30.362245321273804	16477.308839321136
402	573.9162042847647	870.65	43.306396484375	0.55436164	0.0002827714285714286	0.0009425714285714287	30.92203450202942	16508.244488716125
403	536.7255154932288	812.09	44.314697265625	0.55429006	0.0002827285714285714	0.0009424285714285714	28.885321855545044	16537.132760047913
404	554.7528910385935	843.36	43.32275390625	0.55422	0.00028268571428571426	0.0009422857142857143	30.638072729110718	16567.79251885414
405	517.1510537793505	803.48	43.080078125	0.55402714	0.0002826428571428571	0.0009421428571428572	30.453487396240234	16598.24848818779
406	565.5628348093052	864.29	43.586181640625	0.55392784	0.0002826	0.000942	30.3172926902771	16628.58321237564
407	566.8700743959668	872.82	43.595703125	0.5538265	0.00028255714285714285	0.0009418571428571428	30.70229959487915	16659.308164596558
408	601.6497841104775	929.07	43.352783203125	0.5537248	0.0002825142857142857	0.0009417142857142857	30.70220708847046	16690.029007673264
409	582.1530784835905	888.24	43.11181640625	0.5536226	0.0002824714285714286	0.0009415714285714287	29.613260507583618	16719.64567399025
410	629.8802570857366	955.77	43.3662109375	0.55351317	0.0002824285714285714	0.0009414285714285715	29.08011770248413	16748.728236436844
411	617.0246791484944	946.4	43.128662109375	0.5534062	0.00028238571428571425	0.0009412857142857143	29.03025197982788	16777.76003575325
412	640.7730537372394	950.05	43.13427734375	0.55330503	0.0002823428571428571	0.0009411428571428572	28.911465167999268	16806.672597885132
413	618.4355810512891	965.57	43.390625	0.55314034	0.0002823	0.0009410000000000001	30.645365715026855	16837.33449268341
414	607.4301093684169	913.29	43.6513671875	0.5530576	0.00028225714285714284	0.0009408571428571428	29.855488061904907	16867.200568675995
415	627.3640643370634	946.07	42.9169921875	0.5529681	0.0002822142857142857	0.0009407142857142857	29.450953006744385	16896.652498722076
416	599.3799350109593	900.59	43.41650390625	0.5528744	0.00028217142857142857	0.0009405714285714286	29.432365655899048	16926.10195207596
417	616.5988026328067	924.24	42.6806640625	0.55278	0.0002821285714285714	0.0009404285714285714	29.786856651306152	16955.907710790634
418	572.9576843468384	855.19	43.6826171875	0.5526919	0.00028208571428571424	0.0009402857142857142	28.54848837852478	16984.477558135986
419	551.8940069296642	849.23	43.940185546875	0.55259717	0.0002820428571428571	0.0009401428571428572	28.71537470817566	17013.204514741898
420	512.1173511519889	789.01	43.4462890625	0.5524201	0.00028199999999999997	0.00094	29.77226686477661	17042.99343895912
421	529.8953732595506	819.14	43.705078125	0.55233425	0.00028195714285714283	0.0009398571428571429	29.63543176651001	17072.644553422928
422	592.6470087586019	902.28	43.71142578125	0.5522346	0.0002819142857142857	0.0009397142857142857	29.003586053848267	17101.664566278458
423	596.011153709933	900.64	44.220458984375	0.5521312	0.00028187142857142856	0.0009395714285714286	28.967166423797607	17130.633762836456
424	570.1416606608088	875.37	43.727783203125	0.5520283	0.00028182857142857137	0.0009394285714285714	29.969416856765747	17160.60469007492
425	609.3991665891383	926.47	43.245361328125	0.5519137	0.00028178571428571423	0.0009392857142857143	29.674736738204956	17190.280477762222
426	615.3836916979985	939.62	43.9951171875	0.55181617	0.0002817428571428571	0.0009391428571428571	29.46987557411194	17219.751380205154
427	597.8334785685181	915.32	43.0029296875	0.55171615	0.0002817	0.0009390000000000001	29.216035842895508	17248.984482049942
428	634.5448517556226	953.03	44.26171875	0.5516196	0.0002816571428571428	0.0009388571428571429	28.887747526168823	17277.88470196724
429	617.7976582866968	907.75	43.766357421875	0.551523	0.0002816142857142857	0.0009387142857142858	29.531967639923096	17307.418024539948
430	611.4530568049079	911.48	43.266845703125	0.5513157	0.00028157142857142855	0.0009385714285714286	28.87766933441162	17336.296632051468
431	622.7748631554405	928.28	44.28466796875	0.55120665	0.0002815285714285714	0.0009384285714285714	28.52686381340027	17364.82450056076
432	598.1638598198763	900.35	44.29345703125	0.5511046	0.0002814857142857143	0.0009382857142857143	28.88737940788269	17393.720514297485
433	539.6218912489974	838.87	43.55029296875	0.5510028	0.00028144285714285715	0.0009381428571428572	29.22183632850647	17422.947027921677
434	520.3287644118141	827.13	44.054931640625	0.550891	0.00028139999999999996	0.0009379999999999999	29.651561975479126	17452.612643003464
435	515.7547624336448	812.11	43.065185546875	0.5507886	0.0002813571428571428	0.0009378571428571428	28.854553937911987	17481.480488538742
436	541.0438224777175	827.07	43.57080078125	0.55067337	0.0002813142857142857	0.0009377142857142858	29.647822856903076	17511.132970809937
437	576.8009321512164	856.78	43.581298828125	0.5505474	0.00028127142857142855	0.0009375714285714287	29.050289154052734	17540.196818113327
438	525.9399698905676	797.89	43.834716796875	0.5504136	0.0002812285714285714	0.0009374285714285714	29.659415006637573	17569.864498376846
439	549.9843109049427	856.31	42.844482421875	0.5502737	0.0002811857142857143	0.0009372857142857143	29.03437852859497	17598.91145849228
440	526.5122384355002	823.39	43.855712890625	0.549994	0.00028114285714285714	0.0009371428571428572	30.823345184326172	17629.752514600754
441	538.6748213042079	814.64	43.86083984375	0.5498511	0.0002811	0.0009370000000000001	29.063366651535034	17658.81710910797
442	559.0709484559823	859.04	44.121337890625	0.54970974	0.0002810571428571428	0.0009368571428571428	29.24903655052185	17688.081911802292
443	494.87031130183516	783.51	43.878173828125	0.549565	0.0002810142857142857	0.0009367142857142857	29.145076751708984	17717.22848367691
444	520.829024874186	858.41	43.644287109375	0.5494187	0.00028097142857142854	0.0009365714285714286	30.607903957366943	17747.853001832962
445	515.4821986808919	854.15	43.644775390625	0.5491263	0.0002809285714285714	0.0009364285714285715	29.83335256576538	17777.687417268753
446	502.7978313719396	815.28	43.652587890625	0.54897493	0.00028088571428571427	0.0009362857142857143	30.476088523864746	17808.18051290512
447	514.08336788443	827.77	43.408935546875	0.5488352	0.00028084285714285713	0.0009361428571428572	29.51108193397522	17837.69256067276
448	540.6529172633661	842.45	43.917236328125	0.5486936	0.00028079999999999994	0.000936	28.983708381652832	17866.689323425293
449	534.4145108872067	850.97	43.427001953125	0.5485571	0.0002807571428571428	0.0009358571428571429	29.08545470237732	17895.77649474144
450	549.822850522041	854.89	43.93505859375	0.5484278	0.00028071428571428567	0.0009357142857142857	29.346566915512085	17925.12455892563
451	518.4939592601906	810.16	42.94970703125	0.5482939	0.00028067142857142853	0.0009355714285714286	29.51423931121826	17954.640553712845
452	494.6236576846615	773.55	43.948974609375	0.54817015	0.0002806285714285714	0.0009354285714285714	28.530460596084595	17983.18335223198
453	512.0105943230373	786.57	44.207763671875	0.54807246	0.00028058571428571426	0.0009352857142857143	29.08809518814087	18012.272959947586
454	517.2994148911843	797.73	43.464599609375	0.5479804	0.0002805428571428571	0.0009351428571428572	28.79539942741394	18041.06967973709
455	584.0591886458202	910.87	43.47265625	0.5478917	0.0002805	0.0009350000000000001	28.952698707580566	18070.023781061172
456	594.1020815197126	894.44	43.9814453125	0.5478022	0.00028045714285714285	0.0009348571428571429	29.046533346176147	18099.087779283524
457	556.9950956732827	866.46	43.988525390625	0.54769856	0.0002804142857142857	0.0009347142857142858	29.503360748291016	18128.608476400375
458	571.0251296418494	871.56	44.24755859375	0.5475903	0.0002803714285714286	0.0009345714285714286	28.87142539024353	18157.484483480453
459	619.5315425860973	937.82	44.25390625	0.5474791	0.0002803285714285714	0.0009344285714285714	29.443399906158447	18186.93652701378
460	579.0925316065195	904.61	44.013427734375	0.5473737	0.00028028571428571425	0.0009342857142857143	29.270228385925293	18216.20832014084
461	550.8923230197238	885.71	43.270751953125	0.54715866	0.0002802428571428571	0.0009341428571428572	29.53071618080139	18245.740768432617
462	547.7559350125636	861.74	44.2763671875	0.54704714	0.0002802	0.0009339999999999999	29.24351215362549	18275.004485845566
463	513.8637127798963	834.79	42.79443359375	0.5469309	0.00028015714285714284	0.0009338571428571429	28.672857761383057	18303.69777083397
464	494.06489405619374	835.5	44.814453125	0.54681015	0.0002801142857142857	0.0009337142857142858	29.243927001953125	18332.94272494316
465	556.4048403218753	911.77	44.572998046875	0.5466883	0.00028007142857142857	0.0009335714285714286	29.780322790145874	18362.72457766533
466	545.8479930244015	865.89	43.580810546875	0.54656255	0.0002800285714285714	0.0009334285714285714	30.099080801010132	18392.836248636246
467	599.7972166796226	938.99	43.83984375	0.5464444	0.00027998571428571425	0.0009332857142857143	29.13502335548401	18421.97248697281
468	593.8976198488208	928.72	43.844482421875	0.5463233	0.0002799428571428571	0.0009331428571428572	28.73748540878296	18450.7266433239
469	577.7541354856511	888.56	43.8525390625	0.546197	0.0002799	0.000933	29.5714430809021	18480.312499523163
470	542.2037886309482	856.94	43.86279296875	0.5459615	0.00027985714285714284	0.0009328571428571428	29.266496896743774	18509.580486536026
471	566.1140754974201	870.07	44.37109375	0.5458406	0.0002798142857142857	0.0009327142857142857	28.62726092338562	18538.216493606567
472	593.7511016284556	916.18	43.6279296875	0.5457283	0.00027977142857142856	0.0009325714285714287	28.627378225326538	18566.85649561882
473	606.5254441031825	949.08	44.38671875	0.545608	0.0002797285714285714	0.0009324285714285714	28.6551775932312	18595.520234823227
474	572.3851883710578	921.22	43.643798828125	0.5453777	0.00027968571428571424	0.0009322857142857143	29.073846578598022	18624.6028881073
475	595.9995008493765	919.38	43.4091796875	0.5452706	0.0002796428571428571	0.0009321428571428572	29.171607494354248	18653.792485952377
476	570.2344912113085	862.27	43.66015625	0.545162	0.00027959999999999997	0.000932	29.01902413368225	18682.81249523163
477	567.2299201455437	870.95	44.16748046875	0.5450569	0.00027955714285714283	0.0009318571428571428	30.127443313598633	18712.952503204346
478	519.5567228940301	814.43	44.424560546875	0.5449476	0.0002795142857142857	0.0009317142857142857	29.632553815841675	18742.59770178795
479	429.19776451246304	696.62	43.932861328125	0.54484886	0.00027947142857142856	0.0009315714285714286	29.126993417739868	18771.736072301865
480	471.630773781302	758.06	43.4482421875	0.5447524	0.00027942857142857137	0.0009314285714285714	30.504379987716675	18802.253478765488
481	522.2820914182611	828.1	43.455810546875	0.5446576	0.00027938571428571423	0.0009312857142857142	28.85952591896057	18831.128485918045
482	565.9967071089269	871.95	43.714599609375	0.54455173	0.00027934285714285715	0.0009311428571428572	29.450956344604492	18860.580475091934
483	612.4701613487739	906.66	43.9658203125	0.5444555	0.0002793	0.0009310000000000001	29.335034608840942	18889.916483163834
484	602.2024681321627	911.1	43.972900390625	0.5443717	0.0002792571428571428	0.0009308571428571429	28.72738528251648	18918.652481794357
485	617.8212239329689	937.07	43.72802734375	0.54428405	0.0002792142857142857	0.0009307142857142857	29.545116186141968	18948.21026802063
486	571.2193218699591	886.18	43.9892578125	0.54420096	0.00027917142857142855	0.0009305714285714286	30.41969108581543	18978.65254187584
487	556.3561068740256	882.47	43.5029296875	0.5440304	0.0002791285714285714	0.0009304285714285714	30.776111602783203	19009.44125342369
488	530.5844430699594	832.31	44.0048828125	0.54393464	0.0002790857142857143	0.0009302857142857143	29.682374715805054	19039.134803056717
489	558.3098948792754	854.22	44.0126953125	0.5438254	0.00027904285714285714	0.0009301428571428571	29.251585245132446	19068.408494472504
490	609.2031148228831	922.14	43.770263671875	0.5437076	0.00027899999999999995	0.0009299999999999999	29.28340744972229	19097.700489759445
491	639.0983290999835	951.95	44.27685546875	0.54358333	0.0002789571428571428	0.0009298571428571429	28.955512523651123	19126.676481723785
492	581.7975148682834	880.51	44.78564453125	0.5434578	0.0002789142857142857	0.0009297142857142858	29.577949285507202	19156.2670006752
493	597.199351246355	925.97	44.0439453125	0.5433424	0.00027887142857142854	0.0009295714285714286	30.575375080108643	19186.856514453888
494	563.8250612123223	874.33	44.04931640625	0.5432255	0.0002788285714285714	0.0009294285714285714	28.66295289993286	19215.52048945427
495	544.8404085214277	875.04	44.059326171875	0.5431015	0.00027878571428571427	0.0009292857142857143	29.979021310806274	19245.500507116318
496	553.3699709935398	868.87	44.066650390625	0.5429743	0.00027874285714285713	0.0009291428571428572	28.707326650619507	19274.216486930847
497	594.7393980394662	924.42	44.57373046875	0.54284936	0.0002787	0.000929	29.23163914680481	19303.449157238007
498	603.372664060412	921.71	43.833984375	0.54271936	0.0002786571428571428	0.0009288571428571428	28.955437183380127	19332.420496225357
499	616.1430005375997	955.48	44.5908203125	0.5425898	0.00027861428571428567	0.0009287142857142858	29.083311557769775	19361.52373814583
500	604.4757647007644	933.79	44.097412109375	0.5424493	0.00027857142857142854	0.0009285714285714287	29.139628410339355	19390.684498548508
501	594.1260308334896	932.08	44.607421875	0.5421902	0.0002785285714285714	0.0009284285714285714	30.110223293304443	19420.79647564888
502	606.5466445778308	939.62	43.86474609375	0.5420676	0.00027848571428571426	0.0009282857142857143	28.69040083885193	19449.49949669838
503	576.8795786540845	931.12	44.123046875	0.5419592	0.0002784428571428571	0.0009281428571428572	28.89268136024475	19478.413702726364
504	554.1062192846482	878.58	44.129150390625	0.54185593	0.0002784	0.0009280000000000001	28.913405895233154	19507.328732728958
505	477.55640083212484	755.08	44.637451171875	0.54176015	0.0002783571428571428	0.0009278571428571428	29.74618887901306	19537.09531712532
506	506.9638367610082	825.72	44.89501953125	0.5415599	0.00027831428571428566	0.0009277142857142857	30.576083421707153	19567.6885099411
507	527.6151322790139	832.85	43.900146484375	0.54145527	0.0002782714285714286	0.0009275714285714286	30.57547116279602	19598.280485630035
508	549.0984140312083	848.87	44.162109375	0.5413539	0.00027822857142857145	0.0009274285714285716	30.555311918258667	19628.852478265762
509	573.283520033573	884.75	44.419677734375	0.5412458	0.00027818571428571426	0.0009272857142857143	30.19139575958252	19659.0450026989
510	479.29112057300745	780.48	44.177490234375	0.5411432	0.0002781428571428571	0.0009271428571428572	30.399897813796997	19689.44635629654
511	512.1853040714625	828.03	44.4326171875	0.54102856	0.0002781	0.0009270000000000001	30.058640480041504	19719.67596769333
512	543.8217846332516	836.62	43.942138671875	0.5409117	0.00027805714285714285	0.0009268571428571429	30.587353944778442	19750.276514053345
513	528.9932330051757	827.0	43.7080078125	0.54078555	0.0002780142857142857	0.0009267142857142857	30.054840087890625	19780.344507217407
514	548.2133541495709	826.28	43.9580078125	0.5406585	0.0002779714285714286	0.0009265714285714286	29.594651460647583	19809.956485509872
515	543.8043361773316	844.33	44.467041015625	0.54053193	0.0002779285714285714	0.0009264285714285714	29.874675512313843	19839.832491636276
516	565.1598241305852	859.63	44.47412109375	0.5404076	0.00027788571428571425	0.0009262857142857142	28.55099081993103	19868.407964229584
517	611.1829861041994	927.99	43.981689453125	0.54027885	0.0002778428571428571	0.0009261428571428571	30.329303741455078	19898.758291482925
518	573.2028519520588	870.71	44.489501953125	0.5401519	0.0002778	0.0009260000000000001	28.871548175811768	19927.648494005203
519	577.647991248632	912.83	43.998046875	0.54003114	0.00027775714285714284	0.0009258571428571429	28.943044185638428	19956.59251141548
520	590.9687945353381	920.33	44.255615234375	0.53991455	0.0002777142857142857	0.0009257142857142857	29.832088470458984	19986.44853258133
521	594.2037846078601	924.07	44.2646484375	0.5398039	0.00027767142857142857	0.0009255714285714286	30.474668264389038	20016.924837589264
522	589.6081592555543	926.44	44.273193359375	0.5396953	0.00027762857142857143	0.0009254285714285715	28.842284679412842	20045.76930308342
523	624.6010598806698	944.84	44.282958984375	0.53958905	0.00027758571428571424	0.0009252857142857143	28.86563467979431	20074.636897087097
524	643.3219310714908	967.29	44.04248046875	0.5394836	0.0002775428571428571	0.0009251428571428571	29.36347532272339	20104.028481721878
525	615.0234971315584	916.74	44.552001953125	0.53927976	0.00027749999999999997	0.000925	29.7624249458313	20133.7927775383
526	636.1306714498312	938.67	44.063232421875	0.53918797	0.00027745714285714283	0.0009248571428571428	29.027836322784424	20162.82224392891
527	576.5622778021211	911.54	45.072998046875	0.53909874	0.0002774142857142857	0.0009247142857142858	29.659423828125	20192.49651312828
528	561.3430467457929	858.82	44.581787109375	0.5390076	0.00027737142857142856	0.0009245714285714286	29.380174160003662	20221.878057718277
529	537.5904699546574	859.27	43.839599609375	0.5388208	0.00027732857142857137	0.0009244285714285714	29.58344316482544	20251.47265124321
530	576.983537487364	902.26	44.35205078125	0.5387249	0.00027728571428571423	0.0009242857142857143	28.505441665649414	20279.995002269745
531	636.056627478143	952.09	44.609375	0.53863484	0.0002772428571428571	0.0009241428571428572	29.50349259376526	20309.51307272911
532	580.9576506811418	891.53	44.12109375	0.53854555	0.0002772	0.000924	29.652365922927856	20339.16848540306
533	534.0288997404966	812.48	44.6279296875	0.53845066	0.0002771571428571428	0.0009238571428571428	30.43006920814514	20369.600491523743
534	461.48261793783445	738.35	43.646484375	0.53835124	0.0002771142857142857	0.0009237142857142857	30.130187273025513	20399.732491731644
535	437.4506400910752	693.68	44.40087890625	0.5382543	0.00027707142857142855	0.0009235714285714287	29.450164079666138	20429.18447327614
536	535.5496139210601	824.55	44.156494140625	0.538151	0.0002770285714285714	0.0009234285714285715	29.13845157623291	20458.32450079918
537	546.4004773371537	832.04	44.42041015625	0.5380408	0.0002769857142857143	0.0009232857142857143	28.29738998413086	20486.63052868843
538	565.7754481778843	845.18	44.4296875	0.53793776	0.00027694285714285714	0.0009231428571428572	29.08471655845642	20515.725880384445
539	620.216132762461	932.21	44.189453125	0.53783596	0.0002769	0.0009230000000000001	29.71714496612549	20545.444001197815
540	601.715254176708	927.78	44.94970703125	0.5377299	0.0002768571428571428	0.0009228571428571428	28.747514724731445	20574.19250035286
541	590.1061721476553	890.2	43.71533203125	0.537625	0.0002768142857142857	0.0009227142857142857	30.150859594345093	20604.344798088074
542	594.4010340155545	910.29	44.46923828125	0.5374051	0.00027677142857142855	0.0009225714285714286	29.070241689682007	20633.416530370712
543	586.6304622163452	905.63	44.729248046875	0.5373029	0.0002767285714285714	0.0009224285714285714	29.334940910339355	20662.752489328384
544	618.7895459364498	941.41	45.238037109375	0.53720367	0.0002766857142857143	0.0009222857142857142	29.182586193084717	20691.936497449875
545	631.4422039992473	953.03	44.00732421875	0.5371087	0.00027664285714285714	0.0009221428571428572	29.26285195350647	20721.2160012722
546	579.7320254277813	904.61	44.5078125	0.5370137	0.0002766	0.0009220000000000001	30.255555868148804	20751.48447751999
547	640.2689863534189	973.19	44.51806640625	0.5369206	0.0002765571428571428	0.0009218571428571429	30.643112421035767	20782.12900352478
548	601.8171054872857	905.96	44.777099609375	0.53670675	0.0002765142857142857	0.0009217142857142857	30.21435022354126	20812.344564914703
549	605.2702083905249	945.02	44.538330078125	0.5365915	0.00027647142857142854	0.0009215714285714286	29.815409898757935	20842.168560028076
550	619.6695437343428	959.76	45.04833984375	0.5364732	0.0002764285714285714	0.0009214285714285715	29.044301748275757	20871.213915348053
551	600.2545478615677	911.12	44.80712890625	0.536356	0.00027638571428571427	0.0009212857142857143	28.9803569316864	20900.195752620697
552	592.1406328501296	900.18	44.56787109375	0.53624195	0.00027634285714285713	0.0009211428571428571	28.956049919128418	20929.16448187828
553	586.0148092624926	876.08	44.5771484375	0.5361325	0.0002763	0.000921	29.868245363235474	20959.034165859222
554	604.7689689751232	916.04	44.83642578125	0.53602743	0.0002762571428571428	0.0009208571428571429	30.311346292495728	20989.36046886444
555	591.1340795718029	887.88	44.34619140625	0.5359171	0.00027621428571428567	0.0009207142857142858	30.039404153823853	21019.412487745285
556	628.3803318179565	936.37	44.85693359375	0.535806	0.00027617142857142853	0.0009205714285714286	29.559462547302246	21048.973408699036
557	601.3616218115337	880.03	44.367919921875	0.5356956	0.0002761285714285714	0.0009204285714285714	29.1352698802948	21078.120482206345
558	608.4529498116488	902.43	44.625732421875	0.5355897	0.00027608571428571426	0.0009202857142857143	29.96266198158264	21108.08464407921
559	610.7953947654032	913.08	44.635009765625	0.5354843	0.0002760428571428571	0.0009201428571428572	30.49439024925232	21138.580477952957
560	626.333459123237	905.21	45.394775390625	0.53527755	0.000276	0.00092	30.743457078933716	21169.336546182632
561	584.913422151597	876.67	44.662353515625	0.5351751	0.0002759571428571428	0.0009198571428571428	29.070446968078613	21198.408489465714
562	585.3667237168005	884.86	44.173583984375	0.5350645	0.0002759142857142857	0.0009197142857142858	29.023511171340942	21227.434551477432
563	617.3748255114526	923.65	44.67529296875	0.53494924	0.0002758714285714286	0.0009195714285714287	28.889838933944702	21256.327618598938
564	601.291661305318	935.74	43.944091796875	0.5348392	0.00027582857142857144	0.0009194285714285715	28.838189601898193	21285.18053507805
565	624.9057950054172	936.82	44.695068359375	0.53472674	0.00027578571428571425	0.0009192857142857143	29.245309591293335	21314.441734313965
566	627.7153849565208	958.82	44.455810546875	0.534617	0.0002757428571428571	0.0009191428571428572	30.155605792999268	21344.600522756577
567	632.8025016389744	957.08	44.71484375	0.53452045	0.0002757	0.0009190000000000001	29.754002332687378	21374.357316970825
568	610.30377839574	917.91	44.72509765625	0.5344188	0.00027565714285714284	0.0009188571428571428	28.804124355316162	21403.16449189186
569	601.8055839235711	907.92	44.484130859375	0.5342038	0.0002756142857142857	0.0009187142857142857	28.913691520690918	21432.091983556747
570	585.665272914644	895.91	44.744873046875	0.5340901	0.00027557142857142857	0.0009185714285714286	29.400147438049316	21461.506264209747
571	635.366785382525	946.63	45.002685546875	0.53398156	0.0002755285714285714	0.0009184285714285713	29.340073823928833	21490.848482608795
572	576.7605989719063	885.72	44.514404296875	0.53387386	0.00027548571428571424	0.0009182857142857143	29.30656599998474	21520.15652537346
573	651.2495913163325	972.07	44.77392578125	0.53376096	0.0002754428571428571	0.0009181428571428572	28.27915644645691	21548.444462537766
574	626.9575731127621	954.84	44.782958984375	0.53364915	0.00027539999999999997	0.0009180000000000001	29.790310621261597	21578.236519813538
575	604.0946444711905	905.49	44.549560546875	0.5335342	0.00027535714285714284	0.0009178571428571428	29.210774898529053	21607.448483228683
576	605.7037745644916	928.27	44.8037109375	0.5334149	0.0002753142857142857	0.0009177142857142857	29.64027214050293	21637.090032339096
577	605.1226218990113	910.16	44.813720703125	0.533305	0.00027527142857142856	0.0009175714285714286	29.48900032043457	21666.580545186996
578	633.5223864633521	965.24	44.573486328125	0.5330643	0.00027522857142857143	0.0009174285714285715	29.48296570777893	21696.06506538391
579	649.6661222020975	981.27	44.83251953125	0.5329396	0.00027518571428571424	0.0009172857142857142	29.603488445281982	21725.68848657608
580	584.5171027472321	887.5	44.843505859375	0.53281605	0.0002751428571428571	0.0009171428571428571	29.420345306396484	21755.11014199257
581	600.9175625311736	930.75	44.851318359375	0.53268737	0.00027509999999999996	0.0009170000000000001	30.8017897605896	21785.922873020172
582	565.7001920015549	857.55	44.86279296875	0.53255534	0.00027505714285714283	0.0009168571428571429	30.52385187149048	21816.461121320724
583	559.1207457771799	857.34	45.121826171875	0.53242755	0.0002750142857142857	0.0009167142857142857	29.780837774276733	21846.24394273758
584	510.680175798446	794.37	44.882568359375	0.53230006	0.00027497142857142856	0.0009165714285714286	28.89273452758789	21875.150451660156
585	543.417491156225	842.48	44.89013671875	0.5321803	0.00027492857142857137	0.0009164285714285714	29.219604969024658	21904.388518095016
586	559.4166509781581	838.69	44.9013671875	0.53196317	0.00027488571428571423	0.0009162857142857143	30.402766704559326	21934.792766571045
587	561.436480234801	818.41	45.662109375	0.53186363	0.0002748428571428571	0.0009161428571428571	28.68748450279236	21963.488538980484
588	564.0651530837683	860.68	44.552978515625	0.5317622	0.0002748	0.000916	29.234945058822632	21992.72449183464
589	527.7132960840743	808.93	45.549560546875	0.5316624	0.0002747571428571428	0.0009158571428571428	30.006698608398438	22022.732654571533
590	518.4788968894055	823.85	44.81005859375	0.5315576	0.0002747142857142857	0.0009157142857142858	30.387709617614746	22053.14050745964
591	529.5072508007497	829.39	44.818115234375	0.53134257	0.00027467142857142855	0.0009155714285714286	30.58785367012024	22083.94452738762
592	555.6817498909552	879.71	44.585205078125	0.5312324	0.0002746285714285714	0.0009154285714285715	29.433922052383423	22113.542732477188
593	554.8282932447365	856.35	45.08544921875	0.5311272	0.0002745857142857143	0.0009152857142857143	29.048287391662598	22142.636528015137
594	567.8998951472582	875.32	45.092529296875	0.53102165	0.00027454285714285714	0.0009151428571428572	28.87656283378601	22171.69640159607
595	581.2287797401433	881.41	45.101318359375	0.5309145	0.0002745	0.000915	31.51097846031189	22203.220512151718
596	517.5396736962845	772.19	45.10693359375	0.5308035	0.0002744571428571428	0.0009148571428571428	30.519442319869995	22233.804520368576
597	505.8665705993354	752.2	45.115478515625	0.5306855	0.0002744142857142857	0.0009147142857142857	30.338911771774292	22264.152504205704
598	486.0644031456909	749.64	45.123291015625	0.5305639	0.00027437142857142854	0.0009145714285714287	29.52546501159668	22293.680495023727
599	458.8474953610925	710.58	44.629150390625	0.5303251	0.0002743285714285714	0.0009144285714285714	30.569721221923828	22324.251776456833
600	525.890451018677	781.8	45.14013671875	0.53020924	0.00027428571428571427	0.0009142857142857143	29.735284328460693	22353.98847937584
601	538.7078159439661	840.0	45.147216796875	0.530096	0.00027424285714285713	0.0009141428571428572	30.645349979400635	22384.649775505066
602	587.895356232803	868.92	45.155517578125	0.52999073	0.0002742	0.0009140000000000001	29.237240314483643	22413.888474702835
603	609.5630769910756	928.52	45.6630859375	0.52988535	0.0002741571428571428	0.0009138571428571428	30.398974180221558	22444.31139755249
604	621.254726533732	943.52	45.421142578125	0.5297672	0.00027411428571428567	0.0009137142857142857	29.406602144241333	22473.71937441826
605	637.3307818534009	949.5	45.92724609375	0.52964497	0.00027407142857142853	0.0009135714285714286	29.431679010391235	22503.1524913311
606	612.4177944641514	921.76	45.1875	0.52952325	0.0002740285714285714	0.0009134285714285715	29.171369791030884	22532.324855327606
607	643.2265935659668	966.88	45.693359375	0.5294052	0.00027398571428571426	0.0009132857142857142	29.490530490875244	22561.81648659706
608	631.2620268862121	965.46	44.4609375	0.52929014	0.0002739428571428571	0.0009131428571428572	28.92740797996521	22590.760462522507
609	632.1565614669844	945.14	45.708984375	0.5291677	0.0002739	0.0009130000000000001	29.04372000694275	22619.81667971611
610	596.7207039758886	905.99	45.46826171875	0.52904415	0.0002738571428571428	0.0009128571428571429	29.280745267868042	22649.09843158722
611	625.235829095478	935.21	45.2265625	0.52892756	0.00027381428571428566	0.0009127142857142857	29.22097873687744	22678.320791721344
612	644.314293199675	967.01	45.234375	0.528812	0.00027377142857142853	0.0009125714285714286	30.055447816848755	22708.38850426674
613	626.5297336417367	927.34	45.242431640625	0.52869564	0.0002737285714285714	0.0009124285714285714	29.90348482131958	22738.304479837418
614	612.0797973803265	916.85	45.499267578125	0.52857536	0.00027368571428571425	0.0009122857142857143	28.87066674232483	22767.176626205444
615	609.6232031876793	907.25	45.257568359375	0.52845293	0.0002736428571428571	0.0009121428571428571	30.266772747039795	22797.4448595047
616	596.4005814400604	909.2	45.765625	0.5283335	0.0002736	0.000912	29.41376566886902	22826.867092609406
617	632.8828026028673	942.73	45.03125	0.52821386	0.0002735571428571428	0.0009118571428571429	28.579906702041626	22855.460813760757
618	629.9327706870345	954.95	45.279296875	0.5280922	0.0002735142857142857	0.0009117142857142857	29.43926692008972	22884.90449166298
619	650.0331363166024	953.73	45.5390625	0.52786773	0.0002734714285714286	0.0009115714285714286	29.644787311553955	22914.55721592903
620	646.4039538339129	965.14	45.54541015625	0.52776086	0.00027342857142857144	0.0009114285714285715	28.730180263519287	22943.28883123398
621	604.9158014512072	945.02	45.053955078125	0.5276594	0.00027338571428571425	0.0009112857142857143	29.783348560333252	22973.074736118317
622	616.8196719623588	921.05	45.562744140625	0.52755684	0.0002733428571428571	0.0009111428571428571	28.58813977241516	23001.66451716423
623	615.8518305542545	939.38	44.579345703125	0.5274542	0.0002733	0.000911	28.986857652664185	23030.652899503708
624	563.471371471577	863.1	45.328857421875	0.5273544	0.00027325714285714284	0.0009108571428571428	28.610512733459473	23059.264488458633
625	566.6002359209889	890.94	45.584228515625	0.5272509	0.0002732142857142857	0.0009107142857142857	29.242480993270874	23088.508464336395
626	609.9623085973764	945.1	45.843994140625	0.5271421	0.00027317142857142857	0.0009105714285714286	29.377288341522217	23117.886837244034
627	629.5992420581878	966.86	44.360595703125	0.52691656	0.00027312857142857143	0.0009104285714285715	29.704395055770874	23147.59255838394
628	653.5381246034457	975.28	45.359619140625	0.526794	0.00027308571428571424	0.0009102857142857143	28.486348152160645	23176.080548286438
629	637.166258597442	944.97	45.867919921875	0.5266745	0.0002730428571428571	0.0009101428571428572	28.710771083831787	23204.792493581772
630	619.7180549191856	945.4	45.376220703125	0.5265578	0.00027299999999999997	0.00091	28.58651876449585	23233.380494594574
631	578.113257776226	880.45	45.384033203125	0.5264454	0.00027295714285714283	0.0009098571428571428	29.631234169006348	23263.012808561325
632	633.7240632935083	964.44	45.641845703125	0.5263325	0.0002729142857142857	0.0009097142857142857	28.93933653831482	23291.95369029045
633	620.0673865608316	939.64	45.898193359375	0.5262185	0.00027287142857142856	0.0009095714285714286	29.167328119277954	23321.132474660873
634	645.6635476144284	964.81	45.406982421875	0.5261053	0.0002728285714285714	0.0009094285714285714	29.59465193748474	23350.728531599045
635	641.1826813495916	960.26	45.4150390625	0.5259872	0.00027278571428571423	0.0009092857142857143	29.551715850830078	23380.28483772278
636	614.7746086934545	930.83	45.421630859375	0.5258762	0.0002727428571428571	0.0009091428571428572	28.666208028793335	23408.952525138855
637	649.7270219716868	924.93	45.179931640625	0.5256437	0.00027269999999999996	0.0009090000000000001	29.46310520172119	23438.42824625969
638	642.3689602651702	975.98	45.687744140625	0.5255247	0.0002726571428571428	0.0009088571428571428	29.7673921585083	23468.212507486343
639	609.655347641845	955.06	45.196533203125	0.52540445	0.0002726142857142857	0.0009087142857142857	29.874401330947876	23498.08847928047
640	536.8485473275848	848.52	44.71337890625	0.52528113	0.00027257142857142855	0.0009085714285714286	30.361613512039185	23528.45110797882
641	483.8713705610755	774.84	45.711669921875	0.5251613	0.0002725285714285714	0.0009084285714285715	29.74819016456604	23558.20050883293
642	510.9860906965181	814.05	45.969970703125	0.52504164	0.0002724857142857142	0.0009082857142857142	30.369842052459717	23588.57893037796
643	555.1718927296289	868.94	45.476318359375	0.52491957	0.00027244285714285714	0.0009081428571428571	30.489620208740234	23619.0765273571
644	616.8264009943395	952.4	45.486572265625	0.5248006	0.0002724	0.0009080000000000001	30.51038098335266	23649.60069012642
645	604.3655803782636	939.51	45.74462890625	0.52468485	0.00027235714285714287	0.000907857142857143	30.645598888397217	23680.248624563217
646	577.6843372472574	896.67	45.50048828125	0.5244615	0.0002723142857142857	0.0009077142857142857	30.61539649963379	23710.867358207703
647	602.1079609987703	936.11	45.508056640625	0.52435225	0.00027227142857142854	0.0009075714285714286	29.018860578536987	23739.88889312744
648	579.3447553798381	924.14	46.017578125	0.52424735	0.0002722285714285714	0.0009074285714285715	31.017414808273315	23770.90851163864
649	607.8204109678221	915.62	45.27587890625	0.5241418	0.00027218571428571427	0.0009072857142857143	30.49639344215393	23801.407698869705
650	548.2626575595931	890.7	45.53369140625	0.5240335	0.00027214285714285714	0.0009071428571428571	28.813748598098755	23830.223679065704
651	536.1643586018827	902.96	46.0390625	0.52392775	0.0002721	0.000907	29.366353273391724	23859.60448908806
652	538.2529144111796	882.35	45.30078125	0.5238151	0.0002720571428571428	0.0009068571428571428	29.174967288970947	23888.792548894882
653	619.1469234867562	956.51	45.558349609375	0.5237016	0.0002720142857142857	0.0009067142857142858	30.038797855377197	23918.83243203163
654	623.0974007433086	974.28	45.56982421875	0.5235912	0.00027197142857142854	0.0009065714285714286	28.85564136505127	23947.704506874084
655	628.8040774830091	977.97	45.337646484375	0.5234778	0.0002719285714285714	0.0009064285714285715	28.96655559539795	23976.680502653122
656	642.9760645486773	970.37	45.590576171875	0.52337134	0.00027188571428571427	0.0009062857142857143	29.307148933410645	24005.989178180695
657	590.3392323376434	922.36	45.106201171875	0.5232686	0.00027184285714285713	0.0009061428571428572	30.123514890670776	24036.113806962967
658	607.6934005171834	928.15	45.85986328125	0.52308065	0.0002718	0.000906	30.963547468185425	24067.0964782238
659	639.077223079612	964.47	46.119873046875	0.5229879	0.00027175714285714286	0.0009058571428571429	30.434826612472534	24097.53271794319
660	656.5337772009506	970.66	45.379638671875	0.5228878	0.00027171428571428567	0.0009057142857142857	28.299556016921997	24125.852485895157
661	631.6719529868534	977.93	45.147216796875	0.5227846	0.00027167142857142853	0.0009055714285714287	30.52669048309326	24156.380847215652
662	617.3717642965062	967.55	45.648193359375	0.5226794	0.0002716285714285714	0.0009054285714285715	30.175525903701782	24186.568474531174
663	567.279059227826	892.81	45.408447265625	0.52257204	0.00027158571428571426	0.0009052857142857143	29.03743886947632	24215.60703754425
664	544.1118638756024	882.4	45.917236328125	0.52237874	0.0002715428571428571	0.0009051428571428572	29.18910551071167	24244.813971996307
665	540.765276115034	846.38	45.677734375	0.52228504	0.0002715	0.0009050000000000001	30.412288188934326	24275.236707925797
666	568.6329036006897	874.48	45.937744140625	0.52218324	0.0002714571428571428	0.0009048571428571428	28.914578914642334	24304.1527967453
667	589.0259129636174	922.99	45.6962890625	0.522082	0.00027141428571428566	0.0009047142857142857	29.046263456344604	24333.200524806976
668	626.9959079314881	969.46	44.96533203125	0.5219862	0.0002713714285714286	0.0009045714285714286	29.772818326950073	24362.97498035431
669	666.6629435165057	970.76	45.967529296875	0.52189976	0.00027132857142857144	0.0009044285714285715	30.480905532836914	24393.469970226288
670	647.2741515795733	985.33	45.977294921875	0.52180874	0.00027128571428571425	0.0009042857142857142	29.828073740005493	24423.304493904114
671	605.8775452287183	907.94	45.986083984375	0.5217226	0.0002712428571428571	0.0009041428571428572	28.678433895111084	24451.984466314316
672	584.8713835274879	895.97	45.24560546875	0.52164555	0.0002712	0.0009040000000000001	29.09061336517334	24481.07648587227
673	621.3751300031428	943.25	45.2646484375	0.52157044	0.00027115714285714284	0.0009038571428571429	29.330530643463135	24510.408496141434
674	615.8413597849043	923.06	46.01708984375	0.52148974	0.0002711142857142857	0.0009037142857142857	29.371389627456665	24539.78850364685
675	607.1909653734566	922.79	45.77685546875	0.5214056	0.00027107142857142857	0.0009035714285714286	29.92700695991516	24569.716544628143
676	630.4470282476341	930.27	45.5361328125	0.5212204	0.00027102857142857143	0.0009034285714285715	29.194461822509766	24598.91259121895
677	602.5489563275578	901.37	45.54541015625	0.5211287	0.00027098571428571424	0.0009032857142857142	29.491681337356567	24628.416761159897
678	601.2012888910252	931.34	45.80615234375	0.52103066	0.0002709428571428571	0.0009031428571428571	30.343791007995605	24658.761733531952
679	621.8202857363643	933.69	45.81494140625	0.5209308	0.00027089999999999997	0.000903	31.299618244171143	24690.076531648636
680	602.8695275034958	903.97	46.324951171875	0.52083254	0.00027085714285714283	0.0009028571428571429	28.367555856704712	24718.445127248764
681	580.3453746199081	906.25	46.083984375	0.52074045	0.0002708142857142857	0.0009027142857142857	29.666744232177734	24748.11287355423
682	597.8194870877288	917.53	45.84423828125	0.5206521	0.00027077142857142856	0.0009025714285714286	29.471406936645508	24777.5964987278
683	593.7217843612048	924.9	45.35400390625	0.5205572	0.0002707285714285714	0.0009024285714285715	29.809769868850708	24807.42288517952
684	622.3219894295552	913.41	46.114501953125	0.5203967	0.00027068571428571424	0.0009022857142857143	29.396565675735474	24836.820811271667
685	647.1712613596097	982.9	45.873779296875	0.52032095	0.0002706428571428571	0.0009021428571428571	29.109156608581543	24865.937606096268
686	612.2527360909448	913.69	45.63427734375	0.52023834	0.00027059999999999996	0.000902	29.83948516845703	24895.79255771637
687	603.9852685525655	898.3	45.894287109375	0.52015644	0.00027055714285714283	0.0009018571428571429	29.0105242729187	24924.81954884529
688	625.9935665884842	940.79	45.903076171875	0.52007747	0.0002705142857142857	0.0009017142857142857	29.697102308273315	24954.530253648758
689	617.8528179489738	915.18	45.664794921875	0.5199969	0.00027047142857142856	0.0009015714285714286	29.382488489151	24983.927424907684
690	660.8600364406483	975.32	46.17333984375	0.51991946	0.0002704285714285714	0.0009014285714285715	29.972066164016724	25013.9125020504
691	625.0436296186227	936.16	45.93359375	0.5197639	0.00027038571428571423	0.0009012857142857143	29.241719722747803	25043.1668715477
692	626.4630117759942	916.38	45.944091796875	0.51968604	0.0002703428571428571	0.0009011428571428572	29.140472412109375	25072.309020519257
693	607.5904435878634	924.19	45.711669921875	0.51960224	0.00027029999999999996	0.000901	28.820563077926636	25101.130916118622
694	616.7580516138254	925.39	45.962158203125	0.51952296	0.0002702571428571428	0.0009008571428571428	30.155440092086792	25131.30052781105
695	629.477018832676	951.54	45.72265625	0.5194406	0.0002702142857142857	0.0009007142857142857	28.968340396881104	25160.276799678802
696	564.5367577525217	892.05	45.98291015625	0.5193619	0.00027017142857142855	0.0009005714285714286	28.64286231994629	25188.920787096024
697	571.277342751897	908.77	46.2421875	0.5192753	0.0002701285714285714	0.0009004285714285714	28.602287769317627	25217.524507045746
698	567.8565901067994	919.73	45.75	0.5190883	0.0002700857142857143	0.0009002857142857143	29.318363428115845	25246.863263845444
699	587.3691669492521	905.87	46.0126953125	0.5189879	0.00027004285714285714	0.0009001428571428572	28.95531463623047	25275.835741758347
700	573.7742675550244	876.7	45.528076171875	0.51888645	0.00027	0.0009000000000000001	28.768210649490356	25304.617152690887
701	608.1305897970908	940.96	46.03173828125	0.51878816	0.00026995714285714287	0.0008998571428571429	29.559404611587524	25334.192501544952
702	614.3664137425565	918.86	45.791748046875	0.518699	0.0002699142857142857	0.0008997142857142857	29.351009845733643	25363.544513702393
703	587.7109978906985	869.53	46.301513671875	0.5186073	0.00026987142857142854	0.0008995714285714286	28.373502016067505	25391.919543981552
704	576.6219367930871	868.99	45.810546875	0.51851946	0.0002698285714285714	0.0008994285714285715	29.503448724746704	25421.43649482727
705	549.1912765292221	872.44	46.0703125	0.51843405	0.00026978571428571427	0.0008992857142857142	28.457327842712402	25449.895295381546
706	514.1682878796751	820.45	46.07958984375	0.5183512	0.00026974285714285713	0.0008991428571428571	28.75307846069336	25478.649772167206
707	547.9070894658994	847.21	46.08837890625	0.5181717	0.0002697	0.0008990000000000001	29.386000394821167	25508.05044722557
708	564.7531819560733	867.57	45.358154296875	0.5180788	0.0002696571428571428	0.0008988571428571429	30.448092222213745	25538.513073921204
709	605.799952059857	917.62	46.109130859375	0.5179896	0.00026961428571428567	0.0008987142857142857	29.938629627227783	25568.46777820587
710	587.0098372757512	892.71	46.62060546875	0.51790106	0.00026957142857142853	0.0008985714285714286	28.6986722946167	25597.167810678482
711	587.1979878614193	895.71	46.12744140625	0.51780957	0.0002695285714285714	0.0008984285714285715	29.182515621185303	25626.351520061493
712	623.0367964896722	940.38	46.135986328125	0.5177196	0.00026948571428571426	0.0008982857142857143	28.735591888427734	25655.104496479034
713	587.4480354282946	925.76	46.149169921875	0.5176308	0.0002694428571428571	0.0008981428571428571	29.186604976654053	25684.292546749115
714	602.7521556576366	954.06	46.409423828125	0.5174368	0.0002694	0.000898	29.527418851852417	25713.824520349503
715	599.9405227673991	934.22	46.169189453125	0.51733464	0.00026935714285714285	0.000897857142857143	28.439368963241577	25742.27247238159
716	610.2836935066049	930.33	46.179443359375	0.5172333	0.00026931428571428566	0.0008977142857142858	29.308356046676636	25771.593464374542
717	619.5009730020106	940.43	46.43798828125	0.5171239	0.0002692714285714285	0.0008975714285714286	29.410276651382446	25801.004962444305
718	613.180303342088	914.37	45.456298828125	0.5170153	0.0002692285714285714	0.0008974285714285715	29.04744815826416	25830.064507961273
719	601.344341263798	904.67	46.208740234375	0.5169048	0.00026918571428571425	0.0008972857142857143	29.22426414489746	25859.30541729927
720	604.7244217943352	909.43	45.968505859375	0.5167918	0.0002691428571428571	0.0008971428571428572	30.48568320274353	25889.792504310608
721	611.461558530244	920.09	46.227294921875	0.5166825	0.0002691	0.000897	30.35134530067444	25920.148567914963
722	577.8501405136706	886.52	46.98779296875	0.5165722	0.0002690571428571428	0.0008968571428571428	29.985592126846313	25950.13594675064
723	588.1462035406666	930.77	45.997802734375	0.5163566	0.0002690142857142857	0.0008967142857142857	29.07544732093811	25979.21248984337
724	615.6830051028022	917.63	46.00537109375	0.5162466	0.0002689714285714286	0.0008965714285714285	28.41164994239807	26007.636826515198
725	577.5812804028822	889.42	46.266357421875	0.5161337	0.00026892857142857144	0.0008964285714285715	29.25835657119751	26036.896827697754
726	616.5782009401531	935.77	46.527099609375	0.51602167	0.00026888571428571425	0.0008962857142857143	29.09062123298645	26065.98853635788
727	562.7813998241822	907.58	46.5380859375	0.51591337	0.0002688428571428571	0.0008961428571428572	28.997620105743408	26094.990785598755
728	590.598528689514	926.05	45.5546875	0.515813	0.0002688	0.000896	29.28731393814087	26124.28447675705
729	574.2744615656677	892.71	46.80615234375	0.5157151	0.00026875714285714284	0.0008958571428571429	28.426631212234497	26152.712495565414
730	608.5188150974857	971.76	46.066162109375	0.51562625	0.0002687142857142857	0.0008957142857142857	28.4593563079834	26181.18847465515
731	598.7930410224168	961.79	46.32666015625	0.515413	0.00026867142857142857	0.0008955714285714286	29.16654062271118	26210.35648083687
732	587.958851633414	921.37	46.086669921875	0.5152977	0.00026862857142857143	0.0008954285714285714	28.426126956939697	26238.784485578537
733	599.058061582989	917.24	46.095703125	0.51518625	0.00026858571428571424	0.0008952857142857142	29.04267406463623	26267.828571796417
734	596.1287158159437	893.18	46.11376953125	0.5150721	0.0002685428571428571	0.0008951428571428572	30.323527574539185	26298.164494276047
735	588.2467260931757	912.09	46.86572265625	0.51496726	0.00026849999999999997	0.0008950000000000001	30.32702660560608	26328.493131160736
736	595.5015458658013	919.57	46.37548828125	0.51486593	0.00026845714285714283	0.0008948571428571428	29.741973161697388	26358.236501693726
737	552.8083930553357	895.77	46.6337890625	0.51476526	0.0002684142857142857	0.0008947142857142857	29.946030378341675	26388.184145212173
738	601.8276602644412	917.09	46.395751953125	0.51466054	0.00026837142857142856	0.0008945714285714286	28.76340889930725	26416.960492372513
739	598.3717331073244	900.3	45.906005859375	0.5144389	0.0002683285714285714	0.0008944285714285715	29.567701816558838	26446.532783985138
740	603.1095926993103	932.19	46.415771484375	0.51432437	0.00026828571428571423	0.0008942857142857142	30.279450178146362	26476.824552297592
741	566.1401802227142	892.18	46.925537109375	0.51421124	0.0002682428571428571	0.0008941428571428571	30.111340284347534	26506.9445040226
742	524.6393529103217	868.94	46.4345703125	0.5140974	0.00026819999999999996	0.000894	29.187398672103882	26536.144509792328
743	585.5277934821916	935.91	46.444580078125	0.5139869	0.0002681571428571428	0.000893857142857143	30.64718222618103	26566.80451989174
744	600.4943653816522	943.97	46.454833984375	0.5138773	0.0002681142857142857	0.0008937142857142857	30.519978523254395	26597.34938430786
745	597.4141115124132	914.1	47.214599609375	0.51376563	0.00026807142857142855	0.0008935714285714286	28.601234197616577	26625.952494621277
746	609.3138813833089	913.82	46.473388671875	0.5136591	0.0002680285714285714	0.0008934285714285715	28.575193166732788	26654.544330596924
747	589.942328481891	945.76	46.482421875	0.51325375	0.0002679857142857142	0.0008932857142857143	29.16736936569214	26683.713369846344
748	573.7883482725488	905.7	46.493896484375	0.5131617	0.0002679428571428571	0.0008931428571428571	28.861664295196533	26712.5907394886
749	539.2469126932274	867.16	46.503662109375	0.5130664	0.0002679	0.000893	30.147465705871582	26742.752545118332
750	520.947930327926	831.2	46.51220703125	0.51296955	0.00026785714285714287	0.0008928571428571429	29.203368663787842	26771.96850013733
751	528.985157817826	849.21	46.519775390625	0.51287067	0.0002678142857142857	0.0008927142857142857	28.707035541534424	26800.67651104927
752	540.894125022634	861.14	46.533203125	0.51276827	0.00026777142857142854	0.0008925714285714286	28.66683292388916	26829.344512462616
753	607.9522276410969	953.08	46.541015625	0.5126678	0.0002677285714285714	0.0008924285714285715	29.09962773323059	26858.445402145386
754	603.8332724874008	902.27	46.552978515625	0.51256764	0.00026768571428571427	0.0008922857142857143	29.086922645568848	26887.547958612442
755	587.6538981459295	891.06	46.56201171875	0.5124685	0.00026764285714285714	0.0008921428571428572	28.98741602897644	26916.548490285873
756	551.1579338857202	846.2	46.0712890625	0.51225835	0.0002676	0.000892	30.795024633407593	26947.344485759735
757	546.8170517322382	867.31	46.08935546875	0.5121556	0.00026755714285714286	0.0008918571428571429	29.555246829986572	26976.916497707367
758	527.530622071507	864.88	46.35009765625	0.5120542	0.00026751428571428567	0.0008917142857142857	28.9153892993927	27005.84448838234
759	550.2926344860779	868.08	46.60205078125	0.5119515	0.00026747142857142854	0.0008915714285714286	28.968810319900513	27034.829689502716
760	576.5994548617169	901.19	46.611083984375	0.5118537	0.0002674285714285714	0.0008914285714285714	29.46372699737549	27064.308804512024
761	582.0834243827674	919.5	46.87109375	0.5117539	0.00026738571428571426	0.0008912857142857143	29.318485021591187	27093.628807783127
762	566.7560286848252	901.19	47.381591796875	0.5116539	0.00026734285714285713	0.0008911428571428572	29.706559419631958	27123.337090730667
763	547.3637707253936	869.23	46.641357421875	0.51155216	0.0002673	0.0008910000000000001	29.37423586845398	27152.71280646324
764	508.0937080125155	816.7	46.649658203125	0.5114544	0.00026725714285714286	0.0008908571428571429	30.026702165603638	27182.74049282074
765	509.49535710027135	848.37	45.91650390625	0.51135695	0.00026721428571428567	0.0008907142857142857	28.939346075057983	27211.700501680374
766	548.6751155586437	851.4	47.17041015625	0.5112572	0.00026717142857142853	0.0008905714285714286	28.783910512924194	27240.493131637573
767	568.9793022317873	911.19	46.93017578125	0.5111629	0.0002671285714285714	0.0008904285714285715	29.266074657440186	27269.76050925255
768	650.4686129407869	949.35	47.190185546875	0.51106995	0.00026708571428571426	0.0008902857142857143	28.526026010513306	27298.287892341614
769	611.1992356097337	932.46	46.947998046875	0.5108805	0.0002670428571428571	0.0008901428571428571	29.367363452911377	27327.67252612114
770	629.1440129863017	923.44	45.968017578125	0.51078147	0.000267	0.0008900000000000001	29.194451332092285	27356.868523597717
771	663.8835356455664	978.24	46.96826171875	0.5106915	0.00026695714285714285	0.000889857142857143	28.731608390808105	27385.604488134384
772	597.7851379031758	945.85	46.730224609375	0.5105989	0.00026691428571428566	0.0008897142857142857	29.665103912353516	27415.278029441833
773	503.8131343337778	844.47	46.738037109375	0.5103953	0.0002668714285714285	0.0008895714285714286	29.16361951828003	27444.452513456345
774	597.9079253505522	950.42	46.999755859375	0.51028895	0.00026682857142857144	0.0008894285714285715	29.110912561416626	27473.57210278511
775	669.9243888818818	996.53	46.0166015625	0.51018053	0.00026678571428571425	0.0008892857142857142	28.75607132911682	27502.348494291306
776	610.679027389495	928.8	47.01806640625	0.5100685	0.0002667428571428571	0.0008891428571428571	30.080991983413696	27532.43091583252
777	579.9750080666962	892.33	46.529052734375	0.5099594	0.0002667	0.000889	28.982243537902832	27561.42734313011
778	496.47996187440157	785.64	46.28857421875	0.5097471	0.00026665714285714284	0.000888857142857143	29.675708293914795	27591.104470014572
779	529.3790821014857	835.68	47.297607421875	0.5096438	0.0002666142857142857	0.0008887142857142856	29.546544075012207	27620.65247988701
780	574.5458491700515	895.43	46.8076171875	0.50953376	0.00026657142857142857	0.0008885714285714286	29.594563722610474	27650.248483181
781	584.6903942264967	915.35	46.56787109375	0.50942653	0.00026652857142857143	0.0008884285714285715	29.18658757209778	27679.4365606308
782	626.0072956645479	943.35	46.82763671875	0.509316	0.0002664857142857143	0.0008882857142857144	29.151633977890015	27708.600583076477
783	569.0285111952893	908.24	47.087646484375	0.5092125	0.0002664428571428571	0.0008881428571428571	28.61194133758545	27737.229085445404
784	520.8898420011367	876.79	47.096435546875	0.509106	0.00026639999999999997	0.000888	28.918001651763916	27766.148478269577
785	526.3894550587339	872.93	46.8564453125	0.50900173	0.00026635714285714283	0.0008878571428571429	28.72285485267639	27794.872792720795
786	538.5248162770205	886.4	46.86572265625	0.5088942	0.0002663142857142857	0.0008877142857142857	29.175365686416626	27824.05650448799
787	600.2093070110599	943.82	46.38525390625	0.50878966	0.00026627142857142856	0.0008875714285714285	29.127387285232544	27853.19651055336
788	634.3027162674559	946.55	47.38525390625	0.5086841	0.0002662285714285714	0.0008874285714285715	30.455538749694824	27883.664488315582
789	644.410701846832	956.15	47.394775390625	0.50844646	0.00026618571428571424	0.0008872857142857143	30.038547039031982	27913.70449757576
790	665.8473729439308	972.75	47.656494140625	0.50833243	0.0002661428571428571	0.0008871428571428572	29.098939180374146	27942.804493427277
791	616.4710897471473	928.28	46.42333984375	0.50821954	0.00026609999999999996	0.000887	28.462815761566162	27971.26879453659
792	595.2032599778827	944.38	46.68408203125	0.50810784	0.0002660571428571428	0.0008868571428571429	29.147427082061768	28000.424516916275
793	602.7503393258118	939.19	47.18603515625	0.5078862	0.0002660142857142857	0.0008867142857142857	29.721223831176758	28030.16614127159
794	632.2724368790094	947.42	47.695068359375	0.50778913	0.00026597142857142855	0.0008865714285714286	28.17930579185486	28058.356501340866
795	672.0869110036069	990.64	47.704345703125	0.50768936	0.0002659285714285714	0.0008864285714285714	28.9907009601593	28087.3487033844
796	629.2252591449094	968.5	46.715087890625	0.507593	0.0002658857142857143	0.0008862857142857143	29.015992403030396	28116.36576128006
797	625.8696657226347	946.61	47.723876953125	0.507496	0.0002658428571428571	0.0008861428571428572	28.879839181900024	28145.25692009926
798	596.3178031066998	899.21	46.98486328125	0.5073958	0.00026579999999999996	0.0008860000000000001	28.711337566375732	28173.984479427338
799	620.6645508507484	949.61	47.243896484375	0.5072939	0.0002657571428571428	0.0008858571428571429	28.582329273223877	28202.568603038788
800	579.5934457869309	890.51	46.50390625	0.5071927	0.0002657142857142857	0.0008857142857142857	29.078439712524414	28231.64848613739
801	650.5611990756562	960.14	47.2646484375	0.5070971	0.00026567142857142855	0.0008855714285714286	29.447405338287354	28261.104497909546
802	615.4500170562922	922.57	47.274169921875	0.5070065	0.0002656285714285714	0.0008854285714285715	30.342519998550415	28291.44855237007
803	609.1497656308326	894.0	46.783447265625	0.5069121	0.0002655857142857142	0.0008852857142857142	29.862229824066162	28321.312488794327
804	595.6600053615978	893.33	47.0439453125	0.5067248	0.00026554285714285714	0.0008851428571428571	29.45145082473755	28350.772516965866
805	545.4332626910129	843.11	47.052734375	0.5066246	0.0002655	0.000885	29.166269063949585	28379.940489530563
806	554.8915956093138	849.38	47.0615234375	0.5065285	0.00026545714285714287	0.000884857142857143	28.66968584060669	28408.611713647842
807	513.5450771043747	815.56	46.823486328125	0.5064321	0.0002654142857142857	0.0008847142857142857	28.43582034111023	28437.06089425087
808	535.3661386067719	855.64	46.831787109375	0.50633055	0.00026537142857142854	0.0008845714285714286	28.9811270236969	28466.058347702026
809	597.8190407791578	921.35	47.34765625	0.50622463	0.0002653285714285714	0.0008844285714285715	28.956523418426514	28495.016511917114
810	553.0825418705856	865.65	47.3515625	0.5061178	0.00026528571428571427	0.0008842857142857144	28.863070964813232	28523.88062429428
811	587.5651629973489	891.04	47.112548828125	0.5060132	0.00026524285714285713	0.0008841428571428571	28.80356454849243	28552.696481466293
812	566.2150077869886	902.64	46.870361328125	0.5058064	0.0002652	0.000884	29.08636999130249	28581.7844786644
813	554.9053217680059	873.72	47.131591796875	0.50570554	0.00026515714285714286	0.0008838571428571429	30.478525161743164	28612.26451063156
814	582.9725788511691	900.19	47.140380859375	0.5056005	0.00026511428571428567	0.0008837142857142857	30.287461519241333	28642.556815862656
815	604.752103339149	940.3	47.150390625	0.50549424	0.00026507142857142853	0.0008835714285714286	29.464096546173096	28672.03251838684
816	584.6122587780342	919.12	47.4111328125	0.50539297	0.0002650285714285714	0.0008834285714285715	29.643452882766724	28701.677000045776
817	568.26141956881	931.8	46.42822265625	0.50530106	0.00026498571428571426	0.0008832857142857143	29.18602991104126	28730.864218235016
818	527.8019383203957	888.06	46.9306640625	0.50521564	0.0002649428571428571	0.0008831428571428572	29.252490758895874	28760.136923074722
819	536.3353015139496	883.5	47.44189453125	0.50513667	0.0002649	0.000883	28.988573789596558	28789.12663936615
820	571.4061122042821	906.85	47.20166015625	0.5050562	0.00026485714285714285	0.0008828571428571429	29.159545183181763	28818.30047392845
821	585.5345505027519	896.57	47.211669921875	0.50497633	0.00026481428571428566	0.0008827142857142857	28.743427991867065	28847.063857793808
822	591.5253008425404	924.22	46.97021484375	0.50482535	0.0002647714285714285	0.0008825714285714286	28.58806324005127	28875.668491840363
823	598.8416764864317	905.22	47.23095703125	0.50474983	0.0002647285714285714	0.0008824285714285714	28.590941905975342	28904.26051568985
824	595.2190527175047	928.59	47.240234375	0.50467354	0.00026468571428571425	0.0008822857142857144	29.308931350708008	28933.570427179337
825	471.258156292539	795.87	47.25	0.50459296	0.0002646428571428571	0.0008821428571428572	29.03142499923706	28962.612478494644
826	457.029731255401	803.74	47.26025390625	0.5045157	0.0002646	0.000882	28.48330569267273	28991.096935510635
827	497.5786985230215	824.75	47.26953125	0.5044367	0.00026455714285714284	0.0008818571428571429	29.60339665412903	29020.716495513916
828	518.3906707645939	840.72	46.78759765625	0.50434715	0.00026451428571428565	0.0008817142857142857	28.927242040634155	29049.644726514816
829	559.3983582281838	891.91	47.28759765625	0.5042601	0.00026447142857142857	0.0008815714285714286	28.465689182281494	29078.111595392227
830	532.1427316621207	848.22	47.055419921875	0.50417	0.00026442857142857144	0.0008814285714285714	29.08340358734131	29107.208509206772
831	473.6075207522247	764.15	47.30859375	0.5040819	0.00026438571428571425	0.0008812857142857142	28.602917432785034	29135.812502145767
832	436.9508720193397	718.49	46.818115234375	0.5038963	0.0002643428571428571	0.0008811428571428571	29.96737289428711	29165.78451347351
833	415.3083724832246	699.97	47.57763671875	0.50379544	0.0002643	0.0008810000000000001	29.533957719802856	29195.319578409195
834	474.84496997447883	803.51	47.83935546875	0.5037007	0.00026425714285714284	0.0008808571428571429	29.47961115837097	29224.812707185745
835	466.80154836729923	766.05	47.84716796875	0.5036035	0.0002642142857142857	0.0008807142857142857	28.669151067733765	29253.483100175858
836	514.6477811811424	838.63	47.35791015625	0.5035042	0.00026417142857142856	0.0008805714285714286	28.231626987457275	29281.73660159111
837	500.01681929079945	835.01	47.6171875	0.5034023	0.00026412857142857143	0.0008804285714285715	29.45143151283264	29311.20049214363
838	518.4941150885556	828.7	47.87744140625	0.50330156	0.0002640857142857143	0.0008802857142857143	29.830729961395264	29341.03266143799
839	492.3749890413865	829.26	47.13623046875	0.50320333	0.0002640428571428571	0.0008801428571428571	29.240625858306885	29370.274610996246
840	543.7146473173516	862.45	47.39794921875	0.5031132	0.00026399999999999997	0.00088	28.737186431884766	29399.02609062195
841	533.1959416654414	832.52	46.665771484375	0.5030202	0.00026395714285714283	0.000879857142857143	29.331435441970825	29428.358890533447
842	556.612315596336	895.74	48.1669921875	0.5029272	0.0002639142857142857	0.0008797142857142856	29.575647115707397	29457.948549747467
843	526.001930437618	851.18	46.68505859375	0.50283307	0.00026387142857142856	0.0008795714285714286	28.710420846939087	29486.660495996475
844	508.5171585678473	817.15	46.695068359375	0.50273496	0.0002638285714285714	0.0008794285714285715	29.531986951828003	29516.20899963379
845	590.1141779287243	912.58	47.69677734375	0.50264055	0.00026378571428571423	0.0008792857142857143	30.310131072998047	29546.539181232452
846	562.1922063194775	873.1	47.45654296875	0.5025418	0.0002637428571428571	0.0008791428571428571	30.102251768112183	29576.65530371666
847	547.3176349811137	831.85	47.216064453125	0.5023583	0.00026369999999999996	0.000879	29.707518815994263	29606.380480527878
848	526.769343691446	829.85	47.2255859375	0.50226754	0.0002636571428571428	0.0008788571428571429	29.378892183303833	29635.760880708694
849	575.3196924232591	914.43	47.235595703125	0.50217277	0.0002636142857142857	0.0008787142857142857	28.43009376525879	29664.192501306534
850	524.0168810425371	848.34	47.493896484375	0.5020811	0.00026357142857142855	0.0008785714285714285	29.91883111000061	29694.112860441208
851	543.7846355654514	887.58	47.262451171875	0.50198853	0.0002635285714285714	0.0008784285714285715	29.9508318901062	29724.06504702568
852	587.8246414862155	957.11	47.515869140625	0.5019016	0.0002634857142857143	0.0008782857142857144	28.583136796951294	29752.66484975815
853	534.0865703499101	871.36	47.77294921875	0.50171286	0.0002634428571428571	0.0008781428571428572	29.034037113189697	29781.700504779816
854	595.1133997209927	932.96	47.53515625	0.5016102	0.00026339999999999995	0.000878	29.08214497566223	29810.78448009491
855	541.7900542882356	878.31	47.79541015625	0.50150967	0.00026335714285714287	0.0008778571428571429	28.934501886367798	29839.720572710037
856	499.2593943535922	833.0	47.311279296875	0.5014141	0.0002633142857142857	0.0008777142857142857	30.017783880233765	29869.751253843307
857	500.36335646161797	847.55	48.314453125	0.50132126	0.00026327142857142854	0.0008775714285714286	28.571545362472534	29898.33649301529
858	571.5484393289435	919.64	46.832275390625	0.5012235	0.0002632285714285714	0.0008774285714285714	28.854782581329346	29927.192822933197
859	521.4557335069758	832.18	47.583251953125	0.5011253	0.00026318571428571427	0.0008772857142857142	28.798165559768677	29955.992507457733
860	517.7626013588606	835.22	46.850830078125	0.5010312	0.00026314285714285713	0.0008771428571428572	29.042529582977295	29985.036480665207
861	469.0620383023986	757.37	47.853271484375	0.5009411	0.0002631	0.0008770000000000001	29.43824553489685	30014.476613998413
862	430.24139063886474	703.79	47.364013671875	0.5008524	0.00026305714285714286	0.0008768571428571429	30.076088905334473	30044.58051252365
863	418.9808967415604	689.97	47.62353515625	0.5007569	0.00026301428571428567	0.0008767142857142857	29.88724708557129	30074.46927189827
864	458.42105802181277	761.71	47.63232421875	0.5006668	0.00026297142857142854	0.0008765714285714286	29.197333574295044	30103.677770376205
865	473.62155983278274	777.63	46.8994140625	0.50057346	0.0002629285714285714	0.0008764285714285715	28.927340745925903	30132.620476722717
866	487.40921449039377	796.82	47.900146484375	0.5003833	0.00026288571428571426	0.0008762857142857143	29.06260108947754	30161.684775829315
867	511.42314121745767	821.41	47.169189453125	0.5002902	0.00026284285714285713	0.0008761428571428571	28.40678644180298	30190.092525720596
868	518.973180328227	852.83	47.672119140625	0.5001965	0.0002628	0.000876	29.686442375183105	30219.78050470352
869	510.11103633269886	846.0	47.681884765625	0.5000997	0.00026275714285714285	0.000875857142857143	28.614464282989502	30248.39646935463
870	476.70213051030265	829.12	47.941162109375	0.500007	0.00026271428571428566	0.0008757142857142857	29.48787212371826	30277.896788835526
871	457.01563594366945	788.21	47.951416015625	0.49991193	0.00026267142857142853	0.0008755714285714286	30.16559338569641	30308.074968099594
872	537.5368079309823	871.17	48.460693359375	0.49981835	0.0002626285714285714	0.0008754285714285715	30.068723678588867	30338.157799720764
873	542.0416259643487	888.03	47.721923828125	0.49973127	0.00026258571428571426	0.0008752857142857144	29.341619729995728	30367.50048184395
874	546.1629253264064	909.5	47.48193359375	0.49963441	0.0002625428571428571	0.0008751428571428571	29.82315754890442	30397.324664115906
875	537.9212929505618	893.49	47.4990234375	0.4995396	0.0002625	0.000875	30.627408266067505	30427.972504377365
876	563.6115792774009	951.09	47.751220703125	0.49943972	0.00026245714285714285	0.0008748571428571429	28.742438077926636	30456.716522693634
877	579.8197427272004	913.87	47.760986328125	0.4993423	0.0002624142857142857	0.0008747142857142858	28.543391704559326	30485.264586687088
878	555.6405923399975	909.86	47.770751953125	0.49924946	0.0002623714285714285	0.0008745714285714285	29.495616912841797	30514.772644758224
879	538.8347859246987	888.01	47.780029296875	0.49915996	0.0002623285714285714	0.0008744285714285715	28.87558627128601	30543.66048192978
880	494.52046081162973	828.14	47.54052734375	0.4989595	0.0002622857142857143	0.0008742857142857144	29.730590343475342	30573.39249062538
881	568.0244964186583	928.9	48.55029296875	0.49885777	0.0002622428571428571	0.0008741428571428571	29.461578130722046	30602.85547733307
882	506.3553822902151	882.4	47.80712890625	0.4987572	0.0002622	0.000874	29.024081468582153	30631.880483150482
883	499.92523886409754	878.84	48.06982421875	0.4986619	0.00026215714285714284	0.0008738571428571429	29.115370988845825	30661.00447511673
884	489.2854150773234	859.48	48.079345703125	0.49857262	0.00026211428571428565	0.0008737142857142857	29.52381658554077	30690.540912389755
885	578.3588386890888	947.23	47.83935546875	0.49847683	0.00026207142857142857	0.0008735714285714285	28.327555894851685	30718.880952119827
886	560.5396800402527	896.56	47.849365234375	0.49838647	0.00026202857142857143	0.0008734285714285714	29.583359003067017	30748.480488538742
887	590.4190848424472	945.46	48.110107421875	0.49829903	0.00026198571428571424	0.0008732857142857142	29.54413652420044	30778.026069402695
888	519.0174851838138	850.94	47.36962890625	0.49811485	0.0002619428571428571	0.0008731428571428572	30.363216876983643	30808.40486598015
889	542.5004763315188	880.5	48.129638671875	0.49802384	0.00026189999999999997	0.000873	30.597184896469116	30839.00457930565
890	556.4728636915837	914.06	47.889404296875	0.49793613	0.00026185714285714283	0.0008728571428571429	28.94474697113037	30867.965223550797
891	542.8312605719963	869.13	47.647216796875	0.49784338	0.0002618142857142857	0.0008727142857142858	28.794044971466064	30896.760493516922
892	503.89022131049387	859.0	48.15771484375	0.4977511	0.00026177142857142856	0.0008725714285714286	28.990562915802002	30925.752487182617
893	547.4386833160337	905.82	47.175537109375	0.49756098	0.0002617285714285714	0.0008724285714285714	29.974279403686523	30955.728584051132
894	520.0559872354521	856.19	47.43505859375	0.4974626	0.0002616857142857143	0.0008722857142857143	29.578856945037842	30985.324064016342
895	554.1232635897659	911.5	48.18798828125	0.49736688	0.0002616428571428571	0.0008721428571428571	29.81107997894287	31015.13656449318
896	548.8073381368594	905.39	47.447265625	0.497274	0.00026159999999999996	0.000872	29.8987398147583	31045.04796910286
897	539.2401989726495	878.58	48.457763671875	0.497183	0.0002615571428571428	0.0008718571428571429	28.512613773345947	31073.561576604843
898	544.959411819314	879.86	47.716552734375	0.4970877	0.0002615142857142857	0.0008717142857142857	28.963622093200684	31102.540723085403
899	519.925695809822	855.66	47.726806640625	0.49699035	0.00026147142857142855	0.0008715714285714286	28.582658767700195	31131.124777555466
900	515.6332802652483	834.27	47.985595703125	0.49690256	0.0002614285714285714	0.0008714285714285715	28.36736488342285	31159.500495910645
901	565.3325115001235	906.28	47.996337890625	0.49681774	0.0002613857142857142	0.0008712857142857142	29.202708959579468	31188.704705953598
902	505.7640799930387	823.18	47.263427734375	0.49672827	0.0002613428571428571	0.0008711428571428571	29.073543071746826	31217.77963733673
903	541.6505683090099	866.33	47.5146484375	0.49655294	0.00026129999999999995	0.000871	29.63222026824951	31247.41345500946
904	571.3337318519872	906.57	47.5263671875	0.49646378	0.0002612571428571428	0.0008708571428571429	27.89534878730774	31275.320490837097
905	526.09550258621	862.52	48.283203125	0.49637607	0.0002612142857142857	0.0008707142857142858	29.051643133163452	31304.380507946014
906	482.9220319452425	836.52	48.796142578125	0.4962919	0.00026117142857142855	0.0008705714285714286	28.71543788909912	31333.108494997025
907	516.1224321113086	861.7	48.5556640625	0.49613735	0.0002611285714285714	0.0008704285714285715	29.458431243896484	31362.568477392197
908	561.3896025467648	904.27	47.82373046875	0.4960611	0.0002610857142857143	0.0008702857142857144	28.775538444519043	31391.3564825058
909	515.7352928676404	835.18	48.075927734375	0.49598435	0.0002610428571428571	0.0008701428571428571	28.320663928985596	31419.693811893463
910	538.7396441030705	856.61	48.335693359375	0.4959015	0.000261	0.00087	28.259623765945435	31447.96449494362
911	571.4520135134204	891.69	47.845458984375	0.49581942	0.00026095714285714287	0.0008698571428571429	28.470686435699463	31476.436892986298
912	530.0831109653402	848.7	48.60400390625	0.49573755	0.0002609142857142857	0.0008697142857142857	28.65569019317627	31505.10880255699
913	575.686296819456	873.33	48.36181640625	0.4956565	0.00026087142857142854	0.0008695714285714285	28.099643230438232	31533.22861981392
914	540.0255839468192	854.18	47.374755859375	0.4954755	0.0002608285714285714	0.0008694285714285715	28.47882628440857	31561.70848608017
915	513.7282226987858	792.98	48.134521484375	0.4953762	0.00026078571428571427	0.0008692857142857143	29.347980976104736	31591.06906437874
916	596.7626494314142	932.46	48.643310546875	0.49528039	0.00026074285714285713	0.0008691428571428572	29.448273181915283	31620.529403924942
917	562.2780300910988	870.52	48.15380859375	0.49518213	0.0002607	0.000869	28.935559511184692	31649.47648000717
918	580.8466873884322	919.27	48.16357421875	0.49509016	0.00026065714285714286	0.0008688571428571429	29.731060028076172	31679.208913564682
919	535.5119091956462	849.33	48.423828125	0.49499822	0.0002606142857142857	0.0008687142857142858	29.05459690093994	31708.264488220215
920	534.8868347498584	885.11	48.1904296875	0.4949026	0.00026057142857142853	0.0008685714285714286	29.16640877723694	31737.432473421097
921	551.3037361487687	871.57	47.94091796875	0.4947264	0.0002605285714285714	0.0008684285714285714	28.879738330841064	31766.324695825577
922	538.939100887221	864.71	48.4521484375	0.4946413	0.00026048571428571426	0.0008682857142857143	27.804203033447266	31794.12982225418
923	537.9586805512165	837.84	48.462646484375	0.49455142	0.0002604428571428571	0.0008681428571428571	28.40903377532959	31822.54047369957
924	579.859402107181	904.31	48.223388671875	0.49445698	0.0002604	0.0008680000000000001	28.36273717880249	31850.90472984314
925	604.8935858789558	912.19	47.981201171875	0.49436375	0.00026035714285714285	0.0008678571428571429	28.967954397201538	31879.892849445343
926	567.9266835258871	867.12	48.490966796875	0.4942697	0.00026031428571428566	0.0008677142857142857	28.75946068763733	31908.668595552444
927	567.5243277478271	852.24	48.50146484375	0.4941733	0.0002602714285714285	0.0008675714285714286	28.472174167633057	31937.15325498581
928	617.8332053346609	926.13	47.52001953125	0.4940745	0.0002602285714285714	0.0008674285714285714	28.727853298187256	31965.896788597107
929	594.6964082405194	885.43	47.779052734375	0.49397036	0.00026018571428571425	0.0008672857142857143	28.907419204711914	31994.82047533989
930	594.0865961185267	897.7	48.0322265625	0.4937729	0.0002601428571428571	0.0008671428571428571	29.690603017807007	32024.512528419495
931	654.6186847079913	931.22	48.541015625	0.49367908	0.0002601	0.000867	28.83568572998047	32053.36063528061
932	563.9650771988437	861.92	48.79736328125	0.4935906	0.00026005714285714284	0.0008668571428571428	28.506710290908813	32081.8687210083
933	584.51137535764	882.45	48.06103515625	0.49350473	0.0002600142857142857	0.0008667142857142858	28.45882272720337	32110.328573703766
934	646.771031465449	961.65	48.3203125	0.49342003	0.0002599714285714285	0.0008665714285714286	27.73629856109619	32138.065900325775
935	593.0722702806672	891.26	48.0810546875	0.4933358	0.00025992857142857144	0.0008664285714285715	28.295331954956055	32166.37650203705
936	514.3152271553347	811.25	47.589599609375	0.49316168	0.0002598857142857143	0.0008662857142857143	28.330275774002075	32194.708235502243
937	572.4318831870389	868.09	48.10009765625	0.49306774	0.0002598428571428571	0.0008661428571428571	28.64734697341919	32223.36848592758
938	560.8991913960675	840.29	48.361083984375	0.4929779	0.00025979999999999997	0.000866	28.643408060073853	32252.024495363235
939	627.5790719063784	914.42	48.369384765625	0.49288583	0.00025975714285714284	0.0008658571428571429	28.558993577957153	32280.584490299225
940	612.4859004137232	898.0	47.888671875	0.492789	0.0002597142857142857	0.0008657142857142856	28.32369351387024	32308.916585683823
941	603.4195496105098	887.26	48.388427734375	0.49269402	0.00025967142857142856	0.0008655714285714285	29.799481630325317	32338.724501609802
942	600.3384123948158	886.03	48.89990234375	0.4925981	0.00025962857142857143	0.0008654285714285715	30.042436361312866	32368.775599479675
943	556.2624347600274	834.56	47.6591796875	0.4924017	0.0002595857142857143	0.0008652857142857144	30.044761896133423	32398.833664894104
944	601.1727688847487	899.37	48.419677734375	0.49230734	0.0002595428571428571	0.0008651428571428571	29.874346494674683	32428.720480918884
945	577.2729596692016	879.68	48.177978515625	0.49221694	0.00025949999999999997	0.000865	29.498695373535156	32458.227845191956
946	632.3006806988923	939.09	48.437744140625	0.49213144	0.00025945714285714283	0.0008648571428571429	28.535479307174683	32486.780534505844
947	612.3182913168641	890.14	48.69873046875	0.49204326	0.0002594142857142857	0.0008647142857142858	28.870895862579346	32515.652499437332
948	568.4998488245221	887.84	48.458740234375	0.49195495	0.00025937142857142856	0.0008645714285714285	28.50985050201416	32544.16335582733
949	618.3466352219913	930.73	47.96875	0.4918629	0.0002593285714285714	0.0008644285714285714	29.233721017837524	32573.410806179047
950	563.4008320257888	860.82	47.48583984375	0.4916865	0.0002592857142857143	0.0008642857142857144	28.662182092666626	32602.08710002899
951	614.9414306236549	916.18	48.987060546875	0.4915916	0.0002592428571428571	0.0008641428571428572	28.85557270050049	32630.944554805756
952	611.8189980457039	923.88	49.247802734375	0.4914963	0.00025919999999999996	0.000864	28.330554723739624	32659.276537418365
953	629.9273088812353	946.65	48.00634765625	0.4914037	0.0002591571428571428	0.0008638571428571429	28.02377700805664	32687.304821014404
954	631.2117890295089	937.78	48.766357421875	0.4913101	0.0002591142857142857	0.0008637142857142857	27.759379625320435	32715.072499275208
955	622.5045763453674	903.75	48.776123046875	0.49122155	0.00025907142857142855	0.0008635714285714286	28.991341829299927	32744.076486349106
956	590.7445982299517	882.28	48.28662109375	0.49113235	0.0002590285714285714	0.0008634285714285714	28.78223943710327	32772.86049056053
957	659.2828062618548	954.13	48.544921875	0.491042	0.0002589857142857143	0.0008632857142857143	28.023050785064697	32800.88450908661
958	592.4297283733167	882.5	48.556640625	0.49095035	0.00025894285714285714	0.0008631428571428572	30.046554565429688	32830.932087659836
959	649.82285335829	942.1	48.31591796875	0.49075648	0.00025889999999999995	0.000863	30.35876154899597	32861.292296886444
960	593.7990051821303	873.42	48.576171875	0.4906489	0.0002588571428571428	0.0008628571428571429	30.22534680366516	32891.530440568924
961	666.5554487033384	946.52	48.33447265625	0.4905446	0.00025881428571428573	0.0008627142857142858	28.29146385192871	32919.83248615265
962	617.0801467437116	903.09	48.103271484375	0.49043572	0.00025877142857142854	0.0008625714285714286	29.158540725708008	32948.9924800396
963	609.4199470701928	905.8	48.85546875	0.49032578	0.0002587285714285714	0.0008624285714285715	29.526371002197266	32978.52057003975
964	589.4872914931735	868.31	49.1162109375	0.49021757	0.00025868571428571427	0.0008622857142857143	29.599587440490723	33008.136501550674
965	611.8679548831453	913.99	48.625244140625	0.49011004	0.00025864285714285713	0.0008621428571428571	29.006527423858643	33037.144562244415
966	636.1765758380857	944.44	48.885498046875	0.49000192	0.0002586	0.000862	28.374977350234985	33065.520471572876
967	650.4541595129942	954.62	48.14453125	0.48989463	0.00025855714285714286	0.0008618571428571429	27.971357822418213	33093.504516124725
968	641.8480058911193	926.22	48.656005859375	0.48969173	0.00025851428571428567	0.0008617142857142856	28.598865032196045	33122.10448527336
969	583.5385948673527	865.5	48.6650390625	0.48959157	0.00025847142857142853	0.0008615714285714286	28.06194257736206	33150.16847848892
970	650.4890336288709	967.73	48.9248046875	0.48949382	0.0002584285714285714	0.0008614285714285715	28.47326946258545	33178.64361476898
971	589.8371117951338	893.22	48.68408203125	0.48939466	0.00025838571428571426	0.0008612857142857144	28.25050377845764	33206.90756249428
972	577.639743789338	851.9	48.694091796875	0.4892995	0.0002583428571428571	0.0008611428571428572	28.708027124404907	33235.616993904114
973	577.5622569756442	852.74	48.705078125	0.4892111	0.0002583	0.000861	28.050254821777344	33263.66892147064
974	623.4214410255638	907.33	48.963134765625	0.4891219	0.00025825714285714285	0.0008608571428571429	28.27174472808838	33291.95681285858
975	622.9867814197178	892.18	48.97412109375	0.48894453	0.0002582142857142857	0.0008607142857142858	28.3262677192688	33320.28451752663
976	632.9800961553021	929.55	47.991455078125	0.48885512	0.00025817142857142853	0.0008605714285714285	28.54643154144287	33348.832486867905
977	633.429839018925	915.41	48.74267578125	0.48877278	0.0002581285714285714	0.0008604285714285714	28.23273515701294	33377.085729599
978	627.4989441538833	920.81	48.75341796875	0.48869097	0.00025808571428571426	0.0008602857142857144	28.17825961112976	33405.27940416336
979	578.4351933694043	848.81	49.51171875	0.48861262	0.0002580428571428571	0.0008601428571428571	28.71135711669922	33434.004489421844
980	613.9700100445109	888.75	48.77294921875	0.48853448	0.000258	0.00086	28.89075803756714	33462.896661520004
981	608.5325334276017	908.22	48.53271484375	0.48845884	0.00025795714285714285	0.0008598571428571429	29.74206805229187	33492.65900683403
982	632.6997140138544	940.31	48.55029296875	0.48829737	0.00025791428571428566	0.0008597142857142857	29.328328609466553	33522.00076627731
983	583.3736037291935	883.81	48.80126953125	0.4882196	0.0002578714285714285	0.0008595714285714285	27.92676830291748	33549.92850112915
984	595.7109103530922	880.81	49.059326171875	0.48814246	0.0002578285714285714	0.0008594285714285714	28.726478099822998	33578.66365265846
985	588.312136400823	908.7	49.572509765625	0.48806253	0.00025778571428571425	0.0008592857142857143	29.166444540023804	33607.840500831604
986	585.626285854302	889.71	48.582275390625	0.48797694	0.00025774285714285717	0.0008591428571428573	29.022464513778687	33636.864548921585
987	632.9692379377083	914.14	48.342041015625	0.48789302	0.0002577	0.000859	28.304853439331055	33665.181916475296
988	695.0299308081826	986.14	49.35107421875	0.48780975	0.00025765714285714284	0.0008588571428571429	28.64120578765869	33693.824519872665
989	640.9571184862746	934.2	48.610107421875	0.48772666	0.0002576142857142857	0.0008587142857142858	28.65559959411621	33722.48448777199
990	593.7960291254872	870.93	49.244384765625	0.4875591	0.0002575714285714285	0.0008585714285714286	29.14724588394165	33751.63343882561
991	640.0691090938756	902.69	49.25244140625	0.48747393	0.00025752857142857143	0.0008584285714285714	28.692096710205078	33780.32659244537
992	621.5331719194749	885.77	49.00830078125	0.48738977	0.0002574857142857143	0.0008582857142857143	28.10673236846924	33808.44766044617
993	638.9600939418367	929.55	49.017822265625	0.48721144	0.0002574428571428571	0.0008581428571428571	29.23962903022766	33837.688729047775
994	601.7485380127786	886.09	48.2822265625	0.48711506	0.00025739999999999997	0.000858	30.478276252746582	33868.16882276535
995	616.1569526269527	878.95	48.54150390625	0.48702288	0.00025735714285714283	0.0008578571428571428	28.006136417388916	33896.17651152611
996	635.9836146432216	912.61	49.04150390625	0.48692897	0.0002573142857142857	0.0008577142857142857	28.314439058303833	33924.49251151085
997	634.8462052427788	916.68	49.048095703125	0.4868356	0.00025727142857142856	0.0008575714285714286	28.8985493183136	33953.39248418808
998	594.8913175258792	866.58	49.05615234375	0.48674807	0.0002572285714285714	0.0008574285714285715	29.71091914176941	33983.10487627983
999	669.9083645739378	923.64	49.315185546875	0.4866587	0.0002571857142857143	0.0008572857142857143	28.687270164489746	34011.80448484421
1000	657.1566734712462	925.12	49.0712890625	0.48657307	0.00025714285714285715	0.0008571428571428572	28.83897089958191	34040.65214776993
1001	677.8978539171935	925.18	49.08203125	0.48648652	0.00025709999999999996	0.000857	28.52293300628662	34069.17648077011
1002	631.324256048089	891.25	49.08984375	0.4863938	0.0002570571428571428	0.0008568571428571429	28.334900617599487	34097.512857437134
1003	627.4265439080068	907.13	49.596435546875	0.48621225	0.0002570142857142857	0.0008567142857142857	28.52118468284607	34126.03554081917
1004	660.5478306405066	939.1	48.8544921875	0.48611948	0.00025697142857142855	0.0008565714285714285	28.047603368759155	34154.10448050499
1005	677.3712442465984	950.78	49.112060546875	0.48602566	0.0002569285714285714	0.0008564285714285715	27.704214811325073	34181.8166513443
1006	716.5248909334481	960.56	49.62109375	0.4859276	0.0002568857142857143	0.0008562857142857144	28.418301105499268	34210.25168514252
1007	623.8838191107615	871.1	49.1279296875	0.48583174	0.0002568428571428571	0.0008561428571428571	29.639305114746094	34239.904483795166
1008	635.9180156309644	905.57	48.88525390625	0.4854064	0.00025679999999999995	0.000856	30.898537635803223	34270.8045194149
1009	671.1555020499712	908.28	49.144287109375	0.48529541	0.0002567571428571428	0.0008558571428571429	29.162882089614868	34299.96848154068
1010	708.3775151934766	975.74	49.150634765625	0.4851863	0.0002567142857142857	0.0008557142857142857	28.674402236938477	34328.64448308945
1011	663.6527695512865	907.48	49.41015625	0.48507535	0.00025667142857142855	0.0008555714285714285	28.53866195678711	34357.184576272964
1012	661.5302451273683	919.41	48.918212890625	0.4849707	0.0002566285714285714	0.0008554285714285714	28.508769989013672	34385.705751657486
1013	664.5682521551831	929.24	49.171875	0.48477224	0.00025658571428571427	0.0008552857142857144	29.52583932876587	34415.24691796303
1014	668.0660159688975	927.56	48.932861328125	0.48466954	0.00025654285714285714	0.0008551428571428573	29.184053659439087	34444.44849228859
1015	721.5341871518649	959.27	49.19140625	0.48457253	0.00025649999999999995	0.000855	27.990943908691406	34472.44048452377
1016	688.9194317109027	968.82	49.447265625	0.48447394	0.00025645714285714286	0.0008548571428571429	28.39897131919861	34500.840910196304
1017	657.200154205083	913.75	49.457275390625	0.48437464	0.00025641428571428573	0.0008547142857142858	28.443891525268555	34529.286422252655
1018	645.8270036319041	905.52	49.214111328125	0.4842728	0.00025637142857142854	0.0008545714285714286	29.24411177635193	34558.552587509155
1019	622.9414404951376	873.67	49.4736328125	0.48405477	0.0002563285714285714	0.0008544285714285714	29.7532856464386	34588.307289361954
1020	606.5055713322821	858.42	49.48046875	0.48393962	0.00025628571428571427	0.0008542857142857143	28.771785259246826	34617.088847875595
1021	672.6134575038533	905.26	48.9892578125	0.48382387	0.00025624285714285713	0.0008541428571428571	29.711357831954956	34646.81249284744
1022	707.9055700099235	961.81	49.747314453125	0.48370695	0.0002562	0.000854	29.751367807388306	34676.56851434708
1023	716.7015699040073	968.88	49.75439453125	0.4835918	0.00025615714285714286	0.0008538571428571429	29.39443588256836	34705.96448779106
1024	702.3457818008554	942.76	49.512451171875	0.48347712	0.00025611428571428567	0.0008537142857142857	28.442489624023438	34734.4084918499
1025	676.5275863543501	935.64	49.01953125	0.48336217	0.00025607142857142853	0.0008535714285714286	27.822314262390137	34762.232503414154
1026	645.0593937763143	888.13	48.7763671875	0.48315644	0.0002560285714285714	0.0008534285714285715	28.566999912261963	34790.800486803055
1027	700.4316007465819	955.76	49.28515625	0.4830607	0.00025598571428571426	0.0008532857142857143	28.253904104232788	34819.055945158005
1028	712.6165494946819	947.78	49.292236328125	0.48296055	0.0002559428571428571	0.0008531428571428572	28.94828486442566	34848.00549387932
1029	680.8065771692559	920.25	49.05126953125	0.48285925	0.0002559	0.000853	29.12753415107727	34877.14851927757
1030	711.1306895853945	942.2	48.56494140625	0.48275852	0.00025585714285714285	0.0008528571428571428	28.080164909362793	34905.23024916649
1031	661.9321739650296	894.23	49.06494140625	0.48266006	0.0002558142857142857	0.0008527142857142857	28.066628456115723	34933.29840302467
1032	693.226575245536	919.34	49.073974609375	0.482556	0.0002557714285714285	0.0008525714285714286	29.766485452651978	34963.08357381821
1033	669.8767664509286	903.04	49.33251953125	0.4824547	0.0002557285714285714	0.0008524285714285715	28.438514709472656	34991.5235645771
1034	693.466852079903	925.68	49.340576171875	0.4822471	0.00025568571428571425	0.0008522857142857143	28.337657928466797	35019.8621237278
1035	697.4312526012326	921.16	49.5986328125	0.48214164	0.0002556428571428571	0.0008521428571428571	28.736881494522095	35048.62178897858
1036	684.4993615541134	920.54	49.357421875	0.4820355	0.0002556	0.000852	28.413339138031006	35077.03648328781
1037	714.6373863853554	956.97	49.3642578125	0.48192826	0.00025555714285714284	0.0008518571428571429	29.123440742492676	35106.176493644714
1038	701.6015535135698	923.51	49.37158203125	0.48182335	0.00025551428571428565	0.0008517142857142856	29.501412391662598	35135.690519571304
1039	684.4383620838468	919.4	49.380859375	0.48171893	0.0002554714285714285	0.0008515714285714285	28.44238781929016	35164.13394284248
1040	686.0853438810435	925.37	49.386474609375	0.48161653	0.0002554285714285714	0.0008514285714285714	28.907383680343628	35193.056488990784
1041	733.6300981732344	959.77	49.396240234375	0.48151433	0.0002553857142857143	0.0008512857142857144	28.397744178771973	35221.47068810463
1042	739.6291085650815	980.4	49.653564453125	0.48132944	0.00025534285714285716	0.0008511428571428572	29.055626153945923	35250.53674054146
1043	716.6402607576779	964.12	50.161865234375	0.4812424	0.00025529999999999997	0.000851	28.775593996047974	35279.32468366623
1044	743.7494007111283	953.13	49.41943359375	0.48114932	0.00025525714285714284	0.0008508571428571429	29.54054594039917	35308.8729724884
1045	699.2997471572579	953.54	49.927001953125	0.48105672	0.0002552142857142857	0.0008507142857142858	28.875755310058594	35337.76483631134
1046	694.1570886740826	922.9	49.934814453125	0.48096707	0.00025517142857142856	0.0008505714285714285	28.159383296966553	35365.93249511719
1047	648.6203601686166	866.14	49.442626953125	0.4808754	0.0002551285714285714	0.0008504285714285714	28.354500770568848	35394.28850769997
1048	674.1157562876039	908.75	49.200927734375	0.48067263	0.0002550857142857143	0.0008502857142857143	29.250816106796265	35423.55204701424
1049	713.544558090259	941.25	49.458740234375	0.48056963	0.0002550428571428571	0.0008501428571428571	29.1553955078125	35452.70849084854
1050	731.7579553860269	957.77	49.71630859375	0.48046014	0.00025499999999999996	0.00085	27.67850923538208	35480.38849282265
1051	697.3346711637741	918.96	49.4736328125	0.48035192	0.00025495714285714283	0.0008498571428571429	28.357171058654785	35508.74706745148
1052	724.7503020715257	950.79	49.73291015625	0.48024765	0.0002549142857142857	0.0008497142857142858	28.64935851097107	35537.410383462906
1053	711.2984556611107	949.6	49.490234375	0.48014736	0.00025487142857142856	0.0008495714285714286	29.855517625808716	35567.280589818954
1054	746.891908249955	968.59	49.750732421875	0.48005155	0.0002548285714285714	0.0008494285714285714	27.768189668655396	35595.04995369911
1055	712.4423025273999	936.63	49.010498046875	0.4798675	0.0002547857142857143	0.0008492857142857143	29.06741714477539	35624.13249206543
1056	723.5318345849159	939.01	50.267333984375	0.4797769	0.00025474285714285715	0.0008491428571428572	28.290467739105225	35652.42454648018
1057	734.1598687153955	952.39	49.52978515625	0.47967967	0.00025469999999999996	0.000849	29.00751519203186	35681.452501535416
1058	708.202165024619	936.21	49.53955078125	0.47958684	0.0002546571428571428	0.0008488571428571428	29.485677003860474	35710.95061779022
1059	671.6766594417339	898.71	49.298828125	0.47949162	0.0002546142857142857	0.0008487142857142858	29.532484531402588	35740.48449373245
1060	681.9381483056333	915.63	49.559326171875	0.4793962	0.00025457142857142855	0.0008485714285714286	29.91037392616272	35770.39647889137
1061	649.4959301593944	888.37	49.316162109375	0.47903547	0.0002545285714285714	0.0008484285714285715	30.013869762420654	35800.412504434586
1062	718.8965226248592	947.8	49.577392578125	0.47894952	0.0002544857142857143	0.0008482857142857143	28.184171438217163	35828.59821105003
1063	645.6270372902092	872.03	49.332275390625	0.47886336	0.0002544428571428571	0.0008481428571428571	28.099367141723633	35856.71248912811
1064	629.7268504618838	871.49	48.847900390625	0.47869647	0.00025439999999999995	0.000848	29.015403032302856	35885.7405090332
1065	679.198066979731	921.34	49.60400390625	0.47861388	0.0002543571428571428	0.0008478571428571429	28.028762817382812	35913.78171539307
1066	747.7985733033795	961.15	49.375	0.47852835	0.0002543142857142857	0.0008477142857142857	28.303375482559204	35942.10050821304
1067	710.6343374881185	936.78	49.6279296875	0.47844496	0.00025427142857142854	0.0008475714285714285	29.497302055358887	35971.599405527115
1068	664.9342049935701	889.92	48.895751953125	0.47835565	0.0002542285714285714	0.0008474285714285715	27.94440460205078	35999.55738782883
1069	696.0181145997775	927.44	49.647705078125	0.47827294	0.00025418571428571427	0.0008472857142857144	28.859336614608765	36028.43248844147
1070	692.0843637314365	930.14	49.656982421875	0.4781177	0.00025414285714285713	0.0008471428571428572	29.159295082092285	36057.59278321266
1071	654.490191426236	894.81	49.417236328125	0.4780426	0.0002541	0.000847	28.399001359939575	36086.011878967285
1072	729.1336249273206	952.05	49.677001953125	0.4779615	0.00025405714285714286	0.0008468571428571429	28.46558165550232	36114.49073648453
1073	700.930415191935	928.66	49.685791015625	0.47788188	0.0002540142857142857	0.0008467142857142858	28.7580783367157	36143.250683546066
1074	716.9992081028547	942.29	49.44580078125	0.47780275	0.00025397142857142853	0.0008465714285714285	29.109047412872314	36172.360805273056
1075	650.7232681020058	902.72	49.955810546875	0.47772023	0.0002539285714285714	0.0008464285714285714	29.1425302028656	36201.50490498543
1076	746.2733406304862	970.83	48.97314453125	0.47763684	0.00025388571428571426	0.0008462857142857143	29.299649477005005	36230.820836782455
1077	700.3681121440221	929.51	49.7255859375	0.47755954	0.0002538428571428571	0.0008461428571428572	29.17524242401123	36260.00451231003
1078	656.028523559545	892.67	49.73388671875	0.4774038	0.0002538	0.000846	29.2357120513916	36289.244834661484
1079	690.2935083931661	904.72	49.74609375	0.47732997	0.00025375714285714285	0.0008458571428571429	28.00528573989868	36317.25817131996
1080	701.5835538465057	925.19	49.7548828125	0.47725344	0.0002537142857142857	0.0008457142857142858	28.55942440032959	36345.828491449356
1081	723.2727768139968	955.82	50.263916015625	0.4771748	0.0002536714285714286	0.0008455714285714287	29.163121938705444	36374.992668151855
1082	691.8717087351827	918.97	49.77490234375	0.47709456	0.0002536285714285714	0.0008454285714285714	28.74989128112793	36403.74367260933
1083	701.35355576187	921.13	49.7841796875	0.4770186	0.00025358571428571425	0.0008452857142857143	28.08779287338257	36431.83249425888
1084	723.1736994912037	942.77	49.79443359375	0.4769442	0.0002535428571428571	0.0008451428571428572	28.3292818069458	36460.16291332245
1085	708.7226986260877	933.01	49.8115234375	0.47687197	0.0002535	0.0008449999999999999	27.935574769973755	36488.128482341766
1086	726.7455602959382	942.01	49.81298828125	0.4767972	0.00025345714285714285	0.0008448571428571429	29.086644649505615	36517.216663360596
1087	697.2303130094485	915.66	49.57373046875	0.47672752	0.0002534142857142857	0.0008447142857142858	28.669942617416382	36545.888503074646
1088	704.7782581793481	929.71	49.584716796875	0.47657505	0.0002533714285714285	0.0008445714285714286	28.502885103225708	36574.39279508591
1089	707.8559738622758	936.89	50.094482421875	0.47649658	0.0002533285714285714	0.0008444285714285714	27.98662042617798	36602.38092684746
1090	732.6620754468753	942.84	50.103271484375	0.47641894	0.00025328571428571425	0.0008442857142857143	28.970129251480103	36631.35253453255
1091	686.189130738641	890.27	49.86328125	0.47633886	0.0002532428571428571	0.0008441428571428571	30.03534722328186	36661.39651799202
1092	660.544727900896	882.17	50.1220703125	0.47625482	0.0002532	0.000844	28.707345962524414	36690.112468481064
1093	708.2552605631379	913.56	50.13232421875	0.47616887	0.00025315714285714284	0.0008438571428571428	29.61125683784485	36719.72480368614
1094	691.1894216728531	917.02	49.150146484375	0.47598436	0.0002531142857142857	0.0008437142857142857	30.427870988845825	36750.15416479111
1095	742.5690114308978	966.41	49.160400390625	0.47589323	0.00025307142857142857	0.0008435714285714287	30.17536687850952	36780.34048461914
1096	721.4918674461687	955.58	49.912109375	0.4758048	0.0002530285714285714	0.0008434285714285715	29.82251501083374	36810.16448235512
1097	733.1583147183992	943.96	49.9208984375	0.4757223	0.0002529857142857143	0.0008432857142857143	29.12265419960022	36839.28856539726
1098	660.1626954213325	876.44	49.189697265625	0.47564062	0.00025294285714285716	0.0008431428571428572	28.399644374847412	36867.71255040169
1099	670.0408815340422	903.44	49.692138671875	0.47556046	0.00025289999999999997	0.000843	28.970357656478882	36896.68448638916
1100	732.762624499239	969.53	49.208984375	0.47547665	0.00025285714285714283	0.0008428571428571429	28.373056411743164	36925.05860900879
1101	758.8383957499805	970.55	50.212646484375	0.4753904	0.0002528142857142857	0.0008427142857142857	29.208594799041748	36954.268849134445
1102	773.6139202605099	990.28	50.222412109375	0.47521892	0.00025277142857142856	0.0008425714285714285	28.98262882232666	36983.267703294754
1103	742.6252950849973	967.06	49.98095703125	0.47513232	0.0002527285714285714	0.0008424285714285714	30.232197523117065	37013.5246219635
1104	724.7049484453225	945.93	50.489990234375	0.4750426	0.0002526857142857143	0.0008422857142857144	29.551676273345947	37043.09264874458
1105	708.6126124175695	948.17	49.4990234375	0.47495496	0.0002526428571428571	0.0008421428571428571	28.29075813293457	37071.384494781494
1106	651.1826252712062	883.12	50.260986328125	0.47486416	0.00025259999999999996	0.000842	27.958298683166504	37099.34452033043
1107	667.2571400778152	896.45	50.020751953125	0.47476926	0.0002525571428571428	0.0008418571428571429	28.958840370178223	37128.30479335785
1108	727.2139306455304	936.52	50.530517578125	0.4746761	0.0002525142857142857	0.0008417142857142858	29.567354202270508	37157.88852953911
1109	686.1311763102868	904.18	50.03857421875	0.4745823	0.00025247142857142855	0.0008415714285714286	28.325422048568726	37186.21501302719
1110	666.1355341549029	889.49	49.80029296875	0.47357213	0.0002524285714285714	0.0008414285714285714	32.38364815711975	37218.61267566681
1111	690.293404792478	905.17	50.560302734375	0.4735469	0.0002523857142857143	0.0008412857142857143	29.423272132873535	37248.052485466
1112	711.2113860608124	937.51	49.818115234375	0.4734676	0.00025234285714285714	0.0008411428571428573	29.791260242462158	37277.85647726059
1113	675.3201576856005	881.55	50.078369140625	0.47341824	0.00025229999999999995	0.000841	28.81074857711792	37306.6684961319
1114	682.6311428463073	902.22	49.83935546875	0.4733603	0.0002522571428571428	0.0008408571428571429	27.829930067062378	37334.50031518936
1115	685.4028500497642	912.34	50.098876953125	0.47329736	0.0002522142857142857	0.0008407142857142858	27.99658513069153	37362.513706445694
1116	671.1874813172217	887.48	50.11767578125	0.47322688	0.00025217142857142854	0.0008405714285714286	28.863394498825073	37391.39252495766
1117	688.5303093211874	934.11	50.36669921875	0.47315988	0.0002521285714285714	0.0008404285714285714	28.057195901870728	37419.45076870918
1118	705.9902868009445	933.06	49.509765625	0.47309875	0.00025208571428571427	0.0008402857142857143	28.211838722229004	37447.676745414734
1119	657.9335375127416	892.64	50.2587890625	0.47297713	0.0002520428571428571	0.0008401428571428571	28.127481698989868	37475.812490701675
1120	728.8367381760654	933.0	50.26806640625	0.4729185	0.00025199999999999995	0.00084	28.33964204788208	37504.16450881958
1121	729.2767876597285	962.25	50.02587890625	0.4728569	0.0002519571428571428	0.0008398571428571428	28.567014694213867	37532.73253417015
1122	713.9183132001305	930.82	49.79150390625	0.4727864	0.00025191428571428573	0.0008397142857142858	27.854965925216675	37560.58865070343
1123	696.3052802553761	945.47	50.291259765625	0.47271708	0.0002518714285714286	0.0008395714285714287	28.983615159988403	37589.588507175446
1124	730.7722564758419	968.73	50.549560546875	0.47264767	0.0002518285714285714	0.0008394285714285715	28.43536925315857	37618.028529405594
1125	720.2746151771848	950.39	50.807373046875	0.47257507	0.00025178571428571426	0.0008392857142857143	28.154942512512207	37646.18456029892
1126	739.9754125318591	953.25	50.565185546875	0.4712379	0.00025174285714285713	0.0008391428571428572	34.6030113697052	37680.79604315758
1127	754.2208007090629	954.35	50.072509765625	0.47123745	0.0002517	0.000839	28.80797028541565	37709.61704945564
1128	724.3899166838041	946.34	50.33056640625	0.47122386	0.00025165714285714286	0.0008388571428571429	29.1708722114563	37738.78939080238
1129	712.7947356682783	928.48	50.338623046875	0.47115293	0.0002516142857142857	0.0008387142857142857	28.609580039978027	37767.400493621826
1130	700.18799496809	917.0	50.096435546875	0.4711055	0.00025157142857142853	0.0008385714285714285	28.851258516311646	37796.26449108124
1131	716.9793794313008	930.23	50.603515625	0.4710537	0.0002515285714285714	0.0008384285714285715	29.12739109992981	37825.40452218056
1132	761.9429678046322	963.6	49.861572265625	0.47099686	0.00025148571428571426	0.0008382857142857144	29.043081283569336	37854.44880318642
1133	722.8180670579776	939.85	50.620849609375	0.470932	0.0002514428571428571	0.0008381428571428571	29.785728454589844	37884.2467854023
1134	714.1843865835683	925.95	50.3779296875	0.470863	0.0002514	0.000838	28.37186884880066	37912.63680100441
1135	711.8416048549005	938.12	50.38671875	0.47072563	0.00025135714285714285	0.0008378571428571429	28.606870651245117	37941.25655889511
1136	753.8431284644431	965.06	51.64453125	0.47065568	0.0002513142857142857	0.0008377142857142857	28.690884113311768	37969.948499917984
1137	753.2461784360137	961.39	50.650634765625	0.47058484	0.0002512714285714286	0.0008375714285714286	28.728111505508423	37998.684535980225
1138	786.4748375650009	985.6	49.916259765625	0.4705148	0.0002512285714285714	0.0008374285714285714	28.968653678894043	38027.67308282852
1139	741.2598165527342	935.4	50.1669921875	0.47044635	0.00025118571428571425	0.0008372857142857143	28.436071634292603	38056.11254644394
1140	735.4508293442897	945.33	50.17578125	0.4703721	0.0002511428571428571	0.0008371428571428572	29.17539095878601	38085.30447387695
1141	743.0915212325596	969.94	49.933837890625	0.470297	0.0002511	0.000837	28.823217391967773	38114.14041042328
1142	707.0852750222328	919.06	49.939453125	0.46990514	0.00025105714285714284	0.0008368571428571429	31.579560041427612	38145.73673272133
1143	712.6440462854466	922.15	50.698974609375	0.46982327	0.0002510142857142857	0.0008367142857142858	28.09042191505432	38173.828167676926
1144	763.7428039012434	967.84	50.7060546875	0.4697344	0.0002509714285714285	0.0008365714285714285	28.94941735267639	38202.77854681015
1145	734.9337801235635	927.28	50.46484375	0.46965042	0.0002509285714285714	0.0008364285714285714	28.989028215408325	38231.76851582527
1146	754.4160916772842	933.1	49.978759765625	0.46957064	0.00025088571428571424	0.0008362857142857143	28.48670792579651	38260.256672143936
1147	783.5010088885502	959.83	50.47998046875	0.46948716	0.0002508428571428571	0.0008361428571428571	28.71995782852173	38288.996922016144
1148	750.6790885696344	960.78	50.487548828125	0.46932223	0.00025079999999999997	0.0008359999999999999	29.819807767868042	38318.82490873337
1149	783.8973916848571	954.41	50.24560546875	0.46923706	0.00025075714285714283	0.0008358571428571429	29.24771285057068	38348.08886528015
1150	750.1148225388882	941.6	51.254638671875	0.46914902	0.0002507142857142857	0.0008357142857142858	29.194456100463867	38377.28454566002
1151	753.4009837676429	933.64	50.511962890625	0.46905637	0.00025067142857142856	0.0008355714285714287	28.59481978416443	38405.88081932068
1152	774.5088441343926	968.97	50.769287109375	0.46896294	0.0002506285714285714	0.0008354285714285714	28.742004871368408	38434.635167598724
1153	740.7349304286195	935.35	50.527099609375	0.46878922	0.0002505857142857143	0.0008352857142857143	29.08372664451599	38463.73280787468
1154	767.8928265537043	970.56	50.78564453125	0.46870124	0.00025054285714285715	0.0008351428571428572	28.46439552307129	38492.20568084717
1155	797.4693150219356	984.37	50.543701171875	0.46861663	0.00025049999999999996	0.000835	29.425580739974976	38521.63289260864
1156	749.6435278470784	960.21	50.55078125	0.4685391	0.0002504571428571428	0.0008348571428571428	30.443495512008667	38552.08869481087
1157	746.6579345391168	938.66	50.80712890625	0.46846893	0.0002504142857142857	0.0008347142857142857	29.57731008529663	38581.68623018265
1158	796.7252197389957	970.93	49.82470703125	0.46839938	0.00025037142857142855	0.0008345714285714286	28.219618558883667	38609.92454433441
1159	783.5277928904865	979.94	50.32470703125	0.46832928	0.0002503285714285714	0.0008344285714285715	28.07429599761963	38638.00047826767
1160	784.2383239038032	981.82	50.582763671875	0.46820343	0.0002502857142857143	0.0008342857142857143	29.153522491455078	38667.16673874855
1161	785.053428105815	983.71	50.58984375	0.46814558	0.0002502428571428571	0.0008341428571428571	29.035306453704834	38696.22049474716
1162	799.5755697861925	994.31	51.09814453125	0.46808866	0.00025019999999999996	0.000834	28.139883756637573	38724.36879611015
1163	782.0656405687993	968.54	50.60595703125	0.46802774	0.0002501571428571428	0.0008338571428571429	28.218720197677612	38752.58902716637
1164	794.2926239108316	972.04	50.6142578125	0.46796003	0.0002501142857142857	0.0008337142857142857	29.953550100326538	38782.54449105263
1165	721.7050622260817	918.06	50.371337890625	0.46789315	0.00025007142857142855	0.0008335714285714286	29.110376834869385	38811.65649008751
1166	750.3819304779917	941.14	50.380615234375	0.4677516	0.0002500285714285714	0.0008334285714285714	28.858384370803833	38840.51647019386
1167	774.4495599589202	982.71	50.638671875	0.46767426	0.0002499857142857143	0.0008332857142857144	29.955687761306763	38870.48864746094
1168	775.7145608090935	958.89	50.4033203125	0.46759906	0.00024994285714285714	0.0008331428571428572	28.719303369522095	38899.22049355507
1169	788.34585909924	982.43	50.903076171875	0.46752575	0.00024989999999999995	0.000833	28.558980226516724	38927.780492544174
1170	763.586837961274	966.67	50.910888671875	0.46745443	0.0002498571428571428	0.0008328571428571429	28.346705675125122	38956.128665447235
1171	767.3135052975231	960.49	50.919677734375	0.4673814	0.0002498142857142857	0.0008327142857142858	28.12672257423401	38984.25642323494
1172	804.2983393840933	983.75	50.927734375	0.46730638	0.00024977142857142854	0.0008325714285714285	27.92344570159912	39012.19252991676
1173	766.1088586249252	957.36	50.685546875	0.4661335	0.0002497285714285714	0.0008324285714285714	36.867485761642456	39049.064532756805
1174	774.3469553692686	960.34	50.9423828125	0.46615925	0.00024968571428571427	0.0008322857142857143	28.555652141571045	39077.62879323959
1175	764.2493991955621	964.49	50.700439453125	0.46617135	0.00024964285714285713	0.0008321428571428573	28.17540979385376	39105.81654429436
1176	782.4169356865066	948.49	50.208740234375	0.4661697	0.00024959999999999994	0.000832	29.301588773727417	39135.130829811096
1177	820.9717682804566	998.5	50.465087890625	0.46614513	0.00024955714285714286	0.0008318571428571429	28.001704216003418	39163.14681839943
1178	768.2150478542648	948.64	51.474365234375	0.46611795	0.0002495142857142857	0.0008317142857142858	28.075385332107544	39191.236552000046
1179	790.0397917062018	968.86	50.7314453125	0.46608403	0.0002494714285714286	0.0008315714285714287	28.482072830200195	39219.73126196861
1180	786.8924635512786	991.5	50.73974609375	0.46600762	0.0002494285714285714	0.0008314285714285714	28.907331466674805	39248.660484075546
1181	758.3785023983068	942.6	51.49560546875	0.4659674	0.00024938571428571426	0.0008312857142857143	30.390793561935425	39279.052738666534
1182	779.2974287829575	958.96	51.258056640625	0.46592435	0.0002493428571428571	0.0008311428571428572	28.210390090942383	39307.2645046711
1183	776.2129567854022	975.03	50.767822265625	0.46587983	0.0002493	0.0008309999999999999	27.874952793121338	39335.14047956467
1184	774.8028535502542	966.32	50.776123046875	0.4658246	0.00024925714285714285	0.0008308571428571428	28.47835397720337	39363.62053442001
1185	732.0369068412176	940.64	50.787353515625	0.46551538	0.0002492142857142857	0.0008307142857142858	30.464681148529053	39394.086303949356
1186	777.9223178035816	958.11	50.54736328125	0.46544814	0.0002491714285714285	0.0008305714285714286	29.300997257232666	39423.388706207275
1187	745.0219987110412	926.59	50.80712890625	0.4653771	0.0002491285714285714	0.0008304285714285714	30.220276594161987	39453.62142443657
1188	805.160532535931	978.65	51.066162109375	0.46530244	0.00024908571428571425	0.0008302857142857143	29.199442148208618	39482.83658242226
1189	760.2140822740018	924.44	50.325439453125	0.4652259	0.0002490428571428571	0.0008301428571428572	28.447385549545288	39511.2965028286
1190	774.7138671529775	971.17	50.586181640625	0.46418723	0.000249	0.00083	38.13894033432007	39549.43650507927
1191	769.7051682915101	957.6	50.844970703125	0.46420202	0.00024895714285714284	0.0008298571428571428	29.370555877685547	39578.811713695526
1192	795.585296032257	990.97	50.856201171875	0.46420825	0.0002489142857142857	0.0008297142857142857	29.567384481430054	39608.38050985336
1193	818.7719673202641	994.43	51.113525390625	0.4642099	0.00024887142857142857	0.0008295714285714286	28.119006872177124	39636.50055146217
1194	814.1350542738116	990.32	51.1259765625	0.46407154	0.0002488285714285714	0.0008294285714285715	29.258313417434692	39665.76054286957
1195	809.7671096075134	979.65	50.8857421875	0.46402088	0.00024878571428571425	0.0008292857142857143	27.706137895584106	39693.47925877571
1196	802.1482955218981	975.66	50.645263671875	0.4639667	0.0002487428571428571	0.0008291428571428572	27.859493732452393	39721.36047720909
1197	758.654592524341	943.34	50.90576171875	0.46391347	0.0002487	0.000829	28.71103811264038	39750.07250881195
1198	773.0000294034054	977.54	50.913330078125	0.46385324	0.00024865714285714284	0.0008288571428571429	28.242566347122192	39778.31648468971
1199	771.3104606954538	965.96	50.683837890625	0.463796	0.0002486142857142857	0.0008287142857142857	28.374789476394653	39806.692497968674
1200	738.5230147438299	923.27	50.93408203125	0.4630685	0.0002485714285714285	0.0008285714285714285	40.64331936836243	39847.344496011734
1201	755.0937314459546	925.51	50.693359375	0.46307707	0.0002485285714285714	0.0008284285714285714	29.49947953224182	39876.8525519371
1202	823.1844975421204	987.68	51.20556640625	0.46308544	0.0002484857142857143	0.0008282857142857143	30.267452001571655	39907.132397413254
1203	828.3884060294336	994.25	51.21435546875	0.46196032	0.00024844285714285716	0.0008281428571428572	46.52668809890747	39953.66054201126
1204	794.1674147012985	954.57	50.972900390625	0.4613651	0.0002484	0.0008280000000000001	51.44739365577698	40005.11249732971
1205	799.7343183116666	970.41	51.234619140625	0.46130386	0.00024835714285714283	0.0008278571428571429	28.78664493560791	40033.90048336983
1206	827.746827761208	976.2	49.75146484375	0.4602482	0.0002483142857142857	0.0008277142857142858	51.36326336860657	40085.26481580734
1207	858.42593240963	996.95	50.753662109375	0.45916334	0.00024827142857142856	0.0008275714285714286	51.44168496131897	40136.72679901123
1208	845.585623634536	984.32	51.513916015625	0.45826817	0.0002482285714285714	0.0008274285714285714	53.19903826713562	40189.94050240517
1209	812.6270625587947	963.31	50.28125	0.45774087	0.0002481857142857143	0.0008272857142857143	52.2420129776001	40242.184047460556
1210	842.8562154910159	981.17	50.283447265625	0.45693314	0.00024814285714285715	0.0008271428571428572	52.37886571884155	40294.56482338905
1211	843.7435937403935	992.76	50.293212890625	0.4564775	0.00024809999999999996	0.0008269999999999999	51.485780239105225	40346.052479982376
1212	849.5224520817679	988.31	49.810302734375	0.45541218	0.0002480571428571428	0.0008268571428571429	52.42089819908142	40398.4755897522
1213	835.5972879792557	964.5	51.062744140625	0.45474863	0.0002480142857142857	0.0008267142857142858	51.49500370025635	40449.97256946564
1214	841.0828237879167	952.03	50.580322265625	0.45388803	0.00024797142857142855	0.0008265714285714286	50.723036766052246	40500.69665503502
1215	848.0462906230978	983.5	49.840576171875	0.45299712	0.0002479285714285714	0.0008264285714285714	53.64896488189697	40554.36361503601
1216	848.7967107541623	975.03	51.343017578125	0.45198688	0.0002478857142857143	0.0008262857142857143	51.89087533950806	40606.256479501724
1217	851.6798856509345	970.85	51.10205078125	0.45105466	0.00024784285714285714	0.0008261428571428572	52.53917098045349	40658.808559179306
1218	873.9980901480175	981.04	50.6123046875	0.4504732	0.0002478	0.0008260000000000001	51.934807538986206	40710.744661808014
1219	886.2263359368227	1001.52	50.872314453125	0.44926348	0.0002477571428571428	0.0008258571428571428	51.690110206604004	40762.436485767365
1220	867.3400847190454	989.94	51.882080078125	0.4481201	0.0002477142857142857	0.0008257142857142857	52.71561861038208	40815.15382027626
1221	887.2436076773851	992.39	51.3916015625	0.44687188	0.00024767142857142854	0.0008255714285714287	54.257386445999146	40869.41248583794
1222	903.2060284054544	1003.84	50.657470703125	0.4458923	0.0002476285714285714	0.0008254285714285715	52.174843072891235	40921.58851456642
1223	878.1232141293402	989.24	51.661376953125	0.44484782	0.00024758571428571427	0.0008252857142857143	52.43764853477478	40974.04336428642
1224	894.9448574974422	1002.16	51.171142578125	0.44429696	0.00024754285714285713	0.0008251428571428572	52.757243394851685	41026.8146147728
1225	883.524273378798	984.07	51.430908203125	0.44351974	0.00024749999999999994	0.000825	51.38286256790161	41078.211966753006
1226	876.5222794763226	988.5	51.188720703125	0.44275618	0.0002474571428571428	0.0008248571428571429	53.110716104507446	41131.324494600296
1227	889.5054448737752	999.18	51.69921875	0.44223318	0.00024741428571428567	0.0008247142857142857	53.18361306190491	41184.513036727905
1228	885.9576819288831	995.28	50.468017578125	0.4410181	0.00024737142857142854	0.0008245714285714285	50.89630079269409	41235.41774272919
1229	880.0707017428593	984.04	51.219970703125	0.44011757	0.0002473285714285714	0.0008244285714285714	51.738213300704956	41287.15770196915
1230	885.4354172341413	975.07	50.9794921875	0.4395236	0.00024728571428571426	0.0008242857142857144	52.283623933792114	41339.45251226425
1231	888.5874104861972	982.61	49.99658203125	0.43854478	0.00024724285714285713	0.0008241428571428572	52.31081295013428	41391.76463675499
1232	891.3673396541559	992.35	50.74951171875	0.43762136	0.0002472	0.0008240000000000001	51.70304775238037	41443.48441696167
1233	902.4244345099812	997.47	51.25830078125	0.4370449	0.00024715714285714286	0.0008238571428571429	50.95026111602783	41494.43651390076
1234	887.9303355610434	978.89	50.77001953125	0.43628588	0.0002471142857142857	0.0008237142857142858	50.543121099472046	41545.004088163376
1235	900.9529580294416	995.95	50.28662109375	0.43539497	0.0002470714285714286	0.0008235714285714286	52.21103763580322	41597.220643520355
1236	904.1787836717583	981.87	51.039306640625	0.43448672	0.0002470285714285714	0.0008234285714285714	51.446149826049805	41648.68329191208
1237	915.9444477491827	1000.07	51.548095703125	0.43341938	0.00024698571428571426	0.0008232857142857143	52.53514051437378	41701.232483148575
1238	913.8403316297795	991.84	51.808837890625	0.4330233	0.0002469428571428571	0.0008231428571428571	50.93805956840515	41752.17256498337
1239	927.6982442939416	1008.03	50.818359375	0.43229368	0.0002469	0.000823	51.15528702735901	41803.34075450897
1240	926.0569366642453	998.61	50.5859375	0.43137002	0.00024685714285714285	0.0008228571428571429	51.56601810455322	41854.90854597092
1241	933.0038787249446	989.49	50.838134765625	0.43033728	0.0002468142857142857	0.0008227142857142858	51.39856839179993	41906.30852532387
1242	930.0596435784715	985.6	51.597900390625	0.42996928	0.0002467714285714285	0.0008225714285714285	51.68000292778015	41957.99694752693
1243	900.3044108877085	958.36	50.615478515625	0.42914638	0.0002467285714285714	0.0008224285714285714	53.22619891166687	42011.2248044014
1244	897.7090233207716	964.85	51.375	0.4285631	0.00024668571428571425	0.0008222857142857143	52.14703941345215	42063.38048148155
1245	897.725025117537	960.53	51.127197265625	0.42773584	0.0002466428571428571	0.0008221428571428572	54.48308610916138	42117.87655735016
1246	942.1309087117829	986.57	50.51806640625	0.4271493	0.0002466	0.000822	53.75499391555786	42171.63302707672
1247	941.1720181485441	1000.94	50.275634765625	0.42639196	0.00024655714285714284	0.0008218571428571428	54.1750602722168	42225.82450675964
1248	903.1158809936165	979.4	51.276611328125	0.42554054	0.0002465142857142857	0.0008217142857142858	51.29604959487915	42277.12188243866
1249	926.142923323431	990.58	51.03466796875	0.42501855	0.00024647142857142857	0.0008215714285714287	52.144896507263184	42329.26848244667
1250	916.6790732626652	996.55	52.040771484375	0.42392445	0.0002464285714285714	0.0008214285714285714	51.9031822681427	42381.176508426666
1251	914.6950402344316	973.89	51.55029296875	0.4231172	0.00024638571428571424	0.0008212857142857143	53.300307273864746	42434.47838425636
1252	915.3005666438497	976.97	51.30712890625	0.422284	0.0002463428571428571	0.0008211428571428572	50.45854878425598	42484.95621275902
1253	949.163500388943	1005.24	51.815673828125	0.42220756	0.00024629999999999997	0.000821	30.084842920303345	42515.05803012848
1254	961.7348039253425	1010.04	50.83154296875	0.4216081	0.00024625714285714283	0.0008208571428571428	50.891289949417114	42565.95090389252
1255	958.1880081836503	1002.2	51.58154296875	0.42118135	0.0002462142857142857	0.0008207142857142857	49.08678483963013	42615.06020903587
1256	955.2716237683255	996.2	51.58935546875	0.42049766	0.0002461714285714285	0.0008205714285714285	52.153785943984985	42667.2153968811
1257	948.2977180397581	984.4	52.09716796875	0.419709	0.00024612857142857137	0.0008204285714285715	51.6153678894043	42718.84080576897
1258	948.1367079358049	995.74	51.3544921875	0.41900802	0.0002460857142857143	0.0008202857142857143	54.975844383239746	42773.832805633545
1259	934.5071157581848	987.45	51.61279296875	0.4181725	0.00024604285714285715	0.0008201428571428572	54.5661780834198	42828.41570067406
1260	905.5348519762306	965.99	51.61962890625	0.41813043	0.000246	0.0008200000000000001	29.576924562454224	42858.00637817383
1261	982.8721782923382	1016.13	51.87841796875	0.41744745	0.0002459571428571428	0.0008198571428571429	52.84331440925598	42910.864515542984
1262	945.0511140968066	1001.67	51.634765625	0.41657293	0.0002459142857142857	0.0008197142857142857	51.35858678817749	42962.24048066139
1263	900.5107708786096	950.93	51.14404296875	0.41585207	0.00024587142857142855	0.0008195714285714286	51.89140248298645	43014.14087224007
1264	969.2669181583375	1001.51	50.90283203125	0.41490474	0.0002458285714285714	0.0008194285714285714	52.425899028778076	43066.56856274605
1265	981.7718538894986	1012.36	50.91064453125	0.41413155	0.0002457857142857143	0.0008192857142857143	52.49087858200073	43119.06138539314
1266	959.1300672578791	1001.41	50.9169921875	0.4132364	0.00024574285714285715	0.0008191428571428572	50.54341411590576	43169.61650419235
1267	976.7258138784845	1011.61	51.92529296875	0.41251242	0.00024569999999999995	0.000819	50.455270528793335	43220.07363152504
1268	939.512263679757	978.32	51.683837890625	0.41184628	0.0002456571428571428	0.0008188571428571429	51.58304953575134	43271.67245745659
1269	969.7582290587768	1000.56	51.19189453125	0.41131368	0.0002456142857142857	0.0008187142857142858	51.07111144065857	43322.75647854805
1270	956.9312779583613	989.25	51.69970703125	0.41056475	0.00024557142857142855	0.0008185714285714285	52.47072792053223	43375.22856450081
1271	961.6232706568798	985.49	51.207275390625	0.40963987	0.0002455285714285714	0.0008184285714285714	53.914247274398804	43429.144490003586
1272	980.5597831937323	1004.04	51.71533203125	0.40897122	0.0002454857142857143	0.0008182857142857143	51.43911123275757	43480.59248685837
1273	979.0616650124206	995.99	51.22314453125	0.40802813	0.00024544285714285714	0.0008181428571428572	55.14957785606384	43535.75898575783
1274	981.5615295837099	999.18	51.47998046875	0.4074855	0.0002454	0.000818	51.29947328567505	43587.072828769684
1275	976.1405693127055	1009.32	50.738525390625	0.40689588	0.0002453571428571428	0.0008178571428571428	52.623100996017456	43639.71249437332
1276	978.0305697345685	1013.56	51.993896484375	0.40633678	0.0002453142857142857	0.0008177142857142858	51.53888988494873	43691.25321006775
1277	941.1442653140198	976.75	51.25390625	0.40589908	0.00024527142857142854	0.0008175714285714287	52.93737435340881	43744.192524671555
1278	982.9663595555688	1016.54	51.76220703125	0.40509185	0.0002452285714285714	0.0008174285714285714	52.27727174758911	43796.47120976448
1279	952.9549387395194	973.67	52.27001953125	0.40423608	0.00024518571428571427	0.0008172857142857143	52.911041498184204	43849.39653658867
1280	958.7251440555157	982.09	51.527587890625	0.40366855	0.00024514285714285713	0.0008171428571428572	51.62682485580444	43901.03650069237
1281	963.0860398716563	999.16	51.535888671875	0.4027479	0.00024509999999999994	0.000817	50.24192547798157	43951.28028726578
1282	977.4317908458713	989.93	51.04443359375	0.40213475	0.0002450571428571428	0.0008168571428571428	52.30593228340149	44003.58848619461
1283	948.9130905763085	971.02	51.80224609375	0.4017718	0.0002450142857142857	0.0008167142857142857	54.14028978347778	44057.7417781353
1284	998.9403908020095	1002.96	51.31005859375	0.4011338	0.00024497142857142853	0.0008165714285714285	55.09930777549744	44112.85277271271
1285	971.2259007126877	983.13	51.81689453125	0.40045336	0.0002449285714285714	0.0008164285714285715	53.637399673461914	44166.51076340675
1286	977.535984738422	1008.03	52.0751953125	0.3997976	0.00024488571428571426	0.0008162857142857143	52.899253845214844	44219.42455410957
1287	975.8475090190566	985.83	51.33251953125	0.39924133	0.0002448428571428571	0.0008161428571428572	52.2594268321991	44271.69647979736
1288	995.0734269634007	996.64	51.09912109375	0.3986071	0.0002448	0.0008160000000000001	52.183045864105225	44323.8885011673
1289	1002.1136538799718	1012.72	52.09912109375	0.39783537	0.00024475714285714285	0.0008158571428571428	51.51904058456421	44375.424597263336
1290	1011.1507684677774	1013.19	51.856201171875	0.39694557	0.0002447142857142857	0.0008157142857142857	53.37544560432434	44428.8088657856
1291	997.2597535991158	1003.58	51.6142578125	0.3960763	0.0002446714285714286	0.0008155714285714286	55.11030411720276	44483.92077612877
1292	979.875352975603	990.5	51.3720703125	0.39555433	0.0002446285714285714	0.0008154285714285714	52.346922397613525	44536.284061431885
1293	995.41025908567	1006.93	51.380126953125	0.39461574	0.00024458571428571425	0.0008152857142857142	52.13467717170715	44588.42047572136
1294	1014.4622537132954	1006.56	51.637939453125	0.39376578	0.0002445428571428571	0.0008151428571428572	49.918225049972534	44638.340534448624
1295	960.1572492964199	969.85	51.895263671875	0.39370656	0.0002445	0.000815	29.126872301101685	44667.4725048542
1296	1020.0216202446236	1018.4	50.911376953125	0.39305365	0.00024445714285714284	0.0008148571428571429	52.53842282295227	44720.01248192787
1297	1010.8475740455905	1010.62	52.16259765625	0.39244068	0.0002444142857142857	0.0008147142857142857	51.72212505340576	44771.7365026474
1298	958.353995235798	978.78	51.67041015625	0.39210847	0.00024437142857142857	0.0008145714285714286	53.21901512145996	44824.964485406876
1299	1011.002761545851	1006.48	51.677490234375	0.3912057	0.0002443285714285714	0.0008144285714285714	49.397358417510986	44874.36365485191
1300	993.3923592480113	992.23	50.94384765625	0.3904687	0.00024428571428571424	0.0008142857142857143	52.75252628326416	44927.129935503006
1301	1006.7383516147479	1007.62	51.94384765625	0.39001063	0.0002442428571428571	0.0008141428571428571	51.22375679016113	44978.368858098984
1302	995.8091158054931	994.46	50.95947265625	0.38941228	0.00024419999999999997	0.000814	47.73782706260681	45026.108541965485
1303	999.9091938982317	1000.91	51.95947265625	0.38934267	0.00024415714285714284	0.0008138571428571429	30.157633543014526	45056.268486738205
1304	982.7892880832839	994.47	52.217041015625	0.38856804	0.0002441142857142857	0.0008137142857142858	52.70273423194885	45108.972781181335
1305	989.653817826659	980.83	51.97509765625	0.38854006	0.00024407142857142856	0.0008135714285714286	30.060003519058228	45139.03465843201
1306	1019.4684602580296	1003.66	52.23291015625	0.38754252	0.0002440285714285714	0.0008134285714285714	47.1120285987854	45186.16051030159
1307	990.512585586112	990.32	52.24072265625	0.38752398	0.00024398571428571426	0.0008132857142857143	28.866135597229004	45215.02801442146
1308	1013.140720484683	1002.18	51.998291015625	0.38652802	0.00024394285714285713	0.0008131428571428572	49.60722351074219	45264.64817714691
1309	1007.1762956703703	1003.54	51.50634765625	0.3862158	0.00024389999999999997	0.0008129999999999999	51.6553111076355	45316.31669020653
1310	1021.172439709918	1018.18	52.015869140625	0.38553953	0.00024385714285714283	0.0008128571428571428	50.230958700180054	45366.56048679352
1311	992.4072355357339	990.23	51.775634765625	0.3854572	0.0002438142857142857	0.0008127142857142858	30.029635429382324	45396.592532873154
1312	1026.660016099521	1014.22	51.784912109375	0.38487986	0.00024377142857142856	0.0008125714285714287	50.843050479888916	45447.437549352646
1313	992.5340002491117	1001.52	51.794921875	0.38431418	0.0002437285714285714	0.0008124285714285714	51.31265091896057	45498.75251531601
1314	986.6043824810763	984.63	52.305908203125	0.38360533	0.00024368571428571426	0.0008122857142857143	48.93932557106018	45547.70483970642
1315	1022.3766444469418	1011.25	52.315673828125	0.38320664	0.00024364285714285712	0.0008121428571428572	51.93461847305298	45599.64048624039
1316	999.5013871935632	991.11	52.323486328125	0.3831508	0.00024359999999999999	0.0008120000000000001	29.19733214378357	45628.839173555374
1317	1002.9851985472836	1001.27	52.084228515625	0.3827316	0.00024355714285714282	0.0008118571428571428	52.691752433776855	45681.53248882294
1318	1036.373738253413	1009.79	50.85205078125	0.3822607	0.00024351428571428569	0.0008117142857142857	50.910316705703735	45732.45184350014
1319	1006.9633158994061	989.89	51.359375	0.38180745	0.00024347142857142855	0.0008115714285714286	52.16678738594055	45784.620481967926
1320	991.3085681416167	981.63	51.864013671875	0.3812064	0.00024342857142857139	0.0008114285714285715	48.75043606758118	45833.37251186371
1321	1019.8426785247545	995.58	51.625	0.38086507	0.00024338571428571425	0.0008112857142857143	52.738444089889526	45886.11253619194
1322	1027.3173816666972	1008.12	52.13330078125	0.38053703	0.00024334285714285714	0.0008111428571428572	47.93514370918274	45934.052518606186
1323	1018.0182537030993	993.4	51.6435546875	0.3799517	0.00024329999999999995	0.000811	54.44219088554382	45988.49668908119
1324	1024.1339537088884	1011.02	51.903564453125	0.3791518	0.00024325714285714284	0.0008108571428571429	50.18235683441162	46038.70374107361
1325	1007.3216146461884	994.86	51.913330078125	0.37908506	0.0002432142857142857	0.0008107142857142857	28.726924896240234	46067.4444835186
1326	1052.0432158734288	1011.86	51.922119140625	0.3785862	0.00024317142857142857	0.0008105714285714286	51.074382066726685	46118.520501852036
1327	1016.4888304237195	1003.17	51.932373046875	0.3785201	0.0002431285714285714	0.0008104285714285714	28.77781367301941	46147.31133723259
1328	999.2018701548013	988.52	52.192626953125	0.37801644	0.00024308571428571427	0.0008102857142857143	53.191691637039185	46200.50449872017
1329	947.0457792066956	943.14	52.452392578125	0.3774933	0.00024304285714285713	0.0008101428571428571	51.61905288696289	46252.1364839077
1330	997.3657653163973	980.79	51.962158203125	0.37679124	0.000243	0.0008100000000000001	53.98669648170471	46306.124631881714
1331	1043.729834931592	1016.99	52.470703125	0.37588212	0.00024295714285714283	0.0008098571428571429	49.969677209854126	46356.09646105766
1332	1012.8627775548952	988.64	52.232666015625	0.3753401	0.0002429142857142857	0.0008097142857142858	49.204267501831055	46405.30247592926
1333	1032.3424132558482	1001.54	51.742431640625	0.37466332	0.00024287142857142856	0.0008095714285714286	52.07651948928833	46457.397565603256
1334	1007.4100412831623	987.92	51.751953125	0.37417328	0.0002428285714285714	0.0008094285714285714	52.734835386276245	46510.15178203583
1335	1045.575987292508	1008.55	52.5107421875	0.37366274	0.00024278571428571426	0.0008092857142857143	49.1309015750885	46559.28448653221
1336	1027.6057455111438	997.77	52.771484375	0.3729168	0.00024274285714285713	0.0008091428571428572	51.956910371780396	46611.25443005562
1337	1027.9488576996596	1001.72	52.281494140625	0.37250826	0.00024269999999999996	0.0008089999999999999	51.38761878013611	46662.6526286602
1338	1045.559137240585	1002.97	52.540771484375	0.3720738	0.00024265714285714283	0.0008088571428571428	52.78170299530029	46715.43599796295
1339	1019.170993434483	997.58	51.799072265625	0.37122488	0.0002426142857142857	0.0008087142857142858	48.16314911842346	46763.60859632492
1340	1030.9260051000629	1000.83	52.307861328125	0.3705379	0.00024257142857142855	0.0008085714285714286	52.78680491447449	46816.39684200287
1341	1023.178861792559	1002.89	52.070556640625	0.3700746	0.00024252857142857142	0.0008084285714285715	50.281872034072876	46866.68053007126
1342	1042.4705112765496	1006.53	52.580322265625	0.3699248	0.00024248571428571426	0.0008082857142857143	29.90307903289795	46896.60048985481
1343	1050.9762939807251	1009.77	52.840087890625	0.36987913	0.00024244285714285712	0.0008081428571428572	29.299739122390747	46925.90183925629
1344	1018.8480980174241	995.8	51.85791015625	0.36983588	0.00024239999999999998	0.000808	29.17006826400757	46955.07316660881
1345	1018.4636594337135	985.53	52.359130859375	0.36978397	0.00024235714285714282	0.0008078571428571428	28.583407402038574	46983.65797686577
1346	1014.9229934999707	985.66	51.869384765625	0.3691151	0.00024231428571428568	0.0008077142857142857	51.4173378944397	47035.0767929554
1347	1041.0136323179631	1004.24	52.380126953125	0.36865303	0.00024227142857142855	0.0008075714285714287	52.20855641365051	47087.30219435692
1348	1026.5025697093672	994.56	52.388671875	0.36820257	0.00024222857142857138	0.0008074285714285714	52.13226556777954	47139.43647503853
1349	1014.9037385529267	976.17	52.398681640625	0.36769024	0.00024218571428571425	0.0008072857142857143	51.470425844192505	47190.908705472946
1350	1042.9878844044874	1010.04	52.657958984375	0.3671	0.00024214285714285714	0.0008071428571428572	49.90065813064575	47240.82580661774
1351	1013.1826983097159	984.69	51.669189453125	0.36625102	0.00024209999999999995	0.000807	51.967469930648804	47292.81250309944
1352	1050.6839719767477	1020.83	52.178955078125	0.36570814	0.00024205714285714284	0.0008068571428571428	49.335124254226685	47342.17253112793
1353	1025.4045029853223	993.34	52.186767578125	0.36532032	0.0002420142857142857	0.0008067142857142857	47.86559796333313	47390.03941607475
1354	991.3374537632308	975.06	52.44775390625	0.36473155	0.00024197142857142857	0.0008065714285714286	51.07130837440491	47441.13275408745
1355	1024.482678769876	997.15	52.208251953125	0.3642836	0.00024192857142857143	0.0008064285714285715	49.929694414138794	47491.064505815506
1356	996.7686097327029	972.38	51.2255859375	0.36393845	0.00024188571428571427	0.0008062857142857142	55.06575536727905	47546.13155865669
1357	1033.884769048341	1016.14	52.726806640625	0.36384544	0.00024184285714285713	0.0008061428571428572	30.97606062889099	47577.10913515091
1358	1032.8844380259457	1002.32	52.98779296875	0.36321798	0.0002418	0.0008060000000000001	48.373552560806274	47625.48399090767
1359	1047.5827946668087	1005.35	52.24658203125	0.36262932	0.00024175714285714283	0.0008058571428571429	52.40920972824097	47677.90262842178
1360	1055.169766240683	1015.35	52.506591796875	0.3621798	0.0002417142857142857	0.0008057142857142857	50.094841957092285	47727.998752355576
1361	1015.9734719504091	988.5	52.766845703125	0.3616674	0.00024167142857142856	0.0008055714285714286	50.60403847694397	47778.616866350174
1362	1026.4939149105223	998.65	52.526611328125	0.3616271	0.0002416285714285714	0.0008054285714285714	49.55889654159546	47828.18450522423
1363	1051.463902697707	1003.0	52.5361328125	0.3609531	0.00024158571428571426	0.0008052857142857143	52.19144654273987	47880.38050842285
1364	1030.2698821792844	999.07	52.047119140625	0.36000183	0.00024154285714285712	0.0008051428571428571	47.76075005531311	47928.154046058655
1365	1037.1469589799012	995.08	52.556884765625	0.35934067	0.00024149999999999996	0.0008049999999999999	51.007832765579224	47979.1728887558
1366	1061.0960980418217	1014.55	52.81591796875	0.35892284	0.00024145714285714283	0.0008048571428571429	52.322184562683105	48031.503282785416
1367	1063.2481733877366	1004.67	52.826171875	0.3583119	0.0002414142857142857	0.0008047142857142858	48.47136354446411	48079.996495485306
1368	1033.4280300690539	983.76	52.3427734375	0.35780695	0.00024137142857142855	0.0008045714285714286	49.69819521903992	48129.696504831314
1369	1022.3308500672305	990.16	51.595703125	0.35763732	0.00024132857142857142	0.0008044285714285715	51.846596479415894	48181.54449224472
1370	1063.7106885181431	1022.37	52.85546875	0.3569324	0.00024128571428571425	0.0008042857142857143	49.09991765022278	48230.64581871033
1371	1069.259904735188	1008.7	52.615478515625	0.3563498	0.00024124285714285712	0.0008041428571428572	49.953869581222534	48280.600875377655
1372	1058.2134272933022	1005.22	51.875244140625	0.35572755	0.00024119999999999998	0.000804	52.25863838195801	48332.860979795456
1373	1035.8426224516122	989.76	52.88427734375	0.35530844	0.00024115714285714282	0.0008038571428571428	49.00801753997803	48381.88143324852
1374	1058.634102308678	1013.0	52.394775390625	0.35459444	0.00024111428571428568	0.0008037142857142857	49.61940860748291	48431.51248383522
1375	1057.161169958799	1012.18	52.404541015625	0.35402688	0.00024107142857142857	0.0008035714285714287	50.70478010177612	48482.218713760376
1376	1047.635752829251	1005.69	51.912841796875	0.35351697	0.00024102857142857138	0.0008034285714285714	52.21678376197815	48534.43652820587
1377	1042.4778788476747	999.1	52.424072265625	0.35331854	0.00024098571428571427	0.0008032857142857143	53.1101291179657	48587.54850077629
1378	1064.9370506882362	1005.25	52.93310546875	0.3529301	0.00024094285714285714	0.0008031428571428572	48.06656742095947	48635.61651968956
1379	1074.8093005918518	1010.71	53.066650390625	0.35220882	0.00024089999999999995	0.000803	54.0385377407074	48689.67167830467
1380	1021.0237083899261	971.46	52.075439453125	0.35173714	0.00024085714285714284	0.0008028571428571428	54.21771264076233	48743.891221523285
1381	1063.8381078389727	1007.12	53.083251953125	0.35122728	0.0002408142857142857	0.0008027142857142857	50.99105882644653	48794.89648103714
1382	1040.6896440164112	995.35	53.09033203125	0.35069203	0.00024077142857142857	0.0008025714285714286	52.38443565368652	48847.282505989075
1383	1017.7515033103343	966.04	52.098876953125	0.35035205	0.00024072857142857143	0.0008024285714285716	54.73134708404541	48902.02879476547
1384	1049.591388328218	993.88	52.606689453125	0.34977385	0.00024068571428571427	0.0008022857142857143	46.515443086624146	48948.5564892292
1385	1087.3396091084771	1022.09	53.112548828125	0.34942725	0.00024064285714285713	0.0008021428571428572	48.43860125541687	48996.99648189545
1386	1046.6533382500343	984.54	52.872314453125	0.34888914	0.0002406	0.0008020000000000001	49.24616003036499	49046.244549036026
1387	1059.2666407376032	1008.78	52.87939453125	0.34852967	0.00024055714285714283	0.0008018571428571429	49.80246663093567	49096.048520088196
1388	1049.8289346145484	983.73	52.887451171875	0.34804618	0.0002405142857142857	0.0008017142857142857	51.383315563201904	49147.444509506226
1389	1072.5596337998948	1011.78	52.895751953125	0.3474609	0.00024047142857142856	0.0008015714285714286	51.57176184654236	49199.03688907623
1390	1060.71781037044	1003.02	51.6611328125	0.3471271	0.0002404285714285714	0.0008014285714285714	35.07097673416138	49234.12050437927
1391	1066.5164123845657	1018.24	52.9111328125	0.34709087	0.00024038571428571426	0.0008012857142857142	29.500041246414185	49263.63250494003
1392	1042.6140734635126	994.5	53.169189453125	0.34678578	0.00024034285714285712	0.0008011428571428571	48.187368869781494	49311.83252763748
1393	1033.728613300652	992.67	53.177001953125	0.3463116	0.00024029999999999996	0.000801	51.35951638221741	49363.20482826233
1394	1063.5912411612103	1005.71	52.6845703125	0.34549877	0.00024025714285714282	0.0008008571428571429	49.722129821777344	49412.935557127
1395	1064.5387792019824	1011.62	52.692626953125	0.34501827	0.0002402142857142857	0.0008007142857142857	45.72567868232727	49458.67511892319
1396	1057.0581260794786	999.79	53.201171875	0.34460473	0.00024017142857142855	0.0008005714285714286	45.40344953536987	49504.080494880676
1397	1097.4051562277718	1024.0	52.959228515625	0.3440857	0.00024012857142857141	0.0008004285714285715	45.97201442718506	49550.0541472435
1398	1090.7635264840353	1024.0	53.46630859375	0.34345487	0.00024008571428571425	0.0008002857142857143	49.28737211227417	49599.35649013519
1399	1070.6350106899656	1004.7	52.724853515625	0.34277102	0.00024004285714285712	0.0008001428571428571	49.90410876274109	49649.26240444183
1400	1073.6577954748025	1011.72	52.731689453125	0.34227476	0.00023999999999999998	0.0008	45.000380754470825	49694.26448607445
1401	1055.5800272939478	992.95	53.239501953125	0.3418455	0.00023995714285714282	0.0007998571428571428	52.15515971183777	49746.43251204491
1402	1077.2749571984373	999.16	52.998046875	0.34128293	0.00023991428571428568	0.0007997142857142858	50.12305474281311	49796.568528175354
1403	1094.3965389667753	1009.5	53.254638671875	0.34077552	0.00023987142857142857	0.0007995714285714286	46.57182717323303	49843.15301036835
1404	1064.9824313131776	1001.27	52.513671875	0.34002057	0.00023982857142857138	0.0007994285714285714	48.295881271362305	49891.46078824997
1405	1062.8935735643877	997.2	52.771240234375	0.33958134	0.00023978571428571427	0.0007992857142857143	47.55940914154053	49939.032494068146
1406	1073.5974593171904	1008.74	52.279541015625	0.33912078	0.00023974285714285713	0.0007991428571428572	46.81263208389282	49985.85373663902
1407	1075.8776426668903	1012.56	53.037353515625	0.3386278	0.00023969999999999997	0.0007989999999999999	49.823580265045166	50035.692482471466
1408	1042.722914244442	984.86	52.795166015625	0.3382206	0.00023965714285714284	0.0007988571428571428	49.264790773391724	50084.95909810066
1409	1065.5846500051086	992.21	53.302734375	0.33780253	0.0002396142857142857	0.0007987142857142857	51.924023151397705	50136.89699625969
1410	1073.0018597024177	1009.55	52.560546875	0.3373926	0.00023957142857142856	0.0007985714285714287	46.14059662818909	50183.0539124012
1411	1065.3306664727927	994.48	52.818359375	0.33710453	0.00023952857142857143	0.0007984285714285715	49.4809148311615	50232.55336523056
1412	1094.712220628238	1017.36	52.826171875	0.33664104	0.00023948571428571426	0.0007982857142857143	46.80439901351929	50279.3698451519
1413	1079.7321382592281	1010.91	52.8349609375	0.33656922	0.00023944285714285713	0.0007981428571428572	48.44158864021301	50327.81282758713
1414	1047.7036335016617	986.89	53.092529296875	0.33601013	0.0002394	0.0007980000000000001	47.550246238708496	50375.36454844475
1415	1067.8696318304048	1004.67	52.850830078125	0.33550146	0.00023935714285714283	0.0007978571428571428	50.35086250305176	50425.716511011124
1416	1071.0005583776585	994.69	53.608642578125	0.33526066	0.0002393142857142857	0.0007977142857142857	46.523298263549805	50472.24469780922
1417	1066.3109966335128	1001.2	53.366455078125	0.33493754	0.00023927142857142856	0.0007975714285714286	48.143847703933716	50520.408735752106
1418	1107.886391274415	1024.0	52.873291015625	0.3344725	0.0002392285714285714	0.0007974285714285714	51.48797607421875	50571.90941119194
1419	1089.2113994148365	1005.2	52.389892578125	0.33414233	0.00023918571428571426	0.0007972857142857142	51.389933824539185	50623.30114912987
1420	1054.9992245616613	988.48	53.139892578125	0.33340767	0.00023914285714285712	0.0007971428571428572	48.798006772994995	50672.10094547272
1421	1088.5425478323982	1006.55	53.147705078125	0.33308628	0.00023909999999999996	0.000797	45.84832143783569	50717.96171045303
1422	1064.568521178853	997.46	52.655029296875	0.33263245	0.00023905714285714282	0.0007968571428571429	51.33574080467224	50769.30866456032
1423	1068.8246675555765	1004.98	53.41162109375	0.33210048	0.00023901428571428568	0.0007967142857142857	52.86209058761597	50822.17248463631
1424	1079.8333169849645	1007.61	53.170654296875	0.33175778	0.00023897142857142855	0.0007965714285714286	46.21414566040039	50868.38848686218
1425	1069.9969677848903	995.98	53.428955078125	0.33147922	0.0002389285714285714	0.0007964285714285715	47.52663993835449	50915.932502031326
1426	1067.1411630235225	987.59	53.186279296875	0.3311619	0.00023888571428571425	0.0007962857142857143	47.70788240432739	50963.649018764496
1427	1079.1765052069013	999.86	52.94287109375	0.331143	0.0002388428571428571	0.0007961428571428571	28.824299335479736	50992.48963546753
1428	1044.1247059797354	976.63	52.9521484375	0.3306795	0.0002388	0.000796	44.5121169090271	51037.02510213852
1429	1077.2911556273093	1000.78	53.208251953125	0.3301575	0.00023875714285714281	0.0007958571428571429	52.3424334526062	51089.36848568916
1430	1095.0439832966474	1016.19	53.218994140625	0.32934025	0.0002387142857142857	0.0007957142857142858	43.67934322357178	51133.07249236107
1431	1075.1291310791157	995.24	53.226806640625	0.32900247	0.00023867142857142857	0.0007955714285714286	46.35941219329834	51179.44449543953
1432	1095.5540361185201	1014.64	53.48388671875	0.32881975	0.00023862857142857138	0.0007954285714285714	47.61878252029419	51227.06463384628
1433	1058.372245509953	1000.3	53.4921875	0.3287591	0.00023858571428571427	0.0007952857142857143	29.111738920211792	51256.178297281265
1434	1090.2688391121205	1012.49	53.250244140625	0.32815525	0.00023854285714285713	0.0007951428571428572	42.099385499954224	51298.29248690605
1435	1075.4473040911816	1006.57	53.008056640625	0.3281504	0.0002385	0.000795	28.754329919815063	51327.04848265648
1436	1108.105251342786	1015.35	53.015869140625	0.32775357	0.00023845714285714283	0.0007948571428571428	42.53460431098938	51369.584624528885
1437	1078.2249511225707	1001.51	53.522705078125	0.327657	0.0002384142857142857	0.0007947142857142857	29.764021396636963	51399.350333213806
1438	1098.162314526449	1011.02	53.28125	0.3273922	0.00023837142857142856	0.0007945714285714287	46.81619167327881	51446.17723941803
1439	1075.1311911644618	988.37	53.289306640625	0.3267916	0.00023832857142857143	0.0007944285714285715	46.69663643836975	51492.87560105324
1440	1088.862482784566	1002.95	53.297119140625	0.32608932	0.00023828571428571426	0.0007942857142857143	43.04362177848816	51535.92065644264
1441	1064.1829315189905	1003.17	53.05419921875	0.3256748	0.00023824285714285713	0.0007941428571428572	49.98909783363342	51585.91113424301
1442	1081.9334251506025	998.59	53.3125	0.3256585	0.0002382	0.0007940000000000001	28.76762080192566	51614.680515766144
1443	1116.9697460992006	1020.17	53.1953125	0.325323	0.00023815714285714283	0.0007938571428571428	45.10688376426697	51659.788477897644
1444	1092.0914655520162	1012.75	53.203125	0.32484818	0.0002381142857142857	0.0007937142857142857	50.66256308555603	51710.452494859695
1445	1086.3385759809153	1006.59	53.711181640625	0.324406	0.00023807142857142855	0.0007935714285714286	50.64951300621033	51761.114602565765
1446	1096.252172763131	1006.89	53.468994140625	0.32411006	0.0002380285714285714	0.0007934285714285713	44.463133811950684	51805.58850598335
1447	1099.11240063749	1010.51	53.7275390625	0.32362282	0.00023798571428571425	0.0007932857142857143	44.2075412273407	51849.80849099159
1448	1104.2338948482893	1010.69	53.485595703125	0.32316795	0.00023794285714285712	0.0007931428571428572	45.125871658325195	51894.93649625778
1449	1084.8317883898192	1011.08	53.493408203125	0.32278913	0.00023789999999999998	0.0007930000000000001	49.15102243423462	51944.09645843506
1450	1068.6836726108895	994.43	53.750244140625	0.32237452	0.00023785714285714282	0.0007928571428571428	46.721386671066284	51990.83157205582
1451	1091.7316401995581	1007.64	53.758544921875	0.3223629	0.00023781428571428568	0.0007927142857142857	30.318171739578247	52021.16325926781
1452	1084.4488787643782	1002.25	53.266357421875	0.32194796	0.00023777142857142855	0.0007925714285714286	48.4834303855896	52069.660482645035
1453	1113.6961450257313	1016.28	53.524169921875	0.32148904	0.0002377285714285714	0.0007924285714285715	50.510053634643555	52120.17250585556
1454	1093.1746324158453	1008.97	53.5322265625	0.32115623	0.00023768571428571425	0.0007922857142857142	49.57936096191406	52169.76449227333
1455	1097.5055992278324	1014.0	53.28955078125	0.32074687	0.0002376428571428571	0.0007921428571428571	46.450263023376465	52216.21647763252
1456	1094.2117381620467	1007.01	53.298095703125	0.32027254	0.0002376	0.0007920000000000001	52.710577964782715	52268.9286441803
1457	1125.7214774387594	1016.31	53.80419921875	0.32019743	0.0002375571428571428	0.0007918571428571429	44.307188272476196	52313.24849367142
1458	1081.9675619568375	998.79	53.313720703125	0.3199409	0.0002375142857142857	0.0007917142857142857	49.04248881340027	52362.292510032654
1459	1121.1718832864615	1020.36	53.570556640625	0.31956086	0.00023747142857142857	0.0007915714285714286	46.455406188964844	52408.7644944191
1460	1098.038621470903	1008.8	53.828857421875	0.319044	0.0002374285714285714	0.0007914285714285714	44.882593631744385	52453.64891219139
1461	1095.977912813903	999.32	53.836669921875	0.31874424	0.00023738571428571427	0.0007912857142857143	45.857574462890625	52499.50848579407
1462	1111.6643618319044	1014.31	53.594970703125	0.31847474	0.00023734285714285713	0.0007911428571428571	44.23400616645813	52543.74451875687
1463	1114.2921556692659	1014.47	53.353271484375	0.3181866	0.0002373	0.000791	48.73514699935913	52592.4884929657
1464	1075.7220169552843	982.22	53.61083984375	0.31785366	0.00023725714285714286	0.000790857142857143	45.46210050582886	52637.95248174667
1465	1098.2144182622874	1000.29	53.619140625	0.31783074	0.0002372142857142857	0.0007907142857142858	29.470715284347534	52667.42496085167
1466	1094.366051128071	1003.14	53.876953125	0.31781167	0.00023717142857142856	0.0007905714285714286	29.427473306655884	52696.864537000656
1467	1096.8264952006687	999.13	53.634765625	0.31779245	0.00023712857142857142	0.0007904285714285715	29.17446732521057	52726.040506362915
1468	1081.9701342210903	992.21	53.642333984375	0.31777117	0.00023708571428571426	0.0007902857142857143	28.818336486816406	52754.86036777496
1469	1088.940975394481	1000.57	53.900634765625	0.31775194	0.00023704285714285712	0.0007901428571428572	28.00734567642212	52782.88047623634
1470	1107.7825614247524	1016.8	53.65771484375	0.3177322	0.000237	0.00079	28.06061887741089	52810.949719667435
1471	1095.7899992363696	1014.33	53.166259765625	0.31770173	0.00023695714285714282	0.0007898571428571428	44.011558532714844	52854.98055410385
1472	1098.0388377602853	1015.47	53.424072265625	0.31769267	0.0002369142857142857	0.0007897142857142857	30.482709884643555	52885.46447825432
1473	1056.6571057552665	985.92	53.68115234375	0.3173637	0.00023687142857142855	0.0007895714285714287	51.361496448516846	52936.82756900787
1474	1084.5272761583594	1007.84	53.197265625	0.3172873	0.0002368285714285714	0.0007894285714285713	29.822816610336304	52966.65249109268
1475	1076.755844996799	999.61	53.947265625	0.31701225	0.00023678571428571425	0.0007892857142857143	46.07867479324341	53012.73259472847
1476	1077.2863102898636	996.99	53.455078125	0.31692538	0.00023674285714285712	0.0007891428571428572	29.774554014205933	53042.50851249695
1477	1079.399779970852	1000.88	52.720703125	0.31689465	0.00023669999999999998	0.0007890000000000001	28.546839952468872	53071.05687665939
1478	1093.0732329699706	1011.12	53.97021484375	0.3168683	0.00023665714285714284	0.0007888571428571429	28.588534832000732	53099.65769529343
1479	1070.8172728622587	985.44	53.229248046875	0.3168348	0.00023661428571428568	0.0007887142857142857	28.4595627784729	53128.13647913933
1480	1080.769322934332	995.55	53.987548828125	0.31680053	0.00023657142857142854	0.0007885714285714286	28.095091581344604	53156.23250222206
1481	1090.3103978129832	1016.25	53.9951171875	0.31676677	0.00023652857142857144	0.0007884285714285715	28.34687089920044	53184.58090925217
1482	1100.883410767208	1012.44	54.00244140625	0.31625047	0.00023648571428571425	0.0007882857142857142	45.63137698173523	53230.224491119385
1483	1115.832238420676	1020.21	53.510986328125	0.31622317	0.00023644285714285714	0.0007881428571428572	49.21441912651062	53279.44050145149
1484	1115.3427410391948	1020.27	53.7685546875	0.3161554	0.0002364	0.0007880000000000001	49.0555305480957	53328.51280927658
1485	1108.6705088223414	1022.87	53.5263671875	0.31605724	0.0002363571428571428	0.0007878571428571429	29.373493671417236	53357.90241408348
1486	1097.0487932595734	1008.89	53.7841796875	0.31601688	0.0002363142857142857	0.0007877142857142857	28.396639585494995	53386.30054283142
1487	1096.1625850486917	1010.56	53.791748046875	0.31596634	0.00023627142857142856	0.0007875714285714286	29.006916284561157	53415.320080280304
1488	1076.0716385302624	995.87	54.300048828125	0.31591865	0.0002362285714285714	0.0007874285714285714	29.035609006881714	53444.37256479263
1489	1098.9873342425283	1017.1	53.807861328125	0.31586632	0.00023618571428571426	0.0007872857142857143	28.51042079925537	53472.884546518326
1490	1088.116599163994	1006.82	53.3154296875	0.3156477	0.00023614285714285713	0.0007871428571428571	28.980807304382324	53501.88580417633
1491	1080.0930444360781	996.28	53.82275390625	0.315591	0.0002361	0.000787	28.79155921936035	53530.688504219055
1492	1102.790801518291	1021.17	53.8310546875	0.31553033	0.00023605714285714286	0.000786857142857143	28.909209728240967	53559.60231566429
1493	1044.365998058069	985.16	53.83935546875	0.3154684	0.0002360142857142857	0.0007867142857142857	29.28746461868286	53588.908488988876
1494	1067.228432558098	995.96	53.846923828125	0.31540707	0.00023597142857142856	0.0007865714285714286	28.50671625137329	53617.41674375534
1495	1062.1884514509409	988.78	54.10400390625	0.31485453	0.00023592857142857142	0.0007864285714285715	49.9069459438324	53667.3248591423
1496	1017.88711755138	959.67	53.86083984375	0.31446308	0.00023588571428571426	0.0007862857142857143	46.39933371543884	53713.72578763962
1497	1073.8869291783726	1001.81	54.12109375	0.31381378	0.00023584285714285712	0.0007861428571428571	43.66357779502869	53757.41251015663
1498	1102.0482823043296	1019.29	53.879150390625	0.31352803	0.00023579999999999999	0.000786	46.27662110328674	53803.690799713135
1499	1071.1837767037957	993.78	53.88671875	0.31320804	0.00023575714285714282	0.0007858571428571428	48.92443776130676	53852.61649131775
1500	1082.4942893591503	995.23	53.64453125	0.31311584	0.00023571428571428569	0.0007857142857142857	29.054018020629883	53881.67198610306
1501	1097.490763820001	1006.56	53.902587890625	0.31307557	0.00023567142857142855	0.0007855714285714286	28.443089246749878	53910.116488456726
1502	1124.8754376846641	1016.76	53.910400390625	0.31303805	0.0002356285714285714	0.0007854285714285714	29.43131947517395	53939.556478500366
1503	1089.4080430343906	997.82	54.668212890625	0.31299683	0.00023558571428571425	0.0007852857142857143	28.9446542263031	53968.502138614655
1504	1114.3727207473994	1009.27	53.67626953125	0.31295386	0.00023554285714285711	0.0007851428571428572	27.33547019958496	53995.84849858284
1505	1127.147849395506	1022.05	54.18359375	0.31291264	0.00023549999999999998	0.000785	29.48634386062622	54025.336486816406
1506	1112.3240154951582	1006.6	53.199462890625	0.31287584	0.00023545714285714284	0.0007848571428571429	28.15895962715149	54053.496484041214
1507	1100.7429471069752	1015.96	53.451416015625	0.3124905	0.00023541428571428568	0.0007847142857142857	44.954503297805786	54098.45248055458
1508	1091.8236286001543	998.57	53.461181640625	0.3121967	0.00023537142857142854	0.0007845714285714286	49.878448247909546	54148.33266854286
1509	1102.479264179898	1009.72	54.220703125	0.31176022	0.00023532857142857143	0.0007844285714285714	47.127063512802124	54195.4765253067
1510	1115.5008196475337	1020.16	54.230712890625	0.31171885	0.00023528571428571424	0.0007842857142857143	29.58291721343994	54225.06082177162
1511	1077.5392310887096	995.29	54.240478515625	0.31159285	0.00023524285714285713	0.0007841428571428572	47.322009563446045	54272.39506697655
1512	1098.290199448128	994.46	54.251220703125	0.3111408	0.0002352	0.0007840000000000001	49.32745671272278	54321.736844301224
1513	1103.2738464625572	1008.11	54.009033203125	0.3111293	0.00023515714285714283	0.0007838571428571428	28.501624822616577	54350.25109624863
1514	1118.17027088356	1019.9	54.020263671875	0.3109031	0.0002351142857142857	0.0007837142857142857	44.559529066085815	54394.82460856438
1515	1109.8209564198974	1010.81	54.280517578125	0.31088507	0.00023507142857142856	0.0007835714285714286	29.555554389953613	54424.39299106598
1516	1108.1633891320382	1009.8	53.790283203125	0.3108725	0.0002350285714285714	0.0007834285714285714	28.699445486068726	54453.10853886604
1517	1111.0469681805291	1009.89	54.050048828125	0.31085345	0.00023498571428571426	0.0007832857142857142	27.983898401260376	54481.09389805794
1518	1094.088682224073	1000.56	53.317626953125	0.3108342	0.00023494285714285713	0.0007831428571428571	28.74320363998413	54509.84848403931
1519	1097.69715291976	1001.63	54.07666015625	0.31071347	0.0002349	0.0007830000000000001	29.629250526428223	54539.490413188934
1520	1100.1497542070022	992.68	54.3291015625	0.31062332	0.00023485714285714285	0.000782857142857143	46.195380210876465	54585.70047712326
1521	1106.5012013112275	1016.02	53.839111328125	0.31047487	0.0002348142857142857	0.0007827142857142857	41.90339279174805	54627.6165163517
1522	1088.9416419742117	989.31	53.848876953125	0.31011358	0.00023477142857142855	0.0007825714285714286	50.72777485847473	54678.364795446396
1523	1113.808634179602	1011.84	54.108154296875	0.31009647	0.00023472857142857142	0.0007824285714285715	29.2300386428833	54707.59649467468
1524	1130.404546027081	1008.44	54.8681640625	0.30985582	0.00023468571428571426	0.0007822857142857143	43.38331317901611	54750.99248933792
1525	1119.0579642808862	1017.31	54.37744140625	0.30982733	0.00023464285714285712	0.0007821428571428571	29.930927991867065	54780.93648290634
1526	1105.9226426682583	1017.07	53.637939453125	0.30980638	0.00023459999999999998	0.000782	28.53045392036438	54809.46847939491
1527	1101.9898929029189	999.22	54.647705078125	0.30978268	0.00023455714285714282	0.0007818571428571428	27.98434066772461	54837.4544005394
1528	1110.803625759579	1011.14	54.15771484375	0.30975267	0.00023451428571428568	0.0007817142857142858	28.399460077285767	54865.868611097336
1529	1105.7062520113677	1016.28	54.66796875	0.30949068	0.00023447142857142855	0.0007815714285714286	29.842421770095825	54895.71248579025
1530	1098.1866272842346	1003.17	53.927978515625	0.3093007	0.00023442857142857138	0.0007814285714285714	46.298590660095215	54942.01254749298
1531	1107.7562174362974	1014.48	54.187744140625	0.30909178	0.00023438571428571425	0.0007812857142857143	43.9633948802948	54985.980808734894
1532	1134.4755458157763	1020.62	53.947265625	0.308913	0.0002343428571428571	0.0007811428571428572	46.14500713348389	55032.12790060043
1533	1122.8885590713724	1014.21	53.457275390625	0.30871555	0.00023429999999999998	0.000781	30.663280725479126	55062.808832645416
1534	1106.7444170640981	1004.89	54.715087890625	0.30866924	0.00023425714285714287	0.0007808571428571429	28.5341157913208	55091.3665702343
1535	1139.0066347105073	1024.0	54.2265625	0.30861887	0.00023421428571428568	0.0007807142857142857	29.716511249542236	55121.09760451317
1536	1121.7110025617312	1020.64	54.486572265625	0.30856714	0.00023417142857142857	0.0007805714285714286	28.452856063842773	55149.5517578125
1537	1092.1913881071503	987.24	54.245849609375	0.30815774	0.00023412857142857143	0.0007804285714285715	46.727776765823364	55196.29288506508
1538	1122.4238538444522	1010.37	53.506103515625	0.30762574	0.00023408571428571424	0.0007802857142857143	44.199355363845825	55240.5044965744
1539	1117.4313771471154	1005.2	53.765869140625	0.30732873	0.00023404285714285713	0.0007801428571428572	47.021501541137695	55287.52753782272
1540	1096.4073214079672	996.38	54.399658203125	0.30725333	0.000234	0.0007800000000000001	29.021862268447876	55316.551144599915
1541	1130.8907154431263	1014.38	54.4072265625	0.3072206	0.00023395714285714283	0.0007798571428571428	28.995323657989502	55345.56047463417
1542	1086.9621874183292	998.01	53.673095703125	0.30718967	0.0002339142857142857	0.0007797142857142857	29.195621013641357	55374.764583826065
1543	1097.72945043241	998.46	54.921142578125	0.3071536	0.00023387142857142856	0.0007795714285714286	28.211436986923218	55402.98848080635
1544	1074.1925371463142	998.97	54.181396484375	0.3070287	0.0002338285714285714	0.0007794285714285713	28.860593795776367	55431.86565732956
1545	1111.8189775175692	999.6	54.439453125	0.30660525	0.00023378571428571426	0.0007792857142857142	43.343348264694214	55475.22449398041
1546	1124.4220397489835	1018.16	54.447021484375	0.30644533	0.00023374285714285712	0.0007791428571428572	46.40210509300232	55521.6285636425
1547	1088.9628896845568	979.83	54.205078125	0.3064236	0.0002337	0.0007790000000000001	29.556416749954224	55551.186333179474
1548	1124.9272840450774	1012.23	54.212890625	0.30618668	0.00023365714285714285	0.0007788571428571429	46.559786319732666	55597.76096343994
1549	1127.6831648516788	1018.47	54.220703125	0.30611774	0.0002336142857142857	0.0007787142857142857	29.53834843635559	55627.30072307587
1550	1108.9857694727607	1001.5	54.228759765625	0.30608383	0.00023357142857142855	0.0007785714285714286	29.38947820663452	55656.70664072037
1551	1097.314743016411	986.44	54.48583984375	0.30604708	0.00023352857142857142	0.0007784285714285715	28.384021759033203	55685.105090379715
1552	1096.7867853431617	990.01	54.49267578125	0.30601317	0.00023348571428571425	0.0007782857142857142	29.4818913936615	55714.58861732483
1553	1084.9135458562303	985.83	54.502197265625	0.30597785	0.00023344285714285712	0.0007781428571428571	29.303428649902344	55743.904525995255
1554	1109.0262177364002	1002.78	54.760009765625	0.30557346	0.00023339999999999998	0.000778	49.002349615097046	55792.90848493576
1555	1132.8101223154422	1021.01	54.767578125	0.30527303	0.00023335714285714282	0.0007778571428571429	46.88732647895813	55839.81651210785
1556	1100.1038193943582	1005.9	54.275146484375	0.30518654	0.00023331428571428568	0.0007777142857142857	46.479418992996216	55886.29723215103
1557	1118.1700366766634	1008.75	55.032958984375	0.30487105	0.00023327142857142855	0.0007775714285714286	44.67475771903992	55930.988496780396
1558	1132.2941708272947	1014.32	54.540771484375	0.3048265	0.0002332285714285714	0.0007774285714285715	29.595306634902954	55960.596468925476
1559	1083.653126885724	983.22	54.298583984375	0.30453232	0.00023318571428571425	0.0007772857142857143	44.190101861953735	56004.788516283035
1560	1138.8770058101975	1024.0	55.055908203125	0.3045268	0.0002331428571428571	0.0007771428571428571	29.02193307876587	56033.81277680397
1561	1097.035355240675	993.55	54.8154296875	0.30417106	0.00023309999999999997	0.000777	44.60627484321594	56078.42048573494
1562	1094.8957483146412	989.67	54.5732421875	0.30410764	0.00023305714285714286	0.0007768571428571429	29.69041609764099	56108.11248874664
1563	1103.6071002186538	998.47	54.5810546875	0.30408534	0.00023301428571428567	0.0007767142857142857	29.760293006896973	56137.885279893875
1564	1099.6251576407835	996.84	54.58837890625	0.3040559	0.00023297142857142857	0.0007765714285714286	28.587783336639404	56166.474076747894
1565	1128.8469772037874	1018.28	54.846435546875	0.30402648	0.00023292857142857143	0.0007764285714285715	28.67361879348755	56195.14917469025
1566	1121.2159202911075	1007.43	54.8544921875	0.30399227	0.00023288571428571427	0.0007762857142857143	30.622324466705322	56225.772874355316
1567	1126.3243614270864	1011.99	54.6123046875	0.30384403	0.00023284285714285713	0.0007761428571428572	29.550414085388184	56255.32450056076
1568	1125.2471044316815	1012.19	54.3701171875	0.30380777	0.0002328	0.000776	29.02639150619507	56284.35247063637
1569	1117.4727218262706	1003.61	54.627197265625	0.30376765	0.00023275714285714283	0.0007758571428571428	28.598267316818237	56312.952684640884
1570	1102.0141291423708	1003.21	54.885498046875	0.3033922	0.0002327142857142857	0.0007757142857142857	39.728931188583374	56352.68609857559
1571	1118.235494632375	1009.9	54.6435546875	0.30303955	0.00023267142857142856	0.0007755714285714286	38.39299964904785	56391.0804913044
1572	1086.0482860890713	990.02	54.9013671875	0.3028705	0.00023262857142857142	0.0007754285714285714	50.40611720085144	56441.48848319054
1573	1082.5418386473232	995.6	54.908935546875	0.3027507	0.00023258571428571426	0.0007752857142857142	43.5873384475708	56485.089018821716
1574	1099.0607695687527	995.03	54.41650390625	0.30242872	0.00023254285714285712	0.0007751428571428572	51.443349838256836	56536.54849696159
1575	1112.0767566608422	1002.96	54.423828125	0.3023679	0.00023249999999999999	0.0007750000000000001	29.42255997657776	56565.972806215286
1576	1138.913982129249	1016.71	54.932861328125	0.3019847	0.00023245714285714285	0.0007748571428571429	45.63140940666199	56611.616493463516
1577	1087.762895117311	996.91	54.939697265625	0.30131406	0.0002324142857142857	0.0007747142857142857	43.31171536445618	56654.92992973328
1578	1105.600462220897	1003.06	55.1982421875	0.30121455	0.00023237142857142855	0.0007745714285714286	30.500675439834595	56685.43248295784
1579	1092.0131960663334	989.94	54.70703125	0.30117574	0.00023232857142857141	0.0007744285714285715	27.948041677474976	56713.39248871803
1580	1068.7096292503086	966.99	55.215087890625	0.30113554	0.00023228571428571425	0.0007742857142857142	29.89927315711975	56743.29286122322
1581	1117.618312585134	1006.81	54.722900390625	0.30109265	0.00023224285714285712	0.0007741428571428571	30.167428970336914	56773.46848678589
1582	1135.476604531947	1019.5	54.730712890625	0.30104738	0.00023219999999999998	0.0007740000000000001	29.171019554138184	56802.641201257706
1583	1110.9794392593237	998.66	53.986572265625	0.3009179	0.00023215714285714282	0.0007738571428571429	29.322774648666382	56831.97584915161
1584	1124.081659914567	1009.13	54.246337890625	0.300595	0.00023211428571428568	0.0007737142857142857	45.46739721298218	56877.452504873276
1585	1127.6865485842502	1010.61	54.754150390625	0.3005353	0.00023207142857142854	0.0007735714285714286	46.14639353752136	56923.60053253174
1586	1106.6393433391809	1001.19	54.761962890625	0.30014724	0.0002320285714285714	0.0007734285714285715	51.53469920158386	56975.13648605347
1587	1146.4976810883923	1020.45	54.76904296875	0.30011597	0.0002319857142857143	0.0007732857142857144	29.23031759262085	57004.36885595322
1588	1107.7442824778107	992.91	54.02685546875	0.2999654	0.0002319428571428571	0.0007731428571428571	52.25384187698364	57056.63492560387
1589	1111.220324787077	1002.59	54.285400390625	0.29925427	0.0002319	0.000773	42.098188638687134	57098.73961400986
1590	1137.981721810187	1015.22	54.543212890625	0.2989783	0.00023185714285714286	0.000772857142857143	45.55150318145752	57144.2927274704
1591	1140.9437517696322	1010.56	55.050537109375	0.29865918	0.00023181428571428567	0.0007727142857142858	47.39857220649719	57191.69248461723
1592	1120.4265347047	1002.12	55.056884765625	0.29859278	0.00023177142857142856	0.0007725714285714286	42.29745268821716	57233.991611003876
1593	1118.5074995342013	1001.4	55.066650390625	0.29815492	0.00023172857142857143	0.0007724285714285715	44.1798632144928	57278.19283246994
1594	1102.6011186282096	990.64	54.575439453125	0.29811642	0.00023168571428571426	0.0007722857142857143	29.89158535003662	57308.10078382492
1595	1143.685465857015	1014.97	54.583251953125	0.29778448	0.00023164285714285713	0.0007721428571428572	44.87245297431946	57352.98089337349
1596	1110.3521015795886	991.22	54.341064453125	0.29744783	0.0002316	0.000772	43.04997944831848	57396.032807826996
1597	1109.7406056389714	998.64	54.84814453125	0.29721838	0.00023155714285714283	0.0007718571428571428	46.58304190635681	57442.62850022316
1598	1129.2764084465423	1012.79	54.355712890625	0.29686376	0.0002315142857142857	0.0007717142857142857	43.14244222640991	57485.77249073982
1599	1148.1546479619249	1022.24	55.114501953125	0.2965144	0.00023147142857142856	0.0007715714285714285	44.273675203323364	57530.06281757355
1600	1130.113334476275	1013.32	55.1220703125	0.2961472	0.00023142857142857142	0.0007714285714285715	41.59391403198242	57571.678898096085
1601	1133.3265137971707	995.28	55.129150390625	0.29587266	0.00023138571428571428	0.0007712857142857144	48.41972017288208	57620.11281323433
1602	1108.6937808250111	990.4	54.137939453125	0.29582927	0.00023134285714285712	0.0007711428571428572	30.659351348876953	57650.7805018425
1603	1114.7922189269732	1000.75	54.645751953125	0.2956436	0.00023129999999999998	0.000771	49.17831373214722	57699.96050739288
1604	1151.4148151271968	1024.0	55.028564453125	0.29563203	0.00023125714285714285	0.0007708571428571429	30.05554223060608	57730.03653502464
1605	1116.4011014107446	999.13	55.286376953125	0.29562807	0.00023121428571428568	0.0007707142857142857	28.654787302017212	57758.69246554375
1606	1128.2446396911848	1009.21	55.2939453125	0.29562336	0.00023117142857142855	0.0007705714285714286	28.175708293914795	57786.88079857826
1607	1129.8961783675675	1006.89	55.052001953125	0.2956181	0.0002311285714285714	0.0007704285714285714	28.35535478591919	57815.24850535393
1608	1116.1661566210175	993.26	55.307861328125	0.2956086	0.00023108571428571425	0.0007702857142857142	27.715415954589844	57842.98045825958
1609	1099.621410705582	994.33	54.817626953125	0.29559952	0.0002310428571428571	0.0007701428571428572	28.862894773483276	57871.844812870026
1610	1111.2809218657546	1001.93	55.0751953125	0.2955211	0.00023099999999999998	0.0007700000000000001	29.044647932052612	57900.89053893089
1611	1123.4725886219421	998.59	55.334228515625	0.29510576	0.00023095714285714281	0.0007698571428571428	43.363351821899414	57944.26849794388
1612	1102.033076198801	982.71	54.842041015625	0.29476008	0.00023091428571428568	0.0007697142857142857	48.64765548706055	57992.9290599823
1613	1129.823239049712	1016.33	54.849853515625	0.2946957	0.00023087142857142854	0.0007695714285714286	30.88945698738098	58023.81993556023
1614	1136.7869581756734	1008.15	55.106201171875	0.294664	0.0002308285714285714	0.0007694285714285715	29.761982679367065	58053.58747124672
1615	1093.3027438231177	977.24	55.115234375	0.29462665	0.0002307857142857143	0.0007692857142857143	28.785377502441406	58082.38634777069
1616	1120.6490040561912	995.54	55.123291015625	0.29458547	0.0002307428571428571	0.0007691428571428571	28.943084716796875	58111.34448504448
1617	1126.0311029896848	1006.92	54.881103515625	0.29454973	0.0002307	0.000769	28.387213468551636	58139.73652052879
1618	1126.201917495991	1010.0	55.138916015625	0.2945145	0.00023065714285714286	0.000768857142857143	27.97405219078064	58167.72337055206
1619	1089.1236703181792	994.45	55.146484375	0.29405797	0.0002306142857142857	0.0007687142857142857	47.80329132080078	58215.540516376495
1620	1123.3172634887876	1007.94	55.154541015625	0.29352257	0.00023057142857142856	0.0007685714285714286	45.378610610961914	58260.92052435875
1621	1114.3149190976187	997.65	54.911865234375	0.293372	0.00023052857142857143	0.0007684285714285715	46.26291632652283	58307.18450379372
1622	1135.0074160129184	1024.0	54.918701171875	0.2930034	0.00023048571428571426	0.0007682857142857143	32.28624176979065	58339.48347616196
1623	1111.332203965838	997.2	54.927978515625	0.2929633	0.00023044285714285713	0.0007681428571428571	28.64417552947998	58368.137422800064
1624	1123.4157420336194	1004.95	55.18505859375	0.29291907	0.0002304	0.000768	28.222804069519043	58396.376091718674
1625	1114.495584874168	1004.63	55.193359375	0.29272053	0.00023035714285714283	0.0007678571428571428	50.115790128707886	58446.50481534004
1626	1125.0664905978892	1008.57	55.201416015625	0.2926061	0.0002303142857142857	0.0007677142857142857	42.782909870147705	58489.29658818245
1627	1107.5246748574275	998.15	55.458740234375	0.2921892	0.00023027142857142855	0.0007675714285714285	47.30723571777344	58536.61649274826
1628	1114.108048044365	1008.21	55.216552734375	0.29167813	0.00023022857142857142	0.0007674285714285715	45.5230872631073	58582.15251111984
1629	1125.9453585960623	1011.65	54.97412109375	0.29141468	0.00023018571428571428	0.0007672857142857144	31.219533920288086	58613.38473320007
1630	1105.9459968433105	1005.73	55.2333984375	0.29137948	0.00023014285714285712	0.0007671428571428572	29.490966320037842	58642.876771211624
1631	1088.8450068569991	984.88	55.4912109375	0.29134867	0.00023009999999999998	0.000767	27.723875522613525	58670.609057188034
1632	1071.769462623505	969.18	55.249267578125	0.29108974	0.00023005714285714285	0.0007668571428571429	45.617443561553955	58716.228049993515
1633	1148.482879004776	1020.07	55.25634765625	0.290809	0.00023001428571428568	0.0007667142857142857	45.1309552192688	58761.360515356064
1634	1132.9302139122874	1010.74	55.264892578125	0.29080006	0.00022997142857142855	0.0007665714285714286	28.926605701446533	58790.28878259659
1635	1091.6588400989112	979.1	55.272705078125	0.2906931	0.0002299285714285714	0.0007664285714285714	30.874011278152466	58821.17527842522
1636	1145.947716803186	1024.0	56.030517578125	0.2906537	0.00022988571428571425	0.0007662857142857142	29.975001573562622	58851.163920640945
1637	1104.3109246720696	984.09	55.538330078125	0.2906092	0.0002298428571428571	0.0007661428571428572	28.951610565185547	58880.116641283035
1638	1163.5116746549334	1020.01	55.2958984375	0.29056484	0.00022979999999999997	0.0007660000000000001	28.99609065055847	58909.12452983856
1639	1105.1565691752587	989.78	55.303955078125	0.29034862	0.0002297571428571428	0.0007658571428571428	28.628769159317017	58937.75503396988
1640	1141.629310479811	1006.82	55.311767578125	0.29028758	0.00022971428571428568	0.0007657142857142857	28.01127862930298	58965.780483961105
1641	1124.7719332044553	1016.37	55.069580078125	0.29022908	0.00022967142857142854	0.0007655714285714286	29.150536060333252	58994.93251276016
1642	1100.7289996154727	996.12	55.3271484375	0.29016837	0.00022962857142857143	0.0007654285714285715	28.07129192352295	59023.01224279404
1643	1108.4255848582047	992.5	55.336181640625	0.28985867	0.0002295857142857143	0.0007652857142857143	45.79637002944946	59068.82551264763
1644	1114.579948806018	1008.43	55.093994140625	0.28937283	0.0002295428571428571	0.0007651428571428571	45.48739838600159	59114.32849049568
1645	1134.9725678350655	1012.1	55.350341796875	0.2889512	0.0002295	0.0007650000000000001	45.154136180877686	59159.48450088501
1646	1141.3109748749532	1020.37	54.859619140625	0.28881556	0.00022945714285714286	0.000764857142857143	47.85950803756714	59207.35651946068
1647	1132.0039786510818	1018.23	55.6162109375	0.28874275	0.0002294142857142857	0.0007647142857142857	28.343698978424072	59235.70174074173
1648	1140.5161827726035	1018.29	55.375244140625	0.288404	0.00022937142857142856	0.0007645714285714286	47.937610149383545	59283.654593229294
1649	1114.8269156880945	1002.53	55.13134765625	0.2883955	0.00022932857142857142	0.0007644285714285715	28.907488107681274	59312.57651233673
1650	1118.8783186696455	1006.78	54.1484375	0.28803122	0.00022928571428571426	0.0007642857142857142	39.749605894088745	59352.33880352974
1651	1075.2678264000333	965.29	55.147705078125	0.28802815	0.00022924285714285712	0.0007641428571428571	28.523164987564087	59380.884323596954
1652	1147.4926718697936	1020.17	55.40576171875	0.28763166	0.0002292	0.000764	39.27255964279175	59420.17298364639
1653	1127.0130391791256	1006.7	54.913818359375	0.2872664	0.00022915714285714282	0.0007638571428571428	40.5723602771759	59460.75681233406
1654	1148.6329899968887	1018.88	54.679443359375	0.28681493	0.0002291142857142857	0.0007637142857142856	43.8545126914978	59504.61279010773
1655	1126.774321801117	998.76	55.429443359375	0.28638119	0.00022907142857142855	0.0007635714285714286	31.903724908828735	59536.54087948799
1656	1127.4935690197776	992.99	55.43701171875	0.28634658	0.00022902857142857142	0.0007634285714285715	29.306435346603394	59565.84890604019
1657	1132.8570541767697	1014.38	55.445556640625	0.2863122	0.00022898571428571428	0.0007632857142857144	28.01144790649414	59593.876418828964
1658	1139.6059342683627	1005.3	55.453369140625	0.28626838	0.00022894285714285712	0.0007631428571428571	28.105640172958374	59621.998581171036
1659	1146.316970743023	1012.98	55.461181640625	0.2859657	0.00022889999999999998	0.000763	29.903357982635498	59651.91649508476
1660	1165.0561548616333	1020.25	55.968994140625	0.28592584	0.00022885714285714284	0.0007628571428571429	28.7314612865448	59680.66049647331
1661	1147.312015033185	1018.21	55.47705078125	0.2858905	0.00022881428571428568	0.0007627142857142857	28.13898205757141	59708.800579071045
1662	1132.6435880178788	998.25	55.484375	0.28585824	0.00022877142857142854	0.0007625714285714285	28.05677628517151	59736.858600854874
1663	1156.2853909640194	1018.27	54.750732421875	0.28583094	0.0002287285714285714	0.0007624285714285715	28.540122270584106	59765.40048646927
1664	1134.2679474922109	1006.87	55.2509765625	0.28547823	0.00022868571428571425	0.0007622857142857143	43.24976921081543	59808.65887951851
1665	1109.552642705865	992.63	55.508056640625	0.28545672	0.0002286428571428571	0.0007621428571428572	29.98102641105652	59838.654551029205
1666	1126.88482032909	1010.79	55.516357421875	0.28543845	0.00022859999999999997	0.000762	28.91752314567566	59867.582713127136
1667	1120.6117470809854	999.24	55.524169921875	0.28541914	0.0002285571428571428	0.0007618571428571428	28.388049125671387	59895.99250936508
1668	1117.2320277466094	993.1	55.532958984375	0.2854015	0.00022851428571428567	0.0007617142857142857	27.80275249481201	59923.79648709297
1669	1122.9710617759586	1016.32	55.542236328125	0.2853798	0.00022847142857142854	0.0007615714285714286	28.927680253982544	59952.73283004761
1670	1141.5299823298694	1024.0	55.8017578125	0.28512374	0.00022842857142857143	0.0007614285714285714	45.90734338760376	59998.65651679039
1671	1124.6021811485477	1008.33	55.562255859375	0.2850485	0.0002283857142857143	0.0007612857142857143	29.042493104934692	60027.70055389404
1672	1107.1448625906448	998.38	55.320068359375	0.28501815	0.00022834285714285713	0.0007611428571428572	28.509989023208618	60056.215082407
1673	1110.6631370473442	993.3	55.331787109375	0.28498653	0.0002283	0.0007610000000000001	28.163254737854004	60084.3924908638
1674	1119.6163136535192	1003.24	55.84130859375	0.28495544	0.00022825714285714286	0.0007608571428571429	29.43051314353943	60113.8244767189
1675	1120.8086274307516	1007.35	55.8515625	0.28491393	0.0002282142857142857	0.0007607142857142857	28.23836064338684	60142.07148194313
1676	1120.9017462092916	1008.73	55.362548828125	0.28461346	0.00022817142857142856	0.0007605714285714286	43.90353536605835	60185.99248433113
1677	1146.4673163483048	1024.0	55.870849609375	0.28461328	0.00022812857142857142	0.0007604285714285715	29.142939805984497	60215.15247607231
1678	1134.0802166586086	1014.77	55.631103515625	0.2846078	0.00022808571428571426	0.0007602857142857142	28.890997171401978	60244.04452443123
1679	1138.852815344021	1009.75	55.391357421875	0.28460827	0.00022804285714285712	0.0007601428571428571	28.166438579559326	60272.212481975555
1680	1146.0324295112114	1016.47	55.6494140625	0.28460875	0.00022799999999999999	0.00076	28.5104820728302	60300.72448372841
1681	1142.1760808434628	1003.43	55.410888671875	0.28460997	0.00022795714285714285	0.000759857142857143	28.411415100097656	60329.1444914341
1682	1147.3495736870927	1010.63	55.919921875	0.28460157	0.00022791428571428569	0.0007597142857142857	28.567870616912842	60357.71414875984
1683	1149.0703775355637	1011.32	55.93017578125	0.28438753	0.00022787142857142855	0.0007595714285714286	40.45933175086975	60398.1844830513
1684	1134.7795899151834	1005.37	55.938720703125	0.28439072	0.00022782857142857141	0.0007594285714285715	29.054687976837158	60427.25188112259
1685	1150.5548803509867	1012.69	55.19970703125	0.28441882	0.00022778571428571428	0.0007592857142857144	30.551826000213623	60457.81689405441
1686	1125.4733022889052	998.9	55.70947265625	0.2844189	0.00022774285714285711	0.0007591428571428571	28.614069938659668	60486.43249464035
1687	1098.1340592351844	982.12	55.47021484375	0.28442007	0.00022769999999999998	0.000759	29.56688141822815	60516.00086808205
1688	1107.7938824577745	980.06	55.7294921875	0.28441557	0.00022765714285714284	0.0007588571428571429	29.98778223991394	60545.990209817886
1689	1124.1517095280253	1009.11	55.739501953125	0.2844021	0.00022761428571428568	0.0007587142857142857	28.551690578460693	60574.556799411774
1690	1146.1779446818214	1018.07	55.749267578125	0.2843869	0.00022757142857142854	0.0007585714285714285	28.947436571121216	60603.51659369469
1691	1128.9820476806433	1004.25	56.009033203125	0.28428903	0.0002275285714285714	0.0007584285714285715	44.64640474319458	60648.16450595856
1692	1142.893426986632	1015.1	55.7685546875	0.28423414	0.00022748571428571424	0.0007582857142857143	30.5789794921875	60678.74449086189
1693	1140.9397494959956	1022.26	55.03564453125	0.284215	0.0002274428571428571	0.0007581428571428572	28.31987428665161	60707.07699775696
1694	1136.789404727905	1014.0	55.539306640625	0.28419423	0.00022739999999999997	0.000758	28.351216077804565	60735.44448637962
1695	1125.4386962169237	1007.44	56.048828125	0.2841828	0.00022735714285714286	0.0007578571428571429	28.758002042770386	60764.20448803902
1696	1126.3120350318427	1002.91	55.808837890625	0.28392422	0.00022731428571428567	0.0007577142857142857	44.10254645347595	60808.30849432945
1697	1135.8771778608989	1013.42	55.81640625	0.28385356	0.00022727142857142854	0.0007575714285714286	47.51073479652405	60855.83184146881
1698	1131.3959287141174	1012.1	55.577880859375	0.28379458	0.00022722857142857143	0.0007574285714285714	29.299467086791992	60885.152537584305
1699	1139.667092986427	1014.36	55.588134765625	0.28377143	0.0002271857142857143	0.0007572857142857144	28.475342273712158	60913.640490055084
1700	1130.0165536077614	1010.71	56.097900390625	0.28375015	0.00022714285714285713	0.0007571428571428572	28.659589052200317	60942.30891084671
1701	1140.392039214589	999.93	55.85791015625	0.28373048	0.0002271	0.000757	28.413976192474365	60970.72450208664
1702	1173.9935136785498	1024.0	55.616455078125	0.28371567	0.00022705714285714285	0.0007568571428571429	29.171690940856934	60999.91282629967
1703	1134.7396847600962	1008.42	55.876708984375	0.28370056	0.0002270142857142857	0.0007567142857142857	28.14624857902527	61028.060497283936
1704	1127.7687900963952	997.0	55.886474609375	0.28367963	0.00022697142857142856	0.0007565714285714286	28.263394832611084	61056.3364610672
1705	1117.2285505139603	991.13	55.646240234375	0.28331923	0.00022692857142857142	0.0007564285714285714	44.16703128814697	61100.50449204445
1706	1111.2827993170251	992.98	55.655517578125	0.28329307	0.00022688571428571426	0.0007562857142857142	29.764021635055542	61130.28448677063
1707	1132.8372623436062	1005.02	55.665771484375	0.28327748	0.00022684285714285712	0.0007561428571428571	29.61566925048828	61159.91680264473
1708	1112.2809520717954	984.98	55.925537109375	0.28325763	0.00022679999999999998	0.000756	28.908917903900146	61188.82725119591
1709	1144.0411417015157	1016.2	55.686279296875	0.2832364	0.00022675714285714285	0.0007558571428571429	28.090505361557007	61216.91977715492
1710	1136.627166320963	1010.79	55.946044921875	0.28320855	0.0002267142857142857	0.0007557142857142858	28.623292446136475	61245.54450297356
1711	1160.5810728801966	1024.0	56.20458984375	0.2831771	0.00022667142857142855	0.0007555714285714286	28.153718948364258	61273.699731349945
1712	1152.0179910976847	1021.92	56.2158203125	0.28307936	0.0002266285714285714	0.0007554285714285715	44.84006857872009	61318.55652523041
1713	1152.2450907079024	1021.93	55.725830078125	0.2829754	0.00022658571428571428	0.0007552857142857143	44.44118309020996	61362.99899530411
1714	1153.9470777145389	1019.25	55.735595703125	0.28288093	0.0002265428571428571	0.0007551428571428571	45.526453733444214	61408.5269677639
1715	1151.7075647343534	1024.0	55.9951171875	0.28253594	0.00022649999999999998	0.000755	46.60008215904236	61455.12848138809
1716	1147.959064906022	1018.55	55.012939453125	0.28252673	0.00022645714285714284	0.0007548571428571429	29.36349129676819	61484.50849747658
1717	1160.5522401842552	1020.26	56.014892578125	0.282516	0.00022641428571428568	0.0007547142857142856	29.25926446914673	61513.768872737885
1718	1157.5229168104725	1024.0	56.024658203125	0.28250235	0.00022637142857142854	0.0007545714285714286	28.539167642593384	61542.30960869789
1719	1135.5635898037983	1008.23	56.034423828125	0.28248626	0.0002263285714285714	0.0007544285714285715	29.081451416015625	61571.406579494476
1720	1132.25724248161	1005.42	56.0439453125	0.2824687	0.00022628571428571424	0.0007542857142857143	28.203391313552856	61599.624534368515
1721	1119.7259365654777	1000.07	56.053955078125	0.28245166	0.0002262428571428571	0.0007541428571428571	28.01539945602417	61627.65250349045
1722	1120.1948966690702	993.58	55.813720703125	0.28243214	0.00022619999999999997	0.000754	28.947177171707153	61656.601169109344
1723	1171.8098990154674	1024.0	55.573486328125	0.2822475	0.00022615714285714286	0.0007538571428571429	41.997923135757446	61698.60050415993
1724	1130.1088755505943	1012.11	56.082763671875	0.2819697	0.00022611428571428572	0.0007537142857142858	45.5228385925293	61744.12489390373
1725	1158.7022915362004	1018.5	56.34228515625	0.28178504	0.00022607142857142856	0.0007535714285714285	46.22253227233887	61790.34850239754
1726	1131.8816464026163	1005.6	56.353759765625	0.2813879	0.00022602857142857142	0.0007534285714285715	47.097639322280884	61837.45406413078
1727	1132.3684547923183	1011.15	56.113525390625	0.2810248	0.0002259857142857143	0.0007532857142857144	47.10130333900452	61884.56628847122
1728	1137.1531201532862	1010.0	56.373291015625	0.2805263	0.00022594285714285712	0.0007531428571428572	41.700313091278076	61926.26847219467
1729	1124.9765625100547	996.71	56.1328125	0.28051195	0.0002259	0.000753	30.071372270584106	61956.35251736641
1730	1172.5591357412686	1018.21	55.400146484375	0.28049803	0.00022585714285714285	0.0007528571428571429	29.722935438156128	61986.07648873329
1731	1159.9433099286655	1016.2	56.152099609375	0.28048655	0.0002258142857142857	0.0007527142857142857	29.698692560195923	62015.79653310776
1732	1150.201614778601	1005.02	56.284912109375	0.28047308	0.00022577142857142855	0.0007525714285714286	30.338723182678223	62046.13661527634
1733	1147.7092008436107	1010.88	56.294189453125	0.28045467	0.00022572857142857142	0.0007524285714285714	29.362885236740112	62075.50047636032
1734	1140.8779080906238	1004.74	56.0517578125	0.2801793	0.00022568571428571425	0.0007522857142857142	44.827306509017944	62120.34048438072
1735	1134.3201116048865	998.7	55.808837890625	0.27986595	0.00022564285714285712	0.0007521428571428571	45.44178056716919	62165.78401565552
1736	1153.5860189920056	1012.58	55.817626953125	0.2794626	0.00022559999999999998	0.0007520000000000001	44.623286962509155	62210.42850160599
1737	1135.9386105959725	985.6	55.825439453125	0.27937236	0.00022555714285714285	0.0007518571428571429	29.531555891036987	62239.97668147087
1738	1148.3062042493766	1014.45	56.582275390625	0.27933943	0.0002255142857142857	0.0007517142857142858	29.070266723632812	62269.059357881546
1739	1154.8512574865426	1020.21	56.840576171875	0.27930638	0.00022547142857142855	0.0007515714285714286	29.11213254928589	62298.17285633087
1740	1142.2167228715086	1004.3	56.3486328125	0.2792731	0.0002254285714285714	0.0007514285714285715	28.187348127365112	62326.36848664284
1741	1160.9662371941743	1022.18	56.1064453125	0.27924147	0.00022538571428571427	0.0007512857142857143	27.98421859741211	62354.36528849602
1742	1162.7928112828872	1022.66	56.115234375	0.27900162	0.0002253428571428571	0.0007511428571428571	46.483718156814575	62400.86480998993
1743	1136.3055630591011	1003.2	56.622802734375	0.27872863	0.00022529999999999997	0.000751	51.337963819503784	62452.20449113846
1744	1139.157577161712	1004.36	56.381103515625	0.2785887	0.00022525714285714284	0.000750857142857143	30.72734498977661	62482.94447159767
1745	1161.958381728439	1017.95	56.63720703125	0.2784806	0.00022521428571428567	0.0007507142857142857	29.107503652572632	62512.068485975266
1746	1158.8127458366127	1014.74	56.396728515625	0.2780389	0.00022517142857142854	0.0007505714285714286	41.68856739997864	62553.75857543945
1747	1164.516418105003	1018.5	56.154296875	0.2778245	0.0002251285714285714	0.0007504285714285715	32.27233910560608	62586.03321433067
1748	1140.298553019239	1005.36	56.169921875	0.27780762	0.00022508571428571424	0.0007502857142857142	28.83542513847351	62614.88048887253
1749	1139.6811268633726	1003.66	56.419921875	0.27779913	0.0002250428571428571	0.0007501428571428571	28.43838882446289	62643.32050061226
1750	1151.6034922312742	1004.6	56.177734375	0.27738193	0.000225	0.00075	45.24734354019165	62688.569358587265
1751	1141.1256425331128	1003.18	56.685546875	0.277123	0.0002249571428571428	0.0007498571428571428	42.4000461101532	62730.98574090004
1752	1167.1780372687792	1012.59	56.193115234375	0.2767608	0.00022491428571428572	0.0007497142857142858	42.032920360565186	62773.020488500595
1753	1161.8875823240596	1015.96	56.700927734375	0.27642533	0.00022487142857142856	0.0007495714285714285	43.43515682220459	62816.45668101311
1754	1130.9821437897835	989.72	56.458740234375	0.27634814	0.00022482857142857142	0.0007494285714285715	29.623862266540527	62846.10481262207
1755	1148.572641207563	1008.04	56.4658203125	0.27633327	0.00022478571428571429	0.0007492857142857144	28.447412490844727	62874.564491033554
1756	1135.1628895209046	995.08	56.22412109375	0.27632013	0.00022474285714285712	0.0007491428571428571	28.435746669769287	62903.00162434578
1757	1147.1676791388124	1014.39	56.482421875	0.2763047	0.0002247	0.000749	29.838042497634888	62932.84710049629
1758	1139.0317322832625	1012.47	56.240234375	0.27586782	0.00022465714285714285	0.0007488571428571429	43.087347745895386	62975.94453263283
1759	1158.1302592071343	1017.23	56.748046875	0.27577424	0.0002246142857142857	0.0007487142857142857	31.843608617782593	63007.80452179909
1760	1165.1067338221826	1024.0	55.7568359375	0.27576634	0.00022457142857142855	0.0007485714285714285	28.52322816848755	63036.33650660515
1761	1132.5352489512434	998.99	56.764404296875	0.27575383	0.00022452857142857141	0.0007484285714285714	29.181336164474487	63065.519406080246
1762	1155.6748138550536	1020.11	56.2724609375	0.2755128	0.00022448571428571425	0.0007482857142857142	37.32337784767151	63102.85632920265
1763	1146.4458156947499	1004.71	56.2802734375	0.27510825	0.00022444285714285714	0.0007481428571428573	43.55472159385681	63146.41250538826
1764	1144.0133512361797	1006.79	56.0380859375	0.27470985	0.00022439999999999998	0.000748	31.40462017059326	63177.84200978279
1765	1158.7076251398303	1014.75	56.5458984375	0.27466783	0.00022435714285714282	0.0007478571428571428	29.50331711769104	63207.36053729057
1766	1156.8902313859417	1007.81	56.30322265625	0.27462885	0.0002243142857142857	0.0007477142857142858	28.98516607284546	63236.35826039314
1767	1157.0177722354388	1016.06	56.811767578125	0.27459285	0.00022427142857142854	0.0007475714285714286	30.26831340789795	63266.627742767334
1768	1152.5502364134315	1004.68	56.819580078125	0.27447048	0.0002242285714285714	0.0007474285714285714	41.17233490943909	63307.81345534325
1769	1156.0611605779916	1012.78	56.577392578125	0.27442744	0.00022418571428571427	0.0007472857142857143	29.073811054229736	63336.888486385345
1770	1169.5050261564274	1014.27	56.0927734375	0.2744046	0.0002241428571428571	0.0007471428571428571	29.180107355117798	63366.069690942764
1771	1172.8672998758257	1016.41	56.593017578125	0.27438298	0.00022409999999999997	0.000747	28.14945960044861	63394.23030638695
1772	1127.2737364186003	989.55	56.600341796875	0.27436006	0.00022405714285714284	0.0007468571428571429	28.19280433654785	63422.42503142357
1773	1133.883085482836	996.14	56.608642578125	0.27433118	0.00022401428571428567	0.0007467142857142857	29.00361132621765	63451.43012332916
1774	1127.7530810731516	985.47	56.61669921875	0.27430072	0.00022397142857142854	0.0007465714285714286	28.741031169891357	63480.18210482597
1775	1146.380436245992	1010.38	56.625	0.27427456	0.0002239285714285714	0.0007464285714285715	28.799395084381104	63508.99648308754
1776	1110.306285287657	991.38	56.633056640625	0.2742559	0.00022388571428571424	0.0007462857142857142	28.430222511291504	63537.42852926254
1777	1126.1251800959776	1004.62	56.140869140625	0.27392796	0.00022384285714285716	0.0007461428571428572	45.514426469802856	63582.944492816925
1778	1114.3320491129002	998.72	56.648681640625	0.27361426	0.0002238	0.000746	45.651779890060425	63628.597594976425
1779	1143.2264126127138	1000.92	55.411865234375	0.2732417	0.0002237571428571428	0.0007458571428571428	45.834492921829224	63674.43333220482
1780	1107.7942773046725	978.16	56.414306640625	0.27295384	0.00022371428571428572	0.0007457142857142857	43.8077552318573	63718.26079630852
1781	1144.718522815926	1000.72	56.422119140625	0.2729496	0.00022367142857142856	0.0007455714285714286	28.234108686447144	63746.49668049812
1782	1142.7985649486848	998.9	56.679931640625	0.27278003	0.00022362857142857142	0.0007454285714285715	40.75859832763672	63787.256479501724
1783	1164.4656347084465	1016.27	55.4453125	0.27245417	0.00022358571428571428	0.0007452857142857144	30.63141965866089	63817.892481803894
1784	1151.7991708469253	1012.13	56.4453125	0.2724132	0.00022354285714285712	0.0007451428571428571	28.95538878440857	63846.86060714722
1785	1152.3428831624137	1004.66	56.453369140625	0.2723785	0.00022349999999999998	0.000745	30.123636960983276	63876.98852968216
1786	1169.495802772713	1016.29	56.961181640625	0.27210447	0.00022345714285714285	0.0007448571428571429	41.77494978904724	63918.76448726654
1787	1164.9715133934674	1018.01	56.468994140625	0.2719685	0.00022341428571428569	0.0007447142857142857	44.723374366760254	63963.49647951126
1788	1169.370043932765	1018.96	56.4765625	0.27172607	0.00022337142857142855	0.0007445714285714285	41.25540208816528	64004.76481127739
1789	1177.5471872551416	1022.68	56.484619140625	0.27136326	0.0002233285714285714	0.0007444285714285714	42.259092569351196	64047.03648877144
1790	1154.7737458085303	1006.09	56.492431640625	0.27131274	0.00022328571428571425	0.0007442857142857143	29.651281356811523	64076.70446014404
1791	1165.5434069848052	1016.32	56.500244140625	0.27128878	0.00022324285714285714	0.0007441428571428573	28.47874164581299	64105.18458890915
1792	1170.8190972840657	1020.43	56.759033203125	0.2712724	0.00022319999999999998	0.000744	28.65943932533264	64133.860500097275
1793	1175.7411518847962	1018.15	56.76611328125	0.27125373	0.00022315714285714284	0.0007438571428571429	29.02737259864807	64162.89644217491
1794	1137.4258876784186	996.36	57.2744140625	0.27123502	0.0002231142857142857	0.0007437142857142858	28.723160982131958	64191.63277173042
1795	1167.8933867311957	1016.63	56.532470703125	0.2712173	0.00022307142857142854	0.0007435714285714286	28.5985050201416	64220.24758172035
1796	1150.686896386284	1011.27	57.415283203125	0.27120426	0.0002230285714285714	0.0007434285714285714	29.923577070236206	64250.184509038925
1797	1143.774797800224	1016.43	56.672607421875	0.27080825	0.00022298571428571427	0.0007432857142857143	45.61121606826782	64295.7967813015
1798	1153.3268543074707	1014.63	56.930908203125	0.27067438	0.0002229428571428571	0.0007431428571428571	30.35114288330078	64326.15648961067
1799	1167.1380067324883	1022.27	56.938720703125	0.27064696	0.00022289999999999997	0.0007430000000000001	29.312209129333496	64355.477177381516
1800	1169.491909670959	1016.4	57.446533203125	0.2706255	0.00022285714285714283	0.0007428571428571429	27.872031211853027	64383.3608186245
1801	1150.388876545546	1007.18	56.954345703125	0.27060127	0.00022281428571428567	0.0007427142857142857	28.667450189590454	64412.044486522675
1802	1136.176287065915	1003.02	57.21142578125	0.27057648	0.00022277142857142853	0.0007425714285714286	28.778477907180786	64440.82450032234
1803	1170.206959162927	1024.0	56.719970703125	0.27023646	0.00022272857142857143	0.0007424285714285714	43.894535064697266	64484.72050881386
1804	1144.9068258989753	1006.54	57.227783203125	0.26988232	0.00022268571428571423	0.0007422857142857142	48.980178117752075	64533.7023229599
1805	1174.0361116586296	1020.5	56.735595703125	0.2697766	0.00022264285714285715	0.0007421428571428572	29.92739176750183	64563.64448285103
1806	1168.9354046920596	1014.07	56.7431640625	0.2697344	0.0002226	0.000742	30.074504375457764	64593.72052073479
1807	1132.8334694085736	977.68	57.251953125	0.26968864	0.00022255714285714285	0.0007418571428571428	29.89141082763672	64623.61649441719
1808	1172.9506962968171	1024.0	57.010009765625	0.2696415	0.00022251428571428572	0.0007417142857142858	28.197087287902832	64651.821970939636
1809	1155.8009606586058	1014.33	57.017822265625	0.26960286	0.00022247142857142855	0.0007415714285714286	28.707627058029175	64680.54466676712
1810	1146.780537206348	995.13	57.025634765625	0.26957121	0.00022242857142857142	0.0007414285714285715	28.59156346321106	64709.15649294853
1811	1127.064390492217	982.59	57.03271484375	0.26953802	0.00022238571428571428	0.0007412857142857143	28.620436668395996	64737.77851104736
1812	1168.1693541769798	1011.94	56.791015625	0.26919645	0.00022234285714285712	0.0007411428571428571	47.65139698982239	64785.44451880455
1813	1158.3787475017116	1017.04	56.799072265625	0.26890174	0.00022229999999999998	0.000741	31.544333696365356	64817.012761592865
1814	1167.941132798384	1014.37	57.056884765625	0.2688729	0.00022225714285714285	0.0007408571428571429	28.355343103408813	64845.3845038414
1815	1150.5122462990964	1002.61	57.06396484375	0.2688483	0.00022221428571428568	0.0007407142857142856	29.815347909927368	64875.20449900627
1816	1152.0111957016295	1011.75	57.072265625	0.26883084	0.00022217142857142855	0.0007405714285714285	28.684476375579834	64903.90157055855
1817	1114.197277859426	986.95	57.330322265625	0.26831117	0.0002221285714285714	0.0007404285714285715	44.39415955543518	64948.3112308979
1818	1159.740417723523	1014.32	56.838134765625	0.26803312	0.00022208571428571425	0.0007402857142857143	42.9769983291626	64991.30987215042
1819	1161.0511798465316	1014.57	57.095947265625	0.26792553	0.00022204285714285714	0.0007401428571428572	30.825698614120483	65022.13699054718
1820	1145.1477376391088	996.44	57.1015625	0.26789078	0.00022199999999999998	0.00074	29.99150800704956	65052.13654589653
1821	1175.4639458557067	1016.24	56.861572265625	0.2678556	0.00022195714285714284	0.0007398571428571429	28.848036289215088	65080.98563671112
1822	1149.4929383748238	1014.51	56.869384765625	0.26782024	0.0002219142857142857	0.0007397142857142858	28.645891904830933	65109.64693045616
1823	1160.8788151136964	1014.64	57.127197265625	0.2677838	0.00022187142857142854	0.0007395714285714285	28.799628973007202	65138.45650601387
1824	1150.1332332306517	1008.2	57.3857421875	0.26775002	0.0002218285714285714	0.0007394285714285714	28.68280553817749	65167.15600514412
1825	1154.2359249860945	1013.14	56.893798828125	0.26771557	0.00022178571428571427	0.0007392857142857144	29.762880325317383	65196.92051577568
1826	1126.9604858630928	979.13	57.651611328125	0.26767957	0.0002217428571428571	0.0007391428571428572	29.139328479766846	65226.06080389023
1827	1147.2505728421652	997.15	57.159423828125	0.2673836	0.00022169999999999997	0.000739	46.3107647895813	65272.37250709534
1828	1144.3177070983759	1006.42	56.916748046875	0.2670758	0.00022165714285714283	0.0007388571428571429	38.692139863967896	65311.08163332939
1829	1169.2197398322598	1016.18	57.17431640625	0.26683697	0.00022161428571428567	0.0007387142857142857	42.05133104324341	65353.14852428436
1830	1163.2632624435948	1006.24	56.682861328125	0.26668915	0.00022157142857142853	0.0007385714285714286	39.94772410392761	65393.104590177536
1831	1148.2801670919328	995.92	57.940673828125	0.26661405	0.00022152857142857142	0.0007384285714285714	29.366865634918213	65422.472487688065
1832	1166.1775530975679	1016.05	56.948486328125	0.26658502	0.00022148571428571423	0.0007382857142857142	29.45952320098877	65451.93292737007
1833	1130.475426600829	985.01	57.2060546875	0.2665518	0.00022144285714285715	0.0007381428571428572	29.351462841033936	65481.29248762131
1834	1144.239985337357	991.05	57.214111328125	0.26651296	0.0002214	0.000738	30.229461669921875	65511.522936820984
1835	1153.0505353675114	1007.16	56.971923828125	0.2664756	0.00022135714285714285	0.0007378571428571429	30.043567180633545	65541.58048319817
1836	1164.6089278846412	1015.2	56.729736328125	0.26633364	0.00022131428571428572	0.0007377142857142858	29.862908363342285	65571.44487547874
1837	1159.542502691273	1015.43	57.237548828125	0.26630506	0.00022127142857142855	0.0007375714285714286	28.59871768951416	65600.04526948929
1838	1104.0409711882219	970.05	57.2451171875	0.26627907	0.00022122857142857142	0.0007374285714285715	30.40157127380371	65630.44847512245
1839	1154.6446405145407	1005.1	57.753173828125	0.26625195	0.00022118571428571428	0.0007372857142857143	29.619626998901367	65660.08078098297
1840	1119.8106767458748	996.74	57.510986328125	0.26622966	0.00022114285714285712	0.0007371428571428571	30.087466716766357	65690.17654037476
1841	1123.1137480112611	987.47	57.519775390625	0.2661644	0.00022109999999999998	0.000737	29.163498163223267	65719.36055135727
1842	1124.3367158489255	992.32	57.52734375	0.26611927	0.00022105714285714284	0.0007368571428571429	40.40409803390503	65759.7725174427
1843	1173.4952373814303	1024.0	56.534423828125	0.26612446	0.00022101428571428568	0.0007367142857142856	30.50742244720459	65790.29248356819
1844	1102.472740967619	973.48	57.043212890625	0.26612198	0.00022097142857142857	0.0007365714285714287	29.390976428985596	65819.69648480415
1845	1172.5839352329479	1015.33	57.301025390625	0.26611823	0.0002209285714285714	0.0007364285714285715	29.490566730499268	65849.19561362267
1846	1162.6937936600975	1008.42	57.308837890625	0.26611087	0.00022088571428571425	0.0007362857142857143	28.675785064697266	65877.87248063087
1847	1141.6712343029992	1005.42	57.31591796875	0.2660998	0.00022084285714285714	0.0007361428571428572	29.542650938034058	65907.41610765457
1848	1156.306190467353	1010.86	57.074462890625	0.26609233	0.00022079999999999997	0.000736	30.491432905197144	65937.92450499535
1849	1159.9928359412286	1012.62	56.832275390625	0.26573765	0.00022075714285714284	0.0007358571428571429	44.28092432022095	65982.21783590317
1850	1144.9375976008998	998.24	57.588134765625	0.26557827	0.0002207142857142857	0.0007357142857142858	48.5349805355072	66030.7679002285
1851	1169.7101253116034	1006.61	56.35595703125	0.26557085	0.00022067142857142854	0.0007355714285714285	29.0474910736084	66059.81651687622
1852	1149.864486052298	1002.94	57.35498046875	0.2655638	0.0002206285714285714	0.0007354285714285714	28.031055212020874	66087.84857034683
1853	1166.1035561796357	1016.75	57.363525390625	0.2655554	0.00022058571428571427	0.0007352857142857144	28.659563541412354	66116.51670598984
1854	1132.7392829127725	983.27	57.121337890625	0.26554653	0.0002205428571428571	0.0007351428571428571	28.723933458328247	66145.26094317436
1855	1167.194953890678	1016.97	57.629150390625	0.2655343	0.00022049999999999997	0.000735	28.84762144088745	66174.13249063492
1856	1150.534920375835	1004.76	57.63623046875	0.26552188	0.00022045714285714286	0.0007348571428571429	30.023419857025146	66204.16452240944
1857	1139.432401873622	993.18	56.895751953125	0.26500228	0.00022041428571428567	0.0007347142857142857	40.81101059913635	66244.97649073601
1858	1152.6335568404656	1001.7	57.653564453125	0.2646471	0.00022037142857142858	0.0007345714285714286	44.31179189682007	66289.30089521408
1859	1178.9998734757978	1019.1	57.411376953125	0.26436707	0.00022032857142857142	0.0007344285714285714	45.55820941925049	66334.86050319672
1860	1163.7794651966124	1001.12	57.420166015625	0.26428524	0.00022028571428571423	0.0007342857142857142	30.822055101394653	66365.68451118469
1861	1138.3461944779115	992.62	57.17822265625	0.2641153	0.00022024285714285715	0.0007341428571428573	50.898966550827026	66416.58449816704
1862	1154.0873047808873	1008.11	56.939697265625	0.26389012	0.00022019999999999999	0.000734	42.989035844802856	66459.58659505844
1863	1140.0544938615913	991.62	57.699462890625	0.26384336	0.00022015714285714285	0.0007338571428571429	42.481698751449585	66502.08290052414
1864	1159.910065078604	1007.31	57.459228515625	0.26366594	0.0002201142857142857	0.0007337142857142858	42.20349717140198	66544.30049991608
1865	1160.0693469330135	1011.76	57.21875	0.2636636	0.00022007142857142855	0.0007335714285714286	29.38861393928528	66573.69097685814
1866	1182.6359249185518	1017.4	57.728759765625	0.2634119	0.00022002857142857141	0.0007334285714285714	44.111284494400024	66617.8164947033
1867	1172.1625865808237	1018.76	57.738525390625	0.26338467	0.00021998571428571428	0.0007332857142857143	44.32300591468811	66662.14849734306
1868	1183.3536130970233	1023.9	57.498291015625	0.26323184	0.00021994285714285711	0.0007331428571428571	41.65064358711243	66703.8005053997
1869	1153.294337935845	1001.32	57.758056640625	0.263209	0.00021989999999999998	0.000733	42.93409729003906	66746.73571395874
1870	1154.3696266259644	1000.6	56.524658203125	0.2629024	0.00021985714285714284	0.0007328571428571428	46.41135048866272	66793.1604924202
1871	1161.5956556816186	1000.63	57.277587890625	0.26263702	0.00021981428571428568	0.0007327142857142857	42.43120884895325	66835.60480904579
1872	1165.733395920303	1011.7	57.537353515625	0.26228377	0.00021977142857142857	0.0007325714285714287	44.75934386253357	66880.37649416924
1873	1165.1018954823917	1019.43	57.547119140625	0.2621455	0.0002197285714285714	0.0007324285714285715	42.75365495681763	66923.13165712357
1874	1167.5680436457924	1009.88	57.8076171875	0.26196876	0.00021968571428571424	0.0007322857142857142	42.961724281311035	66966.10686469078
1875	1189.9439485585117	1024.0	57.567626953125	0.26152825	0.00021964285714285713	0.0007321428571428572	42.47937250137329	67008.60052084923
1876	1164.7947361159484	1008.0	56.835205078125	0.26146367	0.00021959999999999997	0.000732	30.90286421775818	67039.50478601456
1877	1179.9629858305736	1024.0	57.337158203125	0.26144004	0.00021955714285714283	0.0007318571428571429	30.220783948898315	67069.72986412048
1878	1157.4589941421252	1010.66	57.596923828125	0.26141793	0.0002195142857142857	0.0007317142857142857	29.04757595062256	67098.79251861572
1879	1142.6859779277777	994.46	57.3564453125	0.2613972	0.00021947142857142854	0.0007315714285714285	30.047284364700317	67128.84447836876
1880	1178.228301603982	1010.13	57.366455078125	0.26137426	0.0002194285714285714	0.0007314285714285715	28.963279962539673	67157.80877518654
1881	1149.3233705446673	1003.19	57.876220703125	0.26122418	0.00021938571428571426	0.0007312857142857144	46.96334743499756	67204.7845108509
1882	1133.8454599568731	996.92	57.385986328125	0.2612553	0.0002193428571428571	0.0007311428571428571	31.204418659210205	67236.00151181221
1883	1152.1710328961092	1004.38	57.3955078125	0.2612597	0.00021929999999999996	0.000731	28.785812854766846	67264.78863215446
1884	1172.1473291726763	1009.64	57.655517578125	0.26126024	0.00021925714285714285	0.0007308571428571429	28.640655517578125	67293.43103003502
1885	1158.7324255592387	1009.75	57.665283203125	0.26126084	0.00021921428571428566	0.0007307142857142857	28.979325771331787	67322.42451047897
1886	1174.783504118155	1005.15	57.675048828125	0.26125494	0.00021917142857142858	0.0007305714285714286	28.329535961151123	67350.75647616386
1887	1160.1204666318927	1005.56	57.684814453125	0.26097956	0.00021912857142857142	0.0007304285714285714	47.184465646743774	67397.94963955879
1888	1182.9881063015025	1018.02	57.6943359375	0.26072723	0.00021908571428571423	0.0007302857142857142	48.58357834815979	67446.54878973961
1889	1167.1680031173064	1012.66	57.705078125	0.26064897	0.00021904285714285715	0.0007301428571428573	29.96355104446411	67476.5284819603
1890	1156.7445201199437	999.05	57.465087890625	0.2606239	0.00021899999999999998	0.00073	29.08768129348755	67505.62081575394
1891	1173.7957658060616	1011.71	57.474853515625	0.26059952	0.00021895714285714285	0.0007298571428571429	29.667272806167603	67535.30450558662
1892	1193.2268746409754	1024.0	57.23388671875	0.26057437	0.0002189142857142857	0.0007297142857142858	29.59943389892578	67564.91654014587
1893	1176.534156139235	1024.0	57.993896484375	0.26054835	0.00021887142857142855	0.0007295714285714286	28.68324613571167	67593.60839104652
1894	1165.4530526226192	1008.16	57.25390625	0.260523	0.0002188285714285714	0.0007294285714285714	28.132895946502686	67621.75385594368
1895	1146.4786752046195	1002.15	58.51318359375	0.26029733	0.00021878571428571428	0.0007292857142857143	30.892606258392334	67652.66154146194
1896	1187.4372265707902	1020.2	57.7734375	0.26026317	0.0002187428571428571	0.0007291428571428571	30.128912925720215	67682.7921898365
1897	1175.7837269495496	1016.07	57.78271484375	0.26022565	0.00021869999999999998	0.000729	28.802421808242798	67711.61155676842
1898	1156.9674860814887	1006.54	57.79296875	0.26018918	0.00021865714285714284	0.0007288571428571429	28.971661806106567	67740.61212587357
1899	1149.0933812894891	1004.64	58.052001953125	0.26002416	0.00021861428571428568	0.0007287142857142857	45.423367977142334	67786.05249714851
1900	1156.26348943448	1004.71	57.562744140625	0.2597219	0.00021857142857142857	0.0007285714285714287	46.14699983596802	67832.20048832893
1901	1139.5868892593517	996.72	57.822509765625	0.259602	0.0002185285714285714	0.0007284285714285715	43.229318141937256	67875.4307873249
1902	1154.9157210627375	1002.22	57.33154296875	0.25958052	0.00021848571428571424	0.0007282857142857142	30.285290241241455	67905.71705055237
1903	1165.6895108998112	1022.33	57.842041015625	0.25956884	0.00021844285714285713	0.0007281428571428572	28.043375968933105	67933.7764890194
1904	1160.7910790342057	1014.3	57.851806640625	0.2595541	0.00021839999999999997	0.000728	28.826396703720093	67962.60448884964
1905	1167.0662139221934	1016.31	58.111572265625	0.2595332	0.00021835714285714283	0.0007278571428571428	28.32048726081848	67990.92648220062
1906	1181.2359396731604	1020.36	57.87109375	0.25951207	0.0002183142857142857	0.0007277142857142857	29.73154616355896	68020.6684949398
1907	1170.2526836758025	1014.02	58.132080078125	0.2594944	0.00021827142857142853	0.0007275714285714286	28.704071283340454	68049.39652490616
1908	1172.8246005165026	1011.84	57.6416015625	0.25945333	0.0002182285714285714	0.0007274285714285715	30.600156784057617	68079.99771428108
1909	1155.4795905085539	1006.05	58.14990234375	0.2592043	0.0002181857142857143	0.0007272857142857143	41.01941442489624	68121.02849531174
1910	1161.4431578202755	1007.9	57.9111328125	0.25895166	0.0002181428571428571	0.0007271428571428571	40.87946081161499	68161.91648459435
1911	1144.1239698793497	999.47	57.42041015625	0.25875387	0.00021809999999999996	0.000727	39.58732509613037	68201.51649403572
1912	1162.429727769436	1010.99	58.180908203125	0.2585276	0.00021805714285714285	0.0007268571428571429	36.168428897857666	68237.69760465622
1913	1121.7868535916248	979.84	57.690673828125	0.258547	0.00021801428571428566	0.0007267142857142856	29.293431758880615	68266.9925763607
1914	1172.0549266354014	1015.71	57.700439453125	0.25824746	0.00021797142857142858	0.0007265714285714286	42.33843946456909	68309.34356284142
1915	1155.2016266315213	999.25	57.95947265625	0.25803056	0.00021792857142857142	0.0007264285714285714	42.6434645652771	68351.99683642387
1916	1159.3377330334126	1003.92	57.969482421875	0.2577914	0.00021788571428571428	0.0007262857142857144	41.884328842163086	68393.88237524033
1917	1172.5754778850321	1010.12	58.228759765625	0.25745186	0.00021784285714285714	0.0007261428571428572	40.44279336929321	68434.33986258507
1918	1191.7095137034617	1023.96	57.739501953125	0.2571254	0.00021779999999999998	0.000726	42.13953685760498	68476.48063898087
1919	1157.2864528770174	1006.83	57.248779296875	0.2570854	0.00021775714285714285	0.0007258571428571429	31.125835180282593	68507.60849142075
1920	1141.1570233766981	978.8	57.758056640625	0.25707528	0.0002177142857142857	0.0007257142857142858	28.970687866210938	68536.58091831207
1921	1162.5201665155596	1009.52	57.767333984375	0.25706407	0.00021767142857142855	0.0007255714285714285	29.378424406051636	68565.96052026749
1922	1149.0339406999722	994.64	58.2783203125	0.25663903	0.0002176285714285714	0.0007254285714285714	40.76244306564331	68606.72449612617
1923	1168.0691210486345	1014.56	58.0390625	0.2563102	0.00021758571428571427	0.0007252857142857143	40.45118832588196	68647.17679405212
1924	1173.5985324972446	1024.0	58.423095703125	0.25630713	0.0002175428571428571	0.0007251428571428571	29.878337860107422	68677.0567419529
1925	1145.4696964363832	1006.66	57.93017578125	0.25598273	0.00021749999999999997	0.000725	41.65934658050537	68718.7204914093
1926	1141.0719438036376	994.63	57.938232421875	0.25601363	0.00021745714285714284	0.0007248571428571429	30.063138008117676	68748.79557824135
1927	1151.0163242271733	999.51	58.196044921875	0.256023	0.00021741428571428567	0.0007247142857142857	28.312578678131104	68777.10954451561
1928	1167.627319901524	1008.53	58.2041015625	0.25603023	0.00021737142857142857	0.0007245714285714287	28.53945779800415	68805.66449594498
1929	1186.6008994585065	1022.14	58.462158203125	0.25603044	0.0002173285714285714	0.0007244285714285714	29.295720100402832	68834.96188926697
1930	1158.2491733945913	1007.03	57.96923828125	0.2560319	0.00021728571428571427	0.0007242857142857143	29.164177656173706	68864.13725018501
1931	1173.398932208014	1018.14	58.727294921875	0.2560316	0.00021724285714285713	0.0007241428571428572	27.955459356307983	68892.10850453377
1932	1172.323010478647	1008.25	58.2353515625	0.2557039	0.00021719999999999997	0.000724	42.13562893867493	68934.24869036674
1933	1184.6824695283797	1024.0	58.2431640625	0.25557923	0.00021715714285714283	0.0007238571428571428	29.914767503738403	68964.1648569107
1934	1172.8656974172839	1005.03	58.25048828125	0.25555035	0.0002171142857142857	0.0007237142857142858	29.699419498443604	68993.86578321457
1935	1145.227944751006	989.83	58.2587890625	0.25551942	0.00021707142857142853	0.0007235714285714286	29.898957014083862	69023.77609491348
1936	1189.747179119596	1018.16	58.2666015625	0.25548872	0.0002170285714285714	0.0007234285714285715	29.427798986434937	69053.22095370293
1937	1196.4026666820382	1016.04	58.274658203125	0.25545967	0.00021698571428571429	0.0007232857142857143	28.549954652786255	69081.77249503136
1938	1166.5925387824113	1005.24	58.532470703125	0.25543323	0.0002169428571428571	0.0007231428571428571	29.704028606414795	69111.49696230888
1939	1170.7711729650623	1000.53	58.291015625	0.25540373	0.0002169	0.000723	29.81820511817932	69141.31650853157
1940	1190.7497615836073	1012.85	57.549072265625	0.25540245	0.00021685714285714285	0.0007228571428571429	40.004841804504395	69181.32308983803
1941	1160.957632424228	995.42	58.306884765625	0.25508657	0.0002168142857142857	0.0007227142857142856	39.051419258117676	69220.38855648041
1942	1167.2331012004927	1011.7	58.06494140625	0.25478718	0.00021677142857142858	0.0007225714285714286	46.93836712837219	69267.32850933075
1943	1162.612985198181	1000.64	58.322021484375	0.25474837	0.00021672857142857141	0.0007224285714285715	30.807673692703247	69298.1485490799
1944	1164.09676241504	1007.01	58.080322265625	0.2547287	0.00021668571428571428	0.0007222857142857144	30.206929922103882	69328.35657072067
1945	1173.199091542545	1008.88	58.08837890625	0.2547072	0.00021664285714285714	0.0007221428571428572	30.907881259918213	69359.27677512169
1946	1194.9494680453743	1024.0	58.09619140625	0.2546818	0.00021659999999999998	0.000722	28.85051703453064	69388.12872600555
1947	1180.962403162069	1012.8	58.60400390625	0.25465655	0.00021655714285714284	0.0007218571428571429	30.25571084022522	69418.39277458191
1948	1154.7904969484202	997.45	58.361083984375	0.25463212	0.0002165142857142857	0.0007217142857142858	29.978431940078735	69448.37257099152
1949	1165.4044663802604	1011.35	57.869384765625	0.25456753	0.00021647142857142854	0.0007215714285714285	40.103031873703	69488.47652435303
1950	1188.7409996367478	1020.85	58.37744140625	0.25456527	0.0002164285714285714	0.0007214285714285714	30.099380254745483	69518.58053922653
1951	1179.151143382134	1008.68	58.38525390625	0.25440317	0.00021638571428571427	0.0007212857142857143	38.50337290763855	69557.09251189232
1952	1171.204115772499	1014.12	58.642822265625	0.25412297	0.0002163428571428571	0.0007211428571428572	42.81891393661499	69599.91251850128
1953	1185.9049651278347	1018.27	58.40087890625	0.25412223	0.00021629999999999997	0.000721	28.786866188049316	69628.70048952103
1954	1186.736621369837	1021.27	58.40869140625	0.25392428	0.00021625714285714284	0.0007208571428571429	30.99558138847351	69659.71650576591
1955	1172.6127212156637	1005.35	58.41650390625	0.25390533	0.00021621428571428567	0.0007207142857142857	28.891533851623535	69688.62055397034
1956	1191.2649298972465	1020.32	58.173828125	0.25388458	0.00021617142857142856	0.0007205714285714287	28.597915172576904	69717.21947836876
1957	1161.052342646861	1012.42	57.9326171875	0.2533578	0.0002161285714285714	0.0007204285714285714	43.26362323760986	69760.48482823372
1958	1161.2464279023018	1002.5	58.69091796875	0.25304243	0.00021608571428571426	0.0007202857142857143	40.470829486846924	69800.96391654015
1959	1149.34498170578	996.18	58.44873046875	0.2530438	0.00021604285714285713	0.0007201428571428572	29.064668655395508	69830.0496661663
1960	1172.867647738344	1011.4	58.20654296875	0.25304586	0.00021599999999999996	0.0007199999999999999	29.582080125808716	69859.64701485634
1961	1186.8816026101026	1014.4	58.213623046875	0.2528517	0.00021595714285714283	0.0007198571428571429	44.01989793777466	69903.67688584328
1962	1171.6713249106872	1008.36	58.721923828125	0.252714	0.00021591428571428572	0.0007197142857142858	43.99244523048401	69947.6705417633
1963	1156.1024928424317	994.84	58.47998046875	0.25266927	0.00021587142857142853	0.0007195714285714286	30.107008457183838	69977.79250741005
1964	1193.0160596933308	1024.0	58.23779296875	0.25265113	0.0002158285714285714	0.0007194285714285714	28.13591194152832	70005.92943000793
1965	1171.3779825564538	1006.64	58.74560546875	0.2526313	0.00021578571428571428	0.0007192857142857143	29.84756112098694	70035.77819108963
1966	1164.1705645550444	1010.47	57.510498046875	0.25261137	0.0002157428571428571	0.0007191428571428571	29.395785331726074	70065.18465471268
1967	1168.2770179694105	1005.71	58.760986328125	0.252588	0.00021569999999999998	0.000719	29.995239734649658	70095.18083834648
1968	1178.7980466035401	1010.43	58.51904296875	0.2523112	0.00021565714285714285	0.0007188571428571428	40.80647802352905	70135.98844194412
1969	1185.4256304715573	1008.34	58.27685546875	0.25204113	0.00021561428571428569	0.0007187142857142856	40.781614542007446	70176.77204298973
1970	1174.2862171419338	1010.76	58.284423828125	0.25168875	0.00021557142857142858	0.0007185714285714287	42.23952913284302	70219.0285077095
1971	1148.9309700572237	990.61	58.54248046875	0.2515872	0.0002155285714285714	0.0007184285714285715	43.878888845443726	70262.90847921371
1972	1150.9390186307949	992.75	58.80029296875	0.25136134	0.00021548571428571428	0.0007182857142857143	45.65796709060669	70308.56848692894
1973	1171.7245707604798	1004.38	58.55908203125	0.25129598	0.00021544285714285714	0.0007181428571428572	45.18222713470459	70353.76809048653
1974	1190.9229546043184	1020.46	58.317138671875	0.25118545	0.00021539999999999998	0.000718	47.647013664245605	70401.42851519585
1975	1171.1775617629492	997.5	58.573974609375	0.2511779	0.00021535714285714284	0.0007178571428571429	30.03229331970215	70431.4619705677
1976	1169.078948625331	997.59	58.332275390625	0.25088736	0.0002153142857142857	0.0007177142857142857	42.83607268333435	70474.32052493095
1977	1175.562638341648	1005.18	58.84033203125	0.25051087	0.00021527142857142854	0.0007175714285714285	41.10399317741394	70515.4263792038
1978	1160.9228606599565	999.09	58.09814453125	0.2502099	0.0002152285714285714	0.0007174285714285714	31.45297408103943	70546.88047385216
1979	1169.3724897800912	994.65	59.10546875	0.25017324	0.00021518571428571427	0.0007172857142857144	30.026432752609253	70576.90852546692
1980	1175.768367686448	1011.19	58.363525390625	0.2501389	0.0002151428571428571	0.0007171428571428571	28.912973642349243	70605.83821153641
1981	1208.3861812209063	1016.53	58.87158203125	0.2501034	0.0002151	0.0007170000000000001	28.876934051513672	70634.71648144722
1982	1194.6351461256445	1010.73	58.37939453125	0.2500672	0.00021505714285714283	0.0007168571428571429	28.64715313911438	70663.36497497559
1983	1183.4725252128453	998.8	58.88671875	0.24992968	0.00021501428571428567	0.0007167142857142857	46.13853454589844	70709.50448727608
1984	1170.0063825150232	1002.48	57.902099609375	0.24977402	0.00021497142857142856	0.0007165714285714286	32.92974352836609	70742.44712233543
1985	1186.6976556371478	1008.96	58.40283203125	0.24975395	0.0002149285714285714	0.0007164285714285714	29.94756531715393	70772.40720367432
1986	1182.1774276965873	1005.84	58.41064453125	0.24973412	0.00021488571428571426	0.0007162857142857143	30.05603575706482	70802.46450424194
1987	1191.0028481378	1012.42	58.66845703125	0.2497132	0.00021484285714285713	0.0007161428571428572	30.287503242492676	70832.76476693153
1988	1151.5233444223895	989.39	59.052001953125	0.24937725	0.00021479999999999996	0.000716	48.67533755302429	70881.46054553986
1989	1183.1898558596163	1008.55	58.81005859375	0.24913718	0.00021475714285714283	0.0007158571428571429	44.48003387451172	70925.95648646355
1990	1159.2285620339496	994.83	59.067626953125	0.24882247	0.00021471428571428572	0.0007157142857142858	46.69172382354736	70972.6648182869
1991	1197.3660035691491	1017.49	59.07568359375	0.24868894	0.00021467142857142853	0.0007155714285714286	29.908721685409546	71002.57549333572
1992	1158.9798762147177	986.57	58.83349609375	0.24865784	0.00021462857142857142	0.0007154285714285714	29.191617488861084	71031.76849269867
1993	1167.3257765513872	987.33	58.840576171875	0.24862826	0.00021458571428571428	0.0007152857142857143	28.819582223892212	71060.6044909954
1994	1193.9940434649222	1008.45	58.3486328125	0.2485978	0.00021454285714285712	0.0007151428571428571	29.215113162994385	71089.8325021267
1995	1149.2800506893514	978.38	59.3564453125	0.24838275	0.0002145	0.0007150000000000001	32.180861473083496	71122.01436805725
1996	1202.0046572722508	1020.65	59.11474609375	0.24837697	0.00021445714285714285	0.0007148571428571428	29.763283014297485	71151.79256820679
1997	1162.6607233651528	994.52	58.622314453125	0.24837108	0.00021441428571428568	0.0007147142857142856	30.34338688850403	71182.14849042892
1998	1174.5700932126406	1016.75	59.13037109375	0.24836302	0.00021437142857142857	0.0007145714285714287	39.34248638153076	71221.49250864983
1999	1175.0191879340916	1012.1	58.88818359375	0.24813467	0.0002143285714285714	0.0007144285714285715	41.36934971809387	71262.86345720291
2000	1190.1197401851853	1016.13	58.89599609375	0.24784665	0.00021428571428571427	0.0007142857142857143	41.23505187034607	71304.09976816177
2001	1167.5557488599584	994.9	59.15380859375	0.24771433	0.00021424285714285714	0.0007141428571428572	46.98478674888611	71351.0981490612
2002	1196.9635705153676	1011.49	58.16064453125	0.24718387	0.00021419999999999998	0.000714	41.15674662590027	71392.25649809837
2003	1155.2129202893882	985.22	58.4189453125	0.24692029	0.00021415714285714284	0.0007138571428571429	41.690046548843384	71433.94849824905
2004	1172.1726513274716	1003.65	58.9267578125	0.24660456	0.0002141142857142857	0.0007137142857142857	44.19109296798706	71478.15248894691
2005	1164.3125224646935	994.9	58.68603515625	0.24634343	0.00021407142857142854	0.0007135714285714285	38.85980749130249	71517.01325535774
2006	1193.9425920668143	1016.23	58.943115234375	0.24634449	0.0002140285714285714	0.0007134285714285715	30.54168152809143	71547.55648779869
2007	1197.5580349218494	1016.36	59.201416015625	0.24608247	0.00021398571428571427	0.0007132857142857144	43.873547077178955	71591.43170595169
2008	1199.3592523655448	1022.8	58.95947265625	0.24563889	0.0002139428571428571	0.0007131428571428571	41.815317153930664	71633.24848127365
2009	1185.407827959893	1010.99	58.96728515625	0.24550994	0.0002139	0.0007130000000000001	30.186342239379883	71663.43672180176
2010	1197.7420539128568	1024.0	58.97509765625	0.24547839	0.00021385714285714283	0.0007128571428571429	29.027414083480835	71692.47653913498
2011	1208.7736345400165	1024.0	59.232177734375	0.2454511	0.00021381428571428567	0.0007127142857142856	29.223430395126343	71721.71251821518
2012	1185.9746111801762	1008.29	59.24072265625	0.24542594	0.00021377142857142856	0.0007125714285714286	28.893858671188354	71750.61907029152
2013	1184.4796513346976	1012.2	58.995361328125	0.24539785	0.0002137285714285714	0.0007124285714285714	28.54739022254944	71779.18048334122
2014	1195.4013252783768	1012.16	59.255615234375	0.24530332	0.00021368571428571426	0.0007122857142857143	38.21167540550232	71817.40072536469
2015	1197.5999707610274	1013.45	59.26318359375	0.2452979	0.00021364285714285715	0.0007121428571428572	30.142426013946533	71847.54449725151
2016	1202.1118778068244	1022.12	59.021728515625	0.24502222	0.00021359999999999996	0.000712	45.284820795059204	71892.83789157867
2017	1181.431376742344	1006.42	58.77978515625	0.24484187	0.00021355714285714282	0.0007118571428571429	43.50933766365051	71936.35449576378
2018	1193.245905067628	1014.82	59.285888671875	0.24475114	0.00021351428571428572	0.0007117142857142858	40.19115471839905	71976.54689335823
2019	1193.8926852757754	1012.64	58.79541015625	0.24453342	0.00021347142857142853	0.0007115714285714285	41.69637632369995	72018.24459886551
2020	1176.4354565753392	996.73	58.802490234375	0.24435937	0.00021342857142857142	0.0007114285714285714	41.69139742851257	72059.95251774788
2021	1182.4724967179855	998.8	58.810791015625	0.24435216	0.00021338571428571428	0.0007112857142857143	29.13556742668152	72089.11252689362
2022	1188.7396475182825	1010.66	58.319580078125	0.24395056	0.00021334285714285712	0.0007111428571428571	43.21443462371826	72132.32848381996
2023	1209.3096827607824	1024.0	59.32763671875	0.2438078	0.0002133	0.000711	44.98222613334656	72177.31248641014
2024	1184.3171724167164	1006.74	58.833251953125	0.24367112	0.00021325714285714284	0.0007108571428571429	32.32630395889282	72209.6405017376
2025	1189.5646323447531	1009.01	59.3427734375	0.24349411	0.00021321428571428568	0.0007107142857142857	41.465006589889526	72251.11806416512
2026	1170.6329481746482	1002.75	58.60107421875	0.24316657	0.00021317142857142857	0.0007105714285714287	30.727444887161255	72281.85653710365
2027	1167.864501425249	1008.61	59.10888671875	0.2431189	0.0002131285714285714	0.0007104285714285714	29.182777881622314	72311.05189275742
2028	1175.6430347120365	990.67	59.1162109375	0.24288543	0.00021308571428571427	0.0007102857142857143	44.14577293395996	72355.21866607666
2029	1210.7034265638279	1018.25	59.373779296875	0.2428898	0.00021304285714285714	0.0007101428571428572	29.579296588897705	72384.8125076294
2030	1194.112566624529	1022.27	58.632080078125	0.24288411	0.00021299999999999997	0.00071	30.507380485534668	72415.32849049568
2031	1190.4568006858171	1010.64	58.89013671875	0.24287535	0.00021295714285714284	0.0007098571428571428	28.331584692001343	72443.67252445221
2032	1153.082413637266	989.85	59.39794921875	0.24286242	0.0002129142857142857	0.0007097142857142857	28.426877975463867	72472.10089063644
2033	1146.3557604486582	983.72	59.405029296875	0.24285237	0.00021287142857142854	0.0007095714285714285	28.86912965774536	72500.97121167183
2034	1170.2330947185017	1000.0	59.41162109375	0.24260573	0.0002128285714285714	0.0007094285714285715	42.52746796607971	72543.51252222061
2035	1173.1442346107533	1000.33	59.1708984375	0.24240117	0.00021278571428571427	0.0007092857142857143	38.91934061050415	72582.44448232651
2036	1164.8105281277312	987.47	58.6787109375	0.24224645	0.0002127428571428571	0.0007091428571428571	31.55850839614868	72614.00449323654
2037	1202.193289046294	1021.91	59.4365234375	0.24214996	0.0002127	0.0007090000000000001	29.24248719215393	72643.24848794937
2038	1170.8998437346825	1005.1	59.19384765625	0.24211939	0.00021265714285714283	0.0007088571428571429	28.773406505584717	72672.02396678925
2039	1183.2514362719912	1014.2	59.453125	0.242092	0.0002126142857142857	0.0007087142857142857	28.81592559814453	72700.85305047035
2040	1181.5855113677137	1012.32	59.2109375	0.24206798	0.00021257142857142856	0.0007085714285714286	29.92006278038025	72730.78448843956
2041	1183.69460140367	1012.59	58.96875	0.24197419	0.0002125285714285714	0.0007084285714285714	29.947619199752808	72760.7447886467
2042	1168.6833679488307	1005.39	58.726318359375	0.24207358	0.00021248571428571426	0.0007082857142857144	39.27961039543152	72800.04448032379
2043	1159.5812823644362	999.71	59.234375	0.24203664	0.00021244285714285715	0.0007081428571428572	43.46577024459839	72843.51248002052
2044	1162.7559261804304	1002.8	58.25048828125	0.24199645	0.00021239999999999996	0.000708	32.854586362838745	72876.36884474754
2045	1182.2798631487517	1002.74	59.00048828125	0.24199587	0.00021235714285714285	0.0007078571428571429	29.119754552841187	72905.5008289814
2046	1189.3130445068932	1015.51	59.25830078125	0.24199373	0.0002123142857142857	0.0007077142857142858	28.329203128814697	72933.84626293182
2047	1197.6273137543212	1020.2	59.515869140625	0.24199064	0.00021227142857142855	0.0007075714285714285	29.14501142501831	72963.00606226921
2048	1178.6233155936243	1000.48	59.28173828125	0.24198562	0.00021222857142857141	0.0007074285714285714	28.371767044067383	72991.39279198647
2049	1188.2246321611728	1007.14	59.03173828125	0.2417289	0.00021218571428571428	0.0007072857142857143	42.159416913986206	73033.56454181671
2050	1210.9074688597655	1024.0	58.78955078125	0.2414571	0.00021214285714285711	0.0007071428571428571	37.81434464454651	73071.38050818443
2051	1209.5255442088926	1024.0	58.797119140625	0.2414224	0.0002121	0.0007070000000000001	41.914939165115356	73113.2964887619
2052	1172.8319086072756	987.56	59.68017578125	0.24127431	0.00021205714285714284	0.0007068571428571429	42.93150281906128	73156.23653888702
2053	1187.0544227055634	1005.42	59.18798828125	0.2410109	0.0002120142857142857	0.0007067142857142858	41.57530617713928	73197.82447910309
2054	1200.8903765206276	1011.03	59.19677734375	0.24097498	0.00021197142857142857	0.0007065714285714287	39.243223905563354	73237.08448672295
2055	1185.2752114424663	1006.53	59.70458984375	0.24083436	0.0002119285714285714	0.0007064285714285714	43.93445086479187	73281.02048563957
2056	1175.5764513621812	1004.56	59.2119140625	0.24066786	0.00021188571428571427	0.0007062857142857143	42.443532943725586	73323.46885466576
2057	1174.9677173617945	988.34	59.72021484375	0.24067117	0.00021184285714285713	0.0007061428571428572	28.690179586410522	73352.16067123413
2058	1181.672302635735	1005.23	59.72802734375	0.24055599	0.00021179999999999997	0.0007059999999999999	43.07130551338196	73395.24449491501
2059	1211.4869454873683	1024.0	59.73583984375	0.24036385	0.00021175714285714283	0.0007058571428571428	43.50255298614502	73438.74848413467
2060	1193.1692048780294	1014.51	59.493408203125	0.24014173	0.0002117142857142857	0.0007057142857142858	40.4098846912384	73479.16049408913
2061	1141.7887238971175	978.48	59.75146484375	0.24014406	0.00021167142857142854	0.0007055714285714286	42.84125804901123	73522.00277161598
2062	1195.8393032328026	1016.24	59.25927734375	0.23984873	0.0002116285714285714	0.0007054285714285714	39.14112710952759	73561.14516854286
2063	1189.899675275475	1007.79	59.26708984375	0.23969997	0.00021158571428571426	0.0007052857142857143	38.927080392837524	73600.0884912014
2064	1210.6620203211946	1022.1	59.525146484375	0.23962112	0.0002115428571428571	0.0007051428571428571	39.63244605064392	73639.72270798683
2065	1189.972851612394	1006.58	59.782470703125	0.23946775	0.0002115	0.0007050000000000001	37.53568720817566	73677.27278470993
2066	1165.519618106263	994.55	59.79052734375	0.23946185	0.00021145714285714283	0.0007048571428571428	28.391334533691406	73705.67651820183
2067	1166.3326022993756	995.04	59.79833984375	0.2393763	0.0002114142857142857	0.0007047142857142857	29.538962602615356	73735.21651244164
2068	1207.0747913986277	1022.24	59.30615234375	0.23913974	0.00021137142857142858	0.0007045714285714286	38.646499156951904	73773.86448669434
2069	1207.054680161284	1018.31	59.3134765625	0.23916633	0.0002113285714285714	0.0007044285714285715	39.622973680496216	73813.4885225296
2070	1166.7100999060567	992.74	59.571533203125	0.23891144	0.00021128571428571426	0.0007042857142857143	42.05841827392578	73855.5554869175
2071	1197.8607550053414	1017.12	59.57958984375	0.23876153	0.00021124285714285715	0.0007041428571428572	30.615532398223877	73886.18449306488
2072	1185.0849365100023	1010.69	59.58837890625	0.23873907	0.00021119999999999996	0.000704	29.191380739212036	73915.39252328873
2073	1201.0331717852364	1006.33	59.84619140625	0.23872097	0.00021115714285714285	0.0007038571428571429	29.250221729278564	73944.64451241493
2074	1176.1289283537685	995.35	59.853759765625	0.23870705	0.0002111142857142857	0.0007037142857142857	28.875449657440186	73973.52450060844
2075	1197.542003567928	1008.09	59.86181640625	0.23869552	0.00021107142857142855	0.0007035714285714285	28.07895541191101	74001.60447025299
2076	1195.4730426337374	1008.14	60.11962890625	0.23883589	0.0002110285714285714	0.0007034285714285714	37.05035972595215	74038.67479324341
2077	1167.422329086975	999.66	59.37744140625	0.23881847	0.00021098571428571428	0.0007032857142857143	30.70732569694519	74069.3965420723
2078	1162.8713071747923	988.87	60.38525390625	0.23881377	0.0002109428571428571	0.000703142857142857	29.517074584960938	74098.91464161873
2079	1187.1326443085925	1006.33	59.642333984375	0.23881114	0.0002109	0.0007030000000000001	29.759563446044922	74128.68449521065
2080	1182.3928285035895	1012.46	59.650634765625	0.2388056	0.00021085714285714284	0.0007028571428571429	29.914958000183105	74158.60827827454
2081	1178.0879949307043	1006.28	59.65869140625	0.23840232	0.0002108142857142857	0.0007027142857142858	39.22008538246155	74197.84094548225
2082	1196.8889746636717	1014.66	59.66650390625	0.23800467	0.00021077142857142857	0.0007025714285714286	38.94740343093872	74236.80449604988
2083	1196.2405823283523	1014.37	59.67236328125	0.23799515	0.0002107285714285714	0.0007024285714285714	42.19945573806763	74279.01656222343
2084	1207.2867085203548	1016.2	59.43212890625	0.23799042	0.00021068571428571427	0.0007022857142857143	29.53911852836609	74308.56851696968
2085	1188.6706569707658	1010.3	59.93994140625	0.23799233	0.00021064285714285713	0.0007021428571428572	28.488507747650146	74337.0581150055
2086	1186.6350353278206	999.41	58.94775390625	0.2380048	0.00021059999999999997	0.0007019999999999999	39.863033056259155	74376.92247915268
2087	1209.4234207477461	1024.0	59.2060546875	0.23799904	0.00021055714285714283	0.0007018571428571428	31.068007946014404	74408.00528693199
2088	1199.2618765221887	1016.23	59.963623046875	0.23799138	0.0002105142857142857	0.0007017142857142858	28.59146785736084	74436.59831547737
2089	1217.3548075399221	1017.65	59.971923828125	0.2379852	0.00021047142857142853	0.0007015714285714286	28.528800010681152	74465.12852239609
2090	1147.7526882342959	979.18	59.729736328125	0.23797606	0.0002104285714285714	0.0007014285714285714	29.182952165603638	74494.31248760223
2091	1205.2334165899406	1018.09	59.48779296875	0.23796384	0.00021038571428571426	0.0007012857142857143	28.735811710357666	74523.05713701248
2092	1190.7415983416738	1022.24	59.995361328125	0.23792697	0.0002103428571428571	0.0007011428571428571	39.402390480041504	74562.46047091484
2093	1180.2131097713232	1012.87	60.0029296875	0.2374145	0.0002103	0.0007010000000000001	37.1036159992218	74599.57668757439
2094	1188.7876591728416	1016.27	59.76123046875	0.23720199	0.00021025714285714283	0.0007008571428571428	36.83030867576599	74636.40848493576
2095	1170.9120697895376	990.54	59.76904296875	0.2369461	0.0002102142857142857	0.0007007142857142857	36.81195092201233	74673.22197842598
2096	1172.5890268473513	999.29	59.77685546875	0.23692799	0.00021017142857142858	0.0007005714285714287	30.38489079475403	74703.60848093033
2097	1200.9714905138399	1012.14	59.284423828125	0.23691668	0.0002101285714285714	0.0007004285714285715	28.87053084373474	74732.48073911667
2098	1199.4394994746413	1007.43	60.29248046875	0.23690297	0.00021008571428571428	0.0007002857142857143	28.490192890167236	74760.97935295105
2099	1178.01359688392	1003.19	59.55029296875	0.2368877	0.00021004285714285714	0.0007001428571428572	28.84774088859558	74789.82849359512
2100	1213.0767655645939	1024.0	60.0576171875	0.23687585	0.00020999999999999998	0.0007	29.195377588272095	74819.0324947834
2101	1192.1987615721616	1010.98	60.315185546875	0.2368644	0.00020995714285714285	0.0006998571428571429	29.237189531326294	74848.27113413811
2102	1207.7033624082612	1016.22	59.823486328125	0.23684911	0.0002099142857142857	0.0006997142857142857	28.492023706436157	74876.76450824738
2103	1197.7687451414902	1012.12	60.08154296875	0.23683007	0.00020987142857142855	0.0006995714285714285	29.115010023117065	74905.88051772118
2104	1199.6948954819663	1018.28	59.590087890625	0.2367084	0.00020982857142857144	0.0006994285714285715	30.10742688179016	74935.9965660572
2105	1187.4335936808386	1011.69	60.097900390625	0.23668583	0.00020978571428571427	0.0006992857142857144	28.471839666366577	74964.4848074913
2106	1191.769310949725	1006.61	60.10546875	0.23666446	0.0002097428571428571	0.000699142857142857	30.067410469055176	74994.56854724884
2107	1184.1577676966021	1007.93	60.11376953125	0.23663782	0.0002097	0.0006990000000000001	28.634901762008667	75023.20449924469
2108	1186.0213721107218	1007.62	60.37158203125	0.23661077	0.00020965714285714284	0.0006988571428571429	29.94066572189331	75053.16509056091
2109	1183.799860075604	1008.75	60.12939453125	0.23657775	0.0002096142857142857	0.0006987142857142858	29.899493932724	75083.0804886818
2110	1186.4679708701249	1012.87	59.886962890625	0.23634769	0.00020957142857142857	0.0006985714285714286	40.886855602264404	75123.968811512
2111	1192.696474180817	1013.02	59.39501953125	0.2361139	0.0002095285714285714	0.0006984285714285714	37.422508239746094	75161.39280796051
2112	1186.8662602244774	1010.11	59.40283203125	0.23608498	0.00020948571428571427	0.0006982857142857143	29.11470365524292	75190.50852227211
2113	1194.4836816141683	1014.39	59.91064453125	0.23606794	0.00020944285714285713	0.0006981428571428571	28.919445514678955	75219.43250632286
2114	1145.2361460644331	983.28	60.168701171875	0.23605232	0.00020939999999999997	0.0006979999999999999	29.492114305496216	75248.93728017807
2115	1174.6760463106643	994.97	60.674560546875	0.23603982	0.00020935714285714283	0.0006978571428571429	29.24726176261902	75278.18584299088
2116	1210.5481575832275	1023.74	60.18505859375	0.23602505	0.0002093142857142857	0.0006977142857142858	28.103390216827393	75306.30050253868
2117	1194.4064399684178	1010.41	60.19482421875	0.23601127	0.00020927142857142853	0.0006975714285714285	28.532305240631104	75334.84875965118
2118	1187.4428717617648	1006.77	60.20458984375	0.23599906	0.00020922857142857142	0.0006974285714285715	28.471418380737305	75363.33650135994
2119	1203.1573702690343	1005.55	59.964599609375	0.23598243	0.00020918571428571426	0.0006972857142857143	38.12249708175659	75401.46047496796
2120	1197.1516823258169	1022.51	59.480712890625	0.23571749	0.0002091428571428571	0.0006971428571428571	36.04711294174194	75437.51657128334
2121	1204.92121640889	1016.27	59.98486328125	0.23553747	0.00020910000000000001	0.000697	36.74311375617981	75474.27556872368
2122	1173.2294107529328	1000.62	60.24462890625	0.23544316	0.00020905714285714282	0.0006968571428571428	36.92405033111572	75511.21649241447
2123	1174.9183600153392	992.92	60.00439453125	0.23534559	0.0002090142857142857	0.0006967142857142858	31.407195568084717	75542.62486314774
2124	1193.992900196141	1004.83	60.513671875	0.23533385	0.00020897142857142858	0.0006965714285714287	29.165050506591797	75571.79159021378
2125	1201.514366213309	1019.32	60.27392578125	0.2353224	0.0002089285714285714	0.0006964285714285714	27.931574821472168	75599.73671507835
2126	1205.4487318374245	1016.5	60.28369140625	0.23530813	0.00020888571428571428	0.0006962857142857143	29.084837913513184	75628.8418033123
2127	1172.4314903393818	996.21	60.04345703125	0.23528987	0.00020884285714285714	0.0006961428571428572	29.273058652877808	75658.12592697144
2128	1203.3020407287313	1024.0	59.80322265625	0.2351793	0.00020879999999999998	0.000696	38.00920557975769	75696.13651490211
2129	1182.1104368037759	1002.48	60.812744140625	0.23518069	0.00020875714285714284	0.0006958571428571428	30.593915939331055	75726.74289822578
2130	1183.2093742449083	1004.89	60.07275390625	0.23497628	0.0002087142857142857	0.0006957142857142857	42.22760248184204	75768.98451542854
2131	1211.8860611836444	1019.36	60.33251953125	0.23475109	0.00020867142857142854	0.0006955714285714285	38.87490963935852	75807.86801195145
2132	1190.9526039215075	1005.49	60.84228515625	0.23475438	0.00020862857142857143	0.0006954285714285716	28.63537859916687	75836.51648807526
2133	1190.467273023445	1012.95	60.101806640625	0.23468082	0.00020858571428571427	0.0006952857142857143	29.77128505706787	75866.30049824715
2134	1195.1452098195184	1014.29	60.861572265625	0.23465532	0.0002085428571428571	0.0006951428571428571	29.866204738616943	75896.1685397625
2135	1211.8292516474717	1020.05	59.8701171875	0.23463225	0.0002085	0.0006950000000000001	29.10255479812622	75925.28751754761
2136	1203.3524184471291	1022.16	60.38134765625	0.23460524	0.00020845714285714284	0.0006948571428571429	29.423527479171753	75954.7244822979
2137	1200.6088576439363	1012.47	60.64208984375	0.23458154	0.0002084142857142857	0.0006947142857142857	30.16754961013794	75984.90849018097
2138	1197.6241069225657	1010.59	60.14990234375	0.23440802	0.00020837142857142856	0.0006945714285714286	42.82296419143677	76027.73247122765
2139	1168.9470563007383	985.79	59.6611328125	0.23427688	0.0002083285714285714	0.0006944285714285714	45.24782848358154	76072.981341362
2140	1204.3236376391085	1016.77	60.17138671875	0.23423135	0.00020828571428571426	0.0006942857142857143	31.011388301849365	76104.0044939518
2141	1200.6032076277106	1014.57	60.18115234375	0.23421298	0.00020824285714285713	0.0006941428571428571	30.20041060447693	76134.20589566231
2142	1201.4379894899196	1012.57	59.940673828125	0.23419552	0.00020819999999999996	0.000694	28.680969953536987	76162.89786839485
2143	1201.1374419893132	1022.5	60.45068359375	0.23417948	0.00020815714285714283	0.0006938571428571429	28.346025228500366	76191.25953888893
2144	1210.2044531750619	1024.0	59.4677734375	0.23416424	0.0002081142857142857	0.0006937142857142858	29.055513620376587	76220.32858371735
2145	1187.985509136851	1018.6	60.4697265625	0.2341475	0.00020807142857142853	0.0006935714285714285	28.710908889770508	76249.04046750069
2146	1211.7025249052977	1022.31	59.9794921875	0.23380251	0.00020802857142857142	0.0006934285714285715	38.84449625015259	76287.89356064796
2147	1168.142154748027	982.47	60.239013671875	0.23380637	0.00020798571428571426	0.0006932857142857143	28.679174184799194	76316.59247994423
2148	1168.4871188828586	998.51	59.2490234375	0.2337389	0.0002079428571428571	0.0006931428571428571	30.423367738723755	76347.02849411964
2149	1202.6217822119181	1016.77	60.50927734375	0.23372515	0.0002079	0.000693	28.595022439956665	76375.62452626228
2150	1207.8364574887282	1016.37	60.51904296875	0.23356761	0.00020785714285714282	0.0006928571428571428	37.25138998031616	76412.88452625275
2151	1191.7931278488404	1015.61	59.779052734375	0.23357566	0.0002078142857142857	0.0006927142857142858	28.295554161071777	76441.1924829483
2152	1218.5525620815597	1020.07	60.5380859375	0.233581	0.00020777142857142858	0.0006925714285714287	29.132339477539062	76470.3333940506
2153	1204.2070821309273	1015.0	60.54833984375	0.23358375	0.0002077285714285714	0.0006924285714285714	28.60752844810486	76498.95669078827
2154	1193.060980269696	1004.08	60.05908203125	0.23358242	0.00020768571428571428	0.0006922857142857143	28.296628952026367	76527.26165986061
2155	1183.8303150948173	996.09	60.31884765625	0.2336828	0.00020764285714285714	0.0006921428571428572	39.24988675117493	76566.52293109894
2156	1213.141157605249	1020.42	60.077880859375	0.23319514	0.00020759999999999998	0.000692	39.55205678939819	76606.10049009323
2157	1220.4824800950669	1024.0	60.088134765625	0.23320495	0.00020755714285714284	0.0006918571428571428	28.456812381744385	76634.57029485703
2158	1209.8205024028468	1014.24	60.34814453125	0.2329576	0.0002075142857142857	0.0006917142857142857	36.944817543029785	76671.52667713165
2159	1217.1234457016792	1024.0	60.35791015625	0.23289002	0.00020747142857142854	0.0006915714285714285	36.33536219596863	76707.87649798393
2160	1191.2611792281098	1000.94	60.11767578125	0.2327537	0.00020742857142857143	0.0006914285714285716	36.41428565979004	76744.29248476028
2161	1199.8791992105453	1008.52	60.377197265625	0.2325765	0.00020738571428571427	0.0006912857142857143	37.0906879901886	76781.38434648514
2162	1173.1234952837806	986.46	60.63720703125	0.23248325	0.00020734285714285713	0.0006911428571428572	42.603392124176025	76824.00089907646
2163	1185.830395387755	1004.19	60.89697265625	0.23232286	0.0002073	0.0006910000000000001	33.97524309158325	76857.98856329918
2164	1221.708720546915	1020.19	60.40673828125	0.23209006	0.00020725714285714283	0.0006908571428571428	37.5840539932251	76895.5925014019
2165	1192.9602663194223	1002.53	61.03955078125	0.23209977	0.0002072142857142857	0.0006907142857142857	29.33942437171936	76924.94449448586
2166	1216.4274768095395	1018.92	59.79638671875	0.23214562	0.00020717142857142856	0.0006905714285714286	29.83853030204773	76954.79563450813
2167	1232.3865336398385	1024.0	60.305419921875	0.23214585	0.0002071285714285714	0.0006904285714285714	28.911498308181763	76983.70890450478
2168	1213.754454280784	1024.0	60.063720703125	0.23214404	0.00020708571428571426	0.0006902857142857142	28.481898546218872	77012.19193768501
2169	1206.9290381905735	1010.69	61.071533203125	0.232143	0.00020704285714285713	0.0006901428571428572	28.688722372055054	77040.89401936531
2170	1175.150946926042	995.69	60.829345703125	0.23213953	0.00020699999999999996	0.00069	29.145838260650635	77070.04080319405
2171	1209.4095108984993	1011.17	60.837890625	0.23213321	0.00020695714285714283	0.0006898571428571429	29.003888368606567	77099.0462501049
2172	1194.9646858312944	1002.59	61.345947265625	0.23204237	0.0002069142857142857	0.0006897142857142857	41.123918533325195	77140.17154669762
2173	1231.151357245991	1024.0	61.103759765625	0.23185252	0.00020687142857142853	0.0006895714285714285	39.03616905212402	77179.22124838829
2174	1206.3378299516578	1014.1	60.861328125	0.23185384	0.00020682857142857145	0.0006894285714285715	30.094374895095825	77209.33927679062
2175	1209.921990940882	1016.52	61.119384765625	0.2316584	0.00020678571428571426	0.0006892857142857143	38.827718019485474	77248.18081593513
2176	1195.1961728268427	1001.53	60.127197265625	0.23163396	0.00020674285714285712	0.0006891428571428571	30.559840202331543	77278.752835989
2177	1209.9306262439502	1014.54	61.135009765625	0.23162329	0.0002067	0.000689	29.28203582763672	77308.0364818573
2178	1226.842480780718	1016.33	60.642822265625	0.2316093	0.00020665714285714282	0.0006888571428571429	29.181586742401123	77337.21996641159
2179	1210.372022343771	1010.81	60.900390625	0.23159264	0.0002066142857142857	0.0006887142857142858	29.523388385772705	77366.76049518585
2180	1200.7590345959306	1004.75	60.658447265625	0.23157813	0.00020657142857142857	0.0006885714285714286	28.73674201965332	77395.51004934311
2181	1187.1547673319144	1005.33	61.166259765625	0.23156293	0.0002065285714285714	0.0006884285714285714	28.612414121627808	77424.12952041626
2182	1200.6240161947408	1014.41	60.924072265625	0.23139904	0.00020648571428571427	0.0006882857142857143	39.60199785232544	77463.74330377579
2183	1199.5156586558114	1005.22	60.931396484375	0.23139457	0.00020644285714285714	0.0006881428571428572	29.122742176055908	77492.88050723076
2184	1216.9332623649893	1020.19	60.939453125	0.2313823	0.00020639999999999998	0.0006879999999999999	29.126758813858032	77522.02068829536
2185	1191.067309555362	991.15	61.197509765625	0.23115398	0.00020635714285714284	0.0006878571428571428	38.79985070228577	77560.84074091911
2186	1204.1329547722928	1006.42	60.705322265625	0.23114496	0.0002063142857142857	0.0006877142857142857	39.36008954048157	77600.21653056145
2187	1182.8014824427878	1001.45	60.214111328125	0.23097463	0.00020627142857142854	0.0006875714285714286	37.09627079963684	77637.3246974945
2188	1219.9635208994632	1024.0	60.970947265625	0.23097998	0.00020622857142857143	0.0006874285714285715	29.6911838054657	77667.03648877144
2189	1186.5944389158067	1001.57	60.727783203125	0.23088628	0.00020618571428571427	0.0006872857142857143	31.559017658233643	77698.5966808796
2190	1196.64850106182	1016.04	60.737060546875	0.23087431	0.00020614285714285713	0.0006871428571428572	28.951694011688232	77727.54986429214
2191	1190.6340854370026	1002.43	61.245361328125	0.2308635	0.0002061	0.0006870000000000001	30.173176050186157	77757.72449469566
2192	1198.989809263959	1004.93	60.7529296875	0.23068208	0.00020605714285714283	0.0006868571428571428	42.03529667854309	77799.77249574661
2193	1190.6664891635555	995.63	60.510498046875	0.23060548	0.0002060142857142857	0.0006867142857142857	40.045721769332886	77839.8381485939
2194	1189.937813608602	1014.58	61.267822265625	0.23059843	0.00020597142857142856	0.0006865714285714286	29.499043226242065	77869.35246825218
2195	1220.9832057533074	1024.0	60.526123046875	0.23031671	0.0002059285714285714	0.0006864285714285714	37.04212045669556	77906.40719509125
2196	1191.1925933225868	1002.82	60.783935546875	0.23032515	0.00020588571428571426	0.0006862857142857143	28.978591442108154	77935.39967393875
2197	1194.8759040260804	1004.87	60.791748046875	0.23033106	0.00020584285714285712	0.0006861428571428572	29.171465396881104	77964.57668948174
2198	1186.7719222515473	1001.8	60.550048828125	0.2301916	0.00020579999999999996	0.000686	42.63469052314758	78007.2125287056
2199	1221.7294941330856	1022.36	60.307861328125	0.23010837	0.00020575714285714282	0.0006858571428571429	41.49903655052185	78048.72848701477
2200	1200.8478194644897	1002.44	61.065673828125	0.22981489	0.0002057142857142857	0.0006857142857142857	42.15547227859497	78090.89655780792
2201	1214.0489680570274	1011.69	61.072509765625	0.2298152	0.00020567142857142853	0.0006855714285714285	30.31036639213562	78121.22738409042
2202	1215.277034740926	1020.21	60.582275390625	0.22973406	0.00020562857142857144	0.0006854285714285715	38.27541971206665	78159.51651453972
2203	1219.5656871732972	1022.05	60.847900390625	0.22973008	0.00020558571428571425	0.0006852857142857143	29.126646041870117	78188.64447784424
2204	1194.9046268973073	1006.78	60.597900390625	0.2293976	0.00020554285714285714	0.0006851428571428571	38.80658411979675	78227.45248675346
2205	1198.1557149826563	1003.91	61.605712890625	0.22940226	0.0002055	0.0006850000000000001	28.11904001235962	78255.58460235596
2206	1197.8655434034315	1006.2	60.86328125	0.22912471	0.00020545714285714284	0.0006848571428571429	39.41027855873108	78294.99647259712
2207	1202.14991524514	1008.58	61.121337890625	0.2290531	0.0002054142857142857	0.0006847142857142858	36.94762706756592	78331.94509077072
2208	1217.9202701062186	1018.05	60.629638671875	0.22886588	0.00020537142857142857	0.0006845714285714286	36.019370794296265	78367.97650742531
2209	1222.3438730908765	1016.32	61.136962890625	0.22844446	0.0002053285714285714	0.0006844285714285714	37.967883825302124	78405.9608399868
2210	1215.4988671656463	1020.38	61.14453125	0.22796582	0.00020528571428571427	0.0006842857142857143	37.27398347854614	78443.2364833355
2211	1213.095509976364	1013.05	61.402099609375	0.22797628	0.00020524285714285714	0.0006841428571428572	28.38304090499878	78471.6205086708
2212	1203.442158085237	1010.69	60.66015625	0.22788866	0.00020519999999999997	0.0006839999999999999	39.5473530292511	78511.17640924454
2213	1205.6920239169742	1015.22	61.16796875	0.2278695	0.00020515714285714284	0.0006838571428571428	38.90764117240906	78550.09685134888
2214	1209.3325070834546	1014.69	60.676025390625	0.22800426	0.0002051142857142857	0.0006837142857142858	38.214245319366455	78588.31251168251
2215	1201.2363579869907	1001.15	60.933349609375	0.22787033	0.00020507142857142854	0.0006835714285714285	39.42652606964111	78627.7405321598
2216	1220.148888467256	1022.22	60.69140625	0.22750907	0.00020502857142857143	0.0006834285714285715	38.41553211212158	78666.17249655724
2217	1191.5459237984212	998.78	60.947265625	0.22766115	0.00020498571428571427	0.0006832857142857143	39.93116641044617	78706.1244854927
2218	1217.022161960732	1018.21	61.204833984375	0.22748335	0.00020494285714285713	0.0006831428571428572	36.942596435546875	78743.06875634193
2219	1204.5146084561698	998.55	61.2158203125	0.22748238	0.0002049	0.000683	29.59373903274536	78772.66447544098
2220	1192.4663314250126	994.9	60.722900390625	0.22733498	0.00020485714285714283	0.0006828571428571428	40.61014175415039	78813.2764980793
2221	1179.4122418026482	990.52	60.981689453125	0.22706147	0.0002048142857142857	0.0006827142857142857	40.77336645126343	78854.05142498016
2222	1219.213256661157	1014.78	60.989501953125	0.22673981	0.00020477142857142856	0.0006825714285714287	37.46750092506409	78891.53279185295
2223	1215.313574587411	1016.12	60.497314453125	0.22668226	0.0002047285714285714	0.0006824285714285714	29.530750036239624	78921.06448554993
2224	1205.91679321012	1014.47	61.00439453125	0.22666319	0.00020468571428571426	0.0006822857142857143	28.855316400527954	78949.93248558044
2225	1217.4306839441842	1021.98	60.762939453125	0.22664641	0.00020464285714285712	0.0006821428571428572	28.901193618774414	78978.83523631096
2226	1206.7404653585545	1008.66	61.269775390625	0.2266301	0.00020459999999999996	0.000682	28.431051015853882	79007.28800654411
2227	1207.0267225371576	1016.76	61.278564453125	0.22661503	0.00020455714285714288	0.0006818571428571429	28.61136770248413	79035.90049648285
2228	1196.3719569426848	1012.65	60.786376953125	0.22662924	0.0002045142857142857	0.0006817142857142857	36.934547424316406	79072.83647966385
2229	1189.1227968556589	998.59	61.41845703125	0.22663487	0.00020447142857142852	0.0006815714285714285	28.59809947013855	79101.43649816513
2230	1202.310264178754	1011.34	60.6767578125	0.22631006	0.00020442857142857144	0.0006814285714285715	41.403627157211304	79142.84872150421
2231	1193.8487354688743	1009.32	61.185546875	0.22622971	0.00020438571428571425	0.0006812857142857142	38.862685203552246	79181.71251893044
2232	1213.0236224239777	1012.35	61.44189453125	0.22622709	0.00020434285714285714	0.0006811428571428572	29.610855102539062	79211.32450962067
2233	1199.3031877438134	1006.65	61.20068359375	0.22618978	0.0002043	0.0006810000000000001	41.081655740737915	79252.40852284431
2234	1193.8246886625252	996.38	61.2080078125	0.22618999	0.00020425714285714284	0.0006808571428571429	29.606010675430298	79282.01647877693
2235	1204.1605417110336	1001.23	61.466064453125	0.22618538	0.0002042142857142857	0.0006807142857142857	28.93898034095764	79310.95648288727
2236	1203.8388817667583	1010.55	61.474853515625	0.22618644	0.00020417142857142857	0.0006805714285714286	40.50246620178223	79351.46053767204
2237	1202.4394424216046	1014.73	61.482666015625	0.2261528	0.0002041285714285714	0.0006804285714285714	43.31543183326721	79394.78454446793
2238	1196.331641885603	1005.95	61.240234375	0.22604507	0.00020408571428571427	0.0006802857142857143	43.86257982254028	79438.64859318733
2239	1205.744641056278	1010.73	61.248291015625	0.22583656	0.00020404285714285713	0.0006801428571428571	32.467578649520874	79471.12847614288
2240	1196.0313830461837	1009.63	61.006103515625	0.22559845	0.00020399999999999997	0.0006799999999999999	39.88736629486084	79511.02849388123
2241	1197.270755698244	1006.52	61.513916015625	0.22547312	0.00020395714285714286	0.000679857142857143	31.45544743537903	79542.48855018616
2242	1193.3707290939408	1004.92	61.771728515625	0.2254485	0.0002039142857142857	0.0006797142857142858	29.634458780288696	79572.12449145317
2243	1226.4568802295223	1018.87	61.029296875	0.22542357	0.00020387142857142854	0.0006795714285714285	28.35440683364868	79600.4805047512
2244	1188.7967719558349	1006.27	61.037353515625	0.22539662	0.00020382857142857143	0.0006794285714285715	28.691568613052368	79629.19649362564
2245	1203.2189550473968	1015.47	61.295166015625	0.22514798	0.00020378571428571426	0.0006792857142857143	39.015384674072266	79668.21374344826
2246	1161.9599826391698	980.31	61.302978515625	0.22492553	0.00020374285714285713	0.0006791428571428572	40.159478425979614	79708.38849782944
2247	1205.2395261042664	1015.52	61.310546875	0.22492623	0.0002037	0.000679	29.183677911758423	79737.5808122158
2248	1221.6123148915483	1016.61	61.068603515625	0.22492611	0.00020365714285714283	0.0006788571428571428	28.738438606262207	79766.33556985855
2249	1214.8820198669368	1016.13	61.326416015625	0.22492601	0.0002036142857142857	0.0006787142857142857	28.447834968566895	79794.8008043766
2250	1236.6713896028027	1024.0	61.834228515625	0.22492866	0.00020357142857142856	0.0006785714285714287	29.431446313858032	79824.24050760269
2251	1202.304480064251	1007.38	61.58740234375	0.2247163	0.0002035285714285714	0.0006784285714285714	42.786436557769775	79867.02848172188
2252	1200.386708558243	1008.33	60.103515625	0.22458744	0.00020348571428571426	0.0006782857142857143	32.13026833534241	79899.16049170494
2253	1190.0338239683192	1001.01	61.10400390625	0.22456394	0.00020344285714285712	0.0006781428571428572	30.28320622444153	79929.44848203659
2254	1188.7175444470047	1002.91	61.11181640625	0.22453763	0.00020339999999999996	0.000678	30.18418788909912	79959.63455629349
2255	1192.366881157233	1007.51	60.86962890625	0.22448416	0.00020335714285714287	0.0006778571428571429	40.62910318374634	80000.27422070503
2256	1188.4473876801787	998.02	61.377197265625	0.22447133	0.00020331428571428568	0.0006777142857142857	42.53248476982117	80042.82491230965
2257	1199.3463792795756	1005.87	61.13427734375	0.22424774	0.00020327142857142852	0.0006775714285714285	41.109981298446655	80083.93679046631
2258	1207.4976819628046	1014.31	61.39306640625	0.22396232	0.00020322857142857144	0.0006774285714285716	30.943320989608765	80114.89248919487
2259	1179.8598701899164	1007.24	61.90087890625	0.22392337	0.00020318571428571428	0.0006772857142857143	29.01451086997986	80143.90847301483
2260	1193.2112657792188	1008.82	61.40869140625	0.22389136	0.00020314285714285714	0.0006771428571428572	29.238685846328735	80173.16711258888
2261	1179.3408445236173	996.99	60.916259765625	0.22365338	0.0002031	0.0006770000000000001	31.499955892562866	80204.66847991943
2262	1208.380345850572	1018.18	61.42431640625	0.2236417	0.00020305714285714284	0.0006768571428571429	27.96256375312805	80232.63248229027
2263	1191.0941741214856	1012.42	61.68212890625	0.22362947	0.0002030142857142857	0.0006767142857142857	28.986513376235962	80261.62053585052
2264	1188.9982890663982	1009.88	61.18994140625	0.22361825	0.00020297142857142857	0.0006765714285714286	28.532020807266235	80290.15350723267
2265	1162.6618152954281	993.15	61.197509765625	0.22349547	0.0002029285714285714	0.0006764285714285714	40.43131494522095	80330.60049366951
2266	1175.3260137263562	997.56	61.20556640625	0.22327065	0.00020288571428571427	0.0006762857142857142	38.742576122283936	80369.34447550774
2267	1194.632003515072	1005.33	60.71337890625	0.22295879	0.00020284285714285713	0.0006761428571428571	38.47904014587402	80407.82452225685
2268	1168.471795777214	995.79	61.47216796875	0.22290616	0.00020279999999999997	0.000676	40.23186945915222	80448.05794978142
2269	1188.1300274998255	1012.15	61.72900390625	0.2229069	0.00020275714285714286	0.000675857142857143	28.407723426818848	80476.48079371452
2270	1189.301251018327	1008.89	61.487060546875	0.22290736	0.0002027142857142857	0.0006757142857142857	29.547022819519043	80506.040091753
2271	1184.5712898107631	995.46	61.495361328125	0.22264606	0.00020267142857142853	0.0006755714285714285	42.76325082778931	80548.82815527916
2272	1179.2300337216764	992.81	61.75341796875	0.22264434	0.00020262857142857142	0.0006754285714285715	29.706679821014404	80578.53655052185
2273	1198.7734808990674	1004.96	61.76123046875	0.2226442	0.00020258571428571426	0.0006752857142857143	29.335232973098755	80607.88434767723
2274	1206.8618333879308	1010.89	61.769287109375	0.22264265	0.00020254285714285713	0.0006751428571428571	28.936604499816895	80636.83773994446
2275	1214.6935415197402	1009.5	61.033935546875	0.22255017	0.0002025	0.000675	29.839172840118408	80666.67836737633
2276	1174.6502717196481	987.79	61.784423828125	0.2225213	0.00020245714285714283	0.0006748571428571428	28.78067398071289	80695.46052622795
2277	1205.3956274808747	1002.73	61.79248046875	0.22249997	0.0002024142857142857	0.0006747142857142858	28.523590564727783	80724.00069975853
2278	1209.998065601054	1014.61	61.55029296875	0.22247946	0.00020237142857142855	0.0006745714285714286	29.443469285964966	80753.46449899673
2279	1204.2935160961829	1014.98	61.557373046875	0.22241949	0.0002023285714285714	0.0006744285714285714	36.41398334503174	80789.87950658798
2280	1209.9336788933015	1018.23	61.5654296875	0.22257684	0.00020228571428571425	0.0006742857142857143	40.46367335319519	80830.34448766708
2281	1188.9336411511647	1001.67	61.32373046875	0.22246115	0.00020224285714285712	0.0006741428571428572	37.330774784088135	80867.69598388672
2282	1180.2374300010363	994.91	61.331298828125	0.22244465	0.00020219999999999995	0.0006739999999999999	31.610504865646362	80899.30854392052
2283	1196.2865803998632	1012.19	61.08935546875	0.22238807	0.00020215714285714287	0.0006738571428571429	30.38475203514099	80929.69488501549
2284	1216.5574841175733	1012.58	61.846435546875	0.22237198	0.00020211428571428568	0.0006737142857142857	30.41261100769043	80960.10849833488
2285	1185.5769620253393	1001.92	61.354736328125	0.222358	0.00020207142857142857	0.0006735714285714286	30.266990661621094	80990.3764898777
2286	1163.9729010426915	985.45	61.11376953125	0.2222721	0.00020202857142857144	0.0006734285714285715	38.75880217552185	81029.13649010658
2287	1191.400922998292	1008.69	60.379150390625	0.22208108	0.00020198571428571427	0.0006732857142857143	40.671292543411255	81069.80879068375
2288	1195.4449617769799	1004.13	61.629150390625	0.222081	0.00020194285714285714	0.0006731428571428572	30.014306783676147	81099.82449555397
2289	1210.2290430791757	1011.4	61.136962890625	0.2220685	0.0002019	0.0006730000000000001	39.96834850311279	81139.81677389145
2290	1210.2490298748303	1010.27	60.65283203125	0.22194874	0.00020185714285714284	0.0006728571428571428	38.79026937484741	81178.60851931572
2291	1217.6744737395172	1022.07	61.90283203125	0.2219543	0.0002018142857142857	0.0006727142857142857	29.1544406414032	81207.7756023407
2292	1223.8249200914886	1020.45	61.66064453125	0.22196068	0.00020177142857142857	0.0006725714285714286	30.62821888923645	81238.42068576813
2293	1207.980210785749	1008.53	60.800537109375	0.2218861	0.0002017285714285714	0.0006724285714285714	30.910889625549316	81269.35190176964
2294	1198.2069425936745	999.41	62.050537109375	0.22187053	0.00020168571428571427	0.0006722857142857142	28.281886339187622	81297.64713430405
2295	1181.1695139668418	993.61	61.31689453125	0.22185586	0.00020164285714285713	0.0006721428571428572	29.324638605117798	81326.97274589539
2296	1184.8807076773776	993.69	62.31689453125	0.22183986	0.00020159999999999997	0.000672	30.30685806274414	81357.29193425179
2297	1207.0461537647925	1016.79	61.574462890625	0.22182448	0.00020155714285714286	0.000671857142857143	29.37910795211792	81386.69953489304
2298	1159.278385971698	983.82	61.832275390625	0.22174148	0.0002015142857142857	0.0006717142857142857	45.33229994773865	81432.0454325676
2299	1197.9856083230372	1006.37	61.58984375	0.22164303	0.00020147142857142856	0.0006715714285714286	40.87514567375183	81472.93557357788
2300	1158.9960398251994	983.31	61.84765625	0.2215724	0.00020142857142857142	0.0006714285714285715	33.70816659927368	81506.67031550407
2301	1168.5277834376666	988.35	61.606201171875	0.22151811	0.00020138571428571426	0.0006712857142857143	40.012308835983276	81546.68454933167
2302	1207.3564064303582	1014.39	61.61376953125	0.22142033	0.00020134285714285712	0.0006711428571428571	40.51951622962952	81587.21285104752
2303	1175.9567301300092	992.17	61.87060546875	0.22118782	0.0002013	0.000671	37.01652240753174	81624.2307882309
2304	1196.9467495677977	1001.47	61.37939453125	0.2211628	0.00020125714285714282	0.0006708571428571429	40.024295806884766	81664.26938962936
2305	1188.9531118449734	998.08	61.63818359375	0.22106303	0.0002012142857142857	0.0006707142857142858	30.155672311782837	81694.42618250847
2306	1223.5736424442618	1019.13	62.39599609375	0.22104244	0.00020117142857142855	0.0006705714285714286	29.089519262313843	81723.5305519104
2307	1201.259536929683	1005.01	62.403076171875	0.22102396	0.0002011285714285714	0.0006704285714285714	29.33561110496521	81752.88080596924
2308	1181.725751527369	996.08	62.661376953125	0.22100954	0.00020108571428571425	0.0006702857142857143	28.354370832443237	81781.24752807617
2309	1186.7289444664896	993.17	61.66943359375	0.22099584	0.00020104285714285712	0.0006701428571428572	28.71559715270996	81809.97649002075
2310	1203.1248489975565	1005.02	61.6767578125	0.2209814	0.00020099999999999995	0.0006699999999999999	28.993332624435425	81838.97128772736
2311	1220.562792379065	1022.44	61.44189453125	0.22096646	0.00020095714285714287	0.0006698571428571429	30.12999963760376	81869.11510896683
2312	1172.4774080234101	986.45	62.1923828125	0.22095366	0.0002009142857142857	0.0006697142857142857	42.43979787826538	81911.57672429085
2313	1203.3533985224985	1012.36	61.2060546875	0.22078604	0.00020087142857142857	0.0006695714285714287	30.794776916503906	81942.38768911362
2314	1205.5954165391925	1013.2	61.7080078125	0.2207609	0.00020082857142857144	0.0006694285714285715	29.25789999961853	81971.65896487236
2315	1209.7299206241864	1013.56	62.2158203125	0.22074045	0.00020078571428571427	0.0006692857142857143	28.627418041229248	82000.30048561096
2316	1199.8139859285182	1006.81	61.97314453125	0.22060369	0.00020074285714285714	0.0006691428571428572	30.466450929641724	82030.76891040802
2317	1200.996424950328	1002.6	61.489013671875	0.22058909	0.0002007	0.0006690000000000001	29.091472864151	82059.88449025154
2318	1180.3670503936069	983.62	61.739013671875	0.22057493	0.00020065714285714284	0.0006688571428571428	30.127168655395508	82090.02452969551
2319	1204.1528520758739	1012.4	62.248046875	0.22056042	0.0002006142857142857	0.0006687142857142857	29.817630290985107	82119.84340929985
2320	1197.5998430317495	1005.91	62.00634765625	0.22042781	0.00020057142857142856	0.0006685714285714286	41.55343222618103	82161.4138815403
2321	1183.723790772174	992.36	62.01318359375	0.22026818	0.0002005285714285714	0.0006684285714285713	40.00746440887451	82201.43651151657
2322	1182.9280557550294	993.59	62.271484375	0.22009677	0.00020048571428571426	0.0006682857142857143	42.68380784988403	82244.12191009521
2323	1191.6429533205594	1004.19	62.0283203125	0.21969408	0.00020044285714285713	0.0006681428571428572	35.84815549850464	82279.98573637009
2324	1207.0431208147727	1016.62	61.786865234375	0.21969622	0.00020039999999999997	0.000668	29.301823616027832	82309.28880596161
2325	1188.7181214721052	991.55	61.302978515625	0.2196917	0.00020035714285714286	0.0006678571428571429	28.07816505432129	82337.37922692299
2326	1188.0758566956038	991.06	62.05224609375	0.21967845	0.0002003142857142857	0.0006677142857142857	40.86643147468567	82378.25887775421
2327	1189.2301746516646	997.04	62.31005859375	0.2195751	0.00020027142857142856	0.0006675714285714286	30.43157982826233	82408.71283626556
2328	1219.9272688722685	1010.06	62.068603515625	0.21955168	0.00020022857142857142	0.0006674285714285715	28.849154233932495	82437.56469154358
2329	1201.952329530253	1004.74	62.076171875	0.21953045	0.00020018571428571426	0.0006672857142857142	29.102150917053223	82466.68705582619
2330	1214.4840386965543	1020.19	62.333740234375	0.21951191	0.00020014285714285712	0.0006671428571428571	29.256675720214844	82495.94579410553
2331	1186.939753583631	990.47	61.841796875	0.21949357	0.00020009999999999998	0.0006670000000000001	28.662399530410767	82524.62341761589
2332	1206.3597294495478	1002.17	62.60009765625	0.21947484	0.00020005714285714282	0.0006668571428571429	29.79161524772644	82554.4284915924
2333	1203.4255182980341	1003.76	62.35791015625	0.21945919	0.00020001428571428569	0.0006667142857142857	29.59155583381653	82584.03249669075
2334	1224.9770015748002	1014.77	62.61572265625	0.2193198	0.00019997142857142855	0.0006665714285714286	31.730809450149536	82615.76449918747
2335	1210.3833399241973	1006.79	61.873779296875	0.21930665	0.00019992857142857139	0.0006664285714285714	30.098682403564453	82645.87584900856
2336	1206.352975595075	1010.93	62.38232421875	0.21929383	0.00019988571428571425	0.0006662857142857143	29.303563833236694	82675.19202446938
2337	1229.6778066783043	1013.04	62.14013671875	0.21928532	0.00019984285714285711	0.0006661428571428571	29.603514194488525	82704.80850696564
2338	1220.029168694067	1009.47	62.14794921875	0.21927781	0.00019979999999999995	0.0006659999999999999	29.648760080337524	82734.45843362808
2339	1190.915579233097	996.31	62.155517578125	0.21927123	0.00019975714285714287	0.000665857142857143	28.662004232406616	82763.13527107239
2340	1202.273854122222	1000.9	61.913330078125	0.2189918	0.0001997142857142857	0.0006657142857142858	37.291571617126465	82800.44050884247
2341	1225.5239470317922	1014.56	62.42138671875	0.2189973	0.00019967142857142857	0.0006655714285714286	30.40309166908264	82830.85648822784
2342	1218.3289388093408	1007.23	62.18701171875	0.2189945	0.00019962857142857143	0.0006654285714285715	30.47722315788269	82861.33517193794
2343	1215.9894385657435	1007.5	62.186767578125	0.21899392	0.00019958571428571427	0.0006652857142857143	29.21956491470337	82890.56868958473
2344	1215.8083318009146	1008.89	62.19384765625	0.21898858	0.00019954285714285713	0.0006651428571428572	29.206820487976074	82919.79574584961
2345	1204.231079103283	997.89	61.702392578125	0.21898156	0.0001995	0.000665	28.59677004814148	82948.39344620705
2346	1197.174449901302	1007.21	61.7099609375	0.21875465	0.00019945714285714283	0.0006648571428571428	39.54008078575134	82987.94453001022
2347	1216.2823813138932	1008.99	61.7177734375	0.21874066	0.0001994142857142857	0.0006647142857142857	31.15935707092285	83019.11249542236
2348	1206.8013136645523	1006.44	62.225341796875	0.21869574	0.00019937142857142856	0.0006645714285714286	30.792993545532227	83049.90701055527
2349	1221.0907447118277	1016.35	61.491455078125	0.21868627	0.0001993285714285714	0.0006644285714285713	28.663361072540283	83078.5845284462
2350	1195.7168014657566	995.73	62.491455078125	0.21867591	0.0001992857142857143	0.0006642857142857144	28.58210062980652	83107.16782450676
2351	1201.3012252448293	1010.37	62.500244140625	0.21866955	0.00019924285714285713	0.0006641428571428572	29.112524032592773	83136.29354143143
2352	1190.4960617834392	1004.84	61.515869140625	0.21866363	0.00019919999999999996	0.000664	28.575501680374146	83164.88055086136
2353	1186.2967012300187	999.54	62.515380859375	0.21865387	0.00019915714285714285	0.0006638571428571429	28.76376748085022	83193.65671133995
2354	1183.6904894275908	1000.79	62.523681640625	0.2182917	0.0001991142857142857	0.0006637142857142857	38.08429026603699	83231.74202680588
2355	1208.885439241352	1005.28	62.53173828125	0.21829945	0.00019907142857142855	0.0006635714285714286	28.63956618309021	83260.39277029037
2356	1177.9740226602319	995.02	62.03955078125	0.21831672	0.00019902857142857142	0.0006634285714285715	30.079532384872437	83290.48854994774
2357	1197.4310327793191	1004.75	62.54833984375	0.21831542	0.00019898571428571426	0.0006632857142857142	29.6023428440094	83320.09251070023
2358	1194.950045080521	1012.5	62.558349609375	0.21831238	0.00019894285714285712	0.0006631428571428572	28.43038773536682	83348.52448129654
2359	1184.0411797183979	997.49	62.075927734375	0.2183084	0.00019889999999999998	0.0006630000000000001	28.34856414794922	83376.88577485085
2360	1174.7018789618696	991.56	62.327880859375	0.21827352	0.00019885714285714282	0.0006628571428571429	38.5721390247345	83415.46856498718
2361	1191.1028227380575	1007.27	62.087646484375	0.21800448	0.00019881428571428568	0.0006627142857142857	39.57484984397888	83455.04449486732
2362	1194.5290931310356	1007.03	62.59716796875	0.21800351	0.00019877142857142855	0.0006625714285714286	29.542625904083252	83484.58868646622
2363	1190.6696979391736	1002.7	62.357177734375	0.21799952	0.00019872857142857138	0.0006624285714285714	29.264219522476196	83513.86130785942
2364	1176.1624584165916	994.44	62.616943359375	0.2179936	0.0001986857142857143	0.0006622857142857144	28.97932720184326	83542.8420829773
2365	1195.8856375919886	1005.69	62.626708984375	0.21798806	0.00019864285714285714	0.0006621428571428571	29.645278215408325	83572.48850369453
2366	1217.0395166374867	1024.0	62.13623046875	0.21798205	0.00019859999999999995	0.0006619999999999999	28.84352397918701	83601.33654880524
2367	1222.2620096524831	1012.52	62.896240234375	0.21808238	0.00019855714285714287	0.000661857142857143	39.075510025024414	83640.42867898941
2368	1188.379671585863	991.26	62.656982421875	0.21806997	0.0001985142857142857	0.0006617142857142857	29.467015743255615	83669.91649961472
2369	1198.4521855722571	1001.05	62.916748046875	0.2180563	0.00019847142857142857	0.0006615714285714286	29.77941107749939	83699.70856118202
2370	1209.6990479342692	1008.88	62.42529296875	0.2180419	0.00019842857142857143	0.0006614285714285715	30.28186869621277	83729.99213767052
2371	1219.5764729688176	1012.56	62.435546875	0.2179901	0.00019838571428571427	0.0006612857142857143	29.863438367843628	83759.85648822784
2372	1197.3592146877374	999.57	62.19580078125	0.21761425	0.00019834285714285713	0.0006611428571428571	41.435301780700684	83801.3044822216
2373	1208.3231214964796	1016.41	62.705810546875	0.21749465	0.0001983	0.000661	29.904939889907837	83831.22204065323
2374	1213.222704415481	1009.01	62.71533203125	0.21747582	0.00019825714285714283	0.0006608571428571428	28.737686157226562	83859.96082544327
2375	1211.031370111859	1004.64	61.974365234375	0.21745817	0.0001982142857142857	0.0006607142857142857	28.558360815048218	83888.52067494392
2376	1185.8919277826433	988.64	62.734619140625	0.21744202	0.00019817142857142856	0.0006605714285714286	28.722522735595703	83917.25937223434
2377	1209.527327010227	1014.12	62.494140625	0.21742879	0.0001981285714285714	0.0006604285714285714	28.375205516815186	83945.65610790253
2378	1189.412095674373	998.63	62.75439453125	0.21731438	0.0001980857142857143	0.0006602857142857144	37.327106952667236	83982.98464751244
2379	1182.1059632925255	991.2	62.51416015625	0.21731769	0.00019804285714285712	0.0006601428571428572	29.82347559928894	84012.82055163383
2380	1185.5844093218898	996.89	62.5234375	0.21732448	0.00019799999999999996	0.0006599999999999999	29.17894744873047	84042.00048780441
2381	1204.5763551024963	1009.04	62.533935546875	0.2173316	0.00019795714285714285	0.0006598571428571429	29.892097234725952	84071.89397644997
2382	1217.1392417363816	1015.11	62.55126953125	0.21733858	0.0001979142857142857	0.0006597142857142857	28.815457820892334	84100.72051358223
2383	1200.5352427063217	1001.89	62.80322265625	0.21734114	0.00019787142857142855	0.0006595714285714286	28.490354776382446	84129.21249651909
2384	1218.978135702713	1016.21	62.563720703125	0.21734251	0.00019782857142857142	0.0006594285714285714	29.587039470672607	84158.80049562454
2385	1179.9123829726193	992.81	62.572265625	0.2173397	0.00019778571428571425	0.0006592857142857142	30.05904221534729	84188.86051988602
2386	1201.7438018720147	1013.06	62.582763671875	0.21733736	0.00019774285714285712	0.0006591428571428572	29.223594427108765	84218.10448884964
2387	1175.330882340945	993.17	62.09326171875	0.21727292	0.00019769999999999998	0.0006590000000000001	37.20742917060852	84255.31649589539
2388	1186.4874676175632	1007.39	62.852294921875	0.21689324	0.00019765714285714282	0.0006588571428571428	37.57233023643494	84292.89277362823
2389	1158.2142962573491	982.11	62.8623046875	0.2168982	0.00019761428571428568	0.0006587142857142857	29.303406715393066	84322.20851898193
2390	1211.2181025343682	1018.19	62.62255859375	0.21690494	0.00019757142857142855	0.0006585714285714286	28.637580633163452	84350.85801577568
2391	1213.2833082778807	1009.92	62.88232421875	0.21691012	0.00019752857142857138	0.0006584285714285714	28.863628387451172	84379.73277688026
2392	1165.7773291188805	981.98	62.891845703125	0.21672791	0.0001974857142857143	0.0006582857142857143	36.8286509513855	84416.56234240532
2393	1167.5095722478222	981.48	62.651123046875	0.21663187	0.00019744285714285714	0.0006581428571428571	38.183284282684326	84454.76046943665
2394	1178.3432792310862	990.41	62.411376953125	0.21647422	0.00019739999999999995	0.000658	35.662463426589966	84490.42450928688
2395	1218.3664981939603	1016.02	62.920654296875	0.2164764	0.00019735714285714286	0.000657857142857143	28.68617033958435	84519.11914300919
2396	1165.2211075538887	978.24	62.4384765625	0.21647783	0.0001973142857142857	0.0006577142857142857	29.27080512046814	84548.41173839569
2397	1202.2101543563451	1008.75	62.690673828125	0.21647447	0.00019727142857142857	0.0006575714285714286	28.583858728408813	84577.01279520988
2398	1209.509250833259	1006.86	62.4501953125	0.21646832	0.00019722857142857143	0.0006574285714285715	28.78617548942566	84605.81508111954
2399	1200.135334509937	1000.77	62.460693359375	0.2164591	0.00019718571428571427	0.0006572857142857143	28.799530506134033	84634.63250350952
2400	1229.217793451801	1013.77	62.719970703125	0.21644844	0.00019714285714285713	0.0006571428571428571	28.547776222229004	84663.18139958382
2401	1178.989761189379	981.49	62.97998046875	0.21643542	0.0001971	0.000657	29.027289390563965	84692.22447872162
2402	1218.971439429812	1008.13	62.248779296875	0.2164259	0.00019705714285714283	0.0006568571428571428	28.702389001846313	84720.9282772541
2403	1238.15897528136	1022.06	62.5	0.216365	0.0001970142857142857	0.0006567142857142858	29.243587970733643	84750.19651174545
2404	1232.815992662451	1022.07	62.51025390625	0.21634807	0.00019697142857142856	0.0006565714285714286	28.40300726890564	84778.60051250458
2405	1208.3995099591818	1002.88	63.020263671875	0.21632768	0.0001969285714285714	0.0006564285714285714	29.403233289718628	84808.00851631165
2406	1223.5104970244006	1013.62	62.77783203125	0.21630698	0.00019688571428571429	0.0006562857142857144	29.575359344482422	84837.5924885273
2407	1206.1234576976801	1008.83	62.296630859375	0.21637058	0.00019684285714285712	0.0006561428571428572	36.35985016822815	84873.96091532707
2408	1217.670861548592	1012.55	62.79931640625	0.21637817	0.00019679999999999999	0.000656	28.408064603805542	84902.39249920845
2409	1214.8091818218206	1018.02	62.30908203125	0.21608101	0.00019675714285714285	0.0006558571428571429	36.611412048339844	84939.00849103928
2410	1198.7117051220948	994.98	62.81884765625	0.21608545	0.0001967142857142857	0.0006557142857142857	29.584757089614868	84968.60567617416
2411	1201.7016012313256	999.03	62.57861328125	0.2160791	0.00019667142857142855	0.0006555714285714286	28.771413326263428	84997.39269781113
2412	1200.0300801430058	999.26	63.087646484375	0.2160712	0.00019662857142857141	0.0006554285714285715	29.263356924057007	85026.65697908401
2413	1213.833165918419	1012.92	63.097900390625	0.21606332	0.00019658571428571425	0.0006552857142857143	28.55603861808777	85055.22048354149
2414	1187.4803297242945	990.25	62.858154296875	0.2160573	0.00019654285714285711	0.0006551428571428572	29.43138599395752	85084.66048908234
2415	1217.0357411897357	1016.56	63.117919921875	0.21605194	0.00019649999999999998	0.0006550000000000001	29.419673204421997	85114.08877038956
2416	1196.340796388911	991.24	63.126708984375	0.21604705	0.00019645714285714282	0.0006548571428571428	29.67279362678528	85143.76303625107
2417	1182.0265342376135	985.41	62.637939453125	0.2160359	0.00019641428571428568	0.0006547142857142857	40.336737871170044	85184.10878801346
2418	1233.7625036641018	1020.81	62.64794921875	0.2159409	0.00019637142857142857	0.0006545714285714286	40.466546058654785	85224.57684493065
2419	1227.0840467191747	1010.12	63.15771484375	0.21594626	0.00019632857142857138	0.0006544285714285713	28.958747625350952	85253.54850459099
2420	1206.0802907650793	1000.92	62.667236328125	0.21575665	0.0001962857142857143	0.0006542857142857143	38.294565200805664	85291.8445661068
2421	1153.171677632381	966.03	62.9267578125	0.21576416	0.00019624285714285713	0.0006541428571428572	29.45827603340149	85321.30447602272
2422	1195.153747676445	1001.11	61.94482421875	0.21576439	0.0001962	0.0006540000000000001	31.042464017868042	85352.3484954834
2423	1184.540980374518	986.45	63.445556640625	0.2157586	0.00019615714285714286	0.0006538571428571429	29.502415418624878	85381.85250616074
2424	1219.6934463868233	1008.79	62.95654296875	0.2157513	0.0001961142857142857	0.0006537142857142857	28.351398706436157	85410.2164914608
2425	1204.42632417434	998.49	63.216552734375	0.21574359	0.00019607142857142856	0.0006535714285714286	28.777508020401	85439.00662112236
2426	1216.7310830912193	1004.68	62.725341796875	0.21570818	0.00019602857142857143	0.0006534285714285715	30.147379159927368	85469.16448426247
2427	1200.472608230773	1004.54	63.235595703125	0.21570112	0.00019598571428571426	0.0006532857142857142	29.623137712478638	85498.79248070717
2428	1221.9576475438444	1018.16	63.245361328125	0.21569036	0.00019594285714285713	0.0006531428571428571	28.71592426300049	85527.52503824234
2429	1200.9244260064936	993.34	63.255126953125	0.21568139	0.0001959	0.000653	29.965511322021484	85557.49197101593
2430	1194.7467548861548	996.14	63.2646484375	0.21567123	0.00019585714285714283	0.0006528571428571429	28.69950246810913	85586.20449113846
2431	1225.653824236106	1008.94	63.02490234375	0.21565987	0.0001958142857142857	0.0006527142857142857	27.837836980819702	85614.04355049133
2432	1218.5232739007201	1010.16	63.28466796875	0.21564662	0.00019577142857142856	0.0006525714285714286	28.127343893051147	85642.18451213837
2433	1220.9444205486907	1002.66	63.04345703125	0.21568817	0.0001957285714285714	0.0006524285714285714	40.015543937683105	85682.21249079704
2434	1198.6559105272	988.8	63.305419921875	0.21538706	0.00019568571428571428	0.0006522857142857144	38.8038387298584	85721.03679585457
2435	1209.5868349474433	1004.7	62.814453125	0.21539451	0.00019564285714285712	0.0006521428571428571	28.77142024040222	85749.81651425362
2436	1237.3317789668704	1012.54	63.32470703125	0.21539605	0.00019559999999999998	0.000652	28.13034725189209	85777.95971131325
2437	1183.5538043643685	984.38	63.33447265625	0.21537016	0.00019555714285714285	0.0006518571428571429	29.591445684432983	85807.56452918053
2438	1219.395372822041	1009.0	63.34326171875	0.21536006	0.00019551428571428568	0.0006517142857142857	28.93943500518799	85836.52048897743
2439	1231.9560885777844	1015.94	63.353271484375	0.215351	0.00019547142857142855	0.0006515714285714285	29.108739137649536	85865.63021183014
2440	1196.4787041742252	987.15	63.36376953125	0.21534151	0.0001954285714285714	0.0006514285714285715	29.003472328186035	85894.64847874641
2441	1242.4901619125706	1020.21	63.62353515625	0.21533453	0.00019538571428571425	0.0006512857142857143	28.755640983581543	85923.40509343147
2442	1214.6808896974035	1006.61	63.383544921875	0.21532522	0.0001953428571428571	0.0006511428571428572	29.88434410095215	85953.3054895401
2443	1212.8175701018654	1004.58	62.643310546875	0.21499155	0.00019529999999999998	0.000651	35.493990898132324	85988.81441783905
2444	1218.2974984702093	1010.26	63.152587890625	0.21500427	0.0001952571428571428	0.0006508571428571428	28.9365017414093	86017.7524907589
2445	1239.6286516554999	1016.44	63.412841796875	0.2150078	0.00019521428571428568	0.0006507142857142857	29.06036400794983	86046.81454849243
2446	1241.5289893205363	1022.51	63.172607421875	0.21501009	0.00019517142857142857	0.0006505714285714286	28.54382562637329	86075.38076853752
2447	1212.4735867173727	1004.83	62.932373046875	0.21501033	0.00019512857142857138	0.0006504285714285713	28.80531883239746	86104.19839668274
2448	1228.7273154989346	1010.11	63.441162109375	0.21501149	0.0001950857142857143	0.0006502857142857144	29.6024067401886	86133.80683040619
2449	1192.9243117493802	990.86	63.45263671875	0.21501471	0.00019504285714285713	0.0006501428571428572	28.92419981956482	86162.73248195648
2450	1187.0192952714117	991.89	62.710693359375	0.21484153	0.000195	0.0006500000000000001	38.098801612854004	86200.83249163628
2451	1183.0218644752686	980.72	63.222412109375	0.21476825	0.00019495714285714286	0.0006498571428571429	30.810951709747314	86231.65610003471
2452	1213.7929322035254	1008.27	63.60595703125	0.21475522	0.0001949142857142857	0.0006497142857142857	28.475595712661743	86260.14448189735
2453	1223.5705533237299	1014.22	63.613037109375	0.21473868	0.00019487142857142856	0.0006495714285714286	29.206347227096558	86289.35249209404
2454	1224.4567064845103	1019.47	62.877197265625	0.21471955	0.00019482857142857142	0.0006494285714285715	28.64667773246765	86318.01558709145
2455	1232.1086658279046	1016.2	62.88720703125	0.2147009	0.00019478571428571426	0.0006492857142857142	28.728432178497314	86346.75737428665
2456	1218.295874517235	1008.54	63.63720703125	0.21468328	0.00019474285714285713	0.0006491428571428571	28.879385232925415	86375.63818097115
2457	1230.2882674125253	1018.37	63.39404296875	0.21466725	0.0001947	0.0006490000000000001	29.58328413963318	86405.23648834229
2458	1188.5058150284792	995.32	63.402587890625	0.2146524	0.00019465714285714283	0.0006488571428571429	29.22704029083252	86434.46449375153
2459	1231.6813207321743	1021.52	63.660400390625	0.21469176	0.0001946142857142857	0.0006487142857142857	36.26731276512146	86470.74849772453
2460	1226.4841426398675	1005.63	63.168212890625	0.21469174	0.00019457142857142855	0.0006485714285714286	28.26332664489746	86499.02848339081
2461	1187.5425109900962	991.07	63.176025390625	0.21459676	0.0001945285714285714	0.0006484285714285714	38.615068197250366	86537.64452052116
2462	1217.4708425770843	1008.06	63.433349609375	0.21440862	0.00019448571428571428	0.0006482857142857144	36.42268347740173	86574.0688393116
2463	1213.8375030878656	998.08	63.19189453125	0.2143829	0.00019444285714285712	0.0006481428571428571	29.80228304862976	86603.87250995636
2464	1237.7823833174166	1018.07	63.69970703125	0.21437299	0.00019439999999999998	0.000648	28.354931831359863	86632.22849464417
2465	1225.6746984106992	1020.04	63.706787109375	0.21436201	0.00019435714285714285	0.0006478571428571429	28.662604093551636	86660.89258623123
2466	1210.0210220076685	997.02	62.97412109375	0.21433365	0.00019431428571428568	0.0006477142857142858	29.152998685836792	86690.05813455582
2467	1193.9979292267185	990.09	63.223388671875	0.21431631	0.00019427142857142855	0.0006475714285714286	28.91053605079651	86718.98053789139
2468	1215.5677019342493	1001.28	63.731689453125	0.21430059	0.0001942285714285714	0.0006474285714285715	28.866616010665894	86747.84874844551
2469	1207.094916907117	989.03	63.48974609375	0.21428804	0.00019418571428571425	0.0006472857142857143	28.642727375030518	86776.49285912514
2470	1212.4203273167523	1002.93	63.74755859375	0.21427514	0.0001941428571428571	0.0006471428571428572	29.032606840133667	86805.52669119835
2471	1237.2455504950065	1013.72	62.76123046875	0.2142616	0.0001941	0.000647	29.22408890724182	86834.7685084343
2472	1188.8356104144596	995.3	63.762939453125	0.21424936	0.0001940571428571428	0.0006468571428571428	28.507463216781616	86863.2772064209
2473	1209.5804228487175	999.76	63.51904296875	0.21417494	0.00019401428571428573	0.0006467142857142858	43.71550726890564	86907.00851869583
2474	1231.1923022824224	1020.32	63.77880859375	0.21417047	0.00019397142857142857	0.0006465714285714285	30.363362073898315	86937.38450908661
2475	1203.6947556318003	998.73	63.53662109375	0.21398671	0.00019392857142857138	0.0006464285714285713	41.89493727684021	86979.28047418594
2476	1206.275177444855	1003.14	63.794189453125	0.21398391	0.0001938857142857143	0.0006462857142857144	29.682563543319702	87008.96450543404
2477	1202.4701982661302	1006.08	63.55224609375	0.21390617	0.00019384285714285713	0.0006461428571428572	41.683377504348755	87050.66052746773
2478	1165.824578409438	976.67	63.80908203125	0.21390367	0.0001938	0.000646	28.46246337890625	87079.12448430061
2479	1180.528863289063	981.88	63.31640625	0.21385922	0.00019375714285714286	0.0006458571428571429	44.25930905342102	87123.39648890495
2480	1205.095707874818	997.54	63.825927734375	0.21364434	0.0001937142857142857	0.0006457142857142857	39.41076874732971	87162.8085141182
2481	1207.0961925733084	1001.19	63.5830078125	0.21364123	0.00019367142857142856	0.0006455714285714286	29.20051908493042	87192.01040577888
2482	1219.578672104399	1016.39	63.34228515625	0.21350251	0.00019362857142857142	0.0006454285714285714	36.176995038986206	87228.18851304054
2483	1232.7616005742266	1015.14	63.85009765625	0.2135079	0.00019358571428571426	0.0006452857142857142	30.526164054870605	87258.7163131237
2484	1197.961350265769	991.93	63.60791015625	0.21351516	0.00019354285714285712	0.0006451428571428571	30.52223825454712	87289.251339674
2485	1209.8289541668628	1002.24	63.364990234375	0.21351977	0.0001935	0.0006450000000000001	29.192705154418945	87318.45314025879
2486	1209.2386828908818	999.26	63.873291015625	0.21352428	0.00019345714285714282	0.0006448571428571428	28.30345892906189	87346.77250218391
2487	1223.1511054719083	1006.65	63.38134765625	0.21321295	0.00019341428571428571	0.0006447142857142858	37.2921404838562	87384.0810956955
2488	1204.5520829403276	994.19	63.63916015625	0.21319455	0.00019337142857142855	0.0006445714285714286	30.00994634628296	87414.09248232841
2489	1237.5075705117931	1014.64	63.64599609375	0.21279998	0.0001933285714285714	0.0006444285714285714	36.750569581985474	87450.8445353508
2490	1230.758017067105	1014.2	62.660400390625	0.21281768	0.00019328571428571428	0.0006442857142857143	29.459791898727417	87480.3088645935
2491	1236.9699680231797	1016.48	63.412353515625	0.21283181	0.00019324285714285712	0.0006441428571428571	36.209771394729614	87516.52020311356
2492	1230.7400562281564	1020.45	63.420166015625	0.21278268	0.00019319999999999998	0.000644	29.31983256340027	87545.85693836212
2493	1227.9979225782442	1009.26	63.927978515625	0.21276294	0.00019315714285714284	0.000643857142857143	28.972965478897095	87574.84211015701
2494	1233.3915132954833	1008.83	63.43505859375	0.21273965	0.00019311428571428568	0.0006437142857142857	28.80808734893799	87603.66451096535
2495	1238.226866197554	1015.89	63.693359375	0.21271808	0.00019307142857142854	0.0006435714285714286	29.895823001861572	87633.56890559196
2496	1223.418261485109	1008.05	63.951171875	0.21269612	0.0001930285714285714	0.0006434285714285715	28.831298351287842	87662.41649222374
2497	1227.1723512692674	1008.41	63.958984375	0.21266943	0.00019298571428571424	0.0006432857142857143	28.854945421218872	87691.27298521996
2498	1248.4943621091836	1019.18	63.966796875	0.21264453	0.0001929428571428571	0.0006431428571428571	30.309611797332764	87721.58448624611
2499	1236.399004865188	1009.12	63.475341796875	0.21241444	0.0001929	0.000643	37.2548987865448	87758.84051418304
2500	1217.4531762852168	1004.28	63.23388671875	0.21219486	0.0001928571428571428	0.0006428571428571428	38.79444885253906	87797.63650035858
2501	1221.0423381564017	1001.31	63.74169921875	0.21215373	0.00019281428571428573	0.0006427142857142858	29.94877028465271	87827.59801077843
2502	1227.6336180740298	1007.98	63.49853515625	0.21214174	0.00019277142857142856	0.0006425714285714285	30.245303869247437	87857.84474086761
2503	1170.856494370709	968.35	63.50634765625	0.21212904	0.0001927285714285714	0.0006424285714285714	29.714906930923462	87887.56849884987
2504	1217.0056900534678	1003.83	63.7646484375	0.2121157	0.0001926857142857143	0.0006422857142857144	29.39974355697632	87916.96927523613
2505	1226.1019171636972	1006.32	64.022705078125	0.2120838	0.00019264285714285713	0.0006421428571428572	35.8703293800354	87952.8405175209
2506	1214.954433726082	1000.52	63.780517578125	0.211805	0.0001926	0.000642	37.187376499176025	87990.032497406
2507	1239.350201166265	1011.98	63.538330078125	0.21170658	0.00019255714285714286	0.0006418571428571429	37.2479932308197	88027.28207182884
2508	1188.9803361235076	974.2	63.545654296875	0.21155019	0.0001925142857142857	0.0006417142857142857	42.02881121635437	88069.32194042206
2509	1220.1052389312367	997.11	64.05419921875	0.21154852	0.00019247142857142856	0.0006415714285714286	30.03977680206299	88099.37683224678
2510	1175.8060667606192	967.75	64.06201171875	0.21154463	0.00019242857142857142	0.0006414285714285714	28.835420608520508	88128.21653485298
2511	1199.402260775332	984.51	63.56982421875	0.21116662	0.00019238571428571426	0.0006412857142857142	39.06760025024414	88167.29278349876
2512	1209.2643054713635	992.36	63.82666015625	0.21123703	0.00019234285714285712	0.0006411428571428572	37.588385820388794	88204.88258719444
2513	1237.4122001357025	1012.76	63.3349609375	0.2111137	0.00019229999999999999	0.0006410000000000001	39.52339744567871	88244.41648244858
2514	1220.892056052975	1002.9	63.343017578125	0.21105541	0.00019225714285714282	0.0006408571428571428	41.347485303878784	88285.78451538086
2515	1237.222563475204	1012.5	63.3515625	0.21091868	0.0001922142857142857	0.0006407142857142858	38.891865253448486	88324.69680571556
2516	1211.1061660474222	991.81	63.734619140625	0.21063316	0.00019217142857142855	0.0006405714285714286	39.83143854141235	88364.54047656059
2517	1244.7804370847425	1012.78	63.99169921875	0.210634	0.00019212857142857139	0.0006404285714285714	30.403087854385376	88394.95248746872
2518	1224.5951293447797	994.61	64.0	0.21056622	0.00019208571428571428	0.0006402857142857143	31.979516744613647	88426.933562994
2519	1238.302350582706	1006.44	64.5078125	0.2105543	0.00019204285714285711	0.0006401428571428571	29.235584020614624	88456.18449854851
2520	1242.3005547076523	1005.94	63.765380859375	0.21053976	0.00019199999999999998	0.00064	28.455386638641357	88484.64848184586
2521	1237.1504633351165	1009.23	64.273193359375	0.21019362	0.00019195714285714284	0.000639857142857143	36.626893281936646	88521.28399276733
2522	1237.6559579036727	1012.8	64.03076171875	0.21049583	0.00019191428571428568	0.0006397142857142857	39.435640811920166	88560.73676347733
2523	1225.70209184732	1004.99	63.7880859375	0.21022137	0.00019187142857142854	0.0006395714285714286	41.15788435935974	88601.90739417076
2524	1233.638520175896	1010.19	64.046875	0.21022421	0.00019182857142857143	0.0006394285714285715	38.67604184150696	88640.60049676895
2525	1218.5868299605445	997.83	64.0546875	0.21022557	0.00019178571428571424	0.0006392857142857142	29.102961540222168	88669.70449018478
2526	1237.9959602206495	1002.59	64.312255859375	0.21022473	0.00019174285714285713	0.0006391428571428571	29.67095136642456	88699.37649393082
2527	1228.1683272236578	999.22	64.320068359375	0.21008988	0.0001917	0.000639	38.30358076095581	88737.68851947784
2528	1237.9260340060493	1006.12	63.828125	0.21003509	0.0001916571428571428	0.0006388571428571428	29.902992010116577	88767.59650373459
2529	1229.360835435182	1003.42	64.335693359375	0.21001603	0.00019161428571428573	0.0006387142857142858	28.23896551132202	88795.83649945259
2530	1230.3713747015465	1007.9	64.09375	0.21000117	0.00019157142857142856	0.0006385714285714286	30.326153993606567	88826.17125606537
2531	1257.2246578977915	1019.27	64.10107421875	0.20998798	0.0001915285714285714	0.0006384285714285714	30.104018688201904	88856.29647803307
2532	1226.7718235888076	1004.32	64.1103515625	0.20997398	0.0001914857142857143	0.0006382857142857144	29.180320262908936	88885.4855234623
2533	1223.1014519045607	1011.41	64.3681640625	0.20996076	0.00019144285714285713	0.0006381428571428571	28.47510552406311	88913.97223305702
2534	1241.4689879876971	1024.0	64.126220703125	0.20979433	0.0001914	0.000638	37.842848777770996	88951.8164870739
2535	1224.763311158517	1008.3	64.38330078125	0.20980562	0.00019135714285714285	0.0006378571428571429	30.025554895401	88981.84302544594
2536	1228.7818970884164	1005.35	64.391845703125	0.20981883	0.0001913142857142857	0.0006377142857142857	28.319297313690186	89010.17648148537
2537	1250.6229648234535	1022.24	64.14990234375	0.20976907	0.00019127142857142855	0.0006375714285714285	37.037704944610596	89047.22277712822
2538	1230.1221331046765	1003.25	64.1572265625	0.20960115	0.00019122857142857142	0.0006374285714285714	38.02991008758545	89085.27093529701
2539	1239.119759340392	1018.24	64.66552734375	0.20958786	0.00019118571428571426	0.0006372857142857143	30.23928713798523	89115.52447652817
2540	1259.7313295592112	1024.0	64.1728515625	0.20958202	0.00019114285714285712	0.0006371428571428572	28.43501043319702	89143.9604985714
2541	1224.963254869315	1001.11	63.93115234375	0.20957498	0.00019109999999999998	0.000637	29.64941096305847	89173.61088895798
2542	1229.077323573666	1004.95	63.938232421875	0.20956595	0.00019105714285714282	0.0006368571428571428	29.197967052459717	89202.83088421822
2543	1207.942969541877	998.66	63.946044921875	0.20955765	0.0001910142857142857	0.0006367142857142858	28.20858931541443	89231.0575311184
2544	1225.9783847939848	1005.4	64.204833984375	0.20932756	0.00019097142857142855	0.0006365714285714286	36.21203875541687	89267.27080607414
2545	1228.0397440437803	1007.23	64.2119140625	0.20923251	0.0001909285714285714	0.0006364285714285714	39.21696209907532	89306.48884749413
2546	1243.8063933566366	1020.2	63.72021484375	0.20919855	0.00019088571428571428	0.0006362857142857143	29.793412446975708	89336.29447484016
2547	1222.1237032506165	1005.69	64.22802734375	0.20918523	0.0001908428571428571	0.0006361428571428571	28.66343355178833	89364.96849346161
2548	1200.610573628622	987.28	64.23583984375	0.20917499	0.00019079999999999998	0.0006360000000000001	30.225383281707764	89395.20653676987
2549	1234.749947331859	1013.37	64.243896484375	0.2091654	0.00019075714285714284	0.0006358571428571429	28.111879110336304	89423.33339738846
2550	1214.7699073270092	999.95	64.252197265625	0.20915832	0.00019071428571428568	0.0006357142857142857	28.73785638809204	89452.07249879837
2551	1243.3113649590123	1013.39	64.26025390625	0.20915194	0.00019067142857142854	0.0006355714285714286	29.151468992233276	89481.23250412941
2552	1212.3658222196627	994.05	64.26806640625	0.2089683	0.00019062857142857143	0.0006354285714285715	40.49087738990784	89521.7244822979
2553	1208.9803596637896	989.13	64.524169921875	0.20897065	0.00019058571428571424	0.0006352857142857142	28.767823219299316	89550.50087237358
2554	1216.4188615866233	1000.29	64.533203125	0.20897341	0.00019054285714285713	0.0006351428571428571	29.718267917633057	89580.22742938995
2555	1241.32215127268	1008.97	64.54150390625	0.20871226	0.0001905	0.000635	41.29487371444702	89621.53607320786
2556	1245.218736866581	1016.01	64.04931640625	0.208333	0.00019045714285714283	0.0006348571428571428	39.87623453140259	89661.42966151237
2557	1216.9112344414773	999.44	64.30712890625	0.20817079	0.00019041428571428572	0.0006347142857142858	35.77501845359802	89697.2204926014
2558	1246.3026154411427	1020.11	64.31396484375	0.20810531	0.00019037142857142856	0.0006345714285714286	40.34410285949707	89737.5845336914
2559	1259.0999204442371	1024.0	64.32275390625	0.20810409	0.00019032857142857142	0.0006344285714285715	30.283025979995728	89767.87651777267
2560	1214.425913670285	997.09	63.58837890625	0.20806797	0.0001902857142857143	0.0006342857142857144	45.09335803985596	89812.97097706795
2561	1224.1819524353664	1000.23	63.83837890625	0.20801319	0.00019024285714285712	0.0006341428571428571	41.26334190368652	89854.24884104729
2562	1242.8917051982191	1006.1	64.09619140625	0.20747809	0.0001902	0.000634	36.33420276641846	89890.58451986313
2563	1218.8787389059785	993.22	64.103271484375	0.2074877	0.00019015714285714285	0.0006338571428571429	28.804238319396973	89919.40132641792
2564	1234.4864368059625	1006.9	64.611572265625	0.20750152	0.0001901142857142857	0.0006337142857142857	28.55141282081604	89947.96448779106
2565	1235.4289167881816	1011.33	64.61962890625	0.20751409	0.00019007142857142855	0.0006335714285714285	29.143467903137207	89977.12048602104
2566	1202.9622913783567	984.04	64.378173828125	0.20752537	0.00019002857142857142	0.0006334285714285715	29.953247547149658	90007.09423494339
2567	1241.6816659901099	1009.27	64.39306640625	0.2074769	0.00018998571428571425	0.0006332857142857143	31.569801568984985	90038.67887163162
2568	1237.5463490059076	1006.06	64.89404296875	0.20746207	0.00018994285714285712	0.0006331428571428572	29.107629776000977	90067.79650640488
2569	1229.7444111573286	1001.92	64.65185546875	0.20744963	0.00018989999999999998	0.000633	28.540268898010254	90096.33855223656
2570	1243.1060160592685	1010.67	64.65966796875	0.20743634	0.00018985714285714282	0.0006328571428571428	29.44038438796997	90125.7805018425
2571	1223.9213605865539	991.01	64.66748046875	0.20742571	0.0001898142857142857	0.0006327142857142858	28.6664457321167	90154.44849419594
2572	1249.0037543990866	1024.0	64.175048828125	0.2074138	0.00018977142857142855	0.0006325714285714286	30.00910210609436	90184.4608206749
2573	1238.6879505440813	1012.97	64.181884765625	0.20740189	0.0001897285714285714	0.0006324285714285714	29.042593717575073	90213.50448393822
2574	1246.4344484045923	1013.6	64.44873046875	0.20739178	0.00018968571428571427	0.0006322857142857144	28.58257222175598	90242.0884988308
2575	1192.7142936875698	981.53	63.206298828125	0.20725222	0.0001896428571428571	0.0006321428571428572	36.806737422943115	90278.9116487503
2576	1242.91380162712	1016.56	64.70556640625	0.20715696	0.00018959999999999997	0.000632	36.44445180892944	90315.37287473679
2577	1212.1148059661741	994.65	64.963134765625	0.20716627	0.00018955714285714286	0.0006318571428571429	30.227406978607178	90345.60848784447
2578	1233.6363125201415	1018.16	64.47021484375	0.20716117	0.00018951428571428567	0.0006317142857142857	29.13465118408203	90374.74775242805
2579	1218.859782002438	997.54	64.72998046875	0.20715515	0.00018947142857142857	0.0006315714285714286	28.708269119262695	90403.47381949425
2580	1262.469659839383	1022.24	64.86279296875	0.20714857	0.00018942857142857143	0.0006314285714285714	28.794065475463867	90432.28301429749
2581	1250.8750409728918	1018.69	64.869873046875	0.20714082	0.00018938571428571424	0.0006312857142857142	29.127429008483887	90461.41650485992
2582	1206.1091730893568	993.92	64.629150390625	0.20711821	0.00018934285714285713	0.0006311428571428571	40.37941336631775	90501.8125026226
2583	1253.1471935784152	1018.21	64.63720703125	0.20705219	0.0001893	0.000631	37.94805073738098	90539.7764737606
2584	1247.5736258187576	1016.94	64.89453125	0.20703375	0.00018925714285714283	0.0006308571428571427	28.93953275680542	90568.73248720169
2585	1245.4012468308547	1015.29	64.90283203125	0.20702468	0.00018921428571428572	0.0006307142857142858	28.751375436782837	90597.49647951126
2586	1172.8873825339322	970.41	64.91015625	0.20701551	0.00018917142857142856	0.0006305714285714286	28.523436546325684	90626.02086138725
2587	1197.3401242648747	987.78	64.66748046875	0.20700704	0.00018912857142857142	0.0006304285714285715	29.194300174713135	90655.21649742126
2588	1224.6127445094817	1009.48	64.92626953125	0.20700152	0.00018908571428571429	0.0006302857142857143	29.07362961769104	90684.29111456871
2589	1248.0051701101188	1010.81	64.18408203125	0.20699745	0.00018904285714285712	0.0006301428571428571	28.80321717262268	90713.1084330082
2590	1219.9341370708921	1006.89	63.9482421875	0.2070154	0.00018899999999999999	0.00063	38.711594581604004	90751.83648467064
2591	1255.4054956960674	1020.19	65.198974609375	0.20693211	0.00018895714285714285	0.0006298571428571429	30.07340431213379	90781.9114575386
2592	1230.0018643576273	1008.89	64.707275390625	0.20692171	0.0001889142857142857	0.0006297142857142856	28.91140365600586	90810.8364868164
2593	1229.4359102181124	1009.42	64.46533203125	0.2069092	0.00018887142857142855	0.0006295714285714286	28.5980224609375	90839.43612766266
2594	1229.8087773639245	1016.18	64.97314453125	0.20689799	0.00018882857142857141	0.0006294285714285715	28.825623989105225	90868.26318597794
2595	1215.5450764728378	1004.63	64.980224609375	0.20688592	0.00018878571428571425	0.0006292857142857143	29.799433708190918	90898.07649850845
2596	1204.7553504912655	987.16	64.738525390625	0.20675297	0.00018874285714285714	0.0006291428571428572	37.22158360481262	90935.31801176071
2597	1199.4488155448048	987.9	64.99658203125	0.20675272	0.00018869999999999998	0.000629	28.4365234375	90963.75649833679
2598	1220.794686642489	1003.98	65.00537109375	0.20675218	0.00018865714285714282	0.0006288571428571428	28.859367847442627	90992.62848639488
2599	1237.8017963868815	1012.22	64.51318359375	0.20675254	0.0001886142857142857	0.0006287142857142858	29.652710676193237	91022.29381465912
2600	1244.282036181834	1017.35	64.278076171875	0.20674747	0.00018857142857142854	0.0006285714285714285	29.513582706451416	91051.80851244926
2601	1217.7628028742063	1007.08	64.528564453125	0.20673986	0.0001885285714285714	0.0006284285714285714	28.1240553855896	91079.93352770805
2602	1234.0661491469966	1013.26	65.03662109375	0.20673104	0.00018848571428571427	0.0006282857142857144	29.30095601081848	91109.2358314991
2603	1231.700184659124	1016.38	64.292724609375	0.20672452	0.0001884428571428571	0.0006281428571428572	30.131633281707764	91139.38448214531
2604	1231.5705212117457	1012.96	65.052001953125	0.20671757	0.00018839999999999997	0.000628	29.686516761779785	91169.07211923599
2605	1233.503821126641	1004.82	65.0595703125	0.20671214	0.00018835714285714286	0.0006278571428571429	30.043384075164795	91199.1285045147
2606	1174.1087224740504	973.09	64.567626953125	0.20670587	0.00018831428571428567	0.0006277142857142857	29.891299724578857	91229.03657841682
2607	1204.0111296113164	995.62	64.574951171875	0.20669787	0.00018827142857142856	0.0006275714285714286	28.88741159439087	91257.93649125099
2608	1241.9915506198492	1022.03	64.583251953125	0.20665063	0.00018822857142857143	0.0006274285714285714	29.515443325042725	91287.4605653286
2609	1252.8009941617977	1024.0	65.0908203125	0.20664333	0.00018818571428571426	0.0006272857142857142	29.249250173568726	91316.7271285057
2610	1220.2856808660024	1000.96	64.848876953125	0.20663266	0.00018814285714285715	0.0006271428571428573	29.03173327445984	91345.76048064232
2611	1229.6608182557327	1011.76	64.60693359375	0.20662183	0.0001881	0.0006270000000000001	28.335957765579224	91374.10482764244
2612	1224.8893456436213	1002.5	65.11474609375	0.20661128	0.00018805714285714283	0.0006268571428571428	28.735950231552124	91402.84180307388
2613	1230.2665950161252	1012.18	65.372314453125	0.2066012	0.00018801428571428572	0.0006267142857142858	29.239180088043213	91432.08209991455
2614	1230.9652931828693	1008.94	65.13037109375	0.20658849	0.00018797142857142856	0.0006265714285714286	28.266964435577393	91460.37585401535
2615	1217.1792927777874	997.61	63.646240234375	0.20636629	0.00018792857142857142	0.0006264285714285715	37.22570013999939	91497.62261128426
2616	1233.299357696124	1012.94	65.14501953125	0.20621234	0.00018788571428571428	0.0006262857142857143	36.48815560340881	91534.11618304253
2617	1226.2643075242152	1000.89	64.6533203125	0.20617236	0.00018784285714285712	0.0006261428571428571	37.41558623313904	91571.54865121841
2618	1239.268912299271	1010.64	64.911865234375	0.20615435	0.00018779999999999998	0.000626	29.997103452682495	91601.54684734344
2619	1234.9345013398267	1002.65	64.92041015625	0.20606796	0.00018775714285714285	0.000625857142857143	40.02786636352539	91641.58888983727
2620	1218.768580752831	999.8	65.17822265625	0.20606506	0.00018771428571428568	0.0006257142857142857	29.383188724517822	91670.98408865929
2621	1222.887195941605	1000.75	65.18603515625	0.20606197	0.00018767142857142855	0.0006255714285714286	28.52622365951538	91699.52327179909
2622	1226.587816178014	1006.83	65.19287109375	0.20605642	0.0001876285714285714	0.0006254285714285715	28.416982412338257	91727.95413661003
2623	1228.7642510950673	1006.95	63.959228515625	0.20605086	0.00018758571428571425	0.0006252857142857142	29.22764825820923	91757.19678282738
2624	1230.3625161089797	1007.44	65.208740234375	0.20604502	0.00018754285714285714	0.0006251428571428572	28.668704509735107	91785.8778116703
2625	1227.6960101233092	1004.69	64.717041015625	0.20603622	0.00018749999999999998	0.000625	28.729560136795044	91814.62267041206
2626	1236.3844626414125	998.52	63.732421875	0.20596741	0.0001874571428571428	0.0006248571428571428	37.448585987091064	91852.07280111313
2627	1225.4501411816577	1006.02	64.982177734375	0.20596914	0.0001874142857142857	0.0006247142857142858	28.88459801673889	91880.9710009098
2628	1243.949186658355	1006.78	64.990478515625	0.20597197	0.00018737142857142854	0.0006245714285714285	28.895772457122803	91909.88086247444
2629	1235.5127951814006	1006.29	64.998291015625	0.20588829	0.0001873285714285714	0.0006244285714285715	29.8316707611084	91939.72476291656
2630	1241.2059663621694	1018.25	64.763916015625	0.20587145	0.0001872857142857143	0.0006242857142857144	28.439406633377075	91968.1765320301
2631	1215.2911033334487	994.95	64.2646484375	0.205854	0.0001872428571428571	0.0006241428571428571	29.003113508224487	91997.19252634048
2632	1204.5143412600492	979.08	64.5302734375	0.2058367	0.0001872	0.000624	30.991331577301025	92028.18499469757
2633	1251.8154755593816	1021.09	64.7802734375	0.20582078	0.00018715714285714286	0.0006238571428571429	29.223843812942505	92057.4106695652
2634	1212.4338107847598	1004.81	64.7880859375	0.20577483	0.00018711428571428567	0.0006237142857142857	38.04338192939758	92095.46849417686
2635	1234.5641427686799	1012.36	65.0458984375	0.20577638	0.00018707142857142856	0.0006235714285714285	29.434484720230103	92124.90447807312
2636	1233.9626133986658	1012.43	65.30322265625	0.20577843	0.00018702857142857142	0.0006234285714285714	30.059661388397217	92154.97678494453
2637	1225.8388436852103	1005.28	63.819091796875	0.20567854	0.00018698571428571426	0.0006232857142857142	36.467437505722046	92191.46048426628
2638	1217.1735233043846	998.78	64.8193359375	0.20566483	0.00018694285714285715	0.0006231428571428573	29.90242624282837	92221.36449503899
2639	1183.286982350765	969.8	64.8271484375	0.20565724	0.0001869	0.000623	28.44110417366028	92249.80721497536
2640	1228.1061215212083	1006.79	65.334716796875	0.20565106	0.00018685714285714283	0.0006228571428571428	29.74508261680603	92279.5580136776
2641	1239.5916903020373	1018.18	64.5927734375	0.20564681	0.00018681428571428572	0.0006227142857142858	29.765553951263428	92309.32450437546
2642	1239.2724356742845	1022.66	65.349609375	0.20563899	0.00018677142857142855	0.0006225714285714286	28.627812385559082	92337.9647860527
2643	1222.731374810529	1006.75	63.865966796875	0.2053154	0.00018672857142857142	0.0006224285714285714	35.58736729621887	92373.56849265099
2644	1233.1837391436159	1008.51	65.264892578125	0.20532505	0.00018668571428571428	0.0006222857142857143	28.8065767288208	92402.37605071068
2645	1175.4758106953466	972.65	64.998046875	0.20532888	0.00018664285714285712	0.0006221428571428571	29.70098042488098	92432.08988165855
2646	1223.767507211593	1011.62	65.507080078125	0.20533127	0.00018659999999999998	0.000622	28.499382495880127	92460.60050153732
2647	1197.730450814268	986.28	65.51611328125	0.20533155	0.00018655714285714285	0.0006218571428571429	28.682942867279053	92489.28449749947
2648	1228.6673697926954	1016.38	65.271728515625	0.20533377	0.00018651428571428568	0.0006217142857142857	29.16601586341858	92518.452491045
2649	1229.996965223283	1012.5	65.53173828125	0.20533572	0.00018647142857142855	0.0006215714285714286	27.845186710357666	92546.31034469604
2650	1217.8606288438264	1009.18	65.038818359375	0.20533346	0.0001864285714285714	0.0006214285714285715	29.815378665924072	92576.14050412178
2651	1223.0597788459138	1006.76	65.046875	0.20533204	0.00018638571428571425	0.0006212857142857142	28.686291217803955	92604.83186912537
2652	1229.0215953986126	1018.05	64.80517578125	0.20532624	0.00018634285714285714	0.0006211428571428572	28.94305396080017	92633.77648854256
2653	1205.8366648465787	984.58	64.81298828125	0.20532067	0.00018629999999999997	0.000621	29.179009914398193	92662.95701599121
2654	1213.3651579807122	1000.14	65.570068359375	0.20531355	0.0001862571428571428	0.0006208571428571428	29.161438941955566	92692.13462114334
2655	1225.3557515969455	1010.53	65.578369140625	0.20530885	0.0001862142857142857	0.0006207142857142857	28.89324378967285	92721.02891659737
2656	1229.167291810083	1002.71	65.83642578125	0.20522527	0.00018617142857142854	0.0006205714285714286	30.26377296447754	92751.30488944054
2657	1217.6475429976763	999.56	65.34423828125	0.20521104	0.0001861285714285714	0.0006204285714285715	28.493258476257324	92779.79918026924
2658	1238.477385008315	1017.39	65.60205078125	0.2051958	0.0001860857142857143	0.0006202857142857144	28.95957112312317	92808.77250552177
2659	1244.572699118893	1022.34	66.35888671875	0.20518206	0.0001860428571428571	0.0006201428571428571	29.37862539291382	92838.16370129585
2660	1229.504795030266	1018.79	64.125	0.20502211	0.000186	0.00062	35.948036432266235	92874.12047481537
2661	1215.7456629322085	1003.55	65.37548828125	0.20502596	0.00018595714285714286	0.0006198571428571429	28.111357927322388	92902.24048185349
2662	1231.7598319930319	1016.8	65.38330078125	0.20502633	0.0001859142857142857	0.0006197142857142857	30.059179306030273	92932.30069851875
2663	1243.1425884463495	1018.97	65.149658203125	0.20464055	0.00018587142857142856	0.0006195714285714285	35.911587953567505	92968.22848033905
2664	1240.2332924913615	1016.42	65.64990234375	0.20463856	0.00018582857142857142	0.0006194285714285714	29.511601448059082	92997.7410929203
2665	1240.4658076261937	1014.39	65.15771484375	0.20463657	0.00018578571428571426	0.0006192857142857143	29.477392196655273	93027.23783230782
2666	1242.1662004351465	1014.77	65.66552734375	0.20463485	0.00018574285714285715	0.0006191428571428573	28.1353702545166	93055.38848423958
2667	1209.4299882364605	985.78	64.92333984375	0.20462912	0.0001857	0.000619	29.57858109474182	93084.96848297119
2668	1229.2463866629219	998.69	64.938720703125	0.20440279	0.00018565714285714285	0.0006188571428571429	36.17087721824646	93121.14048552513
2669	1258.919394067085	1024.0	65.68896484375	0.20440114	0.00018561428571428571	0.0006187142857142858	28.93263602256775	93150.07414650917
2670	1224.726551833829	998.75	65.69677734375	0.20439841	0.00018557142857142855	0.0006185714285714286	28.817184448242188	93178.89250779152
2671	1253.1058653725552	1016.08	65.20458984375	0.20437932	0.00018552857142857142	0.0006184285714285714	29.751402378082275	93208.65649461746
2672	1247.2027294147497	1013.43	64.719970703125	0.20437288	0.00018548571428571428	0.0006182857142857143	28.539206504821777	93237.20449852943
2673	1208.269909874046	982.25	65.47021484375	0.20436418	0.00018544285714285712	0.0006181428571428571	29.926795721054077	93267.14851641655
2674	1238.9073393964625	1005.37	65.72802734375	0.20435637	0.00018539999999999998	0.0006180000000000001	30.303296327590942	93297.4644870758
2675	1208.1313360871982	993.38	65.23583984375	0.20434667	0.00018535714285714284	0.0006178571428571429	30.099369287490845	93327.5764863491
2676	1218.5640843475458	1001.81	64.99365234375	0.20432861	0.00018531428571428568	0.0006177142857142857	29.22040581703186	93356.79794621468
2677	1227.506832670193	998.02	65.751220703125	0.204325	0.00018527142857142854	0.0006175714285714286	29.162758588790894	93385.97648453712
2678	1261.5955796069102	1024.0	65.759033203125	0.20432067	0.0001852285714285714	0.0006174285714285714	28.94650173187256	93414.92450237274
2679	1215.4881281425667	991.42	65.266845703125	0.20431603	0.00018518571428571424	0.0006172857142857142	28.4945707321167	93443.42048501968
2680	1244.354703322689	1014.94	65.775634765625	0.204311	0.00018514285714285714	0.0006171428571428572	28.917305946350098	93472.33921527863
2681	1253.9900927188196	1019.17	65.782958984375	0.20430507	0.00018509999999999997	0.000617	28.517953395843506	93500.85881757736
2682	1247.7736495091183	1016.23	65.791259765625	0.20429526	0.00018505714285714284	0.0006168571428571428	30.319459199905396	93531.1805036068
2683	1232.0100865710688	1006.79	64.79931640625	0.2042256	0.00018501428571428573	0.0006167142857142858	30.561904191970825	93561.76232933998
2684	1242.0552817619555	1008.98	65.80712890625	0.20421062	0.00018497142857142854	0.0006165714285714286	28.267366409301758	93590.0485022068
2685	1215.3785101239043	992.59	65.81494140625	0.20419504	0.00018492857142857143	0.0006164285714285715	28.542393684387207	93618.59248566628
2686	1237.959981454555	1001.16	65.572021484375	0.20418064	0.0001848857142857143	0.0006162857142857143	29.49055767059326	93648.08449482918
2687	1244.4065890821946	1012.55	65.330322265625	0.2041647	0.0001848428571428571	0.0006161428571428571	28.435547828674316	93676.52874708176
2688	1242.0858695140153	1010.56	65.33837890625	0.20390539	0.0001848	0.000616	36.678404808044434	93713.20851826668
2689	1270.8130673567098	1024.0	65.84619140625	0.20391417	0.00018475714285714286	0.0006158571428571429	28.294193506240845	93741.50380444527
2690	1242.8478051921143	1014.9	65.603271484375	0.20365079	0.0001847142857142857	0.0006157142857142856	37.74757957458496	93779.26448535919
2691	1250.286501098067	1014.52	64.619140625	0.2036633	0.00018467142857142856	0.0006155714285714285	40.15496301651001	93819.42050075531
2692	1239.0917270080288	1008.97	65.86962890625	0.20366347	0.00018462857142857142	0.0006154285714285715	30.01661252975464	93849.44579768181
2693	1234.5626842812128	1003.03	65.87744140625	0.20388703	0.00018458571428571426	0.0006152857142857143	36.65561866760254	93886.11605715752
2694	1239.6087204007006	1006.64	65.385498046875	0.20388359	0.00018454285714285715	0.0006151428571428572	29.480323553085327	93915.60542345047
2695	1211.107208158074	992.58	65.642333984375	0.20386495	0.00018449999999999999	0.000615	38.44798135757446	93954.06514430046
2696	1194.5573510593165	970.27	65.900390625	0.20386271	0.00018445714285714285	0.0006148571428571429	29.487478494644165	93983.56850743294
2697	1239.6515166575662	1012.11	65.15966796875	0.20355596	0.0001844142857142857	0.0006147142857142858	38.67853784561157	94022.24810242653
2698	1259.312798771465	1024.0	65.16748046875	0.20328732	0.00018437142857142855	0.0006145714285714285	36.8538134098053	94059.10363101959
2699	1243.7262685318437	1004.6	65.675048828125	0.20328708	0.0001843285714285714	0.0006144285714285714	29.57142996788025	94088.69650578499
2700	1220.2189311582522	1000.01	65.93310546875	0.20328699	0.00018428571428571428	0.0006142857142857143	28.560310125350952	94117.26938509941
2701	1250.4883794625428	1014.44	64.69873046875	0.20327167	0.00018424285714285711	0.0006141428571428572	30.091099500656128	94147.37623667717
2702	1238.4414060954036	999.66	64.456298828125	0.20323306	0.00018419999999999998	0.000614	30.359427452087402	94177.75248479843
2703	1251.0322927117081	1018.23	65.95654296875	0.20322318	0.00018415714285714284	0.0006138571428571429	29.298521280288696	94207.05249428749
2704	1233.6204087587512	1004.7	65.964111328125	0.20321459	0.00018411428571428568	0.0006137142857142857	28.559581518173218	94235.62067437172
2705	1250.0804523613567	1008.28	66.22998046875	0.20320596	0.00018407142857142854	0.0006135714285714286	28.298386573791504	94263.92047905922
2706	1216.2189843308004	985.76	65.9765625	0.2031964	0.0001840285714285714	0.0006134285714285714	29.707440853118896	94293.63649630547
2707	1221.0682195887323	990.85	65.98779296875	0.20318675	0.00018398571428571424	0.0006132857142857142	29.235047578811646	94322.87252235413
2708	1249.001515870555	1014.61	65.99658203125	0.20317996	0.00018394285714285713	0.0006131428571428572	29.83046054840088	94352.704474926
2709	1252.6491652896912	1014.99	66.256591796875	0.20317452	0.00018389999999999997	0.000613	30.223339796066284	94382.93650794029
2710	1254.09825406151	1014.27	64.52392578125	0.20313118	0.00018385714285714283	0.0006128571428571429	31.170440673828125	94414.10847902298
2711	1237.3004539127555	1002.8	66.026123046875	0.20312063	0.00018381428571428573	0.0006127142857142858	29.771363496780396	94443.89247179031
2712	1244.8712533446062	1012.33	66.035888671875	0.20311315	0.00018377142857142854	0.0006125714285714286	29.014455318450928	94472.90848207474
2713	1269.5148296634234	1024.0	65.54638671875	0.20310305	0.00018372857142857143	0.0006124285714285715	29.309924840927124	94502.21943283081
2714	1254.4525303499004	1014.4	66.056396484375	0.20309472	0.0001836857142857143	0.0006122857142857143	28.32748556137085	94530.54850673676
2715	1235.0276244315608	1002.78	66.065673828125	0.20308392	0.00018364285714285713	0.0006121428571428571	29.106383085250854	94559.65651154518
2716	1236.8713194053375	1008.59	66.075927734375	0.20307319	0.0001836	0.000612	28.6759614944458	94588.33345031738
2717	1232.0465150655552	997.43	66.3349609375	0.20287256	0.00018355714285714285	0.0006118571428571429	41.67931914329529	94630.02848029137
2718	1236.7612594905595	999.31	65.595458984375	0.20264395	0.0001835142857142857	0.0006117142857142856	38.506999254226685	94668.53650689125
2719	1251.02688107745	1018.85	65.355224609375	0.20249379	0.00018347142857142858	0.0006115714285714287	36.071587800979614	94704.61263799667
2720	1232.1483831924434	1003.78	65.120849609375	0.20249622	0.00018342857142857142	0.0006114285714285715	29.765273332595825	94734.37884926796
2721	1248.6173139349112	1018.46	65.624755859375	0.20251133	0.00018338571428571426	0.0006112857142857143	29.280517101287842	94763.66048383713
2722	1222.292655831926	992.02	66.1337890625	0.20251387	0.00018334285714285715	0.0006111428571428572	29.234543085098267	94792.8964805603
2723	1244.6836473196463	1002.74	66.39404296875	0.20251733	0.00018329999999999998	0.000611	30.13402819633484	94823.0315489769
2724	1244.0549061258089	1008.69	66.15283203125	0.20252083	0.00018325714285714285	0.0006108571428571429	29.235964059829712	94852.26885056496
2725	1256.1309393068796	1024.0	66.163818359375	0.20252113	0.0001832142857142857	0.0006107142857142858	29.172476291656494	94881.4496679306
2726	1257.375702384453	1020.97	65.922607421875	0.20251757	0.00018317142857142855	0.0006105714285714285	30.30136275291443	94911.75256752968
2727	1259.25972054876	1022.31	66.682861328125	0.20251346	0.0001831285714285714	0.0006104285714285714	30.143279314041138	94941.9165198803
2728	1228.529717327875	1000.49	66.19287109375	0.20250696	0.00018308571428571428	0.0006102857142857144	30.295785427093506	94972.22483706474
2729	1241.127361631516	1010.84	66.20263671875	0.20246941	0.0001830428571428571	0.0006101428571428571	30.997153997421265	95003.23025155067
2730	1256.628463367159	1018.27	66.21337890625	0.20245893	0.00018299999999999998	0.00061	30.432780265808105	95033.66448926926
2731	1249.595764591382	1008.66	66.22265625	0.20244794	0.00018295714285714284	0.0006098571428571429	30.11210608482361	95063.78513646126
2732	1226.1913124755097	1001.44	65.73291015625	0.20243394	0.00018291428571428568	0.0006097142857142857	30.00474977493286	95093.79122948647
2733	1239.7097040911806	1000.81	66.242919921875	0.20242046	0.00018287142857142857	0.0006095714285714286	29.296714067459106	95123.08931493759
2734	1236.8930671144378	1008.94	66.252685546875	0.20240569	0.0001828285714285714	0.0006094285714285714	28.350248098373413	95151.44049191475
2735	1244.8575673355313	1002.91	66.51220703125	0.20238931	0.00018278571428571424	0.0006092857142857142	29.223286390304565	95180.67647886276
2736	1220.3015481513548	993.49	66.019775390625	0.20225267	0.00018274285714285716	0.0006091428571428573	38.08487939834595	95218.77396726608
2737	1234.0270870035517	1002.8	65.531494140625	0.20225625	0.00018269999999999997	0.000609	38.52748465538025	95257.31253933907
2738	1256.438214804139	1012.59	65.048828125	0.20220685	0.00018265714285714286	0.0006088571428571429	29.61020064353943	95286.92448568344
2739	1244.3071520428537	1004.18	65.80078125	0.20219232	0.00018261428571428572	0.0006087142857142858	29.2025306224823	95316.12847876549
2740	1257.312143147186	1018.9	66.310302734375	0.20217852	0.00018257142857142853	0.0006085714285714286	29.09859609603882	95345.22849678993
2741	1251.6096450855728	1016.65	66.070556640625	0.20216282	0.00018252857142857142	0.0006084285714285714	28.80443048477173	95374.05685973167
2742	1201.935119075033	985.16	66.088134765625	0.20200773	0.0001824857142857143	0.0006082857142857143	30.143930673599243	95404.20244836807
2743	1230.7553932131643	1001.91	66.090087890625	0.2019885	0.00018244285714285712	0.0006081428571428571	28.43222689628601	95432.64929509163
2744	1235.6532498987472	1008.02	66.35009765625	0.20197205	0.0001824	0.000608	30.24339270591736	95462.90450525284
2745	1194.6823999532323	970.94	66.359375	0.20195685	0.00018235714285714285	0.0006078571428571428	29.83192539215088	95492.73818540573
2746	1244.5880050129238	1004.62	66.62060546875	0.20194376	0.0001823142857142857	0.0006077142857142856	29.050145387649536	95521.789342165
2747	1249.7164609759511	1013.18	66.3798828125	0.20192623	0.00018227142857142858	0.0006075714285714287	28.89985179901123	95550.69694876671
2748	1230.4245164145207	994.46	66.13916015625	0.20166336	0.00018222857142857142	0.0006074285714285715	40.39355731010437	95591.09248375893
2749	1254.2149068250378	1010.16	65.649658203125	0.20164151	0.00018218571428571425	0.0006072857142857142	30.259068489074707	95621.35255146027
2750	1225.776748700238	992.54	66.4091796875	0.20163836	0.00018214285714285714	0.0006071428571428572	29.11157751083374	95650.48449230194
2751	1265.433855627335	1020.21	65.91943359375	0.20163417	0.00018209999999999998	0.000607	29.022255182266235	95679.51531672478
2752	1254.9991401215852	1011.66	66.677490234375	0.20162742	0.00018205714285714284	0.0006068571428571429	28.576545476913452	95708.10948133469
2753	1220.104670374947	1002.09	66.18798828125	0.20161895	0.0001820142857142857	0.0006067142857142857	29.477542400360107	95737.58801221848
2754	1240.4345346951493	1008.74	65.6982421875	0.20144022	0.00018197142857142855	0.0006065714285714285	31.74350357055664	95769.33249926567
2755	1233.9431732581534	1007.09	66.45849609375	0.20141943	0.0001819285714285714	0.0006064285714285715	28.6836097240448	95798.02879953384
2756	1250.6694179838314	1016.2	65.718505859375	0.2013998	0.00018188571428571427	0.0006062857142857144	29.179367303848267	95827.2204861641
2757	1252.5177322259283	1012.47	66.478271484375	0.20114036	0.0001818428571428571	0.0006061428571428571	37.317481994628906	95864.55054807663
2758	1236.835000233628	1008.55	66.738037109375	0.20114528	0.00018179999999999997	0.000606	30.543627738952637	95895.10878777504
2759	1254.2361204387164	1010.26	66.4970703125	0.20114751	0.00018175714285714284	0.0006058571428571429	29.50469946861267	95924.61488890648
2760	1229.4537172421292	998.78	66.007568359375	0.20114772	0.00018171428571428567	0.0006057142857142857	28.484134674072266	95953.10049510002
2761	1230.194626269573	1003.45	66.017333984375	0.20095998	0.0001816714285714286	0.0006055714285714286	42.13143062591553	95995.23651361465
2762	1248.5760392542745	1012.71	66.027099609375	0.20096005	0.0001816285714285714	0.0006054285714285714	28.21906590461731	96023.45717763901
2763	1234.2418350688015	1008.43	66.037109375	0.20097427	0.00018158571428571424	0.0006052857142857142	38.36338949203491	96061.83248472214
2764	1236.778668524455	1004.46	66.047607421875	0.20099698	0.00018154285714285716	0.0006051428571428573	39.41466522216797	96101.2484805584
2765	1238.1745840358456	1012.4	66.307373046875	0.2009899	0.00018149999999999997	0.000605	41.63186025619507	96142.88194155693
2766	1232.5355566247736	1002.26	66.065673828125	0.20096141	0.00018145714285714286	0.0006048571428571429	31.763143301010132	96174.65251302719
2767	1248.1297749658388	1020.58	67.07666015625	0.2009574	0.00018141428571428572	0.0006047142857142858	30.122835159301758	96204.77643346786
2768	1225.8769845129405	997.36	66.585693359375	0.20095253	0.00018137142857142856	0.0006045714285714286	30.178210258483887	96234.96847939491
2769	1180.608715607542	967.63	66.845703125	0.20094769	0.00018132857142857142	0.0006044285714285714	28.94762659072876	96263.92852091789
2770	1231.5498340002673	1008.26	66.356201171875	0.20088834	0.00018128571428571429	0.0006042857142857143	29.51139521598816	96293.45249152184
2771	1201.8896566164715	985.14	66.115966796875	0.20086773	0.00018124285714285712	0.0006041428571428571	30.250503540039062	96323.71647834778
2772	1204.6040413232047	982.44	66.74853515625	0.20084693	0.00018119999999999999	0.000604	30.139005184173584	96353.85648941994
2773	1219.4366960595403	1007.16	66.505859375	0.2008257	0.00018115714285714285	0.0006038571428571429	28.947022914886475	96382.80450606346
2774	1211.6850666823882	994.78	66.7646484375	0.20080788	0.0001811142857142857	0.0006037142857142857	29.234281063079834	96412.04048728943
2775	1206.1943236995007	1005.09	66.5302734375	0.20079274	0.00018107142857142858	0.0006035714285714287	28.729695796966553	96440.7718038559
2776	1203.876336011823	987.74	66.2802734375	0.20077866	0.00018102857142857141	0.0006034285714285715	29.453850746154785	96470.23899054527
2777	1235.3447979273806	1008.62	66.78662109375	0.20056824	0.00018098571428571425	0.0006032857142857142	41.98741364479065	96512.24449443817
2778	1219.7313169503132	1004.66	66.79638671875	0.20056958	0.00018094285714285714	0.0006031428571428572	28.77914023399353	96541.02471137047
2779	1214.6293723934784	1002.25	66.80517578125	0.20057158	0.00018089999999999998	0.000603	28.7672176361084	96569.79297590256
2780	1197.144501996252	986.24	66.31298828125	0.20057453	0.00018085714285714284	0.0006028571428571428	39.127593994140625	96608.9364836216
2781	1214.790781876578	999.32	66.32080078125	0.20028703	0.0001808142857142857	0.0006027142857142857	36.403717279434204	96645.348798275
2782	1213.1686950346777	1001.28	66.575927734375	0.20013128	0.00018077142857142854	0.0006025714285714286	37.91432476043701	96683.2645175457
2783	1226.823966612622	1009.99	65.343994140625	0.20019525	0.0001807285714285714	0.0006024285714285715	40.36201620101929	96723.62917804718
2784	1210.9437692468493	995.5	65.351806640625	0.20030348	0.00018068571428571427	0.0006022857142857143	37.825950384140015	96761.45654249191
2785	1193.9038022308314	982.21	66.3505859375	0.20024411	0.0001806428571428571	0.0006021428571428571	36.89914059638977	96798.3605017662
2786	1182.8154775770565	960.82	66.110107421875	0.20023815	0.00018059999999999997	0.000602	28.951407194137573	96827.31650495529
2787	1230.8942095199363	1002.82	66.61669921875	0.19982308	0.00018055714285714284	0.0006018571428571429	38.222413778305054	96865.5405702591
2788	1202.6988872198788	993.97	66.37548828125	0.19982444	0.00018051428571428567	0.0006017142857142856	29.980111360549927	96895.52208685875
2789	1210.2398721662107	992.82	66.88232421875	0.19981925	0.0001804714285714286	0.0006015714285714286	29.989563465118408	96925.51275205612
2790	1219.5951245908943	1000.46	66.89111328125	0.19981456	0.0001804285714285714	0.0006014285714285714	29.09188199043274	96954.6061604023
2791	1186.7632783036884	973.6	67.148193359375	0.19981112	0.0001803857142857143	0.0006012857142857144	28.891427516937256	96983.50850343704
2792	1213.572274794288	996.3	66.906494140625	0.1998065	0.00018034285714285715	0.0006011428571428572	29.09904193878174	97012.60859537125
2793	1181.3845571718775	972.68	65.91455078125	0.19969107	0.00018029999999999996	0.000601	38.606263875961304	97051.23133420944
2794	1188.2345240355253	977.13	66.92236328125	0.19968994	0.00018025714285714286	0.0006008571428571429	28.491127014160156	97079.73649263382
2795	1205.9429552849592	985.23	66.93115234375	0.19968657	0.00018021428571428572	0.0006007142857142858	29.39619755744934	97109.1412012577
2796	1207.0169261881995	995.94	66.438232421875	0.19968383	0.00018017142857142856	0.0006005714285714285	30.03418493270874	97139.17677330971
2797	1218.8691937629796	990.38	66.69677734375	0.19968207	0.00018012857142857142	0.0006004285714285714	29.3077290058136	97168.50480413437
2798	1228.3218135659795	998.68	65.462158203125	0.19965233	0.00018008571428571428	0.0006002857142857143	29.389698266983032	97197.89897942543
2799	1225.8035145742747	1003.02	66.96240234375	0.19964631	0.00018004285714285712	0.0006001428571428571	28.595576524734497	97226.51247859001
2800	1209.9791357852641	989.59	66.969482421875	0.19964187	0.00017999999999999998	0.0006	30.115350246429443	97256.64448237419
2801	1228.2066917722727	1005.0	67.72802734375	0.19963877	0.00017995714285714285	0.0005998571428571429	29.74639081954956	97286.39251685143
2802	1217.453239246132	1003.0	66.73583984375	0.19963472	0.00017991428571428568	0.0005997142857142857	29.554420471191406	97315.94851779938
2803	1188.159345488446	974.54	66.49365234375	0.19951743	0.00017987142857142858	0.0005995714285714287	39.615145683288574	97355.57648515701
2804	1236.6503120100451	1014.83	66.751708984375	0.19947048	0.0001798285714285714	0.0005994285714285714	40.49876666069031	97396.07650876045
2805	1216.2083882242985	997.07	66.506591796875	0.19920017	0.00017978571428571428	0.0005992857142857143	39.721357107162476	97435.81380009651
2806	1197.4696781121027	986.13	66.76708984375	0.1992089	0.00017974285714285714	0.0005991428571428572	44.37290024757385	97480.18859052658
2807	1249.248561776587	1014.91	67.27490234375	0.1992086	0.00017969999999999998	0.000599	28.623176097869873	97508.82490968704
2808	1201.3694514775473	980.0	67.03271484375	0.19920987	0.00017965714285714284	0.0005988571428571428	28.75564217567444	97537.59651112556
2809	1213.737581225179	990.34	66.78955078125	0.19908632	0.0001796142857142857	0.0005987142857142858	41.24960136413574	97578.85867547989
2810	1231.1904387026436	1002.85	66.298095703125	0.19902815	0.00017957142857142854	0.0005985714285714286	30.96420931816101	97609.82449269295
2811	1252.9407921851885	1015.18	67.5556640625	0.19902126	0.0001795285714285714	0.0005984285714285715	28.48736572265625	97638.32049918175
2812	1234.4706126535054	1009.36	66.072509765625	0.19901486	0.00017948571428571427	0.0005982857142857143	28.350825786590576	97666.67249131203
2813	1226.3659829025391	1008.48	66.821533203125	0.19893545	0.0001794428571428571	0.0005981428571428571	38.10690259933472	97704.78852915764
2814	1230.3747459045667	1002.46	66.82958984375	0.19893886	0.00017939999999999997	0.000598	29.45536518096924	97734.24848628044
2815	1211.097658909209	994.64	66.587890625	0.19894193	0.00017935714285714283	0.0005978571428571429	46.01495289802551	97780.26452541351
2816	1212.8883378035478	993.01	65.853759765625	0.1989278	0.00017931428571428567	0.0005977142857142856	42.89854025840759	97823.16456770897
2817	1233.5617848615261	1008.72	67.103759765625	0.19886597	0.0001792714285714286	0.0005975714285714286	40.34247350692749	97863.50882816315
2818	1220.325324610599	1005.17	66.36181640625	0.19861577	0.0001792285714285714	0.0005974285714285715	40.809489488601685	97904.33097100258
2819	1222.5248314084324	1003.22	66.618896484375	0.1986156	0.0001791857142857143	0.0005972857142857144	29.927494525909424	97934.26454520226
2820	1225.6087881991446	1002.58	66.877197265625	0.19861275	0.00017914285714285715	0.0005971428571428572	28.831329822540283	97963.10048222542
2821	1225.2820615855035	999.54	67.135009765625	0.19861133	0.0001791	0.000597	28.60143780708313	97991.70337414742
2822	1215.7263320568347	987.12	67.142822265625	0.19860749	0.00017905714285714285	0.0005968571428571429	29.002328395843506	98020.71944475174
2823	1225.9524168324422	1001.84	66.648681640625	0.19860357	0.00017901428571428572	0.0005967142857142858	29.279755353927612	98050.02473068237
2824	1258.3153152714629	1012.05	67.158203125	0.19860117	0.00017897142857142855	0.0005965714285714285	28.367919921875	98078.40884160995
2825	1217.7718440415615	992.74	66.916748046875	0.19859602	0.00017892857142857142	0.0005964285714285714	28.671905994415283	98107.09705662727
2826	1239.0568847047225	1012.89	67.173828125	0.19859083	0.00017888571428571428	0.0005962857142857143	28.551653623580933	98135.66473293304
2827	1218.3769843250936	995.14	66.431884765625	0.19833118	0.00017884285714285712	0.0005961428571428572	44.14758253097534	98179.8325047493
2828	1181.7654606042627	964.21	66.197998046875	0.19832337	0.00017879999999999998	0.000596	30.900530338287354	98210.73443102837
2829	1236.528645497342	997.99	67.198486328125	0.19831747	0.00017875714285714285	0.0005958571428571429	30.364718675613403	98241.10048913956
2830	1213.7158208716037	989.51	67.20654296875	0.19831227	0.00017871428571428568	0.0005957142857142857	28.518142223358154	98269.63150405884
2831	1254.0653383856888	1012.17	67.21435546875	0.19830407	0.00017867142857142857	0.0005955714285714287	28.25186824798584	98297.88485217094
2832	1244.1534750908777	1001.55	67.220703125	0.19829609	0.0001786285714285714	0.0005954285714285714	28.72643256187439	98326.61284852028
2833	1260.5804408195402	1016.71	66.487060546875	0.19828844	0.00017858571428571427	0.0005952857142857143	29.239044666290283	98355.8537003994
2834	1228.3360890286444	992.92	66.737548828125	0.19828041	0.00017854285714285714	0.0005951428571428572	28.63560390472412	98384.50450444221
2835	1238.0604089954593	997.48	67.492919921875	0.19822992	0.00017849999999999997	0.0005949999999999999	29.97835397720337	98414.48448491096
2836	1224.3451069141136	987.47	67.128173828125	0.19817488	0.00017845714285714284	0.0005948571428571428	30.95028066635132	98445.44737434387
2837	1267.5814947316587	1020.24	67.13525390625	0.19816737	0.0001784142857142857	0.0005947142857142858	29.68235421180725	98475.13166093826
2838	1251.9646134527904	1010.67	67.393798828125	0.19815956	0.00017837142857142854	0.0005945714285714286	28.63143229484558	98503.77648425102
2839	1236.0676739646838	1002.65	67.151611328125	0.19814901	0.0001783285714285714	0.0005944285714285714	28.5035343170166	98532.2884862423
2840	1253.024554413994	1013.69	67.409423828125	0.19814081	0.00017828571428571427	0.0005942857142857143	28.126912355422974	98560.4169125557
2841	1228.6190512101366	997.71	67.417236328125	0.19813181	0.0001782428571428571	0.0005941428571428571	30.085960149765015	98590.504529953
2842	1268.655483805087	1024.0	67.174560546875	0.19802622	0.00017819999999999997	0.000594	45.05144739151001	98635.56471991539
2843	1251.822176804453	1008.51	66.93310546875	0.19785845	0.00017815714285714283	0.0005938571428571428	30.646128177642822	98666.21289277077
2844	1190.7358948584836	975.35	67.44091796875	0.19783896	0.00017811428571428567	0.0005937142857142856	28.74434781074524	98694.96949982643
2845	1250.4266366491738	1006.51	67.44921875	0.19781797	0.00017807142857142859	0.0005935714285714287	29.986300468444824	98724.9707262516
2846	1216.6813710116762	987.3	65.964599609375	0.19774961	0.0001780285714285714	0.0005934285714285715	44.027992725372314	98769.01294398308
2847	1226.5071331469842	997.41	67.21484375	0.19779645	0.0001779857142857143	0.0005932857142857143	44.15880608558655	98813.1884393692
2848	1247.5308335874445	1005.69	67.22265625	0.19777834	0.00017794285714285715	0.0005931428571428572	31.478410959243774	98844.67584681511
2849	1199.7713117090811	981.38	67.48046875	0.19777274	0.0001779	0.000593	30.062724828720093	98874.7405204773
2850	1194.5120700973928	973.71	67.48828125	0.19776736	0.00017785714285714285	0.0005928571428571429	29.239840984344482	98903.99280548096
2851	1250.722540150783	1014.85	67.24560546875	0.19776155	0.00017781428571428572	0.0005927142857142857	30.149210453033447	98934.15457057953
2852	1257.2095865608574	1019.31	66.75390625	0.19775659	0.00017777142857142855	0.0005925714285714285	29.351287603378296	98963.51650190353
2853	1246.966427316737	1015.54	67.51171875	0.19760741	0.00017772857142857142	0.0005924285714285714	45.1465380191803	99008.66450285912
2854	1216.7401887886774	994.52	67.26953125	0.1975256	0.00017768571428571428	0.0005922857142857144	40.4386990070343	99049.10450196266
2855	1243.7321854050754	1020.1	67.027099609375	0.19737537	0.00017764285714285712	0.000592142857142857	32.26327061653137	99081.37650108337
2856	1252.8074828250171	1018.15	67.284912109375	0.19734503	0.0001776	0.0005920000000000001	29.154960870742798	99110.53277420998
2857	1234.5269672348784	1008.48	67.54296875	0.19732048	0.00017755714285714284	0.0005918571428571429	28.74730348587036	99139.29249691963
2858	1205.034241454874	986.75	68.05078125	0.19729936	0.00017751428571428568	0.0005917142857142857	28.607546091079712	99167.9045727253
2859	1214.7681386443726	988.11	66.066162109375	0.1971177	0.00017747142857142857	0.0005915714285714286	45.774895668029785	99213.6805510521
2860	1228.3267737085198	1004.67	67.316162109375	0.19671535	0.0001774285714285714	0.0005914285714285714	43.717246770858765	99257.41413998604
2861	1203.5813000076641	978.07	67.075439453125	0.1966958	0.00017738571428571427	0.0005912857142857143	45.77581524848938	99303.20477128029
2862	1223.4934594187441	1002.31	67.333251953125	0.19652607	0.00017734285714285714	0.0005911428571428572	38.84083294868469	99342.05819964409
2863	1243.4347504859086	1010.41	67.091064453125	0.19634278	0.00017729999999999997	0.0005909999999999999	39.35283923149109	99381.41249108315
2864	1228.0732521142274	1003.74	66.848876953125	0.19632764	0.00017725714285714284	0.0005908571428571429	30.203192234039307	99411.61963701248
2865	1207.4566229867282	985.13	67.1064453125	0.19618438	0.0001772142857142857	0.0005907142857142858	44.7594256401062	99456.39250707626
2866	1230.9277052467735	991.91	66.864501953125	0.19587266	0.00017717142857142854	0.0005905714285714286	36.89464044570923	99493.28902387619
2867	1228.087159817539	998.89	67.372314453125	0.19579796	0.0001771285714285714	0.0005904285714285714	39.84898066520691	99533.139336586
2868	1225.7273748800005	998.64	68.130126953125	0.19575685	0.00017708571428571426	0.0005902857142857143	30.155470848083496	99563.30851912498
2869	1234.2801823790674	1002.12	67.63720703125	0.19575022	0.0001770428571428571	0.0005901428571428571	28.938859939575195	99592.26377677917
2870	1245.8318875488733	1006.58	67.644287109375	0.19574018	0.00017700000000000002	0.0005900000000000001	28.763408422470093	99621.02878022194
2871	1233.562246119006	1005.08	67.403564453125	0.19561534	0.00017695714285714283	0.0005898571428571428	42.454800605773926	99663.49649095535
2872	1218.5983583653997	993.47	66.911376953125	0.19557172	0.00017691428571428567	0.0005897142857142856	38.662095069885254	99702.16053771973
2873	1254.3671629951189	1014.48	67.16845703125	0.19540052	0.00017687142857142858	0.0005895714285714287	40.51514148712158	99742.67677259445
2874	1212.7819101741202	985.15	67.1767578125	0.19532555	0.00017682857142857142	0.0005894285714285715	40.83545112609863	99783.52459096909
2875	1226.754991146955	1004.52	66.442138671875	0.19529612	0.00017678571428571428	0.0005892857142857143	30.715330362319946	99814.26048707962
2876	1234.3082650706822	1001.64	67.6923828125	0.19528325	0.00017674285714285715	0.0005891428571428572	28.05363392829895	99842.3167142868
2877	1240.1192350194783	994.91	67.701171875	0.19527297	0.00017669999999999999	0.000589	29.348628044128418	99871.66712641716
2878	1235.3947358058251	997.03	66.958740234375	0.19526316	0.00017665714285714285	0.0005888571428571429	29.410536289215088	99901.09148573875
2879	1244.3922076545332	1005.71	67.716552734375	0.19525254	0.0001766142857142857	0.0005887142857142857	29.07943344116211	99930.18448615074
2880	1255.3423708801763	1010.58	67.224853515625	0.19524445	0.00017657142857142855	0.0005885714285714285	28.901113748550415	99959.09820246696
2881	1232.4719953387346	1001.05	67.23291015625	0.19523449	0.00017652857142857141	0.0005884285714285715	29.376140594482422	99988.47683978081
2882	1220.9036501702321	989.08	67.490478515625	0.19507228	0.00017648571428571428	0.0005882857142857144	45.27939200401306	100033.76847672462
2883	1218.413106657021	991.58	66.25341796875	0.19492793	0.00017644285714285711	0.0005881428571428571	43.75948691368103	100077.53022956848
2884	1240.9566327870918	1011.24	67.255859375	0.19492738	0.0001764	0.0005880000000000001	28.68082618713379	100106.21248936653
2885	1249.8173681737214	1010.48	67.513671875	0.19498284	0.00017635714285714284	0.0005878571428571429	41.93116116523743	100148.14515304565
2886	1241.9428358726827	1004.71	66.771484375	0.19490014	0.00017631428571428568	0.0005877142857142856	42.28682017326355	100190.43345928192
2887	1241.0696134192933	1004.64	67.029052734375	0.19475321	0.00017627142857142857	0.0005875714285714286	39.376909255981445	100229.81248378754
2888	1241.166819591151	999.45	67.286865234375	0.19455905	0.0001762285714285714	0.0005874285714285714	41.901041984558105	100271.71548986435
2889	1249.1861552071873	1007.54	67.045166015625	0.19435437	0.00017618571428571427	0.0005872857142857143	40.139841079711914	100311.8568713665
2890	1239.0324466619907	1003.11	67.552978515625	0.19416259	0.00017614285714285713	0.0005871428571428571	37.06069993972778	100348.91915845871
2891	1264.5967825422008	1016.79	68.310791015625	0.19416736	0.00017609999999999997	0.000587	30.139179468154907	100379.07248830795
2892	1250.9977109453391	1010.62	67.818115234375	0.19410641	0.00017605714285714283	0.0005868571428571429	31.748700857162476	100410.82287693024
2893	1271.4850664110156	1022.1	67.326416015625	0.19409434	0.0001760142857142857	0.0005867142857142858	28.58355712890625	100439.4207854271
2894	1257.8083675139912	1016.19	67.3349609375	0.19407976	0.00017597142857142854	0.0005865714285714285	29.166553258895874	100468.5884885788
2895	1273.4368764255194	1024.0	67.842041015625	0.19406354	0.0001759285714285714	0.0005864285714285714	28.802974700927734	100497.39264535904
2896	1231.9067902697539	989.09	68.099853515625	0.19404697	0.00017588571428571426	0.0005862857142857143	28.678088903427124	100526.07251143456
2897	1200.5786150647002	980.52	66.86474609375	0.19396627	0.0001758428571428571	0.0005861428571428571	43.951374769210815	100570.0365228653
2898	1271.0614373433273	1015.0	67.8662109375	0.1938924	0.00017580000000000002	0.000586	32.12671136856079	100602.16494750977
2899	1252.9569994516628	1003.15	67.873046875	0.19387491	0.00017575714285714283	0.0005858571428571428	29.245864391326904	100631.41249465942
2900	1239.9869566195903	1001.26	68.0068359375	0.19385542	0.00017571428571428566	0.0005857142857142857	28.342417001724243	100659.75649476051
2901	1227.0345917003185	993.18	67.764892578125	0.19383883	0.00017567142857142858	0.0005855714285714287	29.456829071044922	100689.21447229385
2902	1257.5399371328222	1016.4	68.52197265625	0.19382352	0.00017562857142857142	0.0005854285714285714	29.847403526306152	100719.08430171013
2903	1250.4130949480468	1004.98	68.030029296875	0.19375853	0.00017558571428571428	0.0005852857142857143	29.844958305358887	100748.9493920803
2904	1264.8096508559593	1018.47	67.2880859375	0.19374691	0.00017554285714285715	0.0005851428571428572	30.39692735671997	100779.36451768875
2905	1264.3892764566806	1012.89	68.0458984375	0.19373651	0.00017549999999999998	0.000585	30.074668169021606	100809.44048118591
2906	1256.957795839369	1017.15	67.80322265625	0.19372247	0.00017545714285714285	0.0005848571428571428	30.299215078353882	100839.75648641586
2907	1228.6896505013115	989.53	68.061279296875	0.19371045	0.0001754142857142857	0.0005847142857142857	29.224247694015503	100868.98215508461
2908	1263.2534038225754	1012.73	67.5693359375	0.19369735	0.00017537142857142855	0.0005845714285714285	29.955626964569092	100898.95256900787
2909	1223.1040503359031	989.78	68.0771484375	0.19350027	0.0001753285714285714	0.0005844285714285715	42.27556610107422	100941.24851894379
2910	1208.682717063031	979.29	67.0859375	0.19350086	0.00017528571428571428	0.0005842857142857143	30.042126417160034	100971.29246687889
2911	1231.6158762074624	991.5	67.593505859375	0.19349937	0.0001752428571428571	0.0005841428571428571	30.56294536590576	101001.86849856377
2912	1245.6442313502357	1006.28	67.851806640625	0.19349462	0.0001752	0.0005840000000000001	28.455240726470947	101030.32533597946
2913	1249.3791279631023	1012.57	68.10986328125	0.19349062	0.00017515714285714284	0.0005838571428571429	29.183448791503906	101059.52447724342
2914	1208.725502150635	983.14	68.11767578125	0.19351058	0.0001751142857142857	0.0005837142857142857	29.756294012069702	101089.30121684074
2915	1241.5164138148702	1001.24	67.624755859375	0.1935187	0.00017507142857142857	0.0005835714285714286	29.06230616569519	101118.36512541771
2916	1243.0292448063276	1009.5	67.883056640625	0.19352417	0.0001750285714285714	0.0005834285714285714	28.53116726875305	101146.91249871254
2917	1257.9552942384364	1018.39	67.640869140625	0.19326687	0.00017498571428571427	0.0005832857142857144	38.63473176956177	101185.56052088737
2918	1254.3912308467497	1019.21	67.8984375	0.1932468	0.00017494285714285713	0.0005831428571428572	38.82682132720947	101224.38885903358
2919	1225.3678231189378	989.13	67.406005859375	0.19302191	0.00017489999999999997	0.000583	30.998120546340942	101255.38850450516
2920	1254.1277129341092	1012.67	68.16357421875	0.1929952	0.00017485714285714283	0.0005828571428571429	29.034929513931274	101284.42452812195
2921	1254.409264509595	1004.75	68.17138671875	0.19297402	0.0001748142857142857	0.0005827142857142858	29.16705560684204	101313.593116045
2922	1241.5671225970282	1004.8	67.9296875	0.19295372	0.00017477142857142853	0.0005825714285714285	28.911392211914062	101342.50587487221
2923	1242.9264734887024	1002.48	68.18505859375	0.19293427	0.0001747285714285714	0.0005824285714285714	28.646852493286133	101371.15424633026
2924	1228.873858944943	985.82	67.69482421875	0.19273053	0.00017468571428571426	0.0005822857142857143	31.207395792007446	101402.3764898777
2925	1248.1429932719004	998.6	67.703125	0.1927213	0.0001746428571428571	0.0005821428571428571	28.734479188919067	101431.11249566078
2926	1255.6792770019176	1009.21	67.7109375	0.19271143	0.00017460000000000002	0.000582	28.994810342788696	101460.11994409561
2927	1230.2456116625408	991.51	67.9697265625	0.19270234	0.00017455714285714285	0.0005818571428571429	28.987406015396118	101489.12450242043
2928	1237.1364798230138	986.13	67.9775390625	0.19262749	0.00017451428571428572	0.0005817142857142858	36.92338943481445	101526.06051135063
2929	1254.0983845102655	1010.44	67.49267578125	0.19263099	0.00017447142857142858	0.0005815714285714287	29.108277559280396	101555.18176221848
2930	1220.7118000474966	985.83	68.2431640625	0.19263284	0.00017442857142857142	0.0005814285714285714	28.880815744400024	101584.06451129913
2931	1241.3627103468561	1000.08	68.0009765625	0.19263156	0.00017438571428571428	0.0005812857142857143	29.14724373817444	101613.22453188896
2932	1242.2868078813817	999.31	68.009033203125	0.19271266	0.00017434285714285714	0.0005811428571428572	37.0743625164032	101650.31177043915
2933	1247.1179525286334	1006.67	67.2666015625	0.19257496	0.00017429999999999998	0.0005809999999999999	35.47098445892334	101685.78487181664
2934	1234.695975686459	993.0	68.024658203125	0.19250794	0.00017425714285714285	0.0005808571428571428	30.60678195953369	101716.39369654655
2935	1232.6604620843268	997.67	68.282470703125	0.19249433	0.0001742142857142857	0.0005807142857142858	29.08296298980713	101745.47806429863
2936	1217.9868477279983	980.82	68.790283203125	0.1924796	0.00017417142857142855	0.0005805714285714286	28.26473617553711	101773.74449706078
2937	1196.6693051330972	965.46	68.298095703125	0.19246669	0.0001741285714285714	0.0005804285714285714	28.218990325927734	101801.96447658539
2938	1255.0163264051757	1006.92	68.305419921875	0.1924534	0.00017408571428571427	0.0005802857142857143	30.343326330184937	101832.32049679756
2939	1256.0800686862137	1012.12	68.063720703125	0.19250597	0.0001740428571428571	0.0005801428571428571	39.40199947357178	101871.72448325157
2940	1267.6345169835358	1016.64	68.071533203125	0.19248663	0.000174	0.0005800000000000001	30.10889434814453	101901.84209728241
2941	1245.1876585716795	1000.85	68.0791015625	0.19241965	0.00017395714285714284	0.0005798571428571428	45.93264985084534	101947.7765045166
2942	1245.4758631216366	998.67	68.33642578125	0.19209887	0.0001739142857142857	0.0005797142857142857	38.2919135093689	101986.08117008209
2943	1229.7025069827544	987.3	67.8447265625	0.1921051	0.00017387142857142857	0.0005795714285714286	29.995545148849487	102016.08864951134
2944	1256.2226917913003	1011.44	67.853515625	0.19201909	0.0001738285714285714	0.0005794285714285714	37.87535738945007	102053.98054862022
2945	1258.7907319407645	1013.08	68.111328125	0.19202138	0.00017378571428571427	0.0005792857142857143	28.721883058547974	102082.70450568199
2946	1250.5849860947142	1014.62	68.119140625	0.19202466	0.00017374285714285713	0.0005791428571428572	30.412785053253174	102113.12588071823
2947	1235.3425470236157	992.68	68.376708984375	0.19202507	0.00017369999999999997	0.000579	29.77995777130127	102142.91707205772
2948	1262.0247682044405	1015.48	67.885009765625	0.1920246	0.00017365714285714283	0.0005788571428571429	30.319413423538208	102173.2484805584
2949	1276.741196821026	1023.16	67.64306640625	0.19199081	0.0001736142857142857	0.0005787142857142857	30.57372784614563	102203.82404708862
2950	1264.684751908513	1011.75	67.15869140625	0.19190414	0.00017357142857142853	0.0005785714285714285	38.17812204360962	102242.01518726349
2951	1243.0922249391417	999.07	67.658447265625	0.19178218	0.0001735285714285714	0.0005784285714285714	40.89938688278198	102282.93253660202
2952	1236.9994523377654	992.74	68.91650390625	0.19157358	0.00017348571428571429	0.0005782857142857143	41.56264281272888	102324.49653816223
2953	1244.785802748844	1003.83	68.17431640625	0.19151814	0.0001734428571428571	0.000578142857142857	39.347307205200195	102363.85650014877
2954	1231.6296964587525	989.24	66.938720703125	0.19145238	0.0001734	0.0005780000000000001	30.678421020507812	102394.53647232056
2955	1235.6479884926778	995.52	68.43896484375	0.19143969	0.00017335714285714285	0.0005778571428571429	28.887405157089233	102423.42549967766
2956	1256.1930639826141	1008.14	68.447509765625	0.1914264	0.00017331428571428571	0.0005777142857142858	30.639404773712158	102454.07649421692
2957	1230.198870500338	989.77	67.95556640625	0.19141519	0.00017327142857142858	0.0005775714285714286	29.418887615203857	102483.49652266502
2958	1271.2782070187145	1011.0	67.712890625	0.19139934	0.00017322857142857141	0.0005774285714285714	29.27035665512085	102512.76848268509
2959	1281.29186871913	1019.27	68.220703125	0.19139302	0.00017318571428571428	0.0005772857142857143	29.2034809589386	102541.9805161953
2960	1271.0715001512692	1012.33	69.2294921875	0.19138686	0.00017314285714285714	0.0005771428571428572	28.939733028411865	102570.92182564735
2961	1245.6825359358184	992.27	68.487060546875	0.19138221	0.00017309999999999998	0.0005769999999999999	30.384291648864746	102601.30773949623
2962	1256.861773247795	1008.69	68.495361328125	0.19137454	0.00017305714285714284	0.0005768571428571428	30.21150302886963	102631.52080464363
2963	1250.4617562741223	1007.22	68.25341796875	0.19136472	0.0001730142857142857	0.0005767142857142858	29.85942053794861	102661.39648127556
2964	1256.2954742053726	1005.38	68.63525390625	0.19135623	0.00017297142857142854	0.0005765714285714286	30.251615524291992	102691.65688204765
2965	1231.3371540093644	996.24	68.64306640625	0.19122358	0.0001729285714285714	0.0005764285714285714	43.32242488861084	102734.98123168945
2966	1263.0298003395337	1010.87	68.151123046875	0.19113772	0.00017288571428571427	0.0005762857142857143	32.01418423652649	102766.996799469
2967	1252.3985515417642	1010.44	68.9091796875	0.19112004	0.0001728428571428571	0.0005761428571428571	30.612070560455322	102797.6324968338
2968	1256.7179307236981	1016.19	68.667236328125	0.19110112	0.0001728	0.0005760000000000001	30.147363424301147	102827.78850317001
2969	1263.5020075850744	1008.6	68.925048828125	0.19108379	0.00017275714285714284	0.0005758571428571428	29.647289037704468	102857.43746590614
2970	1205.9851081793431	979.67	68.182373046875	0.19090252	0.0001727142857142857	0.0005757142857142857	36.88167929649353	102894.32051348686
2971	1265.4358301080292	1017.6	67.1982421875	0.19090515	0.00017267142857142856	0.0005755714285714287	29.77204966545105	102924.10048556328
2972	1234.8396934921059	997.8	68.448486328125	0.19090392	0.0001726285714285714	0.0005754285714285715	30.138871431350708	102954.24048948288
2973	1243.7562597840247	1003.31	68.706298828125	0.19090103	0.00017258571428571426	0.0005752857142857143	29.090439319610596	102983.33251476288
2974	1257.4538112111577	1009.02	68.71435546875	0.19089533	0.00017254285714285713	0.0005751428571428572	29.335347890853882	103012.67650771141
2975	1256.1153270363334	1011.29	68.221435546875	0.19089054	0.00017249999999999996	0.000575	29.938664197921753	103042.61649084091
2976	1255.757146072484	1007.24	68.730712890625	0.19088392	0.00017245714285714283	0.0005748571428571429	29.014586925506592	103071.63251972198
2977	1260.041024932283	1010.55	68.238525390625	0.19087882	0.0001724142857142857	0.0005747142857142857	29.194419145584106	103100.82848858833
2978	1276.1235262385221	1022.25	68.246337890625	0.19075692	0.00017237142857142853	0.0005745714285714285	38.19144916534424	103139.0214753151
2979	1271.8393134189034	1020.09	69.003662109375	0.19075847	0.00017232857142857145	0.0005744285714285715	29.869384288787842	103168.89249372482
2980	1260.1479653055967	1010.37	68.761962890625	0.19076432	0.00017228571428571428	0.0005742857142857144	30.16569209098816	103199.06048798561
2981	1276.1908451401714	1024.0	68.52001953125	0.19076176	0.0001722428571428571	0.000574142857142857	29.085514545440674	103228.14753437042
2982	1241.253199438347	995.83	68.27783203125	0.19075714	0.0001722	0.0005740000000000001	28.329375743865967	103256.49026203156
2983	1278.3767118868861	1022.2	68.78564453125	0.19074993	0.00017215714285714285	0.0005738571428571429	28.787585973739624	103285.28849720955
2984	1278.8293023465042	1020.84	68.542724609375	0.19074267	0.0001721142857142857	0.0005737142857142858	28.598512887954712	103313.88848471642
2985	1263.1540701593217	1015.51	68.551025390625	0.19065852	0.00017207142857142858	0.0005735714285714286	37.93039846420288	103351.82202935219
2986	1248.514963494282	1010.51	68.80908203125	0.19066209	0.0001720285714285714	0.0005734285714285714	28.959385633468628	103380.79248476028
2987	1254.892183344339	1014.81	68.06689453125	0.19066392	0.00017198571428571428	0.0005732857142857143	29.871397972106934	103410.67649245262
2988	1269.4209179996894	1020.86	68.823974609375	0.19066012	0.00017194285714285714	0.0005731428571428571	31.230580806732178	103441.9085073471
2989	1266.566926967784	1015.2	68.58251953125	0.19065838	0.00017189999999999998	0.0005729999999999999	28.834221839904785	103470.74448180199
2990	1243.6274210755125	997.96	68.84033203125	0.19065453	0.00017185714285714284	0.0005728571428571429	29.279462337493896	103500.03253865242
2991	1260.689383482809	1008.79	68.84814453125	0.19065084	0.0001718142857142857	0.0005727142857142858	30.43547224998474	103530.48066806793
2992	1246.343988021594	1004.59	68.35693359375	0.19064957	0.00017177142857142854	0.0005725714285714285	29.834373712539673	103560.31649112701
2993	1255.9175241341886	1008.01	68.8642578125	0.1906486	0.00017172857142857143	0.0005724285714285715	29.36266040802002	103589.6807873249
2994	1250.2741762558428	1004.61	68.622314453125	0.19057097	0.00017168571428571427	0.0005722857142857143	30.543463468551636	103620.2365014553
2995	1258.921153423596	1007.99	69.38037109375	0.190557	0.0001716428571428571	0.0005721428571428571	29.763312339782715	103650.00849556923
2996	1244.3468219955546	1005.56	68.63818359375	0.19054282	0.0001716	0.000572	30.231770515441895	103680.25694060326
2997	1271.9449207238113	1016.58	68.645263671875	0.19052966	0.00017155714285714283	0.0005718571428571428	29.29427671432495	103709.55279231071
2998	1275.2427477987446	1024.0	68.90380859375	0.1905135	0.0001715142857142857	0.0005717142857142857	28.68328094482422	103738.24847650528
2999	1252.4482829956073	1008.86	68.661376953125	0.19043393	0.00017147142857142856	0.0005715714285714287	29.44239568710327	103767.69232368469
3000	1266.3175517441146	1016.49	68.41943359375	0.18992348	0.0001714285714285714	0.0005714285714285714	35.68665289878845	103803.38050484657
3001	1278.1961176111806	1024.0	68.6767578125	0.18988048	0.00017138571428571426	0.0005712857142857143	39.899518966674805	103843.29265356064
3002	1250.3507732836583	1003.56	68.1923828125	0.18988661	0.00017134285714285713	0.0005711428571428572	29.73013925552368	103873.02449131012
3003	1266.9830634887776	1020.16	68.44287109375	0.18989263	0.00017129999999999996	0.000571	28.39047360420227	103901.41648674011
3004	1260.0143097619693	1008.86	68.45068359375	0.18999864	0.00017125714285714283	0.0005708571428571428	39.6126708984375	103941.03773355484
3005	1257.246823118468	1007.02	68.45849609375	0.18997793	0.00017121428571428572	0.0005707142857142857	29.75935673713684	103970.81248021126
3006	1277.0248210580746	1020.51	68.966064453125	0.18996947	0.00017117142857142853	0.0005705714285714285	28.998558044433594	103999.81248545647
3007	1277.2221075904567	1022.09	69.47412109375	0.18996169	0.00017112857142857144	0.0005704285714285716	28.46256422996521	104028.27650499344
3008	1250.3765036483521	1001.66	68.98193359375	0.18995671	0.00017108571428571428	0.0005702857142857143	28.398675441741943	104056.67678260803
3009	1263.1829326352015	1017.74	68.74072265625	0.18995245	0.0001710428571428571	0.0005701428571428571	30.164071321487427	104086.86049675941
3010	1243.209331151932	1006.82	68.99853515625	0.1899783	0.000171	0.0005700000000000001	42.78336977958679	104129.64505195618
3011	1261.3380164380562	1014.67	68.506103515625	0.18998243	0.00017095714285714285	0.0005698571428571429	31.311359167099	104160.9684677124
3012	1244.3737743642132	998.7	68.76416015625	0.18998343	0.0001709142857142857	0.0005697142857142857	29.011647701263428	104189.98163294792
3013	1275.8391391308953	1020.92	68.77099609375	0.18998325	0.00017087142857142857	0.0005695714285714286	28.68779444694519	104218.68488001823
3014	1275.2506851044648	1020.04	69.02978515625	0.18998323	0.0001708285714285714	0.0005694285714285714	29.74606418609619	104248.43251276016
3015	1237.7118790146028	999.75	69.287353515625	0.18998618	0.00017078571428571427	0.0005692857142857143	29.842878818511963	104278.28003072739
3016	1251.1377238400012	1005.02	68.795166015625	0.18998623	0.00017074285714285714	0.0005691428571428571	28.69771718978882	104306.99083089828
3017	1250.8232838875329	1006.97	69.052978515625	0.18998642	0.00017069999999999998	0.000569	29.492618560791016	104336.48971390724
3018	1257.5060186958117	1010.83	68.060791015625	0.18987076	0.00017065714285714284	0.0005688571428571429	38.708092212677	104375.19914150238
3019	1262.3354885282658	1016.03	69.318359375	0.18986027	0.0001706142857142857	0.0005687142857142858	39.826823472976685	104415.02739238739
3020	1249.9448451694095	1000.77	68.576171875	0.18961287	0.00017057142857142854	0.0005685714285714285	42.28748536109924	104457.33650660515
3021	1248.5635701674591	1003.3	69.08447265625	0.18952562	0.00017052857142857143	0.0005684285714285715	39.1917827129364	104496.54083681107
3022	1243.394093827444	1008.51	68.841796875	0.18941514	0.00017048571428571427	0.0005682857142857143	38.85143995285034	104535.40048360825
3023	1263.4195926960595	1012.69	68.34912109375	0.18942048	0.0001704428571428571	0.0005681428571428571	30.046758890151978	104565.44848275185
3024	1260.663888794817	1013.65	69.357666015625	0.18941848	0.0001704	0.000568	30.848270177841187	104596.30940032005
3025	1275.0911608602687	1024.0	69.11572265625	0.18941654	0.00017035714285714283	0.0005678571428571428	28.94344472885132	104625.26851463318
3026	1249.0814540471504	1014.82	69.122802734375	0.1894163	0.0001703142857142857	0.0005677142857142858	29.71980881690979	104654.99689817429
3027	1251.5762634680939	1016.36	68.882080078125	0.18940862	0.00017027142857142856	0.0005675714285714287	30.63180112838745	104685.64490699768
3028	1250.1265433786975	1016.43	69.14111328125	0.189404	0.0001702285714285714	0.0005674285714285714	29.641695499420166	104715.2884812355
3029	1210.2603303330982	982.13	68.900634765625	0.18939894	0.00017018571428571426	0.0005672857142857143	31.074615955352783	104746.36451601982
3030	1226.704446444383	985.64	69.16064453125	0.18939342	0.00017014285714285712	0.0005671428571428572	30.365049839019775	104776.74212956429
3031	1249.9096827101894	1009.91	69.170654296875	0.1893897	0.00017009999999999996	0.000567	30.312748432159424	104807.05585575104
3032	1255.9211638496367	1007.55	68.438232421875	0.18938531	0.00017005714285714282	0.0005668571428571428	28.85929846763611	104835.92848730087
3033	1253.5586428074969	1005.05	69.18994140625	0.18938632	0.00017001428571428572	0.0005667142857142857	28.64706563949585	104864.57651758194
3034	1271.5107038115068	1014.54	69.199951171875	0.18938993	0.00016997142857142852	0.0005665714285714285	29.3385226726532	104893.91651582718
3035	1257.220968067528	1003.15	69.459716796875	0.18939097	0.00016992857142857144	0.0005664285714285716	28.638891220092773	104922.55649924278
3036	1266.7827892860498	1015.07	68.469482421875	0.1893963	0.00016988571428571428	0.0005662857142857143	40.72343063354492	104963.29649758339
3037	1242.9582459541261	997.85	68.479248046875	0.18922798	0.00016984285714285714	0.0005661428571428572	42.82736611366272	105006.13250350952
3038	1269.2849917675237	1014.87	67.746337890625	0.1890844	0.0001698	0.0005660000000000001	39.817482709884644	105045.95190477371
3039	1237.8414718702415	991.79	68.498779296875	0.18902077	0.00016975714285714284	0.0005658571428571428	30.37932801246643	105076.34448838234
3040	1252.5700662822173	1009.47	68.758544921875	0.18900979	0.0001697142857142857	0.0005657142857142857	28.202987670898438	105104.54848051071
3041	1255.2527117954444	998.21	69.018310546875	0.18900204	0.00016967142857142857	0.0005655714285714286	29.30862593650818	105133.8588051796
3042	1227.0079108035293	985.71	69.27880859375	0.18899508	0.0001696285714285714	0.0005654285714285714	29.23886752128601	105163.1165151596
3043	1276.4168527426075	1010.31	69.288818359375	0.18898945	0.00016958571428571427	0.0005652857142857142	28.437300205230713	105191.5554716587
3044	1269.4927499916394	1018.16	69.048583984375	0.18898551	0.00016954285714285714	0.0005651428571428572	28.429879426956177	105219.98682379723
3045	1260.5384676953988	1011.75	68.566162109375	0.18893255	0.00016949999999999997	0.000565	40.79942560195923	105260.79653787613
3046	1254.0876479448268	1004.85	68.818115234375	0.18884186	0.00016945714285714284	0.0005648571428571429	31.886810541152954	105292.68454670906
3047	1283.4288803816273	1022.26	69.32568359375	0.18883051	0.0001694142857142857	0.0005647142857142857	30.71956706047058	105323.4165186882
3048	1262.494532723153	1016.32	69.08740234375	0.18855242	0.00016937142857142854	0.0005645714285714285	39.88172936439514	105363.30005455017
3049	1259.8967949284013	1007.2	69.096435546875	0.18859477	0.00016932857142857143	0.0005644285714285715	42.16387319564819	105405.48097896576
3050	1233.5141823802685	996.53	69.107177734375	0.18858124	0.00016928571428571427	0.0005642857142857143	29.541285037994385	105435.02381825447
3051	1279.4522298431784	1016.21	68.8671875	0.18857573	0.00016924285714285713	0.0005641428571428571	29.130082845687866	105464.15543174744
3052	1281.056784667598	1022.42	69.1259765625	0.18856983	0.0001692	0.000564	29.063772916793823	105493.23280310631
3053	1248.5255163008553	1006.59	69.38623046875	0.18856274	0.00016915714285714283	0.0005638571428571429	28.351067304611206	105521.5847787857
3054	1255.521403411665	1022.82	69.396240234375	0.18855737	0.0001691142857142857	0.0005637142857142858	28.56732988357544	105550.1604692936
3055	1265.5297075956812	1020.12	69.156005859375	0.18840581	0.00016907142857142856	0.0005635714285714286	39.575674533843994	105589.74880313873
3056	1278.0064413375926	1024.0	68.6728515625	0.18840437	0.0001690285714285714	0.0005634285714285714	30.891729831695557	105620.64232754707
3057	1245.384646089198	1003.0	68.92529296875	0.18840124	0.00016898571428571426	0.0005632857142857143	30.29143500328064	105650.94849658012
3058	1229.7225221161546	991.33	69.436279296875	0.18839939	0.00016894285714285715	0.0005631428571428572	30.552898406982422	105681.5029873848
3059	1252.0346598571698	1003.18	69.445068359375	0.18839687	0.00016889999999999996	0.0005629999999999999	29.27205467224121	105710.77648496628
3060	1273.0002903854513	1020.06	68.955810546875	0.18835473	0.00016885714285714282	0.0005628571428571428	42.519187450408936	105753.29662251472
3061	1269.9644784851373	1018.39	68.964599609375	0.18823405	0.0001688142857142857	0.0005627142857142857	39.7635064125061	105793.07254815102
3062	1227.1128077840167	985.4	69.225341796875	0.18823464	0.00016877142857142852	0.0005625714285714286	29.200026750564575	105822.2929520607
3063	1265.3530897094495	1010.99	69.235107421875	0.18800919	0.00016872857142857144	0.0005624285714285715	40.477802991867065	105862.77248263359
3064	1286.7408397024867	1024.0	69.494873046875	0.18801212	0.00016868571428571428	0.0005622857142857143	29.931676864624023	105892.71271157265
3065	1245.3790936315895	1001.73	69.50390625	0.18813525	0.00016864285714285714	0.0005621428571428572	41.86178278923035	105934.57650017738
3066	1277.6812272876477	1016.05	69.014404296875	0.18809153	0.0001686	0.0005620000000000001	29.567323446273804	105964.156468153
3067	1273.098215494298	1008.97	69.522705078125	0.18807976	0.00016855714285714284	0.0005618571428571428	28.619292736053467	105992.78848266602
3068	1241.405127109643	997.53	69.532958984375	0.18806733	0.0001685142857142857	0.0005617142857142857	28.41938090324402	106021.2089304924
3069	1245.014241082417	1002.36	69.54345703125	0.18805657	0.00016847142857142857	0.0005615714285714286	28.985694408416748	106050.19610619545
3070	1279.270662462714	1022.13	69.552734375	0.18804608	0.0001684285714285714	0.0005614285714285714	29.235517978668213	106079.44885396957
3071	1263.0976036964855	1014.57	69.563232421875	0.1880352	0.00016838571428571427	0.0005612857142857143	29.11414885520935	106108.56452178955
3072	1263.7375859980662	1009.14	69.322998046875	0.1880073	0.00016834285714285713	0.0005611428571428572	30.222808361053467	106138.78848695755
3073	1224.8769376958817	983.66	69.582763671875	0.18800211	0.00016829999999999997	0.000561	28.806408166885376	106167.59651088715
3074	1257.922907583896	1005.08	69.09228515625	0.1879956	0.00016825714285714283	0.0005608571428571429	28.84979486465454	106196.44778704643
3075	1247.2783706805092	992.95	69.352294921875	0.18798864	0.0001682142857142857	0.0005607142857142857	28.80373477935791	106225.26886200905
3076	1267.7959254043747	1018.21	69.120849609375	0.18798278	0.00016817142857142854	0.0005605714285714285	28.70684504508972	106253.97714495659
3077	1287.5629642036229	1024.0	68.872802734375	0.18788753	0.00016812857142857143	0.0005604285714285715	44.62364339828491	106298.61252260208
3078	1212.2557944039918	978.83	68.882568359375	0.1878718	0.00016808571428571426	0.0005602857142857143	31.022936820983887	106329.65201997757
3079	1253.8523189612006	999.23	68.891357421875	0.18785733	0.00016804285714285713	0.0005601428571428571	30.35119366645813	106360.00491786003
3080	1258.6446011902058	1008.19	69.651611328125	0.1878503	0.000168	0.0005600000000000001	28.590025186538696	106388.59653162956
3081	1258.5975912728275	1008.38	69.661376953125	0.18784203	0.00016795714285714283	0.0005598571428571429	28.607367753982544	106417.21649289131
3082	1264.8823212731713	1010.06	69.421142578125	0.18783142	0.0001679142857142857	0.0005597142857142858	29.93539834022522	106447.16448736191
3083	1294.6550069550494	1024.0	69.43115234375	0.18782137	0.00016787142857142856	0.0005595714285714286	28.5622456073761	106475.72769713402
3084	1251.0605034813009	995.01	69.690185546875	0.18781392	0.0001678285714285714	0.0005594285714285714	29.743565797805786	106505.47250509262
3085	1265.57107412196	1022.31	69.200439453125	0.18780136	0.00016778571428571426	0.0005592857142857143	37.11608290672302	106542.58992624283
3086	1260.1772138421134	1004.47	69.460205078125	0.1878295	0.00016774285714285715	0.0005591428571428572	30.32706308364868	106572.93254590034
3087	1275.9427612960496	1022.4	69.719970703125	0.18782878	0.00016769999999999996	0.0005589999999999999	28.70152497291565	106601.65448713303
3088	1245.2826520428475	1004.72	69.729248046875	0.18782914	0.00016765714285714285	0.0005588571428571428	28.486144304275513	106630.14220142365
3089	1257.2190294389725	1016.19	69.989501953125	0.18782775	0.0001676142857142857	0.0005587142857142858	29.42303490638733	106659.56688165665
3090	1262.434433090392	1015.06	69.749267578125	0.18782647	0.00016757142857142855	0.0005585714285714285	28.565486669540405	106688.13345527649
3091	1272.8342670972697	1012.81	70.259033203125	0.1878256	0.00016752857142857144	0.0005584285714285715	30.286922931671143	106718.42209124565
3092	1276.2098784756602	1024.0	69.6435546875	0.18775211	0.00016748571428571428	0.0005582857142857143	30.351385354995728	106748.77563691139
3093	1262.6569906073464	1013.42	69.15869140625	0.18774265	0.00016744285714285714	0.0005581428571428572	28.79754948616028	106777.5866420269
3094	1251.1181485264074	1014.28	70.157470703125	0.18773137	0.0001674	0.000558	28.96760654449463	106806.56079506874
3095	1251.2159557570121	1005.23	70.167236328125	0.1877193	0.00016735714285714284	0.0005578571428571428	28.827747344970703	106835.40075826645
3096	1262.9362865172834	1018.56	69.925048828125	0.18771003	0.0001673142857142857	0.0005577142857142857	28.57833743095398	106863.98047590256
3097	1271.5501369300687	1022.14	69.43212890625	0.18767697	0.00016727142857142857	0.0005575714285714286	38.79056119918823	106902.7724905014
3098	1277.4019943138658	1018.51	69.190673828125	0.18768914	0.0001672285714285714	0.0005574285714285713	40.27451419830322	106943.04850697517
3099	1242.5036041478495	1002.49	69.698486328125	0.18768902	0.00016718571428571427	0.0005572857142857143	29.471356630325317	106972.52467823029
3100	1262.5037806484968	1012.65	69.706298828125	0.18768829	0.00016714285714285713	0.0005571428571428572	28.576940774917603	107001.10319328308
3101	1249.5131711930208	1004.31	69.46435546875	0.18774001	0.00016709999999999997	0.000557	46.96042275428772	107048.06553149223
3102	1245.9156895772594	1007.11	69.471435546875	0.18761295	0.00016705714285714286	0.0005568571428571429	44.165300130844116	107092.23251318932
3103	1262.4030416692738	1012.56	70.229736328125	0.18755512	0.0001670142857142857	0.0005567142857142857	30.374147415161133	107122.61953568459
3104	1249.7202060543625	1009.54	69.987548828125	0.18754317	0.00016697142857142853	0.0005565714285714285	28.51985216140747	107151.15679907799
3105	1285.2106256353175	1024.0	69.745361328125	0.18752897	0.00016692857142857142	0.0005564285714285715	29.5236234664917	107180.69279313087
3106	1216.7193126649693	986.16	70.0029296875	0.18751617	0.00016688571428571426	0.0005562857142857142	29.89614963531494	107210.58987545967
3107	1251.501143991447	1005.07	70.01123046875	0.18750358	0.00016684285714285712	0.0005561428571428572	29.343445539474487	107239.94851255417
3108	1265.88907929775	1011.15	70.01904296875	0.18749247	0.0001668	0.0005560000000000001	28.99985671043396	107268.96073389053
3109	1259.3364384775623	1016.13	70.02783203125	0.18748273	0.00016675714285714283	0.0005558571428571429	28.337006092071533	107297.3179192543
3110	1262.7306113130996	1010.42	70.28564453125	0.18747266	0.0001667142857142857	0.0005557142857142857	29.91567587852478	107327.2487976551
3111	1211.8461139905996	979.69	69.542724609375	0.1874639	0.00016667142857142858	0.0005555714285714286	29.559682607650757	107356.8207833767
3112	1269.0705777050355	1015.11	70.050048828125	0.1874545	0.0001666285714285714	0.0005554285714285714	29.72333312034607	107386.55651497841
3113	1255.8963157812082	1005.73	69.55908203125	0.18735373	0.00016658571428571425	0.0005552857142857143	41.46754717826843	107428.04449295998
3114	1204.042175430542	968.82	69.81689453125	0.18734251	0.00016654285714285714	0.0005551428571428571	29.399380683898926	107457.44534134865
3115	1248.6283675491204	1007.92	69.82373046875	0.18733405	0.00016649999999999995	0.0005549999999999999	28.96584939956665	107486.41248869896
3116	1275.9268071975523	1024.0	69.832275390625	0.18732728	0.00016645714285714287	0.000554857142857143	29.64285445213318	107516.05696344376
3117	1241.9465975509077	999.24	70.340087890625	0.18731903	0.0001664142857142857	0.0005547142857142858	29.064201831817627	107545.12939453125
3118	1255.8136618955639	1012.61	70.097900390625	0.18730925	0.00016637142857142855	0.0005545714285714285	30.257707834243774	107575.38847732544
3119	1260.4222916007382	1013.23	69.605712890625	0.18719085	0.00016632857142857144	0.0005544285714285715	39.96216821670532	107615.37273216248
3120	1244.226185515764	995.46	69.363037109375	0.18715917	0.00016628571428571427	0.0005542857142857143	31.251888751983643	107646.64485025406
3121	1241.5624013386432	1004.76	69.871337890625	0.18714927	0.00016624285714285714	0.0005541428571428572	30.16792917251587	107676.814204216
3122	1261.337936060789	1013.16	69.879150390625	0.18713808	0.0001662	0.000554	28.332903623580933	107705.14847636223
3123	1258.4526217234275	1010.41	69.636962890625	0.18712871	0.00016615714285714284	0.0005538571428571428	28.962910652160645	107734.1128320694
3124	1264.7573759049926	1016.98	70.14453125	0.18711823	0.0001661142857142857	0.0005537142857142857	28.538222789764404	107762.65248656273
3125	1236.2714813498274	1002.81	69.9033203125	0.18710868	0.00016607142857142857	0.0005535714285714287	29.239328861236572	107791.90823149681
3126	1256.048789496645	1015.23	70.4111328125	0.18709886	0.0001660285714285714	0.0005534285714285714	29.059401035308838	107820.98448419571
3127	1245.9590949728226	1005.34	70.16796875	0.18702848	0.00016598571428571427	0.0005532857142857143	37.41528367996216	107858.40082335472
3128	1237.837898039282	1004.74	70.1767578125	0.18694453	0.00016594285714285713	0.0005531428571428572	30.899463653564453	107889.31249856949
3129	1211.9584629707167	988.32	69.93408203125	0.18693449	0.00016589999999999997	0.000553	29.575480222702026	107918.90049886703
3130	1225.8207305403525	997.5	69.942626953125	0.18678896	0.00016585714285714286	0.0005528571428571429	41.36392664909363	107960.27701306343
3131	1271.5439583408106	1016.53	70.200439453125	0.1868019	0.0001658142857142857	0.0005527142857142857	41.73734188079834	108002.01581096649
3132	1229.3596021049518	1003.68	69.958251953125	0.18677765	0.00016577142857142853	0.0005525714285714285	30.525040864944458	108032.54359507561
3133	1258.7437358643513	1020.5	70.2158203125	0.18676554	0.00016572857142857142	0.0005524285714285716	29.27140235900879	108061.8244907856
3134	1255.2011799894804	1020.98	70.222900390625	0.18675423	0.00016568571428571426	0.0005522857142857143	29.03459930419922	108090.86049389839
3135	1248.5859423425009	1005.32	69.73974609375	0.18674308	0.00016564285714285712	0.0005521428571428572	28.370737075805664	108119.23249578476
3136	1225.233351285783	995.73	70.73974609375	0.18673395	0.0001656	0.0005520000000000001	28.21895456314087	108147.45250606537
3137	1231.0239040776642	1000.67	69.746826171875	0.1867258	0.00016555714285714282	0.0005518571428571429	28.216081380844116	108175.6697716713
3138	1273.0170884666059	1022.44	70.2548828125	0.18650262	0.0001655142857142857	0.0005517142857142857	37.98697805404663	108213.65811896324
3139	1216.2653390998664	986.16	69.76318359375	0.18641634	0.00016547142857142858	0.0005515714285714286	40.423210859298706	108254.09649991989
3140	1259.5263782785362	1011.56	70.020751953125	0.18638335	0.0001654285714285714	0.0005514285714285714	30.70356845855713	108284.80848622322
3141	1224.9581063415562	993.24	69.779296875	0.1863715	0.00016538571428571428	0.0005512857142857142	28.771419286727905	108313.59247851372
3142	1253.3957591933292	996.96	70.037841796875	0.18636008	0.00016534285714285714	0.0005511428571428571	28.059783697128296	108341.66068100929
3143	1256.9796277856344	1010.81	70.294677734375	0.18634947	0.00016529999999999998	0.000551	28.67533826828003	108370.33706068993
3144	1254.7042891899066	1008.82	69.810791015625	0.1863374	0.00016525714285714287	0.000550857142857143	29.10595989227295	108399.44449043274
3145	1259.8670080696402	1014.32	70.310791015625	0.18632515	0.0001652142857142857	0.0005507142857142857	28.571056365966797	108428.01646566391
3146	1272.0128072840255	1020.52	69.818603515625	0.1863134	0.00016517142857142854	0.0005505714285714285	29.01583194732666	108457.04488301277
3147	1262.9974853162607	1013.08	70.075927734375	0.18630056	0.00016512857142857143	0.0005504285714285715	30.406397342681885	108487.45287656784
3148	1246.519376469491	1006.59	70.084228515625	0.18613458	0.00016508571428571427	0.0005502857142857143	41.273808002471924	108528.72840619087
3149	1262.2261986457688	1011.07	70.09228515625	0.18613262	0.00016504285714285714	0.0005501428571428571	28.494796752929688	108557.22817373276
3150	1247.3454747644705	1000.98	68.857666015625	0.1860314	0.000165	0.00055	37.93218183517456	108595.18061566353
3151	1252.3354604378699	1009.95	69.607666015625	0.18576701	0.00016495714285714284	0.0005498571428571428	38.95851731300354	108634.14050841331
3152	1260.04089513181	1010.63	70.364990234375	0.18578409	0.0001649142857142857	0.0005497142857142858	31.49826192855835	108665.64053297043
3153	1251.6253691847007	1002.71	70.373046875	0.18578719	0.00016487142857142856	0.0005495714285714286	28.630751848220825	108694.28386759758
3154	1263.0463572429455	1011.02	69.881103515625	0.18578719	0.0001648285714285714	0.0005494285714285714	28.40201425552368	108722.70304083824
3155	1222.0809368763446	990.94	70.138671875	0.18578686	0.00016478571428571426	0.0005492857142857143	28.696441411972046	108751.400847435
3156	1237.626036606211	995.39	70.271240234375	0.18578555	0.00016474285714285713	0.0005491428571428572	29.32172966003418	108780.73878622055
3157	1249.8163025416202	1006.45	70.279541015625	0.18579267	0.00016469999999999996	0.0005489999999999999	30.863602876663208	108811.61650085449
3158	1223.9850982348817	992.49	70.537109375	0.18579383	0.00016465714285714286	0.0005488571428571429	29.690312385559082	108841.30850744247
3159	1265.9430513048237	1019.05	70.29638671875	0.18571453	0.0001646142857142857	0.0005487142857142857	41.83749604225159	108883.14703249931
3160	1254.3994871564637	1011.36	70.55419921875	0.18571828	0.00016457142857142856	0.0005485714285714286	29.188450574874878	108912.33648896217
3161	1257.970123741704	1012.26	70.3193359375	0.18571872	0.00016452857142857142	0.0005484285714285715	28.914861917495728	108941.25278806686
3162	1252.3733958803145	1010.33	70.56982421875	0.18572062	0.00016448571428571426	0.0005482857142857143	28.276023626327515	108969.53725910187
3163	1257.0994110671734	1011.69	70.32763671875	0.18572341	0.00016444285714285712	0.0005481428571428572	28.500057458877563	108998.04849147797
3164	1259.165780747199	1012.25	70.33544921875	0.1857248	0.0001644	0.0005480000000000001	28.56593418121338	109026.61618828773
3165	1245.3747443303264	1000.46	70.093017578125	0.18564874	0.00016435714285714282	0.0005478571428571428	49.89068269729614	109076.50848984718
3166	1272.1401119772365	1014.14	70.60107421875	0.1854865	0.00016431428571428569	0.0005477142857142857	40.74586534500122	109117.26849460602
3167	1262.8019268289213	1009.24	70.6083984375	0.18548988	0.00016427142857142858	0.0005475714285714286	30.0264892578125	109147.29649782181
3168	1257.028946617795	1008.25	70.1162109375	0.18542308	0.00016422857142857139	0.0005474285714285714	31.030734300613403	109178.32852959633
3169	1252.6239401987386	1007.35	70.62451171875	0.18541217	0.00016418571428571428	0.0005472857142857142	29.244805097579956	109207.5858900547
3170	1257.632591282132	1009.0	70.381591796875	0.18540148	0.00016414285714285714	0.0005471428571428572	29.792306423187256	109237.37910175323
3171	1236.207599548393	990.04	70.6396484375	0.18539016	0.00016409999999999998	0.000547	28.608431577682495	109265.9884903431
3172	1248.4081569288905	1006.8	70.64794921875	0.18537885	0.00016405714285714287	0.000546857142857143	28.703543186187744	109294.70064902306
3173	1253.5029738631483	1009.78	70.65576171875	0.18523441	0.0001640142857142857	0.0005467142857142857	41.75069761276245	109336.4527554512
3174	1241.1554477129534	995.09	70.164306640625	0.18516158	0.00016397142857142857	0.0005465714285714286	44.782469034194946	109381.24356818199
3175	1234.9038173608305	988.27	70.42236328125	0.18504484	0.00016392857142857143	0.0005464285714285715	40.97865152359009	109422.2403473854
3176	1267.7696467625967	1018.32	70.67822265625	0.18489395	0.00016388571428571427	0.0005462857142857143	41.50346517562866	109463.76488113403
3177	1249.4207335838682	1005.06	69.93798828125	0.18478443	0.00016384285714285713	0.0005461428571428571	41.386698961257935	109505.15955710411
3178	1232.5859897778014	986.58	71.19580078125	0.18463622	0.0001638	0.000546	30.740360975265503	109535.9016494751
3179	1265.7259561838705	1014.62	70.452880859375	0.18461923	0.00016375714285714283	0.0005458571428571429	30.58832025527954	109566.50537633896
3180	1259.7068750027768	1002.03	70.46142578125	0.18441744	0.0001637142857142857	0.0005457142857142858	37.37777066230774	109603.88452267647
3181	1257.4261189886583	1003.09	70.46923828125	0.18447216	0.00016367142857142856	0.0005455714285714286	37.138458251953125	109641.02453994751
3182	1246.9907086297044	1002.11	69.97705078125	0.18434511	0.0001636285714285714	0.0005454285714285714	41.66694259643555	109682.69250440598
3183	1270.0454782758854	1014.03	70.984130859375	0.18429928	0.00016358571428571426	0.0005452857142857143	38.042990922927856	109720.73647403717
3184	1253.131852238862	1003.44	69.49951171875	0.18425506	0.00016354285714285713	0.0005451428571428572	42.61455965042114	109763.35250687599
3185	1211.786447516646	971.26	69.50830078125	0.18425252	0.00016349999999999996	0.0005449999999999999	29.289861917495728	109792.64353275299
3186	1277.349364785106	1018.03	71.00634765625	0.18424846	0.00016345714285714285	0.0005448571428571429	28.735615730285645	109821.39250922203
3187	1266.8017556000882	1018.05	70.76611328125	0.18424296	0.0001634142857142857	0.0005447142857142857	28.383221864700317	109849.77677536011
3188	1275.899992690645	1022.4	71.023193359375	0.18423565	0.00016337142857142855	0.0005445714285714287	29.4156014919281	109879.20468258858
3189	1272.6942714597162	1015.97	70.53173828125	0.18422884	0.00016332857142857142	0.0005444285714285715	28.846121072769165	109908.05250000954
3190	1265.2644832032945	1016.15	70.03955078125	0.18403667	0.00016328571428571425	0.0005442857142857143	41.56256031990051	109949.61652159691
3191	1286.415701278089	1024.0	70.79833984375	0.18389535	0.00016324285714285712	0.0005441428571428572	41.79232335090637	109991.41763949394
3192	1254.5073927179665	1005.05	70.30517578125	0.18365498	0.0001632	0.0005440000000000001	44.46415066719055	110035.89726924896
3193	1223.2018935685323	985.05	70.5634765625	0.18364768	0.00016315714285714282	0.0005438571428571428	31.127455711364746	110067.04050421715
3194	1266.3259040732328	1019.1	70.821533203125	0.18353228	0.0001631142857142857	0.0005437142857142857	44.546343088150024	110111.59139943123
3195	1255.179359659197	1004.69	71.079345703125	0.1834685	0.00016307142857142857	0.0005435714285714286	29.89001488685608	110141.48347616196
3196	1255.7336432096533	1005.28	70.837158203125	0.18345249	0.0001630285714285714	0.0005434285714285713	31.09544014930725	110172.58087587357
3197	1253.1458349924992	1001.73	70.5947265625	0.1834365	0.00016298571428571427	0.0005432857142857142	30.01154351234436	110202.61652326584
3198	1275.0062068711316	1016.46	70.6025390625	0.18342055	0.00016294285714285714	0.0005431428571428572	29.619694709777832	110232.24880170822
3199	1251.9063625330598	1004.7	70.8603515625	0.18340659	0.00016289999999999998	0.000543	29.880602598190308	110262.14165401459
3200	1266.5944882589015	1009.5	70.6181640625	0.18339117	0.00016285714285714287	0.0005428571428571429	29.72740340232849	110291.88449215889
3201	1259.8984862517877	1006.38	70.37548828125	0.18318766	0.0001628142857142857	0.0005427142857142857	37.939473152160645	110329.82855010033
3202	1266.9042976197993	1008.05	70.63427734375	0.18307088	0.00016277142857142857	0.0005425714285714286	38.78991985321045	110368.6309890747
3203	1273.7434763075037	1015.17	70.14208984375	0.18287124	0.00016272857142857143	0.0005424285714285715	40.47200632095337	110409.10450744629
3204	1268.5554774543436	1008.67	70.64990234375	0.18286939	0.00016268571428571427	0.0005422857142857142	28.79140043258667	110437.91248178482
3205	1281.2361670466014	1024.0	70.90771484375	0.18286528	0.00016264285714285713	0.0005421428571428571	28.478564739227295	110466.39253258705
3206	1255.5329319292885	1005.18	70.415283203125	0.18275635	0.0001626	0.0005420000000000001	41.094401597976685	110507.48848772049
3207	1257.7328967163446	998.99	70.17333984375	0.18274784	0.00016255714285714283	0.0005418571428571429	28.926860094070435	110536.41678476334
3208	1270.727944120129	1015.27	70.93212890625	0.18274115	0.0001625142857142857	0.0005417142857142857	29.28359866142273	110565.71247982979
3209	1290.6565031632697	1022.4	70.68994140625	0.18273206	0.00016247142857142856	0.0005415714285714286	29.05722188949585	110594.77116346359
3210	1272.2211146034224	1018.21	70.697998046875	0.18272321	0.0001624285714285714	0.0005414285714285714	29.232322931289673	110624.00448012352
3211	1262.5377606115744	1007.06	70.95458984375	0.18271768	0.00016238571428571426	0.0005412857142857143	29.694767713546753	110653.7008023262
3212	1242.6174951618239	1000.54	70.463134765625	0.18268977	0.00016234285714285712	0.0005411428571428571	29.139369010925293	110682.85241985321
3213	1266.74327530315	1014.53	70.97119140625	0.18268299	0.00016229999999999996	0.0005409999999999999	29.006640672683716	110711.86041092873
3214	1272.2886065933997	1024.0	70.97900390625	0.1826738	0.00016225714285714285	0.000540857142857143	28.187461376190186	110740.05649089813
3215	1267.0026995181868	1018.66	70.736083984375	0.18266363	0.0001622142857142857	0.0005407142857142858	29.056558847427368	110769.11450123787
3216	1278.4910108143483	1024.0	70.744384765625	0.18265583	0.00016217142857142855	0.0005405714285714286	29.40744161605835	110798.53249168396
3217	1242.7041846476052	1003.81	71.00244140625	0.18252276	0.00016212857142857144	0.0005404285714285715	40.02582359313965	110838.56057953835
3218	1254.1813420578717	1010.78	70.760009765625	0.1824679	0.00016208571428571425	0.0005402857142857143	40.51854610443115	110879.08056926727
3219	1254.445389745174	1014.25	71.01806640625	0.18241024	0.00016204285714285712	0.0005401428571428572	40.36784482002258	110919.44995832443
3220	1242.0442616751907	1002.67	70.650146484375	0.18218954	0.000162	0.00054	41.6401252746582	110961.09174895287
3221	1221.8129883454749	989.73	70.90869140625	0.1820665	0.00016195714285714282	0.0005398571428571428	45.39363360404968	111006.50667238235
3222	1239.4085473044183	998.22	70.666015625	0.18200426	0.0001619142857142857	0.0005397142857142857	30.80840015411377	111037.31649446487
3223	1244.8133838044657	1004.64	71.42529296875	0.18199284	0.00016187142857142857	0.0005395714285714286	28.72681951522827	111066.05281567574
3224	1255.7515984078348	1008.38	70.690673828125	0.18198116	0.0001618285714285714	0.0005394285714285713	29.830267429351807	111095.88448882103
3225	1233.947330832896	997.41	71.190673828125	0.18196954	0.0001617857142857143	0.0005392857142857144	28.97858214378357	111124.86448574066
3226	1255.4678252228289	1013.55	70.948486328125	0.18178113	0.00016174285714285714	0.0005391428571428572	37.45864224433899	111162.33596682549
3227	1275.5190244817893	1024.0	70.956298828125	0.18171263	0.00016169999999999997	0.000539	40.65251111984253	111203.00154495239
3228	1243.5929996970583	1009.52	70.714111328125	0.18156494	0.00016165714285714286	0.0005388571428571429	43.97394037246704	111246.97648453712
3229	1246.0993250338645	1002.87	70.971435546875	0.18159044	0.0001616142857142857	0.0005387142857142857	36.92203211784363	111283.9004907608
3230	1248.25775243907	1002.96	69.98779296875	0.1815719	0.00016157142857142856	0.0005385714285714286	40.36245679855347	111324.26451063156
3231	1253.9828861643828	1014.46	70.487548828125	0.18136124	0.00016152857142857143	0.0005384285714285715	39.16306161880493	111363.4292743206
3232	1258.7410645693196	1012.89	71.245361328125	0.18131573	0.00016148571428571427	0.0005382857142857142	42.60956382751465	111406.04050564766
3233	1261.9059585363084	1012.37	71.00244140625	0.18131246	0.00016144285714285713	0.0005381428571428572	30.250765323638916	111436.29583859444
3234	1259.1316157589497	1007.37	70.2685546875	0.18121028	0.0001614	0.0005380000000000001	40.811697483062744	111477.12078881264
3235	1227.3328153124473	986.45	70.7685546875	0.1808328	0.00016135714285714283	0.0005378571428571429	41.43092894554138	111518.55309295654
3236	1257.1047915784131	1014.09	71.2763671875	0.18072659	0.0001613142857142857	0.0005377142857142857	42.098028898239136	111560.65247750282
3237	1270.9137890445643	1014.47	71.0341796875	0.18078335	0.00016127142857142856	0.0005375714285714286	37.778552770614624	111598.43250179291
3238	1233.1723720778077	991.43	70.791748046875	0.18078123	0.0001612285714285714	0.0005374285714285714	29.87977623939514	111628.31686282158
3239	1262.7428609495512	1004.87	71.050048828125	0.18055958	0.00016118571428571429	0.0005372857142857144	40.05063462257385	111668.36888456345
3240	1232.151074377606	989.46	70.56689453125	0.18036062	0.00016114285714285712	0.0005371428571428571	38.97999358177185	111707.36087965965
3241	1233.2647885261033	989.77	71.31689453125	0.18036725	0.00016109999999999996	0.0005369999999999999	29.415680170059204	111736.78884267807
3242	1258.7881958720238	1005.84	71.074462890625	0.18036526	0.00016105714285714285	0.000536857142857143	29.363428592681885	111766.16450405121
3243	1265.4033488896205	1015.34	71.83251953125	0.18036176	0.00016101428571428569	0.0005367142857142857	28.858394622802734	111795.0244884491
3244	1255.893403482531	1014.31	71.59033203125	0.18035758	0.00016097142857142855	0.0005365714285714286	28.67787742614746	111823.70448803902
3245	1258.7875343256806	1006.48	71.347900390625	0.18035346	0.00016092857142857144	0.0005364285714285715	28.40685486793518	111852.11248373985
3246	1247.5509082573374	1004.7	70.863525390625	0.18034415	0.00016088571428571425	0.0005362857142857143	41.25458073616028	111893.36850619316
3247	1261.85216073507	1007.97	71.113037109375	0.1803441	0.00016084285714285714	0.0005361428571428571	29.300434589385986	111922.67049193382
3248	1271.7531168928106	1024.0	71.12158203125	0.18031126	0.0001608	0.000536	29.560455322265625	111952.23251366615
3249	1254.2787623140773	1002.93	71.62939453125	0.1803096	0.00016075714285714284	0.0005358571428571428	43.47248387336731	111995.72138881683
3250	1249.4410375110058	1004.35	70.63720703125	0.18030888	0.0001607142857142857	0.0005357142857142857	29.230448484420776	112024.95361065865
3251	1248.3265295553654	1004.6	71.144775390625	0.18030548	0.00016067142857142857	0.0005355714285714285	29.37330436706543	112054.32847261429
3252	1255.858867942611	1012.23	71.15234375	0.18030196	0.0001606285714285714	0.0005354285714285714	28.68311858177185	112083.02432441711
3253	1261.9063728298559	1010.88	71.16015625	0.18029885	0.0001605857142857143	0.0005352857142857144	28.787352800369263	112111.83248972893
3254	1253.1430844381678	1015.88	71.41796875	0.18029523	0.00016054285714285713	0.0005351428571428572	29.133015155792236	112140.96701288223
3255	1252.9567227939456	1010.54	71.67578125	0.18029039	0.00016049999999999997	0.0005349999999999999	39.79952573776245	112180.77648878098
3256	1258.857236508579	1007.9	71.18408203125	0.18019684	0.00016045714285714286	0.0005348571428571429	37.66347789764404	112218.44859242439
3257	1220.1940859191316	989.97	71.44287109375	0.18019974	0.0001604142857142857	0.0005347142857142857	29.771480083465576	112248.23260807991
3258	1267.6023082419645	1014.26	71.20068359375	0.18020344	0.00016037142857142856	0.0005345714285714286	29.902909517288208	112278.13649630547
3259	1263.1687423308974	1011.48	71.20849609375	0.18020862	0.00016032857142857143	0.0005344285714285714	28.830703020095825	112306.97985124588
3260	1258.0047713422807	1010.61	70.966064453125	0.18021254	0.00016028571428571426	0.0005342857142857142	28.899845600128174	112335.88899612427
3261	1271.1573231147374	1014.28	70.97412109375	0.18025468	0.00016024285714285713	0.0005341428571428572	30.8025164604187	112366.70405840874
3262	1266.4393641693234	1015.54	71.23193359375	0.18026014	0.0001602	0.0005340000000000001	29.003642082214355	112395.70878529549
3263	1268.5675570286553	1018.11	71.48974609375	0.1802647	0.00016015714285714283	0.0005338571428571428	29.26448082923889	112424.9849076271
3264	1281.2505736625533	1014.04	71.497802734375	0.18026829	0.0001601142857142857	0.0005337142857142857	28.247403383255005	112453.25646233559
3265	1250.6983764223232	1001.8	70.755126953125	0.1802569	0.00016007142857142856	0.0005335714285714286	30.075416564941406	112483.3484954834
3266	1264.282978109484	1011.17	71.02099609375	0.1802516	0.0001600285714285714	0.0005334285714285714	28.630420207977295	112511.9874894619
3267	1258.912829069068	1010.98	71.77099609375	0.1802241	0.00015998571428571428	0.0005332857142857143	29.764464378356934	112541.75330853462
3268	1260.1940113242367	1004.32	71.27880859375	0.18021517	0.00015994285714285712	0.0005331428571428571	29.231439352035522	112571.0004940033
3269	1264.6592685457358	1008.55	70.544189453125	0.18020679	0.00015989999999999996	0.0005329999999999999	29.2267484664917	112600.23917675018
3270	1275.94611285252	1018.23	71.29443359375	0.18019879	0.00015985714285714287	0.000532857142857143	28.788034439086914	112629.04100871086
3271	1254.5703599619994	1001.39	71.55224609375	0.18018965	0.00015981428571428568	0.0005327142857142857	30.72990345954895	112659.77229142189
3272	1264.159666281385	1001.34	71.56005859375	0.18016541	0.00015977142857142855	0.0005325714285714286	29.578922271728516	112689.35247802734
3273	1262.0698712953472	1005.88	71.06884765625	0.18016095	0.00015972857142857144	0.0005324285714285715	29.67502522468567	112719.02852344513
3274	1246.4336780777173	1001.5	71.576416015625	0.18015526	0.00015968571428571425	0.0005322857142857143	30.21393394470215	112749.24398517609
3275	1240.9254684164653	991.08	71.83349609375	0.18014897	0.00015964285714285714	0.0005321428571428571	28.44336986541748	112777.70448851585
3276	1269.3097708962166	1010.12	71.34228515625	0.18014286	0.0001596	0.000532	28.992456436157227	112806.698376894
3277	1246.2550008120002	999.05	71.0986328125	0.1801377	0.00015955714285714284	0.0005318571428571428	29.852978944778442	112836.55282640457
3278	1255.7567353041018	1001.36	70.857666015625	0.17996372	0.0001595142857142857	0.0005317142857142858	45.648727893829346	112882.20309519768
3279	1249.886161421988	1004.68	71.36474609375	0.17989028	0.00015947142857142857	0.0005315714285714286	39.619624376297	112921.83735060692
3280	1271.5843066817074	1020.31	71.623046875	0.17989206	0.0001594285714285714	0.0005314285714285714	28.431373119354248	112950.28053379059
3281	1265.0794791932901	1009.0	71.630615234375	0.17989147	0.0001593857142857143	0.0005312857142857144	28.62741231918335	112978.91248369217
3282	1273.6918844031973	1018.61	71.388671875	0.17981891	0.00015934285714285713	0.0005311428571428572	42.39405679702759	113021.30885195732
3283	1288.4614818401776	1024.0	71.39599609375	0.17962147	0.0001593	0.000531	44.03536629676819	113065.35647559166
3284	1270.762746369498	1012.84	71.779296875	0.17962295	0.00015925714285714286	0.0005308571428571429	29.11065173149109	113094.46852469444
3285	1238.101681910766	990.43	71.787109375	0.17956728	0.0001592142857142857	0.0005307142857142857	31.60081934928894	113126.08175635338
3286	1276.7615413110136	1016.62	71.294921875	0.17954797	0.00015917142857142856	0.0005305714285714286	30.631644248962402	113156.72868609428
3287	1268.7418685994414	1011.06	71.802734375	0.17954372	0.00015912857142857142	0.0005304285714285715	30.35421395301819	113187.08450555801
3288	1257.3460110258677	999.39	71.560302734375	0.17953765	0.00015908571428571426	0.0005302857142857143	30.603533029556274	113217.6965944767
3289	1279.7692504464685	1022.25	71.569580078125	0.17953058	0.00015904285714285712	0.0005301428571428572	28.615591049194336	113246.32450342178
3290	1269.390015090169	1011.8	71.82763671875	0.17952418	0.000159	0.0005300000000000001	28.927345991134644	113275.2605061531
3291	1257.6884178089392	1004.13	71.83544921875	0.17940861	0.00015895714285714283	0.0005298571428571428	31.50730323791504	113306.78040862083
3292	1260.5627528064224	1014.31	71.592529296875	0.17939813	0.0001589142857142857	0.0005297142857142857	29.059425115585327	113335.85649776459
3293	1251.858704403559	1005.37	71.84912109375	0.17938922	0.00015887142857142855	0.0005295714285714286	28.49137783050537	113364.35650801659
3294	1250.7292195568966	1007.18	72.10888671875	0.1793802	0.0001588285714285714	0.0005294285714285713	29.728050470352173	113394.09723448753
3295	1260.466222438289	1011.1	71.61669921875	0.17936139	0.00015878571428571428	0.0005292857142857143	41.241888999938965	113435.34049534798
3296	1256.3886928561683	1005.12	71.87451171875	0.17942286	0.00015874285714285712	0.0005291428571428571	40.25608849525452	113475.62051320076
3297	1248.4742156541627	1001.27	71.881591796875	0.17942025	0.00015869999999999998	0.0005290000000000001	29.293128728866577	113504.93028974533
3298	1259.1412846734934	1006.84	71.889892578125	0.17940551	0.00015865714285714287	0.0005288571428571429	40.623865365982056	113545.57676672935
3299	1258.8116666747126	1013.22	71.89794921875	0.17936134	0.00015861428571428568	0.0005287142857142857	43.131502866744995	113588.7205927372
3300	1243.5049471164225	1001.94	71.40576171875	0.17935073	0.00015857142857142857	0.0005285714285714286	30.67857050895691	113619.40050339699
3301	1272.5776317603083	1016.8	71.913330078125	0.1793461	0.00015852857142857144	0.0005284285714285715	28.97871685028076	113648.38079476357
3302	1238.9024840291706	991.53	72.421142578125	0.17934124	0.00015848571428571427	0.0005282857142857142	28.617491960525513	113677.0264070034
3303	1260.1294907992988	1010.48	71.185302734375	0.17933631	0.00015844285714285714	0.0005281428571428571	28.959606647491455	113706.00051140785
3304	1277.122000268565	1022.12	71.436767578125	0.17933254	0.0001584	0.000528	28.459250450134277	113734.47248840332
3305	1250.1339820421922	1001.6	71.694580078125	0.17932858	0.00015835714285714284	0.0005278571428571428	28.306549310684204	113762.78049612045
3306	1264.55197867664	1015.02	71.703125	0.17932253	0.0001583142857142857	0.0005277142857142857	29.829155683517456	113792.61247515678
3307	1230.5858298611406	989.92	71.9609375	0.1793185	0.00015827142857142857	0.0005275714285714286	28.956100940704346	113821.58123111725
3308	1263.3405268320328	1014.9	71.71875	0.17931433	0.0001582285714285714	0.0005274285714285714	29.006030559539795	113850.6030883789
3309	1253.7810340038534	1011.16	71.4765625	0.17916782	0.0001581857142857143	0.0005272857142857144	44.894278049468994	113895.49904537201
3310	1241.3195754488495	991.69	71.484375	0.17914833	0.00015814285714285713	0.0005271428571428571	29.677430629730225	113925.17876505852
3311	1277.6765513325072	1014.41	72.49169921875	0.17914361	0.0001581	0.000527	30.13043236732483	113955.32337522507
3312	1252.1116735794762	1010.22	71.75	0.17913787	0.00015805714285714286	0.0005268571428571429	30.363595008850098	113985.7006957531
3313	1266.1365773650539	1009.52	72.0078125	0.1791348	0.0001580142857142857	0.0005267142857142857	30.22152543067932	114015.92347812653
3314	1254.5512697743325	1004.52	72.015625	0.17913026	0.00015797142857142856	0.0005265714285714285	29.77538824081421	114045.71249103546
3315	1231.6560945392348	983.48	72.02294921875	0.17912531	0.00015792857142857142	0.0005264285714285715	30.002443075180054	114075.71648335457
3316	1233.6634556838203	988.82	71.78125	0.17911088	0.00015788571428571426	0.0005262857142857143	29.13938593864441	114104.85692071915
3317	1270.1232425316068	1016.69	71.7890625	0.17910643	0.00015784285714285712	0.0005261428571428572	28.6544246673584	114133.51286768913
3318	1273.5624484137304	1022.04	72.046875	0.17910057	0.0001578	0.000526	28.627420902252197	114162.16847848892
3319	1265.1727007639668	1008.63	72.0546875	0.1790952	0.00015775714285714282	0.0005258571428571428	29.75462293624878	114191.9245018959
3320	1251.2445319005508	1002.68	71.812255859375	0.17908962	0.0001577142857142857	0.0005257142857142857	28.827903509140015	114220.7533185482
3321	1263.6868139142491	1006.47	71.570556640625	0.17908531	0.00015767142857142855	0.0005255714285714286	28.956259965896606	114249.72068762779
3322	1241.5837322274738	992.05	71.8291015625	0.17891568	0.0001576285714285714	0.0005254285714285713	43.56686282157898	114293.28895139694
3323	1260.4850411799146	1006.81	71.837158203125	0.17888755	0.0001575857142857143	0.0005252857142857144	31.70951509475708	114325.00049376488
3324	1263.2213645341542	1010.9	71.8447265625	0.17887999	0.00015754285714285712	0.0005251428571428572	30.255457639694214	114355.26849889755
3325	1256.484075606304	1009.02	72.102783203125	0.1788703	0.00015749999999999998	0.0005250000000000001	28.635406255722046	114383.91648387909
3326	1253.3602487391902	998.53	72.110595703125	0.17886128	0.00015745714285714287	0.0005248571428571429	28.818724870681763	114412.73676919937
3327	1256.3545931823005	1008.96	71.618408203125	0.17885323	0.00015741428571428568	0.0005247142857142857	28.663044691085815	114441.4200489521
3328	1264.454330570804	1008.84	71.625244140625	0.17872642	0.00015737142857142857	0.0005245714285714286	40.5085289478302	114481.94565868378
3329	1272.1680606231198	1013.21	71.883544921875	0.1786412	0.00015732857142857143	0.0005244285714285715	37.5633225440979	114519.52848911285
3330	1231.6525822226297	983.92	71.391845703125	0.1786514	0.00015728571428571427	0.0005242857142857142	30.310530424118042	114549.84050345421
3331	1257.911432142649	1003.07	72.64990234375	0.17865272	0.00015724285714285714	0.0005241428571428571	28.49847412109375	114578.34052538872
3332	1241.5764184949905	997.27	71.90771484375	0.17865326	0.0001572	0.000524	29.53114342689514	114607.87651896477
3333	1244.178049042976	992.33	72.165283203125	0.17865376	0.00015715714285714284	0.0005238571428571429	29.734232425689697	114637.61250972748
3334	1245.0952908730592	1006.77	72.173095703125	0.17865336	0.0001571142857142857	0.0005237142857142857	28.485064029693604	114666.0990178585
3335	1259.8994261744633	1005.88	72.180908203125	0.1786501	0.00015707142857142856	0.0005235714285714286	28.736371517181396	114694.8494694233
3336	1261.0264448360729	1006.91	72.18896484375	0.17870611	0.0001570285714285714	0.0005234285714285714	39.965402126312256	114734.81647825241
3337	1264.7659221398649	1008.8	71.69677734375	0.17864193	0.0001569857142857143	0.0005232857142857144	30.69836664199829	114765.51647782326
3338	1287.7897551027577	1024.0	72.20361328125	0.17862862	0.00015694285714285713	0.0005231428571428571	29.198408365249634	114794.71652460098
3339	1273.7075452351	1022.48	71.711669921875	0.17861627	0.0001569	0.000523	29.013137340545654	114823.74699640274
3340	1238.3469642707976	992.69	71.47900390625	0.17860527	0.00015685714285714286	0.0005228571428571429	28.327356338500977	114852.08849573135
3341	1269.314773418068	1018.09	72.22900390625	0.17859405	0.0001568142857142857	0.0005227142857142858	29.735539436340332	114881.83254265785
3342	1248.5285727241494	1010.16	71.48583984375	0.17850713	0.00015677142857142856	0.0005225714285714286	31.578824996948242	114913.41247677803
3343	1263.568116889209	1011.15	72.49462890625	0.1784923	0.00015672857142857142	0.0005224285714285715	29.029764413833618	114942.44390940666
3344	1280.2544885600048	1016.38	71.75244140625	0.17847852	0.00015668571428571426	0.0005222857142857143	29.499622344970703	114971.9525141716
3345	1277.4075154755255	1019.04	73.008544921875	0.17846495	0.00015664285714285712	0.0005221428571428572	29.137130737304688	115001.09122180939
3346	1274.1215309406807	1014.75	71.76806640625	0.17849058	0.00015659999999999998	0.000522	42.65290188789368	115043.74552130699
3347	1287.5548362732784	1022.2	71.525146484375	0.17846943	0.00015655714285714282	0.0005218571428571428	30.204911947250366	115073.96232175827
3348	1258.2618346478216	1006.29	72.15869140625	0.1784588	0.0001565142857142857	0.0005217142857142858	28.372354745864868	115102.33682346344
3349	1255.2688030906718	1004.19	72.41650390625	0.1784483	0.00015647142857142855	0.0005215714285714285	29.123383045196533	115131.47248911858
3350	1231.5548613630747	978.03	72.42431640625	0.17843783	0.00015642857142857139	0.0005214285714285713	29.490941762924194	115160.96483898163
3351	1279.6197404658699	1024.0	72.43212890625	0.17842852	0.0001563857142857143	0.0005212857142857144	29.53229856491089	115190.49884653091
3352	1256.8947639367193	1001.35	72.439208984375	0.17841764	0.0001563428571428571	0.0005211428571428572	29.14753794670105	115219.66048908234
3353	1257.146511419271	1009.05	72.19775390625	0.17837276	0.0001563	0.000521	49.16843819618225	115268.8304259777
3354	1258.968896977717	1009.66	72.70556640625	0.1783402	0.00015625714285714287	0.0005208571428571429	30.604930639266968	115299.43688440323
3355	1269.376371572619	1011.41	71.96435546875	0.17833094	0.0001562142857142857	0.0005207142857142857	30.266613006591797	115329.70493030548
3356	1251.2609639151055	1001.09	72.469970703125	0.17832078	0.00015617142857142857	0.0005205714285714286	29.450504064559937	115359.15648913383
3357	1271.9009489709342	1014.36	71.97998046875	0.17831247	0.00015612857142857143	0.0005204285714285714	30.371776342391968	115389.5300347805
3358	1268.8312188493878	1015.97	71.49560546875	0.17830288	0.00015608571428571427	0.0005202857142857142	29.925771474838257	115419.45724058151
3359	1269.6513424237007	1018.3	71.75341796875	0.1782918	0.00015604285714285713	0.0005201428571428571	28.842143297195435	115448.30048751831
3360	1252.6667348195351	1009.13	72.75341796875	0.17828202	0.000156	0.0005200000000000001	28.850504875183105	115477.15251159668
3361	1266.2718530303525	1020.33	72.259033203125	0.17827316	0.00015595714285714283	0.0005198571428571428	28.51494312286377	115505.6685116291
3362	1271.8259108639147	1018.17	72.26904296875	0.17810352	0.00015591428571428572	0.0005197142857142858	39.28344964981079	115544.968501091
3363	1243.8078830437187	999.01	72.52685546875	0.17800255	0.00015587142857142856	0.0005195714285714286	39.47588086128235	115584.45693349838
3364	1247.586680071913	1004.56	72.03466796875	0.17790008	0.0001558285714285714	0.0005194285714285714	40.49538516998291	115624.96849751472
3365	1214.851469501896	971.37	72.542724609375	0.17790262	0.0001557857142857143	0.0005192857142857143	28.962279558181763	115653.93252587318
3366	1262.5558520535578	1011.53	72.307861328125	0.17790322	0.00015574285714285713	0.0005191428571428571	29.75835871696472	115683.69249868393
3367	1260.211840967719	1008.73	72.30810546875	0.17785312	0.0001557	0.000519	33.20229721069336	115716.89648461342
3368	1289.4595248023663	1024.0	72.81591796875	0.17785113	0.00015565714285714285	0.000518857142857143	28.750515699386597	115745.64852309227
3369	1270.9278650156111	1007.23	72.82373046875	0.17784752	0.0001556142857142857	0.0005187142857142857	28.385316610336304	115774.03521537781
3370	1249.2948085995274	992.82	72.331298828125	0.1777779	0.00015557142857142855	0.0005185714285714286	39.671382904052734	115813.72047758102
3371	1257.5527125779342	1000.55	72.337890625	0.17756839	0.00015552857142857142	0.0005184285714285715	39.54331183433533	115853.26480603218
3372	1239.3808112282347	992.85	72.59716796875	0.1775707	0.00015548571428571425	0.0005182857142857143	28.682530403137207	115881.94884228706
3373	1277.647273337691	1018.59	72.60595703125	0.17757182	0.00015544285714285712	0.0005181428571428571	28.57513976097107	115910.5355694294
3374	1256.415512606929	1003.86	72.364013671875	0.1775736	0.00015539999999999998	0.000518	29.543410301208496	115940.08081412315
3375	1298.3710382775876	1024.0	72.621337890625	0.17713468	0.00015535714285714282	0.0005178571428571428	37.27771234512329	115977.36004424095
3376	1285.8466857614114	1023.98	72.37939453125	0.17713825	0.00015531428571428574	0.0005177142857142858	29.422768354415894	116006.78449177742
3377	1286.6411681801462	1024.0	72.63720703125	0.17707573	0.00015527142857142855	0.0005175714285714285	37.627944231033325	116044.4250972271
3378	1275.5977311455522	1012.25	71.89501953125	0.17712756	0.00015522857142857138	0.0005174285714285714	40.32974886894226	116084.75650572777
3379	1276.1387541155011	1016.37	72.402587890625	0.17710216	0.0001551857142857143	0.0005172857142857144	44.04306483268738	116128.80051660538
3380	1292.6697975570876	1024.0	72.16064453125	0.17708874	0.0001551428571428571	0.0005171428571428572	30.457834720611572	116159.27078485489
3381	1268.5950290376497	1008.31	72.66845703125	0.17708449	0.0001551	0.000517	28.283459186553955	116187.56851792336
3382	1272.2068996504718	1012.93	72.42626953125	0.17708088	0.00015505714285714287	0.0005168571428571429	28.63092565536499	116216.2004878521
3383	1273.2761273411365	1006.44	72.19189453125	0.17707457	0.0001550142857142857	0.0005167142857142857	28.583345890045166	116244.78848528862
3384	1286.9929278630466	1015.48	72.191650390625	0.17706716	0.00015497142857142857	0.0005165714285714286	29.0785915851593	116273.8685207367
3385	1253.118227075236	1000.66	72.44970703125	0.17706029	0.00015492857142857143	0.0005164285714285714	28.925087213516235	116302.79525470734
3386	1261.1124873092658	1004.67	72.45751953125	0.17705429	0.00015488571428571427	0.0005162857142857142	28.914132595062256	116331.72304368019
3387	1266.1475168073111	1004.34	72.46533203125	0.1770501	0.00015484285714285713	0.0005161428571428572	28.97999119758606	116360.70450615883
3388	1282.5743523706265	1020.49	73.223876953125	0.17700315	0.0001548	0.0005160000000000001	40.635424852371216	116401.35251569748
3389	1278.9969644647288	1024.0	71.98193359375	0.17676412	0.00015475714285714283	0.0005158571428571428	36.83317995071411	116438.20241641998
3390	1255.7477224996185	999.22	72.73974609375	0.17651176	0.00015471428571428572	0.0005157142857142858	42.56338334083557	116480.78051877022
3391	1269.933974122435	1010.5	72.74755859375	0.17651248	0.00015467142857142856	0.0005155714285714286	30.079875946044922	116510.87288022041
3392	1273.7596939069213	1012.53	72.00537109375	0.17636366	0.0001546285714285714	0.0005154285714285714	39.56501269340515	116550.44994664192
3393	1277.1440057838504	1012.62	72.262939453125	0.17617764	0.0001545857142857143	0.0005152857142857143	39.287670373916626	116589.74883127213
3394	1272.3324842695133	1010.39	72.27099609375	0.17619236	0.00015454285714285712	0.0005151428571428571	31.71934175491333	116621.48849344254
3395	1270.8073370221807	1011.41	72.77685546875	0.17619176	0.0001545	0.000515	29.83499026298523	116651.32449913025
3396	1259.7660174886244	997.43	72.28662109375	0.17619018	0.00015445714285714285	0.000514857142857143	29.311574697494507	116680.6484951973
3397	1264.0330916383543	1008.28	72.543701171875	0.17618738	0.0001544142857142857	0.0005147142857142857	30.023320198059082	116710.6884932518
3398	1265.2070528630807	1012.44	72.55224609375	0.17618121	0.00015437142857142855	0.0005145714285714286	29.47901201248169	116740.16848754883
3399	1253.6007478026002	996.62	72.56005859375	0.17598082	0.00015432857142857142	0.0005144285714285715	45.71152949333191	116785.88233828545
3400	1258.7804802031837	1010.02	72.81787109375	0.1758765	0.00015428571428571425	0.0005142857142857142	40.00511074066162	116825.90875697136
3401	1275.9859279892416	1014.22	72.07568359375	0.17585622	0.00015424285714285712	0.0005141428571428571	42.34061932563782	116868.26568770409
3402	1268.530243357944	1006.84	72.83251953125	0.17585544	0.00015419999999999998	0.000514	29.54192566871643	116897.81508946419
3403	1280.0016019353072	1020.86	72.34130859375	0.17585365	0.00015415714285714282	0.0005138571428571428	29.72257423400879	116927.53864526749
3404	1269.3979361565239	1023.0	72.60009765625	0.17580311	0.00015411428571428574	0.0005137142857142857	38.68445348739624	116966.23362469673
3405	1272.6801582462704	1016.41	72.35595703125	0.1757735	0.00015407142857142854	0.0005135714285714286	30.492974042892456	116996.72848439217
3406	1258.689323257741	1003.14	72.86474609375	0.17576425	0.00015402857142857138	0.0005134285714285714	30.107369899749756	117026.84049129486
3407	1276.1007485037378	1010.54	72.873291015625	0.17575611	0.0001539857142857143	0.0005132857142857144	29.6639506816864	117056.51282000542
3408	1271.0886501681944	1016.36	72.380859375	0.17574888	0.00015394285714285714	0.0005131428571428571	30.75150966644287	117087.276679039
3409	1276.2630428092127	1018.58	72.63916015625	0.17574096	0.0001539	0.000513	29.591524839401245	117116.88849520683
3410	1292.3606070876053	1024.0	73.14697265625	0.17561169	0.00015385714285714286	0.0005128571428571429	38.25901246070862	117155.14850187302
3411	1275.615733838775	1018.37	72.654541015625	0.17561843	0.0001538142857142857	0.0005127142857142857	29.841179132461548	117184.99064016342
3412	1272.4757251174049	1015.6	72.663818359375	0.17561625	0.00015377142857142856	0.0005125714285714285	28.44601082801819	117213.45116829872
3413	1249.170754179722	1007.87	72.923583984375	0.17561227	0.00015372857142857143	0.0005124285714285714	28.899045944213867	117242.35165381432
3414	1262.566619339208	1011.25	72.933349609375	0.17560835	0.00015368571428571427	0.0005122857142857143	29.091611623764038	117271.45649647713
3415	1264.3326186658678	1010.69	73.19287109375	0.17560442	0.00015364285714285713	0.0005121428571428572	29.322944164276123	117300.78048038483
3416	1270.0335233694575	1020.11	72.2021484375	0.17558233	0.0001536	0.000512	30.911043167114258	117331.6925008297
3417	1271.1421545611356	1016.27	72.962646484375	0.17557703	0.00015355714285714283	0.0005118571428571428	30.64697289466858	117362.35249447823
3418	1259.6778638773437	1018.99	72.230224609375	0.1755705	0.00015351428571428572	0.0005117142857142858	28.826481819152832	117391.18047475815
3419	1267.763442862394	1010.93	72.482177734375	0.17548023	0.00015347142857142856	0.0005115714285714286	41.107398986816406	117432.29649567604
3420	1269.8241505588692	1008.32	72.74169921875	0.17545007	0.00015342857142857142	0.0005114285714285714	44.742685317993164	117477.04050421715
3421	1251.8476564509529	1008.54	71.760498046875	0.1754558	0.00015338571428571429	0.0005112857142857143	43.51173686981201	117520.55370140076
3422	1285.645471027916	1020.34	73.012451171875	0.17533904	0.00015334285714285712	0.0005111428571428571	43.48698592185974	117564.05250358582
3423	1255.3986833434565	1000.69	72.272216796875	0.17526549	0.00015329999999999999	0.0005110000000000001	47.622802734375	117611.67712330818
3424	1244.6785648006135	999.36	72.78173828125	0.17512487	0.00015325714285714285	0.0005108571428571429	49.378156661987305	117661.05667495728
3425	1258.1849203423428	1004.73	72.29150390625	0.17506582	0.00015321428571428569	0.0005107142857142857	31.462294816970825	117692.52045249939
3426	1279.3677959464708	1015.91	73.05126953125	0.17506023	0.00015317142857142855	0.0005105714285714286	28.77902102470398	117721.30050134659
3427	1280.6651001510372	1021.59	72.81103515625	0.17505531	0.00015312857142857141	0.0005104285714285715	30.07115626335144	117751.37334895134
3428	1255.0824107055578	1007.02	73.07080078125	0.17504914	0.00015308571428571425	0.0005102857142857142	29.90769648551941	117781.2928738594
3429	1264.9449383178166	1012.2	72.580322265625	0.17482537	0.00015304285714285711	0.0005101428571428571	49.756683111190796	117831.05060648918
3430	1282.0809212283968	1022.05	73.33935546875	0.17460229	0.00015299999999999998	0.00051	31.74710512161255	117862.81252813339
3431	1272.8925956398116	1018.76	73.10009765625	0.1745855	0.00015295714285714282	0.0005098571428571428	30.001710891723633	117892.82876467705
3432	1269.4921057638173	1014.67	72.85986328125	0.17457043	0.00015291428571428573	0.0005097142857142858	30.616043090820312	117923.45708560944
3433	1278.245402454599	1018.16	73.119384765625	0.17455705	0.00015287142857142854	0.0005095714285714286	30.223755598068237	117953.69687819481
3434	1237.1433294787225	994.82	72.87939453125	0.1745664	0.00015282857142857143	0.0005094285714285715	41.40283465385437	117995.10086464882
3435	1246.6072352403673	999.03	73.38720703125	0.17450301	0.0001527857142857143	0.0005092857142857144	31.34147024154663	118026.45052027702
3436	1269.3717501735723	1021.21	72.398681640625	0.17447269	0.00015274285714285713	0.0005091428571428571	32.08381700515747	118058.54893946648
3437	1278.9478252510003	1021.95	72.909423828125	0.17447197	0.0001527	0.000509	30.06738042831421	118088.65649819374
3438	1258.0271481013176	1004.59	72.6689453125	0.17447078	0.00015265714285714286	0.0005088571428571429	29.690448760986328	118118.34848284721
3439	1245.508013769854	995.21	73.179443359375	0.1744683	0.0001526142857142857	0.0005087142857142857	29.55685806274414	118147.90687322617
3440	1275.592791546315	1024.0	72.689208984375	0.17446451	0.00015257142857142856	0.0005085714285714285	28.428519248962402	118176.33650517464
3441	1256.6901766534204	1006.88	73.198974609375	0.17444569	0.00015252857142857143	0.0005084285714285715	40.46468925476074	118216.80578398705
3442	1284.6339680272388	1024.0	72.456787109375	0.17438847	0.00015248571428571426	0.0005082857142857143	30.53324580192566	118247.36218118668
3443	1276.3165927685775	1020.13	72.72607421875	0.17437686	0.00015244285714285713	0.0005081428571428572	29.2170512676239	118276.60207223892
3444	1255.5633384310047	1007.1	73.228271484375	0.17436665	0.0001524	0.000508	28.657434225082397	118305.26087880135
3445	1272.9192044163935	1014.56	72.988037109375	0.17435856	0.00015235714285714283	0.0005078571428571428	28.947890996932983	118334.22487473488
3446	1277.1212345863999	1020.03	73.497802734375	0.17435168	0.00015231428571428572	0.0005077142857142858	29.602168321609497	118363.82854366302
3447	1258.7923393203541	1007.6	72.75732421875	0.17434418	0.00015227142857142856	0.0005075714285714286	29.56251883506775	118393.39273524284
3448	1284.864159696981	1019.98	72.525146484375	0.17433666	0.00015222857142857142	0.0005074285714285714	28.31730818748474	118421.71157765388
3449	1261.631354545161	1012.24	72.777099609375	0.17429435	0.00015218571428571428	0.0005072857142857143	42.369935512542725	118464.08289766312
3450	1273.7073065927161	1015.65	73.286865234375	0.17426254	0.00015214285714285712	0.0005071428571428572	39.376362323760986	118503.46099591255
3451	1259.8401384222877	1012.68	71.80419921875	0.17425923	0.00015209999999999998	0.000507	29.38761615753174	118532.86050796509
3452	1267.4568529490641	1012.21	73.05615234375	0.1742565	0.00015205714285714285	0.0005068571428571429	30.111830949783325	118562.99281287193
3453	1263.403840074881	1006.83	73.316162109375	0.17425431	0.00015201428571428568	0.0005067142857142857	29.88128685951233	118592.88173508644
3454	1267.2909343619833	1014.58	72.834716796875	0.17425068	0.00015197142857142855	0.0005065714285714286	28.484471797943115	118621.38159871101
3455	1281.6787952598343	1020.63	72.594482421875	0.17424636	0.0001519285714285714	0.0005064285714285714	28.331511974334717	118649.72455024719
3456	1270.333847529483	1013.97	72.84619140625	0.17410965	0.00015188571428571425	0.0005062857142857142	37.76733756065369	118687.50849437714
3457	1277.9023504992556	1022.07	72.606201171875	0.17415266	0.0001518428571428571	0.0005061428571428571	40.74486827850342	118728.2620036602
3458	1252.394723986599	1000.33	72.615478515625	0.17397124	0.00015179999999999998	0.000506	39.91672730445862	118768.18050169945
3459	1241.4960828916219	996.44	73.123291015625	0.17397587	0.0001517571428571428	0.0005058571428571427	31.603432416915894	118799.79680275917
3460	1252.3830941084314	1001.16	72.635009765625	0.17395848	0.00015171428571428573	0.0005057142857142858	30.155351638793945	118829.96050834656
3461	1285.3790110868501	1024.0	72.89453125	0.17394932	0.00015167142857142857	0.0005055714285714286	31.107550382614136	118861.0691010952
3462	1272.1212506820484	1016.24	73.654541015625	0.17394091	0.00015162857142857143	0.0005054285714285715	29.41740393638611	118890.50253200531
3463	1279.170425748758	1022.18	73.164306640625	0.1739335	0.0001515857142857143	0.0005052857142857143	28.97169852256775	118919.48880267143
3464	1251.774756409659	1004.68	73.174072265625	0.17370349	0.00015154285714285713	0.0005051428571428571	42.30339455604553	118961.80456352234
3465	1262.5865604258543	1006.94	72.93359375	0.17366256	0.0001515	0.000505	30.90370512008667	118992.72081422806
3466	1273.5187414396898	1013.01	73.193603515625	0.17364264	0.00015145714285714286	0.0005048571428571429	28.774131774902344	119021.49653816223
3467	1276.3660233964326	1018.38	73.453369140625	0.17362274	0.0001514142857142857	0.0005047142857142856	29.311659812927246	119050.81280207634
3468	1263.5762822694219	1008.97	72.963134765625	0.17360532	0.00015137142857142856	0.0005045714285714286	28.976053714752197	119079.80051112175
3469	1257.0017910828572	1005.57	72.722900390625	0.17358686	0.00015132857142857142	0.0005044285714285715	29.491307735443115	119109.29289841652
3470	1286.2677441671383	1016.95	73.4833984375	0.17356984	0.00015128571428571426	0.0005042857142857143	29.584514141082764	119138.8896574974
3471	1284.877559424775	1015.92	73.243408203125	0.17355241	0.00015124285714285715	0.0005041428571428572	28.5516619682312	119167.44231271744
3472	1275.353680043639	1011.27	73.253173828125	0.17353784	0.0001512	0.000504	29.12531065940857	119196.57833838463
3473	1245.047672300772	989.89	73.012939453125	0.17352475	0.00015115714285714283	0.0005038571428571428	28.535128355026245	119225.13612318039
3474	1270.9090972390848	1008.5	73.5224609375	0.17351155	0.00015111428571428572	0.0005037142857142858	29.147258758544922	119254.30047059059
3475	1262.837783367686	1003.23	73.156982421875	0.17353643	0.00015107142857142855	0.0005035714285714285	42.92287826538086	119297.22478413582
3476	1278.8443648522052	1006.2	73.914794921875	0.17343621	0.00015102857142857142	0.0005034285714285714	31.431700468063354	119328.67282128334
3477	1270.839497043541	1007.24	74.172607421875	0.17335558	0.00015098571428571428	0.0005032857142857144	31.022542476654053	119359.69682312012
3478	1289.591143275383	1018.15	73.180419921875	0.17333488	0.00015094285714285712	0.0005031428571428572	30.56252956390381	119390.26079463959
3479	1281.6699244538963	1012.36	73.187744140625	0.17331624	0.00015089999999999998	0.000503	30.330272912979126	119420.60337805748
3480	1303.7941964810511	1024.0	73.946044921875	0.17329861	0.00015085714285714285	0.0005028571428571429	28.83158802986145	119449.43645906448
3481	1252.9798940033706	991.82	73.453857421875	0.17328401	0.00015081428571428568	0.0005027142857142857	30.523536443710327	119479.97249150276
3482	1282.4734860102908	1018.83	73.461669921875	0.17322113	0.00015077142857142855	0.0005025714285714286	30.34688663482666	119510.32084274292
3483	1275.3329672616974	1013.05	73.7197265625	0.17321497	0.0001507285714285714	0.0005024285714285714	28.89585041999817	119539.21819663048
3484	1261.422576754067	1000.5	73.72705078125	0.17321098	0.00015068571428571425	0.0005022857142857142	30.67545461654663	119569.9123339653
3485	1284.5128278755556	1020.11	73.73486328125	0.17320766	0.00015064285714285716	0.0005021428571428573	29.51362133026123	119599.44450259209
3486	1272.6432483961366	1010.61	73.243896484375	0.17318815	0.00015059999999999997	0.0005020000000000001	30.0138099193573	119629.46049284935
3487	1275.5795126501976	1009.29	73.751708984375	0.1731813	0.0001505571428571428	0.0005018571428571428	29.281237602233887	119658.75769925117
3488	1277.8087347177488	1012.72	73.7587890625	0.1731746	0.00015051428571428573	0.0005017142857142858	30.428887128829956	119689.19797897339
3489	1294.051428334591	1024.0	73.51708984375	0.1731673	0.00015047142857142857	0.0005015714285714286	30.07542896270752	119719.28849959373
3490	1287.0590438531517	1022.22	73.525146484375	0.17316014	0.00015042857142857143	0.0005014285714285715	28.713000535964966	119748.00297760963
3491	1284.58622950671	1018.3	73.532958984375	0.17312455	0.0001503857142857143	0.0005012857142857143	32.300156593322754	119780.3045270443
3492	1278.9370537111133	1019.02	73.539794921875	0.17312442	0.00015034285714285713	0.0005011428571428571	28.666923999786377	119808.97249269485
3493	1254.5946483519274	1006.85	73.7978515625	0.17311545	0.0001503	0.000501	44.482444047927856	119853.4716451168
3494	1267.876948529233	1012.86	73.564208984375	0.17305513	0.00015025714285714286	0.000500857142857143	44.20644569396973	119897.68056964874
3495	1258.116851866468	1004.51	73.31396484375	0.17309804	0.0001502142857142857	0.0005007142857142856	44.13085579872131	119941.81253051758
3496	1266.5080809809483	1014.12	73.822021484375	0.17304881	0.00015017142857142856	0.0005005714285714286	29.626896858215332	119971.44048452377
3497	1278.73089990702	1022.19	73.578857421875	0.17303841	0.00015012857142857142	0.0005004285714285715	29.266580820083618	120000.70851755142
3498	1275.6492372840457	1016.36	73.58740234375	0.17302711	0.00015008571428571426	0.0005002857142857142	29.880075931549072	120030.61251187325
3499	1291.7038747306112	1020.92	73.59521484375	0.17301618	0.00015004285714285715	0.0005001428571428572	28.85127544403076	120059.46847748756
3500	1281.7929873540895	1014.12	73.35302734375	0.17295067	0.00015	0.0005	40.69436311721802	120100.16447806358
3501	1266.9884617741664	1012.7	73.86083984375	0.17295033	0.00014995714285714285	0.0004998571428571429	29.968348026275635	120130.15279865265
3502	1260.9214612360854	1005.21	73.3681640625	0.17294097	0.0001499142857142857	0.0004997142857142856	32.61984920501709	120162.7888097763
3503	1290.5161355541109	1022.65	74.12744140625	0.1729411	0.00014987142857142855	0.0004995714285714285	29.98336625099182	120192.78849196434
3504	1266.8236958043424	1008.63	72.642578125	0.17280658	0.00014982857142857142	0.0004994285714285715	44.94245362281799	120237.73248505592
3505	1275.7002982650558	1018.43	73.893310546875	0.17271219	0.00014978571428571428	0.0004992857142857144	39.99125957489014	120277.73257040977
3506	1283.0275045969443	1024.0	73.6513671875	0.17259657	0.00014974285714285712	0.0004991428571428571	39.73111128807068	120317.46481204033
3507	1248.2668717020656	993.83	73.658203125	0.17260426	0.00014969999999999998	0.000499	28.918124198913574	120346.38447713852
3508	1273.2495201076922	1011.71	73.41650390625	0.17252272	0.00014965714285714284	0.0004988571428571429	45.22361516952515	120391.6206831932
3509	1279.4057026203661	1024.0	73.174560546875	0.17229383	0.00014961428571428568	0.0004987142857142857	43.27073526382446	120434.89248132706
3510	1277.347275791955	1016.16	73.682373046875	0.17208506	0.00014957142857142854	0.0004985714285714285	45.67827296257019	120480.58272123337
3511	1288.2943029495532	1024.0	73.189453125	0.17206359	0.0001495285714285714	0.0004984285714285714	46.54353356361389	120527.12788176537
3512	1287.7091566490394	1024.0	73.697998046875	0.17194836	0.0001494857142857143	0.0004982857142857143	43.253297328948975	120570.40346384048
3513	1261.6066501035657	1002.73	73.955810546875	0.17194693	0.0001494428571428571	0.0004981428571428572	28.43082332611084	120598.8364739418
3514	1266.082138322491	1014.42	73.712646484375	0.1719722	0.0001494	0.000498	48.55892634391785	120647.39681816101
3515	1290.3231902994119	1020.32	73.721435546875	0.17199986	0.00014935714285714286	0.0004978571428571429	31.0021915435791	120678.40068292618
3516	1283.324661391228	1020.57	73.978515625	0.17200415	0.00014931428571428567	0.0004977142857142857	29.638266563415527	120708.0405266285
3517	1253.1187271223098	995.77	73.737060546875	0.17200758	0.00014927142857142856	0.0004975714285714286	28.31013250350952	120736.35216903687
3518	1269.7819802734768	1006.3	73.494873046875	0.17175937	0.00014922857142857143	0.0004974285714285714	45.52742004394531	120781.89649987221
3519	1284.8693141157096	1020.1	73.503662109375	0.17165036	0.0001491857142857143	0.0004972857142857143	48.34426689147949	120830.24291682243
3520	1260.9205817454751	1007.19	73.760498046875	0.17150891	0.00014914285714285713	0.0004971428571428571	42.58458662033081	120872.82853531837
3521	1259.3415833374754	1004.3	73.768798828125	0.17134939	0.0001491	0.000497	42.53894233703613	120915.37647461891
3522	1279.23442045363	1022.06	74.027099609375	0.17124332	0.00014905714285714286	0.0004968571428571429	41.39854311943054	120956.7765417099
3523	1278.0703662937503	1012.49	73.534912109375	0.17124002	0.0001490142857142857	0.0004967142857142857	31.398436069488525	120988.17682027817
3524	1278.3875984638935	1008.16	73.79296875	0.17123745	0.00014897142857142856	0.0004965714285714286	30.28346085548401	121018.46452832222
3525	1298.3603711952476	1024.0	73.549560546875	0.17123576	0.00014892857142857142	0.0004964285714285715	30.417657136917114	121048.89860582352
3526	1272.3209012228006	1012.43	73.55810546875	0.17123334	0.00014888571428571428	0.0004962857142857143	29.224797248840332	121078.124792099
3527	1280.3656927837196	1016.09	74.066162109375	0.17123066	0.00014884285714285712	0.0004961428571428571	29.37128734588623	121107.50870156288
3528	1272.9603282791886	1008.35	73.573974609375	0.17122756	0.00014879999999999998	0.000496	28.192997694015503	121135.71802043915
3529	1270.6360654125842	1011.04	73.33154296875	0.17125584	0.00014875714285714285	0.0004958571428571429	43.79956102371216	121179.52847623825
3530	1275.0824403739298	1008.17	73.589599609375	0.17112882	0.00014871428571428569	0.0004957142857142856	31.96595549583435	121211.49648690224
3531	1278.7552480358972	1012.38	74.097412109375	0.17110808	0.00014867142857142855	0.0004955714285714286	29.2993803024292	121240.8084962368
3532	1284.5641218595763	1016.85	73.855224609375	0.17108922	0.0001486285714285714	0.0004954285714285715	28.62253212928772	121269.43248319626
3533	1282.0857025106416	1016.62	73.613037109375	0.17107315	0.00014858571428571428	0.0004952857142857144	28.919684410095215	121298.36884117126
3534	1272.759051991563	1008.79	74.12060546875	0.17098416	0.00014854285714285711	0.0004951428571428571	43.512047290802	121341.89703321457
3535	1292.3379494418132	1018.89	74.378662109375	0.17097993	0.00014849999999999998	0.000495	31.243434190750122	121373.1568338871
3536	1288.4794229851368	1024.0	73.887451171875	0.17097731	0.00014845714285714284	0.0004948571428571429	29.154512405395508	121402.31279921532
3537	1262.315491935895	1001.44	73.395263671875	0.17097406	0.00014841428571428568	0.0004947142857142857	29.21172571182251	121431.53279423714
3538	1289.1472625778813	1019.04	73.90283203125	0.17097305	0.00014837142857142854	0.0004945714285714285	29.955373525619507	121461.50047659874
3539	1287.458140517057	1014.67	74.035888671875	0.17096949	0.0001483285714285714	0.0004944285714285714	29.81150460243225	121491.32057523727
3540	1295.2114375173937	1022.12	74.293701171875	0.17096724	0.0001482857142857143	0.0004942857142857144	29.73930311203003	121521.07247567177
3541	1282.7190484234575	1010.3	74.801513671875	0.17092524	0.0001482428571428571	0.0004941428571428572	42.990837812423706	121564.06432795525
3542	1288.139111295326	1018.94	74.309326171875	0.17092645	0.0001482	0.000494	29.551064014434814	121593.6325583458
3543	1289.6498997809242	1020.17	73.31689453125	0.17092411	0.00014815714285714286	0.0004938571428571429	29.54007387161255	121623.1741425991
3544	1295.2822934017752	1024.0	74.074951171875	0.17091922	0.0001481142857142857	0.0004937142857142857	28.695528268814087	121651.88449883461
3545	1273.01974829926	1004.76	73.832763671875	0.17091547	0.00014807142857142856	0.0004935714285714286	29.515865564346313	121681.41280865669
3546	1279.7010417096258	1014.12	73.840576171875	0.1709121	0.00014802857142857143	0.0004934285714285714	29.043265104293823	121710.47237205505
3547	1280.4818494740668	1016.32	73.59814453125	0.1709098	0.0001479857142857143	0.0004932857142857143	29.75133204460144	121740.24048471451
3548	1287.1344346422	1018.05	74.106201171875	0.17090781	0.00014794285714285713	0.0004931428571428571	28.880741119384766	121769.13391470909
3549	1262.5957371267177	1003.13	74.863525390625	0.1709063	0.0001479	0.0004930000000000001	28.95945119857788	121798.10852241516
3550	1279.8533943798554	1011.06	74.62158203125	0.17090571	0.00014785714285714285	0.0004928571428571429	29.259517669677734	121827.36966395378
3551	1268.1370417316734	1008.4	73.62939453125	0.17073894	0.0001478142857142857	0.0004927142857142857	33.16343665122986	121860.54853773117
3552	1283.5220304084423	1016.8	74.8876953125	0.1707222	0.00014777142857142855	0.0004925714285714286	30.810664653778076	121891.36082983017
3553	1281.7545546930503	1016.32	74.39599609375	0.17063971	0.00014772857142857142	0.0004924285714285714	44.90096664428711	121936.27809596062
3554	1280.6439516565995	1012.9	73.654052734375	0.17063428	0.00014768571428571428	0.0004922857142857143	31.567753076553345	121967.86086821556
3555	1271.210361145059	1008.38	74.411865234375	0.17062978	0.00014764285714285712	0.0004921428571428571	30.2539644241333	121998.11650466919
3556	1243.4699119392542	995.27	74.41943359375	0.1706242	0.00014759999999999998	0.000492	29.19173526763916	122027.32488441467
3557	1244.6783231470736	994.39	73.927001953125	0.17062056	0.00014755714285714285	0.0004918571428571428	28.734489917755127	122056.06049776077
3558	1258.5491100971365	1004.81	74.684814453125	0.1706168	0.00014751428571428568	0.0004917142857142856	29.11453676223755	122085.17652225494
3559	1256.857041344725	1006.2	74.192626953125	0.17061143	0.00014747142857142855	0.0004915714285714286	29.415319204330444	122114.60451483727
3560	1259.266559771336	1006.85	73.208251953125	0.17045647	0.0001474285714285714	0.0004914285714285715	42.697938680648804	122157.31507706642
3561	1270.5277516628296	1018.14	74.2080078125	0.17037398	0.00014738571428571427	0.0004912857142857143	44.456759452819824	122201.78632283211
3562	1258.136721849608	1005.1	74.216552734375	0.17041147	0.0001473428571428571	0.0004911428571428571	45.28168797492981	122247.08283185959
3563	1266.9699787367283	1005.98	74.224365234375	0.1702228	0.00014729999999999998	0.000491	42.66166543960571	122289.74550580978
3564	1254.084629477849	998.08	73.982177734375	0.17022328	0.00014725714285714284	0.0004908571428571429	29.325942993164062	122319.07308292389
3565	1278.5357204262152	1022.46	74.23974609375	0.17017572	0.00014721428571428573	0.0004907142857142857	41.29938340187073	122360.38446879387
3566	1269.9273211605123	1010.8	74.247314453125	0.17006649	0.00014717142857142854	0.0004905714285714285	41.26220679283142	122401.65971159935
3567	1290.7635291659308	1023.74	74.505126953125	0.17002176	0.00014712857142857143	0.0004904285714285715	41.993051528930664	122443.65417408943
3568	1269.6437850607651	1013.23	74.012939453125	0.17020072	0.0001470857142857143	0.0004902857142857144	42.91949415206909	122486.5885617733
3569	1255.034938356138	1002.16	74.021728515625	0.17019945	0.0001470428571428571	0.0004901428571428571	29.815613746643066	122516.4164879322
3570	1225.3132996533052	980.19	74.029296875	0.17018932	0.000147	0.00049	31.763864755630493	122548.19294261932
3571	1270.1988876353685	1014.79	74.537109375	0.17018454	0.00014695714285714286	0.0004898571428571429	28.50628161430359	122576.70081233978
3572	1274.1223260864645	1020.99	73.794189453125	0.17018075	0.00014691428571428572	0.0004897142857142858	28.647406101226807	122605.35650062561
3573	1247.1179074874613	998.49	74.55322265625	0.17017734	0.00014687142857142856	0.0004895714285714285	28.854965209960938	122634.21248793602
3574	1275.1154948214498	1024.0	74.06103515625	0.17017202	0.00014682857142857142	0.0004894285714285714	28.35906744003296	122662.58429908752
3575	1274.7816962544257	1020.1	74.568115234375	0.17016597	0.0001467857142857143	0.0004892857142857143	29.699381589889526	122692.2965297699
3576	1271.205387775217	1018.22	74.076416015625	0.17002046	0.00014674285714285712	0.0004891428571428572	41.07881474494934	122733.37681007385
3577	1257.069131053824	1005.44	74.084228515625	0.17000298	0.0001467	0.000489	46.92647886276245	122780.3045053482
3578	1282.1688069801396	1024.0	74.592041015625	0.16997892	0.00014665714285714285	0.0004888571428571429	45.78596472740173	122826.09249305725
3579	1268.8377373669543	1011.72	74.349609375	0.16997707	0.00014661428571428572	0.0004887142857142858	30.187398672103882	122856.29251408577
3580	1241.8130244307558	991.77	73.85791015625	0.16995823	0.00014657142857142855	0.0004885714285714286	28.954514265060425	122885.24850511551
3581	1275.6748575089835	1022.19	74.865966796875	0.16995066	0.00014652857142857142	0.0004884285714285714	29.015142917633057	122914.26477527618
3582	1279.1833961832776	1014.56	75.373779296875	0.16994183	0.00014648571428571428	0.0004882857142857143	30.015653610229492	122944.29284882545
3583	1254.5945422046798	998.61	74.381591796875	0.16993243	0.00014644285714285712	0.00048814285714285713	29.854214191436768	122974.14849448204
3584	1292.5531522993203	1024.0	74.888671875	0.1699249	0.00014639999999999998	0.000488	30.394839763641357	123004.55576729774
3585	1266.0612962157109	1002.05	73.90576171875	0.1699177	0.00014635714285714284	0.0004878571428571429	30.124832153320312	123034.69796466827
3586	1272.3825277093656	1013.54	74.656005859375	0.16990876	0.0001463142857142857	0.00048771428571428577	30.258605480194092	123064.97174668312
3587	1259.7098889605752	997.01	73.671630859375	0.16988043	0.00014627142857142855	0.0004875714285714286	29.727782487869263	123094.70052289963
3588	1274.8386715647903	1008.83	74.67138671875	0.16987066	0.0001462285714285714	0.00048742857142857144	30.07937788963318	123124.79652309418
3589	1287.5144842588309	1014.73	74.92919921875	0.16986246	0.00014618571428571427	0.00048728571428571435	29.293737411499023	123154.09134483337
3590	1279.34191781373	1016.51	74.43701171875	0.16985433	0.0001461428571428571	0.0004871428571428571	28.748260974884033	123182.8411397934
3591	1285.2476451272291	1020.13	75.193115234375	0.1698454	0.00014609999999999997	0.000487	28.844678163528442	123211.70959591866
3592	1221.714751472643	968.28	75.200927734375	0.16983718	0.00014605714285714284	0.0004868571428571429	28.586568117141724	123240.31173491478
3593	1305.4907395387518	1024.0	74.960205078125	0.16982798	0.00014601428571428573	0.0004867142857142858	30.46434783935547	123270.79280042648
3594	1280.2603180860224	1012.34	73.96826171875	0.16982032	0.00014597142857142854	0.00048657142857142855	28.396445989608765	123299.19072341919
3595	1287.1513497045667	1010.13	74.72607421875	0.16976435	0.00014592857142857143	0.00048642857142857147	42.808337926864624	123342.00047636032
3596	1281.3448807232944	1012.59	74.734130859375	0.16976632	0.0001458857142857143	0.0004862857142857143	44.05427694320679	123386.05653476715
3597	1278.0551702516486	1008.37	74.490966796875	0.16972296	0.00014584285714285713	0.00048614285714285713	30.891438961029053	123416.96049380302
3598	1289.585505589668	1010.29	75.24951171875	0.1697132	0.0001458	0.000486	30.130815505981445	123447.09259438515
3599	1255.5345490727007	991.79	74.757568359375	0.16970186	0.00014575714285714286	0.0004858571428571429	29.01538372039795	123476.12448120117
3600	1300.3349839409561	1024.0	74.765380859375	0.169692	0.00014571428571428572	0.00048571428571428577	29.747403383255005	123505.88452410698
3601	1253.250365384508	996.06	74.773193359375	0.16968143	0.00014567142857142856	0.0004855714285714286	29.555036783218384	123535.44056725502
3602	1279.504031092284	1006.48	74.53125	0.16967213	0.00014562857142857142	0.00048542857142857144	30.527370929718018	123565.97652196884
3603	1286.7100360833035	1012.83	74.91455078125	0.16966337	0.00014558571428571429	0.00048528571428571436	28.863407611846924	123594.84849381447
3604	1287.8678003058842	1020.42	74.672607421875	0.16966347	0.00014554285714285712	0.0004851428571428571	42.191667795181274	123637.0487985611
3605	1279.8666556948344	1013.99	74.67919921875	0.16967718	0.00014549999999999999	0.00048499999999999997	45.77951765060425	123682.8406059742
3606	1264.486812006536	1001.99	74.9384765625	0.16971104	0.00014545714285714285	0.0004848571428571429	48.13211512565613	123730.98155927658
3607	1262.9226897998892	999.86	73.45263671875	0.16969706	0.00014541428571428571	0.00048471428571428575	30.535533666610718	123761.52853155136
3608	1294.7575921586526	1024.0	75.20361328125	0.16958946	0.00014537142857142855	0.00048457142857142856	42.02331805229187	123803.5564661026
3609	1272.0235210076619	1005.07	74.961669921875	0.16959792	0.00014532857142857141	0.0004844285714285714	29.419318199157715	123832.98652887344
3610	1289.7495328545995	1018.42	74.719482421875	0.16959955	0.00014528571428571428	0.00048428571428571433	29.428167581558228	123862.4285929203
3611	1265.192971381277	1003.13	74.72705078125	0.16960119	0.00014524285714285711	0.0004841428571428571	29.234360694885254	123891.67651438713
3612	1299.1461580908704	1018.26	74.485107421875	0.16960023	0.00014519999999999998	0.000484	28.927001953125	123920.61619496346
3613	1277.5606584433613	1014.11	74.492919921875	0.16959947	0.00014515714285714284	0.00048385714285714286	28.555639266967773	123949.18047738075
3614	1292.7819565361526	1016.11	75.000732421875	0.16959703	0.0001451142857142857	0.0004837142857142858	28.49040412902832	123977.67258381844
3615	1264.073589296852	1002.31	74.008544921875	0.16944474	0.00014507142857142854	0.00048357142857142853	46.819669008255005	124024.51282572746
3616	1254.6779424953006	993.41	74.26611328125	0.16940059	0.0001450285714285714	0.00048342857142857145	45.2591073513031	124069.7844862938
3617	1254.9050996910019	991.53	74.274169921875	0.16928071	0.00014498571428571427	0.0004832857142857143	47.604063272476196	124117.40851092339
3618	1275.907433999038	1012.76	75.282958984375	0.16926609	0.0001449428571428571	0.0004831428571428571	29.10137438774109	124146.51864242554
3619	1286.5347416404377	1013.17	75.040771484375	0.1692587	0.00014489999999999997	0.000483	30.01971697807312	124176.5528087616
3620	1279.448030519884	1014.34	75.0478515625	0.16925125	0.00014485714285714286	0.0004828571428571429	30.424675464630127	124206.99360561371
3621	1270.1099268121889	1004.97	75.056396484375	0.16924368	0.00014481428571428573	0.00048271428571428575	30.106095790863037	124237.1231637001
3622	1265.2818788162417	999.14	75.5634765625	0.16923624	0.00014477142857142856	0.00048257142857142856	29.679489612579346	124266.82448005676
3623	1281.007374510217	1010.17	74.82958984375	0.16922648	0.00014472857142857143	0.0004824285714285714	30.318643808364868	124297.1444914341
3624	1278.0036921552378	1009.56	75.330078125	0.1692183	0.0001446857142857143	0.00048228571428571434	30.198569297790527	124327.34450221062
3625	1260.7719842997305	1000.8	74.8369140625	0.16921218	0.00014464285714285713	0.0004821428571428571	29.72067952156067	124357.06673121452
3626	1289.9342054834378	1013.26	75.09521484375	0.16922373	0.0001446	0.000482	42.69936513900757	124399.78048658371
3627	1257.5015093487946	996.39	75.353271484375	0.16922808	0.00014455714285714285	0.00048185714285714287	29.422327280044556	124429.20449352264
3628	1289.1605255444101	1022.48	74.867919921875	0.16910677	0.00014451428571428572	0.0004817142857142858	43.11879515647888	124472.32474541664
3629	1270.874027327568	1002.21	74.619140625	0.16911256	0.00014447142857142856	0.00048157142857142854	43.47418928146362	124515.80049681664
3630	1308.2680223699463	1024.0	74.12548828125	0.16906367	0.00014442857142857142	0.00048142857142857145	47.044421911239624	124562.8577208519
3631	1303.089562401371	1023.93	74.142333984375	0.16903313	0.00014438571428571428	0.0004812857142857143	44.2386679649353	124607.11177778244
3632	1286.3116442625997	1015.99	74.642333984375	0.16879064	0.00014434285714285712	0.0004811428571428571	42.046669721603394	124649.1600856781
3633	1276.4348191361696	1007.3	74.400146484375	0.16876245	0.00014429999999999998	0.000481	31.007202863693237	124680.16888237
3634	1301.6329060745566	1024.0	75.15869140625	0.16875498	0.00014425714285714285	0.0004808571428571429	31.123353719711304	124711.30849146843
3635	1296.048616512731	1020.18	74.916748046875	0.16874737	0.0001442142857142857	0.00048071428571428576	30.29524254798889	124741.60481953621
3636	1282.5275944042771	1012.59	74.924560546875	0.16873972	0.00014417142857142855	0.00048057142857142857	30.25471329689026	124771.86714482307
3637	1288.0426165346832	1015.13	74.432373046875	0.1687836	0.0001441285714285714	0.00048042857142857143	39.17605137825012	124811.0445215702
3638	1303.7591054611391	1019.18	74.938232421875	0.1686275	0.00014408571428571428	0.00048028571428571434	41.73564839363098	124852.78878068924
3639	1257.4445099776628	997.28	75.197021484375	0.16863145	0.0001440428571428571	0.0004801428571428571	29.34614133834839	124882.13648939133
3640	1277.8974225301429	998.22	74.70556640625	0.16840412	0.00014399999999999998	0.00048	44.45560669898987	124926.59331607819
3641	1264.0697819903307	1003.63	74.46337890625	0.16838507	0.00014395714285714284	0.0004798571428571429	30.263160943984985	124956.87251877785
3642	1283.1828998991052	1016.18	75.221435546875	0.16837639	0.0001439142857142857	0.0004797142857142858	29.257019519805908	124986.14995861053
3643	1268.2353016247853	1002.63	75.22900390625	0.16836947	0.00014387142857142854	0.00047957142857142854	30.17748737335205	125016.3284983635
3644	1267.1456514907825	996.76	75.237060546875	0.1683634	0.0001438285714285714	0.00047942857142857146	28.911033153533936	125045.24095416069
3645	1264.7161315130793	1004.98	74.502685546875	0.16835804	0.00014378571428571427	0.0004792857142857143	28.915403842926025	125074.16849541664
3646	1263.2164544073132	995.55	75.502685546875	0.16814224	0.0001437428571428571	0.0004791428571428571	44.92348027229309	125119.09290242195
3647	1241.3155486761505	986.38	75.010498046875	0.16806857	0.00014369999999999997	0.000479	46.89780592918396	125165.99280834198
3648	1277.8018572288754	1007.52	75.26806640625	0.1680001	0.00014365714285714286	0.0004788571428571429	31.355191469192505	125197.36056923866
3649	1265.644015047161	1003.45	75.276123046875	0.16798593	0.00014361428571428572	0.00047871428571428576	29.387755393981934	125226.76082587242
3650	1232.3623100451189	979.17	74.291748046875	0.16797431	0.00014357142857142856	0.00047857142857142857	28.975136041641235	125255.74805903435
3651	1245.999930479601	997.78	75.042724609375	0.1679665	0.00014352857142857142	0.00047842857142857143	29.151359796524048	125284.91648769379
3652	1243.8968788000798	992.19	75.049072265625	0.16795857	0.0001434857142857143	0.00047828571428571435	29.175453662872314	125314.10451769829
3653	1230.805321863206	993.23	75.808349609375	0.1679076	0.00014344285714285713	0.0004781428571428571	29.986937046051025	125344.09248018265
3654	1267.2337354507517	1014.31	75.316162109375	0.16789234	0.0001434	0.00047799999999999996	30.117003202438354	125374.22594809532
3655	1231.7012643135897	981.62	75.073974609375	0.16788001	0.00014335714285714285	0.0004778571428571429	30.25936269760132	125404.49653172493
3656	1228.7638202857756	990.16	75.331787109375	0.16786794	0.00014331428571428572	0.0004777142857142858	30.487398147583008	125434.99648594856
3657	1243.8648471439653	999.71	75.83935546875	0.1678559	0.00014327142857142855	0.00047757142857142855	29.959891319274902	125464.97287940979
3658	1227.1413617229496	990.99	74.847412109375	0.16784464	0.00014322857142857142	0.0004774285714285714	30.451157331466675	125495.43249368668
3659	1200.4915067735485	966.86	75.355224609375	0.16773313	0.00014318571428571428	0.0004772857142857143	47.388197898864746	125542.83337044716
3660	1210.6131383733339	979.21	74.861572265625	0.16773064	0.00014314285714285712	0.0004771428571428571	29.623653411865234	125572.46449422836
3661	1216.1213033518104	981.46	74.619873046875	0.16745193	0.00014309999999999998	0.000477	42.85979080200195	125615.332695961
3662	1256.2936505261412	999.0	74.87841796875	0.16738804	0.00014305714285714285	0.00047685714285714285	31.716157913208008	125647.05052042007
3663	1257.3175434552495	1006.82	75.38623046875	0.16738208	0.0001430142857142857	0.00047671428571428577	30.213213443756104	125677.28617191315
3664	1212.4994777436766	983.14	74.89404296875	0.16731201	0.00014297142857142855	0.0004765714285714285	45.21210479736328	125722.51314258575
3665	1229.983807785083	994.72	74.40185546875	0.16731252	0.0001429285714285714	0.00047642857142857144	29.29396343231201	125751.80848670006
3666	1264.7052188676391	1016.53	75.4091796875	0.16731448	0.00014288571428571427	0.0004762857142857143	30.679420471191406	125782.48935031891
3667	1207.6054822134593	972.02	75.542724609375	0.1673149	0.0001428428571428571	0.0004761428571428571	29.157620191574097	125811.64851307869
3668	1229.8459463730665	991.38	75.801513671875	0.1673171	0.00014279999999999997	0.00047599999999999997	29.311323165893555	125840.97248983383
3669	1216.74909283341	983.53	75.309326171875	0.1673211	0.00014275714285714284	0.0004758571428571429	29.638854503631592	125870.61277222633
3670	1234.3989117570484	992.47	75.31689453125	0.167322	0.0001427142857142857	0.00047571428571428575	29.495376348495483	125900.12450170517
3671	1265.3690300137373	1013.42	74.332275390625	0.16723718	0.00014267142857142854	0.00047557142857142855	44.89056372642517	125945.01646900177
3672	1234.2215985369712	988.86	75.332275390625	0.16713862	0.0001426285714285714	0.0004754285714285714	30.326946020126343	125975.34523415565
3673	1249.153082802181	997.91	75.590087890625	0.16712151	0.0001425857142857143	0.00047528571428571433	28.62626576423645	126003.97249102592
3674	1232.6773833218624	989.83	75.34814453125	0.16710477	0.0001425428571428571	0.0004751428571428571	29.004547357559204	126032.97854208946
3675	1235.813062584976	1000.32	75.35546875	0.16702585	0.0001425	0.000475	48.26902389526367	126081.24850606918
3676	1225.5130185432254	984.71	75.36376953125	0.16681676	0.00014245714285714286	0.00047485714285714286	41.43844532966614	126122.68955993652
3677	1220.2257626322082	988.11	74.627685546875	0.16683255	0.00014241428571428572	0.0004747142857142858	30.39915156364441	126153.10456442833
3678	1263.4890213707397	1002.34	76.379150390625	0.16683787	0.00014237142857142856	0.00047457142857142853	28.470882654190063	126181.5764951706
3679	1272.0639897473673	1012.59	75.136962890625	0.1668436	0.00014232857142857142	0.00047442857142857144	29.05526065826416	126210.64436531067
3680	1256.3055930236728	1005.97	75.39501953125	0.16684712	0.00014228571428571429	0.0004742857142857143	30.26715064048767	126240.91248226166
3681	1261.5936943056338	995.03	75.152587890625	0.16685058	0.00014224285714285712	0.0004741428571428571	29.32875895500183	126270.25770878792
3682	1256.3351289813522	997.22	74.910400390625	0.16685496	0.0001422	0.000474	30.566154718399048	126300.82479572296
3683	1278.8206542697365	1009.5	75.668212890625	0.16685791	0.00014215714285714285	0.0004738571428571429	30.06166958808899	126330.9027864933
3684	1265.8589563730159	1001.42	75.6767578125	0.16686101	0.00014211428571428571	0.00047371428571428575	30.004384517669678	126360.90848946571
3685	1262.80486571004	1000.4	75.184814453125	0.16677333	0.00014207142857142855	0.00047357142857142856	45.3984739780426	126406.30848455429
3686	1241.7278964286045	977.14	75.943115234375	0.16676766	0.00014202857142857142	0.0004734285714285714	28.93895387649536	126435.24848842621
3687	1292.7810657271248	1020.26	75.450927734375	0.16658537	0.00014198571428571428	0.00047328571428571434	41.86680865287781	126477.11650037766
3688	1256.95518054742	995.73	75.70849609375	0.16639924	0.00014194285714285714	0.0004731428571428572	45.28650403022766	126522.40451455116
3689	1275.8250467040239	1005.2	75.216552734375	0.16622695	0.00014189999999999998	0.000473	42.585490226745605	126565.00261831284
3690	1283.9088229885263	1005.39	75.473388671875	0.16584487	0.00014185714285714284	0.00047285714285714287	41.28198552131653	126606.28631997108
3691	1280.3841560294818	1008.27	75.482177734375	0.16585098	0.0001418142857142857	0.0004727142857142858	30.632465362548828	126636.93758749962
3692	1284.1966434366095	1010.0	74.989990234375	0.16585569	0.00014177142857142854	0.00047257142857142853	29.359464406967163	126666.30851626396
3693	1264.7368491379611	1004.53	75.24609375	0.16585477	0.0001417285714285714	0.00047242857142857145	30.29134750366211	126696.60448980331
3694	1281.55060491755	1006.55	75.505126953125	0.16584991	0.00014168571428571427	0.0004722857142857143	29.462479829788208	126726.06848287582
3695	1297.5448986919082	1022.18	76.01318359375	0.1658458	0.00014164285714285714	0.00047214285714285723	29.95540142059326	126756.0405163765
3696	1285.0100700959392	1012.33	75.77099609375	0.16584186	0.00014159999999999997	0.000472	29.806861639022827	126785.86055636406
3697	1287.5853974824347	1008.29	75.779052734375	0.16583788	0.00014155714285714284	0.0004718571428571429	29.970820903778076	126815.83247828484
3698	1268.8392189530239	998.02	75.535888671875	0.16583191	0.0001415142857142857	0.00047171428571428576	29.88854169845581	126845.72243213654
3699	1283.6301761671657	1013.99	75.794189453125	0.16583079	0.00014147142857142854	0.00047157142857142856	41.015483140945435	126886.74850058556
3700	1286.8302253901115	1016.15	75.802001953125	0.16582903	0.0001414285714285714	0.0004714285714285714	28.25546360015869	126915.00851392746
3701	1266.7687758736988	999.94	75.560791015625	0.16560866	0.0001413857142857143	0.00047128571428571434	44.915388107299805	126959.92849946022
3702	1291.9342282689042	1013.3	75.316162109375	0.16561212	0.00014134285714285716	0.0004711428571428572	32.21190047264099	126992.14208722115
3703	1278.8293113954082	1010.48	75.825439453125	0.16561128	0.0001413	0.000471	28.540560245513916	127020.68447756767
3704	1291.473108958757	1018.13	75.834228515625	0.16560847	0.00014125714285714286	0.00047085714285714287	28.578949451446533	127049.26451778412
3705	1264.4415786521233	995.3	75.592529296875	0.16560589	0.00014121428571428572	0.0004707142857142858	28.118699073791504	127077.38487458229
3706	1279.920680575397	1012.47	75.850341796875	0.16560254	0.00014117142857142856	0.00047057142857142854	28.567434072494507	127105.96051335335
3707	1242.1519980217145	983.5	75.857421875	0.16558419	0.00014112857142857142	0.0004704285714285714	30.21942925453186	127136.18449687958
3708	1291.9877530663289	1018.11	75.11572265625	0.16555445	0.00014108571428571428	0.0004702857142857143	38.03814220428467	127174.22361803055
3709	1287.5213376434629	1015.25	75.62353515625	0.16555496	0.00014104285714285715	0.0004701428571428572	30.087304830551147	127204.31249785423
3710	1296.364403457371	1016.32	76.13134765625	0.16555579	0.00014099999999999998	0.00047	28.847432374954224	127233.16849064827
3711	1304.809332588312	1024.0	75.8876953125	0.16539177	0.00014095714285714285	0.00046985714285714285	42.739253997802734	127275.92048239708
3712	1278.99745197793	1011.27	75.89697265625	0.1653772	0.0001409142857142857	0.00046971428571428576	29.550408124923706	127305.47250175476
3713	1273.8591289020037	998.43	75.65478515625	0.16537061	0.00014087142857142855	0.0004695714285714285	28.75564455986023	127334.25248932838
3714	1281.9126246975939	1016.86	76.162841796875	0.16536379	0.0001408285714285714	0.00046942857142857143	28.302340269088745	127362.55648970604
3715	1294.9236224822155	1016.73	75.670166015625	0.16535848	0.00014078571428571428	0.0004692857142857143	28.923777103424072	127391.48889780045
3716	1276.07140722399	1010.79	75.92822265625	0.16535328	0.00014074285714285714	0.0004691428571428572	29.88240337371826	127421.37251019478
3717	1281.092777566704	1008.29	75.437255859375	0.16533649	0.00014069999999999998	0.00046899999999999996	29.68731164932251	127451.07254624367
3718	1254.1335839325927	1002.51	75.945068359375	0.16533399	0.00014065714285714284	0.0004688571428571429	28.934595108032227	127480.00849723816
3719	1275.7433801097636	1010.23	75.702880859375	0.1653307	0.0001406142857142857	0.00046871428571428574	28.76820135116577	127508.7781534195
3720	1266.0433711526503	1006.79	75.709228515625	0.1653296	0.00014057142857142854	0.00046857142857142855	28.428861618041992	127537.22203111649
3721	1267.9293822284537	1014.64	75.22607421875	0.16519812	0.0001405285714285714	0.0004684285714285714	44.066068172454834	127581.28947687149
3722	1277.5975736408648	1014.07	75.226318359375	0.16477573	0.00014048571428571427	0.0004682857142857143	37.21171307563782	127618.50258374214
3723	1272.9177958468904	1014.49	75.984130859375	0.16477607	0.00014044285714285713	0.0004681428571428572	29.625913619995117	127648.1294863224
3724	1285.6545871860048	1018.13	75.491943359375	0.16460358	0.00014039999999999997	0.000468	40.575472354888916	127688.71651315689
3725	1256.467969307241	1000.66	75.74951171875	0.16460438	0.00014035714285714283	0.00046785714285714285	30.214820384979248	127718.93249893188
3726	1277.7048101753517	1015.16	76.257568359375	0.16460277	0.00014031428571428573	0.00046771428571428577	30.034360647201538	127748.96848368645
3727	1269.7183427950636	1004.24	75.765380859375	0.16457923	0.00014027142857142853	0.0004675714285714285	40.43043088912964	127789.40048623085
3728	1272.517220546458	1005.34	75.773193359375	0.16447596	0.00014022857142857143	0.00046742857142857144	40.63389325141907	127830.03610944748
3729	1291.925756673861	1018.09	75.781005859375	0.16442348	0.0001401857142857143	0.0004672857142857143	40.95477771759033	127870.99269843102
3730	1263.4666018384669	1005.2	74.546142578125	0.16437553	0.00014014285714285715	0.0004671428571428572	40.5371356010437	127911.54956388474
3731	1248.9354045696725	996.56	75.671630859375	0.16429363	0.0001401	0.00046699999999999997	42.668153524398804	127954.23307299614
3732	1236.2575326100434	978.68	75.679443359375	0.16429445	0.00014005714285714285	0.0004668571428571429	30.08127522468567	127984.31791472435
3733	1266.447731054472	999.18	75.687255859375	0.16429393	0.00014001428571428572	0.00046671428571428574	29.006299257278442	128013.325684309
3734	1291.9997143928204	1018.3	76.19580078125	0.1642935	0.00013997142857142855	0.00046657142857142855	30.337466716766357	128043.67444133759
3735	1281.0181255642356	1013.2	76.453857421875	0.16429065	0.00013992857142857142	0.0004664285714285714	30.109655380249023	128073.80207753181
3736	1296.079673767914	1024.0	75.960205078125	0.16429044	0.00013988571428571428	0.00046628571428571433	28.95943260192871	128102.77251386642
3737	1286.5640768855537	1014.74	75.469482421875	0.16428669	0.00013984285714285715	0.0004661428571428572	28.550519466400146	128131.32451272011
3738	1276.2076981823038	1018.38	75.727294921875	0.1642146	0.00013979999999999998	0.000466	40.68285322189331	128172.00847816467
3739	1261.0593453752363	1005.16	75.98486328125	0.16421553	0.00013975714285714285	0.00046585714285714286	30.651284217834473	128202.67249703407
3740	1282.9108974412668	1009.34	75.742919921875	0.16421513	0.0001397142857142857	0.0004657142857142858	30.05482316017151	128232.72880530357
3741	1274.9055611998663	1010.98	76.000732421875	0.16424073	0.00013967142857142855	0.00046557142857142853	42.53117346763611	128275.26157546043
3742	1297.761980616403	1017.92	75.758544921875	0.16412626	0.0001396285714285714	0.00046542857142857144	43.21721935272217	128318.48080468178
3743	1255.865609314855	1000.69	76.01611328125	0.16412552	0.00013958571428571427	0.0004652857142857143	29.371094465255737	128347.86049056053
3744	1289.766372368955	1014.43	76.774169921875	0.16412218	0.00013954285714285714	0.0004651428571428572	28.84732961654663	128376.72448658943
3745	1266.9109948877326	994.35	76.031982421875	0.16411592	0.00013949999999999998	0.00046499999999999997	29.050482034683228	128405.7764840126
3746	1308.2123321332804	1018.22	76.039794921875	0.16411138	0.00013945714285714284	0.0004648571428571429	28.767674446105957	128434.54878544807
3747	1290.1098624195363	1015.32	76.047607421875	0.16410632	0.0001394142857142857	0.00046471428571428575	28.71936345100403	128463.27653503418
3748	1292.439849970204	1018.93	75.5546875	0.16389717	0.00013937142857142854	0.00046457142857142856	46.70291996002197	128509.98048830032
3749	1253.6140885719915	995.39	75.563232421875	0.16372098	0.0001393285714285714	0.0004644285714285714	43.11918306350708	128553.10852384567
3750	1281.6360094761396	1007.36	76.321044921875	0.16371553	0.00013928571428571427	0.00046428571428571433	39.38747715950012	128592.50886416435
3751	1298.6071203865	1016.72	75.829833984375	0.16376996	0.00013924285714285713	0.0004641428571428572	38.802366495132446	128631.3127822876
3752	1276.3803898272945	1006.69	75.34521484375	0.16379431	0.00013919999999999997	0.000464	42.41142511367798	128673.73651528358
3753	1261.5739147923634	985.84	76.843505859375	0.16371106	0.00013915714285714283	0.00046385714285714286	42.3953959941864	128716.14452838898
3754	1294.8862426898836	1012.17	76.353271484375	0.16368634	0.00013911428571428572	0.0004637142857142858	29.81831169128418	128745.96473002434
3755	1266.2466020981242	990.69	75.861083984375	0.16368103	0.00013907142857142853	0.00046357142857142853	28.787298679351807	128774.75311350822
3756	1280.8895591614535	1005.02	76.368896484375	0.16367647	0.00013902857142857142	0.00046342857142857145	28.705262422561646	128803.47439479828
3757	1295.4533172763236	1022.36	76.37646484375	0.16367258	0.0001389857142857143	0.0004632857142857143	30.9625461101532	128834.44847846031
3758	1305.4078298708894	1024.0	75.642333984375	0.16366743	0.00013894285714285715	0.0004631428571428572	28.683094263076782	128863.13290715218
3759	1290.6500397411535	1008.71	75.892333984375	0.16366233	0.0001389	0.000463	28.930137157440186	128892.06450533867
3760	1279.307645486518	1002.62	76.150146484375	0.16349165	0.00013885714285714285	0.00046285714285714284	43.198302268981934	128935.27948665619
3761	1286.6757009791204	1008.35	76.40771484375	0.16337149	0.00013881428571428572	0.00046271428571428576	40.94696497917175	128976.2404923439
3762	1286.9022579166847	1008.94	75.665771484375	0.16336782	0.00013877142857142855	0.0004625714285714285	31.447349548339844	129007.69649386406
3763	1284.8477184696007	1008.83	76.173583984375	0.16336879	0.00013872857142857142	0.0004624285714285714	30.656840562820435	129038.37327885628
3764	1275.0763798780274	1004.74	75.930908203125	0.16336833	0.00013868571428571428	0.0004622857142857143	29.99770498275757	129068.37248396873
3765	1296.8202481617272	1016.22	76.188720703125	0.16336764	0.00013864285714285714	0.0004621428571428572	28.962468147277832	129097.33648872375
3766	1254.1720757562298	987.09	76.946044921875	0.16336744	0.00013859999999999998	0.00046199999999999995	29.335376977920532	129126.67649006844
3767	1292.268663942151	1014.35	76.455322265625	0.1633685	0.00013855714285714284	0.00046185714285714287	28.355390787124634	129155.04048061371
3768	1303.0976556481946	1018.57	75.713134765625	0.1633691	0.0001385142857142857	0.00046171428571428573	28.88627314567566	129183.92852139473
3769	1286.381641391766	1006.63	76.220947265625	0.16331981	0.00013847142857142855	0.00046157142857142854	42.791449308395386	129226.73650217056
3770	1275.3944066149763	1012.7	75.736328125	0.16346587	0.0001384285714285714	0.0004614285714285714	39.79388165473938	129266.54328131676
3771	1284.6389531752448	1008.7	76.236572265625	0.16336669	0.00013838571428571427	0.0004612857142857143	37.60723352432251	129304.15249538422
3772	1295.7275270676698	1014.58	76.244873046875	0.1633655	0.00013834285714285714	0.0004611428571428572	29.054521322250366	129333.20850896835
3773	1310.4979153488725	1024.0	75.260009765625	0.1633283	0.00013829999999999997	0.000461	42.780503273010254	129375.99073886871
3774	1301.827230956981	1018.08	76.0107421875	0.1633585	0.00013825714285714284	0.00046085714285714285	45.02376198768616	129421.02880334854
3775	1277.0871772765317	1000.71	76.517578125	0.16344683	0.0001382142857142857	0.00046071428571428576	41.825308322906494	129462.85600614548
3776	1303.708314447	1014.77	76.52587890625	0.16345298	0.00013817142857142854	0.0004605714285714285	43.15911793708801	129506.03247189522
3777	1299.4336033157672	1020.72	77.0322265625	0.16332369	0.0001381285714285714	0.00046042857142857143	43.64684724807739	129549.68082594872
3778	1279.8222166288197	1003.92	75.54052734375	0.16332762	0.00013808571428571427	0.0004602857142857143	29.65579319000244	129579.34878849983
3779	1302.7785914830552	1016.05	77.048828125	0.16316311	0.00013804285714285716	0.0004601428571428572	40.33177661895752	129619.69283366203
3780	1285.0640707263267	1002.45	76.80712890625	0.16301696	0.00013799999999999997	0.00045999999999999996	38.21928334236145	129657.92447447777
3781	1295.4464941727995	1022.03	75.32275390625	0.16296814	0.00013795714285714286	0.0004598571428571429	30.479126453399658	129688.4049911499
3782	1286.949927229618	1010.39	76.32275390625	0.1629572	0.00013791428571428572	0.00045971428571428574	29.05958843231201	129717.48051285744
3783	1282.52153327956	1006.36	76.33154296875	0.16294737	0.00013787142857142853	0.00045957142857142854	29.69728994369507	129747.17951107025
3784	1295.445231948963	1011.04	76.5888671875	0.16293596	0.00013782857142857142	0.0004594285714285714	30.110854387283325	129777.30418491364
3785	1258.6088907345402	985.63	76.34716796875	0.16292615	0.00013778571428571429	0.0004592857142857143	28.88731813430786	129806.20847916603
3786	1266.7698091740806	1000.59	76.355224609375	0.16285713	0.00013774285714285715	0.0004591428571428572	31.370494842529297	129837.58048796654
3787	1296.4606566563434	1019.76	76.613037109375	0.16285297	0.00013769999999999999	0.000459	28.74599003791809	129866.32852196693
3788	1302.2295757899892	1022.3	76.62060546875	0.16284998	0.00013765714285714285	0.00045885714285714285	29.909379720687866	129896.23907446861
3789	1251.8433254394718	990.49	76.62841796875	0.16284531	0.00013761428571428571	0.00045871428571428577	29.24339485168457	129925.49259877205
3790	1261.342250691069	991.98	76.636474609375	0.16273049	0.00013757142857142855	0.0004585714285714285	47.21511435508728	129972.72083163261
3791	1286.383900521508	1010.77	76.644287109375	0.16268346	0.00013752857142857141	0.00045842857142857144	31.49829125404358	130004.22915029526
3792	1292.7031309525048	1014.96	76.402099609375	0.16268028	0.00013748571428571428	0.0004582857142857143	29.13752794265747	130033.38256216049
3793	1253.6464434591207	988.17	76.6591796875	0.16267727	0.00013744285714285714	0.0004581428571428572	29.584267139434814	130062.96850800514
3794	1272.4910024962169	1001.31	76.41748046875	0.16267484	0.00013739999999999998	0.00045799999999999997	29.770872831344604	130092.75205135345
3795	1295.4864040326693	1020.23	76.550048828125	0.16267146	0.00013735714285714284	0.0004578571428571429	29.903153657913208	130122.65647530556
3796	1283.5469698940367	1013.19	75.808349609375	0.16265585	0.0001373142857142857	0.00045771428571428574	31.278992652893066	130153.9365413189
3797	1257.3211346187977	995.9	76.8154296875	0.16265033	0.00013727142857142854	0.00045757142857142855	30.291425466537476	130184.24448156357
3798	1289.5435388474853	1012.81	76.82373046875	0.16264476	0.0001372285714285714	0.0004574285714285714	28.733274221420288	130212.97921872139
3799	1268.2381897372024	1004.76	76.58251953125	0.16263925	0.00013718571428571427	0.0004572857142857143	29.3373806476593	130242.33051776886
3800	1281.540190533267	1018.29	76.59033203125	0.16263205	0.00013714285714285713	0.0004571428571428572	30.088844299316406	130272.42077612877
3801	1242.075099965826	985.87	76.848388671875	0.16250356	0.00013709999999999997	0.000457	39.84300756454468	130312.28794193268
3802	1274.2588967230108	1009.97	76.60546875	0.16229373	0.00013705714285714284	0.00045685714285714286	39.03299593925476	130351.3386361599
3803	1279.2326005460125	1010.89	76.36181640625	0.16226383	0.0001370142857142857	0.00045671428571428577	43.0080361366272	130394.36049127579
3804	1282.6762953245643	1014.26	76.371826171875	0.16216941	0.00013697142857142854	0.0004565714285714285	40.07819223403931	130434.44049453735
3805	1270.2469976720497	1009.13	76.879638671875	0.16208345	0.0001369285714285714	0.00045642857142857144	42.99702525138855	130477.4392747879
3806	1296.6320193186875	1024.0	76.88671875	0.16192545	0.00013688571428571426	0.0004562857142857143	38.85107922554016	130516.30445742607
3807	1263.9968184896568	1003.23	77.14501953125	0.16192912	0.00013684285714285715	0.0004561428571428572	29.72718119621277	130546.04468870163
3808	1287.2002314160509	1020.54	76.9013671875	0.16181096	0.00013679999999999996	0.00045599999999999997	45.65442180633545	130591.70047879219
3809	1269.6875025356649	1008.44	76.66064453125	0.1617585	0.00013675714285714286	0.00045585714285714283	46.31906819343567	130638.02852535248
3810	1298.642446534051	1024.0	76.91845703125	0.16164358	0.00013671428571428572	0.00045571428571428575	42.9455943107605	130680.97604751587
3811	1271.7894206925766	1007.2	76.425537109375	0.16158974	0.00013667142857142856	0.0004555714285714285	48.55937743186951	130729.54849672318
3812	1254.6638819902398	992.87	76.18408203125	0.1615728	0.00013662857142857142	0.0004554285714285714	30.473280429840088	130760.0346519947
3813	1280.2074605724692	1012.21	76.692138671875	0.16156794	0.00013658571428571428	0.0004552857142857143	28.73581886291504	130788.78084588051
3814	1270.6863215609167	1005.97	76.449951171875	0.16156463	0.00013654285714285715	0.0004551428571428572	30.000038146972656	130818.79647493362
3815	1276.1278320334577	1003.35	76.45751953125	0.16156054	0.00013649999999999998	0.00045499999999999995	29.230899333953857	130848.02878212929
3816	1308.451494671192	1024.0	76.96630859375	0.1615567	0.00013645714285714285	0.00045485714285714286	28.388051986694336	130876.42847752571
3817	1292.618558974625	1012.65	76.22412109375	0.16155423	0.0001364142857142857	0.0004547142857142857	28.014620304107666	130904.4444847107
3818	1304.5124908683417	1018.39	77.22998046875	0.16155304	0.00013637142857142858	0.00045457142857142864	28.82689118385315	130933.27288269997
3819	1285.6793983309706	1012.99	76.73974609375	0.16154997	0.0001363285714285714	0.0004544285714285714	28.571618795394897	130961.84600687027
3820	1284.0347692602522	996.79	76.7470703125	0.1613041	0.00013628571428571428	0.0004542857142857143	46.26733088493347	131008.12448310852
3821	1300.8318766927628	1016.24	76.50537109375	0.1611767	0.00013624285714285714	0.00045414285714285717	41.218953371047974	131049.344851017
3822	1299.3420518178784	1014.5	76.02099609375	0.16096509	0.00013619999999999998	0.000454	39.238590478897095	131088.58513903618
3823	1295.125282002398	1014.15	77.02099609375	0.16085486	0.00013615714285714284	0.00045385714285714284	46.241649866104126	131134.8282623291
3824	1301.8400252861045	1011.4	76.279052734375	0.16067465	0.0001361142857142857	0.00045371428571428575	41.91544580459595	131176.76092672348
3825	1279.5902015167596	1001.96	77.535888671875	0.16072707	0.00013607142857142857	0.0004535714285714286	49.71795630455017	131226.4802494049
3826	1293.4566121704602	1013.91	77.04345703125	0.1606629	0.0001360285714285714	0.0004534285714285714	44.31899428367615	131270.80064034462
3827	1311.4497864828634	1024.0	76.55224609375	0.16065718	0.00013598571428571427	0.0004532857142857143	30.222067832946777	131301.02475762367
3828	1310.2897158857938	1024.0	77.059814453125	0.16065423	0.00013594285714285713	0.0004531428571428572	28.59002947807312	131329.62692666054
3829	1282.4489573214873	1002.78	77.067138671875	0.16065021	0.00013589999999999997	0.00045299999999999995	30.137874126434326	131359.76624155045
3830	1284.503923153213	1012.56	76.825439453125	0.1606472	0.00013585714285714283	0.00045285714285714287	29.441518306732178	131389.21864938736
3831	1263.1730212621799	994.75	77.333251953125	0.16064471	0.0001358142857142857	0.00045271428571428573	29.352622032165527	131418.57259893417
3832	1305.173533373839	1020.81	77.091064453125	0.16055763	0.0001357714285714286	0.00045257142857142864	38.12278628349304	131456.69649744034
3833	1302.4150077337367	1014.18	76.84912109375	0.16046564	0.0001357285714285714	0.0004524285714285714	42.67957520484924	131499.3886704445
3834	1292.954440255888	1010.63	75.61474609375	0.16046059	0.0001356857142857143	0.0004522857142857143	30.906511306762695	131530.2964861393
3835	1294.7137359930264	1012.9	77.115234375	0.16047713	0.00013564285714285715	0.0004521428571428572	46.27456450462341	131576.57208800316
3836	1301.4331288490264	1016.21	76.873291015625	0.16041188	0.00013559999999999996	0.000452	41.86207962036133	131618.44743537903
3837	1298.2264305193112	1016.06	77.131103515625	0.16041693	0.00013555714285714285	0.00045185714285714284	28.641197204589844	131647.10962677002
3838	1302.45935878415	1015.07	76.638427734375	0.16041805	0.00013551428571428572	0.00045171428571428576	30.44196319580078	131677.55250358582
3839	1304.6285547801458	1018.66	77.14697265625	0.16033427	0.00013547142857142858	0.0004515714285714286	45.00276255607605	131722.5568175316
3840	1311.4129715287436	1022.14	77.155029296875	0.16030566	0.00013542857142857142	0.00045142857142857143	30.744035243988037	131753.31247019768
3841	1290.5983980403657	1010.64	77.162841796875	0.16029663	0.00013538571428571428	0.0004512857142857143	30.122118949890137	131783.43649625778
3842	1324.2057742825896	1024.0	77.170654296875	0.1602968	0.00013534285714285715	0.0004511428571428572	29.73936367034912	131813.18448615074
3843	1291.6462143497636	1010.54	76.927734375	0.1602961	0.00013529999999999998	0.00045099999999999996	30.997418880462646	131844.19037175179
3844	1319.0478535394952	1024.0	77.18603515625	0.16029443	0.00013525714285714285	0.0004508571428571429	30.67136287689209	131874.87652945518
3845	1286.5820645372626	1015.43	77.19384765625	0.16029137	0.0001352142857142857	0.00045071428571428573	28.92133140563965	131903.8064174652
3846	1302.4934954151154	1024.0	76.709716796875	0.16028713	0.00013517142857142857	0.00045057142857142865	29.387910842895508	131933.19557523727
3847	1260.4478894361519	988.72	76.708740234375	0.16028205	0.0001351285714285714	0.0004504285714285714	29.915626525878906	131963.1126961708
3848	1299.1764428172721	1014.43	76.467041015625	0.16027449	0.00013508571428571427	0.0004502857142857143	30.470813751220703	131993.58451652527
3849	1302.1041608425867	1020.06	77.225830078125	0.16033733	0.00013504285714285714	0.0004501428571428572	43.653687477111816	132037.2510690689
3850	1273.346315678464	993.42	76.733642578125	0.16026002	0.00013499999999999997	0.00045	43.83589267730713	132081.0884859562
3851	1283.3563800080453	1002.83	76.740234375	0.16025455	0.00013495714285714284	0.00044985714285714285	29.82814598083496	132110.93366980553
3852	1307.0233257961022	1022.35	76.998779296875	0.1602531	0.0001349142857142857	0.00044971428571428576	29.675410509109497	132140.62452483177
3853	1294.0820413335928	1010.31	77.007080078125	0.16024934	0.00013487142857142857	0.0004495714285714286	29.05468487739563	132169.68030524254
3854	1292.1819650369716	1008.69	77.264892578125	0.16024314	0.0001348285714285714	0.00044942857142857143	28.635112524032593	132198.3164818287
3855	1304.1379996724986	1016.65	77.022705078125	0.16023712	0.00013478571428571427	0.0004492857142857143	30.30041265487671	132228.6214518547
3856	1292.1297888194742	1008.69	77.0302734375	0.16013952	0.00013474285714285713	0.0004491428571428572	43.04183602333069	132271.66451358795
3857	1303.972451551183	1018.24	76.5380859375	0.16008069	0.00013469999999999997	0.00044899999999999996	42.162768840789795	132313.82847952843
3858	1291.8051085008594	1012.84	77.04638671875	0.15999714	0.00013465714285714283	0.0004488571428571429	46.383589029312134	132360.22848963737
3859	1257.8188836758181	989.31	77.054443359375	0.15994217	0.0001346142857142857	0.00044871428571428574	46.13044834136963	132406.3604824543
3860	1303.2665901824817	1012.52	77.064208984375	0.15989818	0.00013457142857142859	0.00044857142857142866	48.70346283912659	132455.07683229446
3861	1270.7651094277323	998.79	76.573486328125	0.15989411	0.0001345285714285714	0.0004484285714285714	31.3142192363739	132486.39250063896
3862	1308.361718312849	1020.5	76.841552734375	0.15977296	0.0001344857142857143	0.00044828571428571427	44.31851863861084	132530.71254611015
3863	1288.5782799833253	1014.81	76.843017578125	0.15962595	0.00013444285714285715	0.0004481428571428572	41.37928247451782	132572.1082561016
3864	1280.4844707413029	1000.48	76.111083984375	0.15964252	0.0001344	0.00044799999999999994	31.183812618255615	132603.30894446373
3865	1302.4604841299433	1020.89	77.364013671875	0.15964326	0.00013435714285714285	0.00044785714285714285	30.16625666618347	132633.47649002075
3866	1303.1013397436807	1022.05	77.87353515625	0.15964352	0.00013431428571428571	0.0004477142857142857	30.694535493850708	132664.172488451
3867	1303.8374936704713	1018.02	77.6337890625	0.15964295	0.00013427142857142858	0.00044757142857142863	30.543567657470703	132694.73649287224
3868	1287.02403944994	1005.5	77.1435546875	0.15964295	0.00013422857142857142	0.0004474285714285714	29.050545930862427	132723.7884774208
3869	1282.475626773582	1005.54	77.1533203125	0.1596417	0.00013418571428571428	0.0004472857142857143	30.846588373184204	132754.63650035858
3870	1274.5106512809548	1002.59	77.41259765625	0.15963866	0.00013414285714285714	0.00044714285714285716	30.715574502944946	132785.37248516083
3871	1298.2887199717434	1018.34	77.173095703125	0.15958998	0.00013409999999999998	0.00044699999999999997	42.70412516593933	132828.08522224426
3872	1293.2172721126583	1011.98	77.182861328125	0.15949577	0.00013405714285714284	0.00044685714285714283	46.597145080566406	132874.6834962368
3873	1261.6501169640535	993.01	77.192626953125	0.1594456	0.0001340142857142857	0.00044671428571428575	46.77133655548096	132921.45650315285
3874	1299.2124827825917	1010.8	76.70263671875	0.15943481	0.00013397142857142857	0.0004465714285714286	31.05804181098938	132952.51650214195
3875	1300.9212290665198	1022.28	76.7197265625	0.15943162	0.0001339285714285714	0.0004464285714285714	29.948490619659424	132982.46662402153
3876	1287.5802064431311	1012.1	77.22119140625	0.15942839	0.00013388571428571427	0.0004462857142857143	29.14768075942993	133011.62884020805
3877	1290.008754950612	1016.42	77.481689453125	0.15942676	0.00013384285714285714	0.0004461428571428572	29.60613465309143	133041.23648238182
3878	1300.2544297074962	1013.3	77.491455078125	0.15942572	0.00013379999999999997	0.00044599999999999994	30.073814392089844	133071.32269382477
3879	1283.0423554430197	1002.65	77.249755859375	0.15942536	0.00013375714285714284	0.00044585714285714286	30.388409852981567	133101.712505579
3880	1312.7927272063262	1020.09	77.2607421875	0.15942323	0.0001337142857142857	0.0004457142857142857	29.02474355697632	133130.74972629547
3881	1317.1331821410527	1022.18	77.2705078125	0.15942195	0.00013367142857142856	0.00044557142857142864	28.90933394432068	133159.66851520538
3882	1295.4978021298712	1008.67	77.53125	0.15942042	0.0001336285714285714	0.0004454285714285714	29.991328477859497	133189.67250657082
3883	1293.7560821146612	1005.34	77.791015625	0.15941817	0.00013358571428571426	0.0004452857142857143	28.658685207366943	133218.33988046646
3884	1289.2726768766593	1010.36	76.80029296875	0.15943179	0.00013354285714285713	0.00044514285714285717	41.815648794174194	133260.15686154366
3885	1291.7221342157818	1008.83	77.310791015625	0.15940908	0.00013349999999999997	0.000445	29.587350845336914	133289.75648665428
3886	1300.7422142910862	1012.31	77.320068359375	0.15939951	0.00013345714285714283	0.00044485714285714284	29.092793703079224	133318.86976075172
3887	1295.8844324302786	1014.53	77.330322265625	0.15939109	0.00013341428571428572	0.00044471428571428575	29.097737550735474	133347.9684998989
3888	1277.8812716246734	990.86	77.09033203125	0.15938239	0.00013337142857142858	0.0004445714285714286	29.17457914352417	133377.14448285103
3889	1313.0437901040336	1024.0	77.09716796875	0.15937449	0.0001333285714285714	0.0004444285714285714	30.015324115753174	133407.1685037613
3890	1289.3718946928382	1002.59	77.609619140625	0.15936758	0.00013328571428571428	0.0004442857142857143	29.479841470718384	133436.65302062035
3891	1291.2955494595224	1012.44	77.119140625	0.1593623	0.00013324285714285715	0.0004441428571428572	29.443240880966187	133466.11248397827
3892	1300.6832132183827	1012.46	77.129150390625	0.15931624	0.00013319999999999999	0.00044399999999999995	30.959819078445435	133497.07324528694
3893	1285.6572722213052	1011.38	77.636962890625	0.15930368	0.00013315714285714285	0.00044385714285714287	30.297334909439087	133527.3720920086
3894	1312.0785900985395	1024.0	76.15625	0.15929376	0.0001331142857142857	0.00044371428571428573	30.3190860748291	133557.69248962402
3895	1274.1269511393139	998.88	77.408447265625	0.15928492	0.00013307142857142858	0.00044357142857142864	30.245360851287842	133587.93885183334
3896	1260.885946732447	987.39	77.666748046875	0.15927637	0.0001330285714285714	0.0004434285714285714	30.317330837249756	133618.2576174736
3897	1268.2259858368911	1003.15	77.427978515625	0.15924306	0.00013298571428571428	0.0004432857142857143	30.23762845993042	133648.49660611153
3898	1261.526784252431	993.8	77.4375	0.15923645	0.00013294285714285714	0.0004431428571428572	28.735384225845337	133677.24847769737
3899	1221.5162519057637	961.46	77.448486328125	0.1592302	0.00013289999999999998	0.000443	29.901967763900757	133707.17439937592
3900	1253.600818792173	995.1	77.458251953125	0.1592259	0.00013285714285714284	0.00044285714285714284	30.356276988983154	133737.54548168182
3901	1255.870776937462	996.88	77.467041015625	0.15922411	0.0001328142857142857	0.00044271428571428576	28.979969263076782	133766.5410721302
3902	1226.7759766780434	976.6	77.7275390625	0.15922223	0.00013277142857142857	0.0004425714285714286	30.274465322494507	133796.8164858818
3903	1232.440751971487	977.49	77.737548828125	0.15906997	0.0001327285714285714	0.0004424285714285714	46.134512186050415	133842.9524886608
3904	1250.9204724409578	985.07	77.247314453125	0.1589057	0.00013268571428571427	0.0004422857142857143	43.70352816581726	133886.66851115227
3905	1215.166596212386	970.7	77.256591796875	0.15889682	0.00013264285714285713	0.0004421428571428572	29.450395345687866	133916.1204764843
3906	1252.4222173814053	988.5	77.516357421875	0.15889001	0.00013259999999999997	0.00044199999999999996	29.003015518188477	133945.12449121475
3907	1262.4510876572442	991.63	77.525634765625	0.158884	0.00013255714285714283	0.00044185714285714287	29.31538677215576	133974.444480896
3908	1254.8283949622096	989.89	77.53564453125	0.15887755	0.0001325142857142857	0.00044171428571428573	28.798015594482422	134003.24706339836
3909	1235.9980380163888	974.77	77.795654296875	0.158874	0.00013247142857142856	0.00044157142857142865	28.21819567680359	134031.47909379005
3910	1268.887874929809	1000.91	77.555419921875	0.15886866	0.0001324285714285714	0.0004414285714285714	29.223867893218994	134060.71285915375
3911	1242.362741412743	981.65	77.81494140625	0.15886441	0.00013238571428571426	0.0004412857142857143	28.886279821395874	134089.6004936695
3912	1228.0624133144477	976.66	77.325439453125	0.15885982	0.00013234285714285713	0.0004411428571428572	30.194538593292236	134119.79649829865
3913	1236.9678044882164	975.62	77.085205078125	0.15873511	0.00013229999999999996	0.00044099999999999993	51.582895278930664	134171.3805348873
3914	1258.1046747517896	994.79	77.343017578125	0.15868971	0.00013225714285714283	0.00044085714285714285	44.934908390045166	134216.3327872753
3915	1275.0869468927908	1009.03	77.355712890625	0.15866424	0.00013221428571428572	0.0004407142857142857	29.931655406951904	134246.27674293518
3916	1242.3593983300407	982.25	77.86474609375	0.15865351	0.00013217142857142858	0.0004405714285714286	29.890048503875732	134276.18311023712
3917	1244.2458003175452	984.86	77.625	0.15864317	0.00013212857142857142	0.0004404285714285714	29.407565355300903	134305.60451579094
3918	1280.6561865627816	1012.56	77.884765625	0.15863381	0.00013208571428571428	0.0004402857142857143	29.463148832321167	134335.06879782677
3919	1226.8579568477635	969.51	77.89453125	0.15862611	0.00013204285714285715	0.00044014285714285715	28.507367610931396	134363.5885026455
3920	1269.310959276188	995.32	77.904296875	0.15862025	0.00013199999999999998	0.00043999999999999996	29.771350860595703	134393.37248015404
3921	1199.8338324046335	957.11	77.913818359375	0.15861368	0.00013195714285714285	0.0004398571428571428	28.76631450653076	134422.1404850483
3922	1290.5789654773062	1012.48	78.173583984375	0.15860088	0.0001319142857142857	0.00043971428571428574	30.210693359375	134452.35247778893
3923	1284.763513262182	1020.05	77.183349609375	0.15859883	0.00013187142857142857	0.0004395714285714286	29.750958919525146	134482.104501009
3924	1257.2907433151913	997.74	77.943359375	0.15859629	0.0001318285714285714	0.0004394285714285714	29.847361087799072	134511.96450471878
3925	1284.9876431565624	1010.2	77.95263671875	0.15859312	0.00013178571428571428	0.00043928571428571427	30.34500241279602	134542.31053709984
3926	1236.2550806997272	983.68	77.962890625	0.15858975	0.00013174285714285714	0.0004391428571428572	28.567679166793823	134570.888794899
3927	1278.9576446245278	1011.99	78.095947265625	0.15858623	0.00013169999999999998	0.00043899999999999994	28.855409860610962	134599.76055049896
3928	1254.7307874671344	990.16	77.852783203125	0.15857077	0.00013165714285714284	0.00043885714285714285	30.399317979812622	134630.1609122753
3929	1277.339115326606	1003.14	77.61181640625	0.158486	0.0001316142857142857	0.0004387142857142857	47.427186012268066	134677.61249184608
3930	1253.4365739810883	992.83	77.86669921875	0.15848288	0.00013157142857142857	0.00043857142857142863	30.186551332473755	134707.80079770088
3931	1269.9611843106452	1002.55	77.878173828125	0.15835743	0.0001315285714285714	0.0004384285714285714	48.006251096725464	134755.80851912498
3932	1253.7668218390797	985.68	77.63427734375	0.1583414	0.00013148571428571427	0.0004382857142857143	30.926363468170166	134786.73684978485
3933	1261.5779999531887	1002.35	77.8935546875	0.1583348	0.00013144285714285713	0.00043814285714285716	30.266231060028076	134817.0192143917
3934	1215.1022954327277	964.26	76.90771484375	0.15832867	0.00013139999999999997	0.00043799999999999997	30.947819232940674	134847.96850061417
3935	1200.69714660096	953.89	77.409423828125	0.15832238	0.00013135714285714283	0.00043785714285714283	29.93130373954773	134877.9010014534
3936	1241.3307549543947	993.82	78.16748046875	0.15831617	0.0001313142857142857	0.00043771428571428574	30.465558528900146	134908.3685657978
3937	1275.5416380233003	1013.71	77.67529296875	0.15810908	0.00013127142857142856	0.0004375714285714286	40.71158528327942	134949.0924861431
3938	1265.404879422067	1001.97	77.93310546875	0.15807459	0.0001312285714285714	0.0004374285714285714	38.327717542648315	134987.4328019619
3939	1251.5136999815145	991.13	77.440673828125	0.15794463	0.00013118571428571426	0.0004372857142857143	43.611340045928955	135031.05649209023
3940	1268.4201876456643	1004.63	77.94873046875	0.15792246	0.00013114285714285715	0.0004371428571428572	30.546390056610107	135061.60450482368
3941	1284.6866332755844	1010.82	77.95654296875	0.15791477	0.00013110000000000002	0.00043700000000000005	28.397691249847412	135090.0108063221
3942	1225.776097680432	974.51	77.96435546875	0.15790743	0.00013105714285714282	0.00043685714285714286	28.749448776245117	135118.77053952217
3943	1276.8711656152018	1004.06	77.97119140625	0.15790218	0.00013101428571428572	0.0004367142857142857	30.572622060775757	135149.34448337555
3944	1243.5705726490276	984.17	78.478759765625	0.15789627	0.00013097142857142858	0.00043657142857142864	29.022809743881226	135178.38325881958
3945	1281.269842048688	1009.47	78.237548828125	0.15788947	0.00013092857142857142	0.0004364285714285714	28.40805220603943	135206.80848002434
3946	1285.4361928489398	1018.09	77.995361328125	0.15788262	0.00013088571428571428	0.0004362857142857143	28.618687629699707	135235.4285480976
3947	1278.2388428862278	1012.09	78.253173828125	0.15787534	0.00013084285714285714	0.00043614285714285717	28.858734369277954	135264.30386567116
3948	1262.88096761833	991.29	78.01171875	0.15778424	0.0001308	0.0004360000000000001	43.03042793273926	135307.3473405838
3949	1295.6313663364554	1014.17	78.77001953125	0.15776351	0.00013075714285714284	0.00043585714285714283	43.233221769332886	135350.59649324417
3950	1265.5159039671123	999.65	78.2763671875	0.15772173	0.0001307142857142857	0.00043571428571428575	52.30626940727234	135402.90425491333
3951	1287.0175305432658	1016.73	77.78564453125	0.15754211	0.00013067142857142857	0.0004355714285714286	49.63445281982422	135452.54048800468
3952	1258.138762309983	992.6	77.793212890625	0.15755913	0.0001306285714285714	0.0004354285714285714	45.92790961265564	135498.48550748825
3953	1293.1900234823836	1019.04	77.058837890625	0.15739514	0.00013058571428571427	0.0004352857142857143	44.94690155982971	135543.4334385395
3954	1245.2860107320762	986.98	79.05908203125	0.15736426	0.00013054285714285714	0.0004351428571428572	30.46150279045105	135573.90661883354
3955	1222.8580293515574	959.33	78.06591796875	0.15735818	0.0001305	0.00043500000000000006	29.40052366256714	135603.30855464935
3956	1255.9138254042327	988.56	78.07470703125	0.15735325	0.00013045714285714284	0.00043485714285714286	29.759310245513916	135633.0844783783
3957	1294.1609193538982	1012.21	78.082275390625	0.15734655	0.0001304142857142857	0.0004347142857142857	29.406335592269897	135662.49248743057
3958	1261.0526457981414	994.58	77.84033203125	0.15734012	0.00013037142857142857	0.00043457142857142864	28.49741768836975	135690.99128556252
3959	1283.5087997103035	1010.63	78.09814453125	0.15733296	0.0001303285714285714	0.0004344285714285714	28.91672110557556	135719.9093902111
3960	1275.2106674448028	1002.45	78.35595703125	0.15732612	0.00013028571428571427	0.0004342857142857143	29.29549503326416	135749.22055959702
3961	1294.914053935481	1014.93	77.863525390625	0.15731879	0.00013024285714285713	0.00043414285714285717	30.33187508583069	135779.5688393116
3962	1251.5488718009315	986.42	78.12158203125	0.15719621	0.0001302	0.0004340000000000001	44.38713335990906	135823.9682033062
3963	1291.232503536741	1016.87	78.37939453125	0.15714094	0.00013015714285714283	0.00043385714285714284	30.83145499229431	135854.81656122208
3964	1297.5044931807222	1013.97	78.88818359375	0.15713125	0.0001301142857142857	0.0004337142857142857	28.244998455047607	135883.07392191887
3965	1291.0492561192484	1013.27	78.39404296875	0.15712425	0.00013007142857142856	0.0004335714285714286	28.66045355796814	135911.74954366684
3966	1272.7232732208026	994.96	78.403564453125	0.15711695	0.0001300285714285714	0.00043342857142857137	29.83208656311035	135941.59651136398
3967	1291.5987673998734	1005.0	78.66162109375	0.15710983	0.00012998571428571426	0.0004332857142857143	29.939385890960693	135971.5484776497
3968	1302.3515170888672	1020.19	78.41845703125	0.1570509	0.00012994285714285715	0.00043314285714285715	46.11903166770935	136017.6685039997
3969	1280.7510589465412	1008.11	77.92724609375	0.1567861	0.0001299	0.00043300000000000006	44.27136564254761	136061.94452238083
3970	1288.5128885563943	1014.39	77.68359375	0.15680031	0.00012985714285714285	0.0004328571428571428	29.89162278175354	136091.83788871765
3971	1239.2622688892636	980.1	78.19287109375	0.15680398	0.00012981428571428571	0.00043271428571428573	29.863443613052368	136121.71657276154
3972	1307.5365580943878	1018.08	78.20068359375	0.15680714	0.00012977142857142858	0.0004325714285714286	28.64732003211975	136150.37651634216
3973	1289.4825090111626	1009.28	78.20849609375	0.15681034	0.00012972857142857141	0.0004324285714285714	29.103302240371704	136179.48081803322
3974	1279.5665631223376	1006.07	78.216552734375	0.15681247	0.00012968571428571428	0.00043228571428571426	29.34255886077881	136208.82474541664
3975	1265.389229505537	1001.95	78.222900390625	0.15681349	0.00012964285714285714	0.0004321428571428572	29.635371446609497	136238.47249388695
3976	1275.4122812560242	1001.02	78.23193359375	0.1568139	0.0001296	0.00043200000000000004	29.608675956726074	136268.0827357769
3977	1281.3985061113924	1006.41	78.23974609375	0.15672292	0.00012955714285714284	0.00043185714285714285	47.51758050918579	136315.601790905
3978	1257.0537641002336	988.1	78.74755859375	0.1567216	0.0001295142857142857	0.0004317142857142857	29.35513973236084	136344.97249674797
3979	1294.6181362036818	1013.42	78.255615234375	0.15671913	0.00012947142857142857	0.0004315714285714286	29.350882530212402	136374.32448005676
3980	1292.4044310247657	1012.43	78.513916015625	0.15671515	0.0001294285714285714	0.0004314285714285714	28.995249032974243	136403.32067871094
3981	1304.8707313620623	1018.19	78.27197265625	0.15671213	0.00012938571428571427	0.0004312857142857143	29.602141857147217	136432.94707465172
3982	1280.834337892875	1002.54	78.27978515625	0.15670992	0.00012934285714285713	0.00043114285714285715	28.91629457473755	136461.8645079136
3983	1284.8241933528127	1001.16	78.53759765625	0.15670812	0.0001293	0.00043100000000000007	29.019396781921387	136490.88499212265
3984	1308.3430673191529	1020.21	78.294189453125	0.15670589	0.00012925714285714284	0.0004308571428571428	30.31934404373169	136521.2204914093
3985	1303.7722650625606	1018.23	78.05322265625	0.15665314	0.0001292142857142857	0.00043071428571428574	47.11874079704285	136568.35176205635
3986	1289.0780122521649	1010.44	78.06103515625	0.15665494	0.00012917142857142856	0.0004305714285714286	30.10745882987976	136598.47280693054
3987	1293.0231264973236	1000.87	78.31884765625	0.1566535	0.0001291285714285714	0.0004304285714285714	29.579724073410034	136628.06479287148
3988	1316.9203370010082	1023.95	78.076171875	0.156652	0.00012908571428571426	0.00043028571428571427	30.343597888946533	136658.42070412636
3989	1278.7601126087047	1000.42	78.084228515625	0.15664816	0.00012904285714285713	0.0004301428571428572	30.430346727371216	136688.86756968498
3990	1309.291095210062	1016.1	78.84228515625	0.15664409	0.000129	0.00043000000000000004	29.92019820213318	136718.8046438694
3991	1306.5505054988018	1017.09	78.47412109375	0.1566391	0.00012895714285714283	0.00042985714285714285	30.026323318481445	136748.85146689415
3992	1258.030444780626	986.76	78.73291015625	0.15663493	0.0001289142857142857	0.0004297142857142857	30.655388593673706	136779.51651334763
3993	1289.5344908030092	1006.35	78.490966796875	0.1566322	0.00012887142857142858	0.00042957142857142863	30.880217790603638	136810.3980062008
3994	1301.63531343355	1016.0	78.497802734375	0.15662925	0.0001288285714285714	0.0004294285714285714	31.196065187454224	136841.61250257492
3995	1319.5642768419023	1024.0	78.506103515625	0.15662898	0.00012878571428571426	0.0004292857142857143	29.795629501342773	136871.43656015396
3996	1285.4977625611612	1006.46	78.51416015625	0.15662645	0.00012874285714285715	0.00042914285714285716	28.0914568901062	136899.5365357399
3997	1285.676672341048	1005.2	78.0205078125	0.1566226	0.0001287	0.0004290000000000001	28.280881643295288	136927.82997488976
3998	1264.1073890100756	988.29	78.530517578125	0.15661904	0.00012865714285714285	0.0004288571428571428	29.63873314857483	136957.4838206768
3999	1287.9311057340797	1005.87	78.03857421875	0.15660073	0.0001286142857142857	0.00042871428571428574	29.487388849258423	136986.98450541496
4000	1300.8751498124086	1016.26	78.54638671875	0.15659325	0.00012857142857142858	0.0004285714285714286	28.31350016593933	137015.2994966507
4001	1313.6028525437227	1024.0	78.80419921875	0.1565867	0.0001285285714285714	0.0004284285714285714	28.533877849578857	137043.8349559307
4002	1293.1271518504122	1010.52	78.81201171875	0.15658002	0.00012848571428571428	0.00042828571428571427	30.08479881286621	137073.9298801422
4003	1309.7738359459872	1024.0	78.569580078125	0.15657337	0.00012844285714285714	0.0004281428571428572	29.187461853027344	137103.13250756264
4004	1298.1707042662044	1013.28	78.82763671875	0.15656772	0.0001284	0.00042800000000000005	28.99541926383972	137132.13249349594
4005	1288.3240403308776	1008.55	78.33544921875	0.15655993	0.00012835714285714284	0.00042785714285714286	28.759405612945557	137160.90048480034
4006	1287.0609048103609	1007.57	78.59326171875	0.15655194	0.0001283142857142857	0.0004277142857142857	29.04303216934204	137189.94455361366
4007	1279.0490675055635	1003.16	78.350830078125	0.15654482	0.00012827142857142857	0.00042757142857142863	29.34281086921692	137219.30724167824
4008	1267.3889965102617	1000.37	78.60888671875	0.1565379	0.0001282285714285714	0.0004274285714285714	29.25528907775879	137248.56406497955
4009	1278.1593003912117	1002.39	78.865234375	0.15653062	0.00012818571428571427	0.0004272857142857143	28.558470010757446	137277.12354063988
4010	1274.1607913977384	1004.4	78.3740234375	0.15648311	0.00012814285714285713	0.00042714285714285716	30.523629665374756	137307.64850997925
4011	1293.3359128111633	1013.38	78.6318359375	0.15643604	0.0001281	0.0004270000000000001	30.595704078674316	137338.25684714317
4012	1291.5127099687168	1005.72	78.88916015625	0.15641136	0.00012805714285714283	0.00042685714285714283	30.53538680076599	137368.80050325394
4013	1293.4720297894723	1014.11	77.8974609375	0.15624388	0.0001280142857142857	0.00042671428571428575	39.72223472595215	137408.53250718117
4014	1302.1000798457412	1012.26	77.663818359375	0.15613256	0.00012797142857142856	0.0004265714285714286	41.30004906654358	137449.84048461914
4015	1296.5800230126033	1016.39	77.671630859375	0.15612991	0.0001279285714285714	0.00042642857142857136	31.219332218170166	137481.06448292732
4016	1290.4195467202014	1018.51	78.92138671875	0.15612777	0.00012788571428571426	0.0004262857142857143	29.91570258140564	137510.99686646461
4017	1281.3745197539338	1009.31	78.929931640625	0.1561268	0.00012784285714285713	0.00042614285714285714	29.863754749298096	137540.8726890087
4018	1259.6417804870048	995.29	78.93798828125	0.15612425	0.0001278	0.00042600000000000005	28.7702317237854	137569.64450788498
4019	1303.4980016149925	1024.0	78.19580078125	0.15612157	0.00012775714285714283	0.0004258571428571428	28.939216136932373	137598.5847132206
4020	1286.8042641304064	1010.69	78.20361328125	0.15611926	0.0001277142857142857	0.0004257142857142857	28.367566108703613	137626.96448159218
4021	1301.9924080829574	1024.0	79.460693359375	0.15611595	0.00012767142857142858	0.0004255714285714286	28.867986917495728	137655.8335096836
4022	1281.9159197264773	1010.09	78.218994140625	0.15605907	0.0001276285714285714	0.0004254285714285714	43.14740443229675	137698.99648928642
4023	1289.2886060111816	1013.97	77.484619140625	0.15591614	0.00012758571428571428	0.00042528571428571425	49.04251790046692	137748.04048657417
4024	1280.1275096740162	1009.64	78.48486328125	0.15588437	0.00012754285714285715	0.00042514285714285717	43.91266489028931	137791.95468068123
4025	1276.7135402299195	1004.6	78.24169921875	0.15588225	0.0001275	0.00042500000000000003	31.275006532669067	137823.24050235748
4026	1304.3882666518848	1024.0	79.00048828125	0.15587963	0.00012745714285714285	0.00042485714285714284	29.172717571258545	137852.41472935677
4027	1284.072014505809	1014.96	78.75830078125	0.15587753	0.0001274142857142857	0.0004247142857142857	28.807424306869507	137881.23648166656
4028	1287.6420285104166	1016.25	79.015380859375	0.15587601	0.00012737142857142857	0.0004245714285714286	29.142263174057007	137910.38026809692
4029	1279.7940418520059	1012.33	78.77392578125	0.15587454	0.0001273285714285714	0.00042442857142857137	30.903045177459717	137941.296128273
4030	1297.3704411943152	1024.0	78.53173828125	0.15587252	0.00012728571428571427	0.0004242857142857143	31.02757167816162	137972.34049415588
4031	1289.86772591057	1022.27	78.54052734375	0.15586714	0.00012724285714285714	0.00042414285714285714	48.130035161972046	138020.47200989723
4032	1253.6363793827722	995.06	79.54833984375	0.15577792	0.0001272	0.00042400000000000006	48.00016140937805	138068.48910093307
4033	1277.6489812420295	1008.63	78.55517578125	0.15574478	0.00012715714285714284	0.0004238571428571428	30.44464874267578	138098.94950771332
4034	1297.6530886074986	1020.59	79.064208984375	0.15573259	0.0001271142857142857	0.00042371428571428573	28.120037317276	138127.0964860916
4035	1279.9080392505382	1010.85	79.071533203125	0.1557202	0.00012707142857142857	0.0004235714285714286	29.59580373764038	138156.7048983574
4036	1279.8002028815695	1010.79	79.07958984375	0.15570925	0.0001270285714285714	0.0004234285714285714	29.08609628677368	138185.79250383377
4037	1278.58193539296	1018.46	79.08740234375	0.15569939	0.00012698571428571427	0.00042328571428571426	28.482468366622925	138214.2764890194
4038	1244.008959855577	986.24	78.59521484375	0.15569021	0.00012694285714285713	0.0004231428571428572	28.850712537765503	138243.12865161896
4039	1269.2556177504193	1015.03	78.602294921875	0.1556811	0.0001269	0.00042300000000000004	30.491200923919678	138273.63656377792
4040	1268.4047850421478	1003.05	79.11083984375	0.15567335	0.00012685714285714283	0.00042285714285714284	30.3806574344635	138304.01876664162
4041	1292.6415499650816	1020.06	79.11865234375	0.15556513	0.0001268142857142857	0.0004227142857142857	42.939412117004395	138346.97249364853
4042	1281.6666098981486	1017.43	78.62646484375	0.15557168	0.00012677142857142856	0.0004225714285714286	29.65826964378357	138376.63249206543
4043	1255.4644492865527	1000.14	78.88427734375	0.15557103	0.0001267285714285714	0.0004224285714285714	28.682610034942627	138405.31618618965
4044	1275.5033160789799	1008.13	78.6416015625	0.15556957	0.00012668571428571426	0.0004222857142857143	29.695802211761475	138435.01321935654
4045	1302.1193098748438	1022.44	78.64990234375	0.15556793	0.00012664285714285712	0.00042214285714285715	28.617660760879517	138463.6425702572
4046	1302.4396656126307	1018.04	78.90771484375	0.15556584	0.00012660000000000001	0.00042200000000000007	28.400206804275513	138492.04456019402
4047	1274.845252773887	1003.37	79.16650390625	0.15556483	0.00012655714285714282	0.0004218571428571428	29.38204073905945	138521.4431128502
4048	1310.2960744184782	1020.38	79.173583984375	0.1555612	0.0001265142857142857	0.00042171428571428573	29.323558568954468	138550.78049612045
4049	1280.79880764861	1003.74	78.68212890625	0.15554722	0.00012647142857142858	0.0004215714285714286	30.24739670753479	138581.04049181938
4050	1286.0576065951789	1004.68	79.18798828125	0.15554209	0.0001264285714285714	0.0004214285714285714	28.740591049194336	138609.7856194973
4051	1289.0941264292676	1008.44	79.1962890625	0.15553635	0.00012638571428571428	0.00042128571428571426	28.99746537208557	138638.78447198868
4052	1282.9489346218443	1010.26	78.95556640625	0.15552925	0.00012634285714285714	0.0004211428571428572	28.767550230026245	138667.57248735428
4053	1312.9365955324092	1022.29	79.212646484375	0.155521	0.0001263	0.00042100000000000004	30.327625513076782	138697.9125070572
4054	1307.7967559043257	1010.19	78.470947265625	0.15551274	0.00012625714285714284	0.00042085714285714285	30.487663507461548	138728.40811157227
4055	1305.1734563920736	1020.31	78.85400390625	0.15550552	0.0001262142857142857	0.0004207142857142857	29.489527225494385	138757.91465973854
4056	1293.4713579409026	1013.01	79.11181640625	0.15549992	0.00012617142857142857	0.0004205714285714286	30.036885499954224	138787.95254731178
4057	1246.700750298823	979.23	79.119384765625	0.15547137	0.0001261285714285714	0.0004204285714285714	29.849385738372803	138817.81455230713
4058	1308.0285410232814	1024.0	79.12744140625	0.15546393	0.00012608571428571427	0.0004202857142857143	29.83006453514099	138847.65909194946
4059	1292.546759303136	1011.61	79.38525390625	0.15545677	0.00012604285714285714	0.00042014285714285716	30.556338787078857	138878.21650600433
4060	1289.4788827927011	1000.91	78.89306640625	0.15545096	0.000126	0.00042000000000000007	29.79056429862976	138908.0084836483
4061	1278.634335019798	1000.66	79.40087890625	0.15544552	0.00012595714285714284	0.0004198571428571428	28.718440055847168	138936.72847795486
4062	1305.5742354055064	1024.0	79.158447265625	0.1554402	0.0001259142857142857	0.00041971428571428574	31.435442447662354	138968.17649269104
4063	1295.7013700574485	1012.32	77.925048828125	0.15539815	0.00012587142857142856	0.0004195714285714286	50.294453859329224	139018.47253775597
4064	1296.7735593993607	1008.79	78.92529296875	0.15540126	0.00012582857142857143	0.0004194285714285715	29.650105237960815	139048.13517212868
4065	1265.1861323635535	994.54	79.681640625	0.15533352	0.00012578571428571426	0.00041928571428571427	49.65536570549011	139097.80447554588
4066	1296.546198729645	1009.04	78.941162109375	0.15538685	0.00012574285714285713	0.0004191428571428572	45.219441413879395	139143.04047870636
4067	1266.941745243166	996.5	79.198486328125	0.15522818	0.0001257	0.00041900000000000005	44.395036458969116	139187.43652367592
4068	1306.0124377083555	1016.89	79.45654296875	0.15512605	0.00012565714285714283	0.0004188571428571428	43.56287384033203	139231.00114488602
4069	1306.2979042802815	1018.04	78.96435546875	0.15512364	0.0001256142857142857	0.0004187142857142857	29.44231081008911	139260.4596581459
4070	1257.4556784780398	978.07	79.47216796875	0.1551236	0.00012557142857142856	0.0004185714285714286	29.139662504196167	139289.6208102703
4071	1298.6245868592591	1014.02	79.479736328125	0.15512154	0.00012552857142857142	0.0004184285714285715	29.583961248397827	139319.20644140244
4072	1275.356902002335	1003.28	79.48779296875	0.15511884	0.00012548571428571426	0.00041828571428571425	29.051095724105835	139348.27151870728
4073	1299.6687562292514	1012.83	79.49560546875	0.15511581	0.00012544285714285712	0.00041814285714285716	29.25147581100464	139377.52448749542
4074	1270.0299813508443	1000.67	79.2529296875	0.15511139	0.0001254	0.000418	29.198445320129395	139406.7244951725
4075	1272.5547416456895	1003.41	79.26123046875	0.15510647	0.00012535714285714282	0.00041785714285714283	29.22364592552185	139435.95673513412
4076	1287.5132829796785	1009.09	79.018310546875	0.1551001	0.0001253142857142857	0.0004177142857142857	30.618053197860718	139466.5764889717
4077	1265.5579605677399	997.31	79.524658203125	0.15509285	0.00012527142857142858	0.0004175714285714286	29.838523864746094	139496.41649603844
4078	1267.6320448002457	1001.5	79.03466796875	0.15497647	0.00012522857142857144	0.00041742857142857147	52.41507863998413	139548.8479719162
4079	1259.5145614292483	989.99	78.54248046875	0.1549607	0.00012518571428571428	0.0004172857142857143	30.492071628570557	139579.35249137878
4080	1250.5120102805088	979.19	79.80029296875	0.15495557	0.00012514285714285714	0.00041714285714285714	29.679455995559692	139609.04049229622
4081	1285.2434379299596	1006.1	79.558837890625	0.15495028	0.0001251	0.00041700000000000005	30.491044759750366	139639.53247857094
4082	1283.8875833417346	1014.75	80.066650390625	0.15494496	0.00012505714285714284	0.0004168571428571428	29.8952693939209	139669.45648694038
4083	1288.0568312090752	1004.59	79.332275390625	0.15494014	0.0001250142857142857	0.0004167142857142857	28.638979196548462	139698.09690332413
4084	1272.9113351486046	1001.0	79.08251953125	0.15493654	0.00012497142857142857	0.0004165714285714286	28.36735510826111	139726.48047542572
4085	1274.4151706799967	1003.52	79.089599609375	0.15493187	0.00012492857142857143	0.0004164285714285715	29.292663097381592	139755.77458453178
4086	1281.825398777063	1001.56	79.097900390625	0.15491052	0.00012488571428571427	0.00041628571428571425	49.238582611083984	139805.01449894905
4087	1279.6580011743235	997.24	79.10546875	0.1548871	0.00012484285714285713	0.00041614285714285717	29.511842727661133	139834.5409526825
4088	1305.2537366008048	1018.12	79.113525390625	0.15488021	0.0001248	0.00041600000000000003	28.13831377029419	139862.68049287796
4089	1276.1523378257737	1002.38	79.62109375	0.15487306	0.00012475714285714283	0.00041585714285714284	30.14386773109436	139892.82579994202
4090	1304.5660663214992	1017.42	79.379150390625	0.15486684	0.0001247142857142857	0.0004157142857142857	28.267622709274292	139921.10451292992
4091	1269.4884081080509	993.1	79.63720703125	0.15486097	0.00012467142857142856	0.0004155714285714286	29.077473402023315	139950.18350291252
4092	1285.4944502080696	1000.27	79.64501953125	0.1548547	0.00012462857142857143	0.0004154285714285715	28.707408905029297	139978.90447998047
4093	1312.2185843135044	1022.16	79.90283203125	0.15484723	0.00012458571428571426	0.0004152857142857143	28.469512939453125	140007.3753938675
4094	1275.0810975031884	995.17	79.659912109375	0.15483999	0.00012454285714285713	0.00041514285714285714	29.608561515808105	140036.99746227264
4095	1301.9270788009933	1018.12	79.418212890625	0.15471502	0.0001245	0.00041500000000000006	43.323729276657104	140080.3328077793
4096	1291.573756445362	1002.56	79.92724609375	0.15471052	0.00012445714285714283	0.0004148571428571428	29.95568871498108	140110.30479359627
4097	1293.8842408024748	1008.75	79.68505859375	0.15470678	0.0001244142857142857	0.00041471428571428573	28.6230525970459	140138.94422769547
4098	1282.8748820050607	1001.17	78.4501953125	0.15468852	0.00012437142857142855	0.0004145714285714286	30.17909860610962	140169.14018201828
4099	1292.9613877669303	1010.25	79.95068359375	0.15468214	0.00012432857142857145	0.0004144285714285715	29.112472534179688	140198.2537071705
4100	1293.3096318647467	1008.73	79.95849609375	0.15467544	0.00012428571428571426	0.00041428571428571426	28.92746090888977	140227.1965124607
4101	1300.0135951821355	1016.99	79.71630859375	0.15466778	0.00012424285714285715	0.00041414285714285717	28.323177814483643	140255.52865433693
4102	1312.6325735481923	1020.16	79.22412109375	0.1545943	0.0001242	0.00041400000000000003	48.895405530929565	140304.43250465393
4103	1285.7361091315079	1009.07	78.981689453125	0.15462501	0.00012415714285714282	0.00041385714285714284	45.75899791717529	140350.20447850227
4104	1312.5315040341677	1020.22	79.23974609375	0.15462193	0.0001241142857142857	0.0004137142857142857	29.426276445388794	140379.632491827
4105	1285.609637383335	1008.57	79.247314453125	0.15462685	0.00012407142857142857	0.0004135714285714286	43.022562980651855	140422.6564962864
4106	1296.4856000286352	1012.13	79.75537109375	0.15460996	0.00012402857142857144	0.0004134285714285715	29.732889890670776	140452.39050412178
4107	1296.9368684348428	1016.28	79.762939453125	0.15460366	0.00012398571428571428	0.0004132857142857143	29.45650839805603	140481.84847402573
4108	1296.9714502667307	1008.07	79.520751953125	0.15459728	0.00012394285714285714	0.00041314285714285715	29.126607656478882	140510.97651076317
4109	1283.0425058570836	1003.13	79.778564453125	0.15459172	0.0001239	0.00041300000000000006	28.947396755218506	140539.9364542961
4110	1315.3040705635185	1018.27	79.534912109375	0.15458663	0.00012385714285714284	0.0004128571428571428	29.459595441818237	140569.4164903164
4111	1298.7913385416375	1005.06	79.794189453125	0.15458183	0.0001238142857142857	0.00041271428571428573	29.05038285255432	140598.46850943565
4112	1298.9787414859022	1014.1	79.8017578125	0.15457718	0.00012377142857142857	0.0004125714285714286	29.061501264572144	140627.53146624565
4113	1297.6252720054445	1010.67	79.31103515625	0.15457185	0.00012372857142857143	0.0004124285714285715	28.366622924804688	140655.8993051052
4114	1309.807068624481	1018.72	79.8173828125	0.15456618	0.00012368571428571427	0.00041228571428571426	28.547735452651978	140684.46081972122
4115	1323.5616655598249	1022.32	79.57666015625	0.1544906	0.00012364285714285713	0.0004121428571428572	45.39468789100647	140729.85648036003
4116	1318.1271005280128	1018.11	79.584228515625	0.15449873	0.0001236	0.00041200000000000004	49.440470695495605	140779.30595541
4117	1319.5135469201095	1023.95	79.84228515625	0.15449116	0.00012355714285714283	0.0004118571428571428	30.427602291107178	140809.75250077248
4118	1307.1800836103084	1014.04	79.60009765625	0.15448794	0.0001235142857142857	0.0004117142857142857	29.40711283683777	140839.16063404083
4119	1293.6803698513859	1007.19	79.98291015625	0.15448622	0.00012347142857142856	0.00041157142857142857	28.32929515838623	140867.49095225334
4120	1300.317122509986	1011.28	80.240234375	0.1544859	0.00012342857142857142	0.0004114285714285715	28.775089263916016	140896.2880446911
4121	1288.8832603586084	1001.05	79.747802734375	0.15448709	0.00012338571428571426	0.00041128571428571424	28.60308575630188	140924.89249110222
4122	1318.4270744560977	1023.97	80.006103515625	0.15448794	0.00012334285714285712	0.00041114285714285715	29.41855263710022	140954.31254053116
4123	1267.6141151987913	989.71	79.51416015625	0.15448816	0.0001233	0.000411	29.222956657409668	140983.5364842415
4124	1318.4061069964168	1018.11	79.52197265625	0.15432289	0.00012325714285714283	0.0004108571428571428	46.15039420127869	141029.688488245
4125	1272.180524146335	998.42	79.279541015625	0.15436816	0.0001232142857142857	0.0004107142857142857	45.76015758514404	141075.46593022346
4126	1288.6221675798872	1010.52	79.787109375	0.15436547	0.00012317142857142855	0.0004105714285714286	29.56370234489441	141105.0408194065
4127	1305.6512935196743	1014.48	79.794921875	0.15436098	0.00012312857142857144	0.00041042857142857146	45.627612829208374	141150.68069052696
4128	1311.2803097300891	1017.97	80.052734375	0.15425315	0.00012308571428571425	0.00041028571428571427	41.941582441329956	141192.62450695038
4129	1278.6572855314193	999.03	79.3115234375	0.15424025	0.00012304285714285714	0.00041014285714285713	29.922452926635742	141222.5485599041
4130	1295.8139696205567	1004.31	79.569091796875	0.15423338	0.000123	0.00041000000000000005	29.30095386505127	141251.85055589676
4131	1297.3518072741076	1010.71	80.0751953125	0.1542262	0.00012295714285714284	0.0004098571428571428	28.30299401283264	141280.16807985306
4132	1302.4814119018401	1017.63	80.085205078125	0.15421864	0.0001229142857142857	0.0004097142857142857	28.55683660507202	141308.74578237534
4133	1290.9259321293225	1006.16	79.100830078125	0.15421164	0.00012287142857142857	0.0004095714285714286	28.63937473297119	141337.39647769928
4134	1312.8481200029983	1016.63	80.10107421875	0.15420432	0.00012282857142857144	0.0004094285714285715	28.62549614906311	141366.03393292427
4135	1300.5753631023913	1018.42	79.60791015625	0.15419717	0.00012278571428571427	0.00040928571428571424	29.075436115264893	141395.12450957298
4136	1308.1695826086645	1018.34	80.1162109375	0.15416776	0.00012274285714285714	0.00040914285714285716	29.9868905544281	141425.11247730255
4137	1302.4700237126103	1014.4	79.3818359375	0.15416159	0.0001227	0.000409	28.44111394882202	141453.55504751205
4138	1311.103078817065	1018.63	80.3818359375	0.1541553	0.00012265714285714284	0.00040885714285714283	28.98695135116577	141482.54298996925
4139	1293.7726188908368	1006.39	80.139404296875	0.15415114	0.0001226142857142857	0.0004087142857142857	29.37190270423889	141511.9164879322
4140	1299.2428943699563	1012.34	79.647705078125	0.15414533	0.00012257142857142857	0.0004085714285714286	29.634552717208862	141541.55210208893
4141	1293.734762270834	1014.46	79.654052734375	0.1541064	0.00012252857142857143	0.00040842857142857147	31.058446168899536	141572.61211943626
4142	1283.8862808295414	1006.71	79.663330078125	0.15409833	0.00012248571428571427	0.0004082857142857143	47.71590733528137	141620.34485268593
4143	1292.3647315747373	1008.69	79.9208984375	0.1540426	0.00012244285714285713	0.00040814285714285714	44.21106481552124	141664.55776143074
4144	1308.9447723284243	1022.15	78.936279296875	0.15395686	0.0001224	0.00040800000000000005	48.055572271347046	141712.62479186058
4145	1299.9886408905095	1012.85	80.187255859375	0.15390185	0.00012235714285714283	0.0004078571428571428	44.955589056015015	141757.60059428215
4146	1286.7650264569752	1004.36	78.703125	0.15389352	0.0001223142857142857	0.0004077142857142857	29.53704595565796	141787.15419483185
4147	1310.2572464148755	1020.13	80.203125	0.15388972	0.00012227142857142856	0.0004075714285714286	29.03280019760132	141816.18848133087
4148	1311.885601854254	1018.5	79.710693359375	0.15388294	0.00012222857142857142	0.0004074285714285715	29.630106210708618	141845.82716155052
4149	1297.6355335448789	1010.12	80.21923828125	0.15387566	0.00012218571428571426	0.00040728571428571425	30.026790380477905	141875.863707304
4150	1294.4122268501703	1008.11	79.72607421875	0.15386903	0.00012214285714285712	0.00040714285714285717	30.308054447174072	141906.1804871559
4151	1310.5442512802142	1014.36	80.234375	0.1538635	0.00012209999999999999	0.000407	28.89946699142456	141935.09250068665
4152	1287.0581280084348	1003.03	80.24267578125	0.15385766	0.00012205714285714284	0.00040685714285714283	29.19606637954712	141964.30849409103
4153	1300.01989733279	1011.16	79.749755859375	0.1538521	0.0001220142857142857	0.0004067142857142857	29.879480123519897	141994.20052337646
4154	1322.4076227129117	1024.0	80.008056640625	0.15378882	0.00012197142857142856	0.0004065714285714286	40.84344482421875	142035.0565009117
4155	1322.8168032254107	1024.0	79.76611328125	0.15378778	0.00012192857142857143	0.00040642857142857147	30.87438678741455	142065.93250775337
4156	1291.4975233669427	1004.53	80.27392578125	0.15378758	0.00012188571428571426	0.0004062857142857143	28.112848043441772	142094.0468058586
4157	1309.3904433867094	1018.12	80.031494140625	0.15378842	0.00012184285714285713	0.00040614285714285714	30.27305793762207	142124.3208193779
4158	1310.794562339359	1015.93	80.03955078125	0.15378822	0.00012179999999999999	0.00040600000000000006	29.747246265411377	142154.0804898739
4159	1294.3514052358687	1006.18	80.796875	0.15378805	0.00012175714285714283	0.0004058571428571428	29.22811269760132	142183.3285393715
4160	1305.8975226948266	1015.98	80.05517578125	0.15385804	0.00012171428571428569	0.0004057142857142857	43.49937915802002	142226.83649396896
4161	1304.5209297802837	1018.24	80.06298828125	0.15370487	0.00012167142857142857	0.0004055714285714286	41.27702760696411	142268.12618207932
4162	1316.4264704697575	1024.0	80.071533203125	0.15378635	0.00012162857142857143	0.0004054285714285715	44.93067026138306	142313.06762886047
4163	1309.4134944925877	1018.08	80.07958984375	0.15363733	0.00012158571428571426	0.00040528571428571426	52.27143669128418	142365.35650229454
4164	1323.283122704903	1024.0	80.585693359375	0.15350406	0.00012154285714285713	0.00040514285714285717	42.679309606552124	142408.049179554
4165	1299.0069774600458	1010.31	79.84521484375	0.15349971	0.0001215	0.00040500000000000003	29.499115705490112	142437.56451010704
4166	1309.7127470081778	1014.2	80.852294921875	0.15349676	0.00012145714285714284	0.00040485714285714284	29.79124355316162	142467.36047911644
4167	1312.9604622454735	1017.93	80.860595703125	0.15349147	0.0001214142857142857	0.0004047142857142857	28.927608728408813	142496.30072402954
4168	1318.9068357375988	1022.15	80.36865234375	0.1534861	0.00012137142857142856	0.0004045714285714286	30.19934391975403	142526.51249337196
4169	1293.2671383770357	1004.42	80.37646484375	0.1534806	0.00012132857142857143	0.0004044285714285715	29.249582767486572	142555.7705168724
4170	1316.0105919782584	1024.0	80.13232421875	0.15347378	0.00012128571428571426	0.00040428571428571423	28.9073166847229	142584.69248604774
4171	1323.6650268213364	1022.06	79.891357421875	0.15346651	0.00012124285714285713	0.00040414285714285715	29.440330982208252	142614.1343679428
4172	1315.5285912351953	1020.4	80.399658203125	0.1533945	0.00012119999999999999	0.000404	48.06738328933716	142662.2124698162
4173	1293.7447440290484	1008.54	79.94287109375	0.15339933	0.00012115714285714283	0.0004038571428571428	29.293230772018433	142691.50735878944
4174	1320.4297471592442	1024.0	80.41357421875	0.15341985	0.00012111428571428569	0.0004037142857142857	43.65938401222229	142735.16851639748
4175	1316.0509699950892	1016.44	79.923583984375	0.1533007	0.00012107142857142857	0.0004035714285714286	48.507904291152954	142783.69682645798
4176	1318.5641770276352	1024.0	79.6806640625	0.15329318	0.00012102857142857143	0.00040342857142857145	29.805063009262085	142813.51411771774
4177	1301.5624310433877	1010.62	80.438720703125	0.15328816	0.00012098571428571427	0.00040328571428571426	28.918481588363647	142842.44776654243
4178	1307.1511628374244	1012.48	79.94775390625	0.15328431	0.00012094285714285713	0.0004031428571428571	28.493765115737915	142870.9425523281
4179	1298.1549831401483	1010.7	80.20556640625	0.15328161	0.0001209	0.00040300000000000004	29.303480863571167	142900.25649762154
4180	1311.50757959302	1014.11	80.462646484375	0.15327965	0.00012085714285714283	0.0004028571428571428	28.769165754318237	142929.03826093674
4181	1309.102961773773	1024.0	80.220947265625	0.15327717	0.0001208142857142857	0.0004027142857142857	29.375054597854614	142958.4242222309
4182	1323.5963306458416	1024.0	80.22900390625	0.15325744	0.00012077142857142856	0.00040257142857142857	31.246708869934082	142989.67249512672
4183	1309.366506860102	1014.08	80.861328125	0.1532527	0.00012072857142857143	0.0004024285714285715	29.946240186691284	143019.62049341202
4184	1271.4979779099713	996.52	80.619873046875	0.15324672	0.00012068571428571426	0.00040228571428571424	29.155043601989746	143048.7764866352
4185	1312.5137643660821	1014.48	80.376953125	0.15324081	0.00012064285714285713	0.00040214285714285715	29.49544644355774	143078.28450107574
4186	1315.644088833416	1024.0	79.885009765625	0.15320022	0.00012059999999999999	0.000402	29.763739347457886	143108.06080269814
4187	1313.3998866944428	1022.7	80.39306640625	0.15318905	0.00012055714285714283	0.0004018571428571428	28.94036841392517	143137.02133131027
4188	1293.0405951740627	1006.38	80.40087890625	0.1531785	0.00012051428571428569	0.0004017142857142857	29.137935400009155	143166.16054844856
4189	1306.4593094113065	1022.47	80.907958984375	0.15316905	0.00012047142857142857	0.0004015714285714286	28.95924472808838	143195.12144064903
4190	1280.347505497514	1002.85	80.416259765625	0.15315871	0.00012042857142857143	0.00040142857142857146	28.099769830703735	143223.23686242104
4191	1308.419707627802	1024.0	79.92431640625	0.15309636	0.00012038571428571427	0.00040128571428571427	43.88355469703674	143267.14858150482
4192	1291.4061560778623	1018.04	80.18212890625	0.15309288	0.00012034285714285713	0.00040114285714285713	28.705935955047607	143295.85649323463
4193	1280.8719780722954	1003.01	80.689697265625	0.153009	0.0001203	0.00040100000000000004	52.016727447509766	143347.87418532372
4194	1280.8098873752672	1006.06	80.197998046875	0.15288559	0.00012025714285714286	0.0004008571428571429	47.27912616729736	143395.1685166359
4195	1255.9462778908264	977.77	79.70654296875	0.15292762	0.0001202142857142857	0.0004007142857142857	49.059250593185425	143444.22888422012
4196	1310.300675865231	1024.0	79.7216796875	0.15277502	0.00012017142857142856	0.0004005714285714286	43.02979063987732	143487.2605099678
4197	1302.2470074624657	1012.5	79.4794921875	0.15271594	0.00012012857142857143	0.0004004285714285715	48.83229184150696	143536.1065337658
4198	1317.6992632997542	1024.0	80.729736328125	0.152538	0.00012008571428571426	0.00040028571428571424	44.011526346206665	143580.1404657364
4199	1310.6038594976903	1024.0	80.737060546875	0.15253244	0.00012004285714285713	0.00040014285714285716	29.235045671463013	143609.3924818039
4200	1307.107068809496	1020.05	81.49560546875	0.15247549	0.00011999999999999999	0.0004	40.490520000457764	143649.9035294056
4201	1299.1407231545084	1008.49	80.25341796875	0.15246882	0.00011995714285714287	0.00039985714285714293	30.153038263320923	143680.058044672
4202	1308.4236266043702	1022.33	80.26123046875	0.15246391	0.00011991428571428569	0.0003997142857142857	28.61945343017578	143708.6845111847
4203	1314.6803001534986	1024.0	80.767333984375	0.15245914	0.00011987142857142857	0.0003995714285714286	29.535634517669678	143738.22850346565
4204	1292.244238565876	1014.11	80.775634765625	0.15245472	0.00011982857142857143	0.00039942857142857146	29.822576761245728	143768.0526649952
4205	1303.9772142816223	1022.0	80.78466796875	0.15245198	0.00011978571428571427	0.00039928571428571427	30.19535756111145	143798.24952554703
4206	1320.4673164479484	1024.0	80.54248046875	0.1524491	0.00011974285714285713	0.00039914285714285713	29.78986692428589	143828.040497303
4207	1292.0441157876057	1010.36	82.050537109375	0.1524472	0.0001197	0.00039900000000000005	29.636982440948486	143857.6785209179
4208	1306.2360388516838	1024.0	80.057373046875	0.15248567	0.00011965714285714286	0.0003988571428571429	44.723116874694824	143902.40272927284
4209	1313.531216212865	1024.0	80.06591796875	0.15246986	0.0001196142857142857	0.0003987142857142857	45.56470346450806	143947.96849012375
4210	1308.4997024313918	1024.0	80.323486328125	0.15243496	0.00011957142857142856	0.0003985714285714286	43.00293254852295	143990.98855352402
4211	1315.4218562579324	1024.0	79.582275390625	0.15244503	0.00011952857142857142	0.0003984285714285715	52.1318621635437	144043.13715672493
4212	1298.3793805788346	1024.0	81.339599609375	0.15239406	0.00011948571428571426	0.00039828571428571425	46.51150345802307	144089.66458392143
4213	1284.8950958998134	1002.56	80.09716796875	0.15229616	0.00011944285714285712	0.00039814285714285716	48.22680163383484	144137.8958618641
4214	1304.984474652588	1018.03	80.60595703125	0.15225522	0.0001194	0.000398	40.27544713020325	144178.18891501427
4215	1291.2228594864407	1013.06	80.11376953125	0.1522577	0.00011935714285714287	0.00039785714285714294	29.35967230796814	144207.56072044373
4216	1292.7282596997036	1006.24	79.87939453125	0.15225618	0.00011931428571428569	0.0003977142857142857	28.51558542251587	144236.08459448814
4217	1310.2925337387592	1022.19	81.128662109375	0.1522543	0.00011927142857142857	0.0003975714285714286	29.753835678100586	144265.85516810417
4218	1297.8464625302756	1022.1	80.636962890625	0.15225402	0.00011922857142857143	0.00039742857142857147	30.041302919387817	144295.91043162346
4219	1276.40513201605	1004.35	80.64501953125	0.1522457	0.00011918571428571427	0.0003972857142857142	30.11136245727539	144326.03649115562
4220	1301.2158732497755	1022.05	80.65283203125	0.15220279	0.00011914285714285713	0.00039714285714285714	43.3877112865448	144369.43699026108
4221	1294.9408219050422	1015.0	80.660400390625	0.15220885	0.0001191	0.00039700000000000005	29.901774883270264	144399.34049630165
4222	1314.4920790850479	1024.0	80.91845703125	0.15211572	0.00011905714285714286	0.0003968571428571429	47.20965242385864	144446.5547733307
4223	1311.470669017323	1018.22	81.17626953125	0.15208815	0.0001190142857142857	0.00039671428571428567	43.251060009002686	144489.82848095894
4224	1282.0278890612026	1003.16	80.68408203125	0.15206747	0.00011897142857142856	0.0003965714285714286	30.103415489196777	144519.93656659126
4225	1299.20403448048	1010.74	80.44189453125	0.1520592	0.00011892857142857142	0.00039642857142857145	29.725574493408203	144549.6746840477
4226	1318.2482585216017	1020.18	80.698974609375	0.15205224	0.00011888571428571426	0.00039628571428571425	30.03291368484497	144579.73012709618
4227	1300.8494588233486	1008.52	81.20751953125	0.15204476	0.00011884285714285712	0.0003961428571428571	28.947784423828125	144608.67925524712
4228	1307.8572141579318	1016.74	80.71630859375	0.15203737	0.0001188	0.00039600000000000003	29.23957920074463	144637.9327328205
4229	1319.7410366863	1018.47	81.47412109375	0.15203029	0.00011875714285714286	0.0003958571428571429	29.769097089767456	144667.70293855667
4230	1296.6923543698692	1016.55	81.231689453125	0.15202272	0.0001187142857142857	0.0003957142857142857	29.21951127052307	144696.937417984
4231	1297.430081645649	1004.57	80.9892578125	0.1520148	0.00011867142857142857	0.00039557142857142856	28.455353260040283	144725.40851807594
4232	1311.6869692588766	1020.01	80.4970703125	0.15194352	0.00011862857142857143	0.0003954285714285715	51.630530834198	144777.04049801826
4233	1304.7477874560116	1012.62	80.7548828125	0.15179312	0.00011858571428571427	0.00039528571428571423	47.94217085838318	144824.98447728157
4234	1315.7462472802329	1022.1	80.512939453125	0.1517891	0.00011854285714285713	0.00039514285714285714	29.549539804458618	144854.53581285477
4235	1306.2177802194765	1010.93	81.02001953125	0.15178758	0.0001185	0.000395	29.07448959350586	144883.62464928627
4236	1291.8810306645764	1004.46	80.5283203125	0.15178476	0.00011845714285714286	0.0003948571428571429	29.17742896080017	144912.82634615898
4237	1299.6148364935943	1008.97	81.2861328125	0.15178205	0.0001184142857142857	0.0003947142857142857	29.381467819213867	144942.20884752274
4238	1320.5914785539385	1024.0	81.0439453125	0.1517816	0.00011837142857142856	0.0003945714285714286	29.102133750915527	144971.31280183792
4239	1308.2799983591115	1020.44	81.30126953125	0.15185179	0.00011832857142857142	0.00039442857142857145	46.90939927101135	145018.23452162743
4240	1295.8890387186227	1008.44	80.56005859375	0.15185335	0.00011828571428571426	0.00039428571428571426	30.029966831207275	145048.27931761742
4241	1310.1090512081873	1009.48	80.56787109375	0.15175326	0.00011824285714285712	0.0003941428571428571	48.015063762664795	145096.29675769806
4242	1317.5952613314155	1024.0	80.57568359375	0.15166761	0.0001182	0.00039400000000000004	50.923983573913574	145147.22264504433
4243	1308.3930992011742	1012.24	80.83349609375	0.15166438	0.00011815714285714286	0.0003938571428571429	29.564063549041748	145176.78847908974
4244	1322.7537010321362	1022.37	80.090576171875	0.15157892	0.0001181142857142857	0.0003937142857142857	45.4985237121582	145222.2888329029
4245	1307.587894178015	1018.87	80.10009765625	0.15157081	0.00011807142857142856	0.00039357142857142857	29.378323554992676	145251.66848039627
4246	1299.2476861336947	1006.7	81.60791015625	0.15145735	0.00011802857142857143	0.0003934285714285715	45.87503004074097	145297.5445277691
4247	1313.0821525073056	1010.28	79.748291015625	0.15146802	0.00011798571428571426	0.00039328571428571423	46.18386912345886	145343.74094438553
4248	1283.577158853031	998.22	80.498291015625	0.15127641	0.00011794285714285713	0.00039314285714285715	48.77034592628479	145392.51359534264
4249	1283.8247429958624	998.74	81.256103515625	0.15122901	0.00011789999999999999	0.000393	46.14427423477173	145438.65926885605
4250	1317.9976319829484	1018.03	81.0078125	0.15113583	0.00011785714285714286	0.00039285714285714293	41.61590552330017	145480.27648949623
4251	1309.3896919348133	1018.16	81.015625	0.15098989	0.0001178142857142857	0.0003927142857142857	49.01959824562073	145529.30860304832
4252	1315.6114745630264	1014.6	80.5234375	0.1510012	0.00011777142857142856	0.0003925714285714286	30.211068630218506	145559.5324795246
4253	1309.727596634879	1012.55	81.281005859375	0.15100224	0.00011772857142857142	0.00039242857142857146	30.357027530670166	145589.89088368416
4254	1288.113150619272	1000.81	80.788818359375	0.15100192	0.00011768571428571426	0.00039228571428571426	28.687387228012085	145618.59248399734
4255	1317.4039122363347	1024.0	81.296630859375	0.15100308	0.00011764285714285712	0.0003921428571428571	29.04137086868286	145647.63538312912
4256	1286.4905714304243	1007.19	81.304443359375	0.15100221	0.0001176	0.00039200000000000004	28.799970626831055	145676.43686437607
4257	1289.344100406164	1000.94	81.31201171875	0.1509984	0.00011755714285714286	0.0003918571428571429	29.26217293739319	145705.7004928589
4258	1298.3465504764383	1014.77	81.070556640625	0.15099372	0.0001175142857142857	0.0003917142857142857	28.99406671524048	145734.69650149345
4259	1289.441166498409	1005.62	81.078369140625	0.15096606	0.00011747142857142856	0.00039157142857142857	30.294784784317017	145764.99248075485
4260	1302.5173625047928	1014.14	81.336181640625	0.15095775	0.00011742857142857143	0.0003914285714285715	29.86442255973816	145794.8584098816
4261	1286.203881222559	1012.57	81.34423828125	0.15095231	0.00011738571428571426	0.00039128571428571424	28.81095004081726	145823.68406558037
4262	1288.6743534342559	1005.6	81.3505859375	0.1509472	0.00011734285714285713	0.00039114285714285716	29.015315055847168	145852.71247005463
4263	1306.2726559797602	1024.0	81.3603515625	0.1509441	0.00011729999999999999	0.000391	28.270577430725098	145880.9845006466
4264	1291.7701637905516	1016.19	81.118408203125	0.1509408	0.00011725714285714286	0.00039085714285714293	29.088178873062134	145910.07472538948
4265	1288.5301463905714	1015.17	80.626220703125	0.1508448	0.00011721428571428569	0.0003907142857142857	45.76924777030945	145955.8453605175
4266	1296.690078141079	1016.12	81.384033203125	0.15078545	0.00011717142857142856	0.0003905714285714286	49.23785471916199	146005.08498239517
4267	1295.0786905831526	1022.23	81.14111328125	0.15053542	0.00011712857142857143	0.00039042857142857146	50.40719771385193	146055.5088508129
4268	1293.5120667124866	1004.08	80.899169921875	0.15053336	0.00011708571428571426	0.00039028571428571427	29.34062647819519	146084.86216807365
4269	1298.1126343285023	1016.49	81.657470703125	0.15049247	0.00011704285714285712	0.00039014285714285713	50.567147970199585	146135.43070340157
4270	1308.8307904610838	1024.0	81.415283203125	0.15055238	0.000117	0.00039000000000000005	47.62505102157593	146183.070625782
4271	1293.3025746410829	1013.7	80.92236328125	0.15055203	0.00011695714285714286	0.0003898571428571429	30.94386386871338	146214.01732373238
4272	1309.4151909694986	1022.64	81.430908203125	0.15055074	0.0001169142857142857	0.00038971428571428566	28.625693559646606	146242.64450764656
4273	1309.2913306371915	1022.41	81.188720703125	0.1505479	0.00011687142857142856	0.0003895714285714286	28.919468641281128	146271.57650375366
4274	1294.819753832737	1008.33	81.196533203125	0.1505435	0.00011682857142857143	0.00038942857142857144	28.85227370262146	146300.4303767681
4275	1304.596679286221	1020.43	81.454345703125	0.15053856	0.00011678571428571426	0.00038928571428571425	28.98735475540161	146329.4324862957
4276	1291.2876121781521	1005.22	81.461669921875	0.15053318	0.00011674285714285713	0.0003891428571428571	29.24955701828003	146358.68349218369
4277	1303.8897060815843	1012.07	81.4697265625	0.15052761	0.00011669999999999999	0.000389	29.29167938232422	146387.9965927601
4278	1281.5519168919266	1001.02	80.978759765625	0.1505233	0.00011665714285714285	0.0003888571428571429	28.752436637878418	146416.76936030388
4279	1318.9047940296734	1020.61	81.236572265625	0.15050744	0.00011661428571428569	0.0003887142857142857	29.415882110595703	146446.19677734375
4280	1301.870725341878	1020.36	81.99365234375	0.15050164	0.00011657142857142856	0.00038857142857142855	29.771010875701904	146475.9805355072
4281	1295.3172546778972	1010.94	81.751953125	0.15049632	0.00011652857142857143	0.00038842857142857147	29.575607299804688	146505.57248187065
4282	1311.8288530332532	1019.67	81.260009765625	0.1504914	0.00011648571428571426	0.0003882857142857142	28.495033979415894	146534.06881713867
4283	1289.2876779985997	1002.65	82.267822265625	0.15048565	0.00011644285714285713	0.00038814285714285714	28.822301387786865	146562.89247846603
4284	1291.0932906909916	1006.36	81.27587890625	0.15047935	0.0001164	0.000388	28.119752883911133	146591.02082180977
4285	1304.4071416343397	1014.55	81.53271484375	0.15047403	0.00011635714285714286	0.0003878571428571429	29.455294132232666	146620.49651885033
4286	1296.656706338629	1014.17	80.791015625	0.1504337	0.0001163142857142857	0.00038771428571428567	49.45748686790466	146669.9744000435
4287	1287.4164386521577	1002.41	80.799072265625	0.15042005	0.00011627142857142856	0.0003875714285714286	30.64551043510437	146700.6216814518
4288	1309.1543767259004	1016.47	81.556884765625	0.15041594	0.00011622857142857143	0.00038742857142857144	28.43005609512329	146729.07099485397
4289	1306.5277215148474	1020.08	81.813720703125	0.1504127	0.00011618571428571426	0.00038728571428571425	29.795411825180054	146758.87651634216
4290	1309.4294688697692	1014.09	81.572265625	0.15040831	0.00011614285714285713	0.0003871428571428571	29.145534992218018	146788.02300834656
4291	1305.272158477548	1014.08	81.329833984375	0.15040483	0.00011609999999999999	0.00038700000000000003	29.323781728744507	146817.34848189354
4292	1311.5115864900072	1014.05	81.58740234375	0.15040122	0.00011605714285714285	0.0003868571428571429	29.401960134506226	146846.7630867958
4293	1313.0487259162242	1016.56	81.345703125	0.15036318	0.00011601428571428569	0.0003867142857142857	30.507484912872314	146877.28457307816
4294	1300.0974636197534	1016.65	82.353759765625	0.15031506	0.00011597142857142855	0.00038657142857142856	48.52220368385315	146925.82264757156
4295	1315.5203417176037	1024.0	81.1123046875	0.15021737	0.00011592857142857143	0.0003864285714285715	41.565292835235596	146967.40287446976
4296	1303.3104317213877	1009.37	81.3701171875	0.15007268	0.00011588571428571425	0.0003862857142857142	45.732131481170654	147013.13647770882
4297	1308.3506919879583	1018.21	81.378173828125	0.14997454	0.00011584285714285713	0.00038614285714285714	46.31571555137634	147059.45444583893
4298	1286.8946812595566	1006.1	81.385009765625	0.14984919	0.0001158	0.000386	49.22031927108765	147108.6765038967
4299	1296.6940738222493	1014.35	80.150634765625	0.14984696	0.00011575714285714286	0.0003858571428571429	29.051576137542725	147137.73729491234
4300	1296.7840949255512	1007.11	81.151611328125	0.14974277	0.0001157142857142857	0.00038571428571428567	49.79774594306946	147187.5364985466
4301	1293.382956580798	1004.73	81.409423828125	0.14973852	0.00011567142857142856	0.0003855714285714286	30.975602865219116	147218.51385116577
4302	1309.7252663981246	1018.02	80.917236328125	0.14965518	0.00011562857142857142	0.00038542857142857145	46.85431504249573	147265.36955404282
4303	1288.683833031506	993.04	81.174072265625	0.14964868	0.00011558571428571426	0.00038528571428571426	29.520864248275757	147294.89248919487
4304	1311.3036408233434	1020.21	81.432861328125	0.14956921	0.00011554285714285712	0.0003851428571428571	31.0546555519104	147325.94860053062
4305	1305.8189328339067	1014.04	81.690185546875	0.14956601	0.00011549999999999999	0.00038500000000000003	28.566391468048096	147354.52682590485
4306	1307.2095397516139	1012.1	81.698486328125	0.14956132	0.00011545714285714287	0.0003848571428571429	29.151378870010376	147383.68849396706
4307	1313.8201989790812	1014.82	81.705322265625	0.14955655	0.00011541428571428569	0.0003847142857142857	30.478028535842896	147414.16801571846
4308	1301.7854275391114	1006.32	81.213623046875	0.14936377	0.00011537142857142855	0.00038457142857142856	47.743147134780884	147461.9244954586
4309	1298.180497478711	1010.01	81.756591796875	0.14936043	0.00011532857142857143	0.0003844285714285715	28.851128816604614	147490.78462910652
4310	1284.836100218177	996.44	81.230224609375	0.14925925	0.00011528571428571425	0.00038428571428571423	52.664710521698	147543.46619224548
4311	1301.3165251562186	1014.12	81.73974609375	0.14920695	0.00011524285714285713	0.00038414285714285715	49.01634621620178	147592.4933333397
4312	1292.8841745674572	1008.84	81.4990234375	0.14909716	0.0001152	0.000384	44.24129319190979	147636.74683761597
4313	1287.1448595735424	998.45	81.00927734375	0.14909479	0.00011515714285714286	0.0003838571428571429	30.46090841293335	147667.20973324776
4314	1327.0749634952788	1024.0	81.768798828125	0.14909191	0.0001151142857142857	0.0003837142857142857	28.331368923187256	147695.55647826195
4315	1305.4373098438589	1014.79	81.77880859375	0.14909081	0.00011507142857142856	0.0003835714285714286	29.45951247215271	147725.0324971676
4316	1310.3397143885243	1018.39	81.7880859375	0.14908764	0.00011502857142857142	0.00038342857142857146	29.451788663864136	147754.49282717705
4317	1311.2101026038322	1014.35	81.798828125	0.14908387	0.00011498571428571429	0.00038328571428571437	29.135607719421387	147783.6485464573
4318	1320.8437256993618	1024.0	81.55859375	0.14907876	0.00011494285714285712	0.0003831428571428571	29.43938708305359	147813.10047793388
4319	1295.2265533349525	1014.04	81.326171875	0.14907415	0.00011489999999999999	0.00038300000000000004	29.32650375366211	147842.42850637436
4320	1313.8075437223195	1024.0	81.078125	0.14903584	0.00011485714285714286	0.0003828571428571429	44.36653184890747	147886.79648590088
4321	1280.3233466966333	996.29	81.587158203125	0.14901832	0.00011481428571428569	0.0003827142857142857	30.374255418777466	147917.17276358604
4322	1302.145477991673	1018.51	81.84765625	0.14901309	0.00011477142857142855	0.00038257142857142857	28.602288961410522	147945.77647447586
4323	1293.068988968564	1004.47	80.865234375	0.14900775	0.00011472857142857143	0.0003824285714285715	28.858613967895508	147974.6365263462
4324	1319.616823663386	1022.14	81.8671875	0.14900367	0.00011468571428571429	0.00038228571428571435	29.694373607635498	148004.3324933052
4325	1292.2287813550822	1008.0	81.626708984375	0.1490002	0.00011464285714285713	0.0003821428571428571	31.31572413444519	148035.6608338356
4326	1316.9854568983656	1024.0	82.38623046875	0.14899819	0.0001146	0.000382	30.19537878036499	148065.86448860168
4327	1297.330643716911	1008.98	81.89697265625	0.14899765	0.00011455714285714286	0.0003818571428571429	29.002554655075073	148094.86847925186
4328	1311.1418653852816	1016.31	81.15673828125	0.14899729	0.0001145142857142857	0.0003817142857142857	29.210447072982788	148124.0805003643
4329	1309.6995373453422	1016.65	81.6650390625	0.14891021	0.00011447142857142856	0.00038157142857142855	52.50142860412598	148176.59042477608
4330	1305.3853728251465	1016.1	81.176025390625	0.14883202	0.00011442857142857142	0.00038142857142857146	41.77131962776184	148218.3768146038
4331	1313.8043854847492	1020.17	81.936279296875	0.14881901	0.00011438571428571429	0.0003812857142857143	29.957595825195312	148248.3353779316
4332	1320.4901207043013	1024.0	81.446044921875	0.14875108	0.00011434285714285712	0.00038114285714285713	42.20343494415283	148290.54049181938
4333	1322.3892446024972	1024.0	81.45556640625	0.14872636	0.00011429999999999999	0.000381	48.45025038719177	148338.99255537987
4334	1310.4949319119398	1022.2	81.46484375	0.14873822	0.00011425714285714286	0.0003808571428571429	48.70507049560547	148387.70239758492
4335	1295.5858711634182	1007.26	81.474365234375	0.14873165	0.00011421428571428569	0.00038071428571428566	30.960694551467896	148418.66450881958
4336	1299.9064435140767	1007.3	81.982177734375	0.14863579	0.00011417142857142856	0.0003805714285714286	55.02743363380432	148473.70460271835
4337	1316.0829053966954	1020.23	81.742919921875	0.14853083	0.00011412857142857143	0.00038042857142857144	47.48722267150879	148521.20446109772
4338	1298.5612409130765	1016.27	81.011474609375	0.14846312	0.00011408571428571429	0.00038028571428571435	48.76881217956543	148569.98610281944
4339	1306.3520265042298	1016.18	81.762451171875	0.14830455	0.00011404285714285713	0.0003801428571428571	43.4985728263855	148613.50000333786
4340	1279.1506459678005	1002.67	81.77294921875	0.14829846	0.00011399999999999999	0.00038	30.23887872695923	148643.75683164597
4341	1294.029587289037	1010.52	81.532958984375	0.14817569	0.00011395714285714286	0.0003798571428571429	49.36341977119446	148693.13647532463
4342	1302.6868993075798	1016.03	81.54345703125	0.14817025	0.0001139142857142857	0.0003797142857142857	30.534395933151245	148723.67247748375
4343	1299.20183711806	1016.1	81.5537109375	0.14816895	0.00011387142857142856	0.00037957142857142855	28.519343376159668	148752.1933529377
4344	1299.1132801154642	1014.2	82.062744140625	0.14816765	0.00011382857142857142	0.00037942857142857147	29.853067874908447	148782.06221294403
4345	1305.9040956326908	1018.31	82.072998046875	0.14816481	0.00011378571428571428	0.00037928571428571433	28.46741271018982	148810.55249977112
4346	1310.2854554520713	1024.0	81.5830078125	0.14816241	0.00011374285714285712	0.00037914285714285714	28.49535870552063	148839.06048250198
4347	1307.4726556254311	1015.03	80.8505859375	0.14807144	0.00011369999999999999	0.000379	47.64705228805542	148886.70861816406
4348	1305.46222413323	1018.44	81.351806640625	0.14808339	0.00011365714285714286	0.0003788571428571429	30.195089101791382	148916.91680836678
4349	1311.611349014006	1018.13	82.112060546875	0.148085	0.00011361428571428569	0.00037871428571428567	29.047548294067383	148945.98450231552
4350	1261.4472912074568	987.59	82.1220703125	0.14808737	0.00011357142857142856	0.0003785714285714286	28.8755943775177	148974.88049006462
4351	1309.359877021859	1016.54	82.1318359375	0.14808999	0.00011352857142857143	0.00037842857142857144	28.477601051330566	149003.35959529877
4352	1312.3150299332526	1014.22	82.3916015625	0.14809297	0.00011348571428571429	0.00037828571428571436	29.423006296157837	149032.79612755775
4353	1316.1578301884447	1018.15	81.900634765625	0.14809471	0.00011344285714285713	0.0003781428571428571	29.72587776184082	149062.53503394127
4354	1319.287932702206	1024.0	82.160400390625	0.14809634	0.00011339999999999999	0.000378	29.14744734764099	149091.69650053978
4355	1305.3627833571466	1014.2	82.1708984375	0.14809872	0.00011335714285714286	0.0003778571428571429	28.391010284423828	149120.1005320549
4356	1322.7455172445223	1024.0	82.1806640625	0.14809953	0.00011331428571428569	0.0003777142857142857	28.981649160385132	149149.09084010124
4357	1300.6116448731009	1008.38	81.689697265625	0.14810932	0.00011327142857142856	0.00037757142857142856	31.483543395996094	149180.6005334854
4358	1309.092522639313	1012.58	81.699951171875	0.14811283	0.00011322857142857142	0.00037742857142857147	30.570415258407593	149211.17248415947
4359	1297.9250007450369	1008.51	81.9599609375	0.14811605	0.0001131857142857143	0.00037728571428571433	29.639317750930786	149240.82451319695
4360	1315.0698993204624	1016.24	81.720703125	0.1481186	0.00011314285714285712	0.00037714285714285714	29.07546043395996	149269.90849208832
4361	1323.7228946677258	1020.54	81.98046875	0.14812161	0.00011309999999999998	0.000377	29.40582251548767	149299.3154051304
4362	1299.3784989625744	1004.83	82.239990234375	0.14812438	0.00011305714285714286	0.0003768571428571429	31.015347957611084	149330.3444800377
4363	1320.5069311867485	1024.0	82.0	0.14812872	0.00011301428571428568	0.00037671428571428567	30.42189645767212	149360.76783299446
4364	1316.2143131618434	1018.42	82.259765625	0.14807619	0.00011297142857142856	0.0003765714285714286	42.163325786590576	149402.93258452415
4365	1287.8904930629633	1005.05	81.76953125	0.1480776	0.00011292857142857143	0.00037642857142857145	30.115017652511597	149433.05647921562
4366	1321.3130484821013	1020.79	81.036865234375	0.14798081	0.00011288571428571429	0.00037628571428571436	47.97174525260925	149481.03682231903
4367	1306.2273687177417	1014.37	81.5390625	0.1479792	0.00011284285714285713	0.0003761428571428571	30.31859302520752	149511.35683488846
4368	1308.2272675721747	1009.82	82.298583984375	0.14787923	0.00011279999999999999	0.00037600000000000003	44.85818886756897	149556.2164993286
4369	1311.1076569317986	1016.64	82.05859375	0.1478061	0.00011275714285714285	0.0003758571428571429	43.47832894325256	149599.69694709778
4370	1281.8956443475931	995.97	82.568359375	0.14771898	0.00011271428571428569	0.0003757142857142857	48.237916231155396	149647.93649625778
4371	1312.482292104843	1016.45	81.575439453125	0.14760411	0.00011267142857142856	0.00037557142857142856	50.19731307029724	149698.13559055328
4372	1315.9033398735107	1018.24	82.087890625	0.14758448	0.00011262857142857142	0.0003754285714285715	52.130953550338745	149750.26862311363
4373	1301.5709278589131	1006.18	82.09765625	0.14756827	0.0001125857142857143	0.00037528571428571434	31.466127634048462	149781.7364974022
4374	1313.1382392196713	1012.76	82.107421875	0.147561	0.00011254285714285712	0.0003751428571428571	30.355751276016235	149812.1008837223
4375	1324.1832035751484	1022.27	82.73974609375	0.147554	0.0001125	0.000375	29.491400241851807	149841.60448598862
4376	1297.0049177222747	1002.1	82.249267578125	0.1475482	0.00011245714285714286	0.0003748571428571429	29.630542278289795	149871.23649835587
4377	1312.3645687427752	1012.66	82.507080078125	0.14754282	0.00011241428571428568	0.0003747142857142857	28.81269907951355	149900.0508646965
4378	1306.973985728001	1016.84	82.514892578125	0.14753892	0.00011237142857142856	0.00037457142857142854	28.73164439201355	149928.78362178802
4379	1311.065631273987	1020.13	82.522705078125	0.1475362	0.00011232857142857143	0.00037442857142857145	29.00745391845703	149957.80451393127
4380	1323.9243511946363	1022.2	82.52978515625	0.14752556	0.00011228571428571429	0.0003742857142857143	29.680917501449585	149987.50200653076
4381	1305.7286873019805	1010.75	81.7880859375	0.14752984	0.00011224285714285713	0.0003741428571428571	53.640869140625	150041.14449167252
4382	1317.023200093309	1014.24	82.053955078125	0.14747411	0.00011219999999999999	0.000374	44.003477573394775	150085.16441130638
4383	1312.1804205548833	1015.21	82.303955078125	0.14731582	0.00011215714285714285	0.0003738571428571429	46.11949419975281	150131.28848028183
4384	1326.5692918253324	1024.0	81.8115234375	0.14731658	0.00011211428571428569	0.00037371428571428565	29.907389879226685	150161.20849394798
4385	1315.9556612803913	1022.21	82.56884765625	0.14731558	0.00011207142857142855	0.00037357142857142857	28.880408763885498	150190.1055574417
4386	1306.5892142276678	1012.44	82.327392578125	0.1473144	0.00011202857142857142	0.00037342857142857143	28.88179302215576	150218.9887804985
4387	1311.2571573675286	1018.21	82.585205078125	0.14731336	0.0001119857142857143	0.00037328571428571434	28.618391513824463	150247.619890213
4388	1311.5466106100064	1018.31	82.343017578125	0.14731205	0.00011194285714285712	0.0003731428571428571	29.461234092712402	150277.1021709442
4389	1299.6642547235326	1012.37	82.35009765625	0.1473107	0.0001119	0.000373	30.7928946018219	150307.90985035896
4390	1258.7969844428765	975.26	82.6083984375	0.14730905	0.00011185714285714286	0.0003728571428571429	29.991366386413574	150337.91649270058
4391	1295.6815436604286	999.02	82.616455078125	0.14730293	0.00011181428571428568	0.0003727142857142857	29.7074453830719	150367.64049959183
4392	1327.2009347326655	1024.0	81.874755859375	0.14726254	0.00011177142857142856	0.00037257142857142854	43.56600570678711	150411.20790362358
4393	1304.2033739712745	1014.07	82.132080078125	0.14715023	0.00011172857142857142	0.00037242857142857146	47.89924907684326	150459.1084947586
4394	1291.9747065855113	1004.1	82.640869140625	0.14715044	0.00011168571428571429	0.0003722857142857143	30.239110946655273	150489.3645117283
4395	1311.4728382680116	1010.46	81.648193359375	0.14699857	0.00011164285714285712	0.00037214285714285713	49.14735674858093	150538.52450084686
4396	1314.8628623052268	1020.4	81.906494140625	0.14706217	0.00011159999999999999	0.000372	43.572784423828125	150582.09878349304
4397	1300.2076509096892	1012.31	82.164306640625	0.14702642	0.00011155714285714285	0.0003718571428571429	46.01209354400635	150628.11251163483
4398	1261.3070146871535	976.66	82.17138671875	0.14705198	0.00011151428571428569	0.00037171428571428566	48.694040060043335	150676.8082396984
4399	1317.8647800750193	1022.14	81.9296875	0.14692488	0.00011147142857142855	0.0003715714285714286	45.523781538009644	150722.34893512726
4400	1318.193812517481	1018.49	82.437744140625	0.14682317	0.00011142857142857142	0.00037142857142857143	48.88503313064575	150771.24595165253
4401	1274.5281113892215	985.74	82.695556640625	0.14682104	0.0001113857142857143	0.00037128571428571435	50.099167346954346	150821.35649728775
4402	1320.1717749503182	1017.97	82.702392578125	0.14681183	0.00011134285714285712	0.0003711428571428571	49.395439863204956	150870.7648279667
4403	1310.7465637975242	1014.23	81.467529296875	0.14676441	0.0001113	0.000371	44.55023980140686	150915.33927249908
4404	1310.8949198170192	1012.43	82.46826171875	0.14672674	0.00011125714285714286	0.0003708571428571429	47.62394094467163	150962.97703838348
4405	1293.5304295043657	1002.66	82.226318359375	0.14664473	0.0001112142857142857	0.0003707142857142857	48.24975514411926	151011.2422132492
4406	1304.4211296175934	1006.95	82.734130859375	0.14652146	0.00011117142857142856	0.00037057142857142855	42.7148711681366	151053.97650671005
4407	1288.235390317839	998.19	81.499267578125	0.14651728	0.00011112857142857142	0.00037042857142857146	30.323009729385376	151084.31275248528
4408	1307.0714029927829	1022.03	83.5	0.14651582	0.00011108571428571429	0.0003702857142857143	30.261227130889893	151114.57565259933
4409	1306.5107189173546	1016.71	82.509033203125	0.14651369	0.00011104285714285712	0.00037014285714285713	29.774517059326172	151144.35172367096
4410	1308.981665710838	1010.58	82.766845703125	0.14651306	0.00011099999999999999	0.00037	28.41936707496643	151172.7725329399
4411	1304.7315190085644	1008.2	82.7744140625	0.14651327	0.00011095714285714285	0.0003698571428571429	30.7917377948761	151203.57264637947
4412	1294.1407726859718	1000.83	82.532470703125	0.14651223	0.00011091428571428569	0.00036971428571428566	28.931289196014404	151232.5056245327
4413	1298.5354295082384	1006.92	82.790283203125	0.14651103	0.00011087142857142855	0.0003695714285714286	28.646198749542236	151261.16728377342
4414	1320.6385031792101	1024.0	82.298095703125	0.14651074	0.00011082857142857142	0.00036942857142857144	29.15862727165222	151290.33956551552
4415	1294.1807938088677	1002.31	82.305908203125	0.1465093	0.0001107857142857143	0.00036928571428571436	28.413275480270386	151318.7543091774
4416	1337.4444140901924	1024.0	82.06298828125	0.14648871	0.00011074285714285712	0.0003691428571428571	29.49392318725586	151348.24919772148
4417	1306.9961364516437	1012.67	82.8212890625	0.14648063	0.0001107	0.000369	27.646435499191284	151375.89684677124
4418	1294.0381782096663	1002.58	82.329345703125	0.1464733	0.00011065714285714286	0.0003688571428571429	27.917734146118164	151403.82698822021
4419	1322.1347183693072	1018.5	82.587158203125	0.14646508	0.0001106142857142857	0.0003687142857142857	27.920633554458618	151431.76172447205
4420	1320.9457985734407	1018.06	82.8447265625	0.14638938	0.00011057142857142856	0.00036857142857142855	43.02741026878357	151474.80448675156
4421	1294.8228621695405	995.27	81.360107421875	0.14638098	0.00011052857142857142	0.00036842857142857147	28.603419303894043	151503.42053079605
4422	1310.5814757280302	1016.15	82.379638671875	0.14637686	0.00011048571428571429	0.00036828571428571433	27.635332822799683	151531.0684981346
4423	1291.7163611327358	998.64	82.716552734375	0.14637293	0.00011044285714285712	0.00036814285714285714	27.471879959106445	151558.55286121368
4424	1296.2008296519768	1002.82	82.47509765625	0.14636889	0.00011039999999999999	0.000368	27.771392345428467	151586.33248114586
4425	1307.31000496495	1016.1	82.60693359375	0.14636426	0.00011035714285714285	0.0003678571428571429	28.49232530593872	151614.833411932
4426	1297.8290831725055	1008.45	82.865478515625	0.14635876	0.00011031428571428569	0.00036771428571428567	28.92327117919922	151643.7684071064
4427	1298.6482349903783	1008.71	82.87353515625	0.14634168	0.00011027142857142855	0.00036757142857142853	28.607640027999878	151672.3887526989
4428	1309.595085442496	1014.35	82.38134765625	0.14622077	0.00011022857142857143	0.00036742857142857145	42.86381506919861	151715.26874995232
4429	1309.8021359625702	1010.06	81.896240234375	0.1460589	0.00011018571428571429	0.0003672857142857143	45.85187840461731	151761.13700675964
4430	1319.284873202754	1018.29	83.16943359375	0.14605771	0.00011014285714285712	0.0003671428571428571	28.350820779800415	151789.48955750465
4431	1315.6026018108446	1023.16	83.505859375	0.14601256	0.00011009999999999999	0.000367	48.75737929344177	151838.24849414825
4432	1316.1901681093282	1014.24	82.29541015625	0.14600748	0.00011005714285714286	0.0003668571428571429	28.41654348373413	151866.66643881798
4433	1309.5910153733562	1012.78	83.10009765625	0.14600544	0.0001100142857142857	0.00036671428571428564	28.142233848571777	151894.826659441
4434	1317.1493833058514	1016.27	83.904052734375	0.14600328	0.00010997142857142856	0.00036657142857142856	28.02250576019287	151922.8636481762
4435	1315.146483654488	1020.47	83.20947265625	0.14600171	0.00010992857142857142	0.0003664285714285714	27.460049629211426	151950.35248064995
4436	1302.7733105097925	1000.54	83.48681640625	0.14600097	0.00010988571428571428	0.00036628571428571434	27.679749488830566	151978.04877376556
4437	1320.2167504454712	1016.06	83.49462890625	0.14599976	0.00010984285714285712	0.0003661428571428571	27.93162178993225	152005.99255633354
4438	1308.9885780589439	1008.88	83.287353515625	0.14599784	0.00010979999999999999	0.000366	28.152790784835815	152034.1619246006
4439	1307.0809824098794	1004.13	82.93603515625	0.14599477	0.00010975714285714285	0.00036585714285714287	27.31541347503662	152061.4925031662
4440	1311.491843864699	1014.44	83.18603515625	0.14599194	0.00010971428571428573	0.0003657142857142858	27.087801933288574	152088.58888840675
4441	1317.4258203348481	1020.08	83.69677734375	0.14594916	0.00010967142857142855	0.00036557142857142854	42.775389671325684	152131.37247109413
4442	1321.2686688499605	1016.29	82.838134765625	0.14596261	0.00010962857142857143	0.00036542857142857145	41.27058458328247	152172.64448332787
4443	1315.334468233021	1012.41	83.38134765625	0.14581011	0.00010958571428571429	0.0003652857142857143	49.40333366394043	152222.05247950554
4444	1293.9643320728132	1007.12	83.38916015625	0.14571051	0.00010954285714285711	0.0003651428571428571	50.0873646736145	152272.15249538422
4445	1295.7404607010392	1004.81	83.89697265625	0.14575155	0.00010949999999999999	0.000365	45.43545150756836	152317.60847759247
4446	1316.0951207259232	1014.18	84.15478515625	0.14563198	0.00010945714285714286	0.0003648571428571429	43.050429344177246	152360.66047525406
4447	1323.5211895575405	1024.0	83.911865234375	0.14555253	0.00010941428571428572	0.00036471428571428576	45.12621784210205	152405.788492918
4448	1301.3609564203114	1009.86	84.170166015625	0.1455459	0.00010937142857142856	0.00036457142857142857	28.13927674293518	152433.92883872986
4449	1311.961818112176	1008.67	83.927978515625	0.14549108	0.00010932857142857142	0.00036442857142857143	46.044477462768555	152479.9748392105
4450	1309.1753923641108	1010.54	83.433837890625	0.14549954	0.00010928571428571428	0.00036428571428571434	42.59875226020813	152522.58784079552
4451	1333.3238159022983	1024.0	83.951416015625	0.14549634	0.00010924285714285712	0.0003641428571428571	39.43903994560242	152562.0405011177
4452	1326.1728419761216	1017.39	83.451171875	0.14549328	0.00010919999999999998	0.000364	27.592372179031372	152589.65753102303
4453	1304.3094300923412	1008.51	84.209228515625	0.14534077	0.00010915714285714285	0.0003638571428571429	49.377461671829224	152639.03647780418
4454	1287.3728208338193	996.36	84.466064453125	0.14533743	0.00010911428571428573	0.0003637142857142858	30.919707775115967	152669.96878552437
4455	1305.5602826822578	1006.8	84.724853515625	0.1453355	0.00010907142857142855	0.00036357142857142854	53.25520873069763	152723.23621582985
4456	1280.3605380269144	989.62	83.98291015625	0.1453372	0.00010902857142857143	0.00036342857142857146	29.891540050506592	152753.148788929
4457	1314.0457186818876	1010.39	83.739990234375	0.14527042	0.00010898571428571429	0.0003632857142857143	53.29700183868408	152806.58545947075
4458	1316.14687865933	1016.45	83.749267578125	0.14526238	0.00010894285714285713	0.0003631428571428571	30.391493320465088	152836.99278593063
4459	1314.3163516222828	1014.16	83.757080078125	0.14522551	0.00010889999999999999	0.000363	54.398348569869995	152891.39253473282
4460	1303.8136157790766	1007.18	83.514892578125	0.14513512	0.00010885714285714285	0.0003628571428571429	47.16321778297424	152938.56855630875
4461	1309.3736581297974	1006.53	84.0224609375	0.14513005	0.00010881428571428572	0.00036271428571428576	30.458723306655884	152969.02849960327
4462	1317.9328340758873	1012.87	83.78076171875	0.14506087	0.00010877142857142856	0.00036257142857142857	47.66184663772583	153016.70302033424
4463	1311.6116309434324	1014.33	84.288818359375	0.14503951	0.00010872857142857142	0.00036242857142857143	32.11874341964722	153048.82388043404
4464	1313.0361496059961	1012.21	84.296630859375	0.14503664	0.00010868571428571428	0.00036228571428571435	28.83580446243286	153077.78079533577
4465	1309.0158870507705	1008.51	84.304443359375	0.14503318	0.00010864285714285712	0.0003621428571428571	28.822921752929688	153106.60482168198
4466	1303.9916801022407	1004.39	84.31103515625	0.14502832	0.00010859999999999998	0.000362	29.871081113815308	153136.47763586044
4467	1314.8736748080285	1012.59	84.320068359375	0.14502189	0.00010855714285714285	0.0003618571428571429	28.707306146621704	153165.19650149345
4468	1308.4683461292948	1012.32	84.077880859375	0.145015	0.00010851428571428572	0.0003617142857142858	29.50693106651306	153194.70449709892
4469	1325.9523280954681	1016.26	83.835693359375	0.1450088	0.00010847142857142855	0.00036157142857142855	28.520060062408447	153223.22556209564
4470	1315.2506174705281	1011.71	84.59326171875	0.14496882	0.00010842857142857143	0.00036142857142857146	29.54613471031189	153252.77274560928
4471	1316.2027574744297	1010.76	84.101318359375	0.14495741	0.00010838571428571429	0.0003612857142857143	29.994137287139893	153282.76848435402
4472	1313.5098716709617	1012.68	84.359130859375	0.14494391	0.00010834285714285713	0.00036114285714285713	29.08354139328003	153311.8645131588
4473	1295.048253093021	1001.7	84.116943359375	0.14493169	0.00010829999999999999	0.000361	29.6953444480896	153341.56137514114
4474	1324.7539004691216	1020.09	84.125	0.1448677	0.00010825714285714285	0.0003608571428571429	46.889769315719604	153388.45248913765
4475	1313.921490982096	1012.06	84.63330078125	0.14484613	0.00010821428571428572	0.00036071428571428577	31.94004249572754	153420.40155124664
4476	1290.981174648107	991.46	84.391357421875	0.14484453	0.00010817142857142855	0.0003605714285714286	29.28555965423584	153449.68852424622
4477	1311.99283799955	1004.5	84.149169921875	0.14484355	0.00010812857142857142	0.00036042857142857144	28.302583932876587	153477.9922938347
4478	1328.2385823514621	1022.29	84.406982421875	0.14491293	0.00010808571428571428	0.00036028571428571435	46.89561748504639	153524.908506155
4479	1325.7913604968874	1024.0	84.66455078125	0.14489336	0.00010804285714285712	0.0003601428571428571	30.687535047531128	153555.61286973953
4480	1301.4335956175696	1010.79	84.422607421875	0.14487924	0.00010799999999999998	0.00035999999999999997	47.803425312042236	153603.42852377892
4481	1332.9035685090337	1024.0	83.680419921875	0.14486144	0.00010795714285714286	0.0003598571428571429	30.94676899909973	153634.3768517971
4482	1297.9142272462173	1006.22	83.937744140625	0.14485526	0.00010791428571428572	0.00035971428571428575	29.359522819519043	153663.7524831295
4483	1302.8811850813047	1005.22	84.446044921875	0.14484923	0.00010787142857142855	0.00035957142857142855	29.771049976348877	153693.53649044037
4484	1335.1901660872786	1024.0	84.203125	0.14484406	0.00010782857142857142	0.0003594285714285714	29.37083601951599	153722.9084994793
4485	1336.2373522153832	1024.0	84.461669921875	0.14483945	0.00010778571428571429	0.00035928571428571433	30.304099559783936	153753.21364712715
4486	1306.7030390957382	999.3	83.719482421875	0.14480765	0.00010774285714285712	0.0003591428571428571	30.2636079788208	153783.49279999733
4487	1330.8017348175938	1018.65	84.477294921875	0.14479539	0.00010769999999999999	0.000359	29.915266275405884	153813.42050027847
4488	1326.6131574154815	1020.17	84.485107421875	0.14479113	0.00010765714285714285	0.00035885714285714286	30.175814151763916	153843.60886454582
4489	1300.8944667143728	1005.46	84.4921875	0.14478816	0.00010761428571428572	0.0003587142857142858	30.421502113342285	153874.0385878086
4490	1318.0720715084776	1015.25	84.0	0.14478306	0.00010757142857142855	0.00035857142857142853	29.561267375946045	153903.60084557533
4491	1321.645875440673	1018.23	84.50927734375	0.1447796	0.00010752857142857142	0.00035842857142857144	29.652260303497314	153933.2647330761
4492	1318.3984819606367	1016.62	84.517333984375	0.14477758	0.00010748571428571428	0.0003582857142857143	28.855563640594482	153962.20854234695
4493	1299.9002666502909	1007.15	83.7744140625	0.14475136	0.00010744285714285712	0.0003581428571428571	48.72786998748779	154010.95277142525
4494	1326.8606654653593	1020.29	83.782958984375	0.14474396	0.00010739999999999998	0.000358	30.318510055541992	154041.28826856613
4495	1293.9121578251932	1002.58	84.040771484375	0.14465602	0.00010735714285714286	0.0003578571428571429	47.047341108322144	154088.35248827934
4496	1323.329412984954	1010.23	84.806396484375	0.14464012	0.00010731428571428572	0.00035771428571428575	32.04969811439514	154120.40346550941
4497	1309.6279704389103	1013.02	84.556396484375	0.14463848	0.00010727142857142856	0.00035757142857142856	29.047350883483887	154149.46449756622
4498	1311.0771461812078	1014.89	84.5634765625	0.14463721	0.00010722857142857142	0.0003574285714285714	29.04850745201111	154178.51769661903
4499	1326.2053438772791	1017.25	83.82177734375	0.14462343	0.00010718571428571429	0.00035728571428571434	30.403406381607056	154208.93650960922
4500	1295.772528637469	1001.06	84.329833984375	0.1446182	0.00010714285714285712	0.0003571428571428571	29.34600830078125	154238.28358006477
4501	1301.3288876589145	1006.63	85.087646484375	0.14461316	0.00010709999999999999	0.000357	28.827067852020264	154267.12019515038
4502	1314.9648396164357	1010.73	85.09521484375	0.144607	0.00010705714285714285	0.00035685714285714287	29.428797006607056	154296.56172275543
4503	1306.329612079139	1010.43	84.727783203125	0.1446015	0.00010701428571428572	0.0003567142857142858	30.19381022453308	154326.7564971447
4504	1287.3592794740966	991.61	84.735595703125	0.14459695	0.00010697142857142855	0.00035657142857142853	30.67816925048828	154357.43564486504
4505	1321.5329457139774	1016.21	84.493408203125	0.14459161	0.00010692857142857142	0.00035642857142857145	30.415518045425415	154387.85250091553
4506	1296.1553626157913	1006.56	84.251220703125	0.14458734	0.00010688571428571428	0.0003562857142857143	30.571321487426758	154418.4364926815
4507	1306.2527396951505	1005.15	84.258544921875	0.14456534	0.00010684285714285712	0.0003561428571428571	30.114068031311035	154448.56330895424
4508	1319.030074505226	1020.69	84.267822265625	0.14436372	0.00010679999999999998	0.000356	47.99600672721863	154496.56049108505
4509	1325.4232984274772	1016.42	84.77587890625	0.14437424	0.00010675714285714286	0.0003558571428571429	50.08332371711731	154546.65650987625
4510	1303.8622938367591	1013.31	84.28369140625	0.1443595	0.00010671428571428572	0.00035571428571428576	30.624278783798218	154577.2973191738
4511	1309.2909437265225	1009.09	83.29833984375	0.14419146	0.00010667142857142856	0.00035557142857142856	46.75402522087097	154624.05283093452
4512	1309.8285879060513	1008.25	84.04931640625	0.1441917	0.00010662857142857142	0.0003554285714285714	29.875349760055542	154653.94449210167
4513	1293.1102241683216	1005.07	84.807373046875	0.14419031	0.00010658571428571429	0.00035528571428571434	29.487199306488037	154683.4444949627
4514	1330.3294661237776	1024.0	84.813720703125	0.14419018	0.00010654285714285712	0.0003551428571428571	30.260038375854492	154713.70606279373
4515	1323.1131484964196	1020.22	84.572998046875	0.14418924	0.00010649999999999999	0.000355	29.546070098876953	154743.2536547184
4516	1310.7798520996685	1012.88	83.83837890625	0.14418748	0.00010645714285714285	0.00035485714285714287	29.921284914016724	154773.1764600277
4517	1324.23015885106	1018.71	84.588623046875	0.14418556	0.00010641428571428571	0.0003547142857142858	30.20114302635193	154803.3785135746
4518	1303.5487650987038	1012.59	84.346435546875	0.1441843	0.00010637142857142855	0.00035457142857142854	30.93374252319336	154834.31377077103
4519	1329.7321210460932	1021.3	84.854248046875	0.1441819	0.00010632857142857141	0.00035442857142857146	29.277218103408813	154863.59248566628
4520	1287.5502362695065	994.49	84.862060546875	0.14417453	0.00010628571428571428	0.0003542857142857143	29.594186067581177	154893.1881530285
4521	1330.5502540826915	1024.0	84.619140625	0.14401077	0.00010624285714285712	0.0003541428571428571	49.16430854797363	154942.37332487106
4522	1311.1543232489157	1004.58	84.627685546875	0.14399953	0.00010619999999999998	0.000354	29.63740348815918	154972.012485981
4523	1320.463399193626	1012.11	84.385498046875	0.14394654	0.00010615714285714286	0.0003538571428571429	45.07466745376587	155017.0886440277
4524	1304.6695144817409	1010.03	85.144287109375	0.14395116	0.00010611428571428572	0.00035371428571428576	48.8067307472229	155065.89647960663
4525	1303.9876089814616	1010.19	84.151123046875	0.14395465	0.00010607142857142856	0.00035357142857142857	49.24622464179993	155115.1444823742
4526	1295.697303521842	995.95	84.65966796875	0.14395027	0.00010602857142857142	0.00035342857142857143	27.789292812347412	155142.93574905396
4527	1309.0422544183923	1010.88	84.916015625	0.1438029	0.00010598571428571428	0.00035328571428571435	59.94098615646362	155202.8900771141
4528	1325.3282770411367	1024.0	84.925537109375	0.14374547	0.00010594285714285712	0.0003531428571428571	58.69335126876831	155261.58477950096
4529	1291.8567073035003	990.52	84.183349609375	0.14370334	0.00010589999999999999	0.00035299999999999996	56.54748606681824	155318.1446518898
4530	1306.184717092495	1006.47	84.6904296875	0.14365001	0.00010585714285714285	0.0003528571428571429	57.191667556762695	155375.35277032852
4531	1308.7105806829734	1010.94	84.948974609375	0.14364626	0.00010581428571428571	0.0003527142857142858	33.0620219707489	155408.42723798752
4532	1306.5667981793436	1009.27	84.456787109375	0.14357422	0.00010577142857142855	0.00035257142857142855	55.38826870918274	155463.8165295124
4533	1297.4116155017464	1009.08	84.714111328125	0.14352866	0.00010572857142857141	0.0003524285714285714	51.49996018409729	155515.43293619156
4534	1305.1171572989635	1012.49	83.9296875	0.1435312	0.00010568571428571429	0.0003522857142857143	32.97540855407715	155548.41650104523
4535	1328.494419332047	1024.0	83.4453125	0.14355375	0.00010564285714285711	0.0003521428571428571	57.444068908691406	155605.997027874
4536	1313.4739159937421	1016.15	84.446044921875	0.14354934	0.00010559999999999998	0.000352	52.587268352508545	155658.58589696884
4537	1305.4447542322473	1002.57	85.203857421875	0.14354835	0.00010555714285714286	0.00035185714285714285	31.835407733917236	155690.43651652336
4538	1303.3907475657443	1004.7	84.484375	0.14337541	0.00010551428571428572	0.00035171428571428577	49.983383655548096	155740.42850518227
4539	1314.6909808198623	1014.52	84.968505859375	0.14337859	0.00010547142857142856	0.0003515714285714285	32.92805624008179	155773.35750722885
4540	1311.5312313526747	1014.88	84.97607421875	0.143378	0.00010542857142857142	0.00035142857142857144	32.03504133224487	155805.40817284584
4541	1305.9197911115737	1004.73	85.73583984375	0.14337692	0.00010538571428571428	0.0003512857142857143	31.49252939224243	155837.0480415821
4542	1305.6641847385704	1005.13	84.49365234375	0.14337498	0.00010534285714285712	0.0003511428571428571	33.048320055007935	155870.10048365593
4543	1313.1600275659825	1002.95	84.501708984375	0.14337273	0.00010529999999999998	0.00035099999999999997	32.85040616989136	155902.95247244835
4544	1278.6399249290744	984.65	85.009033203125	0.1433704	0.00010525714285714285	0.0003508571428571429	32.70221257209778	155935.6564810276
4545	1315.7878287774497	1014.64	85.26708984375	0.14332534	0.00010521428571428571	0.00035071428571428574	53.881978034973145	155989.55112934113
4546	1308.4574106169773	1010.39	84.27490234375	0.14331771	0.00010517142857142855	0.00035057142857142855	32.25069546699524	156021.92765021324
4547	1294.982012290452	995.81	84.7822265625	0.14332125	0.00010512857142857141	0.0003504285714285714	59.40787482261658	156081.34491109848
4548	1292.8638560887637	995.87	84.538330078125	0.14325023	0.00010508571428571429	0.00035028571428571433	58.66659593582153	156140.01250815392
4549	1293.7098736745602	993.47	84.53662109375	0.14327134	0.00010504285714285711	0.0003501428571428571	58.15729331970215	156198.1825492382
4550	1299.8439398641194	1004.55	84.298095703125	0.14315939	0.00010499999999999999	0.00035	59.36757135391235	156257.56487178802
4551	1329.7222826923532	1024.0	85.0556640625	0.14317049	0.00010495714285714285	0.00034985714285714286	50.154160499572754	156307.72047543526
4552	1303.8092425980037	1003.74	84.5634765625	0.14315543	0.00010491428571428572	0.0003497142857142858	51.06084442138672	156358.79040122032
4553	1280.983169610478	992.06	83.82861328125	0.14315645	0.00010487142857142856	0.0003495714285714285	32.283493757247925	156391.27249836922
4554	1310.3520787865605	1010.54	84.57861328125	0.14297156	0.00010482857142857142	0.00034942857142857144	50.735578536987305	156442.02049398422
4555	1314.8903455975642	1009.19	85.086669921875	0.14296146	0.00010478571428571428	0.0003492857142857143	33.39087462425232	156475.4128870964
4556	1307.1838406743984	1010.47	85.34375	0.14288427	0.00010474285714285712	0.0003491428571428571	54.19703269004822	156529.6109263897
4557	1280.316814278221	991.28	84.103515625	0.14284052	0.00010469999999999998	0.00034899999999999997	59.01934814453125	156588.64448785782
4558	1319.4617826559238	1014.38	84.861572265625	0.14291833	0.00010465714285714285	0.0003488571428571429	51.410149812698364	156640.3164920807
4559	1302.1557973117683	1009.89	84.869384765625	0.14291115	0.00010461428571428571	0.00034871428571428575	32.258841037750244	156672.5764837265
4560	1283.4255185921104	986.67	84.877197265625	0.14285137	0.00010457142857142855	0.00034857142857142856	56.947582960128784	156729.5364663601
4561	1318.2038863054308	1016.26	83.642578125	0.14283444	0.00010452857142857141	0.0003484285714285714	34.1273558139801	156763.67649626732
4562	1316.0143232809883	1009.22	85.142333984375	0.14264081	0.00010448571428571429	0.00034828571428571433	54.947601079940796	156818.64449238777
4563	1326.0995553055213	1018.91	84.900634765625	0.14263125	0.00010444285714285715	0.0003481428571428572	32.29840803146362	156850.9445054531
4564	1319.3118129929665	1014.05	85.158447265625	0.14262721	0.00010439999999999999	0.000348	32.87014198303223	156883.81568789482
4565	1336.4225915483212	1024.0	85.166259765625	0.14262462	0.00010435714285714285	0.00034785714285714286	32.79933285713196	156916.62849140167
4566	1289.170463628154	996.14	85.182861328125	0.14262034	0.00010431428571428572	0.0003477142857142858	32.971518754959106	156949.61648464203
4567	1281.264905714668	994.97	85.566162109375	0.14261664	0.00010427142857142855	0.00034757142857142853	32.4184627532959	156982.03649687767
4568	1324.2608365390652	1018.15	85.823486328125	0.14261428	0.00010422857142857142	0.00034742857142857145	33.4430148601532	157015.48068070412
4569	1289.849129606461	996.59	84.330810546875	0.14252336	0.00010418571428571428	0.0003472857142857143	60.36321783065796	157075.84503793716
4570	1309.452462199123	1014.46	84.83837890625	0.14234824	0.00010414285714285715	0.0003471428571428572	51.490365743637085	157127.33651280403
4571	1289.1773591590509	996.73	84.595458984375	0.14233385	0.00010409999999999998	0.000347	34.21147871017456	157161.54952454567
4572	1308.317218919764	1014.32	84.85302734375	0.14235951	0.00010405714285714285	0.0003468571428571429	46.911335468292236	157208.61649775505
4573	1302.8978207696493	1005.18	85.111083984375	0.1423013	0.00010401428571428571	0.00034671428571428575	56.03585863113403	157264.6570327282
4574	1325.223613747838	1024.0	85.11962890625	0.14224519	0.00010397142857142855	0.00034657142857142856	33.23410248756409	157297.9072186947
4575	1284.8534927537526	998.91	85.376708984375	0.14223641	0.00010392857142857141	0.0003464285714285714	31.947755813598633	157329.87272024155
4576	1309.1793991332115	1010.92	84.883544921875	0.14222683	0.00010388571428571429	0.00034628571428571434	32.651654958724976	157362.5407998562
4577	1295.5055061468954	1005.29	85.39306640625	0.14224082	0.00010384285714285715	0.0003461428571428572	55.71155309677124	157418.400485754
4578	1313.9903664801395	1014.08	84.646484375	0.14213593	0.00010379999999999999	0.000346	56.907079458236694	157475.31234693527
4579	1311.5013841530902	1007.95	85.1552734375	0.14230795	0.00010375714285714285	0.00034585714285714287	55.44005584716797	157530.77247667313
4580	1295.5107974002908	1012.45	84.6611328125	0.14216365	0.00010371428571428572	0.0003457142857142858	60.00405550003052	157590.9045035839
4581	1323.2100107072818	1019.46	84.90185546875	0.14209986	0.00010367142857142855	0.00034557142857142854	53.20039772987366	157644.10885214806
4582	1291.8690595066314	999.27	84.65966796875	0.14208178	0.00010362857142857142	0.0003454285714285714	58.15204858779907	157702.26230835915
4583	1286.7441200596706	999.38	85.164794921875	0.14192031	0.00010358571428571428	0.0003452857142857143	58.36672329902649	157760.6314883232
4584	1310.3388170317717	1016.18	85.671630859375	0.14179002	0.00010354285714285714	0.0003451428571428572	59.10762691497803	157819.8726568222
4585	1300.4163899487833	998.87	85.429931640625	0.14182891	0.00010349999999999998	0.000345	59.079543352127075	157879.056494236
4586	1311.5079206825385	1007.0	85.1884765625	0.14179088	0.00010345714285714285	0.00034485714285714284	58.42454195022583	157937.48192191124
4587	1317.6705553456998	1016.24	84.9462890625	0.14177303	0.00010341428571428572	0.00034471428571428576	53.94026041030884	157991.45668435097
4588	1298.3237220395133	1005.74	85.2041015625	0.14166822	0.00010337142857142855	0.0003445714285714285	55.63802123069763	158047.0964963436
4589	1300.1528128971518	1008.61	85.209716796875	0.14167313	0.00010332857142857141	0.00034442857142857143	33.53019714355469	158080.64329600334
4590	1319.1096938431774	1018.11	84.720703125	0.14175798	0.00010328571428571429	0.0003442857142857143	49.86723017692566	158130.64651346207
4591	1301.5000178170335	1006.26	84.728515625	0.14175187	0.00010324285714285715	0.0003441428571428572	32.85374665260315	158163.51465916634
4592	1321.1422309666607	1020.33	85.486328125	0.14175095	0.00010319999999999999	0.00034399999999999996	32.991584062576294	158196.51650381088
4593	1311.3742037556162	1017.25	84.7509765625	0.14174968	0.00010315714285714285	0.0003438571428571429	32.12646555900574	158228.64412236214
4594	1296.1777155108578	1002.76	85.5009765625	0.1417474	0.00010311428571428572	0.00034371428571428574	32.20142388343811	158260.847230196
4595	1281.6052824235312	1000.48	85.509521484375	0.14174485	0.00010307142857142855	0.00034357142857142854	29.959632635116577	158290.82082247734
4596	1308.0082059043439	1016.61	84.267333984375	0.14173146	0.00010302857142857142	0.0003434285714285714	29.712786197662354	158320.54598259926
4597	1304.39970006866	1014.12	85.525390625	0.14172575	0.00010298571428571428	0.0003432857142857143	30.956480741500854	158351.50446367264
4598	1206.235810685306	948.83	85.532958984375	0.14172061	0.00010294285714285714	0.0003431428571428572	32.532307624816895	158384.04049158096
4599	1314.6264622072495	1023.92	85.2880859375	0.14171536	0.00010289999999999998	0.000343	33.54344081878662	158417.75636339188
4600	1304.610095845629	1013.97	84.7939453125	0.14171015	0.00010285714285714284	0.00034285714285714285	34.25028991699219	158452.00862932205
4601	1284.8156140863875	999.08	85.5537109375	0.14170603	0.00010281428571428572	0.00034271428571428577	32.57072997093201	158484.58078026772
4602	1288.3597778952485	1004.73	85.3115234375	0.14170168	0.00010277142857142854	0.0003425714285714285	32.48378372192383	158517.0729265213
4603	1271.3933454415228	1005.9	86.308837890625	0.14166018	0.00010272857142857142	0.00034242857142857143	54.427751779556274	158571.5017735958
4604	1287.381482682528	1013.15	84.813720703125	0.14165235	0.00010268571428571429	0.0003422857142857143	32.923306941986084	158604.4404811859
4605	1297.6623663866342	1018.65	85.321533203125	0.14164919	0.00010264285714285715	0.0003421428571428572	32.0832405090332	158636.7002208233
4606	1272.1602422081428	1002.97	85.580322265625	0.14164542	0.00010259999999999999	0.00034199999999999996	34.02023100852966	158670.7222585678
4607	1273.9958135502584	1000.18	85.58740234375	0.14164181	0.00010255714285714285	0.0003418571428571429	32.28341460227966	158703.0205051899
4608	1273.0476790323094	999.76	85.345703125	0.1416393	0.00010251428571428571	0.00034171428571428574	31.779351234436035	158734.81647729874
4609	1297.111128892679	1012.71	84.611572265625	0.14163655	0.00010247142857142855	0.00034157142857142855	29.139490604400635	158764.1124944687
4610	1302.8075022251114	1014.76	85.361572265625	0.14163397	0.00010242857142857141	0.0003414285714285714	31.693227767944336	158795.81838345528
4611	1289.2578531273978	1006.22	84.868896484375	0.1416269	0.00010238571428571428	0.0003412857142857143	31.319392442703247	158827.15250086784
4612	1264.4239178594526	991.88	85.876708984375	0.14150669	0.00010234285714285714	0.0003411428571428572	52.63873314857483	158879.792842865
4613	1303.835520480994	1016.19	85.384765625	0.1414995	0.00010229999999999998	0.000341	33.54893255233765	158913.3444917202
4614	1284.8628893672294	1002.56	84.900634765625	0.14134066	0.00010225714285714284	0.00034085714285714286	61.022565603256226	158974.36855220795
4615	1293.54742463538	1016.07	85.648681640625	0.14133641	0.00010221428571428572	0.00034071428571428577	33.80230402946472	159008.17249393463
4616	1288.5860293081432	1008.81	85.657958984375	0.14119269	0.00010217142857142854	0.0003405714285714285	56.00334453582764	159064.18056201935
4617	1288.8024773955863	1010.45	86.166015625	0.14098884	0.00010212857142857142	0.00034042857142857144	54.174269914627075	159118.35648608208
4618	1261.8364091923477	987.06	85.674072265625	0.14098774	0.00010208571428571429	0.0003402857142857143	32.51156759262085	159151.01234555244
4619	1294.7888250708047	1015.19	85.181884765625	0.14087085	0.00010204285714285715	0.0003401428571428572	48.0760281085968	159199.1044743061
4620	1284.3040258288058	999.13	85.689697265625	0.14086741	0.00010199999999999999	0.00033999999999999997	31.77551579475403	159231.03648877144
4621	1307.3792744488603	1024.0	85.947265625	0.1408165	0.00010195714285714285	0.0003398571428571429	52.083969831466675	159283.26849031448
4622	1309.2974044339176	1012.44	84.955322265625	0.14081204	0.00010191428571428571	0.00033971428571428575	30.450717210769653	159313.87279701233
4623	1298.2817216049596	1014.19	85.464111328125	0.1408115	0.00010187142857142855	0.00033957142857142855	57.50552701950073	159371.37983846664
4624	1257.199738484613	990.61	85.221923828125	0.14079486	0.00010182857142857141	0.0003394285714285714	34.035274028778076	159405.41648197174
4625	1309.497337011659	1023.04	85.4794921875	0.14067693	0.00010178571428571428	0.00033928571428571433	54.58731436729431	159460.004778862
4626	1296.3745656107703	1012.37	84.987548828125	0.14059661	0.00010174285714285714	0.0003391428571428572	58.375757455825806	159518.39681696892
4627	1283.0489955255498	1000.01	84.995361328125	0.14064558	0.00010169999999999998	0.000339	51.116944789886475	159569.52661895752
4628	1281.2471989042688	1000.39	85.003173828125	0.1406241	0.00010165714285714284	0.00033885714285714286	53.35781216621399	159622.90323662758
4629	1292.5832712806	1008.55	85.010986328125	0.14062315	0.00010161428571428572	0.0003387142857142858	33.14332962036133	159656.0564892292
4630	1250.4226801461305	984.17	85.0263671875	0.14060745	0.00010157142857142854	0.00033857142857142853	55.32347059249878	159711.39275956154
4631	1274.2254357051863	999.21	84.909423828125	0.14051442	0.00010152857142857142	0.00033842857142857145	57.875370502471924	159769.28449702263
4632	1269.2410221308505	989.49	85.409423828125	0.14041258	0.00010148571428571428	0.0003382857142857143	56.37114214897156	159825.67650055885
4633	1270.0756603921648	992.47	85.417236328125	0.14040156	0.00010144285714285715	0.0003381428571428572	33.72495460510254	159859.5539779663
4634	1308.7073044240483	1012.2	85.1748046875	0.14028418	0.00010139999999999998	0.000338	53.616655588150024	159913.17259383202
4635	1280.6313947178674	998.75	85.182861328125	0.14024048	0.00010135714285714285	0.00033785714285714284	59.50446343421936	159972.67859768867
4636	1277.4255298084363	994.79	85.190673828125	0.14022586	0.00010131428571428571	0.00033771428571428575	33.1353440284729	160005.82848906517
4637	1304.3612605918483	1010.5	84.43896484375	0.14006715	0.00010127142857142855	0.0003375714285714285	56.623066663742065	160062.71648812294
4638	1297.9988018651215	1012.13	84.9169921875	0.14007011	0.00010122857142857141	0.0003374285714285714	33.76704287528992	160096.4844815731
4639	1319.727143326369	1023.59	85.924560546875	0.1400696	0.00010118571428571428	0.0003372857142857143	32.35098838806152	160128.83650946617
4640	1311.3261029928992	1021.11	85.9326171875	0.14007089	0.00010114285714285715	0.0003371428571428572	31.67100429534912	160160.6765100956
4641	1321.436930493851	1024.0	85.4404296875	0.14007191	0.00010109999999999998	0.00033699999999999995	31.587271690368652	160192.2844839096
4642	1296.5643345060494	1010.25	85.9482421875	0.14007385	0.00010105714285714284	0.00033685714285714287	32.127933502197266	160224.43303108215
4643	1306.4014431336943	1010.42	85.705810546875	0.1400742	0.00010101428571428572	0.00033671428571428573	30.507237911224365	160254.95217132568
4644	1294.9600430420132	1004.79	85.96337890625	0.1400741	0.00010097142857142854	0.00033657142857142854	32.47832894325256	160287.43216776848
4645	1302.9543842045032	1009.14	85.97119140625	0.14007555	0.00010092857142857142	0.0003364285714285714	32.2064094543457	160319.65556812286
4646	1300.3803862734944	1002.69	85.215576171875	0.1400769	0.00010088571428571428	0.0003362857142857143	32.4862961769104	160352.14389944077
4647	1304.1953443690961	1006.39	85.458740234375	0.14011407	0.00010084285714285715	0.0003361428571428572	52.42747378349304	160404.59248757362
4648	1314.0076834229196	1019.78	85.21630859375	0.1400088	0.00010079999999999998	0.000336	55.05857276916504	160459.6525132656
4649	1312.2259634691966	1011.47	86.224853515625	0.13992594	0.00010075714285714285	0.00033585714285714284	59.83586859703064	160519.49298524857
4650	1279.0946899563342	990.59	86.482666015625	0.13993382	0.00010071428571428571	0.00033571428571428576	53.2857506275177	160572.93818950653
4651	1293.0938921251525	1006.73	84.739990234375	0.13982645	0.00010067142857142855	0.0003355714285714285	52.691264629364014	160625.64447498322
4652	1288.2763318825537	998.53	85.246826171875	0.13970914	0.00010062857142857141	0.0003354285714285714	52.35818672180176	160678.00450587273
4653	1306.8510679604747	1010.12	85.505859375	0.13960461	0.00010058571428571428	0.0003352857142857143	50.25131916999817	160728.26880455017
4654	1307.1620554027045	1010.55	85.513916015625	0.13946989	0.00010054285714285715	0.0003351428571428572	46.71898126602173	160774.99648666382
4655	1290.9991510198106	1001.29	86.272705078125	0.1394179	0.00010049999999999998	0.00033499999999999996	51.83097791671753	160826.83647990227
4656	1306.033101697515	1010.52	85.780517578125	0.1394326	0.00010045714285714285	0.00033485714285714287	44.257877588272095	160871.09655976295
4657	1319.4183387934909	1022.11	85.78759765625	0.1394317	0.00010041428571428572	0.00033471428571428573	29.28222942352295	160900.3804910183
4658	1306.7242766952452	1012.31	86.2958984375	0.13943179	0.00010037142857142854	0.00033457142857142854	27.47553563117981	160927.87249088287
4659	1331.5451166300536	1022.15	85.803955078125	0.1394323	0.00010032857142857142	0.0003344285714285714	27.57147789001465	160955.45657420158
4660	1318.3059105618113	1012.45	86.061767578125	0.13943167	0.00010028571428571428	0.0003342857142857143	28.235213041305542	160983.71248054504
4661	1292.0805842005352	998.79	85.5693359375	0.1394308	0.00010024285714285715	0.0003341428571428572	28.209965229034424	161011.92395615578
4662	1310.6336044473555	1012.45	85.82666015625	0.13942881	0.00010019999999999998	0.000334	27.664375066757202	161039.60933232307
4663	1313.7717583394729	1014.8	85.334716796875	0.1394232	0.00010015714285714285	0.00033385714285714285	28.289714097976685	161067.9004766941
4664	1307.0277556588337	1011.2	86.09228515625	0.13942082	0.00010011428571428571	0.00033371428571428576	27.462885856628418	161095.36483430862
4665	1326.0263859257057	1017.94	85.108154296875	0.13941759	0.00010007142857142855	0.0003335714285714285	28.279412031173706	161123.6524937153
4666	1299.5918573282593	999.42	85.357666015625	0.13941371	0.00010002857142857141	0.00033342857142857143	28.615350246429443	161152.284481287
4667	1331.1706879992153	1020.39	85.865966796875	0.13941002	9.998571428571427e-05	0.0003332857142857143	27.323288440704346	161179.62049388885
4668	1325.3361567946329	1018.59	85.121826171875	0.13936903	9.994285714285715e-05	0.0003331428571428572	40.47136330604553	161220.1004743576
4669	1312.5020742440183	1008.77	85.881591796875	0.13935721	9.989999999999998e-05	0.00033299999999999996	28.323485851287842	161248.44448137283
4670	1326.4129828084237	1014.7	84.897216796875	0.13935404	9.985714285714285e-05	0.0003328571428571429	27.89125394821167	161276.3524799347
4671	1315.7706227814442	1014.09	86.394775390625	0.13935016	9.981428571428572e-05	0.00033271428571428574	28.01759934425354	161304.39057183266
4672	1319.6217202561434	1014.6	85.65625	0.1393447	9.977142857142855e-05	0.00033257142857142855	27.89985728263855	161332.3050277233
4673	1314.67995903357	1014.32	85.421875	0.13933896	9.972857142857142e-05	0.0003324285714285714	28.195323944091797	161360.50847554207
4674	1329.0323280356708	1022.14	86.171875	0.13933437	9.968571428571428e-05	0.0003322857142857143	28.331228256225586	161388.8524940014
4675	1322.7019324832768	1024.0	86.179931640625	0.13933125	9.964285714285714e-05	0.0003321428571428572	26.787394046783447	161415.66032505035
4676	1298.6141236292822	998.87	85.687255859375	0.13932805	9.959999999999998e-05	0.000332	28.21864628791809	161443.8804590702
4677	1296.6120731373082	1002.4	86.1953125	0.13921633	9.955714285714285e-05	0.00033185714285714285	49.92336320877075	161493.81648397446
4678	1311.8540184044489	1012.33	85.703369140625	0.1392204	9.951428571428571e-05	0.00033171428571428577	47.209917306900024	161541.030179739
4679	1302.608197449666	1006.66	85.9609375	0.13909845	9.947142857142855e-05	0.0003315714285714285	46.98283267021179	161588.02847719193
4680	1300.9300480223753	1003.1	84.725830078125	0.13907968	9.942857142857141e-05	0.00033142857142857144	46.70542001724243	161634.74650239944
4681	1310.9692559940513	1006.77	85.226806640625	0.13917716	9.938571428571427e-05	0.0003312857142857143	46.64838933944702	161681.39675092697
4682	1331.1186711379557	1024.0	86.234619140625	0.13915913	9.934285714285715e-05	0.0003311428571428572	26.49939227104187	161707.91250872612
4683	1321.8153357420465	1020.07	85.742431640625	0.13915156	9.929999999999997e-05	0.00033099999999999997	27.771267652511597	161735.696495533
4684	1319.0728788585516	1010.33	86.25048828125	0.13914467	9.925714285714285e-05	0.00033085714285714283	28.00416612625122	161763.70179772377
4685	1327.2318245734612	1022.08	87.00732421875	0.13913767	9.921428571428572e-05	0.00033071428571428575	28.58547282218933	161792.28878617287
4686	1317.0073199602691	1011.15	86.265869140625	0.13913234	9.917142857142855e-05	0.0003305714285714285	27.651299715042114	161819.94848775864
4687	1316.2538353504724	1016.11	86.023681640625	0.13912804	9.912857142857142e-05	0.0003304285714285714	27.506484031677246	161847.45649790764
4688	1310.0958997127207	1013.32	86.281494140625	0.13912417	9.908571428571428e-05	0.0003302857142857143	29.527235507965088	161876.99649620056
4689	1322.8745734581673	1020.08	86.28955078125	0.13912033	9.904285714285714e-05	0.0003301428571428572	29.343863248825073	161906.35277152061
4690	1301.701630076319	1010.45	85.798095703125	0.1391177	9.899999999999998e-05	0.00032999999999999994	28.007389307022095	161934.3725054264
4691	1321.6362969285046	1018.13	85.805908203125	0.13909273	9.895714285714284e-05	0.00032985714285714286	41.79002261161804	161976.16412067413
4692	1318.9468484245415	1010.72	85.813720703125	0.13908349	9.891428571428571e-05	0.0003297142857142857	28.35045337677002	162004.51648330688
4693	1307.018012582099	1012.64	86.570556640625	0.13908012	9.887142857142859e-05	0.00032957142857142864	27.60285210609436	162032.12034606934
4694	1316.4506709128648	1010.52	86.07861328125	0.13907698	9.882857142857141e-05	0.0003294285714285714	28.289215087890625	162060.41811347008
4695	1302.7097241392244	1008.49	86.712158203125	0.13907315	9.878571428571427e-05	0.0003292857142857143	27.871737003326416	162088.30483937263
4696	1294.1118153335567	1001.21	86.469970703125	0.13906972	9.874285714285715e-05	0.00032914285714285717	27.57132339477539	162115.8884792328
4697	1292.9841993272532	999.52	85.977783203125	0.13906589	9.869999999999997e-05	0.000329	27.383875370025635	162143.28083992004
4698	1308.6784335718874	1013.14	86.23486328125	0.13905561	9.865714285714285e-05	0.00032885714285714284	28.43409037590027	162171.71648168564
4699	1315.1513124973465	1009.27	85.9931640625	0.13898964	9.861428571428571e-05	0.00032871428571428575	46.55577802658081	162218.2849664688
4700	1321.3412369713944	1022.17	85.751220703125	0.1389925	9.857142857142858e-05	0.0003285714285714286	28.315404176712036	162246.6204867363
4701	1317.162783143977	1010.66	85.509033203125	0.13908736	9.852857142857142e-05	0.0003284285714285714	43.829270362854004	162290.45124149323
4702	1276.0228029397827	986.56	86.016845703125	0.13907628	9.848571428571428e-05	0.0003282857142857143	28.605080366134644	162319.07017612457
4703	1329.5391861176465	1018.03	86.273681640625	0.138997	9.844285714285714e-05	0.0003281428571428572	42.264782428741455	162361.33648753166
4704	1294.7085540665687	1003.66	86.532470703125	0.13899618	9.839999999999998e-05	0.00032799999999999995	28.5057852268219	162389.84448361397
4705	1281.873086987657	988.15	85.791259765625	0.13893531	9.835714285714284e-05	0.00032785714285714287	46.37190890312195	162436.22890162468
4706	1299.7793576525112	1005.08	86.549072265625	0.13893257	9.831428571428571e-05	0.0003277142857142857	27.804953813552856	162464.0501871109
4707	1303.5941039996228	1004.11	86.05615234375	0.1388102	9.827142857142858e-05	0.00032757142857142864	45.688069105148315	162509.75649094582
4708	1311.7593700954048	1004.39	86.564697265625	0.13873006	9.822857142857141e-05	0.0003274285714285714	40.94011163711548	162550.70929193497
4709	1303.0442448881226	998.06	85.572509765625	0.13873069	9.818571428571429e-05	0.0003272857142857143	26.405534744262695	162577.12260866165
4710	1335.2189597959887	1022.16	86.580322265625	0.13865517	9.814285714285715e-05	0.00032714285714285717	48.78753471374512	162625.92078709602
4711	1312.9104054083716	1010.32	86.087890625	0.1386577	9.809999999999997e-05	0.000327	30.5874764919281	162656.51248311996
4712	1313.8092760189795	1012.62	86.34521484375	0.13859	9.805714285714285e-05	0.00032685714285714284	54.174824953079224	162710.68849682808
4713	1316.7168106549423	1016.11	86.352294921875	0.13854517	9.801428571428571e-05	0.00032671428571428576	54.86149883270264	162765.55288529396
4714	1304.7956666506254	1003.14	86.611572265625	0.13854076	9.797142857142858e-05	0.0003265714285714286	31.245296955108643	162796.81066679955
4715	1300.0259978223005	998.27	85.869384765625	0.13857888	9.792857142857141e-05	0.0003264285714285714	53.767417669296265	162850.57962203026
4716	1291.6039942430482	1002.57	86.626220703125	0.13839999	9.788571428571428e-05	0.0003262857142857143	52.963409662246704	162903.556807518
4717	1309.2191124295045	1008.18	86.635009765625	0.13839999	9.784285714285714e-05	0.0003261428571428572	29.747484922409058	162933.30571365356
4718	1309.5170813669574	1010.63	86.642822265625	0.13828264	9.779999999999998e-05	0.00032599999999999996	53.103408098220825	162986.42450523376
4719	1326.0048424041106	1016.32	86.150634765625	0.13813262	9.775714285714284e-05	0.00032585714285714287	46.525920391082764	163032.95251393318
4720	1299.0684069191898	1000.73	85.908447265625	0.13810052	9.77142857142857e-05	0.00032571428571428573	46.68644738197327	163079.64072823524
4721	1334.728311314267	1024.0	85.91552734375	0.13807562	9.767142857142858e-05	0.00032557142857142865	52.543315410614014	163132.2007484436
4722	1309.6703974715294	1010.4	85.925048828125	0.13806877	9.76285714285714e-05	0.0003254285714285714	30.41388463973999	163162.61649131775
4723	1313.2228916273184	1018.52	86.432861328125	0.13798684	9.758571428571428e-05	0.0003252857142857143	47.13442540168762	163209.75250387192
4724	1328.391437317619	1024.0	87.190673828125	0.13799247	9.754285714285715e-05	0.0003251428571428572	30.990463972091675	163240.7448232174
4725	1314.1706381392692	1006.9	86.6982421875	0.13788182	9.749999999999998e-05	0.000325	50.6946222782135	163291.4519724846
4726	1316.1321941657945	1014.13	85.2138671875	0.13786922	9.745714285714285e-05	0.00032485714285714285	32.12349581718445	163323.59280395508
4727	1332.2115476364345	1024.0	86.214111328125	0.13786268	9.741428571428571e-05	0.00032471428571428576	29.37553095817566	163352.9804880619
4728	1322.204505055307	1020.39	86.721923828125	0.13785629	9.737142857142858e-05	0.0003245714285714286	29.118489027023315	163382.10049438477
4729	1290.2211861259118	990.47	86.479736328125	0.13784947	9.732857142857141e-05	0.00032442857142857143	30.71489667892456	163412.81686735153
4730	1329.5946785562853	1022.38	86.736572265625	0.13784252	9.728571428571428e-05	0.0003242857142857143	29.562357902526855	163442.38074278831
4731	1313.5125068658133	1006.6	86.4951171875	0.13783632	9.724285714285714e-05	0.0003241428571428572	30.403727769851685	163472.8046386242
4732	1332.828430249276	1024.0	86.253173828125	0.13781796	9.719999999999998e-05	0.00032399999999999996	30.23074173927307	163503.04053878784
4733	1314.3231714141348	1016.94	86.510986328125	0.13767768	9.715714285714284e-05	0.0003238571428571429	46.88798928260803	163549.93683457375
4734	1325.447909915456	1018.05	86.51904296875	0.1376769	9.71142857142857e-05	0.00032371428571428574	30.03343892097473	163579.9725689888
4735	1341.3075551602087	1022.18	86.77587890625	0.13759904	9.707142857142858e-05	0.00032357142857142865	44.89533758163452	163624.88051700592
4736	1314.9569589206744	1010.6	86.784423828125	0.13760407	9.70285714285714e-05	0.0003234285714285714	30.295233249664307	163655.18450593948
4737	1328.8858347472842	1020.24	86.292236328125	0.13749374	9.698571428571428e-05	0.00032328571428571427	49.41909980773926	163704.6125099659
4738	1280.6269174403133	988.15	86.051025390625	0.13748951	9.694285714285715e-05	0.0003231428571428572	30.358272314071655	163734.9845006466
4739	1334.0908684454428	1017.8	86.80859375	0.1373764	9.689999999999998e-05	0.00032299999999999994	44.92298340797424	163779.90851593018
4740	1335.3994587961893	1016.27	86.316650390625	0.13727398	9.685714285714285e-05	0.00032285714285714285	49.874786376953125	163829.78452301025
4741	1315.7963989377054	1014.27	86.324462890625	0.13726573	9.681428571428571e-05	0.0003227142857142857	29.8020977973938	163859.58851242065
4742	1314.9348416793582	1006.13	86.830810546875	0.13726217	9.677142857142858e-05	0.00032257142857142863	30.74820828437805	163890.34932279587
4743	1312.9771911401165	1010.03	86.590087890625	0.13725844	9.672857142857141e-05	0.0003224285714285714	29.042269706726074	163919.3925154209
4744	1334.0475874067706	1016.45	87.09765625	0.13725398	9.668571428571428e-05	0.0003222857142857143	29.688037872314453	163949.08195018768
4745	1315.1482196624083	1006.89	86.605712890625	0.13724947	9.664285714285714e-05	0.00032214285714285716	29.29676127433777	163978.38993787766
4746	1321.9461348327084	1016.37	86.613525390625	0.13724527	9.659999999999998e-05	0.00032199999999999997	29.68754744529724	164008.09246850014
4747	1315.1710749063889	1004.42	86.871337890625	0.13724144	9.655714285714284e-05	0.00032185714285714283	29.902551889419556	164037.9965054989
4748	1318.6246419541887	1014.06	86.87890625	0.13723747	9.65142857142857e-05	0.00032171428571428574	29.803372144699097	164067.80830907822
4749	1311.4521605940777	1015.19	86.144775390625	0.13723414	9.647142857142858e-05	0.0003215714285714286	30.515459537506104	164098.33656144142
4750	1308.7772802439438	1010.18	85.40234375	0.13723281	9.64285714285714e-05	0.0003214285714285714	53.395309925079346	164151.74048638344
4751	1317.9790274249838	1008.23	86.652587890625	0.13717102	9.638571428571428e-05	0.0003212857142857143	53.67228603363037	164205.4144411087
4752	1332.2639709595865	1019.24	86.910400390625	0.13704668	9.634285714285715e-05	0.0003211428571428572	49.55634641647339	164254.9725151062
4753	1326.7935515821132	1020.06	86.4189453125	0.13697323	9.629999999999998e-05	0.00032099999999999994	43.53075385093689	164298.50447654724
4754	1337.1440851091277	1022.34	86.675537109375	0.13691331	9.625714285714285e-05	0.00032085714285714286	45.09211587905884	164343.6245520115
4755	1305.0625780485573	1010.9	86.434814453125	0.13690345	9.621428571428571e-05	0.0003207142857142857	30.491028785705566	164374.12849903107
4756	1313.8199629212486	1010.35	86.942626953125	0.13690065	9.617142857142857e-05	0.00032057142857142863	29.93658995628357	164404.0660595894
4757	1321.7358777957752	1012.43	86.7001953125	0.13689862	9.612857142857141e-05	0.0003204285714285714	30.57447385787964	164434.65091490746
4758	1311.2960174839786	1008.81	87.208251953125	0.13689627	9.608571428571427e-05	0.0003202857142857143	28.559244632720947	164463.21159815788
4759	1322.5170357033192	1014.93	86.841064453125	0.13689369	9.604285714285714e-05	0.00032014285714285716	27.715251684188843	164490.94050598145
4760	1308.656199058153	1008.65	85.6044921875	0.13689093	9.599999999999998e-05	0.00031999999999999997	27.677144050598145	164518.6342060566
4761	1312.9735883893181	1014.54	86.356689453125	0.13679299	9.595714285714284e-05	0.00031985714285714283	47.25401973724365	164565.88932847977
4762	1319.887775322459	1014.06	86.86376953125	0.1367154	9.591428571428572e-05	0.00031971428571428575	49.12739062309265	164615.02849030495
4763	1325.42055533395	1016.24	85.6279296875	0.13672058	9.587142857142858e-05	0.0003195714285714286	27.93923306465149	164642.97647976875
4764	1322.3764465738468	1016.13	86.387939453125	0.13668735	9.58285714285714e-05	0.0003194285714285714	50.03316617012024	164693.0106639862
4765	1316.585842550994	1010.13	86.887939453125	0.13668409	9.578571428571428e-05	0.0003192857142857143	41.93640184402466	164734.96188354492
4766	1296.7135789990816	1003.08	85.65234375	0.13667889	9.574285714285714e-05	0.0003191428571428572	29.711096048355103	164764.68849301338
4767	1331.3270283531651	1024.0	86.403076171875	0.1365668	9.569999999999998e-05	0.00031899999999999995	47.17141151428223	164811.86849617958
4768	1325.1072217875785	1018.11	85.66845703125	0.136562	9.565714285714285e-05	0.00031885714285714286	26.50529408454895	164838.3823595047
4769	1321.8241701429204	1018.2	86.418701171875	0.1364462	9.561428571428571e-05	0.0003187142857142857	49.08984851837158	164887.48696923256
4770	1321.8005506169884	1022.16	86.676513671875	0.13635951	9.557142857142857e-05	0.00031857142857142864	49.89927625656128	164937.40051651
4771	1335.5620058709217	1024.0	87.18359375	0.13636862	9.552857142857141e-05	0.0003184285714285714	53.954976320266724	164991.36448717117
4772	1317.082177236224	1008.68	86.699462890625	0.13627727	9.548571428571427e-05	0.0003182857142857143	48.41076612472534	165039.77649259567
4773	1320.0718638679036	1010.49	86.201416015625	0.13615969	9.544285714285714e-05	0.00031814285714285717	52.6418616771698	165092.42052721977
4774	1325.1375453899577	1016.76	87.208740234375	0.1360451	9.539999999999997e-05	0.000318	48.478034019470215	165140.8999621868
4775	1317.2056238127052	1016.54	85.97265625	0.13596062	9.535714285714284e-05	0.00031785714285714284	52.77553629875183	165193.70050287247
4776	1298.4629332432787	998.42	87.22412109375	0.1358061	9.531428571428572e-05	0.00031771428571428575	53.54350185394287	165247.26451563835
4777	1307.906890517779	1002.7	86.982666015625	0.13575913	9.527142857142858e-05	0.0003175714285714286	46.01519560813904	165293.29649996758
4778	1320.4706376730921	1014.22	86.740234375	0.13570215	9.522857142857142e-05	0.0003174285714285714	50.134639263153076	165343.43248009682
4779	1334.247741265032	1022.31	86.997802734375	0.13560002	9.518571428571428e-05	0.0003172857142857143	51.647387742996216	165395.09652113914
4780	1319.827484569607	1008.11	86.75537109375	0.13549197	9.514285714285714e-05	0.0003171428571428572	54.22346496582031	165449.3404903412
4781	1326.121679170868	1022.17	85.771484375	0.13546841	9.509999999999998e-05	0.00031699999999999995	50.411107778549194	165499.76448845863
4782	1300.2890096917392	1008.39	87.271728515625	0.13546889	9.505714285714284e-05	0.00031685714285714287	30.978264570236206	165530.74449825287
4783	1327.0489086960097	1015.77	87.029541015625	0.13541311	9.501428571428571e-05	0.00031671428571428573	50.07052302360535	165580.81652140617
4784	1327.4633925327194	1016.39	87.28759765625	0.13540934	9.497142857142857e-05	0.00031657142857142865	29.754310369491577	165610.57225441933
4785	1330.7936352013467	1024.0	87.044921875	0.13535507	9.492857142857141e-05	0.0003164285714285714	46.63098931312561	165657.21610093117
4786	1334.557465467288	1022.1	87.302978515625	0.13536286	9.488571428571427e-05	0.0003162857142857143	29.710633754730225	165686.92852711678
4787	1324.5696252943067	1016.21	87.060791015625	0.13532403	9.484285714285714e-05	0.0003161428571428572	53.8874294757843	165740.82452702522
4788	1323.098910013771	1016.07	85.8271484375	0.13515563	9.479999999999997e-05	0.00031599999999999993	51.25609874725342	165792.08853411674
4789	1317.236641357505	1006.77	85.834228515625	0.13514054	9.475714285714284e-05	0.00031585714285714284	31.13180375099182	165823.2409002781
4790	1335.9014015933435	1024.0	86.8349609375	0.13517036	9.471428571428571e-05	0.0003157142857142857	50.21792697906494	165873.4604933262
4791	1320.0279427834926	1008.2	86.593017578125	0.13517086	9.467142857142858e-05	0.0003155714285714286	29.86852216720581	165903.34964704514
4792	1333.7902018860448	1024.0	86.850830078125	0.13513897	9.462857142857142e-05	0.0003154285714285714	43.828633069992065	165947.1970691681
4793	1318.0490095178131	1010.53	86.856689453125	0.13505772	9.458571428571428e-05	0.0003152857142857143	48.13801407814026	165995.33651328087
4794	1269.216673318004	979.39	85.873291015625	0.13505702	9.454285714285714e-05	0.00031514285714285715	30.05515694618225	166025.40049910545
4795	1325.2070734443728	1020.4	87.124267578125	0.13487615	9.449999999999998e-05	0.00031499999999999996	54.694443702697754	166080.10871338844
4796	1331.2024093287066	1016.47	86.381591796875	0.13483869	9.445714285714284e-05	0.0003148571428571428	54.9396026134491	166135.07250714302
4797	1319.4193590915881	1010.64	87.139404296875	0.13471735	9.441428571428571e-05	0.00031471428571428574	52.26665496826172	166187.34116482735
4798	1305.3570164384762	1004.35	87.146728515625	0.13468446	9.437142857142857e-05	0.0003145714285714286	52.34349465370178	166239.70448684692
4799	1311.2715510590715	1008.44	86.905029296875	0.13467644	9.432857142857141e-05	0.0003144285714285714	29.939398050308228	166269.65679430962
4800	1326.6709607941218	1024.0	87.412841796875	0.13464433	9.428571428571427e-05	0.00031428571428571427	45.0353045463562	166314.7045006752
4801	1321.0588353569824	1012.37	87.420654296875	0.13460968	9.424285714285714e-05	0.0003141428571428572	52.878326177597046	166367.5952951908
4802	1303.7972073880344	1006.74	86.678466796875	0.13449822	9.419999999999997e-05	0.00031399999999999993	48.67533087730408	166416.28457331657
4803	1339.0452207235783	1020.49	87.435791015625	0.13450636	9.415714285714284e-05	0.00031385714285714285	29.814202785491943	166446.101020813
4804	1311.6446918317597	1008.22	85.95263671875	0.13442823	9.411428571428571e-05	0.0003137142857142857	47.81060338020325	166493.91283893585
4805	1335.526542028953	1023.77	85.96044921875	0.13442312	9.407142857142858e-05	0.00031357142857142863	29.20037603378296	166523.124822855
4806	1338.642372752102	1022.14	87.710693359375	0.1343429	9.402857142857141e-05	0.0003134285714285714	49.07435464859009	166572.20052146912
4807	1302.8223756933	1002.25	86.718017578125	0.13434465	9.398571428571428e-05	0.0003132857142857143	30.476657390594482	166602.68619585037
4808	1326.9201454860743	1014.57	86.4765625	0.13422254	9.394285714285714e-05	0.00031314285714285716	53.7076301574707	166656.40879130363
4809	1292.2694031975684	992.6	86.98388671875	0.13419639	9.389999999999998e-05	0.00031299999999999996	51.8714714050293	166708.28883099556
4810	1335.2970753752688	1024.0	87.242431640625	0.13407516	9.385714285714284e-05	0.0003128571428571428	49.587045431137085	166757.88849830627
4811	1333.6311081533536	1020.3	86.750244140625	0.13402016	9.38142857142857e-05	0.00031271428571428574	48.26288723945618	166806.16449785233
4812	1301.8841171850886	997.69	87.0078125	0.13401626	9.377142857142857e-05	0.0003125714285714286	30.787209510803223	166836.9530491829
4813	1345.0982835147634	1024.0	86.0234375	0.13381815	9.37285714285714e-05	0.0003124285714285714	47.29159450531006	166884.25651192665
4814	1322.3830458642215	1011.47	87.023193359375	0.13381454	9.368571428571427e-05	0.00031228571428571427	30.783271551132202	166915.0524942875
4815	1304.5722076607349	1000.34	87.531494140625	0.13372262	9.364285714285715e-05	0.0003121428571428572	53.30343985557556	166968.3645312786
4816	1323.5549804761831	1007.9	87.2890625	0.13370706	9.360000000000001e-05	0.00031200000000000005	54.90749001502991	167023.28099036217
4817	1331.3347813750745	1021.24	86.79638671875	0.13370605	9.355714285714284e-05	0.00031185714285714286	54.02959132194519	167077.31251382828
4818	1319.6685673259542	1012.59	87.5546875	0.13362053	9.351428571428571e-05	0.0003117142857142857	46.20590162277222	167123.520488739
4819	1307.7703608811557	1004.59	87.563720703125	0.1336201	9.347142857142858e-05	0.00031157142857142863	30.586415767669678	167154.1085383892
4820	1338.1473277741666	1020.64	87.320556640625	0.13355646	9.342857142857141e-05	0.0003114285714285714	47.315606117248535	167201.42529034615
4821	1319.0154107128171	1012.99	87.57861328125	0.13341294	9.338571428571428e-05	0.0003112857142857143	52.79348063468933	167254.22064089775
4822	1301.2233881960356	994.66	88.086669921875	0.13330902	9.334285714285714e-05	0.00031114285714285716	53.31680083274841	167307.53898859024
4823	1324.7984807025377	1014.62	87.469970703125	0.13329685	9.33e-05	0.0003110000000000001	42.9034218788147	167350.45650553703
4824	1344.5982179944817	1020.94	86.985107421875	0.13314505	9.325714285714284e-05	0.00031085714285714283	44.478941917419434	167394.94848322868
4825	1328.1390067125883	1014.75	87.7353515625	0.13313745	9.32142857142857e-05	0.00031071428571428575	28.467642068862915	167423.4287726879
4826	1318.6574828184391	1012.43	87.4931640625	0.13315228	9.317142857142857e-05	0.0003105714285714286	45.823391914367676	167469.26449871063
4827	1330.883842597756	1022.46	87.5009765625	0.13302024	9.31285714285714e-05	0.0003104285714285714	47.02761387825012	167516.2939555645
4828	1324.8526411509933	1014.11	87.7587890625	0.13292046	9.308571428571427e-05	0.0003102857142857143	46.70338153839111	167563.01249718666
4829	1318.0788398474933	1014.12	87.76611328125	0.1329131	9.304285714285715e-05	0.0003101428571428572	28.224564790725708	167591.2385082245
4830	1290.8873153510624	992.99	87.773681640625	0.13278495	9.300000000000001e-05	0.00031000000000000005	50.40481781959534	167641.6448278427
4831	1292.631545390324	996.38	87.281982421875	0.13272144	9.295714285714285e-05	0.00030985714285714286	46.914363861083984	167688.56075501442
4832	1339.3231508613828	1024.0	88.289794921875	0.1327169	9.291428571428571e-05	0.0003097142857142857	27.89811086654663	167716.46049022675
4833	1321.6911879172962	1010.24	87.797607421875	0.13280131	9.287142857142858e-05	0.00030957142857142864	49.850764989852905	167766.31228351593
4834	1294.6935456651697	996.07	87.554931640625	0.13265292	9.282857142857141e-05	0.0003094285714285714	50.75089645385742	167817.0804772377
4835	1331.8204733439375	1016.84	87.813720703125	0.13259599	9.278571428571428e-05	0.0003092857142857143	44.226056814193726	167861.3085041046
4836	1320.288943672159	1003.54	86.330078125	0.13262708	9.274285714285714e-05	0.00030914285714285717	51.44284391403198	167912.7684829235
4837	1343.6881079836407	1024.0	87.330322265625	0.13259085	9.27e-05	0.0003090000000000001	43.54649806022644	167956.3165025711
4838	1321.4236332140767	1018.59	87.588134765625	0.1325794	9.265714285714284e-05	0.00030885714285714284	27.702545404434204	167984.02056455612
4839	1336.0844126791874	1020.21	86.35302734375	0.132535	9.26142857142857e-05	0.0003087142857142857	49.17183971405029	168033.19435334206
4840	1334.7900276982991	1016.57	87.103759765625	0.13243894	9.257142857142857e-05	0.0003085714285714286	57.49642467498779	168090.6928691864
4841	1283.9451217285161	985.4	86.369140625	0.1323303	9.25285714285714e-05	0.00030842857142857137	49.57801127433777	168140.27248167992
4842	1328.2501682354452	1014.36	87.619384765625	0.13232695	9.248571428571427e-05	0.0003082857142857143	29.20737934112549	168169.4884777069
4843	1328.0752890076394	1014.88	88.126953125	0.13242936	9.244285714285715e-05	0.00030814285714285714	54.45536708831787	168223.96049904823
4844	1329.5815408028675	1012.43	86.885009765625	0.1324585	9.240000000000001e-05	0.00030800000000000006	55.26957058906555	168279.23111867905
4845	1315.7348528137277	1010.87	87.892822265625	0.13238855	9.235714285714285e-05	0.0003078571428571428	53.41392517089844	168332.6469862461
4846	1286.7827153031214	985.46	86.900634765625	0.13239177	9.231428571428571e-05	0.00030771428571428573	30.723789930343628	168363.38105893135
4847	1326.469873318253	1012.36	87.908447265625	0.13239355	9.227142857142857e-05	0.0003075714285714286	30.295263051986694	168393.69236326218
4848	1317.0500810829253	1008.62	88.166015625	0.13233109	9.222857142857141e-05	0.0003074285714285714	51.22744178771973	168444.93647313118
4849	1330.8610202909103	1020.46	87.924072265625	0.13223135	9.218571428571427e-05	0.00030728571428571426	53.88571619987488	168498.82399392128
4850	1344.3000052967902	1024.0	87.681884765625	0.13222846	9.214285714285714e-05	0.0003071428571428572	29.939094066619873	168528.76455783844
4851	1325.4374329925495	1010.05	87.439697265625	0.1320846	9.21e-05	0.00030700000000000004	49.07137441635132	168577.84849882126
4852	1315.235473765472	1012.69	87.447265625	0.13207315	9.205714285714284e-05	0.00030685714285714284	30.19089674949646	168608.0404806137
4853	1337.4974958747655	1024.0	87.2138671875	0.1320694	9.20142857142857e-05	0.0003067142857142857	28.343801498413086	168636.38534927368
4854	1344.7669759373682	1022.15	87.714111328125	0.1320659	9.197142857142857e-05	0.0003065714285714286	28.51494789123535	168664.90172457695
4855	1336.04649314392	1020.68	87.721923828125	0.13206242	9.19285714285714e-05	0.00030642857142857137	28.56568193435669	168693.46849441528
4856	1325.4936358681578	1016.91	87.979736328125	0.13205884	9.188571428571427e-05	0.0003062857142857143	29.20688509941101	168722.68396878242
4857	1328.717103599188	1020.04	87.7373046875	0.13205586	9.184285714285714e-05	0.00030614285714285715	28.671729803085327	168751.36848402023
4858	1338.307948628788	1016.4	87.495361328125	0.13208629	9.180000000000001e-05	0.00030600000000000007	46.85454750061035	168798.2245206833
4859	1330.4754455781558	1022.01	87.503173828125	0.13192229	9.175714285714285e-05	0.0003058571428571428	46.37556290626526	168844.60168981552
4860	1327.7634561676982	1014.01	88.010986328125	0.13186212	9.171428571428571e-05	0.00030571428571428573	50.20584011077881	168894.80908441544
4861	1333.223671533537	1016.33	87.5185546875	0.13179718	9.167142857142857e-05	0.0003055714285714286	50.753236055374146	168945.56427764893
4862	1308.8040543730049	1001.73	87.776611328125	0.13181548	9.162857142857141e-05	0.0003054285714285714	50.12720584869385	168995.70448827744
4863	1331.6121972789115	1014.52	86.5419921875	0.13174741	9.158571428571427e-05	0.00030528571428571426	42.06776785850525	169037.7927956581
4864	1305.7638027291644	999.01	88.042236328125	0.1317449	9.154285714285714e-05	0.0003051428571428572	28.069313526153564	169065.86361908913
4865	1318.0681902206634	1004.98	86.5576171875	0.13178642	9.15e-05	0.00030500000000000004	49.25945591926575	169115.1245150566
4866	1325.36625135566	1012.72	88.3076171875	0.13176976	9.145714285714284e-05	0.00030485714285714285	29.467281579971313	169144.59286284447
4867	1330.2415939983268	1016.12	88.064697265625	0.13176362	9.14142857142857e-05	0.0003047142857142857	28.448347091674805	169173.05677723885
4868	1319.020247698368	1005.42	87.823486328125	0.13175689	9.137142857142858e-05	0.0003045714285714286	27.86502957344055	169200.92285203934
4869	1324.683272813189	1011.08	87.832275390625	0.13174982	9.13285714285714e-05	0.0003044285714285714	28.088367700576782	169229.01279592514
4870	1319.9857849919074	1006.69	87.08935546875	0.13174337	9.128571428571427e-05	0.0003042857142857143	28.908313751220703	169257.92218661308
4871	1345.6984305062329	1024.0	86.605224609375	0.13167705	9.124285714285714e-05	0.00030414285714285716	51.052878618240356	169308.97651410103
4872	1316.5096039490518	1008.41	88.355712890625	0.13152488	9.120000000000001e-05	0.00030400000000000007	49.9679753780365	169358.96097826958
4873	1321.7110078642404	1016.34	88.113525390625	0.13152297	9.115714285714284e-05	0.0003038571428571428	28.13361406326294	169387.09651565552
4874	1318.352740334241	1012.89	87.871337890625	0.13151954	9.111428571428571e-05	0.00030371428571428574	48.269734144210815	169435.36729550362
4875	1303.1710419978779	998.49	88.37890625	0.1315162	9.107142857142857e-05	0.0003035714285714286	29.343729734420776	169464.72466158867
4876	1319.688894356047	1008.53	87.144775390625	0.1314794	9.102857142857141e-05	0.0003034285714285714	49.467130184173584	169514.20452165604
4877	1345.5670006557598	1024.0	87.39306640625	0.13148381	9.098571428571427e-05	0.00030328571428571427	28.971509218215942	169543.18448376656
4878	1335.5557022957169	1020.36	86.66015625	0.13134964	9.094285714285714e-05	0.0003031428571428572	46.62407040596008	169589.82850003242
4879	1338.468350952569	1022.57	88.160400390625	0.13139866	9.09e-05	0.00030300000000000005	45.75039529800415	169635.58050370216
4880	1334.4433989059246	1014.83	86.675048828125	0.13140112	9.085714285714284e-05	0.00030285714285714285	28.906304359436035	169664.48887205124
4881	1321.3182729032092	1006.38	86.68359375	0.13146962	9.08142857142857e-05	0.0003027142857142857	49.849982023239136	169714.34049010277
4882	1314.8423995615835	1006.36	87.68359375	0.13133	9.077142857142858e-05	0.00030257142857142863	47.37115502357483	169761.72456741333
4883	1347.3027179639148	1024.0	87.441650390625	0.13132955	9.07285714285714e-05	0.0003024285714285714	29.14417314529419	169790.88511061668
4884	1333.2894952404897	1014.01	88.19873046875	0.13133024	9.068571428571428e-05	0.0003022857142857143	28.269603490829468	169819.15650629997
4885	1319.952859711514	1012.79	87.956787109375	0.13133177	9.064285714285714e-05	0.00030214285714285716	28.042566061019897	169847.20078468323
4886	1337.0742141163312	1016.2	87.7158203125	0.13133116	9.06e-05	0.0003020000000000001	27.902629613876343	169875.10493397713
4887	1341.5162135804408	1022.26	87.9755859375	0.13133089	9.055714285714284e-05	0.00030185714285714283	29.531749963760376	169904.65269470215
4888	1339.249574600397	1024.0	86.742919921875	0.13132901	9.051428571428571e-05	0.00030171428571428575	27.919514417648315	169932.58479571342
4889	1337.2091290581252	1020.03	86.751953125	0.13120602	9.047142857142857e-05	0.0003015714285714286	49.13147521018982	169981.73648285866
4890	1323.23561493436	1015.73	87.504638671875	0.1312084	9.042857142857141e-05	0.00030142857142857136	28.352838277816772	170010.09082007408
4891	1320.5190838803856	1010.38	86.772216796875	0.13127069	9.038571428571427e-05	0.0003012857142857143	50.902432680130005	170060.99491739273
4892	1321.3061902860097	1012.02	86.781982421875	0.13126376	9.034285714285714e-05	0.00030114285714285714	48.94732308387756	170109.96055221558
4893	1334.2493461844624	1022.07	88.2841796875	0.1312422	9.03e-05	0.00030100000000000005	47.059173822402954	170157.03218626976
4894	1315.9467194229285	1006.64	86.80078125	0.13123919	9.025714285714284e-05	0.0003008571428571428	29.199079751968384	170186.24049067497
4895	1323.30096027957	1008.24	87.553466796875	0.1312067	9.02142857142857e-05	0.0003007142857142857	50.83457326889038	170237.0764963627
4896	1323.3413220167881	1016.51	87.5634765625	0.13123955	9.017142857142858e-05	0.0003005714285714286	50.18744158744812	170287.27253484726
4897	1336.7949879218947	1016.39	88.3232421875	0.13114114	9.01285714285714e-05	0.0003004285714285714	46.79554033279419	170334.06921863556
4898	1341.809367198465	1024.0	87.832275390625	0.13114537	9.008571428571428e-05	0.00030028571428571425	29.99505877494812	170364.08048200607
4899	1311.5540243136215	998.35	88.0927734375	0.13114579	9.004285714285714e-05	0.00030014285714285717	27.757681369781494	170391.83961224556
4900	1312.3732285985807	1005.01	88.351806640625	0.13114522	9e-05	0.00030000000000000003	28.003167867660522	170419.8448383808
4901	1328.753910739211	1016.38	88.1123046875	0.1311433	8.995714285714284e-05	0.00029985714285714284	27.603869915008545	170447.46103787422
4902	1336.2553631967874	1008.66	88.3720703125	0.13114093	8.99142857142857e-05	0.0002997142857142857	27.77829885482788	170475.24106240273
4903	1326.5826449087	1014.76	88.381591796875	0.13113819	8.987142857142857e-05	0.0002995714285714286	29.675482511520386	170504.9364821911
4904	1314.1354494537484	1004.98	86.89990234375	0.13112782	8.982857142857141e-05	0.00029942857142857137	27.92562460899353	170532.87474822998
4905	1318.965218903333	1006.73	88.15234375	0.13116781	8.978571428571427e-05	0.0002992857142857143	44.69613814353943	170577.58524370193
4906	1329.5369053095988	1008.82	87.912109375	0.13118468	8.974285714285713e-05	0.00029914285714285714	43.761762857437134	170621.34881162643
4907	1335.2027820052774	1010.28	88.421142578125	0.13117911	8.970000000000001e-05	0.00029900000000000006	28.760204792022705	170650.11761164665
4908	1334.2887832867523	1012.76	86.939208984375	0.13106336	8.965714285714284e-05	0.0002988571428571428	42.62736201286316	170692.76049876213
4909	1341.3272541466754	1020.07	87.94140625	0.13104852	8.96142857142857e-05	0.0002987142857142857	29.403970956802368	170722.16563558578
4910	1338.7691777102248	1020.74	88.451171875	0.13104387	8.957142857142858e-05	0.0002985714285714286	29.031944751739502	170751.21284031868
4911	1328.9081904301793	1010.41	88.4609375	0.13103846	8.95285714285714e-05	0.0002984285714285714	28.736589431762695	170779.96172904968
4912	1339.8024759618318	1018.21	88.219970703125	0.13103385	8.948571428571428e-05	0.00029828571428571426	28.591724395751953	170808.56885695457
4913	1336.7620426711467	1014.47	88.23046875	0.13103011	8.944285714285714e-05	0.00029814285714285717	28.330328702926636	170836.90741848946
4914	1329.38258896968	1014.12	88.240234375	0.13102742	8.94e-05	0.00029800000000000003	28.52353858947754	170865.44448375702
4915	1335.429418712528	1018.15	88.0	0.13100366	8.935714285714284e-05	0.00029785714285714284	30.24780035018921	170895.69374632835
4916	1328.2629625221577	1011.8	88.009521484375	0.13098837	8.93142857142857e-05	0.0002977142857142857	29.0661461353302	170924.76092076302
4917	1349.432943185028	1024.0	88.51953125	0.13097765	8.927142857142857e-05	0.0002975714285714286	45.463547706604004	170970.2446024418
4918	1352.3050067524955	1024.0	88.529296875	0.13087927	8.92285714285714e-05	0.00029742857142857137	43.358513832092285	171013.6157002449
4919	1328.6680161727222	1014.32	87.7900390625	0.13088338	8.918571428571427e-05	0.0002972857142857143	28.39139699935913	171042.02049827576
4920	1340.9395451840433	1020.29	88.5498046875	0.13085197	8.914285714285713e-05	0.00029714285714285715	44.99438261985779	171087.01647233963
4921	1313.5031405975365	1009.01	88.559326171875	0.13073488	8.910000000000001e-05	0.00029700000000000006	49.86285185813904	171136.88084483147
4922	1340.0282831245597	1020.37	88.5693359375	0.13073522	8.905714285714283e-05	0.0002968571428571428	29.60316300392151	171166.48598885536
4923	1319.4008607852634	1010.98	88.5791015625	0.13061385	8.90142857142857e-05	0.00029671428571428573	49.9433376789093	171216.44049668312
4924	1303.2302410668992	994.54	87.5888671875	0.13050874	8.897142857142858e-05	0.0002965714285714286	55.9353723526001	171272.38446879387
4925	1308.2343752323475	998.72	88.348388671875	0.1304681	8.89285714285714e-05	0.0002964285714285714	47.61426663398743	171320.0004916191
4926	1339.2780301343173	1022.08	88.3583984375	0.13040142	8.888571428571428e-05	0.00029628571428571426	46.278477907180786	171366.2804992199
4927	1336.4635733867763	1016.6	88.11767578125	0.1303345	8.884285714285714e-05	0.0002961428571428572	44.705766439437866	171410.98854207993
4928	1341.6193702138864	1024.0	88.6279296875	0.13033205	8.88e-05	0.00029600000000000004	28.411476612091064	171439.41250371933
4929	1325.6398557087064	1018.38	88.6376953125	0.13031869	8.875714285714284e-05	0.00029585714285714285	44.74872636795044	171484.16238045692
4930	1332.4940936642517	1018.16	87.896728515625	0.13031329	8.87142857142857e-05	0.0002957142857142857	28.815370559692383	171512.99248337746
4931	1322.361412522587	1014.08	88.6572265625	0.13031144	8.867142857142857e-05	0.0002955714285714286	27.20061421394348	171540.1978430748
4932	1324.8103002497967	1016.77	88.4169921875	0.13030826	8.86285714285714e-05	0.0002954285714285714	27.86913561820984	171568.0686442852
4933	1334.1041178043783	1018.2	88.9267578125	0.13030498	8.858571428571427e-05	0.0002952857142857143	27.5371356010437	171595.6076080799
4934	1341.6903683219707	1024.0	88.435791015625	0.13030212	8.854285714285713e-05	0.00029514285714285715	28.004047632217407	171623.63247036934
4935	1319.1596429676395	1006.18	88.947265625	0.13029838	8.850000000000001e-05	0.00029500000000000007	27.378148078918457	171651.01248717308
4936	1322.815192942414	1004.4	88.20703125	0.1302936	8.845714285714283e-05	0.0002948571428571428	28.5634126663208	171679.58454823494
4937	1325.426667812689	1010.48	87.966796875	0.13016048	8.841428571428571e-05	0.00029471428571428574	48.72725176811218	171728.3244767189
4938	1343.958505337091	1024.0	88.724609375	0.13010556	8.837142857142857e-05	0.0002945714285714286	41.25153183937073	171769.59249091148
4939	1350.5787663262229	1024.0	88.486083984375	0.13005193	8.832857142857144e-05	0.0002944285714285715	45.27128529548645	171814.86541152
4940	1325.6969344422382	1014.13	88.24609375	0.13004257	8.828571428571427e-05	0.00029428571428571427	27.955493211746216	171842.83251190186
4941	1322.2788247143064	1010.87	88.755859375	0.13003902	8.824285714285714e-05	0.0002941428571428572	27.83534049987793	171870.67249178886
4942	1343.5135107134893	1020.11	88.515625	0.13003577	8.82e-05	0.00029400000000000004	27.16346025466919	171897.8484621048
4943	1328.5715257283027	1012.77	88.275146484375	0.13003229	8.815714285714284e-05	0.0002938571428571428	28.418776273727417	171926.28766560555
4944	1342.266769040884	1018.32	88.78515625	0.1300283	8.81142857142857e-05	0.0002937142857142857	30.730913639068604	171957.03136754036
4945	1355.7782599726017	1024.0	88.294921875	0.13002473	8.807142857142857e-05	0.0002935714285714286	33.13943600654602	171990.18448257446
4946	1285.300882933858	983.51	88.8046875	0.13002223	8.802857142857143e-05	0.0002934285714285715	30.39848279953003	172020.58448028564
4947	1346.0510543480295	1020.35	88.064453125	0.13000846	8.798571428571427e-05	0.00029328571428571424	55.8925895690918	172076.48972916603
4948	1315.1004151656973	1000.43	88.823974609375	0.13000697	8.794285714285713e-05	0.00029314285714285716	29.71386218070984	172106.20478582382
4949	1330.0856916051948	1016.02	89.333984375	0.13004081	8.790000000000001e-05	0.000293	55.07603597640991	172161.29249620438
4950	1321.6409993111765	1008.16	87.593505859375	0.1300083	8.785714285714283e-05	0.00029285714285714283	55.81943964958191	172217.24047899246
4951	1338.8461311849562	1024.0	88.726806640625	0.12995718	8.781428571428571e-05	0.0002927142857142857	53.126617670059204	172270.36881780624
4952	1325.275937149987	1004.56	88.73486328125	0.12995942	8.777142857142857e-05	0.0002925714285714286	30.552682161331177	172300.9236741066
4953	1332.4426434076463	1020.82	88.243408203125	0.12995441	8.772857142857144e-05	0.00029242857142857147	53.65913724899292	172354.58434152603
4954	1339.510652992971	1022.41	87.7568359375	0.12986946	8.768571428571427e-05	0.0002922857142857143	54.26875400543213	172408.8700647354
4955	1338.8165822452895	1020.15	88.5087890625	0.12988229	8.764285714285714e-05	0.00029214285714285713	58.60526657104492	172467.49250030518
4956	1328.717101766834	1018.33	88.516845703125	0.12988175	8.76e-05	0.00029200000000000005	32.67262363433838	172500.17409086227
4957	1342.7772933594752	1024.0	88.77392578125	0.12973379	8.755714285714284e-05	0.0002918571428571428	48.587387561798096	172548.7764890194
4958	1320.740894213317	1006.14	89.14990234375	0.12968865	8.75142857142857e-05	0.0002917142857142857	56.77085328102112	172605.54907298088
4959	1330.4964347375392	1012.92	88.40771484375	0.12956856	8.747142857142857e-05	0.0002915714285714286	57.24177384376526	172662.79248428345
4960	1325.7223451327613	1013.05	87.91552734375	0.12949407	8.742857142857144e-05	0.0002914285714285715	49.13825225830078	172711.9325246811
4961	1342.8468157652203	1024.0	87.4287109375	0.1294868	8.738571428571427e-05	0.00029128571428571425	29.723515033721924	172741.67250728607
4962	1280.51035544868	978.96	87.4384765625	0.12926598	8.734285714285713e-05	0.00029114285714285716	52.731464862823486	172794.4051630497
4963	1321.4832278010806	1007.4	88.18896484375	0.1291369	8.730000000000001e-05	0.000291	50.93846583366394	172845.34507775307
4964	1322.8974938944802	1012.34	89.19677734375	0.12900366	8.725714285714283e-05	0.00029085714285714283	56.61378622055054	172901.9605202675
4965	1329.328901605401	1010.23	88.45458984375	0.12900276	8.721428571428571e-05	0.0002907142857142857	32.28461313247681	172934.26176214218
4966	1315.99818228702	1008.66	88.711669921875	0.12898259	8.717142857142857e-05	0.0002905714285714286	58.136616706848145	172992.68200278282
4967	1301.1482394095024	1002.8	88.47021484375	0.12884553	8.712857142857144e-05	0.00029042857142857147	51.86938786506653	173044.55249881744
4968	1348.4642219565835	1022.75	88.468994140625	0.12884985	8.708571428571427e-05	0.0002902857142857143	53.07192945480347	173097.6371128559
4969	1333.269970710827	1020.04	88.4775390625	0.12888521	8.704285714285714e-05	0.00029014285714285714	47.92742609977722	173145.57650637627
4970	1319.2979582927517	1006.42	88.985107421875	0.12871614	8.7e-05	0.00029000000000000006	52.3301260471344	173197.90848898888
4971	1340.5407031353627	1024.0	88.49267578125	0.1286792	8.695714285714284e-05	0.0002898571428571428	49.85451078414917	173247.76471829414
4972	1342.9451814450313	1024.0	87.508056640625	0.12856303	8.69142857142857e-05	0.0002897142857142857	55.770485639572144	173303.53687047958
4973	1304.7717812932437	997.34	88.00830078125	0.12847425	8.687142857142856e-05	0.0002895714285714286	60.217081785202026	173363.7549881935
4974	1303.4425453635815	1001.45	88.516357421875	0.12838411	8.682857142857144e-05	0.0002894285714285715	55.239814043045044	173418.99649262428
4975	1320.6563294696232	1004.07	89.05078125	0.12831105	8.678571428571427e-05	0.00028928571428571425	55.21022653579712	173474.22049546242
4976	1321.607220493364	1007.35	87.56640625	0.12831071	8.674285714285714e-05	0.00028914285714285717	29.535099506378174	173503.7685148716
4977	1334.8278222939575	1016.97	88.318359375	0.12831225	8.67e-05	0.00028900000000000003	53.463746547698975	173557.24879956245
4978	1353.1883762219265	1024.0	88.826171875	0.128312	8.665714285714283e-05	0.00028885714285714284	32.4309356212616	173589.6920735836
4979	1343.4308911987935	1018.12	88.834228515625	0.12831207	8.661428571428571e-05	0.0002887142857142857	29.650850534439087	173619.34448957443
4980	1339.758614879426	1018.13	89.09130859375	0.12831184	8.657142857142857e-05	0.0002885714285714286	28.49025249481201	173647.83651208878
4981	1316.4699192116523	1002.48	89.349609375	0.12831181	8.652857142857144e-05	0.0002884285714285715	29.629218339920044	173677.46727132797
4982	1344.5413981291329	1018.24	88.857421875	0.1283109	8.648571428571427e-05	0.0002882857142857143	28.35976243019104	173705.84083914757
4983	1337.3267273916708	1016.38	88.623046875	0.12829132	8.644285714285714e-05	0.00028814285714285715	52.399956703186035	173758.2528977394
4984	1326.956566309268	1016.73	88.872314453125	0.12829076	8.64e-05	0.00028800000000000006	32.71747016906738	173790.97210764885
4985	1344.6171453927395	1024.0	89.131591796875	0.12814537	8.635714285714284e-05	0.0002878571428571428	55.44738411903381	173846.43247437477
4986	1334.1614303499932	1019.18	88.8896484375	0.12814987	8.63142857142857e-05	0.00028771428571428573	32.19379711151123	173878.64700961113
4987	1292.881481198175	998.75	88.8974609375	0.12811537	8.627142857142856e-05	0.0002875714285714286	57.005859375	173935.67478227615
4988	1338.063908789001	1018.3	89.1533203125	0.12802418	8.622857142857144e-05	0.0002874285714285715	59.352882385253906	173995.02866506577
4989	1351.584464036345	1020.67	88.660400390625	0.12806629	8.618571428571426e-05	0.00028728571428571426	59.63808035850525	174054.66799807549
4990	1307.7001206849957	997.46	89.170166015625	0.1281134	8.614285714285714e-05	0.0002871428571428572	55.979188203811646	174110.64849114418
4991	1334.518556422011	1014.26	87.685546875	0.12807664	8.61e-05	0.00028700000000000004	49.67137622833252	174160.33253002167
4992	1331.2479283226205	1014.73	89.185791015625	0.12807135	8.605714285714283e-05	0.0002868571428571428	30.946296453475952	174191.28050231934
4993	1332.9667367368734	1012.52	88.941650390625	0.12805289	8.60142857142857e-05	0.0002867142857142857	53.09828066825867	174244.39603233337
4994	1331.947705840161	1020.15	87.707763671875	0.1281466	8.597142857142857e-05	0.00028657142857142857	52.62369227409363	174297.03677535057
4995	1333.1421685065816	1016.38	87.715576171875	0.12808636	8.592857142857143e-05	0.0002864285714285715	57.66235947608948	174354.72278285027
4996	1345.838409430082	1024.0	88.9658203125	0.12802659	8.588571428571427e-05	0.00028628571428571424	54.06723403930664	174409.02810883522
4997	1322.5964162555954	1006.55	89.722412109375	0.127988	8.584285714285713e-05	0.00028614285714285715	58.47674560546875	174467.5212008953
4998	1338.2627616451102	1016.05	88.976318359375	0.12799264	8.58e-05	0.000286	58.56893491744995	174526.41394805908
4999	1336.5635479640594	1016.12	89.484619140625	0.1279913	8.575714285714284e-05	0.0002858571428571428	33.007776737213135	174559.4369342327
5000	1322.832953420846	1006.74	88.4912109375	0.12793677	8.57142857142857e-05	0.0002857142857142857	52.184351682662964	174611.6368124485
5001	1351.1870697947413	1024.0	89.250732421875	0.12794554	8.567142857142856e-05	0.0002855714285714286	51.511512994766235	174663.15280485153
5002	1317.072048960558	1013.5	89.00927734375	0.12794508	8.562857142857144e-05	0.00028542857142857146	32.635395765304565	174695.80448174477
5003	1341.2528132070884	1021.95	89.0166015625	0.12792435	8.558571428571426e-05	0.00028528571428571427	56.898927450180054	174752.7201116085
5004	1344.2027650983694	1024.0	88.524658203125	0.12791573	8.554285714285714e-05	0.00028514285714285713	35.28920125961304	174788.01147723198
5005	1341.2900995539374	1018.39	89.282470703125	0.12791176	8.55e-05	0.00028500000000000004	31.742782831192017	174819.75593948364
5006	1321.5676037673413	1002.36	89.28955078125	0.12790869	8.545714285714284e-05	0.0002848571428571428	32.46345138549805	174852.23250842094
5007	1316.1439609682432	1008.32	89.547119140625	0.12790531	8.54142857142857e-05	0.0002847142857142857	32.50822567939758	174884.7446758747
5008	1326.9928129741386	1009.96	88.805419921875	0.12790231	8.537142857142857e-05	0.00028457142857142857	32.38600277900696	174917.1326570511
5009	1319.0425734182393	1004.55	88.810302734375	0.12789808	8.532857142857143e-05	0.0002844285714285715	33.12856101989746	174950.26522803307
5010	1326.3769637795701	1005.96	89.318115234375	0.12789465	8.528571428571427e-05	0.00028428571428571424	32.77919960021973	174983.04544568062
5011	1316.9962071792618	1002.95	89.325927734375	0.1278773	8.524285714285713e-05	0.00028414285714285716	32.54405617713928	175015.75249147415
5012	1344.5544512643492	1018.18	89.0830078125	0.1278193	8.52e-05	0.000284	58.23552060127258	175074.12049293518
5013	1346.0114494370341	1018.15	88.591552734375	0.12781979	8.515714285714283e-05	0.0002838571428571428	32.06609630584717	175106.1992213726
5014	1302.8581988549245	990.81	88.599365234375	0.12780525	8.51142857142857e-05	0.0002837142857142857	59.233115911483765	175165.43648195267
5015	1345.4532351024518	1020.6	88.732177734375	0.12781619	8.507142857142856e-05	0.0002835714285714286	59.4188027381897	175224.85647439957
5016	1340.336153915314	1016.52	88.739013671875	0.12775919	8.502857142857144e-05	0.00028342857142857146	60.919055223464966	175285.77658200264
5017	1328.6113879984034	1013.42	88.75146484375	0.12774985	8.498571428571426e-05	0.00028328571428571427	58.65142583847046	175344.44457697868
5018	1313.4728391864323	990.54	89.24853515625	0.12777233	8.494285714285714e-05	0.00028314285714285713	59.51954197883606	175403.98048138618
5019	1344.3545577164405	1024.0	89.25634765625	0.12776154	8.49e-05	0.00028300000000000005	53.615816831588745	175457.7568309307
5020	1340.2130124004389	1014.77	89.26416015625	0.12768091	8.485714285714284e-05	0.0002828571428571428	52.18321347236633	175509.95248699188
5021	1342.052010887239	1020.69	89.771240234375	0.12767155	8.48142857142857e-05	0.0002827142857142857	59.04413366317749	175569.00855851173
5022	1337.8960433192617	1020.44	88.037353515625	0.12773298	8.477142857142857e-05	0.0002825714285714286	60.25192093849182	175629.2728600502
5023	1329.5571147249027	1012.31	88.545166015625	0.12764423	8.472857142857143e-05	0.0002824285714285715	58.735376834869385	175688.0326707363
5024	1320.5508302426324	1005.12	88.056396484375	0.12759425	8.468571428571427e-05	0.00028228571428571425	59.80856204032898	175747.84976792336
5025	1318.2968747127293	1008.44	89.554443359375	0.12753642	8.464285714285713e-05	0.00028214285714285716	53.13933038711548	175801.00049567223
5026	1339.229994949148	1020.51	89.314208984375	0.12757434	8.46e-05	0.000282	51.691617012023926	175852.70871710777
5027	1350.6185915095987	1018.65	89.572265625	0.12757243	8.455714285714283e-05	0.00028185714285714283	33.10491681098938	175885.8244726658
5028	1317.1189144340042	1004.76	88.580078125	0.1274488	8.45142857142857e-05	0.0002817142857142857	59.50268244743347	175945.32855916023
5029	1320.4301528111769	1000.83	90.087890625	0.12747805	8.447142857142857e-05	0.0002815714285714286	58.53964805603027	176003.88449764252
5030	1327.0241604020018	1017.32	89.845458984375	0.1274104	8.442857142857144e-05	0.00028142857142857147	55.634963274002075	176059.52056837082
5031	1349.6428008551386	1020.37	89.60302734375	0.12734428	8.438571428571426e-05	0.0002812857142857143	51.82355618476868	176111.36049509048
5032	1320.7145436208996	1001.01	88.86083984375	0.12734114	8.434285714285714e-05	0.00028114285714285714	31.89152455329895	176143.49602079391
5033	1308.8252094494535	999.07	89.61865234375	0.12744008	8.43e-05	0.00028100000000000005	60.235360860824585	176203.74853801727
5034	1319.7278654842335	1004.72	89.376220703125	0.1273494	8.425714285714284e-05	0.0002808571428571428	53.75304126739502	176257.7327888012
5035	1291.6201886347962	988.61	88.142822265625	0.127346	8.42142857142857e-05	0.0002807142857142857	30.32264804840088	176288.05649876595
5036	1340.5604992534352	1012.19	89.140380859375	0.12736075	8.417142857142857e-05	0.0002805714285714286	58.796600341796875	176346.85454416275
5037	1321.2578954143507	1008.44	89.64599609375	0.12728973	8.412857142857143e-05	0.0002804285714285715	56.30299997329712	176403.1584494114
5038	1320.148828383396	999.26	89.902099609375	0.12729228	8.408571428571427e-05	0.00028028571428571425	32.35978960990906	176435.54217505455
5039	1323.9134214083301	1006.67	88.65966796875	0.12722485	8.404285714285713e-05	0.00028014285714285717	59.01935124397278	176494.57249832153
5040	1345.6712195953812	1015.17	88.162109375	0.1271647	8.4e-05	0.00028000000000000003	58.62338924407959	176553.20448446274
5041	1310.8656155406782	994.32	88.912109375	0.12697035	8.395714285714283e-05	0.00027985714285714284	58.27605986595154	176611.62449598312
5042	1315.3999058690047	1002.64	88.920166015625	0.12695843	8.39142857142857e-05	0.0002797142857142857	60.110307931900024	176671.7524907589
5043	1321.8896498329027	1006.82	89.177734375	0.12692674	8.387142857142857e-05	0.0002795714285714286	57.33452916145325	176729.08849787712
5044	1344.3750248880813	1016.33	89.685791015625	0.12690602	8.382857142857144e-05	0.0002794285714285715	55.39541935920715	176784.49648547173
5045	1345.5745556091756	1022.17	89.443603515625	0.1268845	8.378571428571427e-05	0.00027928571428571423	54.92321801185608	176839.4324979782
5046	1317.5913120857524	1003.31	90.201416015625	0.12688799	8.374285714285714e-05	0.00027914285714285714	29.926177501678467	176869.37913060188
5047	1333.315241540198	1008.6	89.459228515625	0.12686424	8.37e-05	0.000279	54.25606870651245	176923.64850187302
5048	1345.1871626743211	1022.36	88.724609375	0.12687653	8.365714285714284e-05	0.0002788571428571428	52.151493310928345	176975.94048953056
5049	1307.481561273709	988.94	89.224853515625	0.12682144	8.36142857142857e-05	0.0002787142857142857	55.232107162475586	177031.34915232658
5050	1346.9749343265719	1018.9	89.482666015625	0.12675543	8.357142857142857e-05	0.0002785714285714286	55.675889015197754	177087.04123449326
5051	1313.5049254107707	1002.54	89.491455078125	0.12658258	8.352857142857143e-05	0.00027842857142857145	59.154892921447754	177146.21249389648
5052	1349.6034574399885	1022.09	89.24853515625	0.1265437	8.348571428571427e-05	0.00027828571428571426	55.422356605529785	177201.6365070343
5053	1318.4163666549878	1000.58	89.757080078125	0.126497	8.344285714285713e-05	0.0002781428571428571	52.68921685218811	177254.64449191093
5054	1353.1379452609929	1022.62	89.014892578125	0.12649328	8.34e-05	0.00027800000000000004	34.19131827354431	177288.84848570824
5055	1322.236905995847	1002.53	89.522705078125	0.12649126	8.335714285714283e-05	0.0002778571428571428	31.05937170982361	177319.92051649094
5056	1311.5237937999952	994.88	89.030517578125	0.12648879	8.33142857142857e-05	0.0002777142857142857	32.43493294715881	177352.35648798943
5057	1340.047878948244	1018.3	89.536376953125	0.12648602	8.327142857142857e-05	0.00027757142857142857	32.04336071014404	177384.41251564026
5058	1317.1050171124248	1007.07	89.7958984375	0.12648328	8.322857142857144e-05	0.0002774285714285715	31.79162573814392	177416.4247148037
5059	1317.5408565961493	1006.8	89.303955078125	0.12648033	8.318571428571427e-05	0.00027728571428571423	31.70758032798767	177448.29199576378
5060	1336.081801077476	1016.27	89.55810546875	0.12647752	8.314285714285714e-05	0.00027714285714285715	32.07001566886902	177480.5054678917
5061	1318.1716801928364	1001.03	89.815185546875	0.12646525	8.31e-05	0.000277	32.66596484184265	177513.17248630524
5062	1336.3185976722548	1016.17	89.572021484375	0.12649155	8.305714285714284e-05	0.0002768571428571428	54.42738580703735	177567.6124997139
5063	1325.316042613727	1006.89	89.818359375	0.12636136	8.30142857142857e-05	0.0002767142857142857	59.195550203323364	177626.81658625603
5064	1336.2150003541933	1020.63	89.083984375	0.12633823	8.297142857142857e-05	0.0002765714285714286	58.355557441711426	177685.1844947338
5065	1310.2219817681416	1001.59	89.332763671875	0.1263391	8.292857142857143e-05	0.00027642857142857146	60.46269154548645	177745.66848134995
5066	1332.656700323918	1014.81	89.59765625	0.1263418	8.288571428571427e-05	0.00027628571428571426	56.88756608963013	177802.57249855995
5067	1332.816953839644	1009.2	88.356689453125	0.1262844	8.284285714285713e-05	0.0002761428571428571	51.851399660110474	177854.43649697304
5068	1321.0154553008813	1006.06	89.357177734375	0.12615922	8.28e-05	0.00027600000000000004	51.64611506462097	177906.08453726768
5069	1345.537850963252	1014.06	88.864990234375	0.12613837	8.275714285714287e-05	0.0002758571428571429	47.774280309677124	177953.86051177979
5070	1341.3141875623091	1018.05	90.1220703125	0.12614185	8.27142857142857e-05	0.0002757142857142857	51.666048526763916	178005.5285167694
5071	1308.5909468067225	999.91	89.630615234375	0.12614833	8.267142857142857e-05	0.00027557142857142857	50.67834424972534	178056.20848441124
5072	1331.089816155681	1010.9	89.146240234375	0.12618287	8.262857142857144e-05	0.0002754285714285715	50.506354331970215	178106.72785162926
5073	1334.7671810629308	1016.05	89.646240234375	0.12618348	8.258571428571427e-05	0.00027528571428571424	49.82515096664429	178156.5665564537
5074	1333.642912604115	1010.2	89.904296875	0.12614216	8.254285714285714e-05	0.00027514285714285716	49.86943602561951	178206.44651174545
5075	1336.909492244185	1014.89	90.1611328125	0.12597145	8.25e-05	0.000275	49.796836137771606	178256.24448347092
5076	1328.71432201168	1015.17	89.669189453125	0.12589872	8.245714285714286e-05	0.00027485714285714293	48.4945547580719	178304.74048757553
5077	1324.6157721885904	1006.38	88.684814453125	0.12581007	8.24142857142857e-05	0.0002747142857142857	49.999329805374146	178354.74122047424
5078	1337.9022718461163	1010.51	89.934814453125	0.12572934	8.237142857142856e-05	0.0002745714285714286	45.95507001876831	178400.71651172638
5079	1277.0782284393201	974.69	89.567138671875	0.12572822	8.232857142857143e-05	0.00027442857142857146	29.015815258026123	178429.74499559402
5080	1338.6463784482025	1024.0	89.82421875	0.12570399	8.228571428571426e-05	0.00027428571428571427	47.002156496047974	178476.7487769127
5081	1351.7738748929282	1024.0	89.583251953125	0.12570955	8.224285714285713e-05	0.00027414285714285713	47.143009662628174	178523.90449142456
5082	1304.7102902112165	995.05	90.091064453125	0.12570967	8.22e-05	0.00027400000000000005	28.472345113754272	178552.37896037102
5083	1345.8715915852933	1024.0	90.098876953125	0.12562977	8.215714285714287e-05	0.0002738571428571429	43.98853659629822	178596.36851668358
5084	1328.5855782049991	1011.64	89.357421875	0.12562023	8.211428571428569e-05	0.0002737142857142857	28.828120470046997	178625.2085428238
5085	1342.5111249213703	1018.13	89.86572265625	0.1256163	8.207142857142857e-05	0.0002735714285714286	28.76675796508789	178653.9765124321
5086	1341.5782455723745	1022.1	89.873779296875	0.12561277	8.202857142857143e-05	0.0002734285714285715	28.174612760543823	178682.15277957916
5087	1349.6809052377168	1020.35	89.880615234375	0.12560935	8.198571428571427e-05	0.00027328571428571425	28.691306591033936	178710.86047625542
5088	1331.4974769490343	1012.2	89.88916015625	0.12560529	8.194285714285713e-05	0.00027314285714285716	29.15092897415161	178740.01248812675
5089	1322.9413265639853	998.65	89.897216796875	0.12560223	8.19e-05	0.000273	27.218451499938965	178767.23248910904
5090	1313.8620938883844	998.5	89.40234375	0.12560828	8.185714285714286e-05	0.00027285714285714294	49.06733179092407	178816.30851507187
5091	1319.6332939977904	995.09	90.162841796875	0.12552398	8.18142857142857e-05	0.0002727142857142857	45.37933421134949	178861.69651770592
5092	1350.4912892545372	1024.0	89.919677734375	0.12540801	8.177142857142856e-05	0.0002725714285714286	44.078644037246704	178905.77652215958
5093	1325.9324180545073	1014.0	88.685302734375	0.12541018	8.172857142857143e-05	0.00027242857142857147	30.01184916496277	178935.80080342293
5094	1333.4257682953746	1004.61	89.936279296875	0.1254102	8.168571428571426e-05	0.0002722857142857142	27.923154592514038	178963.73646473885
5095	1320.6171823746304	1004.49	90.194091796875	0.12541018	8.164285714285713e-05	0.00027214285714285714	27.494444370269775	178991.23247647285
5096	1332.2857165372452	1008.08	90.201904296875	0.12541023	8.16e-05	0.00027200000000000005	27.467292308807373	179018.70847678185
5097	1350.1715405407124	1018.68	89.958740234375	0.12540954	8.155714285714287e-05	0.0002718571428571429	28.977141618728638	179047.68718242645
5098	1337.6319416705767	1014.19	89.716064453125	0.12540919	8.15142857142857e-05	0.00027171428571428567	27.127870321273804	179074.8164806366
5099	1312.5648286322973	996.81	89.724853515625	0.12540902	8.147142857142857e-05	0.0002715714285714286	27.211373567581177	179102.0445036888
5100	1341.1200822524704	1016.32	89.733642578125	0.12539878	8.142857142857143e-05	0.00027142857142857144	27.970388650894165	179130.01647400856
5101	1350.199324774084	1018.05	89.491455078125	0.12527952	8.138571428571427e-05	0.00027128571428571425	38.46271371841431	179168.48196434975
5102	1355.0764386564313	1017.54	90.248046875	0.12521921	8.134285714285713e-05	0.0002711428571428571	49.20167422294617	179217.69077777863
5103	1345.1824750311762	1022.22	89.257080078125	0.12520589	8.13e-05	0.00027100000000000003	49.659602880477905	179267.3646247387
5104	1346.1524144241876	1016.8	90.264892578125	0.12502307	8.125714285714286e-05	0.0002708571428571429	53.174448013305664	179320.55190229416
5105	1335.8396285047272	1014.33	90.522705078125	0.12501733	8.12142857142857e-05	0.0002707142857142857	52.403215408325195	179372.96869778633
5106	1318.773823506415	1002.33	89.780517578125	0.12497094	8.117142857142856e-05	0.00027057142857142856	52.22024726867676	179425.19037532806
5107	1330.9374118497974	1006.46	90.287841796875	0.12493351	8.112857142857143e-05	0.0002704285714285715	50.33546423912048	179475.5369064808
5108	1343.7558464860888	1018.18	90.296142578125	0.124850154	8.108571428571426e-05	0.0002702857142857142	54.3298077583313	179529.8684911728
5109	1320.398971901613	1005.65	90.053955078125	0.12485214	8.104285714285713e-05	0.00027014285714285714	29.707382440567017	179559.5847980976
5110	1354.0095461746728	1024.0	90.061767578125	0.12480727	8.1e-05	0.00027	50.17355942726135	179609.77067804337
5111	1327.1626707051798	1006.16	89.32666015625	0.12478561	8.095714285714287e-05	0.0002698571428571429	53.75255751609802	179663.5336546898
5112	1321.3174319986063	1008.73	90.327392578125	0.124709785	8.09142857142857e-05	0.00026971428571428567	50.99201321601868	179714.54902219772
5113	1327.643541913919	1004.64	89.835205078125	0.12470762	8.087142857142857e-05	0.0002695714285714286	29.528603076934814	179744.09307789803
5114	1341.9920050492856	1016.26	90.343017578125	0.12466243	8.082857142857143e-05	0.00026942857142857145	53.611655950546265	179797.72051525116
5115	1324.731549257845	1000.31	89.600830078125	0.1246128	8.078571428571427e-05	0.00026928571428571426	51.66248559951782	179849.38752055168
5116	1309.5991239696305	992.23	89.85986328125	0.12455266	8.074285714285713e-05	0.0002691428571428571	54.35971450805664	179903.76088738441
5117	1352.651838902676	1016.27	89.617919921875	0.12445029	8.07e-05	0.00026900000000000003	53.841673851013184	179957.6044561863
5118	1325.9613517802045	1005.6	89.875732421875	0.12436151	8.065714285714286e-05	0.0002688571428571429	55.1423442363739	180012.76453518867
5119	1342.927135512903	1012.37	89.883056640625	0.12426109	8.06142857142857e-05	0.0002687142857142857	54.670987367630005	180067.43687534332
5120	1342.5526787446213	1018.44	90.140625	0.12425152	8.057142857142856e-05	0.00026857142857142856	49.02806520462036	180116.47248768806
5121	1345.886707083263	1018.57	90.39892578125	0.12424535	8.052857142857142e-05	0.0002684285714285715	29.88730525970459	180146.37250375748
5122	1346.096295459848	1019.98	89.664794921875	0.12424263	8.048571428571426e-05	0.00026828571428571423	28.883492946624756	180175.2605381012
5123	1339.22732465521	1014.48	89.914794921875	0.12423989	8.044285714285713e-05	0.00026814285714285715	29.411219120025635	180204.68452858925
5124	1332.9746589682406	1010.5	89.9228515625	0.12423759	8.04e-05	0.000268	30.50278925895691	180235.18850588799
5125	1350.8604968260356	1018.76	90.1796875	0.12422842	8.035714285714287e-05	0.0002678571428571429	30.380018711090088	180265.57847833633
5126	1356.263509111109	1020.39	89.93798828125	0.12422749	8.03142857142857e-05	0.0002677142857142857	52.72928333282471	180318.3087837696
5127	1325.5953314925	1001.45	89.696044921875	0.12419168	8.027142857142857e-05	0.0002675714285714286	53.10924291610718	180371.42070794106
5128	1340.1747556627056	1022.35	90.203857421875	0.12410286	8.022857142857143e-05	0.00026742857142857145	53.41510820388794	180424.85252046585
5129	1354.9257125917718	1024.0	89.4609375	0.12395551	8.018571428571427e-05	0.00026728571428571426	55.25984263420105	180480.1135582924
5130	1329.7085658380547	1008.15	90.219482421875	0.12389938	8.014285714285713e-05	0.0002671428571428571	50.33522415161133	180530.46452260017
5131	1318.6770683367251	997.4	89.735107421875	0.123913236	8.01e-05	0.00026700000000000004	53.187750577926636	180583.65424203873
5132	1320.9777575389153	1004.63	90.734619140625	0.12384776	8.005714285714286e-05	0.0002668571428571429	49.874420404434204	180633.5444791317
5133	1353.8096136020915	1024.0	90.493896484375	0.12378258	8.00142857142857e-05	0.0002667142857142857	44.49797487258911	180678.04448342323
5134	1330.335253666202	1006.91	89.75	0.12377834	7.997142857142856e-05	0.00026657142857142857	28.51033902168274	180706.55696868896
5135	1334.2395232668987	1012.53	90.25927734375	0.123695195	7.992857142857144e-05	0.0002664285714285715	47.68687200546265	180754.24481582642
5136	1326.0293271906523	1003.18	90.51708984375	0.12369317	7.988571428571426e-05	0.00026628571428571424	48.0753219127655	180802.3327949047
5137	1318.941510415721	999.5	90.27490234375	0.12362077	7.984285714285712e-05	0.00026614285714285715	48.645052671432495	180850.99053764343
5138	1337.5154575895497	1010.9	90.5322265625	0.12362233	7.98e-05	0.000266	28.27728796005249	180879.26962590218
5139	1343.5978743959065	1012.38	90.04052734375	0.12356221	7.975714285714287e-05	0.00026585714285714293	49.63456177711487	180928.90548181534
5140	1338.6810031612292	1018.21	90.54833984375	0.12356317	7.97142857142857e-05	0.0002657142857142857	28.32147741317749	180957.22884869576
5141	1328.1680562593062	1006.4	90.30615234375	0.1235098	7.967142857142857e-05	0.0002655714285714286	50.17828965187073	181007.40849614143
5142	1333.7193712041326	1006.66	90.56396484375	0.123403765	7.962857142857143e-05	0.00026542857142857146	49.11140418052673	181056.52264738083
5143	1348.5831934836037	1018.16	90.6962890625	0.123313785	7.958571428571427e-05	0.00026528571428571427	45.5242760181427	181102.0488359928
5144	1353.2698158685287	1024.0	90.454345703125	0.12326769	7.954285714285713e-05	0.00026514285714285713	50.242987394332886	181152.30848646164
5145	1351.6987219646358	1024.0	90.712646484375	0.12326386	7.95e-05	0.00026500000000000004	27.69846224784851	181180.00882649422
5146	1352.8565888434364	1022.22	90.470458984375	0.12314299	7.945714285714286e-05	0.0002648571428571429	47.276211977005005	181227.28663778305
5147	1355.3829261156088	1024.0	90.7275390625	0.12313735	7.94142857142857e-05	0.00026471428571428566	29.216492176055908	181256.50480031967
5148	1295.1681667032553	982.49	90.486083984375	0.123105176	7.937142857142856e-05	0.0002645714285714286	49.188305616378784	181305.6945796013
5149	1334.8808715027596	1010.12	90.24462890625	0.12294346	7.932857142857144e-05	0.00026442857142857144	49.31245684623718	181355.00851416588
5150	1350.6922559457828	1019.94	90.250732421875	0.1228815	7.928571428571426e-05	0.00026428571428571424	47.96344780921936	181402.98051834106
5151	1350.6788542741874	1020.1	90.510498046875	0.12283745	7.924285714285714e-05	0.0002641428571428571	48.86817812919617	181451.85009503365
5152	1348.083058287923	1024.0	89.275146484375	0.12271867	7.92e-05	0.000264	49.332985639572144	181501.18447303772
5153	1327.3689141433224	1008.7	90.52587890625	0.12270298	7.915714285714286e-05	0.0002638571428571429	29.452538013458252	181530.64566373825
5154	1352.4739070108992	1020.13	90.783447265625	0.122739546	7.91142857142857e-05	0.0002637142857142857	45.953378200531006	181576.60050177574
5155	1332.2720118473123	1010.4	90.29150390625	0.12273557	7.907142857142857e-05	0.00026357142857142855	28.274120569229126	181604.87649178505
5156	1340.7650229320122	1010.52	91.049072265625	0.12277895	7.902857142857143e-05	0.00026342857142857147	49.851378202438354	181654.7364885807
5157	1334.638169107659	1005.12	90.556884765625	0.12269158	7.898571428571427e-05	0.0002632857142857142	47.52343559265137	181702.26908135414
5158	1331.4627902029988	1006.42	89.56494140625	0.12269637	7.894285714285713e-05	0.00026314285714285713	50.20333909988403	181752.48847413063
5159	1333.9735453144795	1010.63	90.822998046875	0.12257632	7.89e-05	0.000263	49.59542202949524	181802.0924794674
5160	1328.2214566766907	1006.2	90.830810546875	0.12248238	7.885714285714286e-05	0.0002628571428571429	48.59892225265503	181850.69252181053
5161	1359.502454978558	1024.0	91.588134765625	0.12241963	7.88142857142857e-05	0.00026271428571428566	50.25594091415405	181900.94977211952
5162	1336.9603474644464	1010.58	90.346435546875	0.1223734	7.877142857142856e-05	0.0002625714285714286	49.01701879501343	181949.9684894085
5163	1349.597941720683	1016.16	90.854248046875	0.12233371	7.872857142857144e-05	0.00026242857142857144	49.33603882789612	181999.32847118378
5164	1345.2435395832988	1016.3	91.612060546875	0.122293554	7.868571428571426e-05	0.00026228571428571425	48.098400831222534	182047.43596625328
5165	1322.8338234857263	1002.86	91.12744140625	0.12225052	7.864285714285714e-05	0.0002621428571428571	50.37905931472778	182097.81653904915
5166	1318.176841887576	996.93	90.62841796875	0.1222424	7.86e-05	0.000262	51.07393264770508	182148.90301895142
5167	1335.855955053739	1011.17	90.886474609375	0.12212241	7.855714285714286e-05	0.0002618571428571429	45.50005078315735	182194.41648626328
5168	1345.3993774465032	1018.06	91.394287109375	0.122094154	7.85142857142857e-05	0.0002617142857142857	49.186567544937134	182243.60452508926
5169	1344.7084444752513	1018.76	90.90185546875	0.12197665	7.847142857142856e-05	0.00026157142857142856	48.57390308380127	182292.18047714233
5170	1345.9271542882686	1022.22	90.9091796875	0.12197012	7.842857142857143e-05	0.00026142857142857147	28.246877193450928	182320.42933511734
5171	1350.93330040986	1020.41	91.166259765625	0.12191675	7.838571428571426e-05	0.0002612857142857142	48.96626305580139	182369.397033453
5172	1352.6252143789618	1020.25	89.925537109375	0.12193767	7.834285714285713e-05	0.00026114285714285714	41.886000871658325	182411.29946756363
5173	1324.6545853825012	1002.77	90.433349609375	0.121938236	7.829999999999999e-05	0.000261	28.868797063827515	182440.18193483353
5174	1309.3341066472194	994.43	90.690185546875	0.121865235	7.825714285714286e-05	0.0002608571428571429	50.423338413238525	182490.6164844036
5175	1311.3954141834904	988.67	89.70654296875	0.121847056	7.821428571428569e-05	0.00026071428571428567	46.3839316368103	182537.00179362297
5176	1314.270065634689	996.6	90.706787109375	0.121858574	7.817142857142856e-05	0.0002605714285714286	50.5226514339447	182587.5395781994
5177	1328.0820870054113	1006.14	90.96435546875	0.12185052	7.812857142857143e-05	0.00026042857142857145	28.798303365707397	182616.33990240097
5178	1329.9724869125948	1005.81	90.721923828125	0.12179044	7.808571428571426e-05	0.00026028571428571425	45.54713153839111	182661.8884885311
5179	1348.1535309791495	1018.32	90.9794921875	0.1216627	7.804285714285713e-05	0.0002601428571428571	49.64192080497742	182711.53247261047
5180	1354.5457802956203	1022.84	90.238037109375	0.121589564	7.8e-05	0.00026000000000000003	47.38092827796936	182758.92991828918
5181	1334.4931289075366	1002.78	90.994873046875	0.12152103	7.795714285714286e-05	0.0002598571428571429	49.77590823173523	182808.72103357315
5182	1332.267418108419	1012.4	90.25341796875	0.121420056	7.79142857142857e-05	0.0002597142857142857	49.19548058509827	182857.92848157883
5183	1336.2823176101283	1016.07	91.012451171875	0.12131683	7.787142857142856e-05	0.00025957142857142856	46.28565454483032	182904.22307682037
5184	1329.0230387502822	1007.03	90.76953125	0.12131301	7.782857142857143e-05	0.0002594285714285715	29.64450216293335	182933.8690264225
5185	1306.764395090988	990.85	90.77783203125	0.121269524	7.778571428571426e-05	0.00025928571428571423	47.831307888031006	182981.71647644043
5186	1330.9353661249002	1008.86	89.785400390625	0.12127123	7.774285714285713e-05	0.00025914285714285715	27.903377532958984	183009.6324877739
5187	1356.111030945436	1024.0	91.04345703125	0.12126378	7.769999999999999e-05	0.000259	46.53127574920654	183056.1651954651
5188	1345.7121847444798	1020.19	91.05078125	0.12131104	7.765714285714287e-05	0.0002588571428571429	50.307889223098755	183106.48477625847
5189	1328.0230518332717	1005.06	90.809326171875	0.12120041	7.761428571428569e-05	0.0002587142857142857	50.64758658409119	183157.16047286987
5190	1350.9573047061256	1024.0	90.567138671875	0.12115837	7.757142857142856e-05	0.0002585714285714286	48.19871735572815	183205.36050963402
5191	1332.153305540411	1000.33	91.074462890625	0.121155135	7.752857142857143e-05	0.00025842857142857145	28.380693912506104	183233.75007629395
5192	1363.3313260604193	1024.0	91.082763671875	0.12116164	7.74857142857143e-05	0.00025828571428571437	48.6037871837616	183282.36021852493
5193	1337.8168244415915	1016.81	91.090087890625	0.12116245	7.744285714285713e-05	0.0002581428571428571	28.71190309524536	183311.08901691437
5194	1345.9853435521372	1016.3	90.598388671875	0.121076755	7.74e-05	0.00025800000000000004	47.151463985443115	183358.25646948814
5195	1332.428279259742	1012.84	90.356201171875	0.12109048	7.735714285714286e-05	0.0002578571428571429	51.25474977493286	183409.51248168945
5196	1335.7476207512973	1008.4	90.364013671875	0.12110877	7.73142857142857e-05	0.0002577142857142857	51.191046953201294	183460.71250510216
5197	1331.1477844286537	1007.07	90.87158203125	0.12108416	7.727142857142856e-05	0.00025757142857142857	48.5391788482666	183509.26448822021
5198	1342.4753454137247	1016.53	91.127685546875	0.121085264	7.722857142857143e-05	0.0002574285714285715	45.638468503952026	183554.9045562744
5199	1343.830475454519	1016.86	91.13818359375	0.12108674	7.718571428571429e-05	0.00025728571428571434	31.68283987045288	183586.58862042427
5200	1329.954360080724	1005.32	90.395263671875	0.121082194	7.714285714285713e-05	0.0002571428571428571	52.85553956031799	183639.4646730423
5201	1331.9670217986536	1006.99	91.15087890625	0.12104356	7.709999999999999e-05	0.000257	52.29064726829529	183691.75697278976
5202	1337.6245490767012	1008.91	90.9111328125	0.120975055	7.705714285714287e-05	0.0002568571428571429	55.05750823020935	183746.81635046005
5203	1332.6758573218915	1005.05	90.669677734375	0.12100106	7.701428571428569e-05	0.0002567142857142857	51.998459815979004	183798.8314807415
5204	1353.9987593283793	1016.23	90.427490234375	0.121059716	7.697142857142857e-05	0.00025657142857142854	50.61806321144104	183849.4633743763
5205	1346.486678828799	1016.29	90.685302734375	0.12098112	7.692857142857143e-05	0.00025642857142857146	47.00332450866699	183896.48425722122
5206	1355.141159198993	1024.0	91.19287109375	0.120973766	7.68857142857143e-05	0.0002562857142857143	31.15019679069519	183927.64335227013
5207	1333.7196517957036	1011.03	92.07568359375	0.12094919	7.684285714285713e-05	0.0002561428571428571	53.3833863735199	183981.0365023613
5208	1347.0175295612748	1013.32	90.08349609375	0.12093043	7.68e-05	0.000256	53.54013514518738	184034.59311938286
5209	1336.4076653180982	1016.16	90.09130859375	0.12081471	7.675714285714286e-05	0.0002558571428571429	53.3695969581604	184087.9645178318
5210	1332.1899205587222	1008.77	90.599365234375	0.12077924	7.67142857142857e-05	0.00025571428571428566	52.430641174316406	184140.39651489258
5211	1354.4244322585728	1016.01	90.6064453125	0.120728195	7.667142857142856e-05	0.00025557142857142857	51.78225660324097	184192.1918053627
5212	1340.1076614068093	1010.49	90.614990234375	0.12072396	7.662857142857142e-05	0.00025542857142857143	30.14984130859375	184222.34309625626
5213	1349.6476077504528	1014.57	90.37255859375	0.12069327	7.658571428571429e-05	0.00025528571428571435	53.7636878490448	184276.12088513374
5214	1317.3128073983387	992.23	91.37939453125	0.12077243	7.654285714285713e-05	0.0002551428571428571	52.70552897453308	184328.8283584118
5215	1334.7499635350898	1003.59	91.888427734375	0.12070269	7.649999999999999e-05	0.000255	53.96876502037048	184382.79893803596
5216	1336.6699944676689	1012.25	91.146728515625	0.12072676	7.645714285714287e-05	0.0002548571428571429	51.16903781890869	184433.96992182732
5217	1335.304875250849	1008.12	91.404541015625	0.120734416	7.641428571428569e-05	0.0002547142857142857	29.33106827735901	184463.3165216446
5218	1347.2225178251188	1014.49	91.412841796875	0.12071798	7.637142857142857e-05	0.00025457142857142855	50.59439444541931	184513.91249012947
5219	1314.3167760688295	993.48	90.670166015625	0.120714225	7.632857142857143e-05	0.00025442857142857146	51.90675497055054	184565.82048368454
5220	1357.4068924236576	1022.51	91.177490234375	0.12064424	7.62857142857143e-05	0.0002542857142857143	54.39868760108948	184620.2205901146
5221	1338.5658631154809	1010.36	91.186279296875	0.12054971	7.624285714285713e-05	0.00025414285714285713	50.46706581115723	184670.70029091835
5222	1364.4068463132082	1020.12	91.193115234375	0.12044821	7.62e-05	0.000254	52.539384603500366	184723.2524960041
5223	1358.7052464988901	1022.35	91.451904296875	0.120446295	7.615714285714286e-05	0.0002538571428571429	47.10007834434509	184770.37250828743
5224	1353.4507470005965	1020.26	91.7099609375	0.12034437	7.61142857142857e-05	0.00025371428571428566	53.34340310096741	184823.72848415375
5225	1342.6712029822727	1014.26	90.966552734375	0.12030572	7.607142857142856e-05	0.0002535714285714286	48.66805052757263	184872.40050721169
5226	1329.5723174751363	1009.13	90.97509765625	0.12031257	7.602857142857142e-05	0.00025342857142857144	30.770894527435303	184903.17281651497
5227	1328.8251511660603	1004.37	90.73193359375	0.12023627	7.598571428571429e-05	0.00025328571428571436	53.075400590896606	184956.26454544067
5228	1349.1452014394863	1018.21	91.740966796875	0.12012636	7.594285714285712e-05	0.0002531428571428571	49.08734178543091	185005.36449861526
5229	1361.9557729339444	1024.0	91.498046875	0.12006945	7.589999999999999e-05	0.000253	52.14791226387024	185057.52906823158
5230	1362.4077550256534	1024.0	90.75634765625	0.12007409	7.585714285714287e-05	0.0002528571428571429	31.137662649154663	185088.6685912609
5231	1325.4668171587793	1009.14	91.26416015625	0.120052226	7.581428571428569e-05	0.0002527142857142857	55.576343059539795	185144.26880455017
5232	1321.2590676999657	999.36	90.77294921875	0.12000293	7.577142857142857e-05	0.00025257142857142855	54.561238050460815	185198.8317410946
5233	1328.5174812847574	997.12	90.03662109375	0.11996391	7.572857142857143e-05	0.00025242857142857147	54.41119432449341	185253.2444999218
5234	1322.9006897168445	998.23	91.53857421875	0.120123394	7.56857142857143e-05	0.00025228571428571433	52.13073420524597	185305.37686109543
5235	1339.3826533994638	1010.13	91.046630859375	0.120046645	7.564285714285713e-05	0.00025214285714285714	53.38339138031006	185358.77246546745
5236	1358.3545367684087	1024.0	91.054443359375	0.119962685	7.56e-05	0.000252	51.57824659347534	185410.35247969627
5237	1348.7226727253706	1014.6	91.312255859375	0.119933374	7.555714285714286e-05	0.0002518571428571429	55.5057258605957	185465.85986757278
5238	1351.2253993413274	1018.08	91.319580078125	0.11981776	7.55142857142857e-05	0.00025171428571428567	49.61727857589722	185515.49371814728
5239	1349.827347516054	1014.61	90.82763671875	0.119672365	7.547142857142856e-05	0.0002515714285714286	51.243444204330444	185566.7484896183
5240	1344.3168473905653	1012.43	90.835693359375	0.11952665	7.542857142857142e-05	0.00025142857142857145	50.0789692401886	185616.84448480606
5241	1350.7351085099406	1018.03	91.343505859375	0.11947421	7.53857142857143e-05	0.00025128571428571436	47.854280948638916	185664.70054125786
5242	1354.727806912591	1022.07	91.601318359375	0.119475655	7.534285714285712e-05	0.0002511428571428571	46.378570318222046	185711.0804786682
5243	1341.4380211231598	1014.05	91.6083984375	0.119471826	7.529999999999999e-05	0.00025100000000000003	28.946476697921753	185740.0284910202
5244	1351.9273236418019	1022.04	91.36669921875	0.119376056	7.525714285714286e-05	0.0002508571428571429	54.60734415054321	185794.63687109947
5245	1331.0594336546885	999.54	91.374755859375	0.11935123	7.521428571428569e-05	0.0002507142857142857	49.87841486930847	185844.5165064335
5246	1364.4033533529944	1024.0	90.632568359375	0.119336896	7.517142857142857e-05	0.00025057142857142856	52.21523880958557	185896.7450799942
5247	1364.330731641951	1022.49	90.6474609375	0.119348615	7.512857142857143e-05	0.0002504285714285715	52.574217796325684	185949.3207335472
5248	1326.136056674092	998.46	90.89794921875	0.11935851	7.508571428571429e-05	0.00025028571428571434	53.93528962135315	186003.26854634285
5249	1341.8892200224113	1011.77	91.406982421875	0.119300686	7.504285714285713e-05	0.0002501428571428571	56.20369052886963	186059.4847958088
5250	1339.3109096031642	1006.98	91.414794921875	0.11922101	7.5e-05	0.00025	52.01521563529968	186111.50457906723
5251	1360.7902318770205	1024.0	91.672607421875	0.11921797	7.495714285714286e-05	0.0002498571428571429	53.315882205963135	186164.82241272926
5252	1347.8857755590955	1017.12	90.929443359375	0.11921095	7.49142857142857e-05	0.0002497142857142857	30.77005410194397	186195.7677423954
5253	1353.9628520731005	1020.32	91.68798828125	0.11920788	7.487142857142856e-05	0.00024957142857142854	29.060041189193726	186224.84539794922
5254	1356.596627614125	1022.02	91.696044921875	0.11920584	7.482857142857142e-05	0.00024942857142857145	31.29714012145996	186256.15436553955
5255	1347.2689353886392	1014.06	91.703857421875	0.11920309	7.47857142857143e-05	0.0002492857142857143	33.25776481628418	186289.42684173584
5256	1355.2333343538537	1020.69	91.7109375	0.11920016	7.474285714285712e-05	0.0002491428571428571	30.94733476638794	186320.38448810577
5257	1322.6482203621633	997.07	91.71923828125	0.11919558	7.47e-05	0.000249	31.80529761314392	186352.19840240479
5258	1323.2272383750617	992.46	90.977294921875	0.11918193	7.465714285714286e-05	0.0002488571428571429	32.67531156539917	186384.88448929787
5259	1347.3722224964354	1016.71	91.48486328125	0.11901134	7.461428571428569e-05	0.00024871428571428565	55.399803161621094	186440.30479860306
5260	1359.5987482209407	1024.0	92.492919921875	0.11900979	7.457142857142856e-05	0.00024857142857142857	32.26716351509094	186472.5844795704
5261	1337.3891418390479	1016.53	91.25	0.11897039	7.452857142857143e-05	0.0002484285714285714	59.56650447845459	186532.16052508354
5262	1337.3120771437132	1010.62	91.258544921875	0.11889423	7.448571428571429e-05	0.00024828571428571434	54.40666842460632	186586.7488205433
5263	1328.0080494737967	1001.58	91.259033203125	0.11894538	7.444285714285713e-05	0.0002481428571428571	59.013978242874146	186645.7645714283
5264	1329.756316319298	1007.57	91.764892578125	0.11881962	7.439999999999999e-05	0.000248	56.84701418876648	186702.62395763397
5265	1353.922217250067	1016.33	91.775390625	0.118704505	7.435714285714286e-05	0.00024785714285714287	58.36594605445862	186760.99255371094
5266	1319.497966820079	1000.74	91.532958984375	0.11861121	7.431428571428569e-05	0.0002477142857142857	57.330910205841064	186818.32455778122
5267	1356.4517844035397	1018.26	91.540771484375	0.118602484	7.427142857142856e-05	0.00024757142857142854	58.19142937660217	186876.52449011803
5268	1349.1630780135363	1016.65	91.048583984375	0.11850154	7.422857142857142e-05	0.00024742857142857146	53.19553089141846	186929.83654260635
5269	1335.5641411569043	1004.98	91.556396484375	0.11853037	7.41857142857143e-05	0.0002472857142857143	58.7755606174469	186988.62471556664
5270	1339.9774709442386	1011.03	91.31396484375	0.11852756	7.414285714285712e-05	0.0002471428571428571	57.05131530761719	187045.68849110603
5271	1342.0380164519831	1009.25	91.947509765625	0.118489146	7.41e-05	0.000247	58.93163752555847	187104.63254022598
5272	1343.7731426927335	1012.29	90.712890625	0.118422605	7.405714285714286e-05	0.0002468571428571429	57.05490040779114	187161.68848657608
5273	1328.484543494988	1000.57	91.713134765625	0.11838705	7.40142857142857e-05	0.00024671428571428566	59.916428327560425	187221.60601735115
5274	1326.7949724432424	996.81	92.219970703125	0.11837795	7.397142857142856e-05	0.00024657142857142857	32.99294352531433	187254.60049653053
5275	1363.9729038810938	1024.0	91.978515625	0.11824342	7.392857142857143e-05	0.00024642857142857143	58.819202184677124	187313.42077445984
5276	1341.8246084626508	1014.16	91.736328125	0.11818162	7.388571428571429e-05	0.00024628571428571435	50.50805711746216	187363.94048976898
5277	1365.8259516758626	1019.94	91.993896484375	0.11815063	7.384285714285713e-05	0.0002461428571428571	57.65501546859741	187421.59654188156
5278	1316.5872296819207	990.62	91.251953125	0.11809853	7.379999999999999e-05	0.000246	58.975600481033325	187480.58449220657
5279	1333.4129821415422	1010.38	92.50927734375	0.118032634	7.375714285714286e-05	0.0002458571428571429	57.49604105949402	187538.25249052048
5280	1329.4784312853267	1002.52	92.017822265625	0.1180164	7.371428571428569e-05	0.0002457142857142857	58.7513313293457	187597.01250362396
5281	1338.3067910085633	1008.69	92.276611328125	0.11797529	7.367142857142856e-05	0.00024557142857142855	59.37553119659424	187656.51649308205
5282	1360.3604055422275	1024.0	92.033447265625	0.11797156	7.362857142857142e-05	0.00024542857142857146	33.02898859977722	187689.5544140339
5283	1358.9370876242187	1024.0	91.7919921875	0.117934674	7.35857142857143e-05	0.0002452857142857143	56.22330832481384	187745.78848719597
5284	1357.6116609816825	1022.14	92.050048828125	0.117818065	7.354285714285712e-05	0.00024514285714285713	55.29166603088379	187801.08905291557
5285	1362.6526513862104	1022.21	92.057861328125	0.11781752	7.35e-05	0.000245	31.158356428146362	187832.36674547195
5286	1353.0702797340543	1024.0	91.815673828125	0.11785669	7.345714285714286e-05	0.0002448571428571429	49.87061262130737	187882.25667500496
5287	1354.0861697511596	1020.09	92.073486328125	0.11785579	7.34142857142857e-05	0.00024471428571428566	33.33480644226074	187915.5924832821
5288	1347.3473729873647	1020.8	91.3310546875	0.11778936	7.337142857142856e-05	0.0002445714285714286	59.00293707847595	187974.5964820385
5289	1318.8909952600527	995.97	92.089111328125	0.11782033	7.332857142857143e-05	0.00024442857142857144	57.1114559173584	188031.8524837494
5290	1328.812425058947	1004.61	91.846923828125	0.11771017	7.328571428571429e-05	0.00024428571428571435	57.533125162124634	188089.38716340065
5291	1347.1021586161523	1014.69	91.354736328125	0.1176658	7.324285714285713e-05	0.0002441428571428571	57.927250385284424	188147.33247709274
5292	1342.2752206638793	1010.78	91.3623046875	0.11770761	7.319999999999999e-05	0.000244	48.92533802986145	188196.31829476357
5293	1343.7528559039458	1012.47	91.870361328125	0.1176705	7.315714285714285e-05	0.00024385714285714288	54.67553496360779	188251.0088274479
5294	1335.3331918698118	1007.95	91.876708984375	0.11772161	7.311428571428569e-05	0.00024371428571428566	54.703330755233765	188305.72449541092
5295	1346.8757934241873	1012.55	91.885986328125	0.11770054	7.307142857142855e-05	0.00024357142857142855	57.81877160072327	188363.5448076725
5296	1357.1896252575336	1016.54	91.893798828125	0.11758924	7.302857142857142e-05	0.00024342857142857144	53.666792154312134	188417.24391007423
5297	1346.9695513532706	1014.41	91.6513671875	0.117506206	7.29857142857143e-05	0.00024328571428571433	58.17845344543457	188475.43488001823
5298	1352.2625491423	1022.03	91.410400390625	0.117416255	7.294285714285712e-05	0.0002431428571428571	56.39126944541931	188531.82779741287
5299	1330.4413565309428	1000.9	91.418212890625	0.117446475	7.29e-05	0.000243	59.13980031013489	188591.00872969627
5300	1357.9687845732149	1024.0	91.926025390625	0.117458425	7.285714285714286e-05	0.00024285714285714289	58.82457089424133	188649.83445096016
5301	1339.4545759713624	1008.99	91.93359375	0.11735948	7.28142857142857e-05	0.00024271428571428567	57.13538384437561	188706.9844903946
5302	1347.2723842486168	1016.41	92.941650390625	0.11732308	7.277142857142856e-05	0.00024257142857142855	59.679177045822144	188766.6880722046
5303	1349.0874050092802	1016.43	91.699462890625	0.11722713	7.272857142857142e-05	0.00024242857142857144	57.967636585235596	188824.67291092873
5304	1333.045264598536	1004.3	92.207275390625	0.11718329	7.268571428571429e-05	0.00024228571428571433	58.6278817653656	188883.31277561188
5305	1342.444524019168	1010.61	91.965087890625	0.117183544	7.264285714285713e-05	0.0002421428571428571	32.261332511901855	188915.5757071972
5306	1340.357663559295	1013.03	90.980224609375	0.117092215	7.259999999999999e-05	0.000242	56.56651782989502	188972.15199422836
5307	1346.6140308564275	1014.21	91.488525390625	0.11695608	7.255714285714285e-05	0.0002418571428571429	58.864659786224365	189031.02879309654
5308	1336.9046926096976	1011.18	91.988525390625	0.11690869	7.251428571428569e-05	0.00024171428571428567	58.75421166419983	189089.7844800949
5309	1322.237999721671	1006.73	92.496337890625	0.11688453	7.247142857142855e-05	0.00024157142857142856	57.16855502128601	189146.9615635872
5310	1352.1186095843138	1016.63	91.50390625	0.116836436	7.242857142857143e-05	0.00024142857142857145	59.53601312637329	189206.51697778702
5311	1327.6283810157931	1002.13	92.261962890625	0.11682152	7.23857142857143e-05	0.00024128571428571433	55.91965842247009	189262.4485630989
5312	1350.51066332972	1010.27	92.018798828125	0.11681632	7.234285714285712e-05	0.00024114285714285711	32.25943303108215	189294.71649885178
5313	1338.2152277537302	1005.65	92.277587890625	0.116830796	7.23e-05	0.000241	59.99147605895996	189354.9084801674
5314	1345.750821947291	1010.35	91.04345703125	0.116786845	7.225714285714286e-05	0.0002408571428571429	56.386614084243774	189411.29626989365
5315	1351.9364184433718	1016.87	92.0439453125	0.11680356	7.221428571428572e-05	0.00024071428571428578	59.20654487609863	189470.50450634956
5316	1338.3296050898848	1014.02	91.552001953125	0.11666885	7.217142857142856e-05	0.00024057142857142856	58.40245819091797	189528.90848779678
5317	1313.0724886496769	991.97	92.309814453125	0.116594754	7.212857142857142e-05	0.00024042857142857145	58.483298778533936	189587.39277672768
5318	1335.3519232078302	1004.39	92.7890625	0.11656118	7.208571428571429e-05	0.00024028571428571434	58.93127083778381	189646.32549977303
5319	1339.677710781134	1016.31	91.7958984375	0.116480984	7.204285714285712e-05	0.00024014285714285712	59.643977880477905	189706.10489463806
5320	1348.7842093089996	1010.61	92.057861328125	0.116503306	7.199999999999999e-05	0.00024	55.714807987213135	189761.82125854492
5321	1350.0803737335186	1010.32	92.315673828125	0.11636701	7.195714285714285e-05	0.0002398571428571429	56.9821355342865	189818.80501174927
5322	1341.1344735343966	1014.12	92.323486328125	0.11635637	7.191428571428573e-05	0.00023971428571428578	60.17817044258118	189878.9844970703
5323	1357.921947382133	1018.5	92.331298828125	0.116363466	7.187142857142855e-05	0.00023957142857142856	57.403167724609375	189936.51613736153
5324	1341.1862622756994	1011.42	92.1240234375	0.116232835	7.182857142857143e-05	0.00023942857142857145	59.027501344680786	189995.68449401855
5325	1346.6037703101483	1013.96	91.632080078125	0.11622099	7.17857142857143e-05	0.00023928571428571434	59.07128715515137	190054.77250814438
5326	1355.7449884327164	1019.96	92.639892578125	0.11609272	7.174285714285713e-05	0.0002391428571428571	60.07092905044556	190114.84451889992
5327	1302.4732196474215	979.73	91.897705078125	0.11604928	7.17e-05	0.00023899999999999998	59.585240840911865	190174.44083571434
5328	1346.3243185719243	1012.52	92.4052734375	0.116043575	7.165714285714286e-05	0.0002388571428571429	60.61451029777527	190235.0650422573
5329	1345.311022920303	1010.51	91.171142578125	0.11603385	7.161428571428572e-05	0.00023871428571428579	60.04229402542114	190295.10895514488
5330	1345.5155890523572	1011.16	91.421142578125	0.11591386	7.157142857142856e-05	0.00023857142857142854	55.545724391937256	190350.65650081635
5331	1350.7457820891766	1022.06	92.927978515625	0.11588642	7.152857142857142e-05	0.00023842857142857143	49.301538944244385	190399.959492445
5332	1344.8158722398623	1014.43	91.687744140625	0.11587891	7.148571428571429e-05	0.00023828571428571432	50.53857350349426	190450.49979257584
5333	1362.6273811840852	1024.0	92.195068359375	0.1157886	7.144285714285712e-05	0.0002381428571428571	51.72720670700073	190502.24060964584
5334	1349.461566762458	1016.76	91.953125	0.11581088	7.139999999999999e-05	0.00023799999999999998	53.831865072250366	190556.0849070549
5335	1347.5136489187298	1011.79	92.086181640625	0.11585391	7.135714285714285e-05	0.00023785714285714287	53.71150183677673	190609.8125014305
5336	1364.7708061718988	1020.06	92.093994140625	0.11569082	7.131428571428573e-05	0.00023771428571428576	49.85502076148987	190659.67649245262
5337	1366.2128645868183	1024.0	93.1015625	0.11565503	7.127142857142855e-05	0.00023757142857142854	51.06406283378601	190710.76905179024
5338	1350.8301513341714	1015.94	92.359375	0.115635075	7.122857142857143e-05	0.00023742857142857143	49.36993408203125	190760.14048337936
5339	1340.0468946126089	1012.74	92.367431640625	0.11550885	7.118571428571429e-05	0.00023728571428571432	47.86281490325928	190808.00449109077
5340	1351.218520982584	1020.49	92.125	0.115439	7.114285714285713e-05	0.0002371428571428571	49.9309983253479	190857.9444847107
5341	1336.825170298574	1008.47	92.383056640625	0.11541608	7.11e-05	0.000237	49.78596568107605	190907.73248147964
5342	1352.0657793554187	1017.64	92.64013671875	0.11536027	7.105714285714286e-05	0.00023685714285714288	51.41855001449585	190959.15256857872
5343	1362.4277898743014	1024.0	91.40625	0.115368545	7.101428571428572e-05	0.00023671428571428576	50.96613073348999	191010.12049937248
5344	1328.5401556410445	1004.41	92.406494140625	0.115179054	7.097142857142856e-05	0.00023657142857142854	59.621904611587524	191069.7445037365
5345	1343.7113467008116	1014.71	91.672119140625	0.115133464	7.092857142857142e-05	0.00023642857142857143	51.5114688873291	191121.4404847622
5346	1326.228264546902	995.07	92.171875	0.115027845	7.088571428571429e-05	0.00023628571428571432	52.92041373252869	191174.37381839752
5347	1314.1437369244427	998.14	92.929931640625	0.115059964	7.084285714285712e-05	0.0002361428571428571	52.81265044212341	191227.2021715641
5348	1353.5626343192198	1024.0	91.938720703125	0.11499413	7.079999999999999e-05	0.000236	53.76127743721008	191280.9650876522
5349	1331.9604256299622	1006.37	92.696533203125	0.11497582	7.075714285714285e-05	0.00023585714285714288	59.518303871154785	191340.4847252369
5350	1352.5295849017036	1016.25	91.954345703125	0.11498585	7.071428571428573e-05	0.00023571428571428577	55.53179454803467	191396.1448044777
5351	1335.0818052577788	1000.67	92.2080078125	0.11494625	7.067142857142855e-05	0.00023557142857142855	53.10315990447998	191449.2604520321
5352	1348.5756317893404	1017.56	92.216064453125	0.11489284	7.062857142857143e-05	0.00023542857142857144	54.93538498878479	191504.21248412132
5353	1362.1238430064227	1022.1	92.223876953125	0.11470649	7.058571428571429e-05	0.00023528571428571432	47.23562741279602	191551.45675086975
5354	1341.0091130698354	1012.44	91.981689453125	0.11471105	7.054285714285713e-05	0.0002351428571428571	32.24218964576721	191583.70048975945
5355	1367.6699470468548	1016.11	92.9892578125	0.11473787	7.049999999999999e-05	0.000235	58.78235673904419	191642.4838514328
5356	1328.6729548608716	1006.83	92.997314453125	0.11468279	7.045714285714286e-05	0.00023485714285714288	54.22610855102539	191696.71250343323
5357	1360.635479597909	1023.94	93.505126953125	0.11463352	7.041428571428572e-05	0.00023471428571428577	52.798195362091064	191749.51250195503
5358	1334.2620223613894	1003.25	92.262451171875	0.11463071	7.037142857142856e-05	0.00023457142857142855	32.84635543823242	191782.36049246788
5359	1342.759068576543	1013.22	93.020751953125	0.114573576	7.032857142857142e-05	0.00023442857142857144	58.054083585739136	191840.41556882858
5360	1343.448069313741	1012.87	92.5283203125	0.1144768	7.028571428571428e-05	0.00023428571428571433	60.658074617385864	191901.07648682594
5361	1335.6576406057627	1014.18	93.536376953125	0.11450279	7.024285714285712e-05	0.0002341428571428571	58.51937222480774	191959.61249399185
5362	1287.8328706564853	976.57	92.544189453125	0.11452761	7.019999999999999e-05	0.000234	61.24971413612366	192020.9666852951
5363	1350.960347622766	1012.32	92.30224609375	0.114510454	7.015714285714286e-05	0.00023385714285714288	51.01967906951904	192072.00081324577
5364	1318.248604055777	986.7	93.048095703125	0.1145303	7.011428571428573e-05	0.00023371428571428577	57.70278573036194	192129.70848870277
5365	1369.0243315438263	1024.0	92.41796875	0.11446482	7.007142857142855e-05	0.00023357142857142855	52.058547496795654	192181.780564785
5366	1351.1514185635633	1020.01	91.683837890625	0.1144061	7.002857142857143e-05	0.00023342857142857144	53.744056224823	192235.58100295067
5367	1332.3740137152804	1004.25	93.191650390625	0.11434281	6.998571428571429e-05	0.00023328571428571433	58.2113401889801	192293.80848956108
5368	1354.218240223277	1024.0	92.699462890625	0.1143466	6.994285714285713e-05	0.0002331428571428571	57.6457839012146	192351.45650577545
5369	1338.101270256399	1010.91	92.206787109375	0.11428968	6.989999999999999e-05	0.000233	56.518818855285645	192407.9765176773
5370	1358.384748847577	1018.4	92.465087890625	0.114288725	6.985714285714286e-05	0.0002328571428571429	34.06390452384949	192442.04205441475
5371	1338.7479629544207	1010.68	91.972412109375	0.114269584	6.981428571428572e-05	0.00023271428571428578	58.98154020309448	192501.02459430695
5372	1312.8653330199172	993.45	91.978759765625	0.11411041	6.977142857142856e-05	0.00023257142857142856	57.07533669471741	192558.1164791584
5373	1353.081484283145	1015.55	92.23681640625	0.11412173	6.972857142857142e-05	0.00023242857142857144	56.431527853012085	192614.63667416573
5374	1360.863828097725	1024.0	92.74560546875	0.11414064	6.968571428571428e-05	0.00023228571428571433	57.87588620185852	192672.5139889717
5375	1359.8417719259419	1020.2	92.753662109375	0.11403692	6.964285714285712e-05	0.0002321428571428571	58.07094717025757	192730.6004834175
5376	1339.8251834614703	1006.52	92.01171875	0.11396339	6.959999999999998e-05	0.000232	59.419339656829834	192790.03248929977
5377	1352.778117433607	1016.76	92.76953125	0.11387318	6.955714285714286e-05	0.0002318571428571429	55.14642286300659	192845.1805112362
5378	1365.205757754702	1022.37	92.277099609375	0.113876306	6.951428571428573e-05	0.00023171428571428578	33.625866413116455	192878.81528782845
5379	1330.087148962425	1000.29	92.78515625	0.11387692	6.947142857142856e-05	0.00023157142857142853	33.707223892211914	192912.5364871025
5380	1351.8807143460488	1016.36	92.5439453125	0.11387647	6.942857142857143e-05	0.00023142857142857142	33.506701707839966	192946.0444908142
5381	1343.1012894531668	1012.5	92.80029296875	0.11387631	6.938571428571429e-05	0.0002312857142857143	31.80559492111206	192977.87248802185
5382	1358.1256878763484	1019.95	92.8095703125	0.113875985	6.934285714285713e-05	0.0002311428571428571	31.708996295928955	193009.5845003128
5383	1352.1814977936456	1016.14	92.567138671875	0.11387544	6.929999999999999e-05	0.00023099999999999998	31.55081009864807	193041.1364865303
5384	1340.0030823871462	1009.39	92.0751953125	0.11383142	6.925714285714285e-05	0.00023085714285714287	58.60957407951355	193099.7476181984
5385	1340.135964116378	1014.12	92.0830078125	0.113785684	6.921428571428572e-05	0.00023071428571428575	59.2737238407135	193159.03495836258
5386	1316.0316201283958	997.01	92.0908203125	0.11381153	6.917142857142855e-05	0.00023057142857142853	58.44788908958435	193217.48447346687
5387	1330.6375049295673	1001.11	91.606201171875	0.11381447	6.912857142857142e-05	0.00023042857142857142	56.9325807094574	193274.42900514603
5388	1359.0954793961077	1024.0	92.8642578125	0.11372841	6.908571428571428e-05	0.0002302857142857143	51.028565645217896	193325.4588034153
5389	1347.2839849486613	1014.23	92.3642578125	0.113758564	6.904285714285712e-05	0.0002301428571428571	59.14356255531311	193384.6127319336
5390	1319.0423923533917	992.72	92.1220703125	0.11371746	6.899999999999998e-05	0.00022999999999999998	57.023317098617554	193441.70428276062
5391	1358.9584487588643	1018.16	92.6298828125	0.11369138	6.895714285714286e-05	0.00022985714285714287	57.81082201004028	193499.51680541039
5392	1359.8848426391091	1024.0	92.887451171875	0.113695145	6.891428571428572e-05	0.00022971428571428576	32.0277898311615	193531.564889431
5393	1340.7109775061294	1006.69	92.3955078125	0.11364013	6.887142857142856e-05	0.00022957142857142854	52.972800970077515	193584.54747247696
5394	1326.8603349206967	1002.48	92.9033203125	0.11364045	6.882857142857142e-05	0.00022942857142857143	31.583417415618896	193616.136469841
5395	1312.866356219094	986.33	92.4111328125	0.11372942	6.878571428571429e-05	0.00022928571428571431	58.21742033958435	193674.366335392
5396	1341.0665945358453	1010.47	91.926513671875	0.113735616	6.874285714285713e-05	0.0002291428571428571	56.640987157821655	193731.00884747505
5397	1339.8973064585284	1010.35	92.427734375	0.113709025	6.869999999999999e-05	0.00022899999999999998	58.262566566467285	193789.27255487442
5398	1357.2671303254233	1020.16	92.435546875	0.11369026	6.865714285714285e-05	0.00022885714285714287	51.1430459022522	193840.4245276451
5399	1334.7904683495449	1003.52	93.318359375	0.11367035	6.861428571428572e-05	0.00022871428571428576	58.92007517814636	193899.36500620842
5400	1345.007779947513	1008.83	92.576171875	0.11364653	6.857142857142855e-05	0.00022857142857142854	56.11144280433655	193955.4884943962
5401	1355.4671655174054	1016.32	92.3330078125	0.11363221	6.852857142857142e-05	0.00022842857142857143	59.182793855667114	194014.67251634598
5402	1340.1845718411266	1000.92	92.341796875	0.11362759	6.848571428571428e-05	0.00022828571428571432	59.20772838592529	194073.8928041458
5403	1350.3732660540052	1018.15	92.59912109375	0.113602184	6.844285714285712e-05	0.0002281428571428571	60.49451470375061	194134.38852667809
5404	1347.3280518206218	1014.04	93.357421875	0.11355397	6.839999999999998e-05	0.00022799999999999999	59.67591977119446	194194.08834981918
5405	1352.249327033939	1013.16	92.8642578125	0.113562785	6.835714285714286e-05	0.00022785714285714287	59.2404625415802	194253.34554743767
5406	1342.8346064196242	1008.77	92.62158203125	0.11350253	6.831428571428572e-05	0.00022771428571428576	59.771995544433594	194313.28850626945
5407	1321.767940759138	997.44	92.380859375	0.113483764	6.827142857142856e-05	0.00022757142857142854	57.81505465507507	194371.10467624664
5408	1365.9809365063443	1022.08	92.396484375	0.11343381	6.822857142857142e-05	0.00022742857142857143	57.35956954956055	194428.4804878235
5409	1371.7633271932534	1024.0	92.646484375	0.11342987	6.818571428571429e-05	0.00022728571428571432	32.97159934043884	194461.46452641487
5410	1343.154030306223	1008.15	93.411376953125	0.113414496	6.814285714285712e-05	0.0002271428571428571	58.386892557144165	194519.8524992466
5411	1351.0555216883702	1016.4	92.912109375	0.1133096	6.809999999999999e-05	0.000227	57.85137224197388	194577.71648836136
5412	1332.2803326742617	1002.39	92.91943359375	0.11325165	6.805714285714285e-05	0.00022685714285714288	57.945791482925415	194635.66691040993
5413	1322.578632145703	995.0	92.42822265625	0.11323125	6.801428571428572e-05	0.00022671428571428577	59.60733890533447	194695.27651524544
5414	1358.1363645231709	1017.03	92.186279296875	0.11313492	6.797142857142855e-05	0.00022657142857142855	57.96814727783203	194753.25714039803
5415	1343.0219872349617	1012.68	92.943359375	0.11306349	6.792857142857142e-05	0.00022642857142857143	57.93142127990723	194811.20449137688
5416	1356.1735218758831	1022.36	92.95166015625	0.112967856	6.78857142857143e-05	0.00022628571428571432	59.08712959289551	194870.30448794365
5417	1346.3538450529786	1018.04	92.70947265625	0.11291388	6.784285714285712e-05	0.0002261428571428571	57.940673828125	194928.2619354725
5418	1363.387886251674	1018.84	92.96728515625	0.11291456	6.779999999999998e-05	0.000226	32.765411615371704	194961.0424451828
5419	1351.9976267779184	1014.3	92.9736328125	0.1128891	6.775714285714286e-05	0.00022585714285714288	58.16503715515137	195019.2084801197
5420	1365.431131985878	1024.0	93.7333984375	0.112840414	6.771428571428572e-05	0.00022571428571428577	56.34356617927551	195075.79652953148
5421	1346.8826723830055	1010.5	93.7412109375	0.11283664	6.767142857142856e-05	0.00022557142857142855	32.9982693195343	195108.79649996758
5422	1350.5377660364504	1016.53	92.7490234375	0.11282754	6.762857142857142e-05	0.00022542857142857144	58.97184491157532	195167.77303099632
5423	1361.9752622715919	1024.0	93.0068359375	0.11272039	6.758571428571429e-05	0.00022528571428571433	52.39069604873657	195220.1653199196
5424	1351.4081216585182	1018.31	92.763916015625	0.112715565	6.754285714285712e-05	0.0002251428571428571	32.51116943359375	195252.6801533699
5425	1351.0271886606681	1015.01	92.772216796875	0.11265471	6.749999999999999e-05	0.000225	59.30951929092407	195312.13089680672
5426	1348.7299446497752	1013.24	92.2802734375	0.112612166	6.745714285714285e-05	0.00022485714285714288	60.77985501289368	195373.09377765656
5427	1353.3677645782234	1014.25	93.28759765625	0.1125679	6.741428571428572e-05	0.00022471428571428577	57.47116041183472	195430.70450234413
5428	1352.7626979786596	1020.39	93.796630859375	0.11250957	6.737142857142855e-05	0.00022457142857142855	56.19415092468262	195486.90051674843
5429	1347.1823782920628	1014.14	92.8046875	0.11256734	6.732857142857142e-05	0.00022442857142857144	54.24348163604736	195541.15650844574
5430	1359.9407287421311	1024.0	93.3125	0.11256943	6.728571428571429e-05	0.00022428571428571433	28.91779613494873	195570.07648015022
5431	1342.1207513395889	1007.2	92.3203125	0.11250297	6.724285714285712e-05	0.00022414285714285708	52.19882655143738	195622.27680253983
5432	1360.5135030068125	1022.36	92.825927734375	0.11253231	6.72e-05	0.00022399999999999997	50.72719073295593	195673.01678943634
5433	1340.202908244537	1007.07	93.08544921875	0.11255038	6.715714285714286e-05	0.00022385714285714286	50.861552476882935	195723.89092445374
5434	1338.9407704025723	1012.97	93.09375	0.11254489	6.711428571428572e-05	0.00022371428571428575	29.095487356185913	195753.00048160553
5435	1344.6836171353516	1014.18	93.100341796875	0.11237223	6.707142857142856e-05	0.00022357142857142853	53.11165761947632	195806.1247897148
5436	1359.8097843692167	1020.03	92.859375	0.112325914	6.702857142857142e-05	0.00022342857142857142	50.31109166145325	195856.44450592995
5437	1352.7514782051232	1014.23	93.867431640625	0.11225466	6.698571428571429e-05	0.0002232857142857143	50.39812731742859	195906.84448719025
5438	1350.2182733435925	1012.3	93.37451171875	0.112241395	6.694285714285715e-05	0.0002231428571428572	46.54267168045044	195953.38846755028
5439	1341.437869055317	1008.3	94.3828125	0.11220067	6.689999999999999e-05	0.00022299999999999997	50.534995317459106	196003.9244890213
5440	1323.3074255563063	989.81	93.640625	0.11209569	6.685714285714285e-05	0.00022285714285714286	47.58258295059204	196051.52008485794
5441	1352.1250480621297	1016.89	92.3984375	0.11205759	6.681428571428571e-05	0.00022271428571428575	49.783854961395264	196101.30538463593
5442	1348.4780497847075	1011.4	92.656005859375	0.11204821	6.677142857142855e-05	0.00022257142857142853	50.65083432197571	196151.96850061417
5443	1350.787802568779	1015.06	91.921630859375	0.1119381	6.672857142857141e-05	0.00022242857142857142	49.426005601882935	196201.39648413658
5444	1334.4160506873	1005.77	93.42138671875	0.11196866	6.668571428571429e-05	0.0002222857142857143	48.870341062545776	196250.26847720146
5445	1348.4488168076414	1014.32	93.23828125	0.111879766	6.664285714285716e-05	0.0002221428571428572	48.13507056236267	196298.41249537468
5446	1351.6408245791615	1023.34	92.9970703125	0.11182689	6.659999999999999e-05	0.00022199999999999998	50.27691984176636	196348.70147132874
5447	1348.1278260951817	1010.02	93.503662109375	0.111670434	6.655714285714286e-05	0.00022185714285714286	50.395283460617065	196399.11246824265
5448	1353.8382615937808	1016.62	92.7626953125	0.11161869	6.651428571428572e-05	0.00022171428571428575	45.571049451828	196444.70055556297
5449	1362.5002499995126	1024.0	92.028076171875	0.1115759	6.647142857142856e-05	0.00022157142857142853	49.33400893211365	196494.03604745865
5450	1364.1112962167754	1024.0	93.2783203125	0.11152039	6.642857142857142e-05	0.00022142857142857142	50.019493103027344	196544.06850004196
5451	1352.7385877449572	1016.82	93.035888671875	0.11153239	6.638571428571428e-05	0.0002212857142857143	50.292274713516235	196594.3626306057
5452	1352.2053737352765	1018.17	92.7939453125	0.111528896	6.634285714285715e-05	0.0002211428571428572	50.13952422142029	196644.5205435753
5453	1360.295233969543	1014.13	93.8017578125	0.11147234	6.629999999999999e-05	0.00022099999999999998	50.40776085853577	196694.94100666046
5454	1347.9009882265716	1014.44	92.8095703125	0.111385345	6.625714285714285e-05	0.00022085714285714287	49.09528136253357	196744.04878664017
5455	1359.341739158061	1021.97	92.8173828125	0.11143806	6.621428571428571e-05	0.00022071428571428575	49.75540328025818	196793.8204805851
5456	1331.8083043902777	1005.28	93.324951171875	0.11132016	6.617142857142855e-05	0.00022057142857142854	48.93819618225098	196842.76049613953
5457	1367.6857319783708	1024.0	93.8330078125	0.111248165	6.612857142857141e-05	0.00022042857142857142	47.22302579879761	196890.00012421608
5458	1343.4572689705194	1014.1	93.3408203125	0.11124729	6.608571428571429e-05	0.0002202857142857143	27.579477310180664	196917.5925014019
5459	1360.710809462454	1023.91	93.34814453125	0.11123223	6.604285714285715e-05	0.0002201428571428572	49.35924959182739	196966.96449041367
5460	1348.3666134951172	1012.7	92.606689453125	0.11122566	6.599999999999999e-05	0.00021999999999999998	44.30708599090576	197011.27657842636
5461	1351.6992991348698	1012.68	93.364013671875	0.111224346	6.595714285714286e-05	0.00021985714285714287	28.70332169532776	197039.9924993515
5462	1353.2552744778877	1012.36	92.6220703125	0.111177705	6.591428571428572e-05	0.00021971428571428576	48.51935124397278	197088.5284769535
5463	1339.4335357280017	1004.6	92.882568359375	0.11118247	6.587142857142856e-05	0.00021957142857142854	49.582122802734375	197138.1125254631
5464	1359.2459702845088	1022.36	92.892333984375	0.111162454	6.582857142857142e-05	0.00021942857142857143	47.884076833724976	197186.00161457062
5465	1347.5072045503516	1008.09	93.65185546875	0.1111578	6.578571428571428e-05	0.00021928571428571431	28.520309686660767	197214.5374701023
5466	1352.4772477544764	1012.56	93.661865234375	0.111082695	6.574285714285715e-05	0.0002191428571428572	51.50981688499451	197266.04849624634
5467	1326.9918664156687	992.85	93.17041015625	0.11115261	6.569999999999998e-05	0.00021899999999999998	47.683085203170776	197313.7365515232
5468	1322.2390026139535	994.73	93.181396484375	0.11110962	6.565714285714285e-05	0.00021885714285714287	49.34434199333191	197363.09731388092
5469	1331.909881238889	1002.69	93.691162109375	0.11109058	6.561428571428573e-05	0.00021871428571428576	46.80695056915283	197409.92047524452
5470	1351.036262177017	1014.11	93.45068359375	0.11108783	6.557142857142855e-05	0.00021857142857142854	27.98257303237915	197437.904484272
5471	1359.2840677870759	1018.2	93.210693359375	0.111073725	6.552857142857141e-05	0.00021842857142857143	48.63070011138916	197486.5362856388
5472	1355.1755463413838	1016.14	92.728271484375	0.11108991	6.548571428571429e-05	0.00021828571428571432	45.75707650184631	197532.3021724224
5473	1350.767482288611	1016.08	93.730224609375	0.11106911	6.544285714285715e-05	0.0002181428571428572	48.68850779533386	197580.99248671532
5474	1353.2241799761568	1016.48	93.23974609375	0.11100882	6.539999999999999e-05	0.00021799999999999999	49.95313096046448	197630.95882558823
5475	1334.2709837579894	1007.64	93.249755859375	0.11095639	6.535714285714285e-05	0.00021785714285714287	49.16408944129944	197680.14451551437
5476	1356.5848480331156	1018.23	92.759521484375	0.110955514	6.531428571428572e-05	0.00021771428571428576	49.514692068099976	197729.66080737114
5477	1337.8629791706535	1006.39	93.769287109375	0.110961385	6.527142857142855e-05	0.00021757142857142854	49.02705454826355	197778.69649529457
5478	1345.6052876696924	1010.32	93.779052734375	0.110868126	6.522857142857142e-05	0.00021742857142857143	48.08856201171875	197826.786570549
5479	1356.6365626759746	1016.08	93.03955078125	0.11078078	6.518571428571428e-05	0.00021728571428571432	49.46171569824219	197876.25091576576
5480	1363.4391263748007	1024.0	93.047607421875	0.11076585	6.514285714285715e-05	0.0002171428571428572	48.679787158966064	197924.94505739212
5481	1357.2892402752314	1022.06	93.059326171875	0.11074575	6.509999999999998e-05	0.00021699999999999996	47.81845021247864	197972.77204561234
5482	1361.7534409309965	1022.15	93.319091796875	0.11084181	6.505714285714285e-05	0.00021685714285714285	45.932984590530396	198018.72243762016
5483	1341.947700606555	1008.34	93.07861328125	0.11074141	6.501428571428572e-05	0.00021671428571428577	49.5554313659668	198068.28849983215
5484	1357.8702002298305	1018.12	93.086669921875	0.110589355	6.497142857142855e-05	0.00021657142857142852	50.07144117355347	198118.36846995354
5485	1344.4098757439135	1012.75	93.846435546875	0.11048878	6.492857142857143e-05	0.0002164285714285714	49.8669548034668	198168.24845933914
5486	1342.1536419142806	998.5	93.858154296875	0.110461555	6.488571428571429e-05	0.0002162857142857143	48.88246154785156	198217.13262462616
5487	1353.4644564391326	1016.58	92.867919921875	0.110411994	6.484285714285715e-05	0.00021614285714285718	52.047343254089355	198269.18184804916
5488	1363.4776933254584	1022.05	93.376708984375	0.11035677	6.479999999999999e-05	0.00021599999999999996	50.15831708908081	198319.35283875465
5489	1363.5607547870627	1020.09	93.886962890625	0.11026255	6.475714285714285e-05	0.00021585714285714285	49.90581774711609	198369.26049137115
5490	1365.1144762375372	1021.65	93.647216796875	0.1102662	6.471428571428572e-05	0.00021571428571428574	49.99203824996948	198419.27247262
5491	1330.5928856955334	999.16	92.65625	0.110200234	6.467142857142855e-05	0.00021557142857142852	49.03385019302368	198468.3081600666
5492	1345.1772975958665	1010.12	93.416748046875	0.110149294	6.462857142857142e-05	0.0002154285714285714	49.24915552139282	198517.57461452484
5493	1365.9977517911339	1014.29	93.92578125	0.110149264	6.458571428571428e-05	0.0002152857142857143	29.543699264526367	198547.14077162743
5494	1349.6057120054695	1016.23	93.43603515625	0.11006708	6.454285714285715e-05	0.0002151428571428572	50.197325229644775	198597.35776638985
5495	1352.3098199393962	1012.53	93.696533203125	0.11004064	6.449999999999998e-05	0.00021499999999999997	52.36924076080322	198649.72849726677
5496	1348.8698853447752	1012.76	93.456787109375	0.11002129	6.445714285714285e-05	0.00021485714285714286	49.23510456085205	198698.97247886658
5497	1333.31016391011	1006.69	93.965576171875	0.11000507	6.441428571428572e-05	0.00021471428571428574	49.811410665512085	198748.7964887619
5498	1345.72159317036	1008.49	93.72607421875	0.10988009	6.437142857142855e-05	0.00021457142857142852	49.5585036277771	198798.3564620018
5499	1358.418635876523	1018.19	94.4853515625	0.109875984	6.432857142857142e-05	0.0002144285714285714	27.93143105506897	198826.30051136017
5500	1317.7235122671316	994.77	93.74560546875	0.10979903	6.428571428571429e-05	0.0002142857142857143	49.91858768463135	198876.22047281265
5501	1350.6435277970013	1006.39	93.755126953125	0.10979226	6.424285714285715e-05	0.0002141428571428572	28.48813796043396	198904.72925400734
5502	1319.1398953703074	992.17	93.264404296875	0.10982279	6.419999999999999e-05	0.00021399999999999997	50.32541608810425	198955.05649113655
5503	1356.3133465144983	1012.92	93.52490234375	0.10979447	6.415714285714285e-05	0.00021385714285714286	51.767786264419556	199006.83687400818
5504	1343.0263076215895	1006.37	93.78466796875	0.10981956	6.411428571428572e-05	0.00021371428571428575	49.05620980262756	199055.89496397972
5505	1333.0972801752464	1003.06	94.04443359375	0.10979415	6.407142857142855e-05	0.00021357142857142853	49.671825647354126	199105.58087468147
5506	1319.4033873790247	994.06	93.802734375	0.10978547	6.402857142857142e-05	0.00021342857142857142	51.3548321723938	199156.93755984306
5507	1361.3128708122435	1024.0	92.8212890625	0.10973951	6.398571428571428e-05	0.0002132857142857143	50.50338315963745	199207.4525027275
5508	1368.4935665808143	1024.0	94.323486328125	0.109708466	6.394285714285716e-05	0.0002131428571428572	48.19933104515076	199255.6541249752
5509	1358.7825133520246	1024.0	94.083740234375	0.109709054	6.389999999999998e-05	0.00021299999999999997	44.07106947898865	199299.73252654076
5510	1322.4565156086167	993.51	93.593505859375	0.109706454	6.385714285714284e-05	0.00021285714285714286	50.4064257144928	199350.14048433304
5511	1369.9010305955096	1022.12	93.8525390625	0.10962852	6.381428571428572e-05	0.00021271428571428575	50.482537031173706	199400.62449741364
5512	1358.5746386149608	1016.08	93.61376953125	0.10961568	6.377142857142855e-05	0.00021257142857142853	49.35231399536133	199449.97866082191
5513	1358.3488689059936	1021.1	94.623291015625	0.10964901	6.372857142857142e-05	0.00021242857142857142	49.41145873069763	199499.39747571945
5514	1340.4061923441814	1004.63	94.133544921875	0.10965685	6.368571428571429e-05	0.0002122857142857143	49.201125144958496	199548.60042476654
5515	1355.9707159827628	1014.06	92.89306640625	0.10952866	6.364285714285715e-05	0.0002121428571428572	50.14716911315918	199598.764482975
5516	1340.6917503577465	1003.2	93.401611328125	0.109405935	6.359999999999999e-05	0.00021199999999999998	50.54298400878906	199649.3164885044
5517	1379.1573457142058	1024.0	93.412841796875	0.10936155	6.355714285714285e-05	0.00021185714285714286	49.20238900184631	199698.521327734
5518	1353.8028066203728	1014.97	94.172607421875	0.10935778	6.351428571428572e-05	0.00021171428571428575	28.637248277664185	199727.16047286987
5519	1320.34297926744	994.19	93.932373046875	0.109300934	6.347142857142855e-05	0.00021157142857142853	49.14272856712341	199776.30489230156
5520	1296.301098013833	975.59	93.315673828125	0.10922221	6.342857142857142e-05	0.00021142857142857142	49.83391547203064	199826.1405096054
5521	1358.9332211276594	1024.0	94.57373046875	0.10916828	6.338571428571428e-05	0.0002112857142857143	48.619372606277466	199874.7688176632
5522	1361.5958375991445	1020.65	93.83154296875	0.109086335	6.334285714285716e-05	0.0002111428571428572	43.570298194885254	199918.3409526348
5523	1352.0123444474896	1013.03	94.58935546875	0.10908404	6.329999999999998e-05	0.00021099999999999998	33.688345193862915	199952.0307879448
5524	1353.7440252740678	1014.52	93.59716796875	0.10906199	6.325714285714284e-05	0.00021085714285714287	57.35672307014465	200009.4422636032
5525	1355.2705861891181	1018.46	93.6044921875	0.10902548	6.321428571428572e-05	0.00021071428571428576	55.94870185852051	200065.39250397682
5526	1361.1400506300872	1016.19	93.61279296875	0.10896512	6.317142857142854e-05	0.00021057142857142854	58.18745493888855	200123.6085243225
5527	1350.306412874636	1011.06	94.3701171875	0.10893022	6.312857142857142e-05	0.00021042857142857142	56.456132650375366	200180.0661664009
5528	1343.5357603056982	1005.43	94.37939453125	0.10893094	6.308571428571429e-05	0.0002102857142857143	32.42190861701965	200212.50478291512
5529	1366.0251828375006	1019.93	93.636962890625	0.10891854	6.304285714285715e-05	0.0002101428571428572	58.1009840965271	200270.60724544525
5530	1352.7187302730213	1016.08	94.15283203125	0.108882785	6.299999999999999e-05	0.00020999999999999998	58.543235301971436	200329.15295743942
5531	1351.777839363989	1014.17	94.40283203125	0.108789735	6.295714285714285e-05	0.00020985714285714287	57.623560428619385	200386.78848481178
5532	1347.266348886152	1014.44	93.91064453125	0.10878106	6.291428571428571e-05	0.00020971428571428576	60.44346499443054	200447.33670425415
5533	1358.125707629599	1018.28	94.41845703125	0.10872755	6.287142857142855e-05	0.0002095714285714285	58.44648265838623	200505.78468179703
5534	1354.5367557029895	1014.18	93.926025390625	0.10869319	6.282857142857141e-05	0.0002094285714285714	50.30654740333557	200556.0925078392
5535	1342.340290681755	1004.42	94.18408203125	0.108692825	6.278571428571428e-05	0.0002092857142857143	56.9663348197937	200613.06050515175
5536	1338.7622714320498	1002.18	93.69921875	0.10865406	6.274285714285716e-05	0.00020914285714285718	58.00321674346924	200671.06479144096
5537	1358.3069905739349	1018.2	93.94970703125	0.10856297	6.269999999999998e-05	0.00020899999999999996	55.24928641319275	200726.3265361786
5538	1354.5257301440606	1014.43	94.207275390625	0.10861186	6.265714285714286e-05	0.00020885714285714285	54.83547616004944	200781.17651963234
5539	1347.6649193001995	1006.75	94.21533203125	0.10862271	6.261428571428572e-05	0.00020871428571428573	58.890268087387085	200840.06849956512
5540	1348.719168974942	1016.46	93.72314453125	0.10860548	6.257142857142854e-05	0.00020857142857142851	58.48236536979675	200898.5524842739
5541	1335.911132254877	1001.84	93.48095703125	0.108576536	6.252857142857142e-05	0.0002084285714285714	57.78755593299866	200956.36846852303
5542	1344.6658435496877	1007.19	93.74658203125	0.10849876	6.248571428571428e-05	0.0002082857142857143	56.878737688064575	201013.2483139038
5543	1361.332943041445	1022.28	93.746337890625	0.108365424	6.244285714285715e-05	0.00020814285714285718	57.19567155838013	201070.45670723915
5544	1362.37237730558	1018.16	94.25439453125	0.10831136	6.239999999999999e-05	0.00020799999999999996	57.38622689247131	201127.84450817108
5545	1359.0576483757761	1018.43	94.01318359375	0.10827599	6.235714285714285e-05	0.00020785714285714285	58.84712886810303	201186.70450735092
5546	1342.224764296265	1004.77	93.77099609375	0.10832208	6.231428571428571e-05	0.00020771428571428574	57.67527985572815	201244.3808107376
5547	1358.7071300637547	1024.0	93.528564453125	0.10820231	6.227142857142855e-05	0.00020757142857142852	59.078500747680664	201303.7156586647
5548	1349.5832637139445	1006.48	93.79443359375	0.10821199	6.222857142857141e-05	0.0002074285714285714	59.786906242370605	201363.51598501205
5549	1345.7892718113012	1010.11	93.79443359375	0.108141564	6.218571428571428e-05	0.0002072857142857143	56.7153754234314	201420.24847722054
5550	1346.8409694493052	1011.58	93.059814453125	0.10808987	6.214285714285715e-05	0.00020714285714285718	59.10356426239014	201479.35311722755
5551	1350.6300106712117	1010.81	93.81005859375	0.108038925	6.209999999999998e-05	0.00020699999999999996	59.15142369270325	201538.52060890198
5552	1363.1687207609616	1022.04	94.81689453125	0.10794536	6.205714285714286e-05	0.00020685714285714285	60.913965940475464	201599.43606853485
5553	1365.3413805572275	1020.05	94.57568359375	0.108026974	6.201428571428572e-05	0.00020671428571428574	55.22368860244751	201654.68884205818
5554	1357.4952010450495	1014.54	94.33349609375	0.1079782	6.197142857142856e-05	0.00020657142857142852	59.13032507896423	201713.8273613453
5555	1352.1693459101825	1012.68	94.09130859375	0.10795837	6.192857142857142e-05	0.0002064285714285714	60.699747800827026	201774.54081487656
5556	1363.7632147275651	1024.0	94.348876953125	0.107867986	6.188571428571428e-05	0.0002062857142857143	58.960187911987305	201833.50926160812
5557	1338.0460958786384	1004.61	93.85546875	0.10779184	6.184285714285715e-05	0.00020614285714285719	58.86430764198303	201892.37503170967
5558	1326.9651815133766	995.42	93.61474609375	0.107777216	6.179999999999998e-05	0.00020599999999999997	59.649165391922	201952.03803372383
5559	1358.685721568795	1019.4	94.87255859375	0.10776675	6.175714285714285e-05	0.00020585714285714285	54.143634557724	202006.1965458393
5560	1343.8779903234854	1005.04	93.88037109375	0.107751034	6.171428571428571e-05	0.00020571428571428574	60.592596769332886	202066.80153393745
5561	1358.8960307126179	1018.25	94.388427734375	0.107738286	6.167142857142855e-05	0.00020557142857142852	59.236913442611694	202126.04453587532
5562	1360.6263755314133	1016.17	94.396484375	0.10769551	6.162857142857141e-05	0.0002054285714285714	57.0773651599884	202183.13443994522
5563	1354.5315296402907	1016.86	93.90478515625	0.10769137	6.158571428571428e-05	0.0002052857142857143	58.718260049819946	202241.86758375168
5564	1347.7010151999784	1014.74	94.66259765625	0.10767105	6.154285714285715e-05	0.0002051428571428572	58.93561291694641	202300.8166949749
5565	1353.796407570032	1016.1	93.92041015625	0.107631445	6.149999999999998e-05	0.00020499999999999997	56.99211359024048	202357.8104147911
5566	1364.91916942145	1022.2	93.42626953125	0.107551634	6.145714285714285e-05	0.00020485714285714286	58.820464849472046	202416.63247799873
5567	1342.8341357438328	1006.75	94.18603515625	0.10752065	6.141428571428572e-05	0.00020471428571428575	57.95083999633789	202474.58479642868
5568	1374.2657499094128	1022.58	93.943603515625	0.107518025	6.137142857142858e-05	0.00020457142857142863	59.51419496536255	202534.10040688515
5569	1352.129484566537	1014.19	94.200927734375	0.10739961	6.132857142857142e-05	0.00020442857142857141	59.3273024559021	202593.44448900223
5570	1365.3585507806856	1020.46	95.208984375	0.10739568	6.128571428571428e-05	0.0002042857142857143	59.37561631202698	202652.82116508484
5571	1362.3770347863287	1016.21	93.966796875	0.10736545	6.124285714285715e-05	0.0002041428571428572	59.07944083213806	202711.91650295258
5572	1363.2882932547861	1016.27	94.2236328125	0.1073097	6.119999999999998e-05	0.00020399999999999997	59.382824420928955	202771.30081868172
5573	1352.4879976289667	1014.25	94.48193359375	0.1072967	6.115714285714285e-05	0.00020385714285714286	60.702080965042114	202832.0045311451
5574	1359.4277144179264	1010.17	94.239990234375	0.10735649	6.111428571428571e-05	0.00020371428571428575	58.6590576171875	202890.66449427605
5575	1364.0989003600562	1013.62	93.74755859375	0.1073825	6.107142857142859e-05	0.00020357142857142864	59.31412386894226	202949.99126172066
5576	1367.2247023092073	1020.51	94.00537109375	0.10736349	6.102857142857142e-05	0.00020342857142857142	59.307759284973145	203009.3130221367
5577	1353.6855929441203	1006.35	94.013671875	0.1073376	6.098571428571428e-05	0.0002032857142857143	55.63133907318115	203064.95649003983
5578	1354.7018334847737	1015.03	94.7724609375	0.10730648	6.0942857142857146e-05	0.0002031428571428572	59.2677960395813	203124.24479937553
5579	1336.799527062711	1005.34	93.779296875	0.10732946	6.089999999999998e-05	0.00020299999999999997	60.32526683807373	203184.5822672844
5580	1328.6975072719983	997.34	94.287841796875	0.10727704	6.0857142857142847e-05	0.00020285714285714286	60.762433767318726	203245.35952019691
5581	1366.7153630841992	1022.51	94.045654296875	0.10715411	6.081428571428572e-05	0.00020271428571428575	58.53139781951904	203303.8924665451
5582	1363.832885869051	1024.0	93.803466796875	0.10705587	6.077142857142858e-05	0.00020257142857142864	60.33478093147278	203364.24384856224
5583	1359.4934503679938	1018.09	93.31884765625	0.10705305	6.072857142857142e-05	0.00020242857142857142	58.36920785903931	203422.61471414566
5584	1349.908909827258	1014.33	94.193359375	0.10698992	6.068571428571428e-05	0.0002022857142857143	59.76480555534363	203482.39723300934
5585	1325.892585651226	993.48	94.451171875	0.10688888	6.0642857142857145e-05	0.0002021428571428572	56.631452798843384	203539.0444867611
5586	1336.3600057747044	998.93	94.20947265625	0.106888525	6.059999999999998e-05	0.00020199999999999995	57.60433769226074	203596.6693174839
5587	1370.3477599119913	1022.44	94.96728515625	0.10689605	6.0557142857142846e-05	0.00020185714285714284	57.813711643218994	203654.48449969292
5588	1362.7345367580547	1024.0	94.982421875	0.10683783	6.051428571428572e-05	0.00020171428571428573	61.25160193443298	203715.7447373867
5589	1338.7377192518572	1007.29	93.9833984375	0.10680282	6.047142857142858e-05	0.00020157142857142862	61.042136907577515	203776.78877329826
5590	1355.7946428975704	1022.19	94.74072265625	0.10670153	6.042857142857142e-05	0.0002014285714285714	59.238680839538574	203836.02906513214
5591	1362.8216422380679	1018.2	94.2490234375	0.10672015	6.038571428571428e-05	0.00020128571428571428	58.78813362121582	203894.81869387627
5592	1357.2936111002625	1014.49	94.5068359375	0.10667964	6.0342857142857145e-05	0.00020114285714285717	58.62756299972534	203953.46049308777
5593	1345.1081374346122	1010.47	95.263916015625	0.10663778	6.029999999999998e-05	0.00020099999999999995	56.838764905929565	204010.30075716972
5594	1355.3896009349403	1010.95	94.773193359375	0.10660551	6.0257142857142846e-05	0.00020085714285714284	52.53708481788635	204062.84082722664
5595	1359.007441467554	1018.07	94.531005859375	0.10654351	6.0214285714285716e-05	0.00020071428571428573	61.06684327125549	204123.92450785637
5596	1369.5945382677342	1024.0	95.288818359375	0.10647764	6.017142857142858e-05	0.00020057142857142862	57.75430512428284	204181.69543147087
5597	1318.913594348906	988.9	93.804443359375	0.10645342	6.012857142857142e-05	0.0002004285714285714	58.66573452949524	204240.5029475689
5598	1330.0003382450968	996.15	94.8046875	0.10643456	6.008571428571428e-05	0.0002002857142857143	58.38214564323425	204298.89529585838
5599	1356.4015688351126	1013.97	94.5625	0.106410205	6.004285714285715e-05	0.00020014285714285718	58.98371434211731	204357.8928182125
5600	1361.0073230989835	1018.48	94.5703125	0.106372125	5.999999999999998e-05	0.00019999999999999996	56.008230209350586	204413.91329193115
5601	1333.4086367250766	1005.58	94.828125	0.10630584	5.9957142857142845e-05	0.00019985714285714284	51.81114912033081	204465.74065685272
5602	1361.1428603979377	1017.68	94.585693359375	0.10626831	5.9914285714285716e-05	0.00019971428571428573	52.49162983894348	204518.25252389908
5603	1357.4819608009502	1018.17	94.84375	0.10631031	5.987142857142858e-05	0.00019957142857142862	51.26371788978577	204569.51782131195
5604	1368.1001341798788	1024.0	94.1015625	0.10622957	5.9828571428571416e-05	0.0001994285714285714	50.92679691314697	204620.45647907257
5605	1348.466394463561	1014.24	94.609375	0.10620747	5.978571428571428e-05	0.0001992857142857143	50.32978963851929	204670.79096388817
5606	1355.9931438913761	1015.58	94.366943359375	0.10615779	5.974285714285715e-05	0.00019914285714285718	50.39783263206482	204721.20335698128
5607	1329.358567067483	998.97	94.625	0.10601303	5.969999999999998e-05	0.00019899999999999996	52.318753480911255	204773.52449512482
5608	1362.076507607064	1018.34	94.8828125	0.105996184	5.9657142857142845e-05	0.00019885714285714285	49.95816659927368	204823.4965338707
5609	1359.225452024001	1006.85	94.890625	0.10593968	5.9614285714285715e-05	0.00019871428571428574	49.45822477340698	204872.95647072792
5610	1356.8249067481145	1018.04	94.3984375	0.10593929	5.957142857142858e-05	0.00019857142857142862	49.987303495407104	204922.95278954506
5611	1351.1741329417005	1010.47	94.906982421875	0.10593001	5.9528571428571416e-05	0.0001984285714285714	53.901625871658325	204976.8562142849
5612	1367.5270481946864	1020.6	95.1650390625	0.10594002	5.948571428571428e-05	0.0001982857142857143	56.500630617141724	205033.37393260002
5613	1348.9646679727985	1008.8	94.923583984375	0.10589997	5.944285714285715e-05	0.00019814285714285718	71.34796214103699	205104.73684978485
5614	1360.0180502912945	1018.12	94.681396484375	0.10585635	5.939999999999998e-05	0.00019799999999999996	61.42629027366638	205166.1753475666
5615	1347.89562204818	1013.93	94.43896484375	0.10577947	5.935714285714285e-05	0.00019785714285714285	54.88415312767029	205221.0607674122
5616	1322.2416894302746	992.65	95.447021484375	0.105741255	5.9314285714285715e-05	0.00019771428571428574	55.49855160713196	205276.56161117554
5617	1341.881783283252	1006.74	95.954833984375	0.10572123	5.927142857142858e-05	0.00019757142857142863	60.49546957015991	205337.05847239494
5618	1374.6494931997984	1022.46	94.962646484375	0.10562545	5.9228571428571415e-05	0.0001974285714285714	58.25152921676636	205395.33248806
5619	1358.6825224900954	1014.09	95.470458984375	0.105551064	5.918571428571428e-05	0.0001972857142857143	58.57530403137207	205453.90880131721
5620	1351.9154630036169	1014.7	94.47802734375	0.10547032	5.914285714285715e-05	0.00019714285714285718	58.25533628463745	205512.17650055885
5621	1361.5182163008005	1014.44	94.986083984375	0.10547433	5.909999999999998e-05	0.00019699999999999996	59.83208417892456	205572.0101518631
5622	1337.174122642921	998.3	95.743896484375	0.10539494	5.905714285714285e-05	0.00019685714285714285	58.82770037651062	205630.85281848907
5623	1357.55344082341	1018.08	94.749755859375	0.10544119	5.9014285714285714e-05	0.00019671428571428574	58.235514640808105	205689.09253430367
5624	1357.6563315675999	1016.77	95.009765625	0.105459906	5.897142857142858e-05	0.00019657142857142863	58.66722631454468	205747.77248120308
5625	1359.0443396318212	1016.06	94.51708984375	0.105449	5.8928571428571415e-05	0.0001964285714285714	60.41121745109558	205808.18472719193
5626	1340.40027973509	1005.16	95.525146484375	0.10538434	5.888571428571428e-05	0.0001962857142857143	58.28073692321777	205866.48575353622
5627	1356.6818148605528	1020.22	94.533935546875	0.10529605	5.884285714285715e-05	0.0001961428571428572	57.9723436832428	205924.47678995132
5628	1348.7234198286137	1010.08	95.041748046875	0.10517556	5.879999999999998e-05	0.00019599999999999997	59.69929265975952	205984.184476614
5629	1358.3615640567089	1013.62	95.04931640625	0.10517367	5.875714285714285e-05	0.00019585714285714286	59.04914426803589	206043.38849329948
5630	1360.328974174325	1018.36	95.057373046875	0.10507839	5.8714285714285714e-05	0.00019571428571428574	60.34689211845398	206103.7365038395
5631	1349.75737337492	1014.47	95.065185546875	0.10498174	5.867142857142858e-05	0.00019557142857142863	58.43581223487854	206162.30886554718
5632	1358.4044014700642	1020.12	95.322021484375	0.10495482	5.8628571428571414e-05	0.0001954285714285714	56.23206400871277	206218.55649495125
5633	1335.4749711553234	1008.73	94.5810546875	0.10493299	5.858571428571428e-05	0.0001952857142857143	59.50649428367615	206278.06449484825
5634	1358.3197651265166	1014.19	94.84619140625	0.10485741	5.854285714285715e-05	0.0001951428571428572	60.53705430030823	206338.61395978928
5635	1366.9485506775409	1022.25	95.346435546875	0.1048663	5.849999999999998e-05	0.00019499999999999994	56.28403067588806	206394.91247963905
5636	1359.050592371355	1010.96	94.354248046875	0.10480248	5.845714285714285e-05	0.00019485714285714283	58.2993381023407	206453.21333694458
5637	1350.822563239307	1004.91	94.862060546875	0.10473722	5.841428571428571e-05	0.00019471428571428572	58.37557339668274	206511.6524963379
5638	1354.6168347427363	1014.11	94.61962890625	0.10473657	5.837142857142858e-05	0.00019457142857142863	60.175965309143066	206571.8330373764
5639	1365.1378867130181	1024.0	94.877685546875	0.10468962	5.8328571428571414e-05	0.0001944285714285714	58.670469760894775	206630.50451397896
5640	1356.5794002631903	1014.41	95.135498046875	0.10466365	5.828571428571428e-05	0.00019428571428571428	59.21559715270996	206689.72851085663
5641	1363.4259329809342	1024.0	94.892822265625	0.104641885	5.824285714285715e-05	0.00019414285714285716	57.09076285362244	206746.82081913948
5642	1353.0849043467579	1014.07	94.901123046875	0.1045973	5.819999999999998e-05	0.00019399999999999995	57.73941612243652	206804.57249951363
5643	1363.7681047035717	1024.0	94.6591796875	0.10456684	5.815714285714285e-05	0.00019385714285714283	60.31849694252014	206864.8926217556
5644	1326.6400537018512	997.41	94.917724609375	0.10456055	5.811428571428571e-05	0.00019371428571428572	59.050687313079834	206923.94435548782
5645	1345.2155282378528	1000.55	94.675048828125	0.104500405	5.807142857142858e-05	0.0001935714285714286	57.18703079223633	206981.14858198166
5646	1358.0666718622351	1014.15	94.93310546875	0.104397535	5.802857142857141e-05	0.0001934285714285714	60.139467000961304	207041.29656362534
5647	1343.280212773006	1009.32	94.690185546875	0.10433356	5.798571428571428e-05	0.00019328571428571428	57.72630715370178	207099.03647994995
5648	1371.012376873972	1024.0	94.82373046875	0.10437315	5.794285714285715e-05	0.00019314285714285717	58.67845821380615	207157.7189965248
5649	1350.3863479752315	1014.1	94.589599609375	0.10437337	5.789999999999998e-05	0.00019299999999999995	58.680479764938354	207216.4005074501
5650	1347.359760877242	1013.3	95.089599609375	0.10441956	5.785714285714285e-05	0.00019285714285714284	58.24360418319702	207274.6605052948
5651	1358.611312805827	1013.23	95.347412109375	0.10443687	5.781428571428571e-05	0.00019271428571428572	59.44566798210144	207334.11881542206
5652	1356.0667232500336	1018.46	94.853515625	0.10439575	5.777142857142858e-05	0.0001925714285714286	59.78560161590576	207393.90579509735
5653	1351.0201260520157	1006.34	95.362060546875	0.10432342	5.772857142857141e-05	0.0001924285714285714	57.69339299201965	207451.7684929371
5654	1350.5709928071662	1010.53	95.87109375	0.104225464	5.7685714285714276e-05	0.00019228571428571428	59.210044384002686	207510.987303257
5655	1369.7000979734512	1022.3	95.12744140625	0.10411661	5.764285714285715e-05	0.00019214285714285717	58.01151371002197	207569.0124850273
5656	1363.224791805054	1017.15	95.1357421875	0.10399591	5.759999999999998e-05	0.00019199999999999995	59.9277241230011	207628.94502925873
5657	1366.5455313250582	1020.16	94.892578125	0.10395724	5.755714285714285e-05	0.00019185714285714284	60.11164212226868	207689.0823714733
5658	1350.9599776998275	1010.68	94.651123046875	0.10393277	5.751428571428571e-05	0.00019171428571428573	58.795111417770386	207747.88079452515
5659	1328.4171473312754	999.72	95.40869140625	0.10388529	5.747142857142858e-05	0.00019157142857142862	57.98960590362549	207805.87253689766
5660	1354.3403303582452	1008.09	94.17529296875	0.103841476	5.742857142857141e-05	0.0001914285714285714	57.903286933898926	207863.78850269318
5661	1321.21244006098	992.83	95.1748046875	0.10386011	5.7385714285714276e-05	0.00019128571428571428	59.54307007789612	207923.3444788456
5662	1375.0860381661687	1024.0	94.940673828125	0.10378342	5.7342857142857147e-05	0.00019114285714285717	59.24330472946167	207982.6005179882
5663	1362.560767603515	1018.31	95.691162109375	0.10378358	5.7299999999999977e-05	0.00019099999999999995	32.5428946018219	208015.14479112625
5664	1332.366332669971	990.55	94.20556640625	0.10369236	5.725714285714285e-05	0.00019085714285714284	59.37066125869751	208074.69651007652
5665	1373.0719465277691	1022.51	94.956787109375	0.10365639	5.721428571428571e-05	0.00019071428571428573	59.144718170166016	208134.00989747047
5666	1374.5621856351736	1024.0	94.721923828125	0.103539266	5.717142857142858e-05	0.00019057142857142862	60.001585721969604	208194.0124850273
5667	1350.4281421158253	1010.74	95.972412109375	0.10345892	5.712857142857141e-05	0.0001904285714285714	59.38726449012756	208253.41249155998
5668	1334.0228241462069	994.75	95.229736328125	0.10338089	5.708571428571428e-05	0.0001902857142857143	59.567100524902344	208312.98089003563
5669	1347.4967550596525	1014.03	95.238037109375	0.103426166	5.7042857142857146e-05	0.00019014285714285718	58.79852271080017	208371.7807996273
5670	1367.1728526565357	1024.0	94.994873046875	0.103425086	5.6999999999999976e-05	0.00018999999999999996	54.48789429664612	208426.6049437523
5671	1342.271731737889	1001.45	95.50341796875	0.103421725	5.695714285714285e-05	0.00018985714285714284	32.96028399467468	208459.576720953
5672	1339.991940651828	1006.46	95.261474609375	0.103424616	5.691428571428571e-05	0.00018971428571428573	58.98430132865906	208518.58073568344
5673	1365.71930553382	1020.52	96.019287109375	0.10344499	5.687142857142858e-05	0.00018957142857142862	59.426138401031494	208578.00848007202
5674	1351.5921136876696	1016.43	95.77685546875	0.10334191	5.682857142857141e-05	0.0001894285714285714	56.20922636985779	208634.22047114372
5675	1374.9943072711017	1022.12	95.2841796875	0.10332308	5.678571428571428e-05	0.0001892857142857143	55.45139813423157	208689.76878380775
5676	1365.8302177974883	1020.45	95.042724609375	0.10328085	5.6742857142857146e-05	0.00018914285714285718	57.29486536979675	208747.06529951096
5677	1341.1379218803047	1008.3	95.051513671875	0.10313413	5.6699999999999976e-05	0.00018899999999999996	58.82115578651428	208805.98058986664
5678	1373.6242243716144	1021.96	94.808837890625	0.103066325	5.6657142857142846e-05	0.00018885714285714285	60.82454228401184	208866.81958651543
5679	1353.4320222048354	1008.73	95.06640625	0.10307031	5.661428571428571e-05	0.00018871428571428574	58.36604332923889	208925.1870150566
5680	1358.3405246863101	1014.99	94.824951171875	0.10298974	5.657142857142858e-05	0.00018857142857142862	59.70858383178711	208984.89677596092
5681	1334.6274340297666	998.95	95.082763671875	0.102853924	5.652857142857141e-05	0.0001884285714285714	60.469571590423584	209045.3680384159
5682	1361.974901109697	1018.54	95.840576171875	0.10275763	5.648571428571428e-05	0.0001882857142857143	60.41925597190857	209105.79655003548
5683	1369.212618508769	1016.18	95.597900390625	0.10270805	5.6442857142857145e-05	0.00018814285714285718	57.76322412490845	209163.56086039543
5684	1353.1585550160855	1015.72	95.10546875	0.102696925	5.639999999999998e-05	0.00018799999999999996	54.197553396224976	209217.77064800262
5685	1354.8077781329155	1014.19	95.36376953125	0.102609694	5.6357142857142846e-05	0.00018785714285714285	58.625874757766724	209276.39841794968
5686	1330.2822608961403	1001.58	95.12158203125	0.102629505	5.631428571428571e-05	0.00018771428571428574	59.11547613143921	209335.52853655815
5687	1359.9451145733183	1012.42	95.12939453125	0.10264653	5.627142857142858e-05	0.00018757142857142863	58.14342927932739	209393.67314243317
5688	1331.172112210323	991.11	95.386474609375	0.10269969	5.622857142857141e-05	0.00018742857142857138	60.0942018032074	209453.76905584335
5689	1335.4243440590371	999.56	95.894775390625	0.102658175	5.618571428571428e-05	0.00018728571428571427	59.92981505393982	209513.70049738884
5690	1322.1929254405718	993.58	95.402587890625	0.10263603	5.6142857142857145e-05	0.00018714285714285716	58.31053829193115	209572.0125644207
5691	1346.5104042832716	1012.3	95.910400390625	0.102611125	5.610000000000001e-05	0.00018700000000000005	58.63606524467468	209630.66049981117
5692	1351.84327377869	1010.71	95.668212890625	0.10253331	5.6057142857142845e-05	0.00018685714285714283	54.190635204315186	209684.85254836082
5693	1360.2956513340944	1016.77	95.676513671875	0.10250792	5.601428571428571e-05	0.00018671428571428571	59.06211996078491	209743.91624808311
5694	1330.3679287601576	993.71	95.43505859375	0.10249751	5.597142857142858e-05	0.0001865714285714286	56.427276611328125	209800.35970544815
5695	1370.1186626248632	1022.35	95.443115234375	0.10238961	5.592857142857141e-05	0.00018642857142857138	58.71144437789917	209859.08456802368
5696	1329.0695813565835	1001.54	96.200439453125	0.10239429	5.588571428571428e-05	0.00018628571428571427	60.38503074645996	209919.47258663177
5697	1331.5654345138983	997.11	95.457763671875	0.102332465	5.5842857142857144e-05	0.00018614285714285716	60.44089651107788	209979.9333240986
5698	1377.1524249373274	1022.52	95.716064453125	0.10232393	5.5800000000000015e-05	0.00018600000000000005	60.795472145080566	210040.74049663544
5699	1341.0838409888672	1003.31	95.72412109375	0.10225157	5.5757142857142845e-05	0.00018585714285714283	58.64279079437256	210099.38451957703
5700	1344.2667159947468	1004.49	95.73193359375	0.102214284	5.571428571428571e-05	0.00018571428571428572	56.214858293533325	210155.67329883575
5701	1342.5507533285772	1007.03	95.98974609375	0.10212635	5.567142857142858e-05	0.0001855714285714286	59.07202696800232	210214.76048851013
5702	1365.715647642824	1024.0	95.247314453125	0.10212777	5.562857142857141e-05	0.00018542857142857139	57.58703684806824	210272.3484930992
5703	1342.2460906709305	1005.58	95.50537109375	0.10204971	5.558571428571428e-05	0.00018528571428571427	56.86354184150696	210329.2324783802
5704	1355.5135879849956	1010.52	95.51318359375	0.10191401	5.5542857142857143e-05	0.00018514285714285716	57.01788330078125	210386.26283884048
5705	1372.2230042471756	1024.0	95.2705078125	0.101906836	5.5500000000000014e-05	0.00018500000000000005	51.75134778022766	210438.0244948864
5706	1370.2233582611964	1022.26	95.528564453125	0.101959944	5.5457142857142844e-05	0.00018485714285714283	52.319977045059204	210490.34605622292
5707	1351.3712678291693	1018.86	95.286376953125	0.10187776	5.541428571428571e-05	0.00018471428571428572	50.892863035202026	210541.25440001488
5708	1341.542924035106	1001.23	95.294189453125	0.10187218	5.537142857142858e-05	0.0001845714285714286	50.42734122276306	210591.69703316689
5709	1368.0971916032856	1015.96	95.052978515625	0.10175892	5.532857142857141e-05	0.0001844285714285714	50.86369752883911	210642.5618789196
5710	1348.263583499664	1012.44	94.810546875	0.10173116	5.528571428571428e-05	0.00018428571428571428	51.08136820793152	210693.64463281631
5711	1362.6026375812214	1016.16	94.826171875	0.10174781	5.524285714285714e-05	0.00018414285714285717	51.04646015167236	210744.69248580933
5712	1352.733230161916	1010.36	95.951171875	0.10175606	5.5200000000000014e-05	0.00018400000000000005	53.250403881073	210797.95587444305
5713	1374.882683909989	1022.04	95.95947265625	0.10168863	5.5157142857142844e-05	0.00018385714285714283	49.71951341629028	210847.69299006462
5714	1349.5993284736398	1006.65	96.21728515625	0.10169815	5.5114285714285714e-05	0.00018371428571428572	49.623515129089355	210897.33648848534
5715	1373.516046680325	1022.35	95.22509765625	0.10161594	5.507142857142858e-05	0.0001835714285714286	51.25014805793762	210948.58854341507
5716	1351.2850145739733	1004.78	95.73291015625	0.10155768	5.502857142857141e-05	0.0001834285714285714	50.09631586074829	210998.69784402847
5717	1346.107661772951	1006.78	95.74072265625	0.1014803	5.498571428571428e-05	0.00018328571428571428	50.31105947494507	211049.02054429054
5718	1346.1178978943622	1000.39	95.998779296875	0.10139815	5.494285714285714e-05	0.00018314285714285717	49.12614727020264	211098.15926003456
5719	1366.033339186051	1016.33	95.506591796875	0.10131386	5.490000000000001e-05	0.00018300000000000006	49.303051710128784	211147.47248721123
5720	1361.560295855218	1014.5	96.013427734375	0.10129566	5.485714285714284e-05	0.00018285714285714284	50.970388412475586	211198.44401168823
5721	1358.9808333505525	1010.77	96.021484375	0.10121039	5.4814285714285714e-05	0.00018271428571428573	49.79095482826233	211248.24430894852
5722	1373.2470357037025	1022.24	95.530029296875	0.10123137	5.477142857142858e-05	0.00018257142857142861	49.797499656677246	211298.05066227913
5723	1352.6582125627351	1010.21	95.537841796875	0.101219036	5.472857142857141e-05	0.0001824285714285714	50.04819631576538	211348.10066246986
5724	1370.742194826304	1018.42	96.0458984375	0.101193674	5.468571428571428e-05	0.00018228571428571428	47.96707248687744	211396.06887316704
5725	1348.0187907468637	1004.71	96.55419921875	0.101147145	5.464285714285714e-05	0.00018214285714285717	51.15437316894531	211447.22484493256
5726	1336.6454277047578	1004.77	95.069580078125	0.10128436	5.460000000000001e-05	0.00018200000000000006	50.44333052635193	211497.68079853058
5727	1331.6501335890518	996.98	95.320068359375	0.10128956	5.455714285714284e-05	0.00018185714285714284	51.82007646560669	211549.50946331024
5728	1335.2397470758742	994.57	95.0771484375	0.10119754	5.451428571428571e-05	0.00018171428571428573	49.641496658325195	211599.15285921097
5729	1365.8265877696101	1023.8	96.584716796875	0.1011511	5.447142857142858e-05	0.00018157142857142862	50.102633476257324	211649.27164196968
5730	1331.830701710647	996.6	95.343017578125	0.10108837	5.442857142857141e-05	0.0001814285714285714	49.24188756942749	211698.5273153782
5731	1361.6217218848249	1020.08	96.100830078125	0.1010044	5.438571428571428e-05	0.00018128571428571429	49.71951675415039	211748.26047182083
5732	1371.5127805346397	1020.03	95.608642578125	0.10096499	5.434285714285714e-05	0.00018114285714285717	50.03416347503662	211798.29642415047
5733	1344.8389971672739	1004.19	95.866943359375	0.100884974	5.430000000000001e-05	0.00018100000000000006	48.6873242855072	211847.0007903576
5734	1356.7093889366465	1010.71	96.3740234375	0.10081326	5.425714285714284e-05	0.00018085714285714284	50.28705978393555	211897.29248428345
5735	1344.330662888437	1006.92	95.382568359375	0.10080618	5.421428571428571e-05	0.00018071428571428573	51.0509979724884	211948.35247278214
5736	1361.2676610371025	1018.06	95.89013671875	0.10077112	5.4171428571428576e-05	0.00018057142857142862	49.838674545288086	211998.19250512123
5737	1358.6454092296126	1014.01	95.898193359375	0.100711904	5.412857142857141e-05	0.00018042857142857137	49.66694402694702	212047.86448693275
5738	1354.172920894231	1012.75	95.905517578125	0.10071319	5.408571428571428e-05	0.0001802857142857143	51.48005723953247	212099.3644824028
5739	1346.1974740914052	1004.53	96.66357421875	0.10064327	5.404285714285714e-05	0.00018014285714285718	49.95308709144592	212149.32649564743
5740	1359.1509227723188	1010.32	96.920654296875	0.100603305	5.400000000000001e-05	0.00018000000000000007	50.038623332977295	212199.38417625427
5741	1374.9046058663878	1022.41	95.929443359375	0.10054467	5.395714285714284e-05	0.00017985714285714282	49.41439747810364	212248.81464147568
5742	1353.0997987373134	1012.25	95.688232421875	0.10046793	5.391428571428571e-05	0.0001797142857142857	49.60447287559509	212298.42047834396
5743	1343.7815601246734	1007.18	95.9453125	0.100464046	5.3871428571428576e-05	0.0001795714285714286	49.59631872177124	212348.024466753
5744	1361.2491226103668	1015.12	96.20361328125	0.10033009	5.382857142857141e-05	0.00017942857142857138	49.686217069625854	212397.72327065468
5745	1353.6322432886675	1006.82	96.211669921875	0.100252636	5.3785714285714277e-05	0.00017928571428571426	49.403533697128296	212447.1405301094
5746	1348.7898893591316	1004.83	95.719482421875	0.1001811	5.374285714285714e-05	0.00017914285714285715	49.47577691078186	212496.61740589142
5747	1344.3379801485703	1003.13	96.47705078125	0.10009867	5.370000000000001e-05	0.00017900000000000004	50.07138514518738	212546.70447802544
5748	1359.8820431864879	1016.49	95.735107421875	0.10008785	5.365714285714284e-05	0.00017885714285714282	49.55635213851929	212596.26941156387
5749	1358.4599021058007	1016.24	96.242919921875	0.100098215	5.361428571428571e-05	0.0001787142857142857	53.317054271698	212649.58847737312
5750	1361.5743765398222	1010.49	96.000732421875	0.10010076	5.3571428571428575e-05	0.0001785714285714286	54.64723491668701	212704.24450302124
5751	1338.5462116587983	999.84	95.508544921875	0.10008926	5.352857142857141e-05	0.00017842857142857138	54.45531511306763	212758.71650362015
5752	1341.5054642913663	1001.6	95.765869140625	0.0999902	5.3485714285714276e-05	0.00017828571428571427	54.7112717628479	212813.43248820305
5753	1367.1007852723023	1024.0	95.774169921875	0.09996096	5.344285714285714e-05	0.00017814285714285716	54.14550042152405	212867.57913851738
5754	1327.0863545764316	993.58	96.031982421875	0.09989781	5.340000000000001e-05	0.00017800000000000004	54.676069259643555	212922.26850104332
5755	1369.2916205227777	1024.0	96.28955078125	0.09983528	5.335714285714284e-05	0.00017785714285714282	55.36735939979553	212977.65248155594
5756	1350.6044892304012	1005.26	95.79736328125	0.099884965	5.331428571428571e-05	0.0001777142857142857	56.07488179206848	213033.7284977436
5757	1351.4372551177394	1013.04	95.80517578125	0.09981651	5.3271428571428575e-05	0.0001775714285714286	51.887232303619385	213085.62849235535
5758	1350.3628845332082	1006.27	95.814208984375	0.09978493	5.322857142857141e-05	0.00017742857142857138	53.259525299072266	213138.90795063972
5759	1369.7645423885351	1018.6	95.579833984375	0.09972388	5.3185714285714276e-05	0.00017728571428571427	53.29100584983826	213192.21199703217
5760	1363.7887929765714	1017.18	95.829833984375	0.099709116	5.314285714285714e-05	0.00017714285714285716	54.38173961639404	213246.59488844872
5761	1375.9619065869476	1022.29	96.337158203125	0.09961145	5.310000000000001e-05	0.00017700000000000005	56.00791049003601	213302.6170310974
5762	1374.4197434654986	1018.4	96.095458984375	0.09958748	5.305714285714284e-05	0.00017685714285714283	54.71318459510803	213357.342318058
5763	1368.8095202020902	1016.39	96.603271484375	0.09954951	5.301428571428571e-05	0.00017671428571428572	55.74102473258972	213413.08447790146
5764	1349.133174075885	1014.79	97.361083984375	0.099551134	5.2971428571428574e-05	0.0001765714285714286	54.759459018707275	213467.85649466515
5765	1336.5328383989195	1005.1	95.36669921875	0.09959549	5.292857142857141e-05	0.00017642857142857138	52.86711025238037	213520.7247622013
5766	1335.036336265978	1003.17	96.6259765625	0.09957651	5.2885714285714275e-05	0.00017628571428571427	54.21603608131409	213574.95250153542
5767	1361.7898010698982	1016.31	96.134521484375	0.099517226	5.2842857142857146e-05	0.00017614285714285716	55.52902007102966	213630.48297953606
5768	1356.9334612020164	1012.23	95.642333984375	0.09951312	5.280000000000001e-05	0.00017600000000000005	55.576154470443726	213686.07657527924
5769	1349.6241475948275	1006.26	96.400146484375	0.09947175	5.275714285714284e-05	0.00017585714285714283	54.27066707611084	213740.34898591042
5770	1321.0340407337399	983.57	96.156005859375	0.099488735	5.271428571428571e-05	0.00017571428571428572	53.00674557685852	213793.35678219795
5771	1350.5045288745448	1008.55	96.165283203125	0.09946375	5.2671428571428574e-05	0.0001755714285714286	53.15713047981262	213846.52618980408
5772	1342.9600140602506	1006.98	96.17333984375	0.099404894	5.262857142857141e-05	0.0001754285714285714	54.817184925079346	213901.34455776215
5773	1365.618573535403	1018.5	96.930908203125	0.099472366	5.2585714285714274e-05	0.00017528571428571428	52.99936008453369	213954.3564903736
5774	1364.1154078562404	1020.42	96.18896484375	0.09947439	5.2542857142857145e-05	0.00017514285714285716	54.21891689300537	214008.59205889702
5775	1354.0516164937258	1006.88	96.197265625	0.09938253	5.250000000000001e-05	0.00017500000000000005	54.36266875267029	214062.95647454262
5776	1344.7397101453898	1005.68	95.830322265625	0.099338464	5.245714285714284e-05	0.00017485714285714283	55.75516676902771	214118.71297168732
5777	1357.9815533052997	1015.15	95.838623046875	0.099224806	5.241428571428571e-05	0.00017471428571428572	53.41998744010925	214172.14848470688
5778	1348.022505148679	1007.8	96.353759765625	0.09922147	5.237142857142857e-05	0.0001745714285714286	30.528076171875	214202.6897907257
5779	1366.9566915561177	1020.41	96.10400390625	0.099208325	5.232857142857141e-05	0.0001744285714285714	54.44723415374756	214257.14426898956
5780	1328.9873352026289	994.78	96.112060546875	0.09919763	5.2285714285714274e-05	0.00017428571428571428	53.09446859359741	214310.2406554222
5781	1363.210010212208	1016.15	96.619873046875	0.099272676	5.2242857142857145e-05	0.00017414285714285717	51.07152318954468	214361.3285522461
5782	1361.2320533564434	1016.5	96.627685546875	0.09932643	5.220000000000001e-05	0.00017400000000000006	55.403249979019165	214416.74848794937
5783	1298.6708128485732	967.01	96.635498046875	0.099356405	5.2157142857142845e-05	0.00017385714285714284	55.262431383132935	214472.01249408722
5784	1370.6905943661084	1024.0	96.392578125	0.09921517	5.211428571428571e-05	0.00017371428571428572	54.64323139190674	214526.67282652855
5785	1376.6482559705341	1022.13	95.901123046875	0.09923572	5.207142857142857e-05	0.0001735714285714286	54.2115478515625	214580.89682483673
5786	1345.440229855136	1003.05	96.658935546875	0.09918472	5.202857142857141e-05	0.0001734285714285714	55.66726636886597	214636.5805015564
5787	1358.6156387724725	1012.7	96.166259765625	0.09913173	5.1985714285714273e-05	0.00017328571428571428	53.535255908966064	214690.12850999832
5788	1374.0536589727808	1024.0	96.673583984375	0.099042445	5.1942857142857144e-05	0.00017314285714285717	54.09846591949463	214744.22851586342
5789	1374.3912595533807	1022.39	96.431884765625	0.09897303	5.190000000000001e-05	0.00017300000000000006	53.15902304649353	214797.39250302315
5790	1353.972377776949	1018.38	96.189697265625	0.098935634	5.1857142857142845e-05	0.0001728571428571428	54.839369773864746	214852.2364988327
5791	1369.0626396306197	1018.09	96.197509765625	0.09894814	5.181428571428571e-05	0.0001727142857142857	54.86177086830139	214907.09929275513
5792	1361.0630298853428	1014.1	95.956298828125	0.0989198	5.177142857142857e-05	0.0001725714285714286	53.056477069854736	214960.17002868652
5793	1339.4826081531232	993.5	96.713623046875	0.09891999	5.172857142857141e-05	0.00017242857142857137	53.76907420158386	215013.94049096107
5794	1357.1365177837383	1020.27	96.221923828125	0.09887973	5.168571428571427e-05	0.00017228571428571426	52.379629135131836	215066.33276987076
5795	1374.628194097143	1022.14	95.979736328125	0.098832965	5.1642857142857144e-05	0.00017214285714285715	55.00262498855591	215121.33649396896
5796	1368.3433965034155	1017.74	95.987548828125	0.09870262	5.160000000000001e-05	0.00017200000000000003	52.69344162940979	215174.03150510788
5797	1359.9350948830738	1013.18	96.4951171875	0.09864751	5.1557142857142844e-05	0.00017185714285714281	54.632346391677856	215228.66481256485
5798	1342.6191157257156	1002.36	96.253662109375	0.09859999	5.151428571428571e-05	0.0001717142857142857	53.77694058418274	215282.45414853096
5799	1328.5829102138578	996.67	96.261474609375	0.09861683	5.147142857142857e-05	0.0001715714285714286	55.15478563308716	215337.62403178215
5800	1370.7033176508278	1016.52	96.269287109375	0.098588265	5.142857142857141e-05	0.00017142857142857137	53.75988984107971	215391.4008653164
5801	1357.4782696637474	1012.34	96.777099609375	0.0985987	5.138571428571427e-05	0.00017128571428571426	53.158594608306885	215444.56048989296
5802	1376.0092552504896	1024.0	97.283935546875	0.09855765	5.134285714285714e-05	0.00017114285714285715	54.24743294715881	215498.82050013542
5803	1362.5845156482392	1012.34	96.542724609375	0.0985809	5.130000000000001e-05	0.00017100000000000004	53.367026567459106	215552.2085711956
5804	1374.289088545767	1022.21	96.050048828125	0.09861085	5.1257142857142844e-05	0.00017085714285714282	55.05209398269653	215607.2667646408
5805	1369.6320789618987	1018.16	96.558349609375	0.098491795	5.121428571428571e-05	0.0001707142857142857	48.67238473892212	215655.94079899788
5806	1379.9787132995798	1022.18	96.815185546875	0.09846243	5.117142857142857e-05	0.0001705714285714286	52.97062659263611	215708.91248464584
5807	1373.8889156247405	1018.3	97.823486328125	0.098460734	5.112857142857141e-05	0.00017042857142857137	29.650840044021606	215738.564494133
5808	1364.017259486402	1012.95	96.582275390625	0.098396875	5.108571428571427e-05	0.00017028571428571426	52.81434941291809	215791.38049674034
5809	1329.6690795444845	989.94	97.590087890625	0.0983904	5.104285714285714e-05	0.00017014285714285715	54.98757314682007	215846.37268924713
5810	1363.0270632429633	1019.1	98.347900390625	0.09839388	5.1000000000000006e-05	0.00017000000000000004	52.7545690536499	215899.1288292408
5811	1379.8259668710402	1024.0	96.35546875	0.098352574	5.095714285714284e-05	0.00016985714285714282	54.3624632358551	215953.4925312996
5812	1354.7968549526063	1008.99	96.612060546875	0.09828632	5.091428571428571e-05	0.0001697142857142857	54.30755662918091	216007.8127322197
5813	1340.8075498244787	997.66	96.621826171875	0.09830934	5.087142857142857e-05	0.0001695714285714286	55.211548805236816	216063.04849004745
5814	1362.1541165474464	1014.19	96.379150390625	0.09828279	5.082857142857144e-05	0.00016942857142857148	53.922489643096924	216116.972489357
5815	1336.4461053055402	996.8	96.3876953125	0.098279275	5.078571428571427e-05	0.00016928571428571427	53.76233768463135	216170.73663902283
5816	1367.0458551850406	1018.42	97.644287109375	0.09823513	5.074285714285714e-05	0.00016914285714285715	53.72684907913208	216224.46449518204
5817	1378.2235030676268	1024.0	97.153076171875	0.09816306	5.0700000000000006e-05	0.00016900000000000004	53.799355030059814	216278.2649216652
5818	1349.4299024706352	998.65	97.660888671875	0.09816742	5.065714285714284e-05	0.00016885714285714282	53.3470823764801	216331.6248204708
5819	1380.398014584832	1022.06	96.418701171875	0.09811917	5.0614285714285706e-05	0.0001687142857142857	51.27532482147217	216382.91249132156
5820	1374.4528947939464	1020.27	96.43408203125	0.09817743	5.057142857142858e-05	0.0001685714285714286	53.30316352844238	216436.2167327404
5821	1377.9174779850064	1024.0	96.934326171875	0.09814938	5.052857142857144e-05	0.0001684285714285715	53.42410969734192	216489.6573278904
5822	1377.446622718424	1024.0	97.442138671875	0.09806281	5.048571428571427e-05	0.00016828571428571427	53.491596698760986	216543.16853904724
5823	1332.0998741983742	998.4	96.449951171875	0.098018534	5.044285714285714e-05	0.00016814285714285716	54.08334279060364	216597.2645084858
5824	1366.031833917496	1018.54	95.957763671875	0.09799975	5.0400000000000005e-05	0.00016800000000000004	52.47136354446411	216649.74451231956
5825	1363.0214508481843	1016.06	96.46630859375	0.097896606	5.035714285714284e-05	0.00016785714285714283	53.88693308830261	216703.63251543045
5826	1371.3670125251756	1022.06	96.474365234375	0.09783965	5.0314285714285706e-05	0.0001677142857142857	53.30686402320862	216756.95651435852
5827	1380.107262302373	1024.0	96.482177734375	0.09779186	5.0271428571428577e-05	0.0001675714285714286	52.587374687194824	216809.556483984
5828	1360.6005799749132	1016.42	96.489990234375	0.09783471	5.022857142857144e-05	0.0001674285714285715	54.259419679641724	216863.81749415398
5829	1350.3021439656823	1009.06	96.74755859375	0.09785825	5.018571428571427e-05	0.00016728571428571427	53.93594264984131	216917.76887392998
5830	1351.6436840595688	1008.41	96.255615234375	0.097871214	5.014285714285714e-05	0.00016714285714285716	53.16574454307556	216970.93570518494
5831	1337.00756172364	997.3	96.513427734375	0.097848	5.0100000000000005e-05	0.00016700000000000005	55.41550540924072	217026.36851024628
5832	1375.0175855429873	1024.0	97.021240234375	0.09780558	5.005714285714284e-05	0.00016685714285714283	55.59567475318909	217081.97681713104
5833	1346.132543345423	1005.17	96.279052734375	0.09772619	5.0014285714285705e-05	0.00016671428571428572	55.53200602531433	217137.51691961288
5834	1358.9609137085226	1019.09	97.28662109375	0.097664475	4.9971428571428576e-05	0.0001665714285714286	53.614120960235596	217191.13247466087
5835	1373.1560630715708	1024.0	96.794677734375	0.09763822	4.992857142857144e-05	0.0001664285714285715	54.63180422782898	217245.77685976028
5836	1372.4725074248965	1016.85	96.552490234375	0.09760508	4.988571428571428e-05	0.00016628571428571427	53.202112674713135	217298.98049998283
5837	1352.5955906542836	1010.21	96.318115234375	0.09758708	4.984285714285714e-05	0.00016614285714285716	55.15135669708252	217354.140491724
5838	1363.7124316789145	1016.1	97.31787109375	0.097567946	4.9800000000000004e-05	0.00016600000000000005	55.783568382263184	217409.92881274223
5839	1354.932651193153	1010.53	95.83349609375	0.09749829	4.975714285714284e-05	0.00016585714285714283	54.58262038230896	217464.51311206818
5840	1379.9170147286404	1022.07	97.208740234375	0.09747434	4.9714285714285705e-05	0.00016571428571428572	52.17412066459656	217516.68880844116
5841	1339.258664551822	999.31	96.466552734375	0.09736811	4.9671428571428576e-05	0.0001655714285714286	53.02340579032898	217569.72453546524
5842	1357.276059296322	1012.58	96.725341796875	0.09729273	4.962857142857144e-05	0.0001654285714285715	56.407458543777466	217626.14448404312
5843	1353.3416376407308	1008.47	96.98291015625	0.09721153	4.9585714285714276e-05	0.00016528571428571425	55.159284830093384	217681.3164844513
5844	1376.946852557848	1022.62	96.490966796875	0.09714598	4.954285714285714e-05	0.00016514285714285714	55.2735538482666	217736.59873628616
5845	1371.4399963854696	1018.03	96.998779296875	0.097139396	4.9500000000000004e-05	0.00016500000000000003	52.511335134506226	217789.13256144524
5846	1328.616022031115	993.44	97.006103515625	0.09708326	4.945714285714284e-05	0.0001648571428571428	52.45149374008179	217841.60848402977
5847	1354.4577842617662	1003.38	96.76416015625	0.0970789	4.9414285714285704e-05	0.0001647142857142857	55.44405770301819	217897.0724864006
5848	1326.7224603016437	994.58	96.772216796875	0.09709728	4.9371428571428575e-05	0.00016457142857142858	55.3149938583374	217952.38850831985
5849	1377.5046261836083	1020.26	96.03759765625	0.09708523	4.932857142857144e-05	0.00016442857142857147	58.44109487533569	218010.8408241272
5850	1364.3087924781823	1018.2	98.287841796875	0.09711123	4.9285714285714276e-05	0.00016428571428571425	59.39873266220093	218070.24054789543
5851	1359.3088696612683	1010.26	97.295166015625	0.09706538	4.924285714285714e-05	0.00016414285714285714	60.5820107460022	218130.82439684868
5852	1358.0845038903385	1016.45	97.802734375	0.09706815	4.92e-05	0.00016400000000000003	60.655879735946655	218191.5008084774
5853	1376.060250541027	1024.0	97.06103515625	0.09701249	4.915714285714284e-05	0.0001638571428571428	58.40755558013916	218249.92448496819
5854	1367.961742510327	1013.68	97.569091796875	0.097011454	4.9114285714285704e-05	0.0001637142857142857	33.44004583358765	218283.38450574875
5855	1367.2282043401585	1024.0	97.576416015625	0.0968824	4.9071428571428574e-05	0.00016357142857142859	59.313156604766846	218342.78210926056
5856	1373.4088050195523	1020.81	97.083740234375	0.096805625	4.902857142857144e-05	0.00016342857142857147	59.15537905693054	218401.9525282383
5857	1357.9194186104503	1018.5	97.343505859375	0.09674501	4.8985714285714275e-05	0.00016328571428571425	59.57952857017517	218461.62077760696
5858	1353.1356919277407	1009.65	96.850830078125	0.09671413	4.894285714285714e-05	0.00016314285714285714	59.011542320251465	218520.64492678642
5859	1357.6349761507743	1008.58	96.858154296875	0.096729495	4.89e-05	0.00016300000000000003	60.19471192359924	218580.85256958008
5860	1380.6329256561685	1024.0	96.12451171875	0.09671905	4.885714285714284e-05	0.0001628571428571428	58.09465026855469	218638.9598350525
5861	1359.3950787076274	1011.07	97.12451171875	0.09660169	4.88142857142857e-05	0.0001627142857142857	61.07575750350952	218700.05675935745
5862	1340.9307758474583	1004.44	96.882568359375	0.09658486	4.8771428571428574e-05	0.0001625714285714286	59.2838237285614	218759.44078731537
5863	1345.31297213001	1006.38	96.640380859375	0.096517436	4.872857142857144e-05	0.00016242857142857148	59.94374346733093	218819.47279047966
5864	1363.2677636539936	1018.19	97.148193359375	0.09647276	4.8685714285714275e-05	0.00016228571428571426	59.19822883605957	218878.67249774933
5865	1352.8169688625237	1006.75	97.40576171875	0.09645856	4.864285714285714e-05	0.00016214285714285715	59.63635611534119	218938.32877612114
5866	1352.4698560832735	1010.82	97.163818359375	0.09641355	4.86e-05	0.00016200000000000003	58.709747076034546	218997.0924730301
5867	1337.386588570506	998.41	96.671630859375	0.09635472	4.855714285714284e-05	0.00016185714285714281	57.64244818687439	219054.74764800072
5868	1335.2613442733282	1002.23	97.178466796875	0.096282125	4.85142857142857e-05	0.0001617142857142857	57.2690486907959	219112.01898384094
5869	1357.1053716377687	1018.17	97.187255859375	0.096273534	4.8471428571428573e-05	0.0001615714285714286	56.55148148536682	219168.58479070663
5870	1365.8886625611722	1020.08	97.4443359375	0.09627139	4.842857142857144e-05	0.00016142857142857148	32.477787017822266	219201.0950164795
5871	1366.3654821255197	1022.18	96.952880859375	0.096214764	4.8385714285714274e-05	0.00016128571428571426	57.29686260223389	219258.3983054161
5872	1365.032032980441	1014.02	96.960693359375	0.09625396	4.834285714285714e-05	0.00016114285714285715	56.528311252593994	219314.94879722595
5873	1376.6104033313252	1024.0	96.968505859375	0.09628484	4.830000000000001e-05	0.00016100000000000004	54.562344789505005	219369.51281428337
5874	1368.785508199264	1022.09	97.22705078125	0.096226275	4.825714285714284e-05	0.00016085714285714282	53.120211362838745	219422.64848804474
5875	1381.602237221454	1024.0	97.985107421875	0.09610489	4.82142857142857e-05	0.0001607142857142857	54.367488384246826	219477.02855181694
5876	1374.496121278204	1024.0	96.992919921875	0.0961	4.817142857142857e-05	0.0001605714285714286	58.20666694641113	219535.2364935875
5877	1351.3702388103816	1005.81	96.750732421875	0.096220404	4.812857142857144e-05	0.00016042857142857148	58.51844072341919	219593.76377248764
5878	1365.8178471264025	1014.72	96.516357421875	0.09618607	4.8085714285714274e-05	0.00016028571428571426	59.30341100692749	219653.08850336075
5879	1371.6750599881561	1022.31	97.765380859375	0.09617388	4.804285714285714e-05	0.00016014285714285715	53.97126030921936	219707.0724887848
5880	1347.1818042981336	1004.67	98.023681640625	0.09619727	4.800000000000001e-05	0.00016000000000000004	53.02140188217163	219760.1113641262
5881	1379.1162091919716	1024.0	97.28173828125	0.09613314	4.795714285714284e-05	0.00015985714285714282	51.975581884384155	219812.10847496986
5882	1358.8046484130214	1011.09	97.28955078125	0.096194446	4.79142857142857e-05	0.0001597142857142857	58.290727615356445	219870.40048742294
5883	1350.0989303152717	1003.04	97.296630859375	0.09617696	4.787142857142857e-05	0.0001595714285714286	57.087034702301025	219927.48870944977
5884	1364.5016197897758	1016.29	97.055419921875	0.09618027	4.7828571428571436e-05	0.00015942857142857149	61.04739475250244	219988.56054353714
5885	1365.913086205387	1017.86	98.313232421875	0.09618027	4.778571428571427e-05	0.00015928571428571427	58.6594078540802	220047.23252892494
5886	1351.0760222703314	1004.42	98.071044921875	0.09608499	4.774285714285714e-05	0.00015914285714285715	60.48303484916687	220107.73251366615
5887	1363.1445252200645	1012.54	97.328857421875	0.096078336	4.770000000000001e-05	0.00015900000000000004	56.49896216392517	220164.2324821949
5888	1367.350555918086	1018.05	98.08642578125	0.09604315	4.765714285714284e-05	0.00015885714285714282	52.35866737365723	220216.59285497665
5889	1352.4424743528268	1013.62	98.093994140625	0.09604273	4.761428571428571e-05	0.0001587142857142857	52.303587436676025	220268.89826107025
5890	1376.0693476446945	1024.0	98.103271484375	0.09602254	4.757142857142857e-05	0.0001585714285714286	59.01200461387634	220327.91250562668
5891	1371.69053420647	1020.04	98.861083984375	0.096053004	4.7528571428571436e-05	0.0001584285714285715	58.63195610046387	220386.56090068817
5892	1354.250635730898	1016.3	96.37548828125	0.096054494	4.748571428571427e-05	0.00015828571428571424	61.308842420578	220447.8717021942
5893	1365.9011736915718	1014.15	97.1259765625	0.09608281	4.7442857142857136e-05	0.00015814285714285716	57.51117563247681	220505.38453364372
5894	1355.8443908562235	1014.23	97.384521484375	0.096086286	4.740000000000001e-05	0.00015800000000000005	55.46148157119751	220560.85860848427
5895	1370.436208230385	1020.36	96.892333984375	0.096090406	4.735714285714284e-05	0.0001578571428571428	56.53632974624634	220617.39604353905
5896	1335.410466104298	993.34	97.150146484375	0.09601303	4.731428571428571e-05	0.0001577142857142857	52.48741173744202	220669.89649701118
5897	1351.0685875023628	1004.77	97.91552734375	0.09595571	4.727142857142857e-05	0.00015757142857142858	52.5953471660614	220722.50849318504
5898	1365.9805185783898	1017.92	97.665771484375	0.095973246	4.7228571428571435e-05	0.00015742857142857146	56.886640787124634	220779.3963649273
5899	1326.124202994458	989.89	97.423583984375	0.09594434	4.718571428571427e-05	0.00015728571428571424	57.23054885864258	220836.62854623795
5900	1367.7541163180008	1018.17	97.431396484375	0.09592169	4.7142857142857136e-05	0.00015714285714285713	58.402318716049194	220895.03250098228
5901	1353.2605572278744	997.27	98.68896484375	0.09586593	4.7100000000000006e-05	0.00015700000000000002	60.495333194732666	220955.54049825668
5902	1377.0174725149734	1024.0	97.447021484375	0.09573427	4.7057142857142836e-05	0.0001568571428571428	56.719581604003906	221012.27649903297
5903	1371.862272713406	1018.29	97.978271484375	0.095693	4.701428571428571e-05	0.0001567142857142857	59.8829505443573	221072.16051340103
5904	1352.746757534981	1010.35	98.337646484375	0.09560621	4.697142857142857e-05	0.00015657142857142858	57.846410512924194	221130.0195634365
5905	1357.9397566924383	1008.86	96.853271484375	0.09560052	4.6928571428571435e-05	0.00015642857142857147	51.68023467063904	221181.7213025093
5906	1344.7895520628404	1002.94	97.35302734375	0.09553204	4.688571428571427e-05	0.00015628571428571425	56.51400899887085	221238.23650312424
5907	1328.3453924721125	988.85	97.119873046875	0.095448844	4.6842857142857135e-05	0.00015614285714285714	58.34698271751404	221296.5844926834
5908	1368.496953234797	1016.43	96.62744140625	0.095480114	4.6800000000000006e-05	0.00015600000000000002	60.35151243209839	221356.94876766205
5909	1351.4130682162036	1007.64	97.877685546875	0.09549331	4.6757142857142836e-05	0.0001558571428571428	59.46749567985535	221416.43250632286
5910	1365.1663401131093	1014.29	97.38525390625	0.09537985	4.6714285714285707e-05	0.0001557142857142857	57.71601748466492	221474.1724908352
5911	1373.2272271028517	1020.13	97.393310546875	0.09539021	4.667142857142857e-05	0.00015557142857142858	59.308428049087524	221533.48180294037
5912	1379.5623613182686	1024.0	97.651123046875	0.095353246	4.6628571428571434e-05	0.00015542857142857147	58.069743633270264	221591.5524711609
5913	1385.080033128371	1022.21	98.908935546875	0.095316194	4.658571428571427e-05	0.00015528571428571425	52.21497917175293	221643.78453707695
5914	1313.2260515472985	977.27	97.6669921875	0.09529383	4.6542857142857135e-05	0.00015514285714285714	56.19123673439026	221699.98854923248
5915	1358.5074973848227	1009.16	97.67431640625	0.09527748	4.6500000000000005e-05	0.00015500000000000003	58.792237758636475	221758.8006722927
5916	1376.0511559716697	1018.6	97.182373046875	0.095274	4.6457142857142835e-05	0.0001548571428571428	60.25933337211609	221819.06847834587
5917	1371.6309257148218	1018.99	97.190185546875	0.09520725	4.6414285714285706e-05	0.0001547142857142857	59.77550029754639	221878.98448753357
5918	1356.6684362139774	1012.4	97.697998046875	0.09514166	4.637142857142857e-05	0.00015457142857142858	59.77152490615845	221938.7764840126
5919	1345.687213195011	1004.64	97.45556640625	0.095092654	4.632857142857144e-05	0.00015442857142857147	59.831029176712036	221998.6084742546
5920	1367.4182323589775	1020.24	97.713134765625	0.09498226	4.628571428571427e-05	0.00015428571428571425	57.5824818611145	222056.19969940186
5921	1377.3233447022824	1024.0	98.471435546875	0.094968624	4.6242857142857134e-05	0.00015414285714285714	57.55978202819824	222113.76048660278
5922	1342.471623407807	995.8	97.229248046875	0.094885565	4.6200000000000005e-05	0.00015400000000000003	58.69441199302673	222172.4565322399
5923	1362.2322806696488	1012.67	97.738037109375	0.094967134	4.6157142857142835e-05	0.0001538571428571428	59.94908165931702	222232.41796588898
5924	1352.0377703816443	1011.21	98.2451171875	0.09498704	4.6114285714285705e-05	0.0001537142857142857	60.766114950180054	222293.1991455555
5925	1366.2002848906652	1014.14	99.003662109375	0.09498227	4.607142857142857e-05	0.0001535714285714286	57.0313720703125	222350.24448156357
5926	1374.754347846715	1024.0	99.011474609375	0.09499342	4.602857142857144e-05	0.00015342857142857148	59.25130891799927	222409.50449371338
5927	1380.1515832071245	1022.14	98.269287109375	0.0948836	4.598571428571427e-05	0.00015328571428571426	60.29684042930603	222469.8023815155
5928	1363.81302765321	1012.4	98.52685546875	0.094864406	4.5942857142857134e-05	0.00015314285714285714	58.455540895462036	222528.40051531792
5929	1366.55901175882	1018.23	97.534912109375	0.09481085	4.5900000000000004e-05	0.00015300000000000003	57.542988300323486	222585.94448828697
5930	1323.5351936207476	985.97	98.292724609375	0.09472895	4.5857142857142834e-05	0.0001528571428571428	57.81949472427368	222643.77274131775
5931	1373.1951689630168	1024.0	97.550537109375	0.09476822	4.5814285714285705e-05	0.0001527142857142857	58.61969804763794	222702.40095567703
5932	1357.6027784964524	1012.0	97.05810546875	0.09473682	4.577142857142857e-05	0.0001525714285714286	60.10993146896362	222762.51250076294
5933	1371.687983077033	1024.0	97.322998046875	0.094698705	4.572857142857144e-05	0.00015242857142857148	58.505037784576416	222821.03397512436
5934	1359.7171147883748	1010.27	97.823974609375	0.09468308	4.568571428571427e-05	0.00015228571428571426	56.23570680618286	222877.28454947472
5935	1377.0408982189792	1024.0	97.581787109375	0.09468728	4.564285714285713e-05	0.00015214285714285715	58.461588859558105	222935.74779558182
5936	1370.0756005576236	1014.75	97.339599609375	0.094612874	4.5600000000000004e-05	0.00015200000000000004	58.55158257484436	222994.50053977966
5937	1353.3900399503304	1006.34	97.59716796875	0.09459695	4.5557142857142834e-05	0.00015185714285714282	59.39877986907959	223053.91649270058
5938	1363.8460363760644	1009.23	97.855224609375	0.0945122	4.5514285714285704e-05	0.0001517142857142857	59.19001030921936	223113.10850453377
5939	1362.5505982458917	1020.19	98.364013671875	0.09451125	4.547142857142857e-05	0.0001515714285714286	60.13129281997681	223173.25247573853
5940	1356.203399649437	1012.49	97.871826171875	0.09448549	4.542857142857144e-05	0.00015142857142857148	59.59666395187378	223232.86966824532
5941	1349.7464664238466	1001.21	97.878173828125	0.09443382	4.538571428571427e-05	0.00015128571428571426	58.90152335166931	223291.99931406975
5942	1374.7220523288831	1024.0	97.63671875	0.09444931	4.534285714285714e-05	0.00015114285714285715	57.94847273826599	223349.9488146305
5943	1346.8897690196109	1002.63	98.14501953125	0.09438061	4.53e-05	0.00015100000000000004	59.17860150337219	223409.12851333618
5944	1336.1987889532602	995.11	97.403076171875	0.09431463	4.525714285714287e-05	0.00015085714285714293	52.955446004867554	223462.08505773544
5945	1373.7001885978143	1024.0	96.91845703125	0.0942666	4.5214285714285704e-05	0.00015071428571428568	55.66991877555847	223517.75647974014
5946	1341.9654765629812	997.6	98.91845703125	0.094164096	4.517142857142857e-05	0.00015057142857142857	58.95315170288086	223576.71281409264
5947	1367.0623925107311	1020.56	97.676513671875	0.09415501	4.512857142857144e-05	0.00015042857142857146	60.80337405204773	223637.53249812126
5948	1373.171647298129	1020.07	98.184326171875	0.09410431	4.508571428571427e-05	0.00015028571428571424	60.103315591812134	223697.63682317734
5949	1355.8742584022057	1010.54	97.692138671875	0.09401098	4.504285714285714e-05	0.00015014285714285713	58.40974497795105	223756.0484957695
5950	1356.4695095321738	1010.12	97.449951171875	0.09401096	4.5e-05	0.00015000000000000001	57.374709367752075	223813.42448186874
5951	1355.6626314816865	1014.13	97.45751953125	0.09394915	4.495714285714287e-05	0.0001498571428571429	58.875385999679565	223872.31653881073
5952	1360.6219396726508	1012.64	97.465576171875	0.09391144	4.4914285714285703e-05	0.00014971428571428568	54.72151827812195	223927.0503768921
5953	1366.9467357140616	1024.0	97.473388671875	0.093901366	4.487142857142857e-05	0.00014957142857142857	55.78347730636597	223982.85248112679
5954	1376.5241081127408	1024.0	97.731201171875	0.093815066	4.482857142857144e-05	0.00014942857142857146	59.69029927253723	224042.6867480278
5955	1368.7968678880122	1015.84	97.48876953125	0.09381657	4.478571428571427e-05	0.00014928571428571424	54.71156072616577	224097.4084997177
5956	1362.9167315820762	1010.36	97.997802734375	0.093782365	4.474285714285714e-05	0.00014914285714285713	60.55085611343384	224157.96048164368
5957	1365.398276761618	1016.18	97.754638671875	0.093702644	4.47e-05	0.00014900000000000002	59.88749980926514	224217.85676956177
5958	1355.5877925896698	1006.28	97.02099609375	0.09370471	4.4657142857142866e-05	0.0001488571428571429	57.10878086090088	224275.14449167252
5959	1372.3368760593592	1024.0	97.520751953125	0.09367046	4.46142857142857e-05	0.00014871428571428569	59.354408740997314	224334.50052022934
5960	1346.0583850561975	1004.77	97.528564453125	0.09367555	4.457142857142857e-05	0.00014857142857142857	54.68299746513367	224389.1921122074
5961	1378.4753416490348	1024.0	98.536865234375	0.09373551	4.452857142857144e-05	0.00014842857142857146	53.688382148742676	224442.90131926537
5962	1354.2017224400727	1006.72	98.794677734375	0.09376335	4.448571428571427e-05	0.00014828571428571424	59.71006989479065	224502.61248588562
5963	1352.0123433194758	1006.67	97.552490234375	0.093731076	4.444285714285714e-05	0.00014814285714285713	53.97511863708496	224556.5885784626
5964	1334.5862434254013	994.83	98.560546875	0.09374011	4.44e-05	0.00014800000000000002	60.2745897769928	224616.86451554298
5965	1365.9985868453825	1014.72	97.8173828125	0.09372282	4.4357142857142866e-05	0.0001478571428571429	58.686973571777344	224675.5525519848
5966	1346.9425455828452	1006.67	97.83349609375	0.09366	4.43142857142857e-05	0.0001477142857142857	59.419376611709595	224734.98450922966
5967	1351.6939702618974	1003.23	97.833740234375	0.09358876	4.4271428571428566e-05	0.00014757142857142858	59.23106408119202	224794.21659708023
5968	1360.922035495562	1008.22	97.715576171875	0.09353104	4.422857142857144e-05	0.00014742857142857147	57.22838640213013	224851.4574818611
5969	1343.3491369277792	997.58	98.7236328125	0.0934665	4.418571428571427e-05	0.00014728571428571425	54.88311266899109	224906.356528759
5970	1353.774314556419	1006.54	97.739501953125	0.09338766	4.414285714285714e-05	0.00014714285714285713	59.642966985702515	224966.00050497055
5971	1367.1252656939917	1018.14	98.989990234375	0.093360536	4.41e-05	0.00014700000000000002	57.771032094955444	225023.77248740196
5972	1367.7903828653739	1011.66	97.997802734375	0.093316056	4.405714285714287e-05	0.0001468571428571429	60.739518880844116	225084.52451586723
5973	1384.3728080183014	1024.0	98.256591796875	0.09332878	4.40142857142857e-05	0.0001467142857142857	52.23434782028198	225136.7604944706
5974	1348.53939638048	1004.16	98.763671875	0.093319714	4.3971428571428566e-05	0.00014657142857142858	51.80305886268616	225188.5684683323
5975	1382.166241567189	1024.0	98.521728515625	0.09331987	4.3928571428571436e-05	0.00014642857142857147	51.25861859321594	225239.82854557037
5976	1351.7323336628192	1002.0	99.280029296875	0.093281634	4.3885714285714266e-05	0.00014628571428571425	51.5512592792511	225291.39248466492
5977	1358.3397922507313	1010.35	97.29345703125	0.0932703	4.384285714285714e-05	0.00014614285714285714	50.92730164527893	225342.33644986153
5978	1355.4441292408153	1007.99	98.0458984375	0.09320745	4.38e-05	0.00014600000000000003	53.748252630233765	225396.10451984406
5979	1335.3853305278476	1001.05	98.302490234375	0.09312445	4.375714285714287e-05	0.00014585714285714291	51.23520827293396	225447.34478712082
5980	1347.877995916633	1010.31	98.561279296875	0.093069404	4.37142857142857e-05	0.0001457142857142857	49.974793434143066	225497.33648109436
5981	1343.9838769539917	1002.2	99.317138671875	0.09300995	4.3671428571428565e-05	0.00014557142857142858	50.514742612838745	225547.86782217026
5982	1364.6970171044634	1012.29	99.076904296875	0.09292691	4.3628571428571436e-05	0.00014542857142857147	50.0990993976593	225597.9805099964
5983	1360.8068566538454	1014.89	97.839599609375	0.09291574	4.3585714285714266e-05	0.00014528571428571425	49.79279112815857	225647.77465701103
5984	1371.758848532151	1018.89	98.092529296875	0.09294293	4.3542857142857136e-05	0.00014514285714285714	50.10708928108215	225697.89255452156
5985	1365.18109655605	1014.48	98.350341796875	0.09286762	4.35e-05	0.00014500000000000003	50.55908465385437	225748.4685151577
5986	1365.49108258431	1014.19	98.358154296875	0.09288242	4.345714285714287e-05	0.00014485714285714292	48.9908664226532	225797.47248601913
5987	1367.132724107266	1014.32	99.115966796875	0.09285473	4.34142857142857e-05	0.0001447142857142857	50.130892515182495	225847.61649131775
5988	1359.5829547895787	1009.08	98.623046875	0.09280465	4.337142857142857e-05	0.00014457142857142859	52.010454416275024	225899.6285021305
5989	1338.2131794485786	996.97	98.140380859375	0.09278425	4.3328571428571435e-05	0.00014442857142857147	50.23920154571533	225949.87673449516
5990	1344.1462712188215	999.69	98.148193359375	0.09274725	4.3285714285714265e-05	0.00014428571428571425	50.67893075942993	226000.5724773407
5991	1338.2660106826545	996.32	98.898193359375	0.09266148	4.3242857142857136e-05	0.00014414285714285714	49.115439653396606	226049.70052146912
5992	1367.3698567425613	1010.61	98.405029296875	0.09263747	4.32e-05	0.00014400000000000003	49.97409534454346	226099.67607474327
5993	1367.3200436410607	1016.13	97.662841796875	0.092553265	4.315714285714287e-05	0.00014385714285714292	47.85885262489319	226147.5633111
5994	1365.8194386176185	1018.62	98.171630859375	0.09256774	4.31142857142857e-05	0.0001437142857142857	48.44471764564514	226196.02231740952
5995	1344.4644490338696	999.47	97.928955078125	0.09252962	4.307142857142857e-05	0.0001435714285714286	53.33578944206238	226249.3727903366
5996	1376.2392592690487	1016.86	97.68701171875	0.09247479	4.3028571428571435e-05	0.00014342857142857148	49.7833936214447	226299.15768432617
5997	1355.423453211569	1012.39	98.194091796875	0.09243383	4.2985714285714265e-05	0.00014328571428571423	50.28167939186096	226349.44049692154
5998	1345.58539317129	1001.46	98.702880859375	0.092383176	4.2942857142857135e-05	0.00014314285714285712	49.685447692871094	226399.1280426979
5999	1366.9521559907464	1014.73	98.210205078125	0.092419975	4.29e-05	0.000143	48.858591079711914	226448.0044798851
6000	1353.0168281406281	1004.09	99.468505859375	0.09234792	4.285714285714287e-05	0.0001428571428571429	52.840332984924316	226500.84633779526
6001	1340.0837601595313	999.57	98.47607421875	0.092354484	4.28142857142857e-05	0.00014271428571428568	50.00277495384216	226550.8644809723
6002	1349.5774408950872	1002.94	97.984130859375	0.09228841	4.277142857142857e-05	0.00014257142857142856	49.24261546134949	226600.10847377777
6003	1356.53704122824	1006.95	97.990478515625	0.09223246	4.2728571428571434e-05	0.00014242857142857145	49.677069902420044	226649.78742432594
6004	1366.6460667013373	1014.61	99.249755859375	0.09219452	4.2685714285714264e-05	0.00014228571428571423	50.2071475982666	226700.0086095333
6005	1370.4441160295119	1024.0	98.008544921875	0.09219324	4.2642857142857135e-05	0.00014214285714285712	50.16087079048157	226750.1819908619
6006	1361.929098339414	1008.52	98.265380859375	0.09219379	4.26e-05	0.000142	49.347177505493164	226799.54467129707
6007	1349.361886043829	1002.46	98.272216796875	0.092088304	4.255714285714287e-05	0.0001418571428571429	48.91186547279358	226848.48081684113
6008	1342.5952301287784	998.9	98.281982421875	0.09212721	4.25142857142857e-05	0.00014171428571428568	49.348875522613525	226897.83126831055
6009	1385.6214901801352	1024.0	98.289794921875	0.09212875	4.247142857142857e-05	0.00014157142857142857	50.08410096168518	226947.91691350937
6010	1379.8989450604045	1024.0	98.29736328125	0.09214922	4.2428571428571434e-05	0.00014142857142857145	49.7316472530365	226997.66121530533
6011	1370.2091263637071	1018.2	97.562255859375	0.092131056	4.238571428571427e-05	0.00014128571428571424	49.20329260826111	227046.8805053234
6012	1369.3681913262587	1014.03	98.813232421875	0.09201432	4.2342857142857134e-05	0.00014114285714285712	49.56661868095398	227096.45611786842
6013	1368.7690645697005	1016.64	98.571044921875	0.09200212	4.23e-05	0.000141	49.30266308784485	227145.77213907242
6014	1363.1089717160999	1012.67	98.578857421875	0.09189003	4.225714285714287e-05	0.0001408571428571429	51.87505340576172	227197.66054558754
6015	1375.6443274005753	1024.0	98.833740234375	0.091792725	4.22142857142857e-05	0.00014071428571428568	49.45081424713135	227247.11289310455
6016	1361.1816891279768	1016.73	98.344482421875	0.091741145	4.217142857142857e-05	0.00014057142857142857	49.933658838272095	227297.0484969616
6017	1373.5395998096437	1021.15	99.102294921875	0.091758914	4.212857142857143e-05	0.00014042857142857146	49.53397607803345	227346.58448576927
6018	1343.6701414187708	998.37	98.359619140625	0.09179056	4.208571428571427e-05	0.00014028571428571424	48.806989431381226	227395.39648890495
6019	1352.49233186811	999.93	98.617919921875	0.09180063	4.2042857142857134e-05	0.00014014285714285713	48.70246934890747	227444.1004796028
6020	1364.5495794689652	1020.09	99.875	0.09177094	4.2e-05	0.00014000000000000001	49.48697376251221	227493.6004858017
6021	1381.0721466934178	1024.0	97.64111328125	0.0917196	4.195714285714287e-05	0.0001398571428571429	49.986228704452515	227543.5885193348
6022	1356.6315700433565	1010.25	98.392333984375	0.091660686	4.19142857142857e-05	0.00013971428571428568	49.29106140136719	227592.88855981827
6023	1354.7933853884897	1004.6	98.650146484375	0.091575265	4.187142857142857e-05	0.00013957142857142857	51.05531024932861	227643.95280337334
6024	1376.8855894137075	1024.0	98.4072265625	0.09160014	4.182857142857143e-05	0.00013942857142857146	50.96841263771057	227694.9227938652
6025	1370.9062774482277	1014.61	99.165283203125	0.09158648	4.178571428571427e-05	0.00013928571428571424	48.971988916397095	227743.9090077877
6026	1361.6293920626888	1012.28	98.923583984375	0.09154516	4.174285714285713e-05	0.00013914285714285713	49.432090044021606	227793.36101174355
6027	1356.3493848388991	1007.08	98.180908203125	0.09148798	4.17e-05	0.00013900000000000002	48.71102857589722	227842.08455586433
6028	1363.630579386726	1010.3	98.689208984375	0.09146345	4.165714285714287e-05	0.0001388571428571429	48.81128001213074	227890.90849423409
6029	1361.9467499249827	1018.14	99.1962890625	0.091429375	4.16142857142857e-05	0.00013871428571428569	50.35952544212341	227941.28848171234
6030	1333.7165398050963	992.98	98.204833984375	0.09138203	4.157142857142857e-05	0.00013857142857142857	48.498228549957275	227989.7952685356
6031	1378.334621009517	1024.0	98.9619140625	0.09139412	4.152857142857143e-05	0.00013842857142857146	49.19090175628662	228039.00049567223
6032	1352.3825740491354	1000.52	99.345458984375	0.09127167	4.148571428571427e-05	0.00013828571428571424	49.30683517456055	228088.30847978592
6033	1373.2918271963115	1020.51	98.852783203125	0.09119821	4.144285714285713e-05	0.00013814285714285713	49.35434174537659	228137.66425704956
6034	1378.6442110722433	1024.0	98.861083984375	0.09120035	4.14e-05	0.00013800000000000002	49.55148911476135	228187.23648905754
6035	1364.9493495337824	1014.05	98.618896484375	0.0911433	4.135714285714287e-05	0.0001378571428571429	50.279337644577026	228237.52850747108
6036	1364.2228606051226	1006.34	98.376708984375	0.09108303	4.13142857142857e-05	0.0001377142857142857	50.90730810165405	228288.44449591637
6037	1370.2772728121643	1017.51	98.63427734375	0.09105865	4.127142857142857e-05	0.00013757142857142858	48.5545380115509	228337.0194797516
6038	1363.3029399422612	1016.09	98.641845703125	0.09108969	4.122857142857143e-05	0.00013742857142857147	50.087018728256226	228387.1084792614
6039	1362.565920186232	1017.14	99.40087890625	0.0909609	4.118571428571427e-05	0.00013728571428571425	48.835267066955566	228435.9457435608
6040	1356.532857127735	1006.49	98.408935546875	0.0908607	4.114285714285713e-05	0.00013714285714285713	50.467546463012695	228486.42447519302
6041	1377.6018080018134	1024.0	97.92431640625	0.09086595	4.11e-05	0.00013700000000000002	49.1074001789093	228535.5484881401
6042	1340.4513527225936	1001.09	98.18212890625	0.0907886	4.105714285714287e-05	0.0001368571428571429	51.17602300643921	228586.74162650108
6043	1386.8378185376287	1020.46	98.680908203125	0.09068284	4.10142857142857e-05	0.0001367142857142857	48.84702181816101	228635.60448741913
6044	1351.5387098392175	1002.69	98.690185546875	0.09068233	4.097142857142857e-05	0.00013657142857142858	48.91817665100098	228684.52450799942
6045	1342.7277712388368	995.99	98.69775390625	0.09056297	4.092857142857143e-05	0.00013642857142857147	49.317354679107666	228733.85456204414
6046	1353.7897336060912	1007.04	99.705810546875	0.09049583	4.088571428571427e-05	0.00013628571428571422	49.49151086807251	228783.36068081856
6047	1362.2340361608722	1011.05	97.970947265625	0.090452045	4.084285714285713e-05	0.0001361428571428571	50.42643904685974	228833.7884736061
6048	1337.282057397206	995.15	99.221435546875	0.0904673	4.08e-05	0.00013600000000000003	51.20329213142395	228885.0084836483
6049	1353.3847634470003	1010.54	98.729248046875	0.09043602	4.0757142857142866e-05	0.00013585714285714291	49.190988540649414	228934.20848059654
6050	1350.3386379979002	1006.2	98.987060546875	0.09044512	4.0714285714285696e-05	0.00013571428571428567	50.2033953666687	228984.42848443985
6051	1370.9766115535426	1022.54	98.74462890625	0.09037373	4.067142857142857e-05	0.00013557142857142856	49.375847578048706	229033.80666947365
6052	1365.2394291186863	1016.49	99.75244140625	0.09034926	4.062857142857143e-05	0.00013542857142857144	50.416478633880615	229084.224476099
6053	1353.3397087411358	1008.47	98.760498046875	0.09033105	4.058571428571427e-05	0.00013528571428571422	49.38223576545715	229133.60851812363
6054	1356.9224991366593	1005.59	99.518310546875	0.09030479	4.054285714285713e-05	0.0001351428571428571	49.09927940368652	229182.72478365898
6055	1374.6183813989194	1022.53	99.527099609375	0.09031581	4.05e-05	0.000135	51.12601661682129	229233.85279726982
6056	1351.9685171143556	1009.54	98.78466796875	0.09033223	4.0457142857142866e-05	0.0001348571428571429	50.53528904914856	229284.40049052238
6057	1353.0317843031412	1004.96	99.542724609375	0.090275675	4.0414285714285696e-05	0.00013471428571428567	48.49500632286072	229332.9044778347
6058	1365.6935707457578	1014.66	98.800537109375	0.090250336	4.0371428571428566e-05	0.00013457142857142856	49.39386749267578	229382.30055475235
6059	1374.4116882702665	1022.5	98.06591796875	0.090213366	4.032857142857143e-05	0.00013442857142857145	48.89548921585083	229431.20856833458
6060	1386.2095414284229	1024.0	98.8154296875	0.0901904	4.028571428571427e-05	0.00013428571428571423	49.69776225090027	229480.92296099663
6061	1353.3583587441567	1004.67	99.323974609375	0.09011307	4.024285714285713e-05	0.00013414285714285712	49.84500050544739	229530.76990294456
6062	1378.710578223632	1020.45	98.831787109375	0.09010116	4.02e-05	0.000134	49.78106617927551	229580.55253005028
6063	1358.868742958763	1016.31	99.089599609375	0.090091966	4.0157142857142865e-05	0.0001338571428571429	48.88734412193298	229629.44849419594
6064	1380.6491466521627	1020.2	98.60546875	0.08999651	4.01142857142857e-05	0.00013371428571428567	49.62326526641846	229679.08877921104
6065	1358.8687244557138	1012.3	100.1044921875	0.090028994	4.0071428571428566e-05	0.00013357142857142856	49.475274085998535	229728.5765080452
6066	1366.2761012381018	1010.84	99.113037109375	0.0899916	4.002857142857143e-05	0.00013342857142857145	49.826589822769165	229778.40503335
6067	1376.5663819381618	1024.0	98.870849609375	0.08998483	3.99857142857143e-05	0.00013328571428571434	49.401469230651855	229827.80796957016
6068	1368.819758156903	1022.11	99.628662109375	0.0899824	3.994285714285713e-05	0.00013314285714285712	48.846861839294434	229876.65641522408
6069	1361.2553703091173	1008.63	98.884521484375	0.08991904	3.99e-05	0.000133	49.76306223869324	229926.428514719
6070	1366.3777649616861	1011.09	98.894287109375	0.08993692	3.9857142857142865e-05	0.0001328571428571429	49.21793484687805	229975.64849424362
6071	1360.7644004479487	1014.23	98.903076171875	0.089895874	3.98142857142857e-05	0.00013271428571428568	48.7029447555542	230024.3524825573
6072	1371.471633114883	1017.14	99.410888671875	0.089865945	3.9771428571428565e-05	0.00013257142857142856	49.18857216835022	230073.54977416992
6073	1355.2642334806078	1008.19	98.668701171875	0.08988178	3.972857142857143e-05	0.00013242857142857145	49.011749029159546	230122.58066034317
6074	1373.404408975599	1016.24	98.92578125	0.089847125	3.96857142857143e-05	0.00013228571428571434	51.158403635025024	230173.74047851562
6075	1374.7972585604043	1020.42	98.93408203125	0.08970363	3.964285714285713e-05	0.00013214285714285712	49.49458861351013	230223.23647904396
6076	1384.952609270788	1023.98	99.192138671875	0.089673996	3.96e-05	0.000132	52.55418586730957	230275.79247403145
6077	1339.027188497527	1000.79	98.949951171875	0.08961616	3.9557142857142864e-05	0.0001318571428571429	51.92940640449524	230327.72449970245
6078	1358.4173411197335	1014.35	99.456787109375	0.089630686	3.95142857142857e-05	0.00013171428571428568	49.08196949958801	230376.80848622322
6079	1386.9746093585168	1024.0	98.715087890625	0.08958313	3.9471428571428565e-05	0.00013157142857142857	48.782352924346924	230425.59257912636
6080	1369.0485107604418	1014.11	99.223388671875	0.089529015	3.942857142857143e-05	0.00013142857142857146	50.51424813270569	230476.120521307
6081	1372.4633762323854	1024.0	99.731201171875	0.0895344	3.93857142857143e-05	0.00013128571428571434	50.019006967544556	230526.1524860859
6082	1356.600396275168	1004.91	99.239013671875	0.08944368	3.934285714285713e-05	0.00013114285714285712	49.05498743057251	230575.2165095806
6083	1362.3439212951353	1012.44	98.254150390625	0.089370616	3.93e-05	0.000131	49.835394859313965	230625.06890964508
6084	1349.9779746409422	1001.5	99.004638671875	0.089343876	3.9257142857142864e-05	0.0001308571428571429	49.58971643447876	230674.66049170494
6085	1352.4367471568785	1001.15	99.512451171875	0.08938036	3.92142857142857e-05	0.00013071428571428568	48.86908531188965	230723.53158855438
6086	1378.4001698366542	1020.42	98.770263671875	0.08936349	3.9171428571428564e-05	0.00013057142857142857	49.167375802993774	230772.71248793602
6087	1372.37931104917	1016.58	98.77783203125	0.08929095	3.912857142857143e-05	0.00013042857142857146	51.59056997299194	230824.30449604988
6088	1350.779081413086	1006.42	100.036865234375	0.08928897	3.90857142857143e-05	0.00013028571428571435	49.494378328323364	230873.8005142212
6089	1381.0583644624428	1024.0	100.044677734375	0.08918046	3.904285714285713e-05	0.00013014285714285713	50.62368941307068	230924.43279623985
6090	1369.9233651936943	1018.45	99.302490234375	0.08909435	3.9e-05	0.00013000000000000002	49.118584394454956	230973.55290341377
6091	1371.3669387940683	1024.0	99.310302734375	0.08913896	3.895714285714286e-05	0.0001298571428571429	49.342272996902466	231022.8967616558
6092	1341.549616905995	998.36	99.56787109375	0.08915869	3.89142857142857e-05	0.00012971428571428568	51.17552423477173	231074.07353663445
6093	1342.1328709230165	1003.57	99.325927734375	0.08906359	3.8871428571428564e-05	0.00012957142857142857	48.93342614173889	231123.00849604607
6094	1368.683341120238	1015.58	99.583740234375	0.08904722	3.8828571428571434e-05	0.00012942857142857146	50.39141392707825	231173.41646814346
6095	1370.2844102455426	1018.64	99.091552734375	0.08906009	3.87857142857143e-05	0.00012928571428571435	48.4745831489563	231221.89253640175
6096	1382.6263585677575	1024.0	99.22412109375	0.08904617	3.874285714285713e-05	0.00012914285714285713	49.908721923828125	231271.80286478996
6097	1363.8621432504985	1006.32	99.981689453125	0.08900838	3.87e-05	0.00012900000000000002	49.102134704589844	231320.9195959568
6098	1363.6947366288496	1016.35	99.989990234375	0.088995926	3.865714285714286e-05	0.0001288571428571429	47.96713423728943	231368.9002444744
6099	1361.026768530088	1008.44	99.247802734375	0.08898903	3.86142857142857e-05	0.00012871428571428566	48.97425103187561	231417.87550854683
6100	1362.1124433343493	1010.12	98.75537109375	0.0888966	3.857142857142856e-05	0.00012857142857142855	49.698442459106445	231467.57603645325
6101	1377.1777806157481	1020.17	100.01318359375	0.08886088	3.8528571428571434e-05	0.00012842857142857144	49.26736497879028	231516.8645002842
6102	1369.8797378899162	1011.53	99.271240234375	0.088879414	3.84857142857143e-05	0.00012828571428571433	49.19098615646362	231566.06849241257
6103	1348.1215097539755	998.75	100.279052734375	0.08888063	3.844285714285713e-05	0.0001281428571428571	49.83098340034485	231615.90848612785
6104	1354.5832374944407	1008.73	99.537841796875	0.08887886	3.84e-05	0.000128	49.846323013305664	231665.7566230297
6105	1361.3709041820714	1013.19	99.29541015625	0.0888925	3.835714285714286e-05	0.00012785714285714288	53.21164417266846	231718.98478913307
6106	1375.1827590659375	1022.24	99.553466796875	0.08889052	3.83142857142857e-05	0.00012771428571428566	49.46563959121704	231768.4593129158
6107	1365.9096533336083	1016.65	99.069091796875	0.08884469	3.827142857142856e-05	0.00012757142857142855	49.54723596572876	231818.01648449898
6108	1364.9181127872666	1018.45	99.319091796875	0.088781506	3.822857142857143e-05	0.00012742857142857144	49.4908561706543	231867.50853085518
6109	1378.1214077467566	1024.0	99.834228515625	0.08860716	3.81857142857143e-05	0.00012728571428571433	49.73852753639221	231917.248503685
6110	1361.4357401423886	1008.42	99.83447265625	0.08858075	3.8142857142857134e-05	0.0001271428571428571	49.924100160598755	231967.17486810684
6111	1380.0625011339687	1016.57	99.342529296875	0.088503994	3.81e-05	0.000127	49.67997932434082	232016.8565542698
6112	1380.9874449995414	1024.0	99.600341796875	0.088503785	3.805714285714286e-05	0.00012685714285714289	48.762826442718506	232065.6364774704
6113	1368.8445322178045	1020.53	100.108154296875	0.08842972	3.80142857142857e-05	0.00012671428571428567	48.724791288375854	232114.37773394585
6114	1379.8019370191003	1020.1	99.61572265625	0.088436306	3.797142857142856e-05	0.00012657142857142855	49.63090419769287	232164.02450346947
6115	1358.764194927541	1008.46	100.123779296875	0.08838435	3.792857142857143e-05	0.00012642857142857144	49.239378213882446	232213.2804813385
6116	1350.4525755533164	1007.2	99.881591796875	0.08835617	3.78857142857143e-05	0.00012628571428571433	48.46612048149109	232261.74850153923
6117	1362.8065124426564	1015.52	99.388916015625	0.08832913	3.784285714285713e-05	0.0001261428571428571	48.58404350280762	232310.36048531532
6118	1378.8517861055998	1018.85	99.147216796875	0.08839125	3.78e-05	0.000126	53.08408975601196	232363.44608473778
6119	1378.2030344843586	1024.0	99.65478515625	0.0883742	3.775714285714286e-05	0.0001258571428571429	53.76503849029541	232417.22997522354
6120	1379.76957079338	1020.27	100.912841796875	0.08831942	3.77142857142857e-05	0.00012571428571428567	52.664541244506836	232469.89552903175
6121	1365.237070873116	1015.17	100.171630859375	0.08828243	3.767142857142856e-05	0.00012557142857142856	55.14003539085388	232525.0484790802
6122	1355.1181709467874	1010.9	99.179443359375	0.08826121	3.762857142857143e-05	0.00012542857142857145	49.26785397529602	232574.31794953346
6123	1363.9518600249462	1008.61	98.94482421875	0.08821819	3.7585714285714296e-05	0.00012528571428571433	49.96001648902893	232624.29369306564
6124	1375.3986868138763	1024.0	99.695068359375	0.08818992	3.754285714285713e-05	0.00012514285714285711	49.46146631240845	232673.7565331459
6125	1362.080706592676	1009.52	99.452880859375	0.08823508	3.75e-05	0.000125	48.59451484680176	232722.3636314869
6126	1334.5867651741382	993.7	99.218505859375	0.08817715	3.745714285714286e-05	0.0001248571428571429	48.91932010650635	232771.29647183418
6127	1378.2855118003995	1022.54	99.718505859375	0.0881268	3.74142857142857e-05	0.00012471428571428567	49.38773703575134	232820.6968743801
6128	1360.0194533021554	1002.12	100.47607421875	0.088127196	3.737142857142856e-05	0.00012457142857142856	53.218244791030884	232873.9165456295
6129	1369.3122035008728	1016.62	99.734130859375	0.088076524	3.732857142857143e-05	0.00012442857142857145	51.40580201148987	232925.33478713036
6130	1351.4907495161697	1002.6	99.491943359375	0.08809208	3.7285714285714296e-05	0.00012428571428571434	59.41154646873474	232984.76849412918
6131	1353.0937100794058	1006.25	100.725341796875	0.088066794	3.724285714285713e-05	0.00012414285714285712	56.30014777183533	233041.07657146454
6132	1361.8462646312214	1011.45	99.75732421875	0.088011764	3.7199999999999996e-05	0.000124	56.232314109802246	233097.31138205528
6133	1374.947200476522	1016.38	99.765380859375	0.08798588	3.715714285714286e-05	0.0001238571428571429	51.791126012802124	233149.11648607254
6134	1347.0047827899293	1010.46	100.271240234375	0.087883316	3.71142857142857e-05	0.00012371428571428567	57.850590467453	233206.9688091278
6135	1363.7289587477155	1012.7	99.538818359375	0.087887436	3.707142857142856e-05	0.00012357142857142856	52.465388774871826	233259.446498394
6136	1363.2821548687173	1012.44	99.788818359375	0.08785137	3.702857142857143e-05	0.00012342857142857145	53.16329097747803	233312.62447071075
6137	1376.0218090384212	1024.0	99.54736328125	0.08782843	3.6985714285714295e-05	0.00012328571428571434	57.39078235626221	233370.01678586006
6138	1356.8497862608228	1006.12	99.555419921875	0.087773554	3.694285714285713e-05	0.00012314285714285712	58.00340700149536	233428.02878689766
6139	1347.5880397504413	1012.5	99.313232421875	0.08774262	3.6899999999999996e-05	0.000123	58.59243965148926	233486.63690376282
6140	1371.360590633537	1018.13	99.569580078125	0.08779978	3.685714285714286e-05	0.0001228571428571429	59.178284883499146	233545.8164961338
6141	1371.620450615283	1018.72	99.135986328125	0.08775706	3.6814285714285696e-05	0.00012271428571428568	63.21860456466675	233609.03652334213
6142	1355.4317867893124	1004.82	98.634033203125	0.08767959	3.677142857142856e-05	0.00012257142857142857	59.356441497802734	233668.39452791214
6143	1349.3575869850208	998.88	98.3935546875	0.087682605	3.672857142857143e-05	0.00012242857142857145	52.85547113418579	233721.412504673
6144	1352.8600361151446	1004.39	98.901611328125	0.08766358	3.6685714285714295e-05	0.00012228571428571434	59.19720196723938	233780.61117577553
6145	1377.0000304188877	1016.34	98.1591796875	0.08756397	3.664285714285713e-05	0.00012214285714285712	57.4559371471405	233838.06853437424
6146	1365.2038760089686	1011.49	98.6669921875	0.0875113	3.6599999999999995e-05	0.000122	59.71072220802307	233897.79191470146
6147	1360.5433456895034	1014.12	98.17431640625	0.087437116	3.6557142857142866e-05	0.00012185714285714289	58.747793674468994	233956.55693912506
6148	1361.152416448188	1005.98	98.6826171875	0.08741485	3.6514285714285696e-05	0.00012171428571428567	58.44639801979065	234015.00465250015
6149	1360.119637628613	1009.28	98.689697265625	0.0874564	3.647142857142856e-05	0.00012157142857142855	58.44874954223633	234073.45651865005
6150	1368.7122268665926	1010.58	98.9482421875	0.087377824	3.642857142857143e-05	0.00012142857142857144	58.167726039886475	234131.62881278992
6151	1334.8796629896797	996.87	98.955810546875	0.08731875	3.6385714285714294e-05	0.00012128571428571433	53.415876626968384	234185.0571193695
6152	1354.328927364644	1004.42	98.9638671875	0.087187655	3.634285714285713e-05	0.00012114285714285711	58.87536931037903	234243.94450092316
6153	1350.1875922286445	1000.63	98.47265625	0.08714285	3.6299999999999995e-05	0.000121	58.5863983631134	234302.53250908852
6154	1372.3650723089158	1019.18	98.98046875	0.08711939	3.6257142857142865e-05	0.00012085714285714289	56.93985390663147	234359.47390532494
6155	1364.3551376436524	1017.99	99.488037109375	0.08704945	3.6214285714285695e-05	0.00012071428571428567	60.10742521286011	234419.59653377533
6156	1369.0948637102076	1018.05	99.74609375	0.086996995	3.617142857142856e-05	0.00012057142857142856	59.1023850440979	234478.70050406456
6157	1360.8895303453726	1006.54	98.011474609375	0.08694465	3.612857142857143e-05	0.00012042857142857145	58.52024507522583	234537.2222764492
6158	1359.0230485265088	1010.21	98.76171875	0.08691114	3.6085714285714294e-05	0.00012028571428571433	57.88794565200806	234595.1288678646
6159	1380.3420061426764	1024.0	98.76953125	0.08682556	3.604285714285713e-05	0.00012014285714285711	54.98247408866882	234650.11249160767
6160	1368.6989537555835	1008.89	99.0283203125	0.08678669	3.5999999999999994e-05	0.00012	59.14064145088196	234709.25800299644
6161	1380.4011682102075	1016.18	99.038330078125	0.08672754	3.5957142857142865e-05	0.00011985714285714289	59.13326597213745	234768.39279437065
6162	1378.163158220136	1014.82	98.805908203125	0.086741775	3.5914285714285695e-05	0.00011971428571428566	58.80808424949646	234827.22050786018
6163	1376.6098857703694	1024.0	98.0654296875	0.086700864	3.5871428571428565e-05	0.00011957142857142855	58.03079795837402	234885.25249624252
6164	1376.5266200003718	1024.0	99.0673828125	0.08673358	3.582857142857143e-05	0.00011942857142857145	58.86527132987976	234944.1193869114
6165	1357.3597714805976	1010.38	99.577392578125	0.08674398	3.578571428571429e-05	0.00011928571428571434	58.424015522003174	235002.54449248314
6166	1358.7903965357461	1008.41	99.337158203125	0.086711586	3.574285714285713e-05	0.0001191428571428571	57.60142707824707	235060.16252732277
6167	1349.5234003493579	1004.34	99.096923828125	0.08665111	3.5699999999999994e-05	0.00011899999999999999	57.416934967041016	235117.58063578606
6168	1354.0477457090687	1000.96	100.356689453125	0.08663955	3.5657142857142864e-05	0.00011885714285714288	58.2027006149292	235175.78454232216
6169	1385.8044557388673	1024.0	98.8662109375	0.08663064	3.5614285714285694e-05	0.00011871428571428566	59.66711091995239	235235.4524819851
6170	1370.2844416310918	1022.09	98.877197265625	0.08665546	3.5571428571428565e-05	0.00011857142857142855	60.73486089706421	235296.18850779533
6171	1368.5080596363705	1012.64	99.136962890625	0.08663132	3.552857142857143e-05	0.00011842857142857144	58.22356867790222	235354.428494215
6172	1356.564250593602	1008.94	98.39501953125	0.086530566	3.548571428571429e-05	0.00011828571428571433	58.403353452682495	235412.84048604965
6173	1341.658655108874	1000.39	98.65625	0.08650845	3.544285714285713e-05	0.0001181428571428571	57.61203980445862	235470.6284945011
6174	1375.0638856046935	1024.0	99.165283203125	0.08645886	3.539999999999999e-05	0.000118	57.23673486709595	235527.87380456924
6175	1382.6285630471984	1024.0	98.926025390625	0.08641225	3.5357142857142864e-05	0.00011785714285714288	52.139410734176636	235580.0284936428
6176	1354.6890578435261	1006.7	98.935791015625	0.0863852	3.5314285714285694e-05	0.00011771428571428566	56.94756555557251	235636.98893094063
6177	1368.5038966030895	1014.23	98.945556640625	0.08637606	3.5271428571428564e-05	0.00011757142857142855	59.37141418457031	235696.37249350548
6178	1360.046269704676	1007.77	99.205078125	0.08635544	3.522857142857143e-05	0.00011742857142857144	60.86657094955444	235757.24069952965
6179	1361.1646086525027	1008.75	98.22265625	0.08630761	3.518571428571429e-05	0.00011728571428571433	58.279338121414185	235815.52106833458
6180	1367.570084882579	1012.94	99.724853515625	0.08638408	3.514285714285713e-05	0.00011714285714285711	57.98051857948303	235873.50274133682
6181	1378.341908777192	1021.16	99.734619140625	0.086368024	3.509999999999999e-05	0.000117	57.54186677932739	235931.04602336884
6182	1389.502910740213	1024.0	98.994140625	0.086392015	3.505714285714286e-05	0.00011685714285714289	57.53633165359497	235988.7373201847
6183	1365.114597410447	1016.1	98.26171875	0.086440474	3.501428571428569e-05	0.00011671428571428567	52.50867700576782	236041.247423172
6184	1357.086052421862	1008.55	98.763916015625	0.08641406	3.4971428571428564e-05	0.00011657142857142856	55.96534752845764	236097.21428918839
6185	1369.339313552023	1022.23	98.28125	0.086357646	3.492857142857143e-05	0.00011642857142857144	59.65202617645264	236156.86862397194
6186	1336.6437673258956	993.29	98.783447265625	0.08631956	3.488571428571429e-05	0.00011628571428571433	60.63939595222473	236217.5165309906
6187	1355.99407591815	1006.31	99.0439453125	0.08634224	3.484285714285713e-05	0.00011614285714285711	59.15489411354065	236276.67249274254
6188	1381.2620284310397	1024.0	99.053955078125	0.086382814	3.479999999999999e-05	0.000116	58.489582777023315	236335.1860244274
6189	1368.8932436971809	1010.26	99.313720703125	0.086340986	3.475714285714286e-05	0.00011585714285714289	59.33217787742615	236394.5406115055
6190	1361.7769646181343	1006.68	99.323486328125	0.08635109	3.4714285714285727e-05	0.00011571428571428578	58.60387635231018	236453.1490163803
6191	1344.6526359884579	999.37	100.0830078125	0.086264946	3.467142857142856e-05	0.00011557142857142854	57.490296840667725	236510.64087367058
6192	1366.6447958433396	1013.25	100.843017578125	0.0862853	3.462857142857143e-05	0.00011542857142857143	57.45133137702942	236568.1087720394
6193	1371.7365802412678	1014.19	98.852783203125	0.08628199	3.45857142857143e-05	0.00011528571428571432	59.41308522224426	236627.52284288406
6194	1354.5480699598372	1007.55	99.112548828125	0.08628935	3.454285714285713e-05	0.0001151428571428571	59.34774446487427	236686.8849015236
6195	1367.833550240176	1018.98	99.372314453125	0.08621151	3.449999999999999e-05	0.00011499999999999999	58.55066728591919	236745.4366312027
6196	1382.6992100855234	1024.0	98.8818359375	0.08620462	3.445714285714286e-05	0.00011485714285714288	59.194979190826416	236804.6325571537
6197	1367.7276461714328	1016.17	98.891845703125	0.086144604	3.4414285714285726e-05	0.00011471428571428577	57.662949562072754	236862.30400562286
6198	1349.7173745390637	998.7	99.401611328125	0.08615873	3.437142857142856e-05	0.00011457142857142855	57.567503213882446	236919.8844947815
6199	1374.4598926820147	1014.48	99.911376953125	0.086208165	3.4328571428571427e-05	0.00011442857142857144	56.87171792984009	236976.90073657036
6200	1375.6520215352937	1020.32	99.4208984375	0.08615104	3.42857142857143e-05	0.00011428571428571432	55.71713709831238	237032.7620549202
6201	1369.6369850273318	1017.99	99.931396484375	0.08614453	3.424285714285713e-05	0.0001141428571428571	59.852394580841064	237092.6368238926
6202	1352.4169172327245	1007.15	99.441162109375	0.086113594	3.419999999999999e-05	0.00011399999999999999	59.343584299087524	237152.00050640106
6203	1346.8422723507783	998.59	99.951904296875	0.08608467	3.415714285714286e-05	0.00011385714285714288	58.92370390892029	237210.92883181572
6204	1369.142879246254	1016.38	99.2109375	0.08599516	3.4114285714285726e-05	0.00011371428571428577	59.16725754737854	237270.10845184326
6205	1339.6768209449126	1000.74	99.720703125	0.085991	3.407142857142856e-05	0.00011357142857142855	58.930845975875854	237329.04850196838
6206	1368.3335964357425	1016.15	99.481201171875	0.08593327	3.4028571428571426e-05	0.00011342857142857144	57.802327394485474	237386.85248851776
6207	1384.74963847485	1022.42	99.740966796875	0.08597963	3.39857142857143e-05	0.00011328571428571433	56.53630828857422	237443.52502942085
6208	1366.8113135632002	1012.31	99.250732421875	0.08598415	3.394285714285713e-05	0.00011314285714285711	56.69543528556824	237500.23650169373
6209	1376.6891054191096	1018.27	99.509521484375	0.08595062	3.389999999999999e-05	0.000113	59.32710409164429	237559.56477475166
6210	1380.0019537849446	1022.58	99.77001953125	0.08591148	3.385714285714286e-05	0.00011285714285714288	59.14661765098572	237618.71248078346
6211	1361.7187817633812	1012.5	99.030029296875	0.085864015	3.3814285714285725e-05	0.00011271428571428577	58.8552770614624	237677.8168208599
6212	1361.8024460987463	1012.28	100.289794921875	0.085831404	3.377142857142856e-05	0.00011257142857142855	57.482136726379395	237735.3004860878
6213	1372.6661727731243	1019.15	99.799560546875	0.085909575	3.3728571428571426e-05	0.00011242857142857144	59.46463465690613	237794.76662158966
6214	1361.8579191598023	1012.63	99.05908203125	0.08589394	3.3685714285714296e-05	0.00011228571428571433	56.601160764694214	237851.368796587
6215	1376.2525658816369	1014.45	99.077880859375	0.08585837	3.3642857142857126e-05	0.0001121428571428571	58.703471422195435	237910.08079600334
6216	1356.2577256704471	1007.48	99.579833984375	0.08587074	3.36e-05	0.00011199999999999998	57.427178382873535	237967.516289711
6217	1354.8061782302811	1005.41	99.347412109375	0.085847445	3.355714285714286e-05	0.00011185714285714287	60.49540829658508	238028.02851986885
6218	1350.0253353302126	998.04	99.59912109375	0.08582624	3.3514285714285724e-05	0.00011171428571428576	59.80962872505188	238087.8507859707
6219	1352.3501942676348	1014.09	99.360107421875	0.0858075	3.347142857142856e-05	0.00011157142857142854	59.243966817855835	238147.09656071663
6220	1372.5918694307659	1018.03	99.369873046875	0.0857551	3.3428571428571425e-05	0.00011142857142857143	57.67941188812256	238204.78857254982
6221	1377.7341959297792	1018.47	99.629638671875	0.08572978	3.3385714285714296e-05	0.00011128571428571432	58.66686820983887	238263.45649790764
6222	1347.9781387568082	998.79	99.889404296875	0.08568853	3.3342857142857126e-05	0.0001111428571428571	57.778908252716064	238321.2364962101
6223	1366.794664598861	1012.66	99.64892578125	0.08567067	3.3299999999999996e-05	0.00011099999999999999	59.310834884643555	238380.62726783752
6224	1355.6617369395767	1006.8	100.533447265625	0.085624374	3.325714285714286e-05	0.00011085714285714288	56.96204686164856	238437.6031768322
6225	1368.604147683488	1010.4	100.041259765625	0.08558812	3.3214285714285724e-05	0.00011071428571428576	58.64173340797424	238496.2485010624
6226	1362.6578629867154	1016.14	99.799072265625	0.08558252	3.317142857142856e-05	0.00011057142857142854	59.17962718009949	238555.44855117798
6227	1338.9655880823482	993.13	99.556884765625	0.08561803	3.3128571428571425e-05	0.00011042857142857143	60.76343750953674	238616.22050738335
6228	1347.8960584451372	1001.83	100.06494140625	0.08554711	3.3085714285714295e-05	0.00011028571428571432	57.7988703250885	238674.02048444748
6229	1380.6839964819776	1020.23	99.57275390625	0.08545207	3.3042857142857125e-05	0.0001101428571428571	58.695446252822876	238732.72449183464
6230	1372.2676782397282	1016.15	99.58056640625	0.085443616	3.2999999999999996e-05	0.00010999999999999999	57.705355405807495	238790.43855786324
6231	1382.2722964840234	1024.0	99.58837890625	0.085387476	3.295714285714286e-05	0.00010985714285714288	59.541348695755005	238850.00223445892
6232	1344.3260031852403	1002.53	99.353759765625	0.08536147	3.2914285714285723e-05	0.00010971428571428577	54.027549505233765	238904.0445075035
6233	1352.9663306473076	999.09	99.85400390625	0.08535267	3.287142857142856e-05	0.00010957142857142855	51.48609447479248	238955.53248143196
6234	1380.7179982107689	1020.33	99.61181640625	0.085316665	3.2828571428571424e-05	0.00010942857142857144	51.446561098098755	239006.98048496246
6235	1333.908115324858	993.84	99.61962890625	0.08526451	3.2785714285714295e-05	0.00010928571428571432	50.19103240966797	239057.1734032631
6236	1363.885888358084	1014.15	99.628173828125	0.08524183	3.2742857142857125e-05	0.0001091428571428571	50.3660671710968	239107.54123711586
6237	1387.6873837569694	1024.0	98.893310546875	0.08518943	3.2699999999999995e-05	0.00010899999999999999	50.08297848701477	239157.64048051834
6238	1381.4193347264431	1024.0	100.64404296875	0.08524097	3.265714285714286e-05	0.00010885714285714288	50.10623621940613	239207.748513937
6239	1385.1357491902477	1016.56	99.65185546875	0.08515066	3.261428571428572e-05	0.00010871428571428577	50.21186137199402	239257.98090696335
6240	1350.1641989979498	1003.18	99.90966796875	0.08512953	3.257142857142856e-05	0.00010857142857142854	50.02301049232483	239308.02009296417
6241	1385.4207800634636	1020.27	99.916748046875	0.08502972	3.2528571428571424e-05	0.00010842857142857143	50.6113817691803	239358.656539917
6242	1363.604803615516	1011.06	100.4248046875	0.08501326	3.2485714285714294e-05	0.00010828571428571433	49.40700912475586	239408.07648420334
6243	1367.0511466762844	1014.64	99.190185546875	0.08496029	3.2442857142857124e-05	0.0001081428571428571	49.04234790802002	239457.12052750587
6244	1345.4897442785991	993.87	100.19091796875	0.08494496	3.2399999999999995e-05	0.00010799999999999998	49.00642967224121	239506.12876963615
6245	1383.5180216333456	1020.06	99.948486328125	0.08492557	3.235714285714286e-05	0.00010785714285714287	48.55136775970459	239554.69280409813
6246	1360.4373596412922	1011.1	100.7060546875	0.084843315	3.231428571428573e-05	0.00010771428571428576	49.521814823150635	239604.21650218964
6247	1382.1048920310545	1024.0	100.962890625	0.084849596	3.227142857142856e-05	0.00010757142857142854	49.37132787704468	239653.60085248947
6248	1377.9955725267198	1022.21	99.9716796875	0.08484745	3.222857142857142e-05	0.00010742857142857143	48.4835364818573	239702.08623027802
6249	1356.4258501845181	1004.74	98.987060546875	0.0848457	3.2185714285714294e-05	0.00010728571428571432	50.54466390609741	239752.63249468803
6250	1371.6754407846972	1012.27	99.48681640625	0.08485649	3.2142857142857124e-05	0.0001071428571428571	50.774237632751465	239803.40868091583
6251	1360.1199343646656	1010.94	100.2451171875	0.08482176	3.2099999999999994e-05	0.00010699999999999999	50.099865436553955	239853.51032423973
6252	1378.8046437711234	1024.0	100.75341796875	0.08487486	3.205714285714286e-05	0.00010685714285714287	48.68507695198059	239902.19647431374
6253	1379.5799822639697	1020.71	100.26220703125	0.08481845	3.201428571428573e-05	0.00010671428571428576	49.00629997253418	239951.20453453064
6254	1360.2406887745842	1008.38	100.0185546875	0.08479335	3.197142857142856e-05	0.00010657142857142854	49.346004486083984	240000.55249524117
6255	1356.1146844014836	1008.49	100.02734375	0.08478228	3.192857142857142e-05	0.00010642857142857143	49.76657056808472	240050.32047605515
6256	1384.402217975674	1024.0	99.535400390625	0.08474957	3.188571428571429e-05	0.00010628571428571432	51.430816411972046	240101.75309515
6257	1356.9769291837033	1002.92	100.04345703125	0.08476431	3.184285714285712e-05	0.0001061428571428571	50.23393750190735	240151.9884815216
6258	1366.1046962985256	1014.33	100.55126953125	0.084758766	3.1799999999999994e-05	0.00010599999999999999	49.70695734024048	240201.70847845078
6259	1347.7611867147386	1001.03	99.558837890625	0.084738076	3.175714285714286e-05	0.00010585714285714288	53.849608421325684	240255.56057286263
6260	1369.2705562524868	1016.9	99.56689453125	0.084715635	3.171428571428573e-05	0.00010571428571428577	52.143555641174316	240307.72048902512
6261	1368.1296214834124	1016.14	99.82470703125	0.08472983	3.167142857142856e-05	0.00010557142857142855	52.398831844329834	240360.1205496788
6262	1364.128730110059	1015.47	99.83251953125	0.084716894	3.162857142857142e-05	0.00010542857142857143	52.479881048202515	240412.61329483986
6263	1368.518370371731	1009.84	99.84033203125	0.084640175	3.158571428571429e-05	0.00010528571428571432	52.11576747894287	240464.7487874031
6264	1364.7143192246745	1004.47	99.847900390625	0.084600724	3.154285714285712e-05	0.0001051428571428571	54.78722333908081	240519.5484957695
6265	1362.9272830627303	1013.21	100.10595703125	0.0845786	3.149999999999999e-05	0.00010499999999999999	54.621559381484985	240574.17868709564
6266	1378.50224502708	1020.83	100.86376953125	0.084493004	3.145714285714286e-05	0.00010485714285714288	52.887139558792114	240627.08050203323
6267	1378.386075584092	1012.31	99.87158203125	0.08445693	3.141428571428573e-05	0.00010471428571428577	52.63072633743286	240679.71252560616
6268	1332.7416713223827	987.62	100.629150390625	0.08443595	3.137142857142856e-05	0.00010457142857142853	53.2827832698822	240732.99648690224
6269	1379.2501635938931	1020.83	100.13818359375	0.08433623	3.132857142857143e-05	0.00010442857142857142	53.32219576835632	240786.32048273087
6270	1377.3531748573303	1016.24	99.89599609375	0.08433539	3.128571428571429e-05	0.00010428571428571431	53.54845690727234	240839.87779831886
6271	1382.08613503492	1024.0	99.65380859375	0.08431833	3.124285714285712e-05	0.00010414285714285709	55.3832950592041	240895.27248096466
6272	1357.0516195938326	1010.69	100.16162109375	0.084262826	3.119999999999999e-05	0.00010399999999999998	54.39427947998047	240949.6796963215
6273	1346.0065226830545	995.28	99.669189453125	0.0842058	3.1157142857142857e-05	0.00010385714285714287	53.643144607543945	241003.33249878883
6274	1374.3570799476854	1022.02	100.42724609375	0.08421525	3.111428571428573e-05	0.00010371428571428576	52.68696904182434	241056.02080464363
6275	1373.2492122397193	1017.39	101.43359375	0.08420795	3.107142857142856e-05	0.00010357142857142854	54.59776830673218	241110.62049293518
6276	1382.747036554791	1022.6	100.1923828125	0.08418652	3.102857142857143e-05	0.00010342857142857143	52.20254397392273	241162.82455205917
6277	1384.4315968346625	1024.0	100.449951171875	0.08415756	3.098571428571429e-05	0.00010328571428571431	54.05816125869751	241216.88449573517
6278	1379.9112827045478	1024.0	99.70849609375	0.08415383	3.094285714285712e-05	0.0001031428571428571	53.554996967315674	241270.45216608047
6279	1379.7581783817777	1022.24	100.96630859375	0.08411539	3.089999999999999e-05	0.00010299999999999998	54.37920904159546	241324.832518816
6280	1359.2131185989253	1005.68	100.22412109375	0.084103465	3.0857142857142856e-05	0.00010285714285714287	53.47848558425903	241378.31269049644
6281	1368.0247431161922	1016.01	99.98193359375	0.08413246	3.0814285714285727e-05	0.00010271428571428576	52.59845042228699	241430.912494421
6282	1377.343233424936	1020.14	99.739501953125	0.08411085	3.0771428571428557e-05	0.00010257142857142854	53.582207679748535	241484.4965186119
6283	1372.8294262613592	1016.19	99.75537109375	0.084110856	3.072857142857143e-05	0.00010242857142857143	52.76282358169556	241537.26848578453
6284	1366.162358873512	1011.21	100.26318359375	0.084084086	3.068571428571429e-05	0.00010228571428571432	54.64823603630066	241591.9185783863
6285	1344.2752692999431	1001.84	100.01220703125	0.08406111	3.064285714285713e-05	0.0001021428571428571	51.212604999542236	241643.13276052475
6286	1330.0989447555494	988.03	99.52197265625	0.08405001	3.059999999999999e-05	0.00010199999999999999	52.43477511405945	241695.58011054993
6287	1372.8482585082459	1018.04	100.029541015625	0.08405938	3.0557142857142855e-05	0.00010185714285714287	53.508087396621704	241749.09047031403
6288	1357.6576987224723	1003.06	100.67041015625	0.084034204	3.0514285714285726e-05	0.00010171428571428576	52.726871490478516	241801.8284959793
6289	1351.7432030142816	1001.16	101.17041015625	0.08397914	3.047142857142856e-05	0.00010157142857142854	51.946662187576294	241853.77659392357
6290	1379.919110666879	1024.0	100.92822265625	0.08392758	3.0428571428571423e-05	0.00010142857142857143	54.24673581123352	241908.02457237244
6291	1361.7536435024158	1011.1	99.693115234375	0.08402746	3.038571428571429e-05	0.00010128571428571432	54.21469736099243	241962.24051475525
6292	1374.2870999625393	1010.5	100.19384765625	0.083993234	3.0342857142857124e-05	0.00010114285714285709	51.99856519699097	242014.24049663544
6293	1389.0389100296368	1024.0	100.45166015625	0.08391568	3.029999999999999e-05	0.00010099999999999997	52.19895386695862	242066.45282816887
6294	1379.7149050044702	1020.09	100.959228515625	0.08387641	3.025714285714286e-05	0.00010085714285714286	55.325074195861816	242121.78051018715
6295	1382.4987437981304	1020.36	100.21728515625	0.083786	3.0214285714285726e-05	0.00010071428571428575	54.07130026817322	242175.86453604698
6296	1387.02720320676	1020.25	100.232421875	0.08375993	3.017142857142856e-05	0.00010057142857142853	56.2787983417511	242232.14455747604
6297	1382.049506929793	1024.0	99.732666015625	0.08372582	3.0128571428571423e-05	0.00010042857142857142	52.444602966308594	242284.606539011
6298	1359.5146013384742	1008.66	99.498291015625	0.08369985	3.008571428571429e-05	0.00010028571428571431	51.33103060722351	242335.94848275185
6299	1380.3430422631784	1020.26	100.24853515625	0.08372227	3.0042857142857123e-05	0.00010014285714285709	50.00756859779358	242385.95921325684
6300	1353.7462626524948	1006.8	100.25537109375	0.08368256	2.999999999999999e-05	9.999999999999998e-05	49.7792432308197	242435.74048757553
6301	1377.4678625478496	1020.5	101.26416015625	0.08363285	2.9957142857142858e-05	9.985714285714287e-05	49.087374448776245	242484.84848475456
6302	1383.7967086486126	1020.19	101.27294921875	0.083579086	2.9914285714285725e-05	9.971428571428575e-05	48.894978761672974	242533.74448895454
6303	1364.0840308090926	1009.0	100.28076171875	0.083584994	2.987142857142856e-05	9.957142857142853e-05	49.01102304458618	242582.76449751854
6304	1378.577109013926	1012.77	100.538818359375	0.08349677	2.9828571428571422e-05	9.942857142857142e-05	49.963178634643555	242632.72876119614
6305	1378.2429800739994	1017.27	100.2958984375	0.08346904	2.978571428571429e-05	9.928571428571431e-05	50.05420279502869	242682.78447961807
6306	1358.2079617303516	1012.69	100.06201171875	0.083418526	2.9742857142857123e-05	9.914285714285709e-05	49.177581787109375	242731.9785068035
6307	1373.8447016487562	1008.73	100.5615234375	0.08335585	2.969999999999999e-05	9.899999999999998e-05	49.00095868110657	242780.98047733307
6308	1362.7732493121684	1005.64	101.56982421875	0.08335745	2.9657142857142857e-05	9.885714285714287e-05	49.03460359573364	242830.01648187637
6309	1360.5808104573834	1006.78	101.076904296875	0.08337054	2.9614285714285725e-05	9.871428571428576e-05	49.8774778842926	242879.89654016495
6310	1344.1725821258028	995.83	100.33544921875	0.08333514	2.9571428571428558e-05	9.857142857142854e-05	49.50724267959595	242929.4164736271
6311	1381.0708517806456	1019.92	100.34326171875	0.08329617	2.9528571428571425e-05	9.842857142857143e-05	52.141478061676025	242981.57442235947
6312	1369.9467132708337	1017.06	100.35107421875	0.08331838	2.948571428571429e-05	9.828571428571431e-05	49.46433758735657	243031.04048514366
6313	1376.3986064535875	1020.05	100.10888671875	0.08331968	2.9442857142857156e-05	9.81428571428572e-05	50.8023407459259	243081.8444197178
6314	1356.807628241576	1005.14	100.8662109375	0.08330391	2.939999999999999e-05	9.799999999999998e-05	49.913851261138916	243131.76050543785
6315	1346.8626557458547	1002.47	101.12451171875	0.08331313	2.9357142857142857e-05	9.785714285714287e-05	49.39189147949219	243181.16047883034
6316	1382.5779880737834	1020.34	100.38232421875	0.0832916	2.9314285714285724e-05	9.771428571428576e-05	49.38182473182678	243230.54450964928
6317	1350.2324206459816	999.33	100.64013671875	0.08324682	2.9271428571428557e-05	9.757142857142853e-05	48.01599049568176	243278.56188988686
6318	1364.4303569492095	1006.65	100.406494140625	0.08321521	2.9228571428571425e-05	9.742857142857142e-05	50.49905037879944	243329.07648015022
6319	1380.1177449172014	1016.83	101.15673828125	0.083138965	2.918571428571429e-05	9.728571428571432e-05	49.06270456314087	243378.14051818848
6320	1356.1316772729074	1004.65	100.16455078125	0.08307202	2.9142857142857156e-05	9.71428571428572e-05	49.50302314758301	243427.65249085426
6321	1354.8187659445175	1009.15	101.17236328125	0.083055556	2.909999999999999e-05	9.699999999999997e-05	49.43466925621033	243477.08867788315
6322	1387.9141013222732	1020.04	100.18017578125	0.083031625	2.9057142857142856e-05	9.685714285714286e-05	49.028589963912964	243526.1187400818
6323	1369.8049769468244	1016.31	100.687744140625	0.082998306	2.9014285714285724e-05	9.671428571428575e-05	50.10877513885498	243576.2382903099
6324	1365.1996330462446	1010.6	100.69384765625	0.08302023	2.8971428571428557e-05	9.657142857142853e-05	50.59500026702881	243626.8564889431
6325	1369.4070684899957	1010.44	101.70361328125	0.08295673	2.8928571428571424e-05	9.642857142857142e-05	51.386200189590454	243678.25648880005
6326	1379.0718941721989	1018.4	100.71142578125	0.08294507	2.888571428571429e-05	9.62857142857143e-05	49.16257166862488	243727.43249893188
6327	1381.142129494025	1024.0	100.718505859375	0.08293477	2.8842857142857155e-05	9.61428571428572e-05	51.38356399536133	243778.82450175285
6328	1380.347259351389	1020.37	100.47705078125	0.08287208	2.879999999999999e-05	9.599999999999998e-05	58.31451082229614	243837.1407866478
6329	1347.0875734311333	991.02	100.98486328125	0.08285014	2.8757142857142856e-05	9.585714285714286e-05	54.742656230926514	243891.88449668884
6330	1381.2088418341546	1024.0	100.74267578125	0.082862645	2.8714285714285723e-05	9.571428571428575e-05	53.77469515800476	243945.66403985023
6331	1371.2228138573028	1012.59	100.74853515625	0.0828735	2.8671428571428556e-05	9.557142857142853e-05	52.48287534713745	243998.1645386219
6332	1384.065174337104	1024.0	100.007568359375	0.08294236	2.8628571428571424e-05	9.542857142857142e-05	53.009939193725586	244051.17649960518
6333	1379.488765360099	1021.05	101.76611328125	0.08291363	2.858571428571429e-05	9.528571428571431e-05	52.58276343345642	244103.76053214073
6334	1363.4350170625041	1010.98	100.77490234375	0.0829046	2.8542857142857155e-05	9.51428571428572e-05	54.29335284233093	244158.06273055077
6335	1352.4477853610413	1002.87	100.53271484375	0.08283187	2.8499999999999988e-05	9.499999999999998e-05	51.83211851119995	244209.90906977654
6336	1354.0440921101158	996.28	100.53955078125	0.082880504	2.8457142857142855e-05	9.485714285714287e-05	53.187156438827515	244263.10849142075
6337	1356.558935572309	1004.89	100.298095703125	0.0828519	2.8414285714285722e-05	9.471428571428576e-05	59.983153104782104	244323.10455203056
6338	1352.4280061519087	1001.58	100.31396484375	0.08282667	2.8371428571428556e-05	9.457142857142854e-05	57.415496826171875	244380.53654551506
6339	1372.90604063504	1014.4	102.060302734375	0.08275119	2.8328571428571423e-05	9.442857142857142e-05	57.13852882385254	244437.67702555656
6340	1354.6808346366895	1002.82	101.82177734375	0.08271973	2.828571428571429e-05	9.428571428571431e-05	53.323482275009155	244491.01649284363
6341	1353.8859758987337	996.63	100.578857421875	0.082683526	2.8242857142857158e-05	9.41428571428572e-05	53.15415143966675	244544.17305970192
6342	1368.0504445928702	1016.35	100.33544921875	0.0826518	2.819999999999999e-05	9.399999999999998e-05	52.89131426811218	244597.0730843544
6343	1365.7895907869024	1006.18	101.09521484375	0.08265691	2.8157142857142855e-05	9.385714285714287e-05	55.51766753196716	244652.59247541428
6344	1374.8355566862601	1014.13	100.35302734375	0.08259158	2.8114285714285722e-05	9.371428571428576e-05	58.340821743011475	244711.08855104446
6345	1383.24174786613	1022.44	100.861083984375	0.082601905	2.8071428571428555e-05	9.357142857142852e-05	59.183578968048096	244770.29259085655
6346	1370.0414494495856	1012.93	101.867919921875	0.08256385	2.8028571428571423e-05	9.342857142857141e-05	57.607614278793335	244827.92054390907
6347	1382.4080981780953	1024.0	101.876220703125	0.08255679	2.798571428571429e-05	9.32857142857143e-05	58.48565173149109	244886.4082634449
6348	1343.6646906093606	995.31	100.63427734375	0.08248953	2.7942857142857157e-05	9.314285714285719e-05	55.3008029460907	244941.90043759346
6349	1371.9731964113464	1020.73	101.3916015625	0.08251845	2.789999999999999e-05	9.299999999999997e-05	52.3280553817749	244994.24507379532
6350	1367.6581218863603	1005.35	100.406982421875	0.08251676	2.7857142857142854e-05	9.285714285714286e-05	57.45870518684387	245051.70849108696
6351	1344.532200947272	999.33	100.65869140625	0.08247639	2.781428571428572e-05	9.271428571428575e-05	56.57852602005005	245108.3004977703
6352	1371.1322534161948	1010.65	101.29150390625	0.08246382	2.7771428571428555e-05	9.257142857142853e-05	57.74759030342102	245166.04915714264
6353	1374.8629168314285	1012.34	100.80712890625	0.08244168	2.7728571428571422e-05	9.242857142857142e-05	59.08836531639099	245225.1528301239
6354	1373.971007010118	1018.72	101.8056640625	0.08241422	2.768571428571429e-05	9.22857142857143e-05	57.61023783683777	245282.76449346542
6355	1376.2815918515519	1018.09	101.564453125	0.08242077	2.7642857142857157e-05	9.214285714285719e-05	57.79890179634094	245340.57622885704
6356	1379.8960993301653	1018.03	102.07275390625	0.082452714	2.759999999999999e-05	9.199999999999997e-05	56.69238018989563	245397.2848007679
6357	1388.5387953769625	1022.04	102.330078125	0.08239415	2.7557142857142857e-05	9.185714285714286e-05	53.36549782752991	245450.65249466896
6358	1375.513096025958	1015.06	101.588134765625	0.08233418	2.751428571428572e-05	9.171428571428575e-05	58.118990898132324	245508.7844939232
6359	1376.1958506938981	1016.34	101.59521484375	0.08231178	2.7471428571428554e-05	9.157142857142853e-05	59.16909837722778	245567.96622610092
6360	1363.7428300421386	1010.94	100.853515625	0.08228455	2.742857142857142e-05	9.142857142857142e-05	57.615493059158325	245625.59648537636
6361	1381.8755524748403	1018.72	101.611328125	0.082275875	2.738571428571429e-05	9.128571428571431e-05	59.251129388809204	245684.8565146923
6362	1363.731764855171	1009.42	100.61767578125	0.082253546	2.7342857142857156e-05	9.11428571428572e-05	58.58464765548706	245743.4422328472
6363	1376.9273619878336	1016.06	102.37744140625	0.082268596	2.729999999999999e-05	9.099999999999998e-05	57.945589780807495	245801.38973212242
6364	1350.663122374058	1000.7	100.892822265625	0.08223296	2.7257142857142857e-05	9.085714285714286e-05	57.228402614593506	245858.62050318718
6365	1374.8683514127815	1013.33	101.892822265625	0.082237184	2.721428571428572e-05	9.071428571428575e-05	52.666096925735474	245911.28849697113
6366	1339.1543188921873	990.49	101.40087890625	0.0822143	2.7171428571428554e-05	9.057142857142853e-05	57.99974799156189	245969.29024076462
6367	1391.897675677404	1024.0	101.40869140625	0.082169496	2.712857142857142e-05	9.042857142857142e-05	57.90801644325256	246027.21690034866
6368	1371.5738432302317	1015.25	101.916259765625	0.082197815	2.7085714285714288e-05	9.028571428571431e-05	59.39815592765808	246086.61649274826
6369	1362.521766904906	1004.77	101.675048828125	0.082162425	2.7042857142857155e-05	9.01428571428572e-05	58.236048221588135	246144.86847805977
6370	1352.902164625127	1002.21	100.932861328125	0.08218046	2.699999999999999e-05	8.999999999999997e-05	58.198832750320435	246203.068495512
6371	1371.4362448539352	1010.68	102.190185546875	0.08214158	2.6957142857142856e-05	8.985714285714285e-05	52.291523694992065	246255.3765039444
6372	1337.9338911434784	989.02	100.706298828125	0.08216622	2.691428571428572e-05	8.971428571428574e-05	58.894068479537964	246314.27252411842
6373	1357.2645486220179	1004.88	101.455810546875	0.0822007	2.6871428571428553e-05	8.957142857142852e-05	51.72306489944458	246366.00465035439
6374	1368.4806788576689	1016.31	100.4638671875	0.082187176	2.682857142857142e-05	8.942857142857141e-05	57.0711030960083	246423.0886092186
6375	1374.913300445169	1016.27	100.971923828125	0.08213101	2.6785714285714288e-05	8.92857142857143e-05	57.40206003189087	246480.68850159645
6376	1364.4281754513672	1008.87	100.979736328125	0.08201894	2.6742857142857155e-05	8.914285714285719e-05	58.806631326675415	246539.50782680511
6377	1394.174153743122	1024.0	100.98681640625	0.081938796	2.669999999999999e-05	8.899999999999997e-05	57.62704944610596	246597.13637137413
6378	1349.537410388584	1001.06	100.994873046875	0.08188745	2.6657142857142856e-05	8.885714285714286e-05	59.57063603401184	246656.7085006237
6379	1347.320948522299	1002.6	101.510498046875	0.08188411	2.6614285714285723e-05	8.871428571428574e-05	54.414870262145996	246711.12470316887
6380	1370.0589115623934	1008.15	101.010986328125	0.08182285	2.6571428571428556e-05	8.857142857142852e-05	59.244839668273926	246770.38077878952
6381	1387.8314883603869	1024.0	101.018798828125	0.0817854	2.652857142857142e-05	8.842857142857141e-05	55.507413387298584	246825.90071082115
6382	1361.342218032529	1008.24	101.7763671875	0.08176703	2.6485714285714287e-05	8.82857142857143e-05	57.51905107498169	246883.44402742386
6383	1390.4087927358441	1024.0	100.784423828125	0.08173678	2.6442857142857154e-05	8.814285714285719e-05	57.803507804870605	246941.2604959011
6384	1373.7195018631576	1018.78	101.293212890625	0.08175129	2.6399999999999988e-05	8.799999999999997e-05	58.29137849807739	246999.5685043335
6385	1351.9814769150753	997.42	101.050048828125	0.08169138	2.6357142857142855e-05	8.785714285714286e-05	57.713860750198364	247057.28366708755
6386	1353.7534266417954	1001.68	102.05908203125	0.08166549	2.6314285714285722e-05	8.771428571428575e-05	59.57570457458496	247116.86078810692
6387	1379.2953495355716	1018.51	102.066162109375	0.08163846	2.6271428571428556e-05	8.757142857142853e-05	58.13033485412598	247174.9925737381
6388	1358.9415726385485	1006.83	101.074462890625	0.08162305	2.622857142857142e-05	8.742857142857142e-05	60.48322010040283	247235.49222111702
6389	1335.1173421994927	990.99	101.33056640625	0.08163769	2.6185714285714287e-05	8.72857142857143e-05	55.08147859573364	247290.58705329895
6390	1375.4251780713248	1020.53	101.089599609375	0.081607684	2.6142857142857154e-05	8.71428571428572e-05	56.490381956100464	247347.07922267914
6391	1386.4662625569063	1024.0	101.09716796875	0.08164226	2.6099999999999987e-05	8.699999999999997e-05	58.17656588554382	247405.25722551346
6392	1372.048126252885	1015.03	101.355712890625	0.081649944	2.6057142857142855e-05	8.685714285714286e-05	58.902281761169434	247464.1714735031
6393	1381.0237556647883	1024.0	101.363525390625	0.081641085	2.6014285714285722e-05	8.671428571428575e-05	57.780824184417725	247521.9657766819
6394	1384.597178838627	1022.16	101.12060546875	0.08160264	2.5971428571428555e-05	8.657142857142852e-05	58.93847107887268	247581.04231715202
6395	1385.7813569497819	1024.0	100.879150390625	0.08161029	2.5928571428571422e-05	8.64285714285714e-05	57.4526731967926	247638.49647927284
6396	1360.3427029926804	999.41	102.385986328125	0.081559986	2.5885714285714286e-05	8.62857142857143e-05	59.21188426017761	247697.72514677048
6397	1359.9190115644992	1001.48	101.394775390625	0.08153526	2.5842857142857153e-05	8.61428571428572e-05	56.80769181251526	247754.53464651108
6398	1335.7279618494701	988.34	100.65185546875	0.08148515	2.5799999999999987e-05	8.599999999999996e-05	57.952499866485596	247812.4884929657
6399	1366.2011759419472	1009.44	101.160400390625	0.08149389	2.5757142857142854e-05	8.585714285714285e-05	58.21055340766907	247870.70050168037
6400	1371.4885128115382	1018.12	101.667236328125	0.08148233	2.571428571428572e-05	8.571428571428574e-05	60.022258043289185	247930.72450971603
6401	1361.5875363827406	1008.89	101.17578125	0.0814887	2.5671428571428555e-05	8.557142857142852e-05	57.36319613456726	247988.1044945717
6402	1380.6817116862521	1018.14	101.934326171875	0.081445515	2.5628571428571422e-05	8.542857142857141e-05	58.83153820037842	248047.0924859047
6403	1342.6044232687843	997.02	101.192138671875	0.08139884	2.5585714285714286e-05	8.52857142857143e-05	58.42244362831116	248105.51648426056
6404	1398.910897933248	1024.0	101.2001953125	0.08137303	2.5542857142857153e-05	8.514285714285719e-05	58.998522996902466	248164.5164721012
6405	1358.6415765114393	1004.98	101.20703125	0.08135432	2.5499999999999986e-05	8.499999999999997e-05	59.37880039215088	248223.8967707157
6406	1346.5762211394124	999.88	101.4658203125	0.08137923	2.5457142857142853e-05	8.485714285714285e-05	58.49609327316284	248282.64880609512
6407	1365.4508239299403	1014.86	101.972412109375	0.08134871	2.541428571428572e-05	8.471428571428574e-05	58.867162466049194	248341.52847409248
6408	1386.0346531903417	1020.63	103.481689453125	0.08131241	2.5371428571428554e-05	8.457142857142852e-05	59.71668457984924	248401.26164507866
6409	1376.6983947259564	1016.42	101.23828125	0.081334494	2.532857142857142e-05	8.442857142857141e-05	59.89557981491089	248461.17289996147
6410	1374.7414230961583	1014.02	101.997314453125	0.08131147	2.528571428571429e-05	8.42857142857143e-05	60.60137724876404	248521.77584409714
6411	1357.2815070884858	1002.98	100.512451171875	0.081311055	2.5242857142857152e-05	8.414285714285719e-05	58.05903148651123	248579.85248041153
6412	1368.4109937026096	1008.58	101.762939453125	0.08128212	2.5199999999999986e-05	8.399999999999997e-05	57.151466846466064	248637.02855944633
6413	1372.638572970089	1016.38	101.270751953125	0.081246816	2.5157142857142853e-05	8.385714285714286e-05	56.19936800003052	248693.24057769775
6414	1354.9258920067455	1004.81	101.27783203125	0.08122567	2.511428571428572e-05	8.371428571428575e-05	58.88117027282715	248752.2462501526
6415	1363.276787002648	1006.23	101.7861328125	0.08121266	2.5071428571428554e-05	8.357142857142853e-05	59.925215005874634	248812.17278695107
6416	1343.1920279359795	994.39	102.35546875	0.08122108	2.502857142857142e-05	8.342857142857141e-05	60.803399324417114	248872.98851203918
6417	1349.9709494958404	1002.79	101.6142578125	0.081292614	2.4985714285714288e-05	8.32857142857143e-05	59.41133999824524	248932.40849208832
6418	1345.28735004075	997.29	102.371826171875	0.08128993	2.4942857142857152e-05	8.314285714285719e-05	60.70715808868408	248993.11701464653
6419	1373.896598747424	1013.32	101.879638671875	0.081263304	2.4899999999999985e-05	8.299999999999997e-05	57.447856426239014	249050.57704687119
6420	1363.3202407325766	1006.67	102.137451171875	0.08122812	2.4857142857142852e-05	8.285714285714286e-05	56.03139400482178	249106.61007761955
6421	1359.1614835446785	1004.62	101.145263671875	0.08117828	2.481428571428572e-05	8.271428571428575e-05	57.899741888046265	249164.5247850418
6422	1366.9736007625734	1013.15	101.653076171875	0.081194565	2.4771428571428553e-05	8.257142857142851e-05	59.21569085121155	249223.90472626686
6423	1382.1581367547071	1022.59	101.41015625	0.081158824	2.472857142857142e-05	8.24285714285714e-05	60.25256156921387	249284.17436933517
6424	1382.4028162675695	1020.45	101.41845703125	0.08112206	2.4685714285714288e-05	8.228571428571429e-05	58.435495376586914	249342.62853837013
6425	1382.7103863619602	1024.0	101.93408203125	0.081076555	2.4642857142857155e-05	8.214285714285718e-05	57.88519310951233	249400.52645111084
6426	1350.6034071722615	1003.52	101.433837890625	0.08105302	2.4599999999999985e-05	8.199999999999996e-05	58.68984651565552	249459.23875904083
6427	1356.2830307210652	1011.1	101.69921875	0.08098718	2.4557142857142852e-05	8.185714285714285e-05	53.7434458732605	249513.10848522186
6428	1363.9028537272804	1014.53	101.69970703125	0.0809289	2.451428571428572e-05	8.171428571428574e-05	51.21060395240784	249564.33252811432
6429	1384.3792464339065	1022.07	101.95751953125	0.080912866	2.4471428571428553e-05	8.157142857142852e-05	52.53770565986633	249616.87208223343
6430	1371.4996347385086	1020.16	102.96533203125	0.08084089	2.442857142857142e-05	8.14285714285714e-05	50.74636673927307	249667.62050294876
6431	1371.0638442947547	1012.54	100.98095703125	0.08083217	2.4385714285714287e-05	8.12857142857143e-05	50.622591495513916	249718.2447757721
6432	1366.9143277436121	1010.49	102.23046875	0.08086763	2.4342857142857154e-05	8.114285714285718e-05	51.030853509902954	249769.28447151184
6433	1381.6510020467208	1018.24	101.4892578125	0.08087607	2.4299999999999988e-05	8.099999999999996e-05	49.723448514938354	249819.01722598076
6434	1360.715422552206	1002.97	102.497802734375	0.08081203	2.425714285714285e-05	8.085714285714285e-05	50.56863713264465	249869.5877418518
6435	1373.401250455887	1012.76	101.005615234375	0.08079737	2.421428571428572e-05	8.071428571428574e-05	49.99094891548157	249919.5967822075
6436	1348.1968422936761	1001.2	101.513671875	0.080841646	2.4171428571428552e-05	8.057142857142852e-05	49.261873960494995	249968.86082482338
6437	1375.2972188223803	1020.63	101.5205078125	0.08082997	2.412857142857142e-05	8.042857142857141e-05	50.630499839782715	250019.50040531158
6438	1370.6314942143779	1012.49	101.529052734375	0.080806725	2.4085714285714286e-05	8.02857142857143e-05	49.191792249679565	250068.7087879181
6439	1369.512257003103	1010.48	102.287109375	0.08085248	2.4042857142857154e-05	8.014285714285719e-05	50.787015438079834	250119.50051736832
6440	1357.4852220364078	1009.06	102.548095703125	0.08088042	2.3999999999999987e-05	7.999999999999997e-05	50.574806928634644	250170.07681679726
6441	1349.8343722504571	998.85	101.0634765625	0.080862395	2.395714285714285e-05	7.985714285714285e-05	50.88641595840454	250220.9650862217
6442	1356.6109497611112	1008.69	101.79150390625	0.08080892	2.3914285714285718e-05	7.971428571428574e-05	48.92737293243408	250269.91248774529
6443	1366.8189228372537	1014.62	101.55908203125	0.08080387	2.3871428571428585e-05	7.957142857142863e-05	49.02453351020813	250318.9389922619
6444	1351.5940539726716	1003.02	102.8251953125	0.080755614	2.382857142857142e-05	7.942857142857141e-05	49.53138828277588	250368.48048853874
6445	1390.7629322473936	1023.35	102.3251953125	0.080720134	2.3785714285714286e-05	7.92857142857143e-05	49.045886516571045	250417.5284910202
6446	1364.9004786277612	1007.23	101.582275390625	0.08072908	2.3742857142857153e-05	7.914285714285719e-05	50.2100191116333	250467.7404808998
6447	1371.9973510812604	1010.41	102.08984375	0.08066828	2.3699999999999987e-05	7.899999999999996e-05	48.537737131118774	250516.28847384453
6448	1360.2694367353158	1012.16	101.84814453125	0.080600314	2.3657142857142854e-05	7.885714285714284e-05	49.90973687171936	250566.20041394234
6449	1377.3147674411312	1016.18	101.35546875	0.08051545	2.3614285714285718e-05	7.871428571428573e-05	49.555429458618164	250615.76788043976
6450	1375.458775081429	1024.0	102.11279296875	0.08053544	2.3571428571428585e-05	7.857142857142862e-05	49.372721910476685	250665.16235375404
6451	1353.8235805553963	998.11	102.12255859375	0.080515675	2.3528571428571418e-05	7.84285714285714e-05	48.44006705284119	250713.6164944172
6452	1378.2655874476457	1021.68	101.88037109375	0.08054065	2.3485714285714285e-05	7.828571428571429e-05	49.06553840637207	250762.69539284706
6453	1344.6867408769779	993.65	102.137939453125	0.08053394	2.3442857142857153e-05	7.814285714285718e-05	49.51545333862305	250812.2209558487
6454	1369.447552168303	1011.52	101.646240234375	0.08050549	2.3399999999999986e-05	7.799999999999996e-05	48.800785064697266	250861.0383234024
6455	1377.9519494861458	1020.09	102.9033203125	0.08045442	2.3357142857142853e-05	7.785714285714285e-05	49.9107506275177	250910.9603242874
6456	1351.5011563747748	998.62	102.4111328125	0.08044272	2.3314285714285717e-05	7.771428571428573e-05	50.353501319885254	250961.31593751907
6457	1334.3965430946073	992.32	101.41943359375	0.08046122	2.3271428571428584e-05	7.757142857142862e-05	50.32668852806091	251011.64448666573
6458	1382.7506929636843	1014.75	101.6767578125	0.080392584	2.3228571428571418e-05	7.74285714285714e-05	49.59854793548584	251061.24448752403
6459	1353.9171982618384	1002.76	102.18408203125	0.08041782	2.3185714285714285e-05	7.728571428571429e-05	50.53411626815796	251111.78048467636
6460	1344.5579653944858	998.39	102.4423828125	0.08034901	2.3142857142857152e-05	7.714285714285718e-05	49.51902413368225	251161.30142116547
6461	1367.8629547656628	1010.58	101.7001953125	0.08034804	2.3099999999999986e-05	7.699999999999996e-05	50.07326292991638	251211.3765809536
6462	1365.1612584218758	1009.03	101.7080078125	0.08041211	2.3057142857142853e-05	7.685714285714285e-05	50.06829118728638	251261.46137166023
6463	1371.5262972916526	1010.93	101.4736328125	0.08041721	2.301428571428572e-05	7.671428571428574e-05	50.793179750442505	251312.2564754486
6464	1391.4212482120527	1024.0	101.72314453125	0.080446176	2.2971428571428584e-05	7.657142857142863e-05	49.45802450180054	251361.71651673317
6465	1346.8750967124536	995.25	101.9814453125	0.08044093	2.2928571428571417e-05	7.64285714285714e-05	48.35775923728943	251410.07590961456
6466	1348.3849239219753	997.64	101.9892578125	0.080333464	2.2885714285714284e-05	7.62857142857143e-05	48.970011949539185	251459.05955314636
6467	1387.5507967351157	1024.0	102.498046875	0.08027825	2.284285714285715e-05	7.614285714285718e-05	49.206599950790405	251508.28046894073
6468	1385.4947238752097	1024.0	101.75537109375	0.08024038	2.2799999999999985e-05	7.599999999999996e-05	49.67038106918335	251557.952501297
6469	1386.3036688268146	1020.26	101.763427734375	0.08025385	2.2757142857142852e-05	7.585714285714285e-05	49.38177251815796	251607.33654236794
6470	1377.6215148070175	1014.16	102.521484375	0.080219485	2.271428571428572e-05	7.571428571428574e-05	49.294668436050415	251656.64449381828
6471	1378.00595638471	1018.08	102.279296875	0.0801368	2.2671428571428583e-05	7.557142857142863e-05	49.31345844268799	251705.96049141884
6472	1361.8837824430054	1008.22	101.787109375	0.08016858	2.2628571428571417e-05	7.54285714285714e-05	51.3710036277771	251757.34449410439
6473	1374.9907687250065	1016.07	102.544677734375	0.08013124	2.2585714285714284e-05	7.528571428571428e-05	50.57441782951355	251807.92079639435
6474	1367.5894160081216	1008.72	102.552734375	0.08014601	2.254285714285715e-05	7.514285714285717e-05	48.637906074523926	251856.56049394608
6475	1394.5381874104987	1024.0	101.81103515625	0.0801179	2.2499999999999984e-05	7.499999999999995e-05	48.734906911849976	251905.29650354385
6476	1364.5908151369995	1007.17	101.818359375	0.080078796	2.2457142857142852e-05	7.485714285714284e-05	50.3586745262146	251955.66848015785
6477	1385.4298368445116	1020.2	101.823974609375	0.08002218	2.241428571428572e-05	7.471428571428573e-05	51.0207998752594	252006.6913704872
6478	1390.2882816354406	1024.0	102.83056640625	0.07999035	2.2371428571428586e-05	7.457142857142862e-05	49.215306520462036	252055.90878343582
6479	1372.0785968288346	1018.31	102.33935546875	0.07993943	2.232857142857142e-05	7.44285714285714e-05	49.38693928718567	252105.312479496
6480	1356.4671912487115	1007.11	102.72216796875	0.07992944	2.2285714285714283e-05	7.428571428571429e-05	50.09013295173645	252155.4044597149
6481	1379.3729647956125	1024.0	101.97998046875	0.07987604	2.224285714285715e-05	7.414285714285718e-05	50.2469482421875	252205.66450738907
6482	1378.242966653067	1014.69	102.738525390625	0.07980043	2.2199999999999984e-05	7.399999999999996e-05	49.00728464126587	252254.68049502373
6483	1390.4685264438403	1024.0	102.2470703125	0.07976357	2.215714285714285e-05	7.385714285714284e-05	49.67127203941345	252304.35648846626
6484	1371.6894093399844	1012.67	103.504638671875	0.079672985	2.211428571428572e-05	7.371428571428573e-05	48.852410554885864	252353.21255874634
6485	1358.9982272736897	1004.64	102.5126953125	0.079693966	2.2071428571428586e-05	7.357142857142862e-05	50.97040772438049	252404.19647479057
6486	1354.7761764458699	1005.27	101.770263671875	0.079670474	2.202857142857142e-05	7.34285714285714e-05	49.3830189704895	252453.59649586678
6487	1378.0468345938395	1022.6	102.0283203125	0.07969537	2.1985714285714283e-05	7.328571428571429e-05	50.16649675369263	252503.76503920555
6488	1376.2868031018509	1018.06	101.53466796875	0.07972798	2.194285714285715e-05	7.314285714285718e-05	50.71930813789368	252554.4964776039
6489	1359.7148185309372	1004.14	101.80126953125	0.07966718	2.1899999999999983e-05	7.299999999999996e-05	51.95883512496948	252606.46848392487
6490	1369.393179190372	1010.13	102.30126953125	0.07964211	2.185714285714285e-05	7.285714285714285e-05	49.92731833457947	252656.41247487068
6491	1393.8859026977304	1024.0	102.558349609375	0.07961883	2.1814285714285718e-05	7.271428571428574e-05	50.63844585418701	252707.0529613495
6492	1372.6932981337886	1010.64	102.316650390625	0.07957192	2.1771428571428585e-05	7.257142857142862e-05	50.04715633392334	252757.1027123928
6493	1387.8971712263144	1022.04	103.074462890625	0.079497136	2.172857142857142e-05	7.24285714285714e-05	49.243974447250366	252806.34851765633
6494	1385.7849911480114	1020.86	102.340087890625	0.07948066	2.1685714285714286e-05	7.228571428571429e-05	50.05793786048889	252856.40846467018
6495	1371.427979476908	1010.87	102.08984375	0.07953224	2.164285714285715e-05	7.214285714285718e-05	49.47535157203674	252905.89246416092
6496	1384.8436588485547	1020.07	102.09814453125	0.07950144	2.1599999999999983e-05	7.199999999999996e-05	49.471269607543945	252955.3767774105
6497	1381.5541850969325	1016.59	102.1044921875	0.07950004	2.155714285714285e-05	7.185714285714285e-05	49.76241445541382	253005.14026260376
6498	1365.6197634686728	1002.55	102.613037109375	0.07946866	2.1514285714285717e-05	7.171428571428574e-05	49.20482063293457	253054.3467257023
6499	1388.987830961606	1024.0	102.871337890625	0.079475194	2.1471428571428585e-05	7.157142857142863e-05	49.3028290271759	253103.6644821167
6500	1369.627367922165	1016.15	102.878662109375	0.07945236	2.1428571428571418e-05	7.14285714285714e-05	50.70521950721741	253154.3708269596
6501	1342.1905864717744	992.48	102.636474609375	0.079414524	2.1385714285714285e-05	7.128571428571428e-05	47.962358713150024	253202.34850239754
6502	1363.1028405101326	1009.09	102.394287109375	0.0793766	2.134285714285715e-05	7.114285714285717e-05	50.45001435279846	253252.8006682396
6503	1366.2226213640454	1012.62	102.652099609375	0.07936492	2.1299999999999982e-05	7.099999999999995e-05	49.92537069320679	253302.7428765297
6504	1371.772635543933	1011.24	101.91015625	0.07934251	2.125714285714285e-05	7.085714285714284e-05	49.233388900756836	253351.9869747162
6505	1364.6442878362855	1011.16	103.41650390625	0.07931376	2.1214285714285717e-05	7.071428571428573e-05	51.31939911842346	253403.32082653046
6506	1364.369508798766	1005.63	102.173095703125	0.07925228	2.1171428571428584e-05	7.057142857142862e-05	48.846089363098145	253452.16849255562
6507	1380.9076384574892	1014.06	101.6806640625	0.07920482	2.1128571428571417e-05	7.04285714285714e-05	54.094454765319824	253506.26481676102
6508	1368.1108132116256	1016.3	101.947998046875	0.079212405	2.1085714285714285e-05	7.028571428571428e-05	52.40225291252136	253558.66879367828
6509	1379.2807498645705	1020.22	102.696533203125	0.079165414	2.104285714285715e-05	7.014285714285717e-05	53.141159772872925	253611.81170916557
6510	1382.5524150011024	1022.75	102.467529296875	0.07918748	2.0999999999999982e-05	6.999999999999995e-05	53.59896945953369	253665.4284901619
6511	1379.419688040023	1016.28	102.213623046875	0.079116374	2.095714285714285e-05	6.985714285714284e-05	53.28340411186218	253718.73680734634
6512	1373.2168794252802	1012.47	101.971435546875	0.079084076	2.0914285714285716e-05	6.971428571428573e-05	56.58717060089111	253775.32582092285
6513	1363.3817603352468	1006.86	102.479248046875	0.079108514	2.0871428571428584e-05	6.957142857142862e-05	54.01524877548218	253829.34242272377
6514	1379.585131089375	1011.82	102.486083984375	0.07911637	2.0828571428571417e-05	6.94285714285714e-05	52.96390914916992	253882.31233382225
6515	1356.2468203530434	1006.73	102.2451171875	0.079095684	2.0785714285714284e-05	6.928571428571429e-05	52.71921992301941	253935.04879403114
6516	1376.1799117543414	1012.01	103.2529296875	0.07908269	2.074285714285715e-05	6.914285714285718e-05	52.203171253204346	253987.2645354271
6517	1368.822115011903	1011.31	103.0107421875	0.079087265	2.0699999999999985e-05	6.899999999999996e-05	52.65757369995117	254039.92453169823
6518	1384.0323729716492	1020.58	102.268798828125	0.07910423	2.065714285714285e-05	6.885714285714284e-05	55.41061449050903	254095.33683609962
6519	1364.816122420504	1008.72	102.276123046875	0.07906004	2.0614285714285716e-05	6.871428571428573e-05	53.73425221443176	254149.07306027412
6520	1387.6901976491627	1020.37	102.53466796875	0.07904231	2.0571428571428583e-05	6.857142857142862e-05	54.721686124801636	254203.79649925232
6521	1392.2854168903295	1024.0	102.54248046875	0.07900802	2.0528571428571416e-05	6.84285714285714e-05	53.94702506065369	254257.74499082565
6522	1373.5187614931122	1006.36	102.30029296875	0.07899673	2.0485714285714284e-05	6.828571428571429e-05	54.585482597351074	254312.33248114586
6523	1382.6342643283717	1024.0	103.0576171875	0.078981005	2.044285714285715e-05	6.814285714285718e-05	55.364935636520386	254367.71855306625
6524	1364.3328725130718	1008.85	102.815673828125	0.078991376	2.0399999999999984e-05	6.799999999999995e-05	52.53057503700256	254420.26889944077
6525	1340.4076717859416	992.37	102.331298828125	0.078958124	2.0357142857142848e-05	6.785714285714283e-05	53.87104535102844	254474.15246653557
6526	1373.7338978863374	1020.25	102.581298828125	0.07893535	2.0314285714285715e-05	6.771428571428572e-05	54.28250789642334	254528.43652415276
6527	1386.8244522553446	1024.0	102.83056640625	0.078921564	2.0271428571428583e-05	6.757142857142861e-05	52.75511837005615	254581.20489740372
6528	1387.9111074940636	1023.9	102.838134765625	0.07891	2.0228571428571416e-05	6.742857142857139e-05	53.57905125617981	254634.78580975533
6529	1376.5489856211677	1016.08	101.603271484375	0.07888738	2.0185714285714283e-05	6.728571428571428e-05	54.19955396652222	254689.00050783157
6530	1373.639641109038	1013.17	101.8505859375	0.0788396	2.014285714285715e-05	6.714285714285717e-05	51.61130380630493	254740.6206190586
6531	1382.9341699732804	1014.21	102.600830078125	0.078752935	2.0099999999999984e-05	6.699999999999995e-05	53.1064875125885	254793.7396657467
6532	1382.8425739216152	1020.49	102.857666015625	0.07875146	2.005714285714285e-05	6.685714285714284e-05	52.51521420478821	254846.26850700378
6533	1377.1565170961812	1014.15	103.1171875	0.07874654	2.0014285714285715e-05	6.671428571428573e-05	52.18226885795593	254898.45248937607
6534	1382.311438166999	1024.0	102.357177734375	0.07873603	1.9971428571428582e-05	6.657142857142861e-05	54.841102600097656	254953.29504442215
6535	1378.771483256778	1014.37	102.614990234375	0.07868986	1.9928571428571415e-05	6.64285714285714e-05	54.83505940437317	255008.14455366135
6536	1363.394478258714	1003.08	102.37255859375	0.078650944	1.9885714285714283e-05	6.628571428571428e-05	53.21489977836609	255061.372505188
6537	1364.511453477935	1008.98	102.629638671875	0.078622125	1.984285714285715e-05	6.614285714285717e-05	53.692079305648804	255115.06658887863
6538	1386.485190628875	1020.5	102.887939453125	0.07860059	1.9799999999999983e-05	6.599999999999995e-05	52.734553813934326	255167.81651449203
6539	1394.7478229511328	1022.5	102.145751953125	0.07860776	1.975714285714285e-05	6.585714285714284e-05	51.60216975212097	255219.42054486275
6540	1374.8938977345358	1009.83	102.403564453125	0.078572035	1.9714285714285714e-05	6.571428571428573e-05	53.41840887069702	255272.8405096531
6541	1377.231544607503	1018.05	102.4189453125	0.07857963	1.967142857142858e-05	6.557142857142862e-05	53.642523527145386	255326.484500885
6542	1370.9322397077378	1007.2	103.168701171875	0.07860936	1.9628571428571415e-05	6.54285714285714e-05	52.26988625526428	255378.75652718544
6543	1369.1437690138857	1013.22	102.92626953125	0.07852135	1.9585714285714282e-05	6.528571428571429e-05	53.43891787528992	255432.208486557
6544	1363.9523883064217	1006.59	102.809814453125	0.0785375	1.954285714285715e-05	6.514285714285717e-05	53.29478168487549	255485.50448727608
6545	1376.8332510876533	1018.84	103.067138671875	0.078512065	1.9499999999999983e-05	6.499999999999995e-05	56.002283811569214	255541.5085325241
6546	1370.6633346850151	1006.97	103.07470703125	0.078466974	1.945714285714285e-05	6.485714285714284e-05	53.434144735336304	255594.94450426102
6547	1371.6389397368735	1010.55	102.33349609375	0.07844735	1.9414285714285717e-05	6.471428571428573e-05	52.36801505088806	255647.32570242882
6548	1391.367975065513	1024.0	103.339111328125	0.07838562	1.937142857142858e-05	6.457142857142862e-05	53.048630714416504	255700.3898780346
6549	1389.8452047981853	1024.0	102.595947265625	0.078340285	1.9328571428571414e-05	6.442857142857139e-05	53.059441328048706	255753.4644780159
6550	1349.3696857473924	998.98	103.8525390625	0.07829744	1.928571428571428e-05	6.428571428571427e-05	52.79873847961426	255806.2876522541
6551	1379.0045101026333	1018.05	102.6103515625	0.07825791	1.924285714285715e-05	6.414285714285716e-05	52.599608421325684	255858.88852381706
6552	1373.5445526511458	1016.26	102.8681640625	0.07830396	1.9199999999999982e-05	6.399999999999994e-05	52.38611316680908	255911.27649831772
6553	1390.2462776850525	1024.0	103.6259765625	0.07834577	1.915714285714285e-05	6.385714285714283e-05	52.53024506568909	255963.80851244926
6554	1381.2655746188302	1024.0	102.634033203125	0.078327976	1.9114285714285717e-05	6.371428571428572e-05	53.539719343185425	256017.3500878811
6555	1373.493569195832	1018.27	102.641357421875	0.07828191	1.907142857142858e-05	6.357142857142861e-05	52.96385455131531	256070.316521883
6556	1379.519000543301	1018.17	103.3994140625	0.078268744	1.9028571428571414e-05	6.342857142857139e-05	51.622419357299805	256121.94082140923
6557	1372.4939740713155	1014.5	102.9072265625	0.07825848	1.898571428571428e-05	6.328571428571428e-05	52.83088040351868	256174.7844839096
6558	1364.8430424172925	1008.92	102.4150390625	0.0782795	1.894285714285715e-05	6.314285714285717e-05	52.74278426170349	256227.5404484272
6559	1380.8906593096513	1014.81	102.421875	0.07825311	1.889999999999998e-05	6.299999999999995e-05	53.00289463996887	256280.56049370766
6560	1377.725712893039	1008.15	103.1806640625	0.07820933	1.885714285714285e-05	6.285714285714283e-05	52.21446371078491	256332.77652525902
6561	1360.8160684860934	1004.46	103.68798828125	0.07818258	1.8814285714285716e-05	6.271428571428572e-05	53.71121025085449	256386.5004878044
6562	1385.8868118147511	1024.0	102.4462890625	0.07817997	1.8771428571428583e-05	6.257142857142861e-05	51.046499490737915	256437.54859042168
6563	1371.698881818858	1016.51	102.7041015625	0.07810924	1.8728571428571413e-05	6.242857142857139e-05	54.289005279541016	256491.85528206825
6564	1355.482769410946	999.48	103.461669921875	0.078086264	1.868571428571428e-05	6.228571428571428e-05	53.19986152648926	256545.05710458755
6565	1352.9034515408428	998.27	102.970703125	0.07806034	1.8642857142857148e-05	6.214285714285717e-05	52.193676710128784	256597.25254034996
6566	1392.4442887631362	1024.0	102.478515625	0.078073084	1.8600000000000015e-05	6.200000000000006e-05	52.2794394493103	256649.5445046425
6567	1370.2837128765375	1012.56	103.73388671875	0.07805444	1.855714285714285e-05	6.185714285714284e-05	51.69083619117737	256701.23661875725
6568	1361.3044396807506	998.65	102.242431640625	0.078105174	1.8514285714285716e-05	6.171428571428573e-05	53.08711218833923	256754.34048223495
6569	1336.0223291416457	983.63	103.001220703125	0.07805804	1.8471428571428583e-05	6.157142857142861e-05	52.97851085662842	256807.32101225853
6570	1380.1448317049983	1016.46	103.759765625	0.078027554	1.8428571428571416e-05	6.14285714285714e-05	51.537625789642334	256858.8604888916
6571	1358.284808699335	1002.97	102.517578125	0.077992566	1.838571428571428e-05	6.128571428571428e-05	52.743107318878174	256911.61656951904
6572	1371.5744354084204	1014.57	103.275390625	0.07795813	1.8342857142857147e-05	6.114285714285717e-05	53.6753306388855	256965.3046734333
6573	1376.9243670516883	1014.39	104.032470703125	0.077962555	1.8300000000000015e-05	6.100000000000005e-05	54.32451510429382	257019.64261889458
6574	1395.5011416347738	1024.0	103.541015625	0.077946015	1.8257142857142848e-05	6.085714285714283e-05	53.45684218406677	257073.10100769997
6575	1364.0466999296852	1010.42	103.298828125	0.0779391	1.8214285714285715e-05	6.071428571428572e-05	52.83101415634155	257125.940482378
6576	1383.451131004352	1024.0	103.556640625	0.077907234	1.8171428571428582e-05	6.057142857142861e-05	53.57769560813904	257179.53108215332
6577	1386.4406822457424	1022.47	103.064453125	0.07786966	1.8128571428571416e-05	6.042857142857139e-05	54.27562475204468	257233.82452607155
6578	1341.2670804236193	991.21	102.5712890625	0.0778398	1.808571428571428e-05	6.028571428571428e-05	54.194528102874756	257288.02051830292
6579	1381.9966844252929	1018.61	103.080078125	0.07779383	1.8042857142857147e-05	6.014285714285717e-05	55.43881320953369	257343.4782357216
6580	1379.4509530355715	1020.49	103.087890625	0.07777657	1.8000000000000014e-05	6.0000000000000056e-05	53.57503604888916	257397.05505990982
6581	1366.584759857784	1008.38	102.845703125	0.07777658	1.7957142857142847e-05	5.985714285714283e-05	50.97503304481506	257448.0404932499
6582	1349.0849850594448	1004.82	102.361083984375	0.07777222	1.7914285714285715e-05	5.9714285714285724e-05	49.831565380096436	257497.89254522324
6583	1377.6130163635949	1018.29	103.611572265625	0.07784635	1.7871428571428582e-05	5.957142857142861e-05	51.391247034072876	257549.29680418968
6584	1380.9130604992556	1018.09	102.869384765625	0.07786008	1.7828571428571415e-05	5.9428571428571386e-05	49.4937481880188	257598.79276037216
6585	1371.109690091135	1018.38	102.627197265625	0.07778872	1.7785714285714282e-05	5.9285714285714275e-05	49.11431908607483	257647.9089269638
6586	1369.584175519529	1014.09	103.635009765625	0.077819385	1.7742857142857146e-05	5.914285714285716e-05	49.64108157157898	257697.56647849083
6587	1381.1803870414412	1023.95	104.392578125	0.07781411	1.7700000000000013e-05	5.900000000000005e-05	51.87539768218994	257749.45649266243
6588	1369.3174261827253	1009.09	102.900634765625	0.07781005	1.7657142857142847e-05	5.885714285714283e-05	51.386545181274414	257800.84449005127
6589	1383.1687438618783	1014.13	103.158447265625	0.07775763	1.7614285714285714e-05	5.871428571428572e-05	50.777329206466675	257851.63249254227
6590	1372.9280428573975	1012.23	102.916259765625	0.07775731	1.757142857142858e-05	5.857142857142861e-05	49.95449733734131	257901.58848285675
6591	1343.026429733506	994.86	104.173828125	0.077786595	1.7528571428571415e-05	5.842857142857139e-05	50.37902760505676	257951.98050379753
6592	1382.4243043394026	1018.06	103.431884765625	0.077737354	1.7485714285714282e-05	5.828571428571428e-05	49.59096884727478	258001.58041739464
6593	1378.1523912290563	1014.87	103.939697265625	0.07773607	1.7442857142857146e-05	5.8142857142857166e-05	50.37694263458252	258051.98196673393
6594	1347.516508423757	995.63	103.696533203125	0.077740684	1.7400000000000013e-05	5.8000000000000055e-05	51.26046919822693	258103.24455022812
6595	1376.6957281611308	1018.1	102.955322265625	0.077738784	1.7357142857142846e-05	5.785714285714283e-05	49.228103160858154	258152.4855172634
6596	1380.3030140211279	1014.0	102.96240234375	0.07769404	1.7314285714285714e-05	5.7714285714285716e-05	51.34278082847595	258203.85184574127
6597	1376.6599104048628	1020.13	103.470947265625	0.07765313	1.727142857142858e-05	5.7571428571428605e-05	48.20363640785217	258252.068492651
6598	1369.6485061238955	1010.85	103.229736328125	0.07762744	1.7228571428571414e-05	5.7428571428571385e-05	50.92630362510681	258302.9964914322
6599	1354.7353149460273	1005.17	103.487548828125	0.07761969	1.718571428571428e-05	5.7285714285714274e-05	48.285062313079834	258351.29324650764
6600	1352.9555416165892	998.64	103.2451171875	0.07758322	1.714285714285715e-05	5.714285714285716e-05	50.85118269920349	258402.1645474434
6601	1373.9798229315475	1010.07	103.002685546875	0.077530265	1.7100000000000012e-05	5.700000000000005e-05	50.84674334526062	258453.02848362923
6602	1370.9736674453968	1008.2	103.01025390625	0.07743371	1.7057142857142846e-05	5.685714285714283e-05	49.64203953742981	258502.67554950714
6603	1376.2201948294223	1011.91	103.27587890625	0.077452146	1.7014285714285713e-05	5.671428571428572e-05	49.62242388725281	258552.30041575432
6604	1388.5917009336065	1014.37	103.276123046875	0.07734698	1.697142857142858e-05	5.657142857142861e-05	48.164299964904785	258600.4844918251
6605	1384.364603979821	1024.0	102.783203125	0.07736373	1.6928571428571414e-05	5.642857142857139e-05	50.195457458496094	258650.68848896027
6606	1343.2249112406798	999.28	104.79150390625	0.077323504	1.688571428571428e-05	5.6285714285714276e-05	52.2022864818573	258702.89270162582
6607	1363.5419445141742	1008.77	102.79931640625	0.07731421	1.6842857142857148e-05	5.6142857142857165e-05	49.93010997772217	258752.82447457314
6608	1372.1085546582044	1015.95	103.43115234375	0.07725954	1.6800000000000012e-05	5.600000000000005e-05	48.79892373085022	258801.62484025955
6609	1391.7186750438989	1024.0	103.68994140625	0.07723476	1.6757142857142845e-05	5.585714285714283e-05	49.4219925403595	258851.05904865265
6610	1361.0739878928016	1001.25	103.197021484375	0.077264726	1.6714285714285713e-05	5.5714285714285715e-05	50.65711426734924	258901.71785235405
6611	1364.71348768781	1008.23	103.205322265625	0.077226095	1.667142857142858e-05	5.5571428571428604e-05	50.79661679267883	258952.51648378372
6612	1357.5194704426779	998.75	104.21240234375	0.07721555	1.6628571428571413e-05	5.5428571428571384e-05	49.082655906677246	259001.612490654
6613	1382.3935804123068	1016.35	103.72021484375	0.07719091	1.658571428571428e-05	5.528571428571427e-05	48.2962703704834	259049.9105219841
6614	1360.127435060144	1007.07	103.227783203125	0.077143125	1.6542857142857148e-05	5.514285714285716e-05	50.372167110443115	259100.284491539
6615	1376.3002491807356	1016.42	103.23681640625	0.07706278	1.6500000000000015e-05	5.500000000000005e-05	49.2742862701416	259149.56049060822
