Epoch	Rews	Lens	RAM	Std	Lr_pi	Lr_vf	Time per ep	Time
0	53.84523320485167	65.62	39.356689453125	0.9974591	0.0003	0.001	14.647011041641235	14.651284217834473
1	57.83002289827767	66.86	40.665771484375	0.996237	0.00029995714285714284	0.0009998571428571428	16.04347038269043	30.695391178131104
2	56.17307946404044	68.25	40.575439453125	0.99515796	0.00029991428571428565	0.0009997142857142856	15.042572975158691	45.7393741607666
3	57.590908001847154	68.35	39.367919921875	0.9931417	0.00029987142857142857	0.0009995714285714287	14.536319971084595	60.27940368652344
4	57.54965590185377	67.4	39.39404296875	0.9899977	0.00029982857142857143	0.0009994285714285715	14.419306993484497	74.70034432411194
5	54.6930933697057	61.58	39.663818359375	0.98728514	0.0002997857142857143	0.0009992857142857143	14.852948188781738	89.55456733703613
6	56.20873405579937	65.26	39.67578125	0.98391837	0.0002997428571428571	0.000999142857142857	14.625508308410645	104.18043899536133
7	59.39381614967011	69.55	39.942626953125	0.9808182	0.00029969999999999997	0.000999	14.84918212890625	119.02973198890686
8	55.57076993480018	65.33	39.462158203125	0.97754997	0.00029965714285714283	0.000998857142857143	15.204850673675537	134.23546409606934
9	69.60317294989736	79.15	40.71337890625	0.9745727	0.0002996142857142857	0.0009987142857142857	15.137758016586304	149.3739411830902
10	61.35006883451968	69.97	39.98876953125	0.9722629	0.00029957142857142856	0.0009985714285714285	14.656879425048828	164.03153133392334
11	62.108780071333	71.62	40.4951171875	0.969769	0.0002995285714285714	0.0009984285714285716	15.227588415145874	179.25966882705688
12	68.7715145684875	79.02	40.042236328125	0.9669613	0.0002994857142857143	0.0009982857142857144	14.52252745628357	193.78349471092224
13	65.60351355811342	75.59	40.812255859375	0.96352524	0.0002994428571428571	0.0009981428571428572	14.971628427505493	208.75592947006226
14	78.45362310064928	87.1	39.81982421875	0.9604123	0.00029939999999999996	0.000998	14.546772241592407	223.30403017997742
15	69.87184903875874	80.38	40.5654296875	0.9566972	0.0002993571428571428	0.000997857142857143	15.245705842971802	238.55053305625916
16	71.86616162301537	80.89	39.83740234375	0.95376986	0.0002993142857142857	0.0009977142857142856	14.603897333145142	253.15517926216125
17	73.02913662038361	81.68	39.8427734375	0.94989514	0.00029927142857142855	0.0009975714285714286	15.442715406417847	268.59868812561035
18	83.20886884005263	93.34	39.879150390625	0.946773	0.0002992285714285714	0.0009974285714285714	14.555109977722168	283.154776096344
19	81.01659843934527	89.51	40.608642578125	0.9436664	0.0002991857142857143	0.0009972857142857144	15.111361742019653	298.2669851779938
20	81.61470169340384	94.12	39.9296875	0.93961996	0.0002991428571428571	0.000997142857142857	14.742439985275269	313.01054549217224
21	87.30160914820387	97.2	39.692626953125	0.93699795	0.00029909999999999995	0.000997	14.928696155548096	327.9400453567505
22	86.15514586357435	96.33	40.01318359375	0.9335609	0.0002990571428571428	0.0009968571428571429	14.595129013061523	342.53614926338196
23	91.45989552769677	98.71	39.77587890625	0.9299243	0.0002990142857142857	0.0009967142857142857	14.722895622253418	357.2601697444916
24	86.97698369586668	93.89	40.20849609375	0.9259835	0.00029897142857142854	0.0009965714285714285	14.579209804534912	371.84019327163696
25	101.88752058233527	109.5	40.802978515625	0.9224921	0.0002989285714285714	0.0009964285714285715	15.098335027694702	386.9396674633026
26	94.44148754898377	102.44	40.792236328125	0.91908175	0.00029888571428571427	0.0009962857142857143	14.37944746017456	401.3210234642029
27	108.47744516374247	117.94	40.093505859375	0.9152468	0.0002988428571428571	0.0009961428571428571	14.746750354766846	416.0689835548401
28	101.58877101443142	113.52	40.35009765625	0.9124537	0.0002988	0.000996	14.364838123321533	430.4344947338104
29	101.82975255340735	113.34	40.358154296875	0.90912694	0.00029875714285714286	0.000995857142857143	15.075219869613647	445.51105785369873
30	115.06880398545837	123.86	40.494384765625	0.90670246	0.00029871428571428567	0.0009957142857142858	14.30704140663147	459.81866431236267
31	106.65800049889691	118.15	41.368408203125	0.90395445	0.00029867142857142854	0.0009955714285714286	14.991708278656006	474.81181383132935
32	113.58170985687845	125.39	41.627197265625	0.90012807	0.0002986285714285714	0.0009954285714285714	14.36310625076294	489.1766285896301
33	111.8739229087131	121.72	41.261962890625	0.8968342	0.00029858571428571426	0.0009952857142857144	15.649607419967651	504.8274636268616
34	110.50489553689984	119.92	41.30517578125	0.89351505	0.00029854285714285713	0.0009951428571428572	14.927216291427612	519.7554018497467
35	122.40658966877896	134.38	41.353759765625	0.8899557	0.0002985	0.000995	15.1178879737854	534.8745865821838
36	139.66024533671316	150.37	41.371337890625	0.8869667	0.00029845714285714286	0.0009948571428571428	14.366294622421265	549.2420825958252
37	126.01312088150713	134.61	40.6796875	0.8841603	0.00029841428571428566	0.0009947142857142856	15.024135112762451	564.2667548656464
38	107.22277169940227	117.98	41.119140625	0.881253	0.00029837142857142853	0.0009945714285714286	14.439248323440552	578.7073798179626
39	116.23721804761149	127.99	42.34228515625	0.8787938	0.0002983285714285714	0.0009944285714285715	14.993400573730469	593.7020478248596
40	105.25260036137438	118.85	42.10498046875	0.8765251	0.00029828571428571426	0.0009942857142857143	14.513742208480835	608.2177543640137
41	116.41997859891963	126.37	41.86376953125	0.8741911	0.0002982428571428571	0.000994142857142857	15.057382583618164	623.2757368087769
42	91.09452818766171	100.96	41.87744140625	0.87221867	0.0002982	0.000994	14.534586906433105	637.812198638916
43	148.0409551279542	159.52	42.378173828125	0.8698249	0.00029815714285714285	0.000993857142857143	15.036678791046143	652.8516068458557
44	122.50191091137063	136.47	40.652587890625	0.8684318	0.00029811428571428566	0.0009937142857142857	14.427326440811157	667.2797772884369
45	130.5440839870894	140.33	42.15185546875	0.8661368	0.0002980714285714285	0.0009935714285714285	15.106851577758789	682.3883571624756
46	119.50025633558927	135.28	41.74365234375	0.8641122	0.0002980285714285714	0.0009934285714285715	14.41550612449646	696.8044283390045
47	136.31113679144025	151.07	41.994384765625	0.86239415	0.00029798571428571425	0.0009932857142857143	15.058012247085571	711.8637931346893
48	125.31918169748548	140.55	42.245849609375	0.8604712	0.0002979428571428571	0.0009931428571428572	9.619662761688232	721.4848363399506
49	139.15462167048452	160.77	41.994384765625	0.8581906	0.0002979	0.000993	15.014951467514038	736.5003714561462
50	128.4098921883999	145.54	42.247314453125	0.8565128	0.00029785714285714284	0.000992857142857143	15.124252319335938	751.6260235309601
51	125.22364700383895	145.21	42.53076171875	0.8539763	0.00029781428571428565	0.0009927142857142856	15.222520112991333	766.8497891426086
52	106.67953818742035	121.57	42.03173828125	0.85208535	0.0002977714285714285	0.0009925714285714286	14.506513357162476	781.35684633255
53	114.8310266736984	132.91	41.039794921875	0.84960335	0.00029772857142857143	0.0009924285714285714	15.190875768661499	796.5491852760315
54	109.84758545858352	127.91	40.790283203125	0.8474686	0.0002976857142857143	0.0009922857142857144	14.561907768249512	811.1128129959106
55	112.6011642755704	134.67	40.790771484375	0.8455315	0.0002976428571428571	0.000992142857142857	15.111216068267822	826.2247114181519
56	124.76494585195007	145.91	40.79150390625	0.8439431	0.00029759999999999997	0.000992	16.355536222457886	842.5818662643433
57	126.85007695276079	149.17	39.3603515625	0.8421187	0.00029755714285714283	0.0009918571428571429	15.018149852752686	857.6013655662537
58	126.50589900343701	149.02	40.603515625	0.8406002	0.0002975142857142857	0.0009917142857142859	14.840054512023926	872.4419622421265
59	126.93673108779701	145.23	40.874755859375	0.83792835	0.00029747142857142856	0.0009915714285714285	15.131919860839844	887.5754103660583
60	108.01191872228549	130.44	42.13427734375	0.8357628	0.0002974285714285714	0.0009914285714285715	15.075617790222168	902.6525931358337
61	116.06408014849436	139.74	41.9208984375	0.8334005	0.0002973857142857143	0.0009912857142857143	15.082897186279297	917.736044883728
62	103.78698827759328	128.65	41.933349609375	0.8314834	0.0002973428571428571	0.000991142857142857	14.800576448440552	932.5384995937347
63	88.74515381911534	106.44	40.72314453125	0.82967997	0.00029729999999999996	0.000991	15.20875334739685	947.748500585556
64	100.87513350290848	125.01	42.2158203125	0.8269715	0.0002972571428571428	0.000990857142857143	14.510308504104614	962.2593650817871
65	119.20260023388721	147.27	40.74853515625	0.8247769	0.0002972142857142857	0.0009907142857142857	15.020342350006104	977.2812857627869
66	113.71150172584439	137.93	42.539306640625	0.8225141	0.00029717142857142855	0.0009905714285714285	14.967947721481323	992.2499310970306
67	112.09694611772136	135.63	42.609619140625	0.82013315	0.0002971285714285714	0.0009904285714285714	15.377275943756104	1007.6282842159271
68	117.74863204639969	146.23	40.86767578125	0.81791	0.0002970857142857143	0.0009902857142857144	14.773132562637329	1022.4026458263397
69	124.7971164060031	156.31	42.36572265625	0.8160743	0.0002970428571428571	0.0009901428571428572	15.24763536453247	1037.6513335704803
70	119.437517901696	151.35	42.3740234375	0.8137981	0.00029699999999999996	0.00099	14.514533996582031	1052.1677305698395
71	120.98712551532414	155.92	42.20751953125	0.811534	0.0002969571428571428	0.0009898571428571428	14.989783525466919	1067.1591827869415
72	84.32252829504623	109.28	42.2060546875	0.80926937	0.0002969142857142857	0.0009897142857142858	14.461511373519897	1081.6220405101776
73	110.96019200504998	146.14	42.709716796875	0.8071839	0.00029687142857142855	0.0009895714285714286	15.058995962142944	1096.681569814682
74	85.95241752392877	107.93	40.968505859375	0.80532664	0.0002968285714285714	0.0009894285714285714	14.824743509292603	1111.5078518390656
75	103.12241757696945	134.39	40.9697265625	0.803129	0.0002967857142857143	0.0009892857142857142	15.046605110168457	1126.55561876297
76	94.78034026157533	126.41	42.201904296875	0.8012328	0.0002967428571428571	0.000989142857142857	14.480190992355347	1141.0359992980957
77	113.42521600495117	144.93	40.971923828125	0.798819	0.00029669999999999995	0.000989	15.016860246658325	1156.054650068283
78	85.06922902976632	110.31	40.972412109375	0.7968207	0.0002966571428571428	0.0009888571428571429	14.732503414154053	1170.7877287864685
79	118.14554250009911	156.2	42.218505859375	0.7942126	0.00029661428571428573	0.0009887142857142857	15.049087762832642	1185.8382451534271
80	116.02829692563995	151.62	41.2265625	0.7917938	0.00029657142857142854	0.0009885714285714285	14.655674457550049	1200.49525308609
81	106.75915660929435	138.43	42.2275390625	0.789656	0.0002965285714285714	0.0009884285714285715	14.545374393463135	1215.042155265808
82	129.37851590324996	162.74	42.480224609375	0.7876165	0.00029648571428571427	0.0009882857142857143	14.989350318908691	1230.0321502685547
83	151.69245214829292	196.47	42.2470703125	0.7845175	0.00029644285714285713	0.0009881428571428571	14.49033236503601	1244.524032831192
84	101.43808674618778	135.64	41.018798828125	0.78243643	0.0002964	0.000988	14.574117422103882	1259.0994656085968
85	108.43897696575713	152.18	42.013427734375	0.77990204	0.00029635714285714286	0.000987857142857143	14.633628368377686	1273.7336344718933
86	113.51160790398245	160.8	41.790771484375	0.7780189	0.0002963142857142857	0.0009877142857142858	9.51234769821167	1283.247746706009
87	140.13934880614175	187.18	42.29638671875	0.77617955	0.00029627142857142853	0.0009875714285714286	14.616345882415771	1297.8646302223206
88	41.99697990487227	55.21	42.343994140625	0.77446526	0.0002962285714285714	0.0009874285714285714	14.96045184135437	1312.8267946243286
89	26.85730872590352	40.4	42.361083984375	0.7727744	0.00029618571428571426	0.0009872857142857144	14.42559552192688	1327.2538571357727
90	37.6667349374233	57.73	41.375	0.7706794	0.0002961428571428571	0.0009871428571428572	14.954301834106445	1342.2087047100067
91	66.98579692847991	95.53	42.367919921875	0.7682684	0.0002961	0.000987	14.612833023071289	1356.8232691287994
92	28.22540404364521	43.17	42.384521484375	0.76576775	0.00029605714285714285	0.0009868571428571428	14.922826766967773	1371.7474212646484
93	125.98947654554013	172.53	41.392333984375	0.7639211	0.0002960142857142857	0.0009867142857142859	9.444162130355835	1381.1919429302216
94	110.29617248944822	150.76	42.392333984375	0.76164204	0.0002959714285714285	0.0009865714285714287	15.073011636734009	1396.2655630111694
95	153.14714141040986	202.04	42.393310546875	0.760166	0.0002959285714285714	0.0009864285714285715	14.624581098556519	1410.8917150497437
96	62.2968610947182	85.83	41.15234375	0.75843996	0.00029588571428571425	0.0009862857142857143	14.950225353240967	1425.843383550644
97	71.06517486135189	106.87	42.429931640625	0.75648636	0.0002958428571428571	0.000986142857142857	14.687040090560913	1440.5320408344269
98	58.71988097679877	93.23	42.430908203125	0.7541236	0.0002958	0.0009860000000000001	14.481691360473633	1455.0153403282166
99	73.56608582137902	107.21	42.682373046875	0.7516491	0.00029575714285714284	0.000985857142857143	15.070670366287231	1470.0880942344666
100	107.85381950541647	145.69	41.4296875	0.74955016	0.0002957142857142857	0.0009857142857142857	14.537208795547485	1484.6272666454315
101	121.12112232393176	162.07	42.6845703125	0.7472248	0.0002956714285714285	0.0009855714285714285	14.86381459236145	1499.491869211197
102	90.74439453632988	136.02	42.68896484375	0.74457264	0.0002956285714285714	0.0009854285714285716	14.426915884017944	1513.9189875125885
103	97.64290211171017	143.32	42.689453125	0.74206185	0.00029558571428571425	0.0009852857142857144	14.792359590530396	1528.7123000621796
104	107.54579476710272	153.86	42.677978515625	0.73936063	0.0002955428571428571	0.0009851428571428572	14.647231578826904	1543.3605318069458
105	117.21720434452804	173.85	42.691650390625	0.73711413	0.00029549999999999997	0.000985	14.720999002456665	1558.0823969841003
106	148.05627441421058	216.33	41.199951171875	0.73493904	0.00029545714285714284	0.0009848571428571428	14.42938780784607	1572.5131986141205
107	127.77970769203174	191.83	41.73388671875	0.73363394	0.0002954142857142857	0.0009847142857142858	9.551350831985474	1582.0651500225067
108	155.04158862129395	224.45	42.72705078125	0.7312062	0.0002953714285714285	0.0009845714285714286	14.664332628250122	1596.7296006679535
109	148.82232986538233	209.37	42.495849609375	0.72914094	0.00029532857142857143	0.0009844285714285714	15.04744029045105	1611.7783694267273
110	155.48286155032145	216.14	42.004150390625	0.72680277	0.0002952857142857143	0.0009842857142857142	14.609040021896362	1626.388761997223
111	128.44058337698968	189.86	42.9970703125	0.7248364	0.0002952428571428571	0.000984142857142857	15.300545454025269	1641.6905097961426
112	71.06382834495992	102.32	42.747314453125	0.72250015	0.00029519999999999997	0.000984	14.700751781463623	1656.3918776512146
113	69.93353728269109	102.02	41.53271484375	0.72034883	0.00029515714285714283	0.0009838571428571429	15.05949091911316	1671.453696489334
114	67.29650343274409	99.75	39.985107421875	0.71837425	0.0002951142857142857	0.0009837142857142857	14.655680656433105	1686.1110405921936
115	68.89231321326761	101.92	42.286376953125	0.7159954	0.00029507142857142856	0.0009835714285714285	15.266620874404907	1701.3782064914703
116	78.80526635248795	115.21	43.537109375	0.7135326	0.0002950285714285714	0.0009834285714285715	9.884036540985107	1711.2641036510468
117	71.49643889274311	104.06	42.0322265625	0.7113926	0.0002949857142857143	0.0009832857142857143	15.374775409698486	1726.639431476593
118	95.31302218890707	143.17	42.550537109375	0.709543	0.0002949428571428571	0.0009831428571428571	14.65503454208374	1741.2962398529053
119	71.86956848016167	109.8	42.858154296875	0.7079666	0.00029489999999999996	0.000983	15.020457029342651	1756.3181335926056
120	101.25109204866793	141.61	42.8583984375	0.7062097	0.0002948571428571428	0.000982857142857143	14.544690608978271	1770.8646111488342
121	99.39204737627168	149.29	43.357421875	0.7049134	0.0002948142857142857	0.0009827142857142858	9.43056344985962	1780.2959988117218
122	120.05434995507602	173.88	43.1220703125	0.70318943	0.00029477142857142855	0.0009825714285714286	14.98954439163208	1795.2860889434814
123	116.15848592575706	170.61	42.12255859375	0.70098585	0.0002947285714285714	0.0009824285714285714	14.608050346374512	1809.8955008983612
124	135.01131921731695	190.88	43.12255859375	0.69886494	0.0002946857142857143	0.0009822857142857144	15.38071584701538	1825.27708029747
125	98.58419652561538	140.89	42.873291015625	0.6973743	0.0002946428571428571	0.0009821428571428572	14.943718433380127	1840.2225844860077
126	69.98434856147644	108.75	42.6240234375	0.69565684	0.00029459999999999995	0.000982	14.95532512664795	1855.1794555187225
127	70.34167239137324	112.14	42.3994140625	0.69396025	0.0002945571428571428	0.0009818571428571428	14.472033023834229	1869.6520295143127
128	80.7337644943736	125.06	41.884033203125	0.69220424	0.0002945142857142857	0.0009817142857142858	14.990768909454346	1884.6441745758057
129	101.38582984268245	145.38	42.876953125	0.6906914	0.00029447142857142854	0.0009815714285714287	14.651839256286621	1899.2976307868958
130	72.6094076675509	115.52	41.893310546875	0.6887819	0.0002944285714285714	0.0009814285714285715	14.95385217666626	1914.2532172203064
131	119.29056697516361	171.04	42.641845703125	0.68695253	0.00029438571428571427	0.0009812857142857143	14.684442281723022	1928.9388496875763
132	83.41714524829337	129.25	42.649658203125	0.6851781	0.0002943428571428571	0.000981142857142857	14.958992958068848	1943.8995885849
133	90.95036823685716	140.5	43.155029296875	0.6832542	0.00029429999999999994	0.000981	14.659461736679077	1958.5611019134521
134	96.67464006999971	151.67	42.69189453125	0.6812823	0.00029425714285714286	0.000980857142857143	15.358856201171875	1973.9208011627197
135	149.4766741828181	218.69	42.70751953125	0.67957467	0.0002942142857142857	0.0009807142857142857	14.888728857040405	1988.8113074302673
136	121.65215607369107	177.06	42.43798828125	0.67756194	0.00029417142857142854	0.0009805714285714285	14.999487400054932	2003.811597108841
137	105.2347783557659	154.84	41.7080078125	0.67507166	0.0002941285714285714	0.0009804285714285715	14.524394750595093	2018.3373889923096
138	133.66887575961076	199.4	42.474853515625	0.67299956	0.00029408571428571426	0.0009802857142857144	15.072594404220581	2033.4116623401642
139	149.39233855861593	219.62	43.225341796875	0.67120314	0.0002940428571428571	0.0009801428571428572	14.46703314781189	2047.8792371749878
140	150.5773939498445	228.33	42.248779296875	0.6690859	0.000294	0.00098	15.155433654785156	2063.0357778072357
141	167.33376578146235	252.08	42.7392578125	0.6665733	0.00029395714285714285	0.000979857142857143	14.646000385284424	2077.6831135749817
142	151.45949816292196	220.57	42.7841796875	0.6644227	0.0002939142857142857	0.0009797142857142858	15.110047101974487	2092.7940056324005
143	151.4730287591643	224.17	43.065673828125	0.6623741	0.00029387142857142853	0.0009795714285714286	14.540101289749146	2107.3357512950897
144	203.06625682062182	301.26	43.06787109375	0.65979177	0.0002938285714285714	0.0009794285714285714	15.093757390975952	2122.4303047657013
145	156.42259646178002	231.79	43.07177734375	0.65837735	0.00029378571428571426	0.0009792857142857144	14.509165287017822	2136.940042734146
146	195.83682675289649	282.22	43.101806640625	0.6566967	0.0002937428571428571	0.000979142857142857	15.119067668914795	2152.061015367508
147	195.75006782136344	277.82	43.13330078125	0.6547933	0.0002937	0.000979	14.753766059875488	2166.8164172172546
148	232.33344530310816	341.06	43.13525390625	0.6530219	0.00029365714285714285	0.0009788571428571429	15.181783437728882	2181.9998121261597
149	210.92812130334806	299.33	43.13818359375	0.6514098	0.0002936142857142857	0.0009787142857142859	14.692133665084839	2196.6932742595673
150	176.46782817505857	274.23	43.15380859375	0.64985687	0.0002935714285714285	0.0009785714285714285	15.01764988899231	2211.712940454483
151	225.68069980299487	338.69	43.148193359375	0.64779365	0.0002935285714285714	0.0009784285714285715	14.588258504867554	2226.302021741867
152	202.99070751177277	299.18	43.180908203125	0.64613104	0.00029348571428571425	0.0009782857142857143	15.139031171798706	2241.443037748337
153	231.26089585375138	323.61	43.19140625	0.6440427	0.0002934428571428571	0.0009781428571428571	14.743847608566284	2256.187450647354
154	229.44834791916196	334.42	42.943603515625	0.64288086	0.0002934	0.000978	15.123969554901123	2271.312337875366
155	255.63266499571583	359.77	43.18212890625	0.6413349	0.00029335714285714284	0.000977857142857143	14.658785820007324	2285.9730920791626
156	225.8850008092594	330.93	42.471923828125	0.6397189	0.0002933142857142857	0.0009777142857142858	15.390970706939697	2301.3645985126495
157	227.220899332872	335.94	43.00439453125	0.638041	0.0002932714285714285	0.0009775714285714286	14.931328058242798	2316.297449827194
158	232.5359086306913	335.66	42.734130859375	0.6365743	0.0002932285714285714	0.0009774285714285714	15.011352300643921	2331.310202598572
159	208.0643202364091	310.24	43.2255859375	0.6344938	0.0002931857142857143	0.0009772857142857144	15.436904668807983	2346.747642993927
160	253.13727803354482	367.8	43.296142578125	0.6324541	0.0002931428571428571	0.0009771428571428572	15.031042575836182	2361.7807359695435
161	256.01494699529246	384.34	43.29638671875	0.63026696	0.00029309999999999997	0.000977	14.81611967086792	2376.597422838211
162	236.3268108623062	347.55	43.06494140625	0.6293635	0.00029305714285714283	0.0009768571428571428	14.979118585586548	2391.5788395404816
163	257.26661594497307	378.14	43.30126953125	0.62798303	0.0002930142857142857	0.0009767142857142858	14.536505937576294	2406.116943836212
164	292.79103509674087	435.8	43.315673828125	0.6264451	0.00029297142857142856	0.0009765714285714286	15.133001565933228	2421.250517129898
165	275.07388880122386	399.76	43.338134765625	0.6253363	0.0002929285714285714	0.0009764285714285714	14.964513540267944	2436.216655731201
166	257.63003010508845	375.47	43.09375	0.6241372	0.0002928857142857143	0.0009762857142857144	15.066091060638428	2451.284609079361
167	271.909876445158	394.29	43.344482421875	0.62286675	0.0002928428571428571	0.0009761428571428571	14.710310935974121	2465.9958684444427
168	275.43929757634555	412.72	43.39892578125	0.62133026	0.00029279999999999996	0.000976	15.01810622215271	2481.014514684677
169	263.0712591435728	385.18	43.36962890625	0.6198392	0.0002927571428571428	0.0009758571428571429	14.821821928024292	2495.8377692699432
170	179.4488763686756	264.15	43.380859375	0.6188265	0.0002927142857142857	0.0009757142857142858	15.095414876937866	2510.9346327781677
171	157.85865410432743	238.54	43.38525390625	0.61778325	0.00029267142857142855	0.0009755714285714285	14.822067499160767	2525.7583062648773
172	182.13101177942133	269.0	40.60400390625	0.6160509	0.0002926285714285714	0.0009754285714285714	14.985895156860352	2540.7465546131134
173	193.82593756056423	280.41	43.139404296875	0.6146752	0.0002925857142857143	0.0009752857142857143	14.852735757827759	2555.600516319275
174	232.0747462426918	339.68	43.3935546875	0.6132802	0.0002925428571428571	0.0009751428571428571	15.101091146469116	2570.7030322551727
175	201.0016516250494	303.74	43.418701171875	0.6121567	0.00029249999999999995	0.000975	14.544645309448242	2585.2486691474915
176	204.5570849931498	302.51	42.185546875	0.6103797	0.0002924571428571428	0.0009748571428571429	15.149035930633545	2600.3998444080353
177	220.87333804883943	324.83	43.422607421875	0.60864115	0.0002924142857142857	0.0009747142857142858	14.502600193023682	2614.9048805236816
178	205.41963544812276	309.57	43.419921875	0.6070403	0.00029237142857142855	0.0009745714285714286	14.955342531204224	2629.8610713481903
179	208.38313561098022	311.19	41.94775390625	0.6054048	0.0002923285714285714	0.0009744285714285714	15.2226083278656	2645.0848710536957
180	256.0203208270655	378.92	43.450439453125	0.6036147	0.0002922857142857143	0.0009742857142857143	15.263305425643921	2660.3495392799377
181	282.26635599931296	416.02	43.202392578125	0.60231906	0.00029224285714285714	0.0009741428571428572	21.121641159057617	2681.4729619026184
182	281.12876968342016	415.89	43.218017578125	0.6011961	0.00029219999999999995	0.000974	14.536857843399048	2696.0121235847473
183	264.28644567402534	387.06	41.99072265625	0.5994483	0.0002921571428571428	0.0009738571428571428	14.596215724945068	2710.6098074913025
184	286.77170655052373	408.31	41.998291015625	0.5981342	0.0002921142857142857	0.0009737142857142858	14.955036163330078	2725.5654010772705
185	297.6635310087984	428.24	43.2470703125	0.5963313	0.00029207142857142854	0.0009735714285714286	14.555453777313232	2740.122510910034
186	290.3084402777825	424.84	42.017822265625	0.5955618	0.0002920285714285714	0.0009734285714285715	15.023901224136353	2755.1483294963837
187	257.35475420856903	374.56	43.7626953125	0.5942306	0.00029198571428571427	0.0009732857142857143	14.530197858810425	2769.6790599823
188	374.2126150072332	540.98	43.528564453125	0.5924688	0.0002919428571428571	0.0009731428571428571	15.22556734085083	2784.906055688858
189	368.90185176207984	523.49	43.572265625	0.59081745	0.0002919	0.000973	14.556452751159668	2799.464391231537
190	337.0274166134191	471.29	43.5361328125	0.58957934	0.00029185714285714286	0.0009728571428571429	14.96682357788086	2814.433265209198
191	343.89519723410535	510.77	43.310791015625	0.5877563	0.0002918142857142857	0.0009727142857142857	14.887064456939697	2829.321180820465
192	333.5238543751571	477.53	44.0673828125	0.5865997	0.00029177142857142853	0.0009725714285714285	14.630218982696533	2843.953581571579
193	342.8164077668659	496.72	42.838134765625	0.5864599	0.0002917285714285714	0.0009724285714285715	9.019674301147461	2852.9752037525177
194	417.80354271240327	597.61	43.59033203125	0.584977	0.00029168571428571426	0.0009722857142857144	14.966891050338745	2867.9426777362823
195	304.781844973464	432.2	42.10791015625	0.58346206	0.0002916428571428571	0.0009721428571428572	14.556002616882324	2882.4998936653137
196	329.4339684822592	457.77	43.609619140625	0.5822664	0.0002916	0.000972	15.01497197151184	2897.5154724121094
197	317.32201852912806	453.44	43.610107421875	0.58104235	0.00029155714285714285	0.0009718571428571429	15.596176147460938	2913.111791610718
198	279.5827308105994	399.91	42.637451171875	0.57943183	0.0002915142857142857	0.0009717142857142858	15.153840780258179	2928.266804456711
199	306.1457807370396	453.6	42.6435546875	0.57737017	0.0002914714285714285	0.0009715714285714285	14.460598230361938	2942.729295730591
200	309.2619671882647	446.98	42.900390625	0.57562	0.0002914285714285714	0.0009714285714285714	15.062248468399048	2957.7921130657196
201	235.63960093332545	349.12	43.181396484375	0.574251	0.00029138571428571425	0.0009712857142857144	14.508493185043335	2972.3016579151154
202	287.9378770560716	429.97	42.451416015625	0.5732593	0.0002913428571428571	0.0009711428571428573	14.985152006149292	2987.2886958122253
203	279.61456067362155	411.63	43.9306640625	0.5716815	0.0002913	0.000971	14.556048154830933	3001.845893383026
204	301.12395163068743	444.0	42.932373046875	0.5705153	0.00029125714285714284	0.0009708571428571429	15.15231204032898	3016.999453306198
205	305.3867818368211	441.21	42.707763671875	0.56890965	0.0002912142857142857	0.0009707142857142858	14.82440996170044	3031.8247368335724
206	262.6880539908871	395.83	43.95751953125	0.56874436	0.0002911714285714285	0.0009705714285714285	9.107276678085327	3040.9339401721954
207	283.93734667353203	420.15	43.955322265625	0.56720674	0.0002911285714285714	0.0009704285714285714	14.973140478134155	3055.9077496528625
208	319.1146415233095	471.7	43.225830078125	0.56532305	0.00029108571428571424	0.0009702857142857143	14.43169641494751	3070.3411881923676
209	311.61942784576956	463.05	43.9892578125	0.5652344	0.0002910428571428571	0.0009701428571428572	9.511373043060303	3079.85405254364
210	297.7281604468094	450.86	43.743896484375	0.563382	0.00029099999999999997	0.0009699999999999999	14.695309162139893	3094.549922466278
211	351.4412160247814	525.04	43.506103515625	0.56188613	0.00029095714285714284	0.0009698571428571429	14.928731203079224	3109.4802045822144
212	299.6959263481853	444.5	43.51708984375	0.5604494	0.0002909142857142857	0.0009697142857142858	14.780107021331787	3124.261119365692
213	329.00808045064923	484.74	43.526123046875	0.5591767	0.0002908714285714285	0.0009695714285714286	15.215357065200806	3139.477017879486
214	300.4921598773076	458.51	43.51953125	0.5577036	0.0002908285714285714	0.0009694285714285714	14.915313720703125	3154.3939683437347
215	318.0948887207718	474.41	44.046875	0.55747634	0.0002907857142857143	0.0009692857142857143	8.969083070755005	3163.363600254059
216	309.43612040082746	463.19	43.80810546875	0.55606335	0.00029074285714285715	0.0009691428571428572	14.85775351524353	3178.2235939502716
217	322.11973333218106	485.09	42.575439453125	0.554812	0.00029069999999999996	0.000969	14.522986650466919	3192.747658729553
218	311.30215555212976	453.82	43.57373046875	0.55355304	0.00029065714285714283	0.0009688571428571428	14.759350061416626	3207.507554769516
219	304.30742709599997	450.23	43.089599609375	0.5521221	0.0002906142857142857	0.0009687142857142857	14.45675015449524	3221.9666469097137
220	302.878310721973	464.58	43.84375	0.5505176	0.00029057142857142856	0.0009685714285714286	14.803622722625732	3236.7715108394623
221	340.71455363663125	501.8	43.605712890625	0.54913855	0.0002905285714285714	0.0009684285714285715	14.462894678115845	3251.236216545105
222	324.4960986873486	486.24	43.618408203125	0.5481586	0.0002904857142857143	0.0009682857142857143	15.08913516998291	3266.3255383968353
223	361.57029237833905	535.19	44.610595703125	0.54812104	0.00029044285714285715	0.0009681428571428572	8.924637079238892	3275.2524468898773
224	357.46835691249095	543.47	44.62255859375	0.5480588	0.00029039999999999996	0.000968	8.928296566009521	3284.180931329727
225	375.36357731942576	571.98	44.40087890625	0.5479818	0.0002903571428571428	0.0009678571428571429	9.060528993606567	3293.242068052292
226	423.80002636971403	629.67	44.40576171875	0.54788834	0.0002903142857142857	0.0009677142857142857	9.031225204467773	3302.2755172252655
227	398.4531307709057	590.86	44.66748046875	0.54777914	0.00029027142857142855	0.0009675714285714285	8.912679672241211	3311.188777446747
228	408.4098201781768	618.15	44.677734375	0.54766446	0.0002902285714285714	0.0009674285714285714	9.277029037475586	3320.466910839081
229	439.32662190992414	661.98	41.638671875	0.54753995	0.0002901857142857143	0.0009672857142857144	8.90212082862854	3329.369631767273
230	466.4859436574781	704.52	44.685302734375	0.5474077	0.00029014285714285714	0.0009671428571428572	8.939306497573853	3338.3109138011932
231	439.7981440362475	641.22	44.68310546875	0.54727685	0.00029009999999999995	0.000967	9.491209983825684	3347.8028144836426
232	493.88043015944635	726.17	44.698486328125	0.54713744	0.0002900571428571428	0.0009668571428571429	8.869524240493774	3356.6728649139404
233	496.28675926626124	714.26	44.472412109375	0.5470069	0.0002900142857142857	0.0009667142857142858	8.853290796279907	3365.528267621994
234	487.8458967430999	714.72	44.72509765625	0.5468759	0.00028997142857142854	0.0009665714285714285	8.870643615722656	3374.3995797634125
235	535.063182908901	770.96	44.744140625	0.54674286	0.0002899285714285714	0.0009664285714285714	9.093644380569458	3383.4938218593597
236	529.7661855672417	743.77	44.502685546875	0.546609	0.00028988571428571427	0.0009662857142857143	9.120811223983765	3392.615250825882
237	498.9706409575563	724.32	44.265869140625	0.5464642	0.00028984285714285713	0.0009661428571428573	8.874030351638794	3401.4917023181915
238	560.0850760059404	795.42	44.77099609375	0.5463326	0.00028979999999999994	0.000966	8.948685884475708	3410.441069126129
239	498.48240485580595	721.99	44.7861328125	0.5462033	0.0002897571428571428	0.0009658571428571429	8.83750319480896	3419.279235124588
240	495.63509970301135	709.87	44.7822265625	0.5460767	0.0002897142857142857	0.0009657142857142858	8.821583986282349	3428.1022238731384
241	490.0818822725711	693.3	44.544677734375	0.5459452	0.00028967142857142853	0.0009655714285714286	9.432777404785156	3437.53573012352
242	486.6332244608591	691.04	44.812255859375	0.54581255	0.0002896285714285714	0.0009654285714285714	8.81975793838501	3446.3560395240784
243	467.5849702359938	682.48	44.56494140625	0.5456739	0.00028958571428571426	0.0009652857142857143	8.837724924087524	3455.194385290146
244	484.952933606971	707.32	44.341552734375	0.545542	0.0002895428571428571	0.0009651428571428572	8.827986717224121	3464.024368286133
245	493.76130208127705	709.51	44.8369140625	0.54540193	0.0002895	0.000965	8.957701921463013	3472.982766866684
246	506.476593600255	728.2	44.85400390625	0.5452694	0.00028945714285714285	0.0009648571428571428	8.876399040222168	3481.8607444763184
247	470.1005299947034	671.86	44.86083984375	0.54496956	0.0002894142857142857	0.0009647142857142858	8.87316608428955	3490.7344624996185
248	470.8890455262246	675.99	44.87255859375	0.5448177	0.0002893714285714285	0.0009645714285714286	9.352237224578857	3500.0881497859955
249	448.66140934871856	658.28	44.876953125	0.5446741	0.0002893285714285714	0.0009644285714285715	9.176695823669434	3509.265450000763
250	458.8622163869136	678.57	44.884765625	0.54453135	0.00028928571428571425	0.0009642857142857143	9.099871397018433	3518.367516517639
251	388.7450073458143	592.43	44.90185546875	0.5443913	0.0002892428571428571	0.0009641428571428572	9.37625765800476	3527.7443726062775
252	431.6587361136667	660.14	44.911376953125	0.5442452	0.0002892	0.000964	8.8419930934906	3536.5869171619415
253	486.6394627337631	691.86	44.673828125	0.54393244	0.00028915714285714285	0.0009638571428571429	8.915635347366333	3545.503159761429
254	436.7469374810402	660.5	44.668701171875	0.5437726	0.0002891142857142857	0.0009637142857142857	8.860866785049438	3554.3661942481995
255	453.7729524502491	664.92	45.1904296875	0.54361343	0.0002890714285714285	0.0009635714285714285	8.949144124984741	3563.3160536289215
256	502.98359225829535	724.63	45.205078125	0.5434679	0.0002890285714285714	0.0009634285714285715	8.931459426879883	3572.2481169700623
257	423.70982380495144	631.12	45.22265625	0.5433217	0.00028898571428571425	0.0009632857142857144	8.892444610595703	3581.142516851425
258	523.64404546715	749.32	44.98095703125	0.54317373	0.0002889428571428571	0.0009631428571428572	9.496065378189087	3590.639347076416
259	453.7583331421518	671.66	45.4931640625	0.5430246	0.0002889	0.000963	8.82633090019226	3599.4657995700836
260	553.8429576167371	776.74	45.004150390625	0.54288083	0.00028885714285714284	0.0009628571428571429	8.795105218887329	3608.2628881931305
261	488.55005030230893	709.53	45.0126953125	0.5427387	0.0002888142857142857	0.0009627142857142857	9.36531686782837	3617.6288084983826
262	520.2367430975883	759.29	45.2734375	0.5426068	0.0002887714285714285	0.0009625714285714285	9.171818494796753	3626.801486492157
263	518.7702453145008	765.37	45.275634765625	0.5424707	0.0002887285714285714	0.0009624285714285714	8.836100816726685	3635.637805223465
264	474.38974480448894	696.94	45.292236328125	0.5423384	0.00028868571428571424	0.0009622857142857144	8.80178952217102	3644.4401342868805
265	440.9730199011261	635.88	45.302001953125	0.54222184	0.00028864285714285716	0.0009621428571428572	9.00296950340271	3653.445241689682
266	465.20405327665867	674.25	44.80810546875	0.54210275	0.00028859999999999997	0.000962	8.934694290161133	3662.38054895401
267	472.6071955036615	714.39	44.5703125	0.5418792	0.00028855714285714283	0.0009618571428571429	8.89585566520691	3671.2769725322723
268	503.6652169913705	755.88	45.079833984375	0.5417716	0.0002885142857142857	0.0009617142857142858	9.33924126625061	3680.617896795273
269	456.9607545368552	706.8	45.09033203125	0.5416663	0.0002884714285714285	0.0009615714285714285	8.836978197097778	3689.455504655838
270	470.2787934329157	710.75	45.100830078125	0.54155767	0.0002884285714285714	0.0009614285714285714	8.82532787322998	3698.2814354896545
271	507.1370144473598	765.91	45.1005859375	0.5414477	0.0002883857142857143	0.0009612857142857143	9.32114839553833	3707.60321187973
272	518.3501874816524	795.56	45.371337890625	0.54133254	0.00028834285714285715	0.0009611428571428572	8.828919649124146	3716.43408203125
273	474.4026241744883	722.79	45.129150390625	0.5412029	0.00028829999999999996	0.0009609999999999999	8.85995101928711	3725.2946202754974
274	468.10342237198057	700.02	44.89013671875	0.54094756	0.0002882571428571428	0.0009608571428571429	8.867623567581177	3734.1627757549286
275	476.0564945776485	720.81	45.142822265625	0.54082334	0.0002882142857142857	0.0009607142857142858	8.926022291183472	3743.0908212661743
276	463.4520594967496	696.84	45.15966796875	0.5406994	0.00028817142857142855	0.0009605714285714286	9.027619123458862	3752.119103193283
277	504.52422878961903	755.61	45.1591796875	0.5405789	0.0002881285714285714	0.0009604285714285714	8.812590599060059	3760.932581424713
278	479.4044673860902	691.12	45.17822265625	0.54045194	0.0002880857142857143	0.0009602857142857143	9.451048135757446	3770.3842146396637
279	441.4660320116176	649.85	44.69677734375	0.5403252	0.00028804285714285714	0.0009601428571428572	8.826656579971313	3779.212558031082
280	492.7973030908972	731.07	45.4423828125	0.54018736	0.00028799999999999995	0.00096	8.815118789672852	3788.0282697677612
281	449.2543169653694	679.73	45.208740234375	0.5400462	0.0002879571428571428	0.0009598571428571428	9.511882066726685	3797.5407276153564
282	465.51124294501335	678.13	45.211669921875	0.5399141	0.0002879142857142857	0.0009597142857142857	8.830528020858765	3806.3731319904327
283	468.0243114319879	704.42	44.7294921875	0.53962433	0.00028787142857142854	0.0009595714285714286	8.906030654907227	3815.2798619270325
284	446.77531214898704	660.12	45.221923828125	0.5394717	0.0002878285714285714	0.0009594285714285715	8.817235946655273	3824.097660779953
285	446.58707412823674	672.5	45.483154296875	0.539318	0.00028778571428571427	0.0009592857142857143	8.971172094345093	3833.0712535381317
286	468.6982115165979	701.53	45.257080078125	0.5391759	0.00028774285714285714	0.0009591428571428572	9.003549337387085	3842.075429201126
287	436.04617168538715	690.07	42.209716796875	0.5390381	0.00028769999999999995	0.000959	10.49202847480774	3852.569257736206
288	488.0520270801155	743.28	45.234619140625	0.5389101	0.0002876571428571428	0.0009588571428571429	9.052148342132568	3861.6226365566254
289	465.50244782807624	714.05	45.2705078125	0.53878266	0.0002876142857142857	0.0009587142857142857	9.141355991363525	3870.7646465301514
290	476.73033679225716	721.34	45.29296875	0.538662	0.00028757142857142854	0.0009585714285714286	9.100385904312134	3879.865134239197
291	521.2627516672499	777.08	45.551513671875	0.538547	0.0002875285714285714	0.0009584285714285714	9.51300048828125	3889.3799455165863
292	497.87101307495453	725.17	45.066650390625	0.5384341	0.00028748571428571427	0.0009582857142857144	8.926706552505493	3898.3072769641876
293	411.5037464216803	631.24	44.8154296875	0.538225	0.00028744285714285713	0.0009581428571428572	8.933787822723389	3907.24320602417
294	434.6539617559203	671.46	45.083984375	0.5381114	0.00028739999999999994	0.000958	9.345664739608765	3916.589398622513
295	455.7832361061695	680.04	45.330810546875	0.53800267	0.00028735714285714286	0.0009578571428571429	8.842365264892578	3925.432665348053
296	423.00132738327557	664.23	45.352783203125	0.53788775	0.0002873142857142857	0.0009577142857142858	8.954534769058228	3934.3877828121185
297	448.57267782202166	703.33	45.3671875	0.53776723	0.00028727142857142853	0.0009575714285714285	8.988540172576904	3943.3768453598022
298	443.1761504018057	693.47	45.619140625	0.5376422	0.0002872285714285714	0.0009574285714285714	8.98149561882019	3952.360289812088
299	438.94829992498654	693.99	45.636962890625	0.5375195	0.00028718571428571426	0.0009572857142857143	8.94193696975708	3961.3028421401978
300	445.6333564191169	701.87	45.3935546875	0.5373909	0.0002871428571428571	0.0009571428571428573	8.860457420349121	3970.1638827323914
301	406.84535053494466	648.02	45.408203125	0.53726214	0.0002871	0.000957	9.349887371063232	3979.5158462524414
302	460.49220357349606	711.4	45.414306640625	0.53715116	0.00028705714285714285	0.0009568571428571429	9.200396060943604	3988.716868162155
303	453.37155041198093	708.19	45.167724609375	0.5370478	0.0002870142857142857	0.0009567142857142858	8.853003025054932	3997.570477247238
304	488.22103557040145	735.32	45.42578125	0.53693837	0.0002869714285714286	0.0009565714285714287	9.348199844360352	4006.919315814972
305	536.2368099223627	797.67	45.204833984375	0.5368241	0.0002869285714285714	0.0009564285714285714	8.839812755584717	4015.7645421028137
306	488.046796930848	734.78	45.454833984375	0.5367115	0.00028688571428571425	0.0009562857142857143	8.905422449111938	4024.6706779003143
307	477.6579354757252	712.91	45.7041015625	0.5364649	0.0002868428571428571	0.0009561428571428572	8.87717080116272	4033.548420906067
308	497.47270087690464	756.43	45.7275390625	0.5363404	0.0002868	0.0009559999999999999	9.077877759933472	4042.628922224045
309	416.7335229845827	661.36	45.7216796875	0.53621334	0.00028675714285714284	0.0009558571428571428	8.883939504623413	4051.5136003494263
310	433.07079360027376	684.91	45.494384765625	0.53608984	0.0002867142857142857	0.0009557142857142858	8.828214883804321	4060.3423857688904
311	427.1760786555624	675.54	45.499267578125	0.5359679	0.0002866714285714285	0.0009555714285714286	9.475094318389893	4069.818083524704
312	439.2997288413704	698.8	45.764892578125	0.5358578	0.0002866285714285714	0.0009554285714285714	8.85587477684021	4078.6758081912994
313	397.3710237423257	655.65	45.023193359375	0.53562766	0.00028658571428571424	0.0009552857142857143	9.030982494354248	4087.7074637413025
314	430.0672384504971	694.23	45.27392578125	0.5355018	0.0002865428571428571	0.0009551428571428572	9.363353252410889	4097.071375846863
315	446.4998051013028	709.0	45.292236328125	0.5353733	0.00028649999999999997	0.000955	9.324283838272095	4106.397015810013
316	487.7952775176616	749.44	45.78955078125	0.5352549	0.00028645714285714283	0.0009548571428571428	8.93917441368103	4115.336835384369
317	491.82115418840743	759.05	45.810302734375	0.53513914	0.0002864142857142857	0.0009547142857142857	8.829990148544312	4124.167397022247
318	454.86085442063154	661.82	45.5712890625	0.5350173	0.00028637142857142856	0.0009545714285714286	9.007643222808838	4133.176865816116
319	478.2794789136576	707.98	45.83203125	0.5349021	0.00028632857142857137	0.0009544285714285715	8.895171165466309	4142.072730779648
320	417.5718015998572	621.61	45.340087890625	0.53479624	0.00028628571428571424	0.0009542857142857143	8.843231439590454	4150.91650223732
321	414.90173297140916	637.14	45.353759765625	0.5346976	0.00028624285714285715	0.0009541428571428572	9.35433292388916	4160.273048877716
322	442.96502477566696	659.44	45.355712890625	0.5345945	0.00028619999999999996	0.000954	8.81046175956726	4169.084107398987
323	428.1943455215099	640.3	45.119140625	0.5344061	0.00028615714285714283	0.0009538571428571429	8.874208688735962	4177.959381818771
324	491.6474484363392	737.61	45.6298828125	0.53431493	0.0002861142857142857	0.0009537142857142857	9.857132196426392	4187.817052125931
325	474.74163527914675	697.41	45.8916015625	0.53423053	0.00028607142857142856	0.0009535714285714285	8.849548816680908	4196.668038845062
326	487.43014140113024	710.58	45.65087890625	0.5341423	0.0002860285714285714	0.0009534285714285714	8.895206928253174	4205.563967466354
327	517.3737034592302	795.23	45.66259765625	0.5340567	0.0002859857142857143	0.0009532857142857143	8.89027738571167	4214.454803228378
328	509.8314305611391	769.57	45.422607421875	0.53396887	0.00028594285714285715	0.0009531428571428572	8.955577850341797	4223.412275791168
329	487.34977018315294	741.77	45.681640625	0.5338803	0.00028589999999999996	0.000953	9.019048690795898	4232.431950092316
330	468.04544810432367	725.19	45.69140625	0.53378296	0.0002858571428571428	0.0009528571428571429	9.060770511627197	4241.493586301804
331	476.5928252188198	702.12	44.951171875	0.53352135	0.0002858142857142857	0.0009527142857142858	9.093733549118042	4250.587895154953
332	473.1828620339366	727.72	45.962890625	0.53338	0.00028577142857142855	0.0009525714285714286	8.83571720123291	4259.4241938591
333	478.88470185422125	701.92	45.9716796875	0.5332376	0.0002857285714285714	0.0009524285714285714	8.83916163444519	4268.265239953995
334	511.27502565311494	755.18	45.732666015625	0.5331072	0.0002856857142857143	0.0009522857142857143	9.386567115783691	4277.652420759201
335	517.5978479252138	772.87	45.7392578125	0.5329724	0.00028564285714285714	0.0009521428571428572	8.813525438308716	4286.466513395309
336	498.2958386482405	739.22	45.999267578125	0.53284025	0.00028559999999999995	0.0009519999999999999	8.888527870178223	4295.357152938843
337	500.91062083199836	738.09	45.761962890625	0.53270984	0.0002855571428571428	0.0009518571428571429	8.810028314590454	4304.167808294296
338	500.7273049799501	750.45	46.005615234375	0.5325815	0.0002855142857142857	0.0009517142857142858	8.918057441711426	4313.086523532867
339	501.4559255314855	732.68	45.537109375	0.53246063	0.00028547142857142854	0.0009515714285714286	8.855635643005371	4321.944448232651
340	475.94944234327505	743.84	45.78857421875	0.532344	0.0002854285714285714	0.0009514285714285714	8.912598848342896	4330.857699871063
341	446.9085928890053	678.33	46.048583984375	0.5322274	0.00028538571428571427	0.0009512857142857143	9.44539213180542	4340.303726673126
342	479.75460391542475	722.65	45.80517578125	0.5321199	0.00028534285714285713	0.0009511428571428572	9.156340837478638	4349.460633277893
343	428.1495913840159	649.44	45.818359375	0.5320174	0.00028529999999999994	0.000951	8.853694438934326	4358.316631317139
344	440.93679400421536	671.52	42.771484375	0.5319222	0.0002852571428571428	0.0009508571428571428	9.356917381286621	4367.674288272858
345	518.243825740304	776.31	46.018798828125	0.53183264	0.00028521428571428567	0.0009507142857142857	8.951611280441284	4376.6265161037445
346	498.6957937847335	765.73	46.091552734375	0.53174114	0.0002851714285714286	0.0009505714285714287	8.98024845123291	4385.608919382095
347	507.62583431943386	767.55	45.602783203125	0.5316416	0.0002851285714285714	0.0009504285714285715	8.80377745628357	4394.413326501846
348	528.4026760780935	765.65	45.865234375	0.5314414	0.00028508571428571426	0.0009502857142857143	8.989588975906372	4403.403530597687
349	470.50608310583266	727.19	45.62255859375	0.5313423	0.0002850428571428571	0.0009501428571428572	8.785100221633911	4412.189186096191
350	518.1231709306578	760.44	45.883056640625	0.5312371	0.000285	0.00095	8.796998500823975	4420.9892473220825
351	511.0943090588085	752.4	46.14599609375	0.5311266	0.00028495714285714285	0.0009498571428571429	9.330698013305664	4430.320706129074
352	551.1482696620905	817.8	46.156005859375	0.5310108	0.0002849142857142857	0.0009497142857142857	8.79958724975586	4439.120826005936
353	534.8847163226671	810.47	45.916015625	0.5308898	0.0002848714285714286	0.0009495714285714286	8.836230993270874	4447.959095954895
354	532.7302908796676	817.39	45.925537109375	0.5307546	0.0002848285714285714	0.0009494285714285714	9.359220504760742	4457.318584680557
355	455.8308161823778	718.54	45.9375	0.5306123	0.00028478571428571425	0.0009492857142857144	9.10378122329712	4466.423618555069
356	486.7034533208562	753.97	45.9453125	0.5304777	0.0002847428571428571	0.0009491428571428572	9.113998889923096	4475.538161277771
357	460.305800992391	715.58	45.45556640625	0.53023	0.0002847	0.000949	8.86848497390747	4484.407204627991
358	497.55279300680525	769.1	45.96630859375	0.5300995	0.00028465714285714285	0.0009488571428571429	8.964691162109375	4493.373963356018
359	495.71874152103356	746.64	45.976318359375	0.5299608	0.0002846142857142857	0.0009487142857142858	8.854072570800781	4502.228650808334
360	491.43697105321786	742.4	45.9873046875	0.5298299	0.00028457142857142857	0.0009485714285714286	9.056526899337769	4511.287127971649
361	480.2242985244227	721.77	46.245849609375	0.5297001	0.0002845285714285714	0.0009484285714285714	9.397280216217041	4520.68451833725
362	467.76974629206995	710.39	46.003662109375	0.5295712	0.00028448571428571425	0.0009482857142857143	8.895039319992065	4529.581169366837
363	515.8296098228251	785.56	46.014892578125	0.52945065	0.0002844428571428571	0.0009481428571428571	8.8075692653656	4538.389383792877
364	493.8360438575482	771.97	45.77392578125	0.52934444	0.0002844	0.000948	10.414726495742798	4548.806111335754
365	515.4548700568083	759.7	45.78173828125	0.5292472	0.00028435714285714284	0.0009478571428571429	12.934633493423462	4561.742609500885
366	527.8634155479267	789.53	46.0419921875	0.52914804	0.0002843142857142857	0.0009477142857142858	8.96022653579712	4570.7060515880585
367	450.492530678914	697.85	46.303466796875	0.52904385	0.00028427142857142857	0.0009475714285714286	9.353373289108276	4580.060030221939
368	497.6876063396027	759.01	46.314453125	0.5289263	0.0002842285714285714	0.0009474285714285714	9.199474573135376	4589.260488986969
369	488.12559221183744	730.65	46.069091796875	0.5288118	0.00028418571428571424	0.0009472857142857143	8.801070213317871	4598.062090396881
370	467.97345274119556	717.56	45.583740234375	0.5285688	0.0002841428571428571	0.0009471428571428572	9.418551683425903	4607.482614278793
371	526.3906122583446	781.8	46.08544921875	0.5284489	0.00028409999999999997	0.0009469999999999999	8.769241333007812	4616.252053499222
372	537.2439811763571	807.92	46.103759765625	0.52831346	0.00028405714285714283	0.0009468571428571428	8.894630908966064	4625.147275924683
373	549.9501361804877	831.73	45.85107421875	0.5281687	0.0002840142857142857	0.0009467142857142858	8.813265085220337	4633.96210360527
374	512.7233644019595	796.25	46.123779296875	0.52802765	0.00028397142857142856	0.0009465714285714287	8.98054575920105	4642.943339586258
375	482.06340986036287	744.42	46.37353515625	0.5278823	0.00028392857142857137	0.0009464285714285714	8.85365343093872	4651.7975997924805
376	456.267432921084	700.01	46.13330078125	0.52773684	0.0002838857142857143	0.0009462857142857143	8.867192029953003	4660.666761636734
377	469.03071456145534	737.88	45.902587890625	0.52759475	0.00028384285714285715	0.0009461428571428572	9.40265154838562	4670.070012807846
378	466.94612293131155	740.4	45.90869140625	0.5273187	0.00028379999999999996	0.000946	8.892933130264282	4678.964612722397
379	517.6794572892074	779.85	46.423583984375	0.5271866	0.0002837571428571428	0.0009458571428571428	8.993661403656006	4687.958824396133
380	541.3851653300534	814.53	45.928466796875	0.5270538	0.0002837142857142857	0.0009457142857142857	9.395942449569702	4697.356442451477
381	457.9291158785287	716.54	46.1923828125	0.52691585	0.00028367142857142855	0.0009455714285714286	9.243634462356567	4706.6006116867065
382	501.26784674340786	774.72	46.193115234375	0.5267907	0.0002836285714285714	0.0009454285714285715	8.890870809555054	4715.493012905121
383	557.1602850156116	839.58	46.21240234375	0.52667385	0.0002835857142857143	0.0009452857142857143	8.812232732772827	4724.305819034576
384	547.911395029804	831.07	46.215087890625	0.5265551	0.00028354285714285714	0.0009451428571428572	9.070141792297363	4733.376558065414
385	572.4898679463856	835.42	46.230224609375	0.52643627	0.00028349999999999995	0.000945	8.8819260597229	4742.261048555374
386	503.17481494602913	760.77	46.4921875	0.52631897	0.0002834571428571428	0.0009448571428571429	8.882234334945679	4751.143972873688
387	534.9332965915542	835.44	46.248291015625	0.5262084	0.0002834142857142857	0.0009447142857142857	9.480755090713501	4760.625321865082
388	530.4540802111911	804.02	46.509033203125	0.52611285	0.00028337142857142854	0.0009445714285714286	8.780527114868164	4769.407665252686
389	488.2697414101931	743.74	45.761474609375	0.5259271	0.0002833285714285714	0.0009444285714285714	8.919995546340942	4778.328260421753
390	511.62671797459154	788.51	46.531494140625	0.5258394	0.00028328571428571427	0.0009442857142857143	9.378907680511475	4787.708547115326
391	538.8264492030216	833.02	46.53857421875	0.5257451	0.00028324285714285714	0.0009441428571428572	8.798089742660522	4796.507183074951
392	493.54067442572557	763.38	46.301025390625	0.5256596	0.00028319999999999994	0.000944	8.835054874420166	4805.344228506088
393	504.40027743893006	769.07	46.546875	0.5255677	0.0002831571428571428	0.0009438571428571429	8.867342472076416	4814.212248086929
394	544.5530499744763	859.53	46.309326171875	0.5254829	0.00028311428571428567	0.0009437142857142858	8.963096618652344	4823.17592549324
395	526.7647493484367	813.65	46.580810546875	0.5253948	0.00028307142857142854	0.0009435714285714286	9.052902460098267	4832.231249570847
396	540.9902410509817	819.04	46.089111328125	0.5253037	0.0002830285714285714	0.0009434285714285714	8.844892501831055	4841.076689481735
397	486.3637528157522	768.21	46.599853515625	0.52519983	0.00028298571428571426	0.0009432857142857143	9.242076873779297	4850.320825576782
398	522.7703726353077	799.55	46.34423828125	0.52509624	0.00028294285714285713	0.0009431428571428572	8.813543796539307	4859.13493013382
399	479.3643203939797	714.39	46.1201171875	0.5249931	0.00028289999999999994	0.0009429999999999999	8.986730813980103	4868.1239149570465
400	516.5710352680547	774.03	45.87744140625	0.52479845	0.0002828571428571428	0.0009428571428571429	9.441648006439209	4877.566162586212
401	468.1201443932287	720.65	46.1396484375	0.52469534	0.0002828142857142857	0.0009427142857142858	8.793553352355957	4886.360956907272
402	446.7919615466929	705.04	43.32958984375	0.5245862	0.0002827714285714286	0.0009425714285714287	8.87117862701416	4895.232794523239
403	460.15136366369035	700.21	46.39990234375	0.5244683	0.0002827285714285714	0.0009424285714285714	8.802842855453491	4904.0381281375885
404	461.24151110216917	726.17	46.418212890625	0.5243483	0.00028268571428571426	0.0009422857142857143	9.0728759765625	4913.111595630646
405	447.1478909363984	716.63	45.665283203125	0.52409315	0.0002826428571428571	0.0009421428571428572	8.877965688705444	4921.990148305893
406	440.22935214277123	690.44	46.687255859375	0.52396375	0.0002826	0.000942	8.82267451286316	4930.814177513123
407	447.0667029238786	719.31	46.195068359375	0.5238399	0.00028255714285714285	0.0009418571428571428	9.316768884658813	4940.131642103195
408	474.33776703210197	745.69	46.45751953125	0.5237127	0.0002825142857142857	0.0009417142857142857	9.407387733459473	4949.539663076401
409	489.39650891688507	749.42	46.450439453125	0.5236008	0.0002824714285714286	0.0009415714285714287	8.854753971099854	4958.397050142288
410	467.1427218252878	726.19	46.478271484375	0.52348673	0.0002824285714285714	0.0009414285714285715	9.374088764190674	4967.7717390060425
411	489.7391181012259	740.82	46.485595703125	0.52337635	0.00028238571428571425	0.0009412857142857143	8.84393048286438	4976.6162095069885
412	489.769569680953	747.45	46.24169921875	0.5232699	0.0002823428571428571	0.0009411428571428572	8.936192512512207	4985.557394742966
413	453.7622017428383	678.74	46.2548828125	0.5231647	0.0002823	0.0009410000000000001	8.846181631088257	4994.404160261154
414	460.5767439027627	704.67	46.511474609375	0.5230618	0.00028225714285714284	0.0009408571428571428	9.00968861579895	5003.414910078049
415	472.2457571315189	744.58	46.5263671875	0.52296305	0.0002822142857142857	0.0009407142857142857	8.991454839706421	5012.406976222992
416	467.49854216975507	700.5	46.019775390625	0.522759	0.00028217142857142857	0.0009405714285714286	8.864020824432373	5021.273587942123
417	508.8486040972355	753.4	46.54638671875	0.5226485	0.0002821285714285714	0.0009404285714285714	9.379750967025757	5030.6539351940155
418	524.3937201301369	798.44	46.5546875	0.52252895	0.00028208571428571424	0.0009402857142857142	8.912833452224731	5039.567342758179
419	483.02429088592044	752.89	46.81494140625	0.52241355	0.0002820428571428571	0.0009401428571428572	8.885076761245728	5048.45298075676
420	511.5112513128837	764.16	46.572998046875	0.52229804	0.00028199999999999997	0.00094	9.403368473052979	5057.858502626419
421	460.9919345853417	734.58	46.08447265625	0.52206355	0.00028195714285714283	0.0009398571428571429	10.336438655853271	5068.195470333099
422	480.8042602789667	733.39	46.595458984375	0.52194566	0.0002819142857142857	0.0009397142857142857	8.874960899353027	5077.074864149094
423	449.8106532116273	710.23	46.593017578125	0.52182657	0.00028187142857142856	0.0009395714285714286	9.588200092315674	5086.663614988327
424	521.4331306905857	789.17	46.369873046875	0.52170485	0.00028182857142857137	0.0009394285714285714	8.818883419036865	5095.483409881592
425	511.0833352356877	783.69	46.6259765625	0.5215866	0.00028178571428571423	0.0009392857142857143	8.887403726577759	5104.371447086334
426	471.66324338886966	735.03	46.63623046875	0.5214726	0.0002817428571428571	0.0009391428571428571	8.852372884750366	5113.225243330002
427	472.1317740283587	716.02	46.8955078125	0.5213503	0.0002817	0.0009390000000000001	9.06009292602539	5122.286089897156
428	469.74915299065833	741.19	46.65576171875	0.5212324	0.0002816571428571428	0.0009388571428571429	8.813698530197144	5131.100405693054
429	493.1459731786809	770.3	46.416259765625	0.52111787	0.0002816142857142857	0.0009387142857142858	8.912056922912598	5140.0130116939545
430	470.7483242818147	721.87	46.174560546875	0.5208811	0.00028157142857142855	0.0009385714285714286	9.627867460250854	5149.6431183815
431	486.4442369652876	762.69	46.43505859375	0.5207617	0.0002815285714285714	0.0009384285714285714	8.854500532150269	5158.49822807312
432	496.13671838750247	774.36	46.69384765625	0.5206387	0.0002814857142857143	0.0009382857142857143	16.18066954612732	5174.679529428482
433	482.27767892217736	742.62	46.702880859375	0.5205155	0.00028144285714285715	0.0009381428571428572	9.384477138519287	5184.065639019012
434	491.28677808631835	782.99	46.712646484375	0.5203925	0.00028139999999999996	0.0009379999999999999	9.020782709121704	5193.087047576904
435	464.2536635182641	723.14	46.47265625	0.52026594	0.0002813571428571428	0.0009378571428571428	8.855846166610718	5201.944822311401
436	532.9554645582106	791.83	46.7333984375	0.52014047	0.0002813142857142857	0.0009377142857142858	8.984206199645996	5210.929646730423
437	537.2347994825762	809.07	45.7421875	0.51989317	0.00028127142857142855	0.0009375714285714287	9.055276870727539	5219.986003398895
438	448.8238190917364	725.49	46.752197265625	0.5197665	0.0002812285714285714	0.0009374285714285714	8.96275806427002	5228.949334859848
439	457.2611935695527	720.49	46.7607421875	0.5196442	0.0002811857142857143	0.0009372857142857143	9.346964836120605	5238.298320531845
440	462.9439739238756	716.44	46.772705078125	0.51951164	0.00028114285714285714	0.0009371428571428572	8.885556936264038	5247.184484004974
441	475.6768734604027	714.05	46.781494140625	0.51937956	0.0002811	0.0009370000000000001	8.911290884017944	5256.096409320831
442	512.0781281285778	782.03	46.79150390625	0.5192539	0.0002810571428571428	0.0009368571428571428	9.581360578536987	5265.678324460983
443	432.4166410451877	676.45	46.56103515625	0.5191307	0.0002810142857142857	0.0009367142857142857	8.817222595214844	5274.497904777527
444	437.86669928858	693.65	47.06201171875	0.5190098	0.00028097142857142854	0.0009365714285714286	8.894312620162964	5283.392887830734
445	444.29409756612154	710.53	46.82177734375	0.5188915	0.0002809285714285714	0.0009364285714285715	8.80659031867981	5292.200134038925
446	459.0524897761638	730.44	46.829833984375	0.51877236	0.00028088571428571427	0.0009362857142857143	8.95582127571106	5301.15654706955
447	500.78012945130945	784.77	46.341064453125	0.5185217	0.00028084285714285713	0.0009361428571428572	9.216790437698364	5310.37544131279
448	439.9360602750183	683.43	46.8515625	0.51839876	0.00028079999999999994	0.000936	8.913710355758667	5319.289686918259
449	481.3802620592058	778.63	47.10009765625	0.5182778	0.0002807571428571428	0.0009358571428571429	9.458139657974243	5328.749377012253
450	462.3328085316831	709.04	47.121826171875	0.5181586	0.00028071428571428567	0.0009357142857142857	8.840424537658691	5337.590366363525
451	461.68216557850707	733.1	47.1318359375	0.5180418	0.00028067142857142853	0.0009355714285714286	8.85086703300476	5346.442268133163
452	468.6830806625575	741.06	46.63134765625	0.5178134	0.0002806285714285714	0.0009354285714285714	9.426573753356934	5355.8693952560425
453	466.7118212540496	725.46	47.150634765625	0.5176908	0.00028058571428571426	0.0009352857142857143	8.814440250396729	5364.684401035309
454	469.2182724548595	696.72	46.897705078125	0.51755786	0.0002805428571428571	0.0009351428571428572	8.803491353988647	5373.489738225937
455	509.2355456343157	787.17	47.169189453125	0.51742274	0.0002805	0.0009350000000000001	8.85348391532898	5382.343537807465
456	502.2146189928696	778.9	46.6806640625	0.5172961	0.00028045714285714285	0.0009348571428571429	9.007109642028809	5391.351259231567
457	506.67671098891003	795.03	46.93994140625	0.5171784	0.0002804142857142857	0.0009347142857142858	8.836120128631592	5400.189667463303
458	553.4993357952694	845.21	47.194580078125	0.51705986	0.0002803714285714286	0.0009345714285714286	8.979103565216064	5409.1694350242615
459	519.7949077331363	822.89	43.904541015625	0.51694494	0.0002803285714285714	0.0009344285714285714	9.548640489578247	5418.71870970726
460	552.2885586113821	832.38	46.904541015625	0.51682484	0.00028028571428571425	0.0009342857142857143	9.488524436950684	5428.208775758743
461	517.2285242096442	798.13	46.954345703125	0.516704	0.0002802428571428571	0.0009341428571428572	8.83938455581665	5437.048768758774
462	560.5104296898029	863.63	46.701904296875	0.5165878	0.0002802	0.0009339999999999999	9.560484170913696	5446.610173940659
463	524.0461084390669	813.9	46.728759765625	0.51647437	0.00028015714285714284	0.0009338571428571429	8.786561727523804	5455.397287845612
464	552.7726511961845	863.9	46.97705078125	0.5163613	0.0002801142857142857	0.0009337142857142858	8.805039167404175	5464.204961538315
465	529.9982681494914	816.59	47.01171875	0.51625603	0.00028007142857142857	0.0009335714285714286	8.820971488952637	5473.026677846909
466	506.2441309716412	794.72	46.5283203125	0.51603556	0.0002800285714285714	0.0009334285714285714	9.0635404586792	5482.09083032608
467	553.2918009348875	835.84	46.775390625	0.51592654	0.00027998571428571425	0.0009332857142857143	8.938792705535889	5491.031428337097
468	561.5617790337099	844.48	47.037353515625	0.51582766	0.0002799428571428571	0.0009331428571428572	8.84031367301941	5499.8724529743195
469	572.9846917694958	866.56	47.043701171875	0.51572716	0.0002799	0.000933	9.44504714012146	5509.318044185638
470	491.3476783745189	764.3	46.31591796875	0.5156361	0.00027985714285714284	0.0009328571428571428	8.829031467437744	5518.147634506226
471	464.7482142158273	752.85	46.818115234375	0.515549	0.0002798142857142857	0.0009327142857142857	8.878157615661621	5527.028289079666
472	503.7606698395575	787.89	46.58740234375	0.51534444	0.00027977142857142856	0.0009325714285714287	9.49380373954773	5536.522694826126
473	503.55226399369394	791.81	46.84619140625	0.5152395	0.0002797285714285714	0.0009324285714285714	9.304800748825073	5545.828057765961
474	472.0752687915213	741.01	46.845703125	0.51514125	0.00027968571428571424	0.0009322857142857143	8.844598531723022	5554.673764467239
475	488.08686887974227	764.66	46.8671875	0.51504034	0.0002796428571428571	0.0009321428571428572	8.80281138420105	5563.477272510529
476	533.2283974656774	834.0	47.623291015625	0.51493716	0.00027959999999999997	0.000932	9.043134927749634	5572.5209884643555
477	536.6169781663209	832.59	46.8876953125	0.5148356	0.00027955714285714283	0.0009318571428571428	8.755743980407715	5581.2783217430115
478	505.7469618599557	785.91	46.881591796875	0.51472217	0.0002795142857142857	0.0009317142857142857	8.818525791168213	5590.097542762756
479	507.8316972945007	773.45	46.905517578125	0.5146079	0.00027947142857142856	0.0009315714285714286	9.285568237304688	5599.383666038513
480	566.7071017933157	855.81	46.90673828125	0.514496	0.00027942857142857137	0.0009314285714285714	8.778536319732666	5608.162331104279
481	544.3687069353292	817.63	46.92529296875	0.51438385	0.00027938571428571423	0.0009312857142857142	8.831221342086792	5616.9959025383
482	530.2813027528998	811.96	47.43408203125	0.5142699	0.00027934285714285715	0.0009311428571428572	9.562210083007812	5626.558737277985
483	500.07833987330736	770.59	47.439453125	0.51403636	0.0002793	0.0009310000000000001	8.864869594573975	5635.424183607101
484	538.9820479363134	792.15	47.4541015625	0.51391894	0.0002792571428571428	0.0009308571428571429	8.800464391708374	5644.2264041900635
485	536.6173229688713	798.83	46.96484375	0.51381433	0.0002792142857142857	0.0009307142857142857	9.040830135345459	5653.267958164215
486	563.2037595268346	835.34	47.22509765625	0.5137011	0.00027917142857142855	0.0009305714285714286	8.931950569152832	5662.20049405098
487	491.9278043586424	753.92	47.23388671875	0.5135808	0.0002791285714285714	0.0009304285714285714	9.100836515426636	5671.303745269775
488	473.9976165211408	729.94	47.24365234375	0.5134599	0.0002790857142857143	0.0009302857142857143	8.87427806854248	5680.178586006165
489	508.0260346264637	755.97	47.004150390625	0.5133461	0.00027904285714285714	0.0009301428571428571	9.330482244491577	5689.511784315109
490	521.8452324242035	785.26	46.764404296875	0.5131304	0.00027899999999999995	0.0009299999999999999	8.84293270111084	5698.355282068253
491	504.9835753962753	763.84	47.27490234375	0.5130235	0.0002789571428571428	0.0009298571428571429	8.803724527359009	5707.1595623493195
492	543.0415639616555	817.42	47.284912109375	0.5129127	0.0002789142857142857	0.0009297142857142858	9.308945894241333	5716.470192670822
493	531.8511972026942	808.23	47.294921875	0.51279384	0.00027887142857142854	0.0009295714285714286	8.75904655456543	5725.229881286621
494	570.0310417498467	837.45	47.0537109375	0.5126746	0.0002788285714285714	0.0009294285714285714	8.752654075622559	5733.983130693436
495	537.1200024736864	801.76	47.312744140625	0.5125647	0.00027878571428571427	0.0009292857142857143	8.75181531906128	5742.743523359299
496	558.4138228168113	828.55	47.072509765625	0.5124725	0.00027874285714285713	0.0009291428571428572	9.238925695419312	5751.983047246933
497	548.8351119815566	838.07	47.321533203125	0.5123801	0.0002787	0.000929	8.856899738311768	5760.842371463776
498	554.5700642242358	833.33	47.093017578125	0.51228845	0.0002786571428571428	0.0009288571428571428	8.81015944480896	5769.652727127075
499	495.7624597624528	775.75	47.60302734375	0.51219314	0.00027861428571428567	0.0009287142857142858	9.324309349060059	5778.977612495422
500	529.1156035540582	801.04	47.362548828125	0.5121002	0.00027857142857142854	0.0009285714285714287	9.170833349227905	5788.150419950485
501	490.41794980256935	747.64	47.12158203125	0.5119234	0.0002785285714285714	0.0009284285714285714	8.845579862594604	5796.996699094772
502	560.4948042013913	836.02	47.130615234375	0.5118365	0.00027848571428571426	0.0009282857142857143	9.258660793304443	5806.255882740021
503	592.8635325366719	865.95	47.64208984375	0.51174945	0.0002784428571428571	0.0009281428571428572	9.028428792953491	5815.2858901023865
504	562.6508169524304	831.4	47.13916015625	0.5116635	0.0002784	0.0009280000000000001	8.760696172714233	5824.0472021102905
505	585.7153650605958	867.7	47.653076171875	0.5115797	0.0002783571428571428	0.0009278571428571428	8.981567144393921	5833.02979516983
506	590.7111723791486	880.06	47.42041015625	0.5114947	0.00027831428571428566	0.0009277142857142857	8.8474280834198	5841.877867221832
507	593.5671880268067	874.28	47.427978515625	0.5113972	0.0002782714285714286	0.0009275714285714286	8.754914999008179	5850.635071754456
508	540.1324138274634	808.57	47.436279296875	0.5112991	0.00027822857142857145	0.0009274285714285716	8.788244247436523	5859.42388176918
509	535.3045564537513	794.83	47.451904296875	0.5112025	0.00027818571428571426	0.0009272857142857143	9.28371787071228	5868.710105419159
510	553.6734202858838	825.38	47.19970703125	0.51110786	0.0002781428571428571	0.0009271428571428572	8.943725109100342	5877.6543781757355
511	555.3118222749129	805.97	46.97021484375	0.5109156	0.0002781	0.0009270000000000001	8.86349081993103	5886.518519639969
512	542.0852003106273	797.65	47.4736328125	0.5108183	0.00027805714285714285	0.0009268571428571429	9.309003591537476	5895.829607248306
513	587.9072217536252	881.66	47.740234375	0.51071495	0.0002780142857142857	0.0009267142857142857	8.788150072097778	5904.6180872917175
514	543.1139025153215	821.31	47.7451171875	0.5106166	0.0002779714285714286	0.0009265714285714286	8.880475997924805	5913.498744726181
515	568.3499339156199	848.88	47.5107421875	0.5105135	0.0002779285714285714	0.0009264285714285714	8.738112449645996	5922.238928079605
516	518.8577196210031	791.67	47.7685546875	0.5104161	0.00027788571428571425	0.0009262857142857142	9.061773538589478	5931.301302909851
517	531.4963541629083	830.07	44.472412109375	0.5103149	0.0002778428571428571	0.0009261428571428571	8.74905800819397	5940.052072763443
518	514.9348214822763	805.19	47.1630859375	0.5102186	0.0002778	0.0009260000000000001	8.777576684951782	5948.829840660095
519	524.6600073118871	811.23	47.1923828125	0.5101323	0.00027775714285714284	0.0009258571428571429	9.331315755844116	5958.163069486618
520	550.3511560114594	849.94	47.7158203125	0.5100019	0.0002777142857142857	0.0009257142857142857	8.828244686126709	5966.991847276688
521	555.0579955766815	855.62	47.22314453125	0.50993633	0.00027767142857142857	0.0009255714285714286	8.825906991958618	5975.819827795029
522	540.1817576221697	822.73	47.322265625	0.50986964	0.00027762857142857143	0.0009254285714285715	8.79070258140564	5984.611150979996
523	483.66882150592414	748.7	47.575439453125	0.5097997	0.00027758571428571424	0.0009252857142857143	8.957936525344849	5993.569700717926
524	526.5737933006126	819.43	47.588134765625	0.5097233	0.0002775428571428571	0.0009251428571428571	8.763634443283081	6002.3354551792145
525	553.8458839522916	840.75	47.845947265625	0.5096478	0.00027749999999999997	0.000925	8.801778793334961	6011.1378581523895
526	498.29166273346294	764.95	47.61181640625	0.50956655	0.00027745714285714283	0.0009248571428571428	9.22513723373413	6020.364969968796
527	591.0475153883606	888.34	47.860107421875	0.50947416	0.0002774142857142857	0.0009247142857142858	9.33486032485962	6029.700564622879
528	602.3384378977731	897.18	47.63330078125	0.50938183	0.00027737142857142856	0.0009245714285714286	9.203578472137451	6038.909576177597
529	578.2806171945846	874.15	46.900390625	0.50927377	0.00027732857142857137	0.0009244285714285714	9.284314393997192	6048.194432020187
530	569.7131224754801	847.5	47.89990234375	0.50916666	0.00027728571428571423	0.0009242857142857143	8.860285758972168	6057.056099653244
531	536.5388227964183	827.58	47.16455078125	0.50894016	0.0002772428571428571	0.0009241428571428572	8.82759690284729	6065.884269475937
532	569.2782616436082	844.85	47.40966796875	0.50881845	0.0002772	0.000924	8.820866346359253	6074.705679893494
533	586.6893729481998	873.37	47.68359375	0.50869304	0.0002771571428571428	0.0009238571428571428	8.925614595413208	6083.637296199799
534	571.9246147143605	865.09	47.680419921875	0.50856495	0.0002771142857142857	0.0009237142857142857	8.777698040008545	6092.415708065033
535	589.9928981545619	912.12	47.4541015625	0.50844043	0.00027707142857142855	0.0009235714285714287	8.836359977722168	6101.2526478767395
536	514.5347971930256	804.05	47.200439453125	0.5082249	0.0002770285714285714	0.0009234285714285715	9.384779214859009	6110.6392068862915
537	511.095508804937	787.63	47.461181640625	0.5081238	0.0002769857142857143	0.0009232857142857143	8.767532348632812	6119.407260656357
538	549.2157922403893	832.24	47.983642578125	0.50802356	0.00027694285714285714	0.0009231428571428572	8.833018779754639	6128.24236035347
539	534.4047827195657	800.31	47.74072265625	0.5079197	0.0002769	0.0009230000000000001	9.327895402908325	6137.570791006088
540	546.5875502265391	819.11	47.750244140625	0.507813	0.0002768571428571428	0.0009228571428571428	9.17356824874878	6146.747816085815
541	518.626861772017	798.74	47.74853515625	0.50771046	0.0002768142857142857	0.0009227142857142857	8.774138927459717	6155.522505283356
542	522.6133660603593	778.12	47.52587890625	0.5076103	0.00027677142857142855	0.0009225714285714286	8.89403486251831	6164.41872882843
543	497.396005569325	738.42	47.2822265625	0.5073914	0.0002767285714285714	0.0009224285714285714	8.978089570999146	6173.397408723831
544	536.9367544052714	799.91	48.04638671875	0.5072728	0.0002766857142857143	0.0009222857142857142	8.78800630569458	6182.186403274536
545	519.0798755062742	794.11	47.55078125	0.5071464	0.00027664285714285714	0.0009221428571428572	9.037264585494995	6191.224251747131
546	548.6125085290813	816.8	47.813232421875	0.507026	0.0002766	0.0009220000000000001	9.24134087562561	6200.467089176178
547	549.0795837609977	839.78	47.82568359375	0.5069167	0.0002765571428571428	0.0009218571428571429	8.818220376968384	6209.286001205444
548	538.9531103639343	810.86	47.82763671875	0.5068109	0.0002765142857142857	0.0009217142857142857	8.830250978469849	6218.116867780685
549	501.17761167928495	762.96	47.595458984375	0.5067015	0.00027647142857142854	0.0009215714285714286	9.332779884338379	6227.450199365616
550	545.3192878568101	842.39	47.851318359375	0.5065908	0.0002764285714285714	0.0009214285714285715	8.814775943756104	6236.267413139343
551	548.1073771933454	834.16	47.865966796875	0.5064836	0.00027638571428571427	0.0009212857142857143	8.78122067451477	6245.04927611351
552	530.7783833770569	820.76	47.62353515625	0.50638	0.00027634285714285713	0.0009211428571428571	8.778460025787354	6253.828334331512
553	546.0632726988254	852.32	47.884521484375	0.50627154	0.0002763	0.000921	9.094220399856567	6262.923129796982
554	586.4348907508246	891.32	47.640625	0.50615543	0.0002762571428571428	0.0009208571428571429	8.875255584716797	6271.801896095276
555	572.1737339697015	867.34	47.640869140625	0.5060352	0.00027621428571428567	0.0009207142857142858	8.94045615196228	6280.743050575256
556	577.5937035589726	887.25	47.41357421875	0.50578815	0.00027617142857142853	0.0009205714285714286	9.331551313400269	6290.075149297714
557	614.3880116774649	925.75	47.90869140625	0.50568074	0.0002761285714285714	0.0009204285714285714	8.798824071884155	6298.877098560333
558	484.4020348760007	784.66	47.684326171875	0.5055736	0.00027608571428571426	0.0009202857142857143	8.828239917755127	6307.705960988998
559	544.3163523720054	846.69	47.69287109375	0.5054663	0.0002760428571428571	0.0009201428571428572	9.335636138916016	6317.043493032455
560	505.7523935559609	793.96	48.203125	0.50536233	0.000276	0.00092	8.84259295463562	6325.8866975307465
561	493.8364784880401	792.77	48.199462890625	0.5052611	0.0002759571428571428	0.0009198571428571428	8.810817241668701	6334.723743200302
562	537.1233432304839	845.41	47.9736328125	0.5051615	0.0002759142857142857	0.0009197142857142858	8.813362836837769	6343.537701368332
563	502.9113314251535	794.05	47.732421875	0.5050633	0.0002758714285714286	0.0009195714285714287	8.998751401901245	6352.538704156876
564	514.3219988603262	826.17	47.742919921875	0.504965	0.00027582857142857144	0.0009194285714285715	8.7751145362854	6361.3143808841705
565	534.2400416768639	837.87	47.509765625	0.50486887	0.00027578571428571425	0.0009192857142857143	8.849523067474365	6370.165728330612
566	543.1458959681026	846.15	47.7509765625	0.50476897	0.0002757428571428571	0.0009191428571428572	9.373753786087036	6379.539997816086
567	581.8685343667155	896.89	48.021484375	0.5046696	0.0002757	0.0009190000000000001	9.111495733261108	6388.652009725571
568	544.3165907472579	845.46	47.5224609375	0.50457484	0.00027565714285714284	0.0009188571428571428	8.778258323669434	6397.431965589523
569	533.4744568342944	828.93	47.30029296875	0.50448555	0.0002756142857142857	0.0009187142857142857	9.323185682296753	6406.755806207657
570	560.2244673597635	889.07	46.81005859375	0.5042776	0.00027557142857142857	0.0009185714285714286	8.832540273666382	6415.588964939117
571	576.9828253930689	860.67	47.812255859375	0.5041716	0.0002755285714285714	0.0009184285714285713	8.746357917785645	6424.33705163002
572	573.943322171535	887.93	48.0625	0.50406414	0.00027548571428571424	0.0009182857142857143	8.76894497871399	6433.106601238251
573	530.1585866641703	829.2	48.0791015625	0.50396824	0.0002754428571428571	0.0009181428571428572	8.908669233322144	6442.01628780365
574	500.2980014931376	802.88	45.03076171875	0.50387275	0.00027539999999999997	0.0009180000000000001	8.787834882736206	6450.804733514786
575	488.8563701884037	752.27	46.32666015625	0.5036739	0.00027535714285714284	0.0009178571428571428	8.892343759536743	6459.697714328766
576	491.3383179682332	771.08	47.825927734375	0.5035737	0.0002753142857142857	0.0009177142857142857	9.340394735336304	6469.040478229523
577	515.8594796292927	818.36	47.849853515625	0.503468	0.00027527142857142856	0.0009175714285714286	8.791947364807129	6477.833017349243
578	557.0227868840084	854.43	48.11328125	0.5033571	0.00027522857142857143	0.0009174285714285715	8.902867555618286	6486.738129377365
579	543.3427683513194	836.25	48.125	0.5032442	0.00027518571428571424	0.0009172857142857142	9.296748638153076	6496.035516738892
580	616.2260460640283	896.14	48.15771484375	0.50312656	0.0002751428571428571	0.0009171428571428571	8.777262210845947	6504.81742310524
581	546.7320124701171	813.27	47.90234375	0.50301415	0.00027509999999999996	0.0009170000000000001	8.979729890823364	6513.797731161118
582	505.94462059725714	801.91	47.6689453125	0.50279623	0.00027505714285714283	0.0009168571428571429	8.96279764175415	6522.762600660324
583	500.89548768636655	785.88	47.926025390625	0.5026857	0.0002750142857142857	0.0009167142857142857	9.035152673721313	6531.7982931137085
584	573.764682782378	856.28	47.932373046875	0.50257975	0.00027497142857142856	0.0009165714285714286	8.917856931686401	6540.71802854538
585	565.8141165134022	850.09	48.187255859375	0.50247425	0.00027492857142857137	0.0009164285714285714	8.867445707321167	6549.586058139801
586	462.15752842893244	734.77	47.95458984375	0.5023738	0.00027488571428571423	0.0009162857142857143	9.595783472061157	6559.184504508972
587	484.62175901477787	782.08	47.467529296875	0.502168	0.0002748428571428571	0.0009161428571428571	8.885331392288208	6568.070379018784
588	525.2989636878277	823.17	47.97509765625	0.5020604	0.0002748	0.000916	8.7810800075531	6576.851987361908
589	577.5492111259744	867.2	48.22216796875	0.5019588	0.0002747571428571428	0.0009158571428571428	9.297048330307007	6586.15139746666
590	539.0216786471511	825.45	48.248779296875	0.50185186	0.0002747142857142857	0.0009157142857142858	8.785775423049927	6594.937785625458
591	547.2901543195771	807.8	48.007080078125	0.501747	0.00027467142857142855	0.0009155714285714286	8.816439390182495	6603.754842281342
592	489.0575715440342	736.54	48.25830078125	0.50164515	0.0002746285714285714	0.0009154285714285715	8.854249477386475	6612.611166000366
593	503.57135576459876	796.08	48.513916015625	0.5015384	0.0002745857142857143	0.0009152857142857143	9.003171443939209	6621.6148562431335
594	524.7900801659886	811.34	48.03759765625	0.50142556	0.00027454285714285714	0.0009151428571428572	8.97996187210083	6630.5971047878265
595	534.6311989991246	809.11	47.79248046875	0.5011992	0.0002745	0.000915	9.100139617919922	6639.697782278061
596	516.3456519572698	808.29	48.295166015625	0.50109154	0.0002744571428571428	0.0009148571428571428	9.373382091522217	6649.071750164032
597	558.2627121514436	810.16	48.065185546875	0.500985	0.0002744142857142857	0.0009147142857142857	8.905263900756836	6657.9791004657745
598	561.0169981523011	848.9	48.326416015625	0.500883	0.00027437142857142854	0.0009145714285714287	8.800692081451416	6666.780478954315
599	507.854583555	759.53	48.337890625	0.50077695	0.0002743285714285714	0.0009144285714285714	9.41397213935852	6676.195069074631
600	522.2147279476288	798.11	48.33740234375	0.5006632	0.00027428571428571427	0.0009142857142857143	8.799511671066284	6684.995119571686
601	483.4458098263209	716.21	48.344482421875	0.5005453	0.00027424285714285713	0.0009141428571428572	8.816129922866821	6693.813402175903
602	521.4633844427152	791.06	47.854248046875	0.50031435	0.0002742	0.0009140000000000001	9.042970418930054	6702.857086658478
603	566.0095584282926	825.11	48.373779296875	0.50019294	0.0002741571428571428	0.0009138571428571428	8.96123194694519	6711.818857192993
604	556.8402922518057	837.14	48.384521484375	0.50006455	0.00027411428571428567	0.0009137142857142857	8.824528217315674	6720.6459441185
605	567.1943751912858	867.21	48.384521484375	0.4999349	0.00027407142857142853	0.0009135714285714286	8.844655752182007	6729.491226434708
606	561.7720568928895	875.92	48.655029296875	0.49981466	0.0002740285714285714	0.0009134285714285715	9.313644886016846	6738.806919813156
607	511.65443305626997	764.99	48.401123046875	0.49969378	0.00027398571428571426	0.0009132857142857142	9.162843227386475	6747.97038602829
608	593.4422579905839	889.8	48.423828125	0.49958026	0.0002739428571428571	0.0009131428571428572	8.811321020126343	6756.782315254211
609	542.8523777396762	838.75	48.431396484375	0.4994664	0.0002739	0.0009130000000000001	9.301200151443481	6766.086156368256
610	609.5205954846176	934.2	48.443603515625	0.49934876	0.0002738571428571428	0.0009128571428571429	8.770997524261475	6774.857679128647
611	561.0845398234627	872.47	47.95361328125	0.4991324	0.00027381428571428566	0.0009127142857142857	8.836424827575684	6783.696787595749
612	549.2998503894696	853.2	48.465087890625	0.4990268	0.00027377142857142853	0.0009125714285714286	8.828418254852295	6792.5257568359375
613	579.5449096574343	888.3	48.4609375	0.49891654	0.0002737285714285714	0.0009124285714285714	8.914625644683838	6801.442640066147
614	540.7879627350765	830.33	48.73486328125	0.49881327	0.00027368571428571425	0.0009122857142857143	8.782369613647461	6810.225612163544
615	537.3627350367515	845.61	47.751953125	0.49870992	0.0002736428571428571	0.0009121428571428571	8.915295124053955	6819.142053127289
616	508.8345796028521	797.34	48.503662109375	0.49860296	0.0002736	0.000912	9.35804533958435	6828.500653266907
617	484.9051937510232	743.88	48.753173828125	0.49850032	0.0002735571428571428	0.0009118571428571429	8.77144479751587	6837.273858547211
618	497.50257295072254	764.53	48.501708984375	0.4983922	0.0002735142857142857	0.0009117142857142857	8.924276113510132	6846.198712348938
619	509.8986659960108	774.28	48.517333984375	0.49828997	0.0002734714285714286	0.0009115714285714286	9.069655418395996	6855.270312070847
620	526.8203257118903	815.55	48.292724609375	0.49809113	0.00027342857142857144	0.0009114285714285715	9.025325775146484	6864.296294927597
621	516.3289998532534	784.1	48.553466796875	0.49798813	0.00027338571428571425	0.0009112857142857143	8.914443254470825	6873.212563991547
622	511.6108052469023	799.36	48.7998046875	0.49787983	0.0002733428571428571	0.0009111428571428571	9.088404178619385	6882.301609277725
623	411.62314603936227	682.41	48.570068359375	0.4977709	0.0002733	0.000911	8.998364448547363	6891.301438808441
624	461.2388764927316	739.9	47.837890625	0.4976666	0.00027325714285714284	0.0009108571428571428	8.91240668296814	6900.2144474983215
625	455.8015780296583	744.4	48.837646484375	0.4975635	0.0002732142857142857	0.0009107142857142857	8.832562446594238	6909.048858880997
626	501.6193863087797	796.39	48.838623046875	0.49746266	0.00027317142857142857	0.0009105714285714286	9.392420053482056	6918.441912412643
627	575.9379161185061	851.37	48.861083984375	0.49736032	0.00027312857142857143	0.0009104285714285715	8.793636322021484	6927.237915277481
628	520.1257425672336	818.3	48.599365234375	0.49725774	0.00027308571428571424	0.0009102857142857143	8.789103746414185	6936.027628421783
629	517.1559902290065	808.43	47.880859375	0.49704352	0.0002730428571428571	0.0009101428571428572	8.89372444152832	6944.921947479248
630	462.4711708225059	739.77	48.3857421875	0.49693498	0.00027299999999999997	0.00091	8.915661334991455	6953.839400529861
631	522.5275719752602	774.47	48.900146484375	0.49682787	0.00027295714285714283	0.0009098571428571428	8.850708723068237	6962.6907324790955
632	509.690709412905	813.35	45.59130859375	0.49672732	0.0002729142857142857	0.0009097142857142857	8.852256536483765	6971.543609619141
633	459.6441523778907	766.46	48.1611328125	0.49651924	0.00027287142857142856	0.0009095714285714286	9.067343711853027	6980.611526966095
634	525.0246931781319	841.53	48.6708984375	0.49641538	0.0002728285714285714	0.0009094285714285714	9.230284214019775	6989.844309091568
635	554.4151537346355	874.28	48.436279296875	0.49630523	0.00027278571428571423	0.0009092857142857143	8.82960033416748	6998.674591064453
636	554.5755186648801	868.55	48.436279296875	0.4961919	0.0002727428571428571	0.0009091428571428572	9.322681427001953	7007.997841358185
637	518.3961202442013	820.82	48.457763671875	0.49608168	0.00027269999999999996	0.0009090000000000001	8.789863109588623	7016.78946018219
638	498.8438260538099	794.31	48.718505859375	0.495973	0.0002726571428571428	0.0009088571428571428	8.788365364074707	7025.578489542007
639	455.02123482773163	760.01	48.72607421875	0.49586704	0.0002726142857142857	0.0009087142857142857	8.868099689483643	7034.447221279144
640	484.4641341371687	790.21	48.98388671875	0.49576786	0.00027257142857142855	0.0009085714285714286	8.91318130493164	7043.362166643143
641	528.6948980721997	833.28	49.2294921875	0.49566594	0.0002725285714285714	0.0009084285714285715	8.771741390228271	7052.134560108185
642	585.7925318015539	929.75	49.0068359375	0.49556527	0.0002724857142857142	0.0009082857142857142	8.77694296836853	7060.9136164188385
643	612.2408532202396	936.4	49.2666015625	0.4954659	0.00027244285714285714	0.0009081428571428571	9.29317045211792	7070.207117557526
644	619.3580612329373	942.29	49.263671875	0.49536073	0.0002724	0.0009080000000000001	8.767866134643555	7078.976545095444
645	594.3059048603075	913.69	48.78515625	0.49516487	0.00027235714285714287	0.000907857142857143	8.919922828674316	7087.897114992142
646	600.205830012459	918.89	49.28515625	0.4950621	0.0002723142857142857	0.0009077142857142857	9.344444990158081	7097.243482589722
647	585.8261130835823	876.79	49.055419921875	0.49495843	0.00027227142857142854	0.0009075714285714286	9.058054685592651	7106.302085876465
648	598.8456046438283	923.51	49.065185546875	0.4948642	0.0002722285714285714	0.0009074285714285715	8.75631308555603	7115.0587849617
649	557.1891202133215	852.26	49.074951171875	0.49477562	0.00027218571428571427	0.0009072857142857143	8.807058811187744	7123.866091012955
650	548.411541176983	837.81	49.08203125	0.49468789	0.00027214285714285714	0.0009071428571428571	9.062270402908325	7132.9302480220795
651	573.9327457048455	898.32	48.829833984375	0.49450812	0.0002721	0.000907	8.82054615020752	7141.751457929611
652	551.6897914624499	843.16	49.103515625	0.49441722	0.0002720571428571428	0.0009068571428571428	8.802088022232056	7150.556119918823
653	571.5823755277611	878.39	49.11767578125	0.49432334	0.0002720142857142857	0.0009067142857142858	9.33968448638916	7159.895934343338
654	592.83996338804	905.11	48.62255859375	0.494234	0.00027197142857142854	0.0009065714285714286	8.758960485458374	7168.65726351738
655	571.6276580740961	863.89	49.13525390625	0.49414936	0.0002719285714285714	0.0009064285714285715	8.818148136138916	7177.476002454758
656	652.7306297911068	950.96	49.39501953125	0.4940597	0.00027188571428571427	0.0009062857142857143	9.337176322937012	7186.815140008926
657	601.8453828094706	912.81	49.155029296875	0.49397066	0.00027184285714285713	0.0009061428571428572	8.980422973632812	7195.796102762222
658	580.390609708738	886.29	49.16455078125	0.49388126	0.0002718	0.000906	8.904607772827148	7204.701913118362
659	595.8593672654675	906.4	49.4267578125	0.49378633	0.00027175714285714286	0.0009058571428571429	8.793732166290283	7213.496244192123
660	565.1020865943184	863.18	48.935546875	0.49359652	0.00027171428571428567	0.0009057142857142857	8.956005334854126	7222.453866004944
661	584.7652905077716	875.5	48.9453125	0.4934957	0.00027167142857142853	0.0009055714285714287	9.11812686920166	7231.572549581528
662	572.1453866082383	879.54	49.205078125	0.4934007	0.0002716285714285714	0.0009054285714285715	8.80373501777649	7240.37758398056
663	505.0772474135865	821.98	49.216064453125	0.4933059	0.00027158571428571426	0.0009052857142857143	9.319746971130371	7249.697895050049
664	513.2983419450815	807.02	49.474609375	0.49320996	0.0002715428571428571	0.0009051428571428572	8.798961877822876	7258.497479915619
665	573.3163251939044	889.86	48.98583984375	0.49311864	0.0002715	0.0009050000000000001	8.743968725204468	7267.24773144722
666	579.2656489012803	889.06	49.49658203125	0.4930253	0.0002714571428571428	0.0009048571428571428	9.439773797988892	7276.688153505325
667	551.852448040413	840.91	49.25341796875	0.49292922	0.00027141428571428566	0.0009047142857142857	8.768421173095703	7285.457126379013
668	540.4410675543245	834.87	49.263427734375	0.4928397	0.0002713714285714286	0.0009045714285714286	8.749767065048218	7294.2092628479
669	539.366235255776	838.71	49.0205078125	0.49264416	0.00027132857142857144	0.0009044285714285715	8.86020040512085	7303.070104122162
670	551.4411236431508	846.1	49.5302734375	0.49254465	0.00027128571428571425	0.0009042857142857142	8.897439956665039	7311.970264673233
671	577.7661261488017	896.82	49.5302734375	0.49244264	0.0002712428571428571	0.0009041428571428572	8.907236099243164	7320.878109693527
672	603.2571311358623	920.81	49.550048828125	0.49233702	0.0002712	0.0009040000000000001	8.761098384857178	7329.639809846878
673	565.0931487815354	855.72	49.563720703125	0.49223244	0.00027115714285714284	0.0009038571428571429	9.671895027160645	7339.313989400864
674	553.1345251895158	866.31	48.8173828125	0.49212065	0.0002711142857142857	0.0009037142857142857	9.117868900299072	7348.432483911514
675	595.7577196092724	898.31	49.3330078125	0.49201784	0.00027107142857142857	0.0009035714285714286	8.759742021560669	7357.192842006683
676	593.843677558826	897.36	49.34423828125	0.4919162	0.00027102857142857143	0.0009034285714285715	9.295212745666504	7366.488664388657
677	600.2876078072268	900.65	49.586669921875	0.4918097	0.00027098571428571424	0.0009032857142857142	16.91810703277588	7383.408675432205
678	566.564835547097	854.84	49.363525390625	0.49170622	0.0002709428571428571	0.0009031428571428571	8.832443475723267	7392.242225408554
679	509.2077894661709	790.46	49.373779296875	0.49160275	0.00027089999999999997	0.000903	9.113654613494873	7401.356485128403
680	524.428219373396	804.58	49.369873046875	0.4913933	0.00027085714285714283	0.0009028571428571429	9.03428030014038	7410.391859769821
681	602.0881246876471	915.45	49.1435546875	0.49128982	0.0002708142857142857	0.0009027142857142857	8.719555377960205	7419.111531496048
682	599.7277113923496	913.42	49.641845703125	0.49118412	0.00027077142857142856	0.0009025714285714286	9.26260232925415	7428.374814033508
683	550.6063320196373	850.56	49.6630859375	0.49107406	0.0002707285714285714	0.0009024285714285715	8.750892400741577	7437.127597570419
684	562.8698351173537	892.48	49.41357421875	0.49096107	0.00027068571428571424	0.0009022857142857143	8.736459970474243	7445.864797830582
685	560.1139059947926	898.59	49.431640625	0.49085298	0.0002706428571428571	0.0009021428571428571	8.803528308868408	7454.668997526169
686	552.3218033987657	863.76	49.69287109375	0.4907355	0.00027059999999999996	0.000902	8.892441987991333	7463.562975883484
687	550.4699383948406	829.79	49.943359375	0.49061748	0.00027055714285714283	0.0009018571428571429	8.826182842254639	7472.389898061752
688	577.1026594694989	856.86	49.212158203125	0.49038205	0.0002705142857142857	0.0009017142857142857	9.022649049758911	7481.413114786148
689	562.0550402084235	855.54	46.159423828125	0.4902639	0.00027047142857142856	0.0009015714285714286	9.191596508026123	7490.607110261917
690	565.7191696227194	868.19	49.2216796875	0.49014547	0.0002704285714285714	0.0009014285714285715	8.774495840072632	7499.382206201553
691	566.5806790808371	900.64	48.974853515625	0.49003458	0.00027038571428571423	0.0009012857142857143	10.75475263595581	7510.137595176697
692	551.2932765150371	907.27	48.994873046875	0.48992756	0.0002703428571428571	0.0009011428571428572	9.498944997787476	7519.637088298798
693	500.75764287759114	819.46	48.9912109375	0.48982385	0.00027029999999999996	0.000901	8.868652820587158	7528.509326457977
694	549.1838442500849	883.18	49.01611328125	0.48972118	0.0002702571428571428	0.0009008571428571428	8.776142120361328	7537.285673856735
695	593.7573783945273	925.27	49.01123046875	0.48962447	0.0002702142857142857	0.0009007142857142857	9.534139633178711	7546.8204345703125
696	535.0778409185266	833.68	49.024169921875	0.48952642	0.00027017142857142855	0.0009005714285714286	8.769113063812256	7555.5900774002075
697	539.9475757583976	844.92	49.04541015625	0.4894308	0.0002701285714285714	0.0009004285714285714	8.768423795700073	7564.360465049744
698	511.39834060119904	815.18	49.297119140625	0.48933658	0.0002700857142857143	0.0009002857142857143	9.119790315628052	7573.4808304309845
699	582.9593775431626	886.71	49.06640625	0.4892331	0.00027004285714285714	0.0009001428571428572	8.9332594871521	7582.41472363472
700	634.5252300413598	937.96	49.3125	0.48913357	0.00027	0.0009000000000000001	8.918252944946289	7591.33487033844
701	595.7184573755916	916.92	49.334716796875	0.48903108	0.00026995714285714287	0.0008998571428571429	8.75679326057434	7600.09228849411
702	640.8511285183688	954.01	49.583251953125	0.4889264	0.0002699142857142857	0.0008997142857142857	9.345170497894287	7609.4396250247955
703	621.4683260430539	971.54	49.101806640625	0.4888209	0.00026987142857142854	0.0008995714285714286	8.761279821395874	7618.201554775238
704	639.6087202831228	1001.13	47.376953125	0.4885883	0.0002698285714285714	0.0008994285714285715	8.81686282157898	7627.0190551280975
705	613.0749162618813	942.1	49.377197265625	0.48847738	0.00026978571428571427	0.0008992857142857142	9.493816375732422	7636.515247821808
706	601.151313083798	889.75	49.379150390625	0.4883612	0.00026974285714285713	0.0008991428571428571	8.747897386550903	7645.263749599457
707	618.8602857329366	917.74	49.14892578125	0.48825073	0.0002697	0.0008990000000000001	8.747788190841675	7654.013751268387
708	494.66145227789644	774.83	49.396484375	0.4881417	0.0002696571428571428	0.0008988571428571429	8.807042837142944	7662.821425676346
709	511.60434476959534	787.18	49.66162109375	0.48803297	0.00026961428571428567	0.0008987142857142857	8.884485483169556	7671.707842588425
710	508.9067105517395	779.23	48.916015625	0.48780248	0.00026957142857142853	0.0008985714285714286	9.62516975402832	7681.333725452423
711	495.4067390543073	783.17	49.42626953125	0.48768198	0.0002695285714285714	0.0008984285714285715	8.927362442016602	7690.261625289917
712	565.1621795846997	860.78	49.445556640625	0.48756662	0.00026948571428571426	0.0008982857142857143	9.44901728630066	7699.7128183841705
713	579.2977290735057	883.54	49.445068359375	0.48746097	0.0002694428571428571	0.0008981428571428571	9.044107675552368	7708.757527112961
714	600.6525638644524	933.11	49.712646484375	0.48735633	0.0002694	0.000898	8.763650894165039	7717.523463487625
715	627.623497867955	970.98	49.462158203125	0.4872601	0.00026935714285714285	0.000897857142857143	9.27931523323059	7726.803387641907
716	624.1479726825137	930.91	49.73486328125	0.4871637	0.00026931428571428566	0.0008977142857142858	8.733316898345947	7735.538321018219
717	635.491078226757	958.79	49.496826171875	0.48706985	0.0002692714285714285	0.0008975714285714286	8.829218626022339	7744.367833614349
718	620.1175171248232	947.46	49.5029296875	0.48697925	0.0002692285714285714	0.0008974285714285715	8.759966611862183	7753.129771709442
719	605.0663232907193	939.81	49.265625	0.4868039	0.00026918571428571425	0.0008972857142857143	8.92335557937622	7762.05365562439
720	587.4728287355017	910.0	49.763916015625	0.48671636	0.0002691428571428571	0.0008971428571428572	8.75578498840332	7770.809978485107
721	634.2282377443645	956.05	49.536376953125	0.48663017	0.0002691	0.000897	8.745692253112793	7779.55780005455
722	605.5808354593482	932.47	49.796142578125	0.48654056	0.0002690571428571428	0.0008968571428571428	9.443532466888428	7789.001930236816
723	622.0491017736248	937.53	49.543212890625	0.48644912	0.0002690142857142857	0.0008967142857142857	8.74497938156128	7797.748457193375
724	592.3666720022122	881.84	49.563720703125	0.4863571	0.0002689714285714286	0.0008965714285714285	8.816349506378174	7806.565399885178
725	577.9196710727906	876.85	49.5712890625	0.48626414	0.00026892857142857144	0.0008964285714285715	12.243008136749268	7818.81138920784
726	571.338290619719	852.6	49.08447265625	0.4860731	0.00026888571428571425	0.0008962857142857143	9.823976755142212	7828.635936021805
727	620.0011650240333	902.13	49.580322265625	0.48597226	0.0002688428571428571	0.0008961428571428572	8.762406826019287	7837.400186538696
728	608.9215373504494	902.95	49.60498046875	0.48588002	0.0002688	0.000896	9.394593000411987	7846.795377969742
729	633.7531698570762	933.85	49.599609375	0.48578525	0.00026875714285714284	0.0008958571428571429	8.763411521911621	7855.56055521965
730	646.4139480569963	976.04	49.374755859375	0.48570073	0.0002687142857142857	0.0008957142857142857	9.27384352684021	7864.835006952286
731	639.0080113879834	970.54	49.87158203125	0.48561677	0.00026867142857142857	0.0008955714285714286	8.875717878341675	7873.715382575989
732	601.981615176748	907.65	49.393798828125	0.48553088	0.00026862857142857143	0.0008954285714285714	9.085788488388062	7882.801751613617
733	627.164117595667	941.37	49.4033203125	0.4854467	0.00026858571428571424	0.0008952857142857142	11.349826335906982	7894.15332865715
734	585.5484185984765	918.63	49.6494140625	0.4853629	0.0002685428571428571	0.0008951428571428572	8.785454273223877	7902.940446615219
735	584.554361261679	920.63	49.16943359375	0.4851749	0.00026849999999999997	0.0008950000000000001	9.072160243988037	7912.013152599335
736	604.538899615477	968.11	49.667236328125	0.48507798	0.00026845714285714283	0.0008948571428571428	8.772789716720581	7920.787496328354
737	594.4622307256179	915.6	49.69189453125	0.4849824	0.0002684142857142857	0.0008947142857142857	8.845153570175171	7929.633263587952
738	577.947020763377	876.34	49.69287109375	0.4848877	0.00026837142857142856	0.0008945714285714286	9.334018230438232	7938.967844963074
739	573.5850052644588	892.05	49.21142578125	0.48479375	0.0002683285714285714	0.0008944285714285715	9.219947338104248	7948.190070867538
740	572.8601714642077	872.45	49.71484375	0.4847044	0.00026828571428571423	0.0008942857142857142	8.762174367904663	7956.9527859687805
741	569.8243988991366	867.84	49.48193359375	0.4846131	0.0002682428571428571	0.0008941428571428571	9.415282964706421	7966.370246648788
742	561.6813320120436	848.4	49.728271484375	0.4845221	0.00026819999999999996	0.000894	8.766083717346191	7975.136447429657
743	597.086747074759	906.19	49.7490234375	0.48442754	0.0002681571428571428	0.000893857142857143	8.804515838623047	7983.941581726074
744	549.4026606955057	853.88	49.7470703125	0.48433295	0.0002681142857142857	0.0008937142857142857	8.820891857147217	7992.764582157135
745	606.8529831664121	926.12	49.756103515625	0.48424253	0.00026807142857142855	0.0008935714285714286	9.442118644714355	8002.207327127457
746	549.1187286329113	839.94	49.53076171875	0.48415175	0.0002680285714285714	0.0008934285714285715	8.720870018005371	8010.930203437805
747	524.2705944957214	811.19	46.739013671875	0.4839412	0.0002679857142857142	0.0008932857142857143	8.809317350387573	8019.740136384964
748	572.1061971492795	867.64	49.7265625	0.48383078	0.0002679428571428571	0.0008931428571428571	9.362107753753662	8029.105302095413
749	529.9906755036341	849.59	49.75732421875	0.48372078	0.0002679	0.000893	8.763034343719482	8037.868903398514
750	536.1486695369101	813.76	49.8056640625	0.48361304	0.00026785714285714287	0.0008928571428571429	8.764606714248657	8046.635501623154
751	479.0867422304002	761.39	49.82958984375	0.4835048	0.0002678142857142857	0.0008927142857142857	9.358521223068237	8055.994758367538
752	575.4532620097443	887.3	49.839599609375	0.4834031	0.00026777142857142854	0.0008925714285714286	8.77777647972107	8064.773061513901
753	527.8543054741078	832.84	49.58447265625	0.48330292	0.0002677285714285714	0.0008924285714285715	8.837622165679932	8073.61128282547
754	577.4967220568011	883.6	49.8603515625	0.4832084	0.00026768571428571427	0.0008922857142857143	8.8909592628479	8082.505031824112
755	516.8010200246231	809.24	49.369384765625	0.48302794	0.00026764285714285714	0.0008921428571428572	9.117860555648804	8091.623499393463
756	580.142617751773	899.84	49.626220703125	0.48293552	0.0002676	0.000892	8.860287189483643	8100.484327554703
757	641.3764024375539	961.93	49.635986328125	0.48284903	0.00026755714285714286	0.0008918571428571429	8.751739263534546	8109.237916707993
758	609.2322167977494	927.41	49.647216796875	0.48275766	0.00026751428571428567	0.0008917142857142857	9.261092901229858	8118.499756336212
759	558.2286999331529	846.08	49.8916015625	0.48266348	0.00026747142857142854	0.0008915714285714286	8.746026039123535	8127.246331691742
760	568.6739911018863	893.82	49.656005859375	0.48256576	0.0002674285714285714	0.0008914285714285714	8.775551080703735	8136.023806095123
761	557.1797825838319	833.81	49.6787109375	0.4823495	0.00026738571428571426	0.0008912857142857143	9.26133918762207	8145.285998106003
762	555.158338422302	892.98	49.92431640625	0.48224235	0.00026734285714285713	0.0008911428571428572	8.85515546798706	8154.1418035030365
763	571.62877777114	912.32	49.9462890625	0.4821376	0.0002673	0.0008910000000000001	8.75734257698059	8162.902198076248
764	589.4612112430377	912.45	49.955322265625	0.48203614	0.00026725714285714286	0.0008908571428571429	8.759130477905273	8171.661891698837
765	574.1922611894747	909.94	49.717529296875	0.48193908	0.00026721428571428567	0.0008907142857142857	9.027663946151733	8180.691503763199
766	588.3805896064117	908.87	49.965576171875	0.48184136	0.00026717142857142853	0.0008905714285714286	9.101166248321533	8189.793230056763
767	595.1182449274197	919.67	49.72509765625	0.48173794	0.0002671285714285714	0.0008904285714285715	8.870155811309814	8198.665089130402
768	523.5219809906898	830.47	49.74755859375	0.48163712	0.00026708571428571426	0.0008902857142857143	9.577021837234497	8208.242707967758
769	499.7887834241127	816.96	49.99462890625	0.48153737	0.0002670428571428571	0.0008901428571428571	8.919456243515015	8217.164361715317
770	538.0260059384768	863.38	50.017578125	0.48143896	0.000267	0.0008900000000000001	8.759217739105225	8225.92416882515
771	546.9016787196565	874.89	49.77294921875	0.48134044	0.00026695714285714285	0.000889857142857143	8.772220373153687	8234.698407411575
772	568.0792710577784	929.38	50.53759765625	0.48124436	0.00026691428571428566	0.0008897142857142857	8.870474815368652	8243.569504499435
773	596.2628521293167	925.96	50.548095703125	0.48115352	0.0002668714285714285	0.0008895714285714286	8.7631356716156	8252.333230495453
774	583.1995521763371	911.7	50.557861328125	0.48095593	0.00026682857142857144	0.0008894285714285715	8.937159538269043	8261.27226638794
775	605.799377368818	944.8	50.567626953125	0.48085633	0.00026678571428571425	0.0008892857142857142	9.353444576263428	8270.626274824142
776	531.6464820965241	846.87	50.563720703125	0.48074743	0.0002667428571428571	0.0008891428571428571	8.765975713729858	8279.394028425217
777	474.7155439323713	784.86	50.5849609375	0.48065305	0.0002667	0.000889	8.782308340072632	8288.176897287369
778	436.43862661789484	728.65	50.5927734375	0.4805517	0.00026665714285714284	0.000888857142857143	9.541410207748413	8297.718995571136
779	449.60042632539256	710.84	49.864501953125	0.48045266	0.0002666142857142857	0.0008887142857142856	9.102334976196289	8306.822761058807
780	521.0816172581194	808.23	50.36376953125	0.48035133	0.00026657142857142857	0.0008885714285714286	9.062195062637329	8315.885489702225
781	577.3658861930147	888.17	51.11083984375	0.48025337	0.00026652857142857143	0.0008884285714285715	8.839024305343628	8324.72691822052
782	588.0064637837883	910.02	51.1357421875	0.48015538	0.0002664857142857143	0.0008882857142857144	8.939969301223755	8333.667455911636
783	568.7182620412236	905.48	51.144287109375	0.47994342	0.0002664428571428571	0.0008881428571428571	8.836673021316528	8342.506285429
784	548.9379103712034	871.53	51.1396484375	0.47983536	0.00026639999999999997	0.000888	8.769597291946411	8351.27642583847
785	554.7005088636946	897.63	51.166259765625	0.47973338	0.00026635714285714283	0.0008878571428571429	9.08222246170044	8360.360629320145
786	565.6530630931271	874.57	50.662109375	0.4796333	0.0002663142857142857	0.0008877142857142857	8.772876977920532	8369.134048223495
787	554.5956924828923	855.13	51.18408203125	0.47953057	0.00026627142857142856	0.0008875714285714285	8.77515983581543	8377.911366701126
788	497.5149874089525	810.86	50.681884765625	0.4794335	0.0002662285714285714	0.0008874285714285715	9.368070602416992	8387.280054092407
789	487.3508453758782	788.06	50.705322265625	0.47933576	0.00026618571428571424	0.0008872857142857143	8.76981806755066	8396.051635026932
790	500.8404644581369	821.96	50.71435546875	0.47924188	0.0002661428571428571	0.0008871428571428572	8.781938791275024	8404.834199905396
791	557.2237147039062	889.48	50.965087890625	0.4791505	0.00026609999999999996	0.000887	8.803857803344727	8413.638674974442
792	580.3702611435937	921.71	50.73486328125	0.47906122	0.0002660571428571428	0.0008868571428571429	8.906400442123413	8422.546698570251
793	559.9852239572914	876.24	50.74267578125	0.47887895	0.0002660142857142857	0.0008867142857142857	8.958102226257324	8431.505493879318
794	578.5008725761946	904.47	50.754638671875	0.4787872	0.00026597142857142855	0.0008865714285714286	8.766788721084595	8440.272922992706
795	547.6923708751216	870.76	50.764404296875	0.4786941	0.0002659285714285714	0.0008864285714285714	9.333012104034424	8449.608286857605
796	502.5250310672551	802.32	50.760498046875	0.47860658	0.0002658857142857143	0.0008862857142857143	8.769970178604126	8458.37892985344
797	510.75006690386834	836.42	50.783935546875	0.4785191	0.0002658428571428571	0.0008861428571428572	8.768001794815063	8467.147550106049
798	497.83599727015877	774.03	50.77880859375	0.4784344	0.00026579999999999996	0.0008860000000000001	9.33022928237915	8476.478437185287
799	534.8088845168089	865.99	50.802490234375	0.47835228	0.0002657571428571428	0.0008858571428571429	8.770135164260864	8485.250616073608
800	591.4164411956284	910.16	50.813232421875	0.47827283	0.0002657142857142857	0.0008857142857142857	8.813225030899048	8494.06456065178
801	547.6928695288713	840.08	51.322021484375	0.47820067	0.00026567142857142855	0.0008855714285714286	8.77464509010315	8502.839850902557
802	533.6801728085634	848.61	50.580078125	0.4780674	0.0002656285714285714	0.0008854285714285715	9.00623369216919	8511.846663236618
803	564.4160233997687	861.47	50.835693359375	0.4780016	0.0002655857142857142	0.0008852857142857142	8.775871753692627	8520.624082803726
804	574.9361201622877	901.39	47.298095703125	0.47793022	0.00026554285714285714	0.0008851428571428571	8.880862712860107	8529.50555729866
805	537.377623578498	878.0	50.291748046875	0.47785583	0.0002655	0.000885	9.367089033126831	8538.874725580215
806	538.2378215932229	866.77	50.103759765625	0.4776934	0.00026545714285714287	0.000884857142857143	9.163054704666138	8548.03835439682
807	549.4205806668033	882.48	50.379638671875	0.47760794	0.0002654142857142857	0.0008847142857142857	8.776067972183228	8556.815266132355
808	572.1795532558305	877.54	50.378662109375	0.4775186	0.00026537142857142854	0.0008845714285714286	9.652946949005127	8566.46886229515
809	574.6809661712969	871.11	50.3984375	0.47743177	0.0002653285714285714	0.0008844285714285715	8.791901111602783	8575.262926101685
810	553.7319008711877	859.29	50.408935546875	0.47734317	0.00026528571428571427	0.0008842857142857144	8.784151315689087	8584.047688245773
811	495.0943305965497	770.52	50.410400390625	0.47725907	0.00026524285714285713	0.0008841428571428571	8.771641969680786	8592.820476770401
812	512.2440206054678	816.64	50.4306640625	0.4771664	0.0002652	0.000884	8.90862250328064	8601.729703426361
813	542.0957384098093	830.63	50.434326171875	0.4770725	0.00026515714285714286	0.0008838571428571429	8.788913488388062	8610.520706892014
814	578.3341638528805	895.68	50.447265625	0.4769843	0.00026511428571428567	0.0008837142857142857	8.771154642105103	8619.292568445206
815	552.3770221741984	843.17	50.210205078125	0.47689092	0.00026507142857142853	0.0008835714285714286	9.473575830459595	8628.766725540161
816	541.9672299001892	819.58	49.954345703125	0.4767089	0.0002650285714285714	0.0008834285714285715	8.88826608657837	8637.655542373657
817	594.166117706824	894.05	50.47314453125	0.47661284	0.00026498571428571426	0.0008832857142857143	8.765585899353027	8646.423253536224
818	547.7107966149123	819.43	50.73876953125	0.47651973	0.0002649428571428571	0.0008831428571428572	9.304470539093018	8655.728298187256
819	485.518216018395	781.15	50.74853515625	0.47642386	0.0002649	0.000883	8.83953595161438	8664.569378852844
820	459.8233372454464	755.33	50.75634765625	0.4763329	0.00026485714285714285	0.0008828571428571429	8.882174491882324	8673.452152729034
821	496.8565426412941	814.66	50.766357421875	0.47624263	0.00026481428571428566	0.0008827142857142857	8.868332386016846	8682.322489500046
822	523.4363027811936	815.15	50.7763671875	0.47615623	0.0002647714285714285	0.0008825714285714286	8.93105149269104	8691.25418305397
823	584.393180638378	922.93	50.775146484375	0.47607234	0.0002647285714285714	0.0008824285714285714	8.756162643432617	8700.012312412262
824	566.922408244856	875.97	50.547607421875	0.47598708	0.00026468571428571425	0.0008822857142857144	8.762736558914185	8708.775627851486
825	574.2135484221054	863.55	50.294677734375	0.47580326	0.0002646428571428571	0.0008821428571428572	9.535274267196655	8718.313280582428
826	523.2127482520267	805.92	50.81494140625	0.47570336	0.0002646	0.000882	10.96409821510315	8729.277901887894
827	541.6415330874582	844.48	50.82275390625	0.47560492	0.00026455714285714284	0.0008818571428571429	8.770600318908691	8738.050582408905
828	560.4986314583957	866.82	50.833251953125	0.47551152	0.00026451428571428565	0.0008817142857142857	9.579490184783936	8747.630667209625
829	590.9226634248178	914.34	50.84619140625	0.47541416	0.00026447142857142857	0.0008815714285714286	8.766010284423828	8756.397542476654
830	542.214009446841	866.33	50.341552734375	0.47519612	0.00026442857142857144	0.0008814285714285714	8.85580039024353	8765.253931045532
831	572.464011303661	912.97	51.11572265625	0.47507814	0.00026438571428571425	0.0008812857142857142	9.013150691986084	8774.26762509346
832	553.8444333340808	866.45	51.123046875	0.47496033	0.0002643428571428571	0.0008811428571428571	8.96847128868103	8783.238017320633
833	541.3740591119645	848.02	51.1220703125	0.47484002	0.0002643	0.0008810000000000001	8.991035461425781	8792.229643583298
834	614.3132028070456	941.28	51.3955078125	0.47472167	0.00026425714285714284	0.0008808571428571429	8.765923261642456	8800.997081756592
835	553.2816940981804	897.18	51.391845703125	0.47460333	0.0002642142857142857	0.0008807142857142857	9.486257791519165	8810.483924388885
836	509.0894440777789	826.39	51.4150390625	0.47448722	0.00026417142857142856	0.0008805714285714286	8.780724287033081	8819.267057657242
837	443.59055144868813	751.07	51.412841796875	0.47437337	0.00026412857142857143	0.0008804285714285715	8.761486530303955	8828.02919125557
838	467.91264533396793	771.42	51.170654296875	0.4742627	0.0002640857142857143	0.0008802857142857143	9.364845752716064	8837.396015644073
839	492.2004560246173	814.07	51.194091796875	0.4741602	0.0002640428571428571	0.0008801428571428571	8.767476320266724	8846.164040327072
840	567.6755271167589	903.34	50.699951171875	0.47406015	0.00026399999999999997	0.00088	8.770876407623291	8854.937224149704
841	566.4069359048841	914.76	51.4619140625	0.47395965	0.00026395714285714283	0.000879857142857143	8.836593866348267	8863.774430274963
842	552.3743984384615	904.68	50.847900390625	0.47374904	0.0002639142857142857	0.0008797142857142856	9.219931364059448	8872.996454954147
843	556.3713577729155	891.68	51.592041015625	0.47364137	0.00026387142857142856	0.0008795714285714286	8.830419540405273	8881.827420949936
844	476.77225246240863	773.11	51.361572265625	0.47353986	0.0002638285714285714	0.0008794285714285715	8.764931917190552	8890.594352960587
845	498.59419295123996	827.42	51.357666015625	0.4734391	0.00026378571428571423	0.0008792857142857143	9.443686723709106	8900.038638830185
846	464.7017759963957	772.13	51.62939453125	0.47334266	0.0002637428571428571	0.0008791428571428571	9.298319816589355	8909.339035272598
847	496.64650147467125	801.31	51.6337890625	0.47324607	0.00026369999999999996	0.000879	8.909431457519531	8918.24900007248
848	540.2935517388346	865.77	51.37890625	0.4731492	0.0002636571428571428	0.0008788571428571429	9.43710970878601	8927.687168836594
849	554.9395184711923	888.11	51.400634765625	0.47304693	0.0002636142857142857	0.0008787142857142857	8.904398679733276	8936.592166423798
850	543.1537377782885	873.35	52.154052734375	0.47294554	0.00026357142857142855	0.0008785714285714285	8.803754091262817	8945.398118019104
851	533.6620866543195	846.12	50.918212890625	0.47274444	0.0002635285714285714	0.0008784285714285715	8.85877275466919	8954.257560014725
852	547.9714214913896	878.23	51.67626953125	0.47264645	0.0002634857142857143	0.0008782857142857144	9.064817428588867	8963.322908639908
853	491.4462418808182	824.16	51.42041015625	0.47254667	0.0002634428571428571	0.0008781428571428572	8.849899291992188	8972.174738407135
854	467.9694611718351	781.75	51.690673828125	0.472445	0.00026339999999999995	0.000878	8.780656814575195	8980.955991268158
855	443.7004328617152	736.37	51.436279296875	0.4723412	0.00026335714285714287	0.0008778571428571429	9.372638702392578	8990.330973386765
856	405.18002585037937	706.82	51.205810546875	0.47214845	0.0002633142857142857	0.0008777142857142857	8.871519804000854	8999.20301270485
857	441.05462920965925	737.43	51.4638671875	0.4720584	0.00026327142857142854	0.0008775714285714286	8.775932312011719	9007.979472398758
858	468.84567629362175	777.19	51.708984375	0.4719665	0.0002632285714285714	0.0008774285714285714	9.408021450042725	9017.389692306519
859	514.9248899906016	812.42	51.981201171875	0.47187153	0.00026318571428571427	0.0008772857142857142	9.12070894241333	9026.51098704338
860	538.9221462822709	806.89	51.483154296875	0.4717753	0.00026314285714285713	0.0008771428571428572	8.804468393325806	9035.316004991531
861	528.3171576687256	823.77	52.24853515625	0.4716802	0.0002631	0.0008770000000000001	8.782898664474487	9044.101441383362
862	539.8621513725556	857.04	47.95458984375	0.47158623	0.00026305714285714286	0.0008768571428571429	8.908000230789185	9053.010041236877
863	490.5060927595264	796.69	50.49072265625	0.47149393	0.00026301428571428567	0.0008767142857142857	8.888129711151123	9061.898781061172
864	540.365807814594	844.81	51.000732421875	0.47140348	0.00026297142857142854	0.0008765714285714286	8.782130479812622	9070.682922840118
865	572.846128510262	887.88	51.00341796875	0.47131768	0.0002629285714285714	0.0008764285714285715	9.358907222747803	9080.042516708374
866	560.3884675025314	855.7	50.78173828125	0.47122765	0.00026288571428571426	0.0008762857142857143	8.832512140274048	9088.875830888748
867	574.680978721849	874.95	50.787841796875	0.47113764	0.00026284285714285713	0.0008761428571428571	8.804284811019897	9097.680743217468
868	517.840375922726	807.5	50.783935546875	0.47104684	0.0002628	0.000876	9.504737854003906	9107.187690734863
869	538.2067797073603	843.67	51.0517578125	0.47095922	0.00026275714285714285	0.000875857142857143	8.799205541610718	9115.987503767014
870	521.6327822676334	796.76	50.55859375	0.47087005	0.00026271428571428566	0.0008757142857142857	8.791868686676025	9124.779949903488
871	581.7520915905992	882.02	50.818603515625	0.470778	0.00026267142857142853	0.0008755714285714286	8.77682638168335	9133.559072494507
872	570.636808004141	863.94	51.066162109375	0.47068462	0.0002626285714285714	0.0008754285714285715	8.904494762420654	9142.464150428772
873	586.4001685365905	862.59	51.087158203125	0.47059146	0.00026258571428571426	0.0008752857142857144	8.930460691452026	9151.39566230774
874	645.427629600705	957.06	51.09619140625	0.47049594	0.0002625428571428571	0.0008751428571428571	8.77057933807373	9160.166782617569
875	610.1289576899967	932.63	51.10400390625	0.47040156	0.0002625	0.000875	9.32328200340271	9169.49299788475
876	618.5664766053611	940.4	50.612060546875	0.47022805	0.00026245714285714285	0.0008748571428571429	8.841516494750977	9178.335064172745
877	650.0652109290618	940.77	51.1123046875	0.47014144	0.0002624142857142857	0.0008747142857142858	8.82626986503601	9187.163306474686
878	653.4355852104468	958.5	51.377197265625	0.4700619	0.0002623714285714285	0.0008745714285714285	9.433603286743164	9196.597443819046
879	584.6084908832972	889.45	50.88720703125	0.46998444	0.0002623285714285714	0.0008744285714285715	8.782495021820068	9205.381920099258
880	587.3712146426086	878.81	51.13232421875	0.46991035	0.0002622857142857143	0.0008742857142857144	8.800439596176147	9214.182981491089
881	601.9914123135218	916.27	51.15283203125	0.4698342	0.0002622428571428571	0.0008741428571428571	8.797978401184082	9222.982937335968
882	558.9853651513606	838.22	51.395263671875	0.46975777	0.0002622	0.000874	9.141636610031128	9232.125186443329
883	534.6804605641579	834.13	51.16455078125	0.4696842	0.00026215714285714284	0.0008738571428571429	8.904648303985596	9241.031922578812
884	559.939875999864	836.78	51.175537109375	0.46961045	0.00026211428571428565	0.0008737142857142857	8.790483951568604	9249.82303237915
885	519.7978564068468	809.18	50.681396484375	0.46944764	0.00026207142857142857	0.0008735714285714285	9.442910194396973	9259.267896175385
886	564.0645004718587	857.77	51.190185546875	0.46936297	0.00026202857142857143	0.0008734285714285714	12.493840217590332	9271.762341737747
887	556.4758430665182	860.5	51.19921875	0.46927705	0.00026198571428571424	0.0008732857142857142	8.812023639678955	9280.57608962059
888	531.8966301022425	821.44	51.208251953125	0.46919164	0.0002619428571428571	0.0008731428571428572	9.347906112670898	9289.924621343613
889	549.2378714957157	861.01	51.2158203125	0.4691069	0.00026189999999999997	0.000873	8.894151449203491	9298.821114778519
890	557.2959935943461	894.11	51.22021484375	0.4690206	0.00026185714285714283	0.0008728571428571429	8.805369853973389	9307.627084493637
891	602.0941670844915	929.08	51.47998046875	0.46894193	0.0002618142857142857	0.0008727142857142858	9.334712982177734	9316.96414232254
892	631.262188196923	929.57	51.488037109375	0.46886477	0.00026177142857142856	0.0008725714285714286	8.787644624710083	9325.752330064774
893	601.1680196645008	910.56	51.494140625	0.46879053	0.0002617285714285714	0.0008724285714285714	8.780118227005005	9334.534130334854
894	601.9464198258362	941.06	51.2548828125	0.46872208	0.0002616857142857143	0.0008722857142857143	8.758962631225586	9343.293676614761
895	593.1346409623752	936.69	51.26171875	0.46865427	0.0002616428571428571	0.0008721428571428571	8.942026138305664	9352.23813533783
896	589.3893881112602	919.99	51.518798828125	0.46858907	0.00026159999999999996	0.000872	8.749802112579346	9360.988630533218
897	637.6046228563504	940.94	51.528564453125	0.46852458	0.0002615571428571428	0.0008718571428571429	8.784453630447388	9369.773680448532
898	622.9832137819692	934.24	51.2822265625	0.46845898	0.0002615142857142857	0.0008717142857142857	9.36669921875	9379.14360833168
899	622.401701366816	936.79	51.5302734375	0.46839216	0.00026147142857142855	0.0008715714285714286	9.302541494369507	9388.446870088577
900	630.7698159649402	934.68	51.30224609375	0.46832457	0.0002614285714285714	0.0008714285714285715	8.747271537780762	9397.19466662407
901	624.0064343254579	941.35	51.30078125	0.46825722	0.0002613857142857142	0.0008712857142857142	11.535481691360474	9408.732297897339
902	634.4413655067218	922.18	51.317138671875	0.4681891	0.0002613428571428571	0.0008711428571428571	8.738792896270752	9417.471669197083
903	602.9505240042928	922.88	51.3193359375	0.4681189	0.00026129999999999995	0.000871	8.735233306884766	9426.207521677017
904	639.5201074245172	940.52	51.583740234375	0.46805313	0.0002612571428571428	0.0008708571428571429	9.083916664123535	9435.294028997421
905	564.0291105602226	887.1	51.0810546875	0.46791694	0.0002612142857142857	0.0008707142857142858	8.87947392463684	9444.174132585526
906	586.4712150578912	885.59	51.34814453125	0.46784258	0.00026117142857142855	0.0008705714285714286	8.742591142654419	9452.917593479156
907	551.596239942381	835.04	51.358642578125	0.46777138	0.0002611285714285714	0.0008704285714285715	8.727960348129272	9461.64618062973
908	504.51227448705356	802.84	51.61962890625	0.46769953	0.0002610857142857143	0.0008702857142857144	8.966958999633789	9470.61372923851
909	554.2495931597409	855.84	51.628662109375	0.46762288	0.0002610428571428571	0.0008701428571428571	8.759106636047363	9479.37494969368
910	563.8792522079907	862.79	51.3759765625	0.46754214	0.000261	0.00087	8.923048496246338	9488.298587799072
911	589.4345378722044	910.97	51.397705078125	0.46745872	0.00026095714285714287	0.0008698571428571429	9.436843395233154	9497.737029075623
912	533.1791204721167	797.03	51.407470703125	0.46737155	0.0002609142857142857	0.0008697142857142857	9.166358947753906	9506.9039580822
913	522.6017540534258	796.01	50.917724609375	0.4671828	0.00026087142857142854	0.0008695714285714285	8.953967094421387	9515.858719110489
914	528.8740023127742	827.64	51.42919921875	0.4670825	0.0002608285714285714	0.0008694285714285715	8.822368860244751	9524.68162226677
915	560.0311197349871	852.38	51.42529296875	0.46697882	0.00026078571428571427	0.0008692857142857143	8.907744884490967	9533.591380119324
916	578.466838100024	894.58	51.448974609375	0.46688005	0.00026074285714285713	0.0008691428571428572	8.767150640487671	9542.359191417694
917	564.9761793719472	876.32	51.445068359375	0.46678397	0.0002607	0.000869	8.767186880111694	9551.126972675323
918	601.6695740540229	904.88	51.4609375	0.4666892	0.00026065714285714286	0.0008688571428571429	9.30392861366272	9560.43146777153
919	601.9216371283161	916.79	48.429931640625	0.46659604	0.0002606142857142857	0.0008687142857142858	8.743285894393921	9569.177129507065
920	592.274625901312	892.17	51.204833984375	0.4665015	0.00026057142857142853	0.0008685714285714286	8.74849247932434	9577.92632985115
921	572.837894153204	894.45	51.744140625	0.46640885	0.0002605285714285714	0.0008684285714285714	9.374882221221924	9587.30182003975
922	580.1278916355803	922.8	51.49169921875	0.4663094	0.00026048571428571426	0.0008682857142857143	8.755565166473389	9596.057941675186
923	605.3766071052919	936.79	51.517333984375	0.4662125	0.0002604428571428571	0.0008681428571428571	8.744424104690552	9604.804596424103
924	611.2998364001824	964.82	51.2763671875	0.46611464	0.0002604	0.0008680000000000001	8.743221044540405	9613.548396110535
925	568.0717638082596	904.24	51.5224609375	0.46602252	0.00026035714285714285	0.0008678571428571429	9.012906074523926	9622.563184976578
926	593.3439655344372	929.35	51.29638671875	0.4658396	0.00026031428571428566	0.0008677142857142857	9.088606834411621	9631.652373075485
927	543.7905064235485	847.0	51.54736328125	0.46574417	0.0002602714285714285	0.0008675714285714286	8.736006021499634	9640.389831542969
928	581.4431157195446	887.93	51.567626953125	0.46565643	0.0002602285714285714	0.0008674285714285714	9.387619018554688	9649.778039455414
929	587.9432093692923	880.06	51.57568359375	0.46557534	0.00026018571428571425	0.0008672857142857143	8.77506947517395	9658.554500341415
930	544.7538533793199	849.0	51.5849609375	0.46549296	0.0002601428571428571	0.0008671428571428571	11.35608458518982	9669.91115951538
931	559.4343791396676	882.66	51.34423828125	0.4654114	0.0002601	0.000867	9.542664051055908	9679.455681562424
932	508.08245435409714	807.29	51.591552734375	0.46533474	0.00026005714285714284	0.0008668571428571428	9.272939443588257	9688.729149341583
933	543.3614639882139	833.42	51.115966796875	0.46517763	0.0002600142857142857	0.0008667142857142858	8.824553966522217	9697.555494785309
934	531.9015576810511	803.85	51.6259765625	0.46509442	0.0002599714285714285	0.0008665714285714286	9.421008586883545	9706.97703409195
935	507.6636240088387	808.11	51.3837890625	0.46501246	0.00025992857142857144	0.0008664285714285715	8.752543449401855	9715.731308221817
936	533.9235745328333	832.11	51.645263671875	0.46493244	0.0002598857142857143	0.0008662857142857143	8.764928579330444	9724.496845960617
937	541.100591807831	834.79	51.6416015625	0.4648498	0.0002598428571428571	0.0008661428571428571	8.745400667190552	9733.244583129883
938	573.0467573753767	905.68	51.6650390625	0.4647654	0.00025979999999999997	0.000866	8.848023891448975	9742.093172311783
939	593.2406599769114	901.89	51.6728515625	0.4646814	0.00025975714285714284	0.0008658571428571429	8.9716317653656	9751.066875457764
940	574.2747551299735	913.27	51.67236328125	0.46460283	0.0002597142857142857	0.0008657142857142856	8.725486993789673	9759.792908668518
941	570.4161002329034	907.16	51.697021484375	0.46452382	0.00025967142857142856	0.0008655714285714285	9.32908010482788	9769.122623443604
942	552.7693723671358	899.8	51.692138671875	0.4644448	0.00025962857142857143	0.0008654285714285715	8.734864473342896	9777.859611034393
943	553.6352591815162	897.91	51.7236328125	0.46436915	0.0002595857142857143	0.0008652857142857144	8.749040126800537	9786.609329223633
944	582.9707030493732	932.41	51.7177734375	0.46428695	0.0002595428571428571	0.0008651428571428571	9.269682168960571	9795.879668235779
945	543.1905068603993	901.65	51.2314453125	0.46412492	0.00025949999999999997	0.000865	8.80503225326538	9804.68632221222
946	578.4927318028886	907.84	51.496337890625	0.46404722	0.00025945714285714283	0.0008648571428571429	8.756027936935425	9813.442467689514
947	556.3781200060223	889.76	51.746337890625	0.46397367	0.0002594142857142857	0.0008647142857142858	8.705922365188599	9822.154205560684
948	545.1993450923475	898.7	51.76611328125	0.4638978	0.00025937142857142856	0.0008645714285714285	8.990257740020752	9831.145081281662
949	505.5897701356888	873.21	51.5126953125	0.4638213	0.0002593285714285714	0.0008644285714285714	8.742354154586792	9839.889070272446
950	508.1127437633159	848.74	51.783935546875	0.46374407	0.0002592857142857143	0.0008642857142857144	45.99750018119812	9885.887193918228
951	549.5964709017647	869.52	51.79150390625	0.46367148	0.0002592428571428571	0.0008641428571428572	8.734507322311401	9894.623493671417
952	578.9440869358161	914.64	51.80419921875	0.46360302	0.00025919999999999996	0.000864	8.71550464630127	9903.339602470398
953	565.272941724468	871.75	51.81396484375	0.46353614	0.0002591571428571428	0.0008638571428571429	8.719520807266235	9912.061111450195
954	503.6087686104289	815.23	51.325439453125	0.4633914	0.0002591142857142857	0.0008637142857142857	9.018028974533081	9921.07940530777
955	545.9256739194568	872.49	51.583740234375	0.4633186	0.00025907142857142855	0.0008635714285714286	9.584338665008545	9930.665855884552
956	550.7602678636864	881.38	51.841552734375	0.46325043	0.0002590285714285714	0.0008634285714285714	8.74630331993103	9939.412806034088
957	579.2431354357896	954.62	51.851806640625	0.46318388	0.0002589857142857143	0.0008632857142857143	9.307908296585083	9948.724033117294
958	545.251614384624	904.12	51.609619140625	0.46311375	0.00025894285714285714	0.0008631428571428572	8.706318855285645	9957.430977344513
959	526.3361019394913	887.18	51.873046875	0.46305153	0.00025889999999999995	0.000863	9.11661434173584	9966.548562288284
960	540.989258565237	896.78	51.882080078125	0.46298972	0.0002588571428571428	0.0008628571428571429	9.275483846664429	9975.824635267258
961	553.5778853108355	919.3	51.89501953125	0.4629219	0.00025881428571428573	0.0008627142857142858	11.238625288009644	9987.063811302185
962	476.69636827563	797.08	51.654052734375	0.46285686	0.00025877142857142854	0.0008625714285714286	8.722841739654541	9995.788523197174
963	560.5541908431786	927.89	51.914794921875	0.46278867	0.0002587285714285714	0.0008624285714285715	8.724719285964966	10004.513840436935
964	499.4346349158974	837.55	51.422119140625	0.46265867	0.00025868571428571427	0.0008622857142857143	8.783040285110474	10013.298322200775
965	537.2197010486883	893.52	51.68310546875	0.46258804	0.00025864285714285713	0.0008621428571428571	8.715063333511353	10022.013946533203
966	476.8544053045062	798.38	51.943359375	0.46252134	0.0002586	0.000862	8.749480247497559	10030.76402258873
967	514.3846714940892	889.81	51.951904296875	0.4624509	0.00025855714285714286	0.0008618571428571429	9.33841323852539	10040.104446172714
968	490.8309741832021	817.07	51.95068359375	0.46238318	0.00025851428571428567	0.0008617142857142856	8.749831199645996	10048.85483288765
969	500.03688322359295	854.29	51.97314453125	0.4623159	0.00025847142857142853	0.0008615714285714286	8.718494415283203	10057.575423955917
970	477.11474127896855	818.09	51.981689453125	0.46224526	0.0002584285714285714	0.0008614285714285715	9.521154880523682	10067.097219467163
971	526.4528265804528	875.46	51.97900390625	0.46217728	0.00025838571428571426	0.0008612857142857144	8.782594203948975	10075.882123470306
972	498.4575547914119	835.52	52.0029296875	0.46210727	0.0002583428571428571	0.0008611428571428572	8.758142471313477	10084.640488862991
973	492.4483166766477	837.67	52.124755859375	0.46203503	0.0002583	0.000861	8.743596315383911	10093.386012554169
974	465.1582109252626	794.69	52.142822265625	0.46196267	0.00025825714285714285	0.0008608571428571429	8.804575681686401	10102.191216468811
975	450.03763273812757	792.53	52.154052734375	0.4618926	0.0002582142857142857	0.0008607142857142858	8.8885178565979	10111.081235408783
976	553.2006459333861	898.7	52.158447265625	0.46181762	0.00025817142857142853	0.0008605714285714285	8.731449365615845	10119.813240528107
977	566.2416095453408	915.57	49.117919921875	0.4617361	0.0002581285714285714	0.0008604285714285714	9.392484188079834	10129.207721948624
978	580.1329419899694	928.01	51.644775390625	0.46165478	0.00025808571428571426	0.0008602857142857144	8.722343444824219	10137.930616617203
979	493.27057771470317	843.43	51.677001953125	0.4614868	0.0002580428571428571	0.0008601428571428571	8.79787278175354	10146.730562925339
980	548.6101181496408	908.67	51.94189453125	0.4613926	0.000258	0.00086	9.287580966949463	10156.018691539764
981	566.2760277203719	918.51	51.94384765625	0.4612999	0.00025795714285714285	0.0008598571428571429	8.744584560394287	10164.765470266342
982	524.9988248299304	869.85	52.4560546875	0.46120322	0.00025791428571428566	0.0008597142857142857	8.738719701766968	10173.50482749939
983	518.9545961933222	849.16	52.21044921875	0.46110392	0.0002578714285714285	0.0008595714285714285	8.77030086517334	10182.278171300888
984	502.87665563527315	844.26	52.22265625	0.46100822	0.0002578285714285714	0.0008594285714285714	8.927222728729248	10191.205945968628
985	525.9455570374413	886.75	51.73046875	0.46083403	0.00025778571428571425	0.0008592857142857143	8.773272275924683	10199.97974562645
986	500.6313412904485	839.87	52.2451171875	0.46075487	0.00025774285714285717	0.0008591428571428573	8.723684072494507	10208.705706357956
987	544.6122527277618	888.91	52.242919921875	0.4606732	0.0002577	0.000859	9.20543098449707	10217.911742687225
988	538.6587022866163	865.08	52.238037109375	0.46058783	0.00025765714285714284	0.0008588571428571429	9.226824283599854	10227.14038491249
989	528.7436238376902	889.07	52.25830078125	0.4604976	0.0002576142857142857	0.0008587142857142858	8.718430995941162	10235.85942530632
990	567.88711844381	914.79	52.255126953125	0.46040365	0.0002575714285714285	0.0008585714285714286	8.72706151008606	10244.58711385727
991	530.3184244808966	885.2	52.2763671875	0.4603095	0.00025752857142857143	0.0008584285714285714	9.03208613395691	10253.621179819107
992	557.6494159564704	903.07	52.035400390625	0.46021268	0.0002574857142857143	0.0008582857142857143	8.720908164978027	10262.342700004578
993	549.2986588559896	898.22	52.279541015625	0.46012625	0.0002574428571428571	0.0008581428571428571	8.719502687454224	10271.064129114151
994	546.3467987621448	877.78	52.29833984375	0.46004006	0.00025739999999999997	0.000858	9.378899812698364	10280.443635225296
995	606.4987440274222	972.75	52.05419921875	0.45995829	0.00025735714285714283	0.0008578571428571428	8.727887392044067	10289.173224687576
996	629.2002191694003	981.92	52.315185546875	0.45987916	0.0002573142857142857	0.0008577142857142857	8.719996213912964	10297.893869161606
997	582.9595541097152	911.17	52.57421875	0.45980248	0.00025727142857142856	0.0008575714285714286	9.322012186050415	10307.220951795578
998	547.1945905809097	892.89	51.82373046875	0.45964155	0.0002572285714285714	0.0008574285714285715	8.816528558731079	10316.038118362427
999	579.3140427426864	919.6	52.3408203125	0.45955753	0.0002571857142857143	0.0008572857142857143	8.759587526321411	10324.79907822609
1000	601.6817150238126	948.11	51.857421875	0.45948508	0.00025714285714285715	0.0008571428571428572	8.728028535842896	10333.527709007263
1001	559.1576963336141	881.57	52.353515625	0.45941457	0.00025709999999999996	0.000857	8.909675598144531	10342.438012361526
1002	498.76136800472597	810.99	52.37158203125	0.45934427	0.0002570571428571428	0.0008568571428571429	8.812499284744263	10351.252433776855
1003	499.3452952843712	813.92	52.370849609375	0.45926654	0.0002570142857142857	0.0008567142857142857	8.756808280944824	10360.009848833084
1004	506.90378157143374	854.44	52.129638671875	0.4591807	0.00025697142857142855	0.0008565714285714285	9.366556644439697	10369.378412246704
1005	521.7409927589971	852.67	52.630615234375	0.45910013	0.0002569285714285714	0.0008564285714285715	8.772721290588379	10378.151682853699
1006	566.2589004343046	902.41	52.3955078125	0.45901623	0.0002568857142857143	0.0008562857142857144	8.723660230636597	10386.877495288849
1007	514.3615694756986	842.98	51.902587890625	0.4588448	0.0002568428571428571	0.0008561428571428571	9.356077671051025	10396.234152793884
1008	516.0582903225583	850.69	52.407958984375	0.45875493	0.00025679999999999995	0.000856	8.76314663887024	10404.99938750267
1009	536.0845939289686	879.38	52.1669921875	0.45867196	0.0002567571428571428	0.0008558571428571429	8.735805034637451	10413.735739707947
1010	473.446823553671	783.81	52.174072265625	0.45858267	0.0002567142857142857	0.0008557142857142857	8.753813743591309	10422.491441965103
1011	494.9340059124768	835.54	52.184814453125	0.45849177	0.00025667142857142855	0.0008555714285714285	9.044176816940308	10431.536141395569
1012	499.2323481307001	843.9	52.679931640625	0.45840275	0.0002566285714285714	0.0008554285714285714	8.785263776779175	10440.325882196426
1013	558.5377237870636	895.49	52.449951171875	0.45831314	0.00025658571428571427	0.0008552857142857144	8.756893634796143	10449.083387374878
1014	516.3091427858374	832.73	52.45849609375	0.4582224	0.00025654285714285714	0.0008551428571428573	9.291855812072754	10458.377135038376
1015	538.0412859916927	872.83	52.215576171875	0.45813426	0.00025649999999999995	0.000855	8.9656503200531	10467.343346595764
1016	549.7697376270864	882.2	52.22119140625	0.45804974	0.00025645714285714286	0.0008548571428571429	8.733091115951538	10476.077038526535
1017	544.9850220343982	873.9	52.215576171875	0.45796764	0.00025641428571428573	0.0008547142857142858	8.749725580215454	10484.829131364822
1018	536.9149430287113	873.3	52.489990234375	0.45788577	0.00025637142857142854	0.0008545714285714286	8.812187910079956	10493.642093420029
1019	548.2212018947124	865.22	52.497802734375	0.45780805	0.0002563285714285714	0.0008544285714285714	8.783408641815186	10502.426647424698
1020	560.2740549611567	895.19	52.506103515625	0.45773128	0.00025628571428571427	0.0008542857142857143	8.73889970779419	10511.166157722473
1021	572.6770278108415	896.2	52.011474609375	0.45757425	0.00025624285714285713	0.0008541428571428571	9.318914413452148	10520.48695397377
1022	586.5425666198356	929.13	52.255859375	0.45749187	0.0002562	0.000854	8.731440782546997	10529.218920230865
1023	541.4515755954523	865.48	52.5283203125	0.45740536	0.00025615714285714286	0.0008538571428571429	8.743393421173096	10537.96461224556
1024	504.3153501151647	828.31	52.538330078125	0.4573212	0.00025611428571428567	0.0008537142857142857	9.288309097290039	10547.253474473953
1025	508.8387285216397	819.86	52.29248046875	0.4572399	0.00025607142857142853	0.0008535714285714286	8.732309579849243	10555.986711502075
1026	495.98551842494237	834.16	52.55322265625	0.4571557	0.0002560285714285714	0.0008534285714285715	14.210480213165283	10570.197791576385
1027	534.5012551174525	852.81	52.310302734375	0.45707664	0.00025598571428571426	0.0008532857142857143	10.591001987457275	10580.79169845581
1028	525.7808108113381	854.03	52.568115234375	0.4570005	0.0002559428571428571	0.0008531428571428572	14.087130784988403	10594.879448413849
1029	533.5708966731188	875.97	52.064697265625	0.45685673	0.0002559	0.000853	8.789276361465454	10603.67056298256
1030	583.5327755392698	923.08	52.583984375	0.45678353	0.00025585714285714285	0.0008528571428571428	9.070508480072021	10612.741616487503
1031	536.3857743454889	858.29	52.328125	0.45670483	0.0002558142857142857	0.0008527142857142857	8.714849710464478	10621.458565235138
1032	530.5543700445286	861.01	52.3486328125	0.45662233	0.0002557714285714285	0.0008525714285714286	8.7223801612854	10630.181547641754
1033	567.3996862441278	914.62	52.6064453125	0.45654202	0.0002557285714285714	0.0008524285714285715	9.59226942062378	10639.795195102692
1034	522.8164414593282	859.36	49.5537109375	0.4564689	0.00025568571428571425	0.0008522857142857143	8.721551418304443	10648.517325162888
1035	545.4744681372275	890.14	52.5859375	0.45639727	0.0002556428571428571	0.0008521428571428571	8.707346200942993	10657.225721597672
1036	579.2707174254475	909.18	52.6015625	0.45632085	0.0002556	0.000852	9.303786754608154	10666.530128479004
1037	596.9955386701182	935.22	52.61767578125	0.45624527	0.00025555714285714284	0.0008518571428571429	8.729003667831421	10675.260911941528
1038	573.8521252129617	904.68	52.630859375	0.45616838	0.00025551428571428565	0.0008517142857142856	8.736178636550903	10683.997824907303
1039	589.9696708642983	927.82	52.877685546875	0.45608667	0.0002554714285714285	0.0008515714285714285	8.706151723861694	10692.704583644867
1040	547.2146093107132	884.0	52.65087890625	0.4560083	0.0002554285714285714	0.0008514285714285714	8.825413703918457	10701.530613660812
1041	543.9672514256175	861.25	52.1611328125	0.45584974	0.0002553857142857143	0.0008512857142857144	8.994771242141724	10710.528643846512
1042	566.8533462914564	899.96	52.42529296875	0.4557682	0.00025534285714285716	0.0008511428571428572	8.729614019393921	10719.258625984192
1043	558.358800258724	873.75	52.435302734375	0.45568407	0.00025529999999999997	0.000851	9.259941101074219	10728.519124507904
1044	592.2535391554777	910.75	52.19091796875	0.45559654	0.00025525714285714284	0.0008508571428571429	8.733129739761353	10737.257832050323
1045	547.1633673646419	839.61	52.703857421875	0.45551455	0.0002552142857142857	0.0008507142857142858	8.711987495422363	10745.970516204834
1046	587.4726670148129	895.89	52.450439453125	0.4554328	0.00025517142857142856	0.0008505714285714285	8.817110300064087	10754.78786277771
1047	598.8126432289065	907.75	52.221923828125	0.45525172	0.0002551285714285714	0.0008504285714285714	8.82213020324707	10763.615409374237
1048	538.9873122512676	839.48	52.724853515625	0.45515677	0.0002550857142857143	0.0008502857142857143	8.700376749038696	10772.31639623642
1049	567.5993709829609	863.96	52.49267578125	0.45507023	0.0002550428571428571	0.0008501428571428571	8.690760374069214	10781.009504079819
1050	575.0813595164082	892.52	52.753662109375	0.45498648	0.00025499999999999996	0.00085	9.262707471847534	10790.27284002304
1051	615.1735890002842	910.98	52.755615234375	0.45490137	0.00025495714285714283	0.0008498571428571429	8.695275068283081	10798.968671798706
1052	582.3683486892224	884.8	52.773193359375	0.45481804	0.0002549142857142857	0.0008497142857142858	8.67306399345398	10807.64405298233
1053	621.7592928576644	927.77	52.769287109375	0.4547356	0.00025487142857142856	0.0008495714285714286	9.370773553848267	10817.015517950058
1054	598.7604961865354	928.31	52.5419921875	0.45465866	0.0002548285714285714	0.0008494285714285714	9.097092628479004	10826.113132238388
1055	582.9924132875764	922.45	52.80078125	0.4545826	0.0002547857142857143	0.0008492857142857143	8.726329326629639	10834.840963363647
1056	614.7204004319841	917.37	52.800537109375	0.45450833	0.00025474285714285715	0.0008491428571428572	8.69186782836914	10843.533454179764
1057	597.5866380082895	886.11	52.32080078125	0.45434627	0.00025469999999999996	0.000849	8.857460021972656	10852.393047571182
1058	606.2086038552815	915.82	52.822265625	0.45427132	0.0002546571428571428	0.0008488571428571428	8.665228128433228	10861.058842420578
1059	614.2101798418503	922.98	52.5927734375	0.45419958	0.0002546142857142857	0.0008487142857142858	8.732786417007446	10869.79224896431
1060	580.4508273391901	861.65	52.852783203125	0.45412734	0.00025457142857142855	0.0008485714285714286	9.246020793914795	10879.04019999504
1061	571.7258724192193	883.29	52.845458984375	0.4540585	0.0002545285714285714	0.0008484285714285715	8.70297122001648	10887.743862390518
1062	609.5459960256293	899.23	52.87060546875	0.45399237	0.0002544857142857143	0.0008482857142857143	8.676605701446533	10896.4209856987
1063	526.1842746126127	806.65	52.866455078125	0.4539242	0.0002544428571428571	0.0008481428571428571	8.91942834854126	10905.342255115509
1064	608.6528516339685	906.81	52.39013671875	0.45378593	0.00025439999999999995	0.000848	8.917565822601318	10914.260532617569
1065	594.0452149567582	907.48	52.8916015625	0.45371696	0.0002543571428571428	0.0008478571428571429	8.510902404785156	10922.771983623505
1066	559.6281310705289	865.41	52.909912109375	0.45364794	0.0002543142857142857	0.0008477142857142857	8.580020189285278	10931.353930711746
1067	568.2682907973406	838.97	52.921630859375	0.45357785	0.00025427142857142854	0.0008475714285714285	14.384117603302002	10945.738674402237
1068	627.8149130149588	929.62	52.9228515625	0.45350945	0.0002542285714285714	0.0008474285714285715	8.55276370048523	10954.293490409851
1069	588.1996079921406	899.83	52.939697265625	0.45343408	0.00025418571428571427	0.0008472857142857144	8.717755556106567	10963.01191997528
1070	595.0324618279351	880.32	52.688720703125	0.45336032	0.00025414285714285713	0.0008471428571428572	10.004525899887085	10973.018975019455
1071	584.3094569187638	885.35	52.71240234375	0.45328572	0.0002541	0.000847	8.5336332321167	10981.553144931793
1072	626.4985481619711	944.49	52.963134765625	0.4532125	0.00025405714285714286	0.0008468571428571429	8.550695419311523	10990.104947090149
1073	656.3479856521004	960.38	52.73193359375	0.45314273	0.0002540142857142857	0.0008467142857142858	9.122550010681152	10999.228157043457
1074	636.5803839750121	922.82	52.991943359375	0.45307192	0.00025397142857142853	0.0008465714285714285	8.542487621307373	11007.771273851395
1075	599.8682138129227	899.2	52.9970703125	0.45300326	0.0002539285714285714	0.0008464285714285714	8.531270980834961	11016.304501056671
1076	615.7783570548768	906.49	53.012451171875	0.45293093	0.00025388571428571426	0.0008462857142857143	8.947378873825073	11025.252590417862
1077	636.1629890141314	950.67	52.50830078125	0.45278785	0.0002538428571428571	0.0008461428571428572	8.741353988647461	11033.996146202087
1078	583.7579655995007	881.07	52.90234375	0.45271674	0.0002538	0.000846	8.551990032196045	11042.548754930496
1079	620.0331462115627	923.07	53.1533203125	0.45264304	0.00025375714285714285	0.0008458571428571429	8.52427887916565	11051.075236320496
1080	558.6429979714869	839.37	53.171142578125	0.45257068	0.0002537142857142857	0.0008457142857142858	28.891138792037964	11079.967068195343
1081	551.4277913130306	813.25	53.178955078125	0.45249274	0.0002536714285714286	0.0008455714285714287	9.265559434890747	11089.235035181046
1082	589.9589834601086	852.23	52.93408203125	0.45241204	0.0002536285714285714	0.0008454285714285714	8.576422452926636	11097.811997413635
1083	541.7550731357001	805.51	53.193603515625	0.45233288	0.00025358571428571425	0.0008452857142857143	8.570558547973633	11106.384479522705
1084	594.5467884529975	853.72	52.692626953125	0.4521627	0.0002535428571428571	0.0008451428571428572	9.394009590148926	11115.779140233994
1085	650.0275298368581	930.62	52.96044921875	0.45207265	0.0002535	0.0008449999999999999	8.587347507476807	11124.36956167221
1086	551.6666404546277	826.12	53.21875	0.4519858	0.00025345714285714285	0.0008448571428571429	8.562330961227417	11132.932439804077
1087	608.5479064326177	899.2	53.21142578125	0.45190048	0.0002534142857142857	0.0008447142857142858	8.538001537322998	11141.47258734703
1088	590.405370548997	892.82	52.983154296875	0.45181426	0.0002533714285714285	0.0008445714285714286	8.93641209602356	11150.409658193588
1089	568.8783079880293	848.87	53.230224609375	0.45173526	0.0002533285714285714	0.0008444285714285714	8.564951658248901	11158.976192712784
1090	623.8001199585408	915.03	53.0	0.45165566	0.00025328571428571425	0.0008442857142857143	8.558878660202026	11167.53570485115
1091	600.9167506636802	898.31	50.2158203125	0.45157507	0.0002532428571428571	0.0008441428571428571	9.328507423400879	11176.864865779877
1092	553.5358945399958	854.26	53.246826171875	0.4514178	0.0002532	0.000844	8.96415400505066	11185.83050251007
1093	616.4523114762496	884.23	53.50537109375	0.45133975	0.00025315714285714284	0.0008438571428571428	8.568532705307007	11194.399671792984
1094	594.3931080656953	861.53	53.250244140625	0.45126072	0.0002531142857142857	0.0008437142857142857	9.310344457626343	11203.71073794365
1095	552.8182910076284	816.82	53.271728515625	0.4511862	0.00025307142857142857	0.0008435714285714287	8.788968801498413	11212.501187324524
1096	525.0208817298435	806.26	53.268310546875	0.45110932	0.0002530285714285714	0.0008434285714285715	8.558238744735718	11221.060043811798
1097	569.1443674574883	858.72	53.30078125	0.45103	0.0002529857142857143	0.0008432857142857143	8.69866681098938	11229.759447097778
1098	593.2071727431407	869.99	53.0576171875	0.4509504	0.00025294285714285716	0.0008431428571428572	9.326896667480469	11239.088293790817
1099	607.5149680581129	903.6	53.05322265625	0.45087576	0.00025289999999999997	0.000843	8.567739963531494	11247.656689882278
1100	552.7068996660382	844.68	53.325439453125	0.45080218	0.00025285714285714283	0.0008428571428571429	8.57015585899353	11256.228969573975
1101	572.09996908891	830.31	52.81787109375	0.45064867	0.0002528142857142857	0.0008427142857142857	9.404782772064209	11265.634453773499
1102	555.3510793325104	810.62	53.34033203125	0.45056617	0.00025277142857142856	0.0008425714285714285	8.645498514175415	11274.281853199005
1103	612.8288046537403	899.78	53.34765625	0.45048538	0.0002527285714285714	0.0008424285714285714	8.538180351257324	11282.82059931755
1104	659.9245956420646	944.61	53.60595703125	0.45040545	0.0002526857142857143	0.0008422857142857144	8.549092531204224	11291.371801137924
1105	611.849641949992	906.19	52.864013671875	0.4503245	0.0002526428571428571	0.0008421428571428571	9.002716541290283	11300.375197410583
1106	662.0165580467424	926.1	53.363525390625	0.45024422	0.00025259999999999996	0.000842	9.24646806716919	11309.625280380249
1107	599.8143237101381	902.45	53.3798828125	0.45016432	0.0002525571428571428	0.0008418571428571429	8.53527021408081	11318.161166667938
1108	634.2047653680016	908.94	53.376953125	0.45008373	0.0002525142857142857	0.0008417142857142858	9.846264362335205	11328.009289264679
1109	639.8239916181469	928.99	53.1455078125	0.4499978	0.00025247142857142855	0.0008415714285714286	8.539485692977905	11336.548901319504
1110	658.6211247013595	968.3	53.40234375	0.4499165	0.0002524285714285714	0.0008414285714285714	8.521750688552856	11345.072695016861
1111	658.3915921135984	932.28	52.90673828125	0.4497808	0.0002523857142857143	0.0008412857142857143	8.609296083450317	11353.682760000229
1112	589.9204505752596	871.91	53.16943359375	0.44971538	0.00025234285714285714	0.0008411428571428573	8.785539388656616	11362.468856334686
1113	568.4030517444949	847.63	53.416748046875	0.44965228	0.00025229999999999995	0.000841	8.55938172340393	11371.030284404755
1114	585.4151759804004	876.63	53.184326171875	0.44958818	0.0002522571428571428	0.0008408571428571429	8.537276268005371	11379.567947626114
1115	537.6113393111601	812.57	53.4423828125	0.44952106	0.0002522142857142857	0.0008407142857142858	9.267455577850342	11388.836115598679
1116	568.0937498888925	814.63	53.18701171875	0.44945738	0.00025217142857142854	0.0008405714285714286	8.537249326705933	11397.375538825989
1117	600.2890627991018	851.05	53.455322265625	0.44939387	0.0002521285714285714	0.0008404285714285714	8.56143045425415	11405.937600851059
1118	618.692174540549	894.53	52.956787109375	0.44926652	0.00025208571428571427	0.0008402857142857143	8.601079940795898	11414.54076051712
1119	612.3523045528882	888.48	53.221923828125	0.4492035	0.0002520428571428571	0.0008401428571428571	8.784093618392944	11423.325385093689
1120	595.0371224134229	844.66	53.468994140625	0.44913983	0.00025199999999999995	0.00084	8.633540630340576	11431.962406873703
1121	567.9471106396586	841.91	53.49072265625	0.449073	0.0002519571428571428	0.0008398571428571428	8.56521725654602	11440.528171777725
1122	568.2955888389215	829.69	53.2470703125	0.44900194	0.00025191428571428573	0.0008397142857142858	9.090837955474854	11449.620704889297
1123	599.2762408360989	886.73	53.493408203125	0.44892886	0.0002518714285714286	0.0008395714285714287	8.541796684265137	11458.163146018982
1124	598.9729072424401	873.53	53.51513671875	0.4488543	0.0002518285714285714	0.0008394285714285715	8.553181648254395	11466.717016220093
1125	647.5556711163288	928.28	53.51416015625	0.44876766	0.00025178571428571426	0.0008392857142857143	9.099045038223267	11475.818057775497
1126	598.7378848530628	880.18	53.279052734375	0.44867912	0.00025174285714285713	0.0008391428571428572	8.62554121017456	11484.444377183914
1127	628.033880534854	927.0	53.02880859375	0.4485009	0.0002517	0.000839	8.606352806091309	11493.05138707161
1128	638.1896336568495	939.9	53.5458984375	0.4484106	0.00025165714285714286	0.0008388571428571429	8.551367044448853	11501.605050325394
1129	656.4363783630276	937.31	53.3046875	0.4483185	0.0002516142857142857	0.0008387142857142857	8.908670663833618	11510.514362573624
1130	617.8019047958823	900.57	53.550537109375	0.44823086	0.00025157142857142853	0.0008385714285714285	8.558019161224365	11519.07332611084
1131	523.2707848584488	800.74	53.569580078125	0.44814894	0.0002515285714285714	0.0008384285714285715	8.565930843353271	11527.63994717598
1132	537.2872195592099	803.65	53.324951171875	0.44806954	0.00025148571428571426	0.0008382857142857144	9.186158657073975	11536.826712846756
1133	534.1129905160803	781.91	53.33642578125	0.447996	0.0002514428571428571	0.0008381428571428571	8.866031885147095	11545.69493818283
1134	578.6241067034665	828.46	53.59228515625	0.44792226	0.0002514	0.000838	8.735198020935059	11554.430390119553
1135	572.1508962787343	843.82	53.58935546875	0.4478476	0.00025135714285714285	0.0008378571428571429	8.553593397140503	11562.994111776352
1136	531.1200494954322	770.47	53.107421875	0.44770077	0.0002513142857142857	0.0008377142857142857	8.719195365905762	11571.713880062103
1137	610.1185951103909	868.68	53.3662109375	0.4476235	0.0002512714285714286	0.0008375714285714286	8.596657276153564	11580.311072587967
1138	562.1940168172124	814.36	53.122802734375	0.44754744	0.0002512285714285714	0.0008374285714285714	8.684130430221558	11588.99672961235
1139	551.8364520533138	826.4	53.868896484375	0.44746682	0.00025118571428571425	0.0008372857142857143	9.263556957244873	11598.261019706726
1140	518.1573078631416	773.16	53.8876953125	0.44738522	0.0002511428571428571	0.0008371428571428572	8.612757205963135	11606.876250505447
1141	527.7262494665421	777.9	53.64794921875	0.4473038	0.0002511	0.000837	8.554326295852661	11615.431235551834
1142	581.351750576455	854.74	53.656982421875	0.44722334	0.00025105714285714284	0.0008368571428571429	8.568662166595459	11624.00238442421
1143	585.281376962624	873.91	53.917236328125	0.44714808	0.0002510142857142857	0.0008367142857142858	8.780049324035645	11632.782970428467
1144	619.1588392288552	919.96	53.422119140625	0.44707832	0.0002509714285714285	0.0008365714285714285	8.545202255249023	11641.328746795654
1145	621.495914016632	904.61	53.184326171875	0.4469336	0.0002509285714285714	0.0008364285714285714	8.750139236450195	11650.081212043762
1146	630.5722061159619	916.61	53.942138671875	0.44685936	0.00025088571428571424	0.0008362857142857143	9.398096561431885	11659.47986483574
1147	582.3053208567792	884.87	53.706787109375	0.44678652	0.0002508428571428571	0.0008361428571428571	8.98980450630188	11668.471643924713
1148	525.8775416365937	803.47	53.728759765625	0.4467105	0.00025079999999999997	0.0008359999999999999	8.592381477355957	11677.064646959305
1149	535.8466673815824	818.29	50.689697265625	0.4465426	0.00025075714285714283	0.0008358571428571429	9.099846363067627	11686.16565489769
1150	524.5470433218289	786.55	53.41796875	0.44645083	0.0002507142857142857	0.0008357142857142858	8.60893201828003	11694.775175571442
1151	647.4853375417359	933.34	53.74755859375	0.44636324	0.00025067142857142856	0.0008355714285714287	8.534520387649536	11703.312340259552
1152	624.0247104006712	910.65	54.021484375	0.4462775	0.0002506285714285714	0.0008354285714285714	8.532979965209961	11711.845939397812
1153	598.5900663862955	870.24	53.780517578125	0.4461974	0.0002505857142857143	0.0008352857142857143	8.706570386886597	11720.555857658386
1154	642.5099932722055	939.75	54.02392578125	0.44611743	0.00025054285714285715	0.0008351428571428572	8.503252506256104	11729.059669971466
1155	605.7906453647076	910.47	53.5498046875	0.4460419	0.00025049999999999996	0.000835	8.521331548690796	11737.583299398422
1156	611.8157199282625	927.52	53.808837890625	0.44596636	0.0002504571428571428	0.0008348571428571428	14.102062225341797	11751.685979604721
1157	604.7876060481734	903.22	53.565673828125	0.4458926	0.0002504142857142857	0.0008347142857142857	9.058192491531372	11760.746190309525
1158	630.8375267860334	914.9	53.828125	0.44581798	0.00025037142857142855	0.0008345714285714286	8.527245044708252	11769.274094104767
1159	631.7064969531779	941.05	53.824951171875	0.4457457	0.0002503285714285714	0.0008344285714285715	9.096299409866333	11778.372505187988
1160	621.8424202651423	910.84	53.34765625	0.44566837	0.0002502857142857143	0.0008342857142857143	8.90942668914795	11787.28245639801
1161	645.1974709239503	953.1	53.358642578125	0.44551173	0.0002502428571428571	0.0008341428571428571	8.591666460037231	11795.875097513199
1162	657.9178305370184	952.27	53.86279296875	0.44543505	0.00025019999999999996	0.000834	8.5123610496521	11804.388007164001
1163	669.0989067000139	958.1	53.626708984375	0.4453611	0.0002501571428571428	0.0008338571428571429	8.72619104385376	11813.115322113037
1164	650.4458969466257	920.27	53.637939453125	0.44529298	0.0002501142857142857	0.0008337142857142857	8.549524545669556	11821.665402650833
1165	625.9810931620981	888.76	53.8974609375	0.44522676	0.00025007142857142855	0.0008335714285714286	8.522043704986572	11830.189450502396
1166	632.5283104920475	920.56	53.892333984375	0.44515446	0.0002500285714285714	0.0008334285714285714	9.026748418807983	11839.216887712479
1167	601.7218290666186	888.36	54.166015625	0.4450833	0.0002499857142857143	0.0008332857142857144	8.560194969177246	11847.778618335724
1168	676.5135549899355	946.72	53.927001953125	0.44501543	0.00024994285714285714	0.0008331428571428572	8.541361570358276	11856.320606708527
1169	666.2915194385334	943.0	53.927734375	0.4449493	0.00024989999999999995	0.000833	10.170817375183105	11866.493270635605
1170	667.9998930889	945.64	53.447509765625	0.44481146	0.0002498571428571428	0.0008328571428571429	8.66986083984375	11875.163666963577
1171	655.851838057971	936.75	53.7021484375	0.44474268	0.0002498142857142857	0.0008327142857142858	8.592838287353516	11883.758888959885
1172	633.6023050720213	910.41	53.718017578125	0.44467285	0.00024977142857142854	0.0008325714285714285	8.527634382247925	11892.287273168564
1173	653.1314651609342	930.22	53.975830078125	0.44460192	0.0002497285714285714	0.0008324285714285714	8.694341659545898	11900.982237577438
1174	585.8399308318423	858.02	54.22412109375	0.44453433	0.00024968571428571427	0.0008322857142857143	9.063608646392822	11910.047813892365
1175	648.7767644958659	923.95	53.996826171875	0.44446298	0.00024964285714285713	0.0008321428571428573	8.52754282951355	11918.575911283493
1176	631.8484105872459	896.14	54.25634765625	0.44439062	0.00024959999999999994	0.000832	9.014686584472656	11927.592543840408
1177	610.191592652463	890.96	53.51513671875	0.44425535	0.00024955714285714286	0.0008318571428571429	8.656514644622803	11936.249610185623
1178	655.2067257478053	936.28	54.017578125	0.44418523	0.0002495142857142857	0.0008317142857142858	8.55368185043335	11944.805323839188
1179	623.7336851505423	899.14	53.786865234375	0.44411567	0.0002494714285714286	0.0008315714285714287	8.514176368713379	11953.320195674896
1180	580.3191206978314	829.43	54.04296875	0.44404483	0.0002494285714285714	0.0008314285714285714	8.736895322799683	11962.058151721954
1181	677.3551457656234	940.44	53.8046875	0.44397	0.00024938571428571426	0.0008312857142857143	8.532199144363403	11970.591008663177
1182	624.041942077405	904.98	54.063720703125	0.44389805	0.0002493428571428571	0.0008311428571428572	8.5444974899292	11979.136160373688
1183	656.9926072210612	909.29	53.82470703125	0.44382527	0.0002493	0.0008309999999999999	9.108694076538086	11988.247083425522
1184	681.4885325741212	945.79	54.084228515625	0.44375083	0.00024925714285714285	0.0008308571428571428	8.603907108306885	11996.851530075073
1185	652.9728016425108	911.17	54.093505859375	0.4436771	0.0002492142857142857	0.0008307142857142858	8.521940231323242	12005.374049901962
1186	617.8814250011824	858.06	53.103759765625	0.44351658	0.0002491714285714285	0.0008305714285714286	8.593931913375854	12013.97002530098
1187	655.904981086728	921.81	54.114013671875	0.4434329	0.0002491285714285714	0.0008304285714285714	8.679786205291748	12022.650372743607
1188	660.447261864726	908.49	53.87353515625	0.44334814	0.00024908571428571425	0.0008302857142857143	8.758382081985474	12031.411002397537
1189	662.5455241980494	909.11	54.132568359375	0.44326115	0.0002490428571428571	0.0008301428571428572	8.531036138534546	12039.94258737564
1190	628.2670887644705	915.29	54.1435546875	0.44317615	0.000249	0.00083	9.09087586402893	12049.035326004028
1191	641.434868453303	934.04	53.904296875	0.44309354	0.00024895714285714284	0.0008298571428571428	8.579253911972046	12057.615223169327
1192	681.293648758718	961.64	54.164306640625	0.4430121	0.0002489142857142857	0.0008297142857142857	8.5302734375	12066.147031068802
1193	638.2237511651578	905.45	53.673828125	0.4428325	0.00024887142857142857	0.0008295714285714286	8.587528705596924	12074.735178232193
1194	633.1144337175726	884.02	54.182861328125	0.4427414	0.0002488285714285714	0.0008294285714285715	8.657464265823364	12083.3931722641
1195	633.5818925898286	898.72	54.1923828125	0.44264928	0.00024878571428571425	0.0008292857142857143	8.521815538406372	12091.9169754982
1196	622.1766730133227	888.9	54.203369140625	0.44255325	0.0002487428571428571	0.0008291428571428572	8.58077073097229	12100.498346805573
1197	676.3239407077759	940.89	54.462158203125	0.4424546	0.0002487	0.000829	9.10874080657959	12109.607707500458
1198	633.3825506365641	878.92	53.97216796875	0.4423597	0.00024865714285714284	0.0008288571428571429	8.573440551757812	12118.183170557022
1199	649.0393954029702	897.87	54.225830078125	0.44226208	0.0002486142857142857	0.0008287142857142857	8.572230339050293	12126.756096124649
1200	593.3508531602188	837.59	54.49169921875	0.4421638	0.0002485714285714285	0.0008285714285714285	9.175627946853638	12135.932374954224
1201	668.952050956445	928.7	54.252685546875	0.44206962	0.0002485285714285714	0.0008284285714285714	8.727380275726318	12144.660400629044
1202	661.1498658390508	908.31	54.259765625	0.4419775	0.0002484857142857143	0.0008282857142857143	8.572946786880493	12153.235080003738
1203	690.7906768539232	950.87	53.772216796875	0.44180515	0.00024844285714285716	0.0008281428571428572	8.597972869873047	12161.833779096603
1204	652.744269651591	911.59	54.281005859375	0.44171917	0.0002484	0.0008280000000000001	8.75827169418335	12170.592616081238
1205	663.2710176458273	936.62	54.27587890625	0.44163266	0.00024835714285714283	0.0008278571428571429	8.543155431747437	12179.137914896011
1206	630.432745502034	880.97	51.374755859375	0.44154707	0.0002483142857142857	0.0008277142857142858	8.657910108566284	12187.796451568604
1207	673.8709542383862	928.92	54.11376953125	0.44146612	0.00024827142857142856	0.0008275714285714286	9.262747287750244	12197.059780597687
1208	625.1855254210648	873.56	54.42236328125	0.44138536	0.0002482285714285714	0.0008274285714285714	8.584571599960327	12205.648949623108
1209	664.3914540097747	925.2	53.93310546875	0.44122624	0.0002481857142857143	0.0008272857142857143	8.588600397109985	12214.238130807877
1210	634.119006220227	889.55	54.186279296875	0.4411457	0.00024814285714285715	0.0008271428571428572	8.54381799697876	12222.783846855164
1211	614.3049330560727	864.59	54.197998046875	0.44106767	0.00024809999999999996	0.0008269999999999999	8.70763087272644	12231.492126226425
1212	628.5588740818458	880.33	54.4462890625	0.44099203	0.0002480571428571428	0.0008268571428571429	8.57433009147644	12240.069148540497
1213	647.2226456178668	906.94	54.465576171875	0.44091797	0.0002480142857142857	0.0008267142857142858	8.623370885848999	12248.693180561066
1214	614.9321150856381	848.79	54.472900390625	0.44084835	0.00024797142857142855	0.0008265714285714286	9.13497018814087	12257.83115696907
1215	685.5761643737591	942.5	54.467041015625	0.44078314	0.0002479285714285714	0.0008264285714285714	9.01068115234375	12266.842459201813
1216	631.5856782743915	881.75	54.23876953125	0.44072223	0.0002478857142857143	0.0008262857142857143	8.558583974838257	12275.403291463852
1217	657.2323236028778	881.97	54.48388671875	0.44066218	0.00024784285714285714	0.0008261428571428572	8.594984531402588	12283.998905181885
1218	653.9160401591976	896.23	53.757568359375	0.4405407	0.0002478	0.0008260000000000001	8.697090864181519	12292.697759389877
1219	658.0564002499952	903.12	54.50048828125	0.44047657	0.0002477571428571428	0.0008258571428571428	8.572719097137451	12301.271032094955
1220	685.6624971300222	922.94	54.522216796875	0.44041026	0.0002477142857142857	0.0008257142857142857	8.558847665786743	12309.831530332565
1221	656.9926759887202	915.51	54.280029296875	0.44034472	0.00024767142857142854	0.0008255714285714287	9.243734359741211	12319.075911521912
1222	679.9128235781587	936.0	55.033203125	0.44027814	0.0002476285714285714	0.0008254285714285715	8.75520944595337	12327.833329677582
1223	678.3367014436022	930.9	54.5478515625	0.44021085	0.00024758571428571427	0.0008252857142857143	8.552650213241577	12336.386530160904
1224	671.8598408734609	948.06	54.545654296875	0.44014922	0.00024754285714285713	0.0008251428571428572	8.825970888137817	12345.213124990463
1225	694.5298404266545	952.16	54.31201171875	0.44008425	0.00024749999999999994	0.000825	8.839048385620117	12354.054430961609
1226	647.2170616038088	899.06	54.069091796875	0.43995833	0.0002474571428571428	0.0008248571428571429	8.609273910522461	12362.664241552353
1227	663.438515431385	907.29	54.3251953125	0.43989313	0.00024741428571428567	0.0008247142857142857	8.54520869255066	12371.21244430542
1228	688.9305455312159	958.81	54.5859375	0.4398305	0.00024737142857142854	0.0008245714285714285	9.122893333435059	12380.335982084274
1229	588.8010239236215	843.1	54.335693359375	0.439769	0.0002473285714285714	0.0008244285714285714	9.026687383651733	12389.364471435547
1230	621.1540945085362	854.13	54.600341796875	0.43970367	0.00024728571428571426	0.0008242857142857144	8.553078889846802	12397.918160438538
1231	650.8154713569796	896.97	54.608154296875	0.43963456	0.00024724285714285713	0.0008241428571428572	9.066294431686401	12406.98507809639
1232	654.3509418153172	903.94	54.614013671875	0.43956605	0.0002472	0.0008240000000000001	8.62181830406189	12415.608671426773
1233	652.0876512084469	885.24	54.6259765625	0.4394959	0.00024715714285714286	0.0008238571428571429	8.540359735488892	12424.149651765823
1234	665.3959527699102	920.43	54.619873046875	0.43942416	0.0002471142857142857	0.0008237142857142858	8.645009756088257	12432.795305728912
1235	654.2378804693365	872.72	54.1416015625	0.43927217	0.0002470714285714286	0.0008235714285714286	8.735506057739258	12441.53140950203
1236	679.0466709827525	921.24	54.885986328125	0.43919405	0.0002470285714285714	0.0008234285714285714	8.565315246582031	12450.098572015762
1237	633.9389141970183	879.8	55.40673828125	0.4391133	0.00024698571428571426	0.0008232857142857143	8.553438663482666	12458.652629375458
1238	623.0317608537143	879.57	55.66455078125	0.439033	0.0002469428571428571	0.0008231428571428571	9.226000785827637	12467.880604982376
1239	680.7876804557344	932.32	55.16650390625	0.43895578	0.0002469	0.000823	8.602940559387207	12476.484089136124
1240	602.2773425189715	852.88	54.681396484375	0.43881097	0.00024685714285714285	0.0008228571428571429	8.651793003082275	12485.137423753738
1241	646.3064946661004	894.52	55.42529296875	0.43873715	0.0002468142857142857	0.0008227142857142858	8.557221174240112	12493.695189714432
1242	640.1866820449264	882.05	54.697998046875	0.43866298	0.0002467714285714285	0.0008225714285714285	8.650389432907104	12502.346189022064
1243	687.273826391454	938.49	55.44189453125	0.43859026	0.0002467285714285714	0.0008224285714285714	8.840222597122192	12511.188610315323
1244	623.1174605532709	850.89	54.96240234375	0.43851566	0.00024668571428571425	0.0008222857142857143	8.610804557800293	12519.800058841705
1245	662.3353045367289	918.71	54.719970703125	0.43844095	0.0002466428571428571	0.0008221428571428572	9.388043880462646	12529.188759326935
1246	643.6508734465781	905.47	54.9765625	0.43836367	0.0002466	0.000822	8.741740942001343	12537.932302951813
1247	664.8431918499946	911.72	54.245849609375	0.4382201	0.00024655714285714284	0.0008218571428571428	8.81248140335083	12546.745380401611
1248	653.6547854347606	914.88	54.74072265625	0.43815264	0.0002465142857142857	0.0008217142857142858	9.805445194244385	12556.552911996841
1249	662.793819955569	912.34	54.7626953125	0.4380813	0.00024647142857142857	0.0008215714285714287	8.711152076721191	12565.264775037766
1250	647.3693329563553	887.88	54.5205078125	0.4380107	0.0002464285714285714	0.0008214285714285714	8.548858880996704	12573.81500673294
1251	655.5241795517318	910.16	54.764404296875	0.43793836	0.00024638571428571424	0.0008212857142857143	8.532412052154541	12582.348084449768
1252	635.5879713157723	874.1	54.7861328125	0.43786395	0.0002463428571428571	0.0008211428571428572	8.678468704223633	12591.028948307037
1253	633.6854225624369	896.54	54.780029296875	0.4377865	0.00024629999999999997	0.000821	8.568812131881714	12599.598390579224
1254	662.7775447972414	917.53	54.54931640625	0.4376298	0.00024625714285714283	0.0008208571428571428	8.637986421585083	12608.237000703812
1255	631.7130806772212	892.42	54.799072265625	0.43755725	0.0002462142857142857	0.0008207142857142857	9.121145009994507	12617.36124253273
1256	641.9601814950909	893.85	54.819091796875	0.43748555	0.0002461714285714285	0.0008205714285714285	8.90351939201355	12626.265366077423
1257	668.9463130006303	921.56	54.826904296875	0.43741497	0.00024612857142857137	0.0008204285714285715	8.555464744567871	12634.82252573967
1258	649.3897972299511	901.43	54.819091796875	0.43734455	0.0002460857142857143	0.0008202857142857143	8.538926124572754	12643.362102031708
1259	642.508454861337	892.37	54.841796875	0.43727052	0.00024604285714285715	0.0008201428571428572	8.64877438545227	12652.012923955917
1260	672.4807643409575	946.81	55.341796875	0.43713483	0.000246	0.0008200000000000001	8.668026447296143	12660.681589603424
1261	647.4759029009319	919.66	54.85595703125	0.43707046	0.0002459571428571428	0.0008198571428571429	8.551701545715332	12669.235101222992
1262	685.481102159131	954.43	54.865234375	0.43701264	0.0002459142857142857	0.0008197142857142857	9.095510482788086	12678.33126449585
1263	657.2737252229658	924.66	54.862060546875	0.43695143	0.00024587142857142855	0.0008195714285714286	8.590965270996094	12686.925326108932
1264	654.7514856145278	927.16	51.8359375	0.43688783	0.0002458285714285714	0.0008194285714285714	8.554678440093994	12695.480653047562
1265	666.073363442529	927.5	54.85888671875	0.4368269	0.0002457857142857143	0.0008192857142857143	8.564527034759521	12704.045733451843
1266	651.542150972242	900.96	54.88427734375	0.43676305	0.00024574285714285715	0.0008191428571428572	8.659111022949219	12712.706979990005
1267	628.0642676529287	877.58	54.384765625	0.43662855	0.00024569999999999995	0.000819	8.779634237289429	12721.487223863602
1268	627.427274825444	865.55	54.661376953125	0.4365584	0.0002456571428571428	0.0008188571428571429	8.54904580116272	12730.039178848267
1269	601.1147073489108	855.87	54.919921875	0.43648982	0.0002456142857142857	0.0008187142857142858	9.236188888549805	12739.27592420578
1270	638.9196541845406	887.84	54.7998046875	0.4364229	0.00024557142857142855	0.0008185714285714285	9.12203049659729	12748.398595571518
1271	623.8801895646569	870.3	55.061767578125	0.4363538	0.0002455285714285714	0.0008184285714285714	8.564146041870117	12756.964474439621
1272	614.7080604716161	854.45	55.05810546875	0.43628553	0.0002454857142857143	0.0008182857142857143	9.143856763839722	12766.108943462372
1273	642.7418776536604	887.99	55.077880859375	0.43621567	0.00024544285714285714	0.0008181428571428572	8.589151859283447	12774.70141172409
1274	656.2980580704465	908.16	55.323974609375	0.43614313	0.0002454	0.000818	8.565361261367798	12783.267456769943
1275	629.3125593416843	884.96	55.091796875	0.43607166	0.0002453571428571428	0.0008178571428571428	8.573708295822144	12791.843042612076
1276	639.7050441767923	886.67	54.60107421875	0.43592033	0.0002453142857142857	0.0008177142857142858	8.791792869567871	12800.635461568832
1277	634.3718936768992	849.17	55.096923828125	0.43584576	0.00024527142857142854	0.0008175714285714287	8.635635137557983	12809.27264046669
1278	626.5346341882678	864.99	55.117431640625	0.43577	0.0002452285714285714	0.0008174285714285714	8.531304597854614	12817.804500341415
1279	605.6913251845988	857.18	54.861572265625	0.43569502	0.00024518571428571427	0.0008172857142857143	9.559717416763306	12827.366744995117
1280	596.9902618293261	867.85	54.632080078125	0.43555045	0.00024514285714285713	0.0008171428571428572	8.735963106155396	12836.10326051712
1281	639.0355281989216	877.05	54.888671875	0.43547252	0.00024509999999999994	0.000817	15.847743034362793	12851.95310640335
1282	592.0593660996057	809.29	55.14892578125	0.43539333	0.0002450571428571428	0.0008168571428571428	8.805265188217163	12860.762388706207
1283	624.5233219119561	866.59	55.15673828125	0.43531552	0.0002450142857142857	0.0008167142857142857	8.879583358764648	12869.64259147644
1284	682.0602507151951	918.51	55.164794921875	0.4352367	0.00024497142857142853	0.0008165714285714285	8.547257661819458	12878.194353103638
1285	634.2651508185069	870.22	54.92041015625	0.43515876	0.0002449285714285714	0.0008164285714285715	9.165547132492065	12887.360514163971
1286	646.4228771829039	891.3	55.17919921875	0.43508437	0.00024488571428571426	0.0008162857142857143	8.58086347579956	12895.953810930252
1287	668.4739648587421	919.7	55.189208984375	0.43500885	0.0002448428571428571	0.0008161428571428572	8.65827488899231	12904.612623214722
1288	692.9659355177049	947.29	55.1953125	0.43493488	0.0002448	0.0008160000000000001	8.72184944152832	12913.335104227066
1289	705.6783939600602	945.68	55.20361328125	0.4348637	0.00024475714285714285	0.0008158571428571428	8.688727140426636	12922.026992797852
1290	672.4907560993292	909.51	55.21142578125	0.43479514	0.0002447142857142857	0.0008157142857142857	8.65140414237976	12930.679003477097
1291	709.4876275423842	972.3	54.968994140625	0.43472472	0.0002446714285714286	0.0008155714285714286	8.511181354522705	12939.192387342453
1292	704.6129301511554	947.1	54.724853515625	0.43460253	0.0002446285714285714	0.0008154285714285714	9.286572217941284	12948.479609489441
1293	714.7481261108874	959.8	55.23486328125	0.43454775	0.00024458571428571425	0.0008152857142857142	8.582707166671753	12957.063856840134
1294	713.689249453456	952.5	55.241943359375	0.43449008	0.0002445428571428571	0.0008151428571428572	8.549505949020386	12965.614081382751
1295	719.672217212743	949.54	55.2509765625	0.43442747	0.0002445	0.000815	8.537750959396362	12974.152477741241
1296	699.5418972052456	930.48	55.508544921875	0.43436542	0.00024445714285714284	0.0008148571428571429	8.697056293487549	12982.851875305176
1297	674.3547047566311	905.76	55.0166015625	0.4343003	0.0002444142857142857	0.0008147142857142857	8.63503360748291	12991.487513542175
1298	646.7347544767586	870.31	54.772705078125	0.4341667	0.00024437142857142857	0.0008145714285714286	8.604043245315552	13000.09208536148
1299	701.5649197759334	923.83	55.03125	0.4340978	0.0002443285714285714	0.0008144285714285714	9.136062860488892	13009.230365037918
1300	730.2826079281991	963.77	55.279296875	0.43403387	0.00024428571428571424	0.0008142857142857143	8.666118621826172	13017.897102832794
1301	717.7099413858447	931.56	55.298095703125	0.4339694	0.0002442428571428571	0.0008141428571428571	8.511114597320557	13026.408761501312
1302	718.9757296383893	960.96	55.30615234375	0.43390226	0.00024419999999999997	0.000814	9.214361667633057	13035.624631166458
1303	708.2582292524571	940.24	55.31494140625	0.43383732	0.00024415714285714284	0.0008138571428571429	8.537315130233765	13044.162609100342
1304	748.3518147708384	979.07	55.0712890625	0.4337728	0.0002441142857142857	0.0008137142857142858	8.515735864639282	13052.680872917175
1305	711.5636176338627	927.35	55.330810546875	0.43371022	0.00024407142857142856	0.0008135714285714286	8.546062469482422	13061.22758769989
1306	741.1561289042507	969.45	55.338623046875	0.43364456	0.0002440285714285714	0.0008134285714285714	9.098490238189697	13070.328654289246
1307	754.2592810403258	971.83	55.336181640625	0.43357244	0.00024398571428571426	0.0008132857142857143	8.567487478256226	13078.89674782753
1308	747.5099612454328	963.14	55.351318359375	0.43350318	0.00024394285714285713	0.0008131428571428572	8.75565505027771	13087.65293598175
1309	728.395658800278	950.46	55.347900390625	0.4334333	0.00024389999999999997	0.0008129999999999999	9.100615501403809	13096.755429267883
1310	728.1869370852462	951.82	54.868896484375	0.43329358	0.00024385714285714283	0.0008128571428571428	8.95923638343811	13105.715225696564
1311	744.5256505967918	973.99	55.12646484375	0.43322885	0.0002438142857142857	0.0008127142857142858	8.544377326965332	13114.262016296387
1312	752.2016190603659	963.45	55.370361328125	0.43315935	0.00024377142857142856	0.0008125714285714287	8.574008464813232	13122.836633443832
1313	753.3301091274302	946.26	55.142333984375	0.43309507	0.0002437285714285714	0.0008124285714285714	8.697312831878662	13131.53593468666
1314	753.0680332920317	945.5	55.39013671875	0.43303183	0.00024368571428571426	0.0008122857142857143	8.582128286361694	13140.118686676025
1315	726.0631078637724	926.35	55.65576171875	0.4329054	0.00024364285714285712	0.0008121428571428572	8.576575517654419	13148.69676566124
1316	731.7570912169867	939.7	55.166015625	0.4328436	0.00024359999999999999	0.0008120000000000001	9.195223093032837	13157.892508745193
1317	783.6458344563339	968.87	55.423828125	0.4327816	0.00024355714285714282	0.0008118571428571428	8.56469440460205	13166.457727432251
1318	754.862926032018	953.6	55.431884765625	0.4327166	0.00024351428571428569	0.0008117142857142857	8.524354934692383	13174.983877658844
1319	742.0285942249735	939.92	55.17626953125	0.4326513	0.00024347142857142855	0.0008115714285714286	8.512256860733032	13183.496771335602
1320	757.6356326505752	965.91	55.44677734375	0.4325817	0.00024342857142857139	0.0008114285714285715	8.71054196357727	13192.207968473434
1321	734.0887501433194	929.11	52.4091796875	0.43251428	0.00024338571428571425	0.0008112857142857143	8.609319686889648	13200.81950044632
1322	715.0198007334226	912.24	54.953857421875	0.43237725	0.00024334285714285714	0.0008111428571428572	8.605977773666382	13209.426012277603
1323	766.3311328957652	967.8	55.45947265625	0.43230543	0.00024329999999999995	0.000811	9.081106662750244	13218.508501768112
1324	778.4845586469758	963.09	55.222900390625	0.43223286	0.00024325714285714284	0.0008108571428571429	8.843305349349976	13227.352338552475
1325	763.4860702319404	971.46	55.4814453125	0.43216172	0.0002432142857142857	0.0008107142857142857	8.53316855430603	13235.886586427689
1326	744.2703823557972	926.53	55.481689453125	0.4320873	0.00024317142857142857	0.0008105714285714286	8.537301540374756	13244.42447924614
1327	760.1679190900769	944.14	55.50341796875	0.4320092	0.0002431285714285714	0.0008104285714285714	8.641215801239014	13253.067675352097
1328	757.3919705271004	956.94	54.99755859375	0.43185112	0.00024308571428571427	0.0008102857142857143	8.609303951263428	13261.677610397339
1329	792.3176509062322	978.44	55.517333984375	0.4317737	0.00024304285714285713	0.0008101428571428571	8.698852777481079	13270.37699174881
1330	727.3489069590072	926.34	55.525390625	0.43169948	0.000243	0.0008100000000000001	9.127417802810669	13279.506358146667
1331	773.957875482674	949.76	55.51953125	0.4316235	0.00024295714285714283	0.0008098571428571429	8.591864824295044	13288.098756551743
1332	762.2913183235399	930.56	55.299072265625	0.43154857	0.0002429142857142857	0.0008097142857142858	8.562623739242554	13296.661910057068
1333	775.1943402140496	958.12	55.288818359375	0.4314748	0.00024287142857142856	0.0008095714285714286	8.952510833740234	13305.616589307785
1334	789.6787685811571	957.46	55.05908203125	0.4313239	0.0002428285714285714	0.0008094285714285714	8.667848348617554	13314.28496670723
1335	769.4527117556386	940.54	55.30712890625	0.4312483	0.00024278571428571426	0.0008092857142857143	8.511162042617798	13322.797972202301
1336	719.5424490905224	893.02	55.57958984375	0.43117097	0.00024274285714285713	0.0008091428571428572	8.515931844711304	13331.314541816711
1337	791.7311254828232	987.49	55.587646484375	0.4310948	0.00024269999999999996	0.0008089999999999999	9.015209913253784	13340.330869913101
1338	771.8258845303723	942.3	55.58544921875	0.43102193	0.00024265714285714283	0.0008088571428571428	9.033550500869751	13349.364951848984
1339	727.4165034174798	890.83	55.357177734375	0.430949	0.0002426142857142857	0.0008087142857142858	8.517613649368286	13357.88311457634
1340	778.7624061519157	954.25	55.10302734375	0.43081006	0.00024257142857142855	0.0008085714285714286	9.109609127044678	13366.99484539032
1341	730.3181054271644	915.85	55.6201171875	0.4307417	0.00024252857142857142	0.0008084285714285715	8.531087398529053	13375.526055335999
1342	742.8220310203146	904.35	55.638671875	0.43066922	0.00024248571428571426	0.0008082857142857143	8.53026533126831	13384.056982755661
1343	740.8623545014012	940.37	55.383056640625	0.43059692	0.00024244285714285712	0.0008081428571428572	8.53256106376648	13392.59179520607
1344	772.4674082230121	970.1	55.658203125	0.430524	0.00024239999999999998	0.000808	8.743440866470337	13401.335864305496
1345	799.131584693774	960.85	55.6552734375	0.43045673	0.00024235714285714282	0.0008078571428571428	8.621081113815308	13409.960548400879
1346	783.1651046526168	960.1	55.677978515625	0.43038985	0.00024231428571428568	0.0008077142857142857	8.53343391418457	13418.494112968445
1347	748.3877369527723	920.01	55.67431640625	0.43032375	0.00024227142857142855	0.0008075714285714287	9.085299730300903	13427.581327915192
1348	763.85624343469	958.02	55.447509765625	0.43026078	0.00024222857142857138	0.0008074285714285714	8.515542268753052	13436.097551822662
1349	782.0219273711784	961.98	55.457275390625	0.43012598	0.00024218571428571425	0.0008072857142857143	8.618825674057007	13444.717037439346
1350	736.9023856186955	913.91	55.706298828125	0.4300623	0.00024214285714285714	0.0008071428571428572	8.510073900222778	13453.230322599411
1351	775.9218897191909	944.27	55.724365234375	0.4300022	0.00024209999999999995	0.000807	8.737246990203857	13461.968137025833
1352	774.948279872458	938.18	55.485107421875	0.42993686	0.00024205714285714284	0.0008068571428571428	8.72464370727539	13470.695091247559
1353	784.9146014551943	950.15	55.746337890625	0.42987594	0.0002420142857142857	0.0008067142857142857	8.540964841842651	13479.23666024208
1354	724.8789099100475	889.4	55.748046875	0.42981267	0.00024197142857142857	0.0008065714285714286	9.197638750076294	13488.436236858368
1355	761.3264617801499	913.93	55.765869140625	0.42968377	0.00024192857142857143	0.0008064285714285715	8.58578610420227	13497.022730350494
1356	697.4176887471107	874.1	55.776123046875	0.42961848	0.00024188571428571427	0.0008062857142857142	8.605847835540771	13505.62944817543
1357	769.1313107883274	943.03	55.772705078125	0.42956045	0.00024184285714285713	0.0008061428571428572	8.5166175365448	13514.146720647812
1358	815.6013479573512	983.65	55.794677734375	0.4294977	0.0002418	0.0008060000000000001	8.768052339553833	13522.916651010513
1359	799.2322582707499	975.12	55.2890625	0.42943418	0.00024175714285714283	0.0008058571428571429	8.635769367218018	13531.55295586586
1360	780.6808462611175	963.98	56.065185546875	0.42937374	0.0002417142857142857	0.0008057142857142857	8.540231704711914	13540.094860553741
1361	812.8343125612588	1003.76	55.82470703125	0.42931354	0.00024167142857142856	0.0008055714285714286	9.307456493377686	13549.402938842773
1362	786.2611257170896	957.91	55.834716796875	0.42925406	0.0002416285714285714	0.0008054285714285714	8.55907392501831	13557.964087963104
1363	780.2225267751991	947.85	55.59375	0.42919353	0.00024158571428571426	0.0008052857142857143	8.542279958724976	13566.506931304932
1364	753.5714138712054	910.54	56.0908203125	0.42906192	0.00024154285714285712	0.0008051428571428571	8.776518106460571	13575.285160303116
1365	788.6960765654009	967.98	55.864501953125	0.42899373	0.00024149999999999996	0.0008049999999999999	8.824448347091675	13584.1101500988
1366	754.9355772974649	921.15	55.863037109375	0.42892936	0.00024145714285714283	0.0008048571428571429	8.59151840209961	13592.702314853668
1367	771.7949049881831	966.2	55.884033203125	0.42886767	0.0002414142857142857	0.0008047142857142858	8.487074613571167	13601.19207572937
1368	759.0230562751805	940.22	55.644287109375	0.42880568	0.00024137142857142855	0.0008045714285714286	9.064632177352905	13610.256933450699
1369	784.1096101178507	952.72	55.639892578125	0.42869076	0.00024132857142857142	0.0008044285714285715	8.624314546585083	13618.8830742836
1370	774.9059273597007	961.25	55.662353515625	0.42863205	0.00024128571428571425	0.0008042857142857143	8.50147795677185	13627.385072946548
1371	770.4772100785362	941.26	55.913330078125	0.42857167	0.00024124285714285712	0.0008041428571428572	9.258854866027832	13636.646410226822
1372	777.8053440407307	964.93	55.9306640625	0.42851397	0.00024119999999999998	0.000804	8.522747278213501	13645.169680595398
1373	803.7781975148453	977.27	55.678955078125	0.4284589	0.00024115714285714282	0.0008038571428571428	8.500651597976685	13653.670940637589
1374	778.8889833942164	955.17	55.950439453125	0.4284041	0.00024111428571428568	0.0008037142857142857	8.531611680984497	13662.205280065536
1375	794.5348157525895	961.17	55.961181640625	0.4283456	0.00024107142857142857	0.0008035714285714287	8.689625978469849	13670.895048856735
1376	799.0628829208422	990.0	54.729736328125	0.4282169	0.00024102857142857138	0.0008034285714285714	8.591138124465942	13679.488012552261
1377	780.2213059798881	963.16	55.982177734375	0.42815387	0.00024098571428571427	0.0008032857142857143	8.489903926849365	13687.97804069519
1378	815.6843778848872	966.22	55.98291015625	0.42808998	0.00024094285714285714	0.0008031428571428572	9.120052337646484	13697.10016298294
1379	787.9920953678837	945.07	52.953857421875	0.42802444	0.00024089999999999995	0.000803	8.802119493484497	13705.902831315994
1380	786.9263867948217	945.99	55.989501953125	0.42796096	0.00024085714285714284	0.0008028571428571428	8.54772424697876	13714.452018976212
1381	790.1199255172967	961.81	56.0068359375	0.42789888	0.0002408142857142857	0.0008027142857142857	8.53618335723877	13722.988803386688
1382	757.3976756862979	926.0	56.27099609375	0.42784098	0.00024077142857142857	0.0008025714285714286	8.709328889846802	13731.70016670227
1383	754.3491199310172	916.34	55.520751953125	0.427726	0.00024072857142857143	0.0008024285714285716	8.657299041748047	13740.358112096786
1384	798.4271315764756	970.87	56.295166015625	0.42766872	0.00024068571428571427	0.0008022857142857143	8.53212857246399	13748.892838716507
1385	795.2378736250238	968.81	56.052978515625	0.4276129	0.00024064285714285713	0.0008021428571428572	9.0913405418396	13757.984947443008
1386	789.8939665658596	968.23	55.321533203125	0.42755672	0.0002406	0.0008020000000000001	8.521426677703857	13766.507062673569
1387	794.7529949530885	962.28	56.07568359375	0.42749926	0.00024055714285714283	0.0008018571428571429	8.515312194824219	13775.024653196335
1388	796.2390828129854	945.16	56.320068359375	0.42744306	0.0002405142857142857	0.0008017142857142857	8.510099411010742	13783.535388708115
1389	797.2257774197037	969.63	56.093505859375	0.42738876	0.00024047142857142856	0.0008015714285714286	8.678352355957031	13792.215951681137
1390	769.7002281919762	930.75	56.094970703125	0.42727125	0.0002404285714285714	0.0008014285714285714	8.604343891143799	13800.820937871933
1391	833.1720616756527	987.28	56.113037109375	0.42721236	0.00024038571428571426	0.0008012857142857142	8.498982429504395	13809.321147441864
1392	828.9709077560901	970.89	55.855712890625	0.4271553	0.00024034285714285712	0.0008011428571428571	9.488782167434692	13818.810618162155
1393	818.57744331406	984.19	56.382080078125	0.427096	0.00024029999999999996	0.000801	8.918180465698242	13827.731344461441
1394	825.5072453265508	990.36	56.142333984375	0.42703414	0.00024025714285714282	0.0008008571428571429	8.508864879608154	13836.24082660675
1395	786.1627726482075	967.53	56.38623046875	0.42696968	0.0002402142857142857	0.0008007142857142857	8.542068481445312	13844.7847802639
1396	795.737430370292	970.43	56.411865234375	0.42690286	0.00024017142857142855	0.0008005714285714286	9.071532726287842	13853.8568379879
1397	790.4434864570462	953.48	55.90771484375	0.42676678	0.00024012857142857141	0.0008004285714285715	11.632759809494019	13865.490453958511
1398	798.1042699934056	951.43	56.5546875	0.42670247	0.00024008571428571425	0.0008002857142857143	8.526993036270142	13874.024339675903
1399	812.4301962193833	982.27	56.549072265625	0.42664072	0.00024004285714285712	0.0008001428571428571	9.093670129776001	13883.118618965149
1400	809.8106236607409	970.09	56.570556640625	0.42657796	0.00023999999999999998	0.0008	8.565370321273804	13891.685430288315
1401	800.2877489514705	961.27	56.32861328125	0.42651436	0.00023995714285714282	0.0007998571428571428	8.518303871154785	13900.20439171791
1402	766.6817411064809	935.76	56.32421875	0.42644814	0.00023991428571428568	0.0007997142857142858	9.205134630203247	13909.411524772644
1403	782.5403795168777	947.08	56.595947265625	0.42638552	0.00023987142857142857	0.0007995714285714286	8.513041496276855	13917.925117492676
1404	772.8807280179789	935.05	56.60400390625	0.42632422	0.00023982857142857138	0.0007994285714285714	8.569828033447266	13926.498730659485
1405	796.0136775364517	980.15	54.619384765625	0.42620206	0.00023978571428571427	0.0007992857142857143	9.50232481956482	13936.00165104866
1406	790.5186708431883	950.5	56.61962890625	0.42613497	0.00023974285714285713	0.0007991428571428572	8.715306043624878	13944.719594955444
1407	780.3753312505912	959.66	56.61376953125	0.42606965	0.00023969999999999997	0.0007989999999999999	8.64003872871399	13953.360179901123
1408	759.8050966693223	923.55	56.634521484375	0.42600334	0.00023965714285714284	0.0007988571428571428	8.565336465835571	13961.92750787735
1409	762.9858294977911	933.23	56.385986328125	0.42593578	0.0002396142857142857	0.0007987142857142857	8.829153776168823	13970.757200956345
1410	742.2724276350361	909.29	56.650390625	0.42587146	0.00023957142857142856	0.0007985714285714287	8.574516534805298	13979.33243060112
1411	755.7860212854663	934.14	56.40283203125	0.4258069	0.00023952857142857143	0.0007984285714285715	8.726402044296265	13988.06039404869
1412	801.5957784380419	955.21	56.1708984375	0.42567086	0.00023948571428571426	0.0007982857142857143	9.112393379211426	13997.173418045044
1413	705.8385659733876	876.9	56.42822265625	0.42560127	0.00023944285714285713	0.0007981428571428572	8.657421112060547	14005.833292484283
1414	781.0433971681264	954.16	56.673828125	0.42553687	0.0002394	0.0007980000000000001	8.535717964172363	14014.369639873505
1415	770.6050123221589	945.37	56.69580078125	0.42547265	0.00023935714285714283	0.0007978571428571428	8.545622825622559	14022.91711807251
1416	735.7975485744286	893.86	56.690185546875	0.4254082	0.0002393142857142857	0.0007977142857142857	8.682901620864868	14031.600687980652
1417	776.5693631870333	960.39	56.4619140625	0.4253427	0.00023927142857142856	0.0007975714285714286	8.598772525787354	14040.20062828064
1418	807.9224809570862	974.13	56.70458984375	0.42527738	0.0002392285714285714	0.0007974285714285714	8.629340648651123	14048.830518722534
1419	797.2794961212459	970.88	56.728515625	0.42520937	0.00023918571428571426	0.0007972857142857142	9.117594242095947	14057.950051784515
1420	786.009695042713	966.39	56.486328125	0.42514047	0.00023914285714285712	0.0007971428571428572	8.930351257324219	14066.88096499443
1421	772.8693073500626	960.66	56.23046875	0.42500475	0.00023909999999999996	0.000797	8.584182500839233	14075.466591358185
1422	787.4908432887579	959.7	56.751953125	0.4249358	0.00023905714285714282	0.0007968571428571429	8.538687229156494	14084.005802154541
1423	791.1895950212736	956.98	56.760009765625	0.42486408	0.00023901428571428568	0.0007967142857142857	8.725322008132935	14092.733391046524
1424	805.4646975213659	983.17	56.516845703125	0.42479727	0.00023897142857142855	0.0007965714285714286	8.571383476257324	14101.305387735367
1425	761.7493736714218	936.6	56.275634765625	0.4246606	0.0002389285714285714	0.0007964285714285715	8.597111940383911	14109.904162406921
1426	828.0004527576089	990.5	56.776123046875	0.42459515	0.00023888571428571425	0.0007962857142857143	9.336934328079224	14119.241620540619
1427	810.9565836294626	991.05	56.79150390625	0.42453086	0.0002388428571428571	0.0007961428571428571	8.505846500396729	14127.748151779175
1428	775.0443220378623	936.33	56.546142578125	0.4244715	0.0002388	0.000796	8.517234563827515	14136.26849770546
1429	780.3219183618997	940.23	56.80615234375	0.4244088	0.00023875714285714281	0.0007958571428571429	8.523005962371826	14144.792139291763
1430	740.241072049415	900.59	56.79833984375	0.42434847	0.0002387142857142857	0.0007957142857142858	8.79228925704956	14153.586567640305
1431	778.442942747488	969.02	56.8212890625	0.4242891	0.00023867142857142857	0.0007955714285714286	8.751306295394897	14162.33840227127
1432	756.6566598555648	949.22	56.828125	0.4242284	0.00023862857142857138	0.0007954285714285714	8.494713068008423	14170.834724664688
1433	745.3447136499218	933.23	56.830322265625	0.4241706	0.00023858571428571427	0.0007952857142857143	9.12427043914795	14179.959649324417
1434	783.6010744844524	956.14	56.84619140625	0.4241103	0.00023854285714285713	0.0007951428571428572	8.93283987045288	14188.893035411835
1435	798.3872805662339	963.64	56.33837890625	0.42399666	0.0002385	0.000795	8.56591510772705	14197.46091079712
1436	774.4999868218655	952.48	53.563720703125	0.42393973	0.00023845714285714283	0.0007948571428571428	9.095243215560913	14206.55676150322
1437	755.5240620878285	927.42	56.596435546875	0.4238781	0.0002384142857142857	0.0007947142857142857	13.407347202301025	14219.964781284332
1438	736.9693750198345	917.5	56.38427734375	0.4238211	0.00023837142857142856	0.0007945714285714287	8.511659383773804	14228.478444576263
1439	670.3752497593061	857.01	55.634765625	0.42370942	0.00023832857142857143	0.0007944285714285715	9.161505699157715	14237.640642404556
1440	732.0328190170953	894.73	57.140869140625	0.42365432	0.00023828571428571426	0.0007942857142857143	8.99348759651184	14246.634730100632
1441	793.5998831812452	955.27	56.650634765625	0.4235979	0.00023824285714285713	0.0007941428571428572	8.53462290763855	14255.169905900955
1442	795.7765583528493	964.86	56.645751953125	0.42354307	0.0002382	0.0007940000000000001	8.514836072921753	14263.690149068832
1443	788.074566916241	966.47	56.667236328125	0.42348847	0.00023815714285714283	0.0007938571428571428	8.708609342575073	14272.399377822876
1444	767.3140776673436	952.92	56.42529296875	0.42343143	0.0002381142857142857	0.0007937142857142857	8.57774806022644	14280.979058027267
1445	798.4761043702835	991.98	56.1728515625	0.42332283	0.00023807142857142855	0.0007935714285714286	8.561587572097778	14289.541173696518
1446	828.408645292172	1004.7	56.44140625	0.42327395	0.0002380285714285714	0.0007934285714285713	9.079822301864624	14298.621890544891
1447	800.6396907267219	982.91	56.685302734375	0.42322525	0.00023798571428571425	0.0007932857142857143	9.229915618896484	14307.852362632751
1448	813.4497657667671	959.93	56.705810546875	0.42317438	0.00023794285714285712	0.0007931428571428572	8.550565242767334	14316.419988393784
1449	803.037910161016	947.09	56.713623046875	0.4231217	0.00023789999999999998	0.0007930000000000001	9.307982921600342	14325.728611946106
1450	780.3350579891271	940.06	56.7109375	0.4230659	0.00023785714285714282	0.0007928571428571428	8.682101488113403	14334.41310596466
1451	779.8761192240632	930.59	56.24072265625	0.42300364	0.00023781428571428568	0.0007927142857142857	8.553462982177734	14342.967225551605
1452	820.1485926750905	952.01	56.748291015625	0.42293802	0.00023777142857142855	0.0007925714285714286	8.5315260887146	14351.500252008438
1453	835.1730148300195	982.94	56.75732421875	0.42287382	0.0002377285714285714	0.0007924285714285715	9.028584957122803	14360.529495239258
1454	814.8952248706071	972.1	56.275634765625	0.42199668	0.00023768571428571425	0.0007922857142857142	9.245159387588501	14369.77644443512
1455	854.3141140550183	1002.0	56.292236328125	0.42194197	0.0002376428571428571	0.0007921428571428571	8.526623964309692	14378.303611516953
1456	830.9926775114695	978.43	56.296875	0.4218911	0.0002376	0.0007920000000000001	9.20501446723938	14387.511226892471
1457	850.3571980420021	986.68	56.79443359375	0.42183807	0.0002375571428571428	0.0007918571428571429	8.51123833656311	14396.023027181625
1458	825.6526780294018	979.98	56.294921875	0.42171648	0.0002375142857142857	0.0007917142857142857	8.602234125137329	14404.627621650696
1459	845.3381542708372	986.25	56.7900390625	0.42165387	0.00023747142857142857	0.0007915714285714286	8.489315032958984	14413.117467403412
1460	829.8920885015106	958.77	56.812744140625	0.42158863	0.0002374285714285714	0.0007914285714285714	8.683847665786743	14421.80324459076
1461	839.654816608216	975.49	56.819580078125	0.42152128	0.00023738571428571427	0.0007912857142857143	8.84505844116211	14430.648880958557
1462	794.8970150049222	946.06	56.829833984375	0.421455	0.00023734285714285713	0.0007911428571428571	8.522589921951294	14439.17318534851
1463	768.183590960307	919.44	56.08984375	0.42132947	0.0002373	0.000791	9.11792254447937	14448.291759729385
1464	823.3618522142712	956.62	56.849609375	0.421268	0.00023725714285714286	0.000790857142857143	8.522598266601562	14456.817093133926
1465	848.7827651781932	975.64	56.85986328125	0.4212028	0.0002372142857142857	0.0007907142857142858	8.525761127471924	14465.343532562256
1466	866.2690420813236	996.99	56.867431640625	0.42114034	0.00023717142857142856	0.0007905714285714286	8.512869119644165	14473.858750104904
1467	855.8476317266677	982.89	56.879638671875	0.42107773	0.00023712857142857142	0.0007904285714285715	8.703971862792969	14482.563374042511
1468	867.5357588431957	1019.5	56.889404296875	0.42101046	0.00023708571428571426	0.0007902857142857143	8.570258617401123	14491.13554596901
1469	844.7287760440393	983.42	56.900390625	0.42094496	0.00023704285714285712	0.0007901428571428572	8.516600847244263	14499.652703046799
1470	863.164976323708	1006.18	56.91015625	0.42087922	0.000237	0.00079	9.085252523422241	14508.739168643951
1471	855.3565987513923	992.76	56.419921875	0.42074636	0.00023695714285714282	0.0007898571428571428	8.676072597503662	14517.415898561478
1472	818.5447422718645	949.73	56.9296875	0.42068544	0.0002369142857142857	0.0007897142857142857	8.637157201766968	14526.055215120316
1473	871.568591735003	1000.48	56.9375	0.4206313	0.00023687142857142855	0.0007895714285714287	9.986395359039307	14536.042253732681
1474	833.9438464374232	981.35	56.945556640625	0.42057565	0.0002368285714285714	0.0007894285714285713	8.54214096069336	14544.585230588913
1475	850.9940035174461	988.98	56.95654296875	0.4205209	0.00023678571428571425	0.0007892857142857143	8.683650255203247	14553.269524812698
1476	856.8300702297603	967.8	56.71728515625	0.42046604	0.00023674285714285712	0.0007891428571428572	8.50517463684082	14561.776456832886
1477	836.600630790291	953.19	56.4775390625	0.42035607	0.00023669999999999998	0.0007890000000000001	9.44452714920044	14571.221650838852
1478	836.4623410353141	959.92	56.98681640625	0.42030454	0.00023665714285714284	0.0007888571428571429	8.487694501876831	14579.71756529808
1479	846.3762011053169	985.91	56.996826171875	0.42025185	0.00023661428571428568	0.0007887142857142857	8.488606452941895	14588.20678448677
1480	854.5001144561279	974.64	57.006591796875	0.42019626	0.00023657142857142854	0.0007885714285714286	9.138672351837158	14597.348137617111
1481	850.6566958515073	985.1	57.0078125	0.42013767	0.00023652857142857144	0.0007884285714285715	8.513190031051636	14605.861865520477
1482	847.4869669458968	993.07	56.775390625	0.42007574	0.00023648571428571425	0.0007882857142857142	8.557435750961304	14614.421927452087
1483	852.0807255244073	974.24	57.036376953125	0.42001438	0.00023644285714285714	0.0007881428571428572	8.505580186843872	14622.928029537201
1484	844.6830268778666	976.43	56.557373046875	0.41921833	0.0002364	0.0007880000000000001	10.401553630828857	14633.332635641098
1485	846.3745848040979	976.75	56.814208984375	0.41922155	0.0002363571428571428	0.0007878571428571429	8.55520749092102	14641.888397455215
1486	851.2897857899703	973.62	56.578125	0.4192214	0.0002363142857142857	0.0007877142857142857	8.555350303649902	14650.445309638977
1487	850.7451218122562	977.36	56.837890625	0.4192144	0.00023627142857142856	0.0007875714285714286	9.134443998336792	14659.580314874649
1488	866.2710759417263	999.17	57.09423828125	0.41919783	0.0002362285714285714	0.0007874285714285714	9.05193567276001	14668.633955478668
1489	844.6569984794983	986.86	57.107666015625	0.4191738	0.00023618571428571426	0.0007872857142857143	8.828977108001709	14677.463483095169
1490	843.3634706939479	996.34	56.640869140625	0.4189197	0.00023614285714285713	0.0007871428571428571	9.391732931137085	14686.857555389404
1491	817.9116521465066	987.34	57.114013671875	0.41886273	0.0002361	0.000787	8.511136770248413	14695.369240283966
1492	777.8560952748699	950.62	56.63720703125	0.41874394	0.00023605714285714286	0.000786857142857143	8.622960805892944	14703.994444608688
1493	805.3286903741523	970.86	57.140380859375	0.4186825	0.0002360142857142857	0.0007867142857142857	8.689480543136597	14712.684453725815
1494	815.9972335543918	969.92	54.08447265625	0.41861978	0.00023597142857142856	0.0007865714285714286	8.830416917800903	14721.515410423279
1495	833.07023191095	962.35	56.886962890625	0.4185537	0.00023592857142857142	0.0007864285714285715	8.506152629852295	14730.023563146591
1496	794.6550161645296	923.44	56.9013671875	0.41848764	0.00023588571428571426	0.0007862857142857143	8.61180830001831	14738.635982990265
1497	760.5239682924378	943.22	57.152587890625	0.41842195	0.00023584285714285712	0.0007861428571428571	9.088753938674927	14747.726463794708
1498	755.9804953168074	929.71	56.67041015625	0.41830656	0.00023579999999999999	0.000786	8.595755338668823	14756.322768211365
1499	817.8899926304744	962.57	56.922607421875	0.4182514	0.00023575714285714282	0.0007858571428571428	8.552978277206421	14764.877422571182
1500	843.5096221009952	973.88	56.929443359375	0.41819453	0.00023571428571428569	0.0007857142857142857	8.51196551322937	14773.389929294586
1501	850.198036084528	984.25	57.1953125	0.41814044	0.00023567142857142855	0.0007855714285714286	8.677616119384766	14782.069410562515
1502	838.9271773146982	973.97	57.20458984375	0.4180877	0.0002356285714285714	0.0007854285714285714	8.712219715118408	14790.782225608826
1503	861.6038140040741	1001.73	56.97705078125	0.4180356	0.00023558571428571425	0.0007852857142857143	8.52077031135559	14799.303543329239
1504	777.3274679622905	933.7	56.979248046875	0.4179226	0.00023554285714285711	0.0007851428571428572	9.16496467590332	14808.471051216125
1505	830.9402686246061	963.82	57.226806640625	0.4178622	0.00023549999999999998	0.000785	8.51244044303894	14816.98417520523
1506	864.9086424588722	986.86	56.998779296875	0.4178016	0.00023545714285714284	0.0007848571428571429	8.558870792388916	14825.543681144714
1507	878.3168062031983	986.74	57.495361328125	0.4177431	0.00023541428571428568	0.0007847142857142857	8.509079933166504	14834.054705619812
1508	835.7694725768855	956.54	57.268310546875	0.41768992	0.00023537142857142854	0.0007845714285714286	8.715986490249634	14842.771306991577
1509	807.3223546850146	955.5	57.2763671875	0.41763604	0.00023532857142857143	0.0007844285714285714	8.668563604354858	14851.441821336746
1510	783.9041423517724	944.25	56.7822265625	0.41752985	0.00023528571428571424	0.0007842857142857143	8.614052534103394	14860.056523323059
1511	838.5658736055384	960.27	57.295654296875	0.4174707	0.00023524285714285713	0.0007841428571428572	9.282387495040894	14869.341322183609
1512	871.3673958218401	994.65	56.80126953125	0.41741338	0.0002352	0.0007840000000000001	8.49644684791565	14877.838336467743
1513	856.3353729598596	977.26	57.3154296875	0.41735592	0.00023515714285714283	0.0007838571428571428	8.513062000274658	14886.351998090744
1514	862.0944172046011	998.62	57.31103515625	0.41730055	0.0002351142857142857	0.0007837142857142857	8.556859731674194	14894.910717725754
1515	843.1139957699902	975.95	57.335693359375	0.417245	0.00023507142857142856	0.0007835714285714286	8.659675121307373	14903.570924282074
1516	803.5612467821728	985.07	56.845703125	0.41713926	0.0002350285714285714	0.0007834285714285714	9.002047061920166	14912.575220108032
1517	834.1254716581748	966.37	57.3505859375	0.41709188	0.00023498571428571426	0.0007832857142857142	8.522703409194946	14921.09845995903
1518	848.7958767084859	994.83	56.866455078125	0.41704538	0.00023494285714285713	0.0007831428571428571	9.168118953704834	14930.267258167267
1519	849.3060409124896	964.12	57.374755859375	0.4169977	0.0002349	0.0007830000000000001	8.498706340789795	14938.769448280334
1520	865.7019593604143	986.67	57.63623046875	0.4169484	0.00023485714285714285	0.000782857142857143	8.505599021911621	14947.275848388672
1521	888.0770112123406	996.16	57.1357421875	0.4168978	0.0002348142857142857	0.0007827142857142857	9.229336977005005	14956.50584244728
1522	809.7795272775444	947.18	56.901611328125	0.41684523	0.00023477142857142855	0.0007825714285714286	8.527618408203125	14965.035602807999
1523	777.9714658596355	910.2	55.673095703125	0.41674563	0.00023472857142857142	0.0007824285714285715	8.772417545318604	14973.808755874634
1524	849.9327484675171	973.33	57.409423828125	0.41669533	0.00023468571428571426	0.0007822857142857143	8.540490627288818	14982.34978890419
1525	878.512137538767	980.53	57.43505859375	0.4166439	0.00023464285714285712	0.0007821428571428571	8.724238395690918	14991.077453374863
1526	848.6313254289813	971.69	57.443603515625	0.41658998	0.00023459999999999998	0.000782	8.673702239990234	14999.751773834229
1527	854.6942213396571	975.2	57.32763671875	0.41653907	0.00023455714285714282	0.0007818571428571428	8.550517082214355	15008.305087089539
1528	839.1626873147169	969.31	57.33447265625	0.41648614	0.00023451428571428568	0.0007817142857142858	9.083188772201538	15017.388936519623
1529	832.1719712864785	974.88	57.0947265625	0.41637206	0.00023447142857142855	0.0007815714285714286	8.84955906867981	15026.240229129791
1530	863.6144355433025	975.0	57.602783203125	0.41631088	0.00023442857142857138	0.0007814285714285714	8.571569204330444	15034.812420129776
1531	847.7858995308393	956.46	57.85302734375	0.4162475	0.00023438571428571425	0.0007812857142857143	8.847658157348633	15043.662156820297
1532	822.4856968433717	930.67	57.6171875	0.4161843	0.0002343428571428571	0.0007811428571428572	8.786189794540405	15052.448979139328
1533	864.3271396665624	977.5	57.610107421875	0.41612613	0.00023429999999999998	0.000781	8.52057957649231	15060.971532821655
1534	802.8531404400886	927.17	57.6337890625	0.41607186	0.00023425714285714287	0.0007808571428571429	8.675656080245972	15069.647822141647
1535	852.7819769034415	950.85	56.149658203125	0.41594902	0.00023421428571428568	0.0007807142857142857	9.18867564201355	15078.83769607544
1536	858.4174459967359	969.25	57.635986328125	0.41588628	0.00023417142857142857	0.0007805714285714286	8.563534021377563	15087.401778697968
1537	832.2524840444097	956.51	57.65771484375	0.4158224	0.00023412857142857143	0.0007804285714285715	8.570078611373901	15095.973640441895
1538	908.7510465056687	1012.04	57.65380859375	0.4157646	0.00023408571428571424	0.0007802857142857143	8.665905237197876	15104.640074253082
1539	859.3000064925908	974.89	57.673095703125	0.41570905	0.00023404285714285713	0.0007801428571428572	8.646210193634033	15113.287487506866
1540	820.1354794990731	960.25	57.67578125	0.41565856	0.000234	0.0007800000000000001	8.63798999786377	15121.92613363266
1541	864.644473064627	977.2	57.1923828125	0.41555992	0.00023395714285714283	0.0007798571428571428	8.690593719482422	15130.619698524475
1542	876.5795316052327	988.02	57.4501953125	0.4155109	0.0002339142857142857	0.0007797142857142857	9.149558067321777	15139.76987862587
1543	874.3723023190876	958.59	57.707763671875	0.41546142	0.00023387142857142856	0.0007795714285714286	8.880316734313965	15148.650759935379
1544	861.0887467347295	977.27	57.716796875	0.4154122	0.0002338285714285714	0.0007794285714285713	8.523789167404175	15157.175106525421
1545	794.5955024145957	917.56	57.960205078125	0.4153646	0.00023378571428571426	0.0007792857142857142	9.094782590866089	15166.27194404602
1546	823.1038988223778	932.45	57.48193359375	0.4153178	0.00023374285714285712	0.0007791428571428572	8.549927711486816	15174.82250404358
1547	798.4161360532886	905.91	56.989501953125	0.4152093	0.0002337	0.0007790000000000001	8.739470481872559	15183.562512159348
1548	815.7936646714361	936.68	57.4873046875	0.41515645	0.00023365714285714285	0.0007788571428571429	8.571878910064697	15192.135897159576
1549	848.8530948091998	955.05	57.755615234375	0.41510153	0.0002336142857142857	0.0007787142857142857	8.732993125915527	15200.869719028473
1550	856.6867463113035	966.57	57.763427734375	0.41504726	0.00023357142857142855	0.0007785714285714286	8.557439088821411	15209.427792549133
1551	850.3352417981838	953.56	54.723876953125	0.41499516	0.00023352857142857142	0.0007784285714285715	8.545336246490479	15217.975249528885
1552	866.837879082665	974.94	58.002197265625	0.41494384	0.00023348571428571425	0.0007782857142857142	9.086633920669556	15227.062538862228
1553	813.6546584000283	936.73	56.291015625	0.41483048	0.00023344285714285712	0.0007781428571428571	8.61591911315918	15235.679305315018
1554	883.4136209172615	986.93	57.792236328125	0.41476956	0.00023339999999999998	0.000778	8.58099102973938	15244.260849952698
1555	860.6774580495498	975.25	57.292724609375	0.41471252	0.00023335714285714282	0.0007778571428571429	8.746715545654297	15253.009327173233
1556	850.0441429470249	973.55	57.805908203125	0.41466045	0.00023331428571428568	0.0007777142857142857	8.726303815841675	15261.736343383789
1557	885.3352536880885	989.08	57.071533203125	0.41460696	0.00023327142857142855	0.0007775714285714286	8.981701374053955	15270.718702793121
1558	825.7059780591585	939.31	57.82177734375	0.41455278	0.0002332285714285714	0.0007774285714285715	8.526938199996948	15279.24771308899
1559	862.0820051630881	977.73	57.819580078125	0.41428033	0.00023318571428571425	0.0007772857142857143	9.46255350112915	15288.710913181305
1560	878.9933271098323	979.96	57.58740234375	0.4142282	0.0002331428571428571	0.0007771428571428571	8.541001558303833	15297.258451461792
1561	883.096384502675	980.09	57.845703125	0.41417706	0.00023309999999999997	0.000777	8.565425634384155	15305.824554920197
1562	847.3784594361003	954.81	57.850341796875	0.41412786	0.00023305714285714286	0.0007768571428571429	8.521522998809814	15314.348019599915
1563	872.8582734104914	990.15	57.61083984375	0.41407785	0.00023301428571428567	0.0007767142857142857	8.664456367492676	15323.01312494278
1564	890.1660624505743	996.04	57.355712890625	0.41396213	0.00023297142857142857	0.0007765714285714286	8.606416463851929	15331.62262749672
1565	865.2609323041246	978.27	57.8798828125	0.41390333	0.00023292857142857143	0.0007764285714285715	8.517542600631714	15340.140706539154
1566	806.8110421224904	921.64	57.884033203125	0.413848	0.00023288571428571427	0.0007762857142857143	9.072439908981323	15349.215123176575
1567	864.9798215867492	989.46	57.894775390625	0.41379103	0.00023284285714285713	0.0007761428571428572	8.528713941574097	15357.744476556778
1568	842.5566340063546	963.41	57.654541015625	0.4137359	0.0002328	0.000776	8.565558910369873	15366.311179161072
1569	838.4307644513825	953.79	57.897705078125	0.4136796	0.00023275714285714283	0.0007758571428571428	8.586058855056763	15374.897799015045
1570	858.51975117492	969.61	57.420654296875	0.41355768	0.0002327142857142857	0.0007757142857142857	8.6532301902771	15383.55300617218
1571	874.3473622979259	984.42	57.66943359375	0.41349554	0.00023267142857142856	0.0007755714285714286	8.621647596359253	15392.1752307415
1572	910.515005947219	999.69	57.686767578125	0.41343448	0.00023262857142857142	0.0007754285714285714	8.502121925354004	15400.678447961807
1573	876.6233242815714	987.76	58.19384765625	0.41337526	0.00023258571428571426	0.0007752857142857142	9.107110500335693	15409.786103487015
1574	916.3514021877128	1010.37	57.941650390625	0.41331425	0.00023254285714285712	0.0007751428571428572	8.534512996673584	15418.323824167252
1575	871.8207841785894	981.94	57.720947265625	0.41324997	0.00023249999999999999	0.0007750000000000001	8.596168756484985	15426.920809984207
1576	878.4390791670822	1001.91	57.47802734375	0.412307	0.00023245714285714285	0.0007748571428571429	11.896224975585938	15438.817617893219
1577	826.3861332266024	959.2	57.23876953125	0.4115355	0.0002324142857142857	0.0007747142857142857	11.95290994644165	15450.772755861282
1578	913.4384602440483	1008.84	57.7431640625	0.41065097	0.00023237142857142855	0.0007745714285714286	13.863598585128784	15464.636997699738
1579	889.0325229139997	984.2	57.001708984375	0.4098197	0.00023232857142857141	0.0007744285714285715	14.284634351730347	15478.923632621765
1580	903.4654620225488	992.86	57.009521484375	0.40880468	0.00023228571428571425	0.0007742857142857142	14.167201519012451	15493.092626571655
1581	919.9811273879948	997.67	57.018310546875	0.40797773	0.00023224285714285712	0.0007741428571428571	14.72567868232727	15507.81966638565
1582	912.3395257297176	991.94	56.775634765625	0.40734515	0.00023219999999999998	0.0007740000000000001	14.296517848968506	15522.118045330048
1583	881.590831542474	976.41	57.044677734375	0.4066095	0.00023215714285714282	0.0007738571428571429	14.279845476150513	15536.39868760109
1584	884.1489638315196	962.38	57.81640625	0.40587434	0.00023211428571428568	0.0007737142857142857	14.122295141220093	15550.522289514542
1585	891.0209871239573	982.68	57.072021484375	0.40534273	0.00023207142857142854	0.0007735714285714286	14.718801975250244	15565.241923093796
1586	886.3896330323008	981.16	57.082275390625	0.40487763	0.0002320285714285714	0.0007734285714285715	14.100375413894653	15579.344542741776
1587	904.8581513578708	990.21	56.83984375	0.40412402	0.0002319857142857143	0.0007732857142857144	14.785416603088379	15594.130583047867
1588	881.3551906717955	973.71	57.017822265625	0.40322733	0.0002319428571428571	0.0007731428571428571	14.122247219085693	15608.254853487015
1589	898.7956773431985	971.16	57.26513671875	0.4025546	0.0002319	0.000773	14.65047574043274	15622.906166791916
1590	909.4646876726034	984.59	57.261474609375	0.40200946	0.00023185714285714286	0.000772857142857143	14.340272426605225	15637.248405218124
1591	910.2158736139291	988.18	57.64404296875	0.40153468	0.00023181428571428567	0.0007727142857142858	14.97151780128479	15652.22246170044
1592	920.1882567384896	989.67	57.151611328125	0.40068343	0.00023177142857142856	0.0007725714285714286	14.16519808769226	15666.38985300064
1593	913.4031449275094	986.11	57.407958984375	0.3999745	0.00023172857142857143	0.0007724285714285715	14.74051809310913	15681.132108688354
1594	920.9588096642129	995.09	57.40673828125	0.39896712	0.00023168571428571426	0.0007722857142857143	14.167474508285522	15695.30040717125
1595	955.9870039720117	1010.46	57.925537109375	0.39889324	0.00023164285714285713	0.0007721428571428572	8.640780925750732	15703.941732883453
1596	934.4319371276374	1002.49	56.957275390625	0.39813837	0.0002316	0.000772	14.228460550308228	15718.172417163849
1597	963.6381919030999	1016.01	57.191162109375	0.3975061	0.00023155714285714283	0.0007718571428571428	14.110643863677979	15732.284953832626
1598	928.621643755157	994.61	57.448486328125	0.3968412	0.0002315142857142857	0.0007717142857142857	14.678531885147095	15746.964307308197
1599	960.5208136444729	1010.72	57.455078125	0.39621127	0.00023147142857142856	0.0007715714285714285	14.189519166946411	15761.154645442963
1600	937.3132265089523	986.1	57.212646484375	0.39577946	0.00023142857142857142	0.0007714285714285715	17.934881448745728	15779.091014146805
1601	931.392119725113	985.69	57.222412109375	0.3948156	0.00023138571428571428	0.0007712857142857144	14.202278137207031	15793.294133901596
1602	973.2358876752774	1012.71	57.23046875	0.39401785	0.00023134285714285712	0.0007711428571428572	14.325702905654907	15807.621290445328
1603	929.9986277509121	984.52	56.98828125	0.39347938	0.00023129999999999998	0.000771	14.13073468208313	15821.753008365631
1604	954.5824183902873	1007.32	57.746337890625	0.39272913	0.00023125714285714285	0.0007708571428571429	14.919931411743164	15836.67349767685
1605	941.5398040173892	981.15	57.25390625	0.39217758	0.00023121428571428568	0.0007707142857142857	14.440731763839722	15851.1159055233
1606	943.9379851592249	990.5	57.761962890625	0.39152122	0.00023117142857142855	0.0007705714285714286	14.842503786087036	15865.959954500198
1607	967.4112366162841	1002.74	58.0185546875	0.39144084	0.0002311285714285714	0.0007704285714285714	8.712587118148804	15874.672909259796
1608	974.108616323936	1000.27	57.52783203125	0.39056253	0.00023108571428571425	0.0007702857142857142	14.753515005111694	15889.427231311798
1609	937.7734493900687	987.56	54.826904296875	0.38985166	0.0002310428571428571	0.0007701428571428572	14.157944917678833	15903.589902162552
1610	951.5735196895711	981.94	57.665283203125	0.38913432	0.00023099999999999998	0.0007700000000000001	14.454517364501953	15918.044805288315
1611	957.4761116878685	997.68	57.9013671875	0.3890995	0.00023095714285714281	0.0007698571428571428	8.66965126991272	15926.715094566345
1612	938.2122274381213	984.4	57.410400390625	0.38819662	0.00023091428571428568	0.0007697142857142857	14.119549989700317	15940.837329864502
1613	982.5150093593261	1009.17	56.42578125	0.38742507	0.00023087142857142854	0.0007695714285714286	14.704063415527344	15955.542643070221
1614	979.7719741103107	1002.41	57.176025390625	0.38677013	0.0002308285714285714	0.0007694285714285715	14.151057958602905	15969.695581674576
1615	960.4173468199659	978.46	57.4345703125	0.38637307	0.0002307857142857143	0.0007692857142857143	14.670437335968018	15984.367393255234
1616	956.4537134011158	972.87	57.340087890625	0.38578632	0.0002307428571428571	0.0007691428571428571	14.199016094207764	15998.567935705185
1617	952.4894019352919	983.55	57.599609375	0.38505617	0.0002307	0.000769	17.913078784942627	16016.481844425201
1618	962.4414195110115	995.1	57.603759765625	0.38443723	0.00023065714285714286	0.000768857142857143	14.336706638336182	16030.819113492966
1619	981.698058901391	1009.94	57.36279296875	0.38356948	0.0002306142857142857	0.0007687142857142857	14.63425612449646	16045.455333471298
1620	972.0928648692094	1012.66	57.37109375	0.38284698	0.00023057142857142856	0.0007685714285714286	14.227183103561401	16059.68406701088
1621	974.0663332035562	986.01	58.629638671875	0.3820928	0.00023052857142857143	0.0007684285714285715	15.332066059112549	16075.017789125443
1622	979.0512737649682	997.47	57.6376953125	0.38137326	0.00023048571428571426	0.0007682857142857143	14.115367889404297	16089.135570287704
1623	986.9453031127996	1009.71	57.395751953125	0.38026738	0.00023044285714285713	0.0007681428571428571	14.820556163787842	16103.957849025726
1624	956.8360025342587	985.96	57.90283203125	0.37988952	0.0002304	0.000768	14.179860830307007	16118.139938354492
1625	941.4090651768224	970.9	57.66162109375	0.37924036	0.00023035714285714283	0.0007678571428571428	14.684448003768921	16132.825857400894
1626	947.0434511737069	983.82	57.4189453125	0.37891492	0.0002303142857142857	0.0007677142857142857	14.077465772628784	16146.903894662857
1627	994.0298620552574	1003.5	57.42724609375	0.37826666	0.00023027142857142855	0.0007675714285714285	14.650272130966187	16161.556480407715
1628	992.3497634069676	988.7	58.43505859375	0.3778242	0.00023022857142857142	0.0007674285714285715	13.747891664505005	16175.306012868881
1629	961.4758313606949	976.23	57.441650390625	0.37711263	0.00023018571428571428	0.0007672857142857144	14.854537725448608	16190.161128044128
1630	1001.336556912247	1001.65	58.450927734375	0.3765004	0.00023014285714285712	0.0007671428571428572	13.988835334777832	16204.150792598724
1631	998.8123501729139	1007.68	57.70849609375	0.37616947	0.00023009999999999998	0.000767	14.632293939590454	16218.784739732742
1632	979.956328568462	990.48	57.716552734375	0.3756537	0.00023005714285714285	0.0007668571428571429	14.413570880889893	16233.198863744736
1633	961.4076386761112	983.15	57.725341796875	0.37522173	0.00023001428571428568	0.0007667142857142857	14.757938623428345	16247.95904302597
1634	1006.0248216215327	1005.01	57.983154296875	0.37424552	0.00022997142857142855	0.0007665714285714286	13.222577333450317	16261.182172060013
1635	1008.2125147274606	1009.52	58.2412109375	0.3741937	0.0002299285714285714	0.0007664285714285714	8.6481192111969	16269.83178639412
1636	990.0513136282	1002.3	57.49853515625	0.3738276	0.00022988571428571425	0.0007662857142857142	14.564130067825317	16284.396714687347
1637	1020.1808890754961	1011.26	57.5068359375	0.37329605	0.0002298428571428571	0.0007661428571428572	14.366579294204712	16298.764785289764
1638	1021.9972544740526	1017.57	57.51318359375	0.3728054	0.00022979999999999997	0.0007660000000000001	14.901546478271484	16313.667398929596
1639	1006.6392656674642	989.62	57.781982421875	0.3722643	0.0002297571428571428	0.0007658571428571428	14.233907222747803	16327.903524637222
1640	983.1069091058672	984.49	56.534912109375	0.37154332	0.00022971428571428568	0.0007657142857142857	14.604154109954834	16342.509145736694
1641	995.2848838803827	996.24	58.28662109375	0.37082267	0.00022967142857142854	0.0007655714285714286	13.442139625549316	16355.95318865776
1642	976.9383983203162	984.35	57.550537109375	0.37080207	0.00022962857142857143	0.0007654285714285715	8.656333208084106	16364.610068798065
1643	1001.9552760280966	998.96	57.802734375	0.37004963	0.0002295857142857143	0.0007652857142857143	14.167210340499878	16378.77923154831
1644	1009.6646360563805	1006.59	58.56103515625	0.36996147	0.0002295428571428571	0.0007651428571428571	8.693358659744263	16387.473784685135
1645	966.6100422168291	960.05	57.818603515625	0.3690568	0.0002295	0.0007650000000000001	14.777890920639038	16402.252211093903
1646	1017.0797179380393	1015.4	58.326416015625	0.36857906	0.00022945714285714286	0.000764857142857143	13.121727228164673	16415.376076221466
1647	1004.9647961164536	1007.04	58.572265625	0.36850104	0.0002294142857142857	0.0007647142857142857	8.673545360565186	16424.050858974457
1648	1033.8903172681735	1007.01	58.34228515625	0.36782327	0.00022937142857142856	0.0007645714285714286	14.43809723854065	16438.48962497711
1649	1011.8328306683678	1010.69	58.601318359375	0.3672994	0.00022932857142857142	0.0007644285714285715	13.91717267036438	16452.4083006382
1650	965.0245327033081	962.61	58.609130859375	0.3668261	0.00022928571428571426	0.0007642857142857142	13.711771249771118	16466.122039079666
1651	1060.0787081691146	1024.0	57.62451171875	0.36624098	0.00022924285714285712	0.0007641428571428571	13.550798892974854	16479.673460245132
1652	1030.6670866873183	1005.05	57.874755859375	0.3658547	0.0002292	0.000764	14.717358350753784	16494.393070220947
1653	1002.2546724512763	1002.78	57.6328125	0.3655686	0.00022915714285714282	0.0007638571428571428	14.359922170639038	16508.754513025284
1654	1045.1929413647279	1012.16	57.640625	0.36481366	0.0002291142857142857	0.0007637142857142856	14.576693296432495	16523.331844091415
1655	1010.0975476360879	995.56	58.149169921875	0.36441028	0.00022907142857142855	0.0007635714285714286	13.945886373519897	16537.27853035927
1656	1006.7590379364256	993.93	57.9091796875	0.36401197	0.00022902857142857142	0.0007634285714285715	14.596887350082397	16551.877838373184
1657	1020.5137921282285	1003.08	57.91650390625	0.3635193	0.00022898571428571428	0.0007632857142857144	14.342892169952393	16566.220863342285
1658	1027.5399009691025	1009.25	57.9267578125	0.36313137	0.00022894285714285712	0.0007631428571428571	14.615222930908203	16580.83791732788
1659	1026.5960008560792	1006.53	57.44287109375	0.3625886	0.00022889999999999998	0.000763	14.534239530563354	16595.374166727066
1660	1039.0759817428975	1008.9	57.695556640625	0.36177313	0.00022885714285714284	0.0007628571428571429	14.692131996154785	16610.06985974312
1661	1018.9180591252626	994.3	57.70654296875	0.3609277	0.00022881428571428568	0.0007627142857142857	14.144015550613403	16624.214425086975
1662	1044.6794769779158	1013.35	58.716796875	0.3607504	0.00022877142857142854	0.0007625714285714285	13.857021808624268	16638.07310605049
1663	1049.1620203604716	1013.42	57.9765625	0.36011365	0.0002287285714285714	0.0007624285714285715	14.06160855293274	16652.135269641876
1664	1038.4999469487284	1014.09	58.2353515625	0.35966268	0.00022868571428571425	0.0007622857142857143	14.458409309387207	16666.595239400864
1665	1040.5835671644206	1014.13	58.24609375	0.35959408	0.0002286428571428571	0.0007621428571428572	9.55917501449585	16676.155737400055
1666	1063.4295737311459	1015.09	55.778076171875	0.35956618	0.00022859999999999997	0.000762	8.519232988357544	16684.675500392914
1667	1030.300451540759	1005.38	58.82861328125	0.35952938	0.0002285571428571428	0.0007618571428571428	8.52330732345581	16693.199441194534
1668	1031.1507987926902	1009.87	58.836181640625	0.3594878	0.00022851428571428567	0.0007617142857142857	8.71337103843689	16701.91529607773
1669	1022.9032441372915	1001.86	58.353515625	0.35929444	0.00022847142857142854	0.0007615714285714286	8.857421398162842	16710.77337527275
1670	1043.3732741041301	1010.33	58.612060546875	0.3592336	0.00022842857142857143	0.0007614285714285714	8.558127164840698	16719.33430171013
1671	1037.1146477457485	1016.97	58.871826171875	0.35917953	0.0002283857142857143	0.0007612857142857143	9.095189094543457	16728.430028438568
1672	1011.8312470908492	1010.9	58.6298828125	0.35913047	0.00022834285714285713	0.0007611428571428572	8.804595232009888	16737.23676776886
1673	992.565010151931	986.92	57.916015625	0.35854316	0.0002283	0.0007610000000000001	14.097698211669922	16751.33508515358
1674	1032.2056576897976	1020.54	58.17626953125	0.35783085	0.00022825714285714286	0.0007608571428571429	14.59147334098816	16765.92807173729
1675	994.2889313409387	1001.44	57.68603515625	0.35741022	0.0002282142857142857	0.0007607142857142857	14.142226457595825	16780.07116150856
1676	969.2809507853241	968.81	58.696044921875	0.35682082	0.00022817142857142856	0.0007605714285714286	14.225509881973267	16794.298338890076
1677	1034.115107666695	1024.0	58.20556640625	0.35669288	0.00022812857142857142	0.0007604285714285715	8.729031324386597	16803.029909849167
1678	1023.3507590955029	1003.36	58.956787109375	0.35663792	0.00022808571428571426	0.0007602857142857142	8.73815369606018	16811.768603801727
1679	1059.1027829941731	1022.4	58.972900390625	0.35658488	0.00022804285714285712	0.0007601428571428571	8.645164251327515	16820.414417028427
1680	1040.1517227452373	1018.19	58.98291015625	0.35652718	0.00022799999999999999	0.00076	16.21613383293152	16836.63272047043
1681	1023.5102516545304	997.39	58.99462890625	0.3564758	0.00022795714285714285	0.000759857142857143	8.98978590965271	16845.6236641407
1682	1047.0533694098415	1008.17	59.0009765625	0.35641477	0.00022791428571428569	0.0007597142857142857	8.624891519546509	16854.248665094376
1683	1034.8198373432424	1004.81	59.014404296875	0.35634378	0.00022787142857142855	0.0007595714285714286	8.521469593048096	16862.77067708969
1684	1010.8926920162338	989.75	59.26806640625	0.35627452	0.00022782857142857141	0.0007594285714285715	8.544105291366577	16871.31856751442
1685	1009.1062742128469	975.34	57.783935546875	0.35570684	0.00022778571428571428	0.0007592857142857144	14.839570045471191	16886.158380270004
1686	1012.1097305099258	981.66	58.541748046875	0.3549256	0.00022774285714285711	0.0007591428571428571	12.541672229766846	16898.70214867592
1687	964.9624852981885	961.5	58.5537109375	0.3548709	0.00022769999999999998	0.000759	9.308528184890747	16908.011322021484
1688	1011.9509599242317	993.26	59.061767578125	0.35483786	0.00022765714285714284	0.0007588571428571429	8.954614639282227	16916.968408823013
1689	1027.312002852274	991.54	59.0732421875	0.3548026	0.00022761428571428568	0.0007587142857142857	8.530815362930298	16925.499772548676
1690	1039.17362960319	1001.33	58.820556640625	0.35476765	0.00022757142857142854	0.0007585714285714285	8.532619953155518	16934.034597873688
1691	1054.7042589656892	1017.33	59.0927734375	0.35472628	0.0002275285714285714	0.0007584285714285715	8.71512770652771	16942.750331878662
1692	992.6274273695245	975.99	58.6025390625	0.35457322	0.00022748571428571424	0.0007582857142857143	8.746485948562622	16951.498799085617
1693	1010.9467340285263	970.9	58.598876953125	0.354105	0.0002274428571428571	0.0007581428571428572	13.162509441375732	16964.661839962006
1694	1062.9663349873058	1011.3	58.895263671875	0.35357937	0.00022739999999999997	0.000758	13.37909197807312	16978.044323921204
1695	1028.3758564896098	1012.08	58.406005859375	0.35288623	0.00022735714285714286	0.0007578571428571429	14.107817649841309	16992.153599739075
1696	1040.7210072823018	991.4	58.92724609375	0.35214546	0.00022731428571428567	0.0007577142857142857	13.449793577194214	17005.605996847153
1697	1061.2743101705469	1022.01	58.675537109375	0.35205993	0.00022727142857142854	0.0007575714285714286	8.669878482818604	17014.27824997902
1698	1050.624882786946	1010.31	57.93505859375	0.35176	0.00022722857142857143	0.0007574285714285714	14.631987571716309	17028.91131734848
1699	1065.362739018429	1011.97	58.0791015625	0.35099688	0.0002271857142857143	0.0007572857142857144	14.247674942016602	17043.159641742706
1700	1035.630223625993	1005.28	58.83935546875	0.35017264	0.00022714285714285713	0.0007571428571428572	14.568590641021729	17057.729825258255
1701	1062.2642621764737	1009.99	58.836181640625	0.34963384	0.0002271	0.000757	13.490665674209595	17071.222021102905
1702	1060.9338162298839	1014.52	58.108642578125	0.34917542	0.00022705714285714285	0.0007568571428571429	14.646589517593384	17085.87066245079
1703	1054.5324209011706	1007.2	58.119873046875	0.3486866	0.0002270142857142857	0.0007567142857142857	14.370138168334961	17100.241360902786
1704	1059.804001478382	1012.83	58.129638671875	0.34834695	0.00022697142857142856	0.0007565714285714286	14.128151655197144	17114.371211528778
1705	1070.340808368675	1016.07	58.137451171875	0.3479109	0.00022692857142857142	0.0007564285714285714	14.153155326843262	17128.52636027336
1706	1068.6156330741715	1014.4	58.1494140625	0.347456	0.00022688571428571426	0.0007562857142857142	14.17982816696167	17142.706748008728
1707	1060.4289471889895	1014.4	58.9091796875	0.34712148	0.00022684285714285712	0.0007561428571428571	13.750455141067505	17156.45853495598
1708	1054.814554607087	993.96	58.919189453125	0.34621885	0.00022679999999999998	0.000756	13.913500547409058	17170.374408721924
1709	1068.7225594652127	1012.0	58.30224609375	0.34562954	0.00022675714285714285	0.0007558571428571429	14.626044273376465	17185.000992059708
1710	1032.8479233281778	995.69	58.310302734375	0.3451096	0.0002267142857142857	0.0007557142857142858	14.195710897445679	17199.198794841766
1711	1072.7547259284747	1016.72	58.568115234375	0.34471846	0.00022667142857142855	0.0007555714285714286	17.23179268836975	17216.431137561798
1712	1069.5211601107603	1016.79	58.326171875	0.3442148	0.0002266285714285714	0.0007554285714285715	14.147535562515259	17230.580514431
1713	1029.8291056565185	983.7	58.833740234375	0.3436555	0.00022658571428571428	0.0007552857142857143	14.17832636833191	17244.759486198425
1714	1075.7217996321515	1019.45	58.348388671875	0.34287775	0.0002265428571428571	0.0007551428571428571	13.740857362747192	17258.502592802048
1715	1079.9842439506149	1004.32	58.3505859375	0.34247315	0.00022649999999999998	0.000755	14.591836214065552	17273.09684419632
1716	1052.81897168894	997.48	59.132080078125	0.34198555	0.00022645714285714284	0.0007548571428571429	13.146817684173584	17286.24424815178
1717	1055.9993740159664	1004.78	58.88232421875	0.3415917	0.00022641428571428568	0.0007547142857142856	14.325291395187378	17300.571828365326
1718	1048.8361663591195	1006.89	58.62451171875	0.34141776	0.00022637142857142854	0.0007545714285714286	14.645134449005127	17315.21856570244
1719	1088.2579512437576	1020.27	59.62939453125	0.34055242	0.0002263285714285714	0.0007544285714285715	14.243891716003418	17329.462581396103
1720	1053.714484604121	996.14	58.389892578125	0.34009823	0.00022628571428571424	0.0007542857142857143	14.039063453674316	17343.506563425064
1721	1059.0834447804552	1006.16	58.89794921875	0.33969533	0.0002262428571428571	0.0007541428571428571	13.785391092300415	17357.29249215126
1722	1066.7960798538033	991.46	58.90576171875	0.33941314	0.00022619999999999997	0.000754	13.448920488357544	17370.744477033615
1723	1061.4285663764472	1000.46	58.66162109375	0.33866036	0.00022615714285714286	0.0007538571428571429	14.833447217941284	17385.579154253006
1724	1075.6620187553738	1013.66	55.959716796875	0.33794963	0.00022611428571428572	0.0007537142857142858	14.69498896598816	17400.276716947556
1725	1101.9663726584915	1022.58	58.91943359375	0.33791557	0.00022607142857142856	0.0007535714285714285	8.718451261520386	17408.995711565018
1726	1057.2647300504532	1005.86	58.751708984375	0.3373718	0.00022602857142857142	0.0007534285714285715	13.811007738113403	17422.80838727951
1727	1046.2319164449175	984.64	59.0029296875	0.33734894	0.0002259857142857143	0.0007532857142857144	8.768229246139526	17431.577260255814
1728	1100.598097040827	1011.21	59.267578125	0.33732748	0.00022594285714285712	0.0007531428571428572	8.60047459602356	17440.179678440094
1729	1082.0582892857742	999.0	59.517333984375	0.33730158	0.0002259	0.000753	9.06749677658081	17449.247878551483
1730	1072.586085960239	1001.7	59.533203125	0.33727393	0.00022585714285714285	0.0007528571428571429	10.315140724182129	17459.563552379608
1731	1057.4638860472326	1002.24	59.54150390625	0.33700743	0.0002258142857142857	0.0007527142857142857	14.085393190383911	17473.65092563629
1732	1067.2733616573514	1004.48	58.346923828125	0.33681238	0.00022577142857142855	0.0007525714285714286	14.223810911178589	17487.87541627884
1733	1054.8153129165862	992.38	58.346923828125	0.33659804	0.00022572857142857142	0.0007524285714285714	14.130048990249634	17502.008325576782
1734	1070.8882867295497	1014.73	59.10498046875	0.33611533	0.00022568571428571425	0.0007522857142857142	13.894360303878784	17515.904664993286
1735	1079.0639024485108	1012.48	58.85888671875	0.3357017	0.00022564285714285712	0.0007521428571428571	14.122402667999268	17530.027621030807
1736	1039.4571342584668	977.33	58.632568359375	0.33532265	0.00022559999999999998	0.0007520000000000001	14.737281084060669	17544.76577782631
1737	1027.920520823589	976.03	58.890380859375	0.33477077	0.00022555714285714285	0.0007518571428571429	13.310823917388916	17558.078535318375
1738	1067.6664204370843	995.08	58.39306640625	0.3346783	0.0002255142857142857	0.0007517142857142858	9.24625825881958	17567.32651233673
1739	1062.8926237208373	991.94	59.655029296875	0.3346406	0.00022547142857142855	0.0007515714285714286	8.534909725189209	17575.861986875534
1740	1064.5306267145506	1002.14	59.650146484375	0.33459923	0.0002254285714285714	0.0007514285714285715	8.543787002563477	17584.407725334167
1741	1074.3759608017099	1011.19	59.171875	0.33454898	0.00022538571428571427	0.0007512857142857143	8.550285339355469	17592.958681821823
1742	1067.5728786411253	1007.78	59.665771484375	0.33449972	0.0002253428571428571	0.0007511428571428571	8.748761653900146	17601.70948457718
1743	1062.4022599247694	1003.4	59.186279296875	0.334267	0.00022529999999999997	0.000751	8.706752061843872	17610.416840314865
1744	1055.128630121071	982.34	59.6943359375	0.334197	0.00022525714285714284	0.000750857142857143	8.654168844223022	17619.073179483414
1745	1056.6041105015647	989.86	59.69189453125	0.33414245	0.00022521428571428567	0.0007507142857142857	9.070239782333374	17628.14400434494
1746	1069.528039761196	987.87	59.709716796875	0.33408716	0.00022517142857142854	0.0007505714285714286	8.534409284591675	17636.680076360703
1747	1087.913544673393	1020.33	58.975341796875	0.33403888	0.0002251285714285714	0.0007504285714285715	8.519508838653564	17645.200204849243
1748	1017.0223019905467	966.96	59.4765625	0.33372232	0.00022508571428571424	0.0007502857142857142	13.925517797470093	17659.12675023079
1749	1020.8887668982156	966.8	58.484130859375	0.33315396	0.0002250428571428571	0.0007501428571428571	14.491762399673462	17673.620305538177
1750	1031.1957119032652	967.71	59.492431640625	0.33280405	0.000225	0.00075	14.281376123428345	17687.903198719025
1751	1034.8219098698276	960.13	58.74951171875	0.33224288	0.0002249571428571428	0.0007498571428571428	14.102595090866089	17702.006335258484
1752	1066.6738561106401	992.01	59.00830078125	0.33185816	0.00022491428571428572	0.0007497142857142858	14.616200685501099	17716.624161958694
1753	1038.915525021653	976.28	58.54052734375	0.3316314	0.00022487142857142856	0.0007495714285714285	14.040420770645142	17730.666456460953
1754	1060.51880020332	987.83	58.559814453125	0.33100447	0.00022482857142857142	0.0007494285714285715	14.123242855072021	17744.790266513824
1755	1098.9329911073653	1016.16	59.782958984375	0.33039072	0.00022478571428571429	0.0007492857142857144	13.571530818939209	17758.363293886185
1756	1092.536600474106	999.49	59.041015625	0.32977507	0.00022474285714285712	0.0007491428571428571	14.053153038024902	17772.419768333435
1757	1038.8298111344798	966.16	58.548583984375	0.3292226	0.0002247	0.000749	14.49631929397583	17786.916692972183
1758	1097.460764138312	1012.2	58.806640625	0.328631	0.00022465714285714285	0.0007488571428571429	14.23996114730835	17801.15828680992
1759	1081.4450987675923	997.82	58.56396484375	0.32809043	0.0002246142857142857	0.0007487142857142857	14.625967979431152	17815.785872220993
1760	1070.07980918062	992.18	59.5703125	0.32753554	0.00022457142857142855	0.0007485714285714285	23.85635471343994	17839.642891407013
1761	1068.0193634733366	994.76	59.603515625	0.32735077	0.00022452857142857141	0.0007484285714285714	8.816022872924805	17848.461274385452
1762	1081.8854113407217	993.27	59.087646484375	0.32694027	0.00022448571428571425	0.0007482857142857142	14.099608659744263	17862.56143093109
1763	1090.3160954963375	1015.41	59.094970703125	0.32635286	0.00022444285714285714	0.0007481428571428573	13.034765481948853	17875.597769260406
1764	1097.6660148833134	1015.19	59.101318359375	0.32572678	0.00022439999999999998	0.000748	14.476726293563843	17890.075076818466
1765	1068.825588728723	990.42	59.3603515625	0.32519734	0.00022435714285714282	0.0007478571428571428	14.515925645828247	17904.593490600586
1766	1096.5985574124916	1009.67	59.6181640625	0.32482934	0.0002243142857142857	0.0007477142857142858	13.034913063049316	17917.628947257996
1767	1080.2939351481218	999.36	60.126220703125	0.32458925	0.00022427142857142854	0.0007475714285714286	14.192293405532837	17931.822848796844
1768	1094.606948142619	989.42	59.51611328125	0.32437676	0.0002242285714285714	0.0007474285714285714	13.10378909111023	17944.928866147995
1769	1068.6491743477245	994.32	59.02392578125	0.3239809	0.00022418571428571427	0.0007472857142857143	14.861258745193481	17959.793867111206
1770	1073.868853995862	983.07	59.28173828125	0.3235908	0.0002241428571428571	0.0007471428571428571	13.517414808273315	17973.313097000122
1771	1083.2301502166856	994.42	58.54833984375	0.32332808	0.00022409999999999997	0.000747	14.177433490753174	17987.494884490967
1772	1115.77188118498	1014.97	59.298583984375	0.3229139	0.00022405714285714284	0.0007468571428571429	13.46625280380249	18000.961669683456
1773	1113.9225903440083	1024.0	59.680419921875	0.3226924	0.00022401428571428567	0.0007467142857142857	13.8947274684906	18014.85855770111
1774	1070.7501357694673	981.89	59.439208984375	0.3222867	0.00022397142857142854	0.0007465714285714286	14.617443561553955	18029.477539777756
1775	1100.8373492321841	1000.2	59.697265625	0.32222658	0.0002239285714285714	0.0007464285714285715	8.668693542480469	18038.147634267807
1776	1085.1777994028394	992.31	59.204833984375	0.3219657	0.00022388571428571424	0.0007462857142857142	13.968939304351807	18052.11723089218
1777	1099.8433818905696	1011.25	59.463134765625	0.32146263	0.00022384285714285716	0.0007461428571428572	13.77472734451294	18065.89370894432
1778	1101.9164637021363	1009.91	60.470947265625	0.3208395	0.0002238	0.000746	14.24324345588684	18080.13863635063
1779	1096.8561340624246	997.27	59.728759765625	0.32036415	0.0002237571428571428	0.0007458571428571428	15.633176803588867	18095.773994207382
1780	1124.8372329645485	1014.47	59.473388671875	0.32003775	0.00022371428571428572	0.0007457142857142857	13.742931127548218	18109.518672943115
1781	1095.5945128193553	1011.14	56.53857421875	0.31971395	0.00022367142857142856	0.0007455714285714286	14.077970743179321	18123.598901987076
1782	1113.440675178808	1002.7	59.247802734375	0.31913143	0.00022362857142857142	0.0007454285714285715	14.594859600067139	18138.194333791733
1783	1099.563168447526	1004.99	59.507080078125	0.31866708	0.00022358571428571428	0.0007452857142857144	14.018301248550415	18152.215294599533
1784	1081.1818796632695	975.46	60.01416015625	0.3186296	0.00022354285714285712	0.0007451428571428571	8.946858882904053	18161.162707805634
1785	1088.4136826859358	992.54	59.520263671875	0.3183429	0.00022349999999999998	0.000745	12.996103525161743	18174.160716056824
1786	1113.7389666356282	1014.39	59.514892578125	0.3182515	0.00022345714285714285	0.0007448571428571429	8.707360744476318	18182.869829893112
1787	1106.306501088125	999.57	60.03662109375	0.3182187	0.00022341428571428569	0.0007447142857142857	8.806989908218384	18191.677350521088
1788	1115.688608632393	1013.4	60.29345703125	0.31818506	0.00022337142857142855	0.0007445714285714285	8.843724727630615	18200.523067951202
1789	1109.224632851077	1003.59	59.799560546875	0.31814176	0.0002233285714285714	0.0007444285714285714	8.554957389831543	18209.078659057617
1790	1082.808302170356	992.29	60.31005859375	0.31809333	0.00022328571428571425	0.0007442857142857143	8.557666778564453	18217.637800455093
1791	1078.1845096202421	983.02	59.808837890625	0.31804815	0.00022324285714285714	0.0007441428571428573	12.763663530349731	18230.40201473236
1792	1059.730552455141	995.65	59.325927734375	0.3175083	0.00022319999999999998	0.000744	14.70311689376831	18245.107629537582
1793	1108.7403115924233	1016.87	60.083984375	0.3169136	0.00022315714285714284	0.0007438571428571429	13.273403644561768	18258.38267827034
1794	1072.0127453800653	984.07	59.592041015625	0.31665343	0.0002231142857142857	0.0007437142857142858	13.20760989189148	18271.59192419052
1795	1056.628794936843	976.46	60.099609375	0.31611434	0.00022307142857142854	0.0007435714285714286	13.135133743286133	18284.72767162323
1796	1058.662515263794	982.11	59.857421875	0.31575224	0.0002230285714285714	0.0007434285714285714	13.060036420822144	18297.788321733475
1797	1081.2116088371731	1002.94	59.866455078125	0.31533378	0.00022298571428571427	0.0007432857142857143	14.811842918395996	18312.60180592537
1798	1025.562326257404	953.65	60.12353515625	0.31497332	0.0002229428571428571	0.0007431428571428571	13.828855037689209	18326.434466362
1799	1085.0698847812682	992.84	59.9091796875	0.31434497	0.00022289999999999997	0.0007430000000000001	13.044637441635132	18339.479664087296
1800	1061.4463523733818	975.55	59.6298828125	0.3142669	0.00022285714285714283	0.0007428571428571429	9.297813415527344	18348.780158042908
1801	1111.9044994909325	1008.71	60.651611328125	0.31422848	0.00022281428571428567	0.0007427142857142857	8.682049036026001	18357.46273446083
1802	1124.3115763911605	1016.76	60.409423828125	0.31418374	0.00022277142857142853	0.0007425714285714286	8.528470039367676	18365.99361872673
1803	1094.6379117361728	995.3	60.162353515625	0.31413707	0.00022272857142857143	0.0007424285714285714	8.807189226150513	18374.80145931244
1804	1084.9091985394114	1003.11	60.42529296875	0.3140889	0.00022268571428571423	0.0007422857142857142	8.75982117652893	18383.563014507294
1805	1108.0995331639801	1014.36	60.41943359375	0.31404018	0.00022264285714285715	0.0007421428571428572	8.695492267608643	18392.259132146835
1806	1101.7522687550845	1006.81	60.18701171875	0.31348652	0.0002226	0.000742	13.537141799926758	18405.79821562767
1807	1091.6213647366196	1002.93	59.697265625	0.3129348	0.00022255714285714285	0.0007418571428571428	13.221146583557129	18419.01989531517
1808	1133.623937277292	1023.97	60.205322265625	0.31255308	0.00022251428571428572	0.0007417142857142858	14.798482656478882	18433.821306228638
1809	1096.5371900953694	1008.61	59.736572265625	0.31223342	0.00022247142857142855	0.0007415714285714286	13.397307634353638	18447.22049665451
1810	1092.004256096589	990.39	60.220947265625	0.31200612	0.00022242857142857142	0.0007414285714285715	13.436949014663696	18460.658076763153
1811	1089.1388199853764	990.25	59.728759765625	0.3115229	0.00022238571428571428	0.0007412857142857143	14.413285970687866	18475.073093175888
1812	1097.122316809309	996.71	59.736572265625	0.31095913	0.00022234285714285712	0.0007411428571428571	12.721749305725098	18487.796259641647
1813	1107.4448249325433	994.25	59.995849609375	0.3105557	0.00022229999999999998	0.000741	14.63910698890686	18502.43618106842
1814	1122.4160959402045	1014.2	58.99853515625	0.31048954	0.00022225714285714285	0.0007408571428571429	8.781610488891602	18511.218799829483
1815	1091.753282784395	998.97	60.511474609375	0.31046498	0.00022221428571428568	0.0007407142857142856	8.58638858795166	18519.805802583694
1816	1104.3861121304608	995.67	60.267578125	0.31043467	0.00022217142857142855	0.0007405714285714285	9.313645601272583	18529.120074748993
1817	1073.8001096351102	980.02	60.52783203125	0.3104093	0.0002221285714285714	0.0007404285714285715	8.564251184463501	18537.6867249012
1818	1121.8335336275406	1016.77	60.2822265625	0.31038478	0.00022208571428571425	0.0007402857142857143	8.515491485595703	18546.202845811844
1819	1101.4712362093264	993.19	60.2939453125	0.31035483	0.00022204285714285714	0.0007401428571428572	8.633002281188965	18554.837862491608
1820	1094.9685134178912	994.52	60.051025390625	0.3101688	0.00022199999999999998	0.00074	8.929517030715942	18563.767908096313
1821	1126.7308705075013	1013.5	60.056884765625	0.31005436	0.00022195714285714284	0.0007398571428571429	8.691143274307251	18572.46062064171
1822	1100.1181598384146	996.24	60.066650390625	0.31002736	0.0002219142857142857	0.0007397142857142858	8.563657283782959	18581.024844169617
1823	1115.144663059592	1004.45	60.5732421875	0.3099946	0.00022187142857142854	0.0007395714285714285	9.067842245101929	18590.094148159027
1824	1110.906856914113	1006.49	60.580078125	0.309958	0.0002218285714285714	0.0007394285714285714	8.524476051330566	18598.61926174164
1825	1126.950219381013	1015.71	60.338623046875	0.30991784	0.00022178571428571427	0.0007392857142857144	8.752909421920776	18607.373980998993
1826	1095.923873273652	1003.72	60.34521484375	0.30987307	0.0002217428571428571	0.0007391428571428572	9.350462198257446	18616.725088357925
1827	1133.733065083988	1007.69	59.854736328125	0.30972937	0.00022169999999999997	0.000739	9.116269588470459	18625.847800970078
1828	1097.9184959753638	1005.67	60.5986328125	0.30969718	0.00022165714285714283	0.0007388571428571429	8.52242660522461	18634.370895385742
1829	1100.9286128282938	1003.76	60.62060546875	0.3096616	0.00022161428571428567	0.0007387142857142857	8.629249811172485	18643.00204706192
1830	1106.8922949966152	1008.51	60.65283203125	0.30929208	0.00022157142857142853	0.0007385714285714286	14.124109506607056	18657.126686811447
1831	1092.8246537410737	994.41	59.65283203125	0.30869833	0.00022152857142857142	0.0007384285714285714	14.130991458892822	18671.26003718376
1832	1101.9181955882093	1013.3	60.144287109375	0.30833748	0.00022148571428571423	0.0007382857142857142	14.360166788101196	18685.622794151306
1833	1066.578310249303	983.04	59.402587890625	0.3077788	0.00022144285714285715	0.0007381428571428572	14.137812852859497	18699.762521982193
1834	1119.9604886233221	1018.38	60.410888671875	0.3073188	0.0002214	0.000738	13.75910210609436	18713.525717496872
1835	1106.0961239741573	999.78	59.41845703125	0.30700102	0.00022135714285714285	0.0007378571428571429	14.043261289596558	18727.570308446884
1836	1097.5949350903024	1005.33	60.17529296875	0.3065479	0.00022131428571428572	0.0007377142857142858	14.71946406364441	18742.29030609131
1837	1083.4295739900583	985.27	60.559326171875	0.30599594	0.00022127142857142855	0.0007375714285714286	13.923645496368408	18756.215754270554
1838	1103.7277108828912	1001.35	60.3173828125	0.3055637	0.00022122857142857142	0.0007374285714285715	13.566131830215454	18769.784452438354
1839	1092.9044682738943	996.93	57.598876953125	0.30523714	0.00022118571428571428	0.0007372857142857143	12.67440938949585	18782.460683107376
1840	1101.1781151203097	997.27	60.671630859375	0.30477363	0.00022114285714285712	0.0007371428571428571	14.235994338989258	18796.6972284317
1841	1108.7626653410332	1008.5	59.90625	0.3044546	0.00022109999999999998	0.000737	12.897925615310669	18809.596097946167
1842	1107.9899251912982	1001.97	60.414306640625	0.304007	0.00022105714285714284	0.0007368571428571429	14.043781042098999	18823.640733242035
1843	1103.695520140397	1007.84	60.172119140625	0.3037316	0.00022101428571428568	0.0007367142857142856	12.992615461349487	18836.633901119232
1844	1104.1173341215688	1000.78	59.93017578125	0.3034489	0.00022097142857142857	0.0007365714285714287	13.55845046043396	18850.194246053696
1845	1092.736359640215	991.6	59.6884765625	0.3033136	0.0002209285714285714	0.0007364285714285715	15.394558906555176	18865.590594768524
1846	1115.488745681618	1013.77	60.195068359375	0.30325234	0.00022088571428571425	0.0007362857142857143	8.71334719657898	18874.306576490402
1847	1101.5074381276029	1002.29	60.705810546875	0.30321613	0.00022084285714285714	0.0007361428571428572	8.597821712493896	18882.904520750046
1848	1091.6261005351425	993.95	60.72119140625	0.30317813	0.00022079999999999997	0.000736	8.730963468551636	18891.63740158081
1849	1122.6812311989615	1005.9	60.7197265625	0.30314374	0.00022075714285714284	0.0007358571428571429	8.742101669311523	18900.380128383636
1850	1091.8591080711674	992.35	60.2255859375	0.30303016	0.0002207142857142857	0.0007357142857142858	8.722558736801147	18909.10461950302
1851	1115.3608017920988	1007.85	60.72412109375	0.30299935	0.00022067142857142854	0.0007355714285714285	9.372514486312866	18918.47768163681
1852	1106.608222594382	1004.73	60.744873046875	0.3029699	0.0002206285714285714	0.0007354285714285714	8.547788143157959	18927.026740312576
1853	1092.0910026878514	1003.91	60.73876953125	0.30293617	0.00022058571428571427	0.0007352857142857144	8.53067946434021	18935.557646751404
1854	1085.8916089231689	1006.35	60.760498046875	0.30289844	0.0002205428571428571	0.0007351428571428571	11.3757905960083	18946.93404483795
1855	1087.0499870903475	1000.79	60.518798828125	0.30241188	0.00022049999999999997	0.000735	15.915552854537964	18962.85208916664
1856	1089.7074866579273	1012.37	60.2763671875	0.30214885	0.00022045714285714286	0.0007348571428571429	14.291134119033813	18977.143957853317
1857	1100.6773604023967	1008.46	60.0341796875	0.30154404	0.00022041428571428567	0.0007347142857142857	14.013025045394897	18991.158465862274
1858	1123.4631013200014	1015.79	60.291748046875	0.30152023	0.00022037142857142858	0.0007345714285714286	8.715670347213745	18999.876148939133
1859	1106.4759228648272	1012.72	60.307373046875	0.30150136	0.00022032857142857142	0.0007344285714285714	9.098289012908936	19008.975267648697
1860	1101.735478967774	989.59	60.3076171875	0.30147892	0.00022028571428571423	0.0007342857142857142	8.527710437774658	19017.503593683243
1861	1123.0199647461905	1001.76	60.560302734375	0.30145523	0.00022024285714285715	0.0007341428571428573	8.546595811843872	19026.052581310272
1862	1120.7802658773453	1007.83	60.82470703125	0.3014328	0.00022019999999999999	0.000734	8.613576412200928	19034.666801214218
1863	1127.4530775822013	1016.93	60.332275390625	0.30141118	0.00022015714285714285	0.0007338571428571429	8.727011680603027	19043.39525794983
1864	1092.5217972569421	985.47	60.82666015625	0.30138838	0.0002201142857142857	0.0007337142857142858	8.530008792877197	19051.925879001617
1865	1127.120012662151	1012.83	60.105712890625	0.3013649	0.00022007142857142855	0.0007335714285714286	8.52982211112976	19060.45795893669
1866	1132.5487858802078	1012.8	60.356689453125	0.30089793	0.00022002857142857141	0.0007334285714285714	13.602982521057129	19074.061208724976
1867	1082.773432422657	983.14	59.850341796875	0.3004137	0.00021998571428571428	0.0007332857142857143	13.86288857460022	19087.926929712296
1868	1132.6106068520198	1020.34	59.631591796875	0.30038378	0.00021994285714285711	0.0007331428571428571	9.401210069656372	19097.328877687454
1869	1122.8044694048037	1011.48	60.8779296875	0.30035907	0.00021989999999999998	0.000733	8.882150411605835	19106.211595773697
1870	1129.4866548752393	1012.96	60.87744140625	0.300325	0.00021985714285714284	0.0007328571428571428	8.550978660583496	19114.764213085175
1871	1115.958811491703	989.71	60.643310546875	0.30029622	0.00021981428571428568	0.0007327142857142857	8.604283094406128	19123.36910510063
1872	1133.9365307577143	1019.04	60.88720703125	0.30026504	0.00021977142857142857	0.0007325714285714287	8.740127086639404	19132.110928297043
1873	1134.0611682449492	1013.97	60.9091796875	0.3002346	0.0002197285714285714	0.0007324285714285715	8.53761911392212	19140.64918255806
1874	1148.9937034005009	1020.28	60.9169921875	0.30019808	0.00021968571428571424	0.0007322857142857142	8.526137351989746	19149.177963495255
1875	1125.5251631073688	1006.36	60.675048828125	0.2997193	0.00021964285714285713	0.0007321428571428572	15.358454942703247	19164.537111520767
1876	1129.4035433430474	994.44	59.931396484375	0.29915437	0.00021959999999999997	0.000732	13.677034854888916	19178.216533899307
1877	1114.9893190573118	993.48	60.690673828125	0.29846802	0.00021955714285714283	0.0007318571428571429	13.892248153686523	19192.109582185745
1878	1153.8357875597294	1024.0	60.19873046875	0.29811466	0.0002195142857142857	0.0007317142857142857	12.644046545028687	19204.75568008423
1879	1140.2716331312572	1017.51	60.45751953125	0.298074	0.00021947142857142854	0.0007315714285714285	8.746908187866211	19213.504861831665
1880	1133.3820415036716	1012.2	60.951416015625	0.29804912	0.0002194285714285714	0.0007314285714285715	8.788634300231934	19222.29427742958
1881	1142.7564044926194	1014.45	60.973388671875	0.29801998	0.00021938571428571426	0.0007312857142857144	8.627514600753784	19230.922425985336
1882	1107.0915161101232	992.51	60.9814453125	0.29799291	0.0002193428571428571	0.0007311428571428571	8.539063692092896	19239.46202135086
1883	1105.5632576043768	986.38	60.725341796875	0.29772756	0.00021929999999999996	0.000731	9.353537797927856	19248.817559719086
1884	1122.4714549880857	1004.78	60.246337890625	0.29732794	0.00021925714285714285	0.0007308571428571429	12.69442081451416	19261.51265025139
1885	1149.4507366488954	1016.29	60.254638671875	0.29712775	0.00021921428571428566	0.0007307142857142857	14.28964114189148	19275.80416727066
1886	1134.9924893751884	1009.07	60.512451171875	0.29683253	0.00021917142857142858	0.0007305714285714286	13.514907836914062	19289.31990337372
1887	1159.6245534824861	1021.67	60.531982421875	0.29645512	0.00021912857142857142	0.0007304285714285714	14.146116018295288	19303.467422246933
1888	1130.4067326772722	1015.25	60.0283203125	0.2960097	0.00021908571428571423	0.0007302857142857142	13.51357388496399	19316.981547117233
1889	1155.6511996702432	1019.95	61.02978515625	0.29555628	0.00021904285714285715	0.0007301428571428573	12.624579191207886	19329.607231378555
1890	1151.0746235069946	1023.03	61.04443359375	0.29525015	0.00021899999999999998	0.00073	14.533756017684937	19344.142365694046
1891	1100.2408042502464	975.09	60.543701171875	0.29498678	0.00021895714285714285	0.0007298571428571429	14.217428207397461	19358.360649108887
1892	1149.753258779585	1024.0	60.808349609375	0.29495388	0.0002189142857142857	0.0007297142857142858	9.362372398376465	19367.723593473434
1893	1141.4140289246031	1006.3	60.81591796875	0.2942966	0.00021887142857142855	0.0007295714285714286	12.850361108779907	19380.57566857338
1894	1144.5588713628626	1014.55	60.82421875	0.2940889	0.0002188285714285714	0.0007294285714285714	13.39122748374939	19393.968602895737
1895	1131.9876710635644	1000.77	60.57177734375	0.29407722	0.00021878571428571428	0.0007292857142857143	8.932739734649658	19402.90346813202
1896	1107.306102565538	990.97	58.048828125	0.29406548	0.0002187428571428571	0.0007291428571428571	8.560644626617432	19411.46466612816
1897	1136.640679015852	1014.85	61.008056640625	0.29404977	0.00021869999999999998	0.000729	8.528368473052979	19419.994924783707
1898	1136.4272873118434	1014.93	60.817626953125	0.29402742	0.00021865714285714284	0.0007288571428571429	9.105719566345215	19429.101296186447
1899	1165.1541225274564	1024.0	61.361083984375	0.29401198	0.00021861428571428568	0.0007287142857142857	8.525940179824829	19437.629401922226
1900	1114.0453260836139	1002.64	60.854248046875	0.2939988	0.00021857142857142857	0.0007285714285714287	8.551337003707886	19446.18140411377
1901	1099.6673805984067	984.62	60.380859375	0.293527	0.0002185285714285714	0.0007284285714285715	13.904176235198975	19460.087465286255
1902	1137.5331437330676	1009.06	60.1484375	0.29332194	0.00021848571428571424	0.0007282857142857142	13.582099199295044	19473.671332597733
1903	1144.6284184913309	1014.31	60.401123046875	0.29296935	0.00021844285714285713	0.0007281428571428572	12.566992044448853	19486.238854646683
1904	1154.1911479633923	1020.1	59.16845703125	0.2925871	0.00021839999999999997	0.000728	13.083582878112793	19499.324629306793
1905	1128.4426553227793	1001.12	60.1708984375	0.29215607	0.00021835714285714283	0.0007278571428571428	12.864437103271484	19512.19074487686
1906	1121.781188484914	1003.31	60.4306640625	0.29197225	0.0002183142857142857	0.0007277142857142857	14.893516302108765	19527.086315870285
1907	1128.406965466812	1009.89	60.929931640625	0.2916568	0.00021827142857142853	0.0007275714285714286	12.867605209350586	19539.954505443573
1908	1130.085966891314	1009.5	60.693359375	0.29147804	0.0002182285714285714	0.0007274285714285715	13.667617797851562	19553.62509727478
1909	1148.9102115125775	1012.42	60.710205078125	0.29119134	0.0002181857142857143	0.0007272857142857143	13.095065355300903	19566.72204732895
1910	1113.6669504218935	995.73	60.7197265625	0.29077742	0.0002181428571428571	0.0007271428571428571	13.90820598602295	19580.630785226822
1911	1134.6548599527614	999.34	60.729736328125	0.29044387	0.00021809999999999996	0.000727	13.051297903060913	19593.683217048645
1912	1146.5565534162497	1012.41	60.73974609375	0.28999013	0.00021805714285714285	0.0007268571428571429	13.497302770614624	19607.181153059006
1913	1162.4844814123041	1019.14	61.0009765625	0.28978828	0.00021801428571428566	0.0007267142857142856	12.8057119846344	19619.988709449768
1914	1116.2609701081292	992.0	60.75927734375	0.28930432	0.00021797142857142858	0.0007265714285714286	13.238045930862427	19633.227377653122
1915	1151.5320504492022	1024.0	60.7646484375	0.28924352	0.00021792857142857142	0.0007264285714285714	8.95546817779541	19642.184804201126
1916	1130.7910571176878	998.45	61.2783203125	0.2892141	0.00021788571428571428	0.0007262857142857144	8.497480630874634	19650.682897806168
1917	1145.4359168759165	1010.12	60.783447265625	0.2891861	0.00021784285714285714	0.0007261428571428572	8.542229652404785	19659.225757598877
1918	1140.5862968307297	1010.62	61.04833984375	0.2891588	0.00021779999999999998	0.000726	9.128362894058228	19668.354667663574
1919	1140.0156202030694	1003.5	61.55810546875	0.28913212	0.00021775714285714285	0.0007258571428571429	8.560310363769531	19676.917125701904
1920	1152.8365592700713	1015.58	61.303955078125	0.2891033	0.0002177142857142857	0.0007257142857142858	8.516264200210571	19685.434111118317
1921	1155.343295910614	1015.71	60.32763671875	0.288946	0.00021767142857142855	0.0007255714285714285	13.506178140640259	19698.94233059883
1922	1144.8267072969124	1001.34	60.111083984375	0.28831005	0.0002176285714285714	0.0007254285714285714	14.74038028717041	19713.683335781097
1923	1155.6690452103185	1008.79	60.84716796875	0.2880747	0.00021758571428571427	0.0007252857142857143	14.955997467041016	19728.640874624252
1924	1159.449744253365	1018.02	60.607177734375	0.28794882	0.0002175428571428571	0.0007251428571428571	13.569010257720947	19742.211375951767
1925	1182.699210607638	1024.0	60.866943359375	0.28762165	0.00021749999999999997	0.000725	12.421128511428833	19754.63428092003
1926	1130.1842673274593	993.94	60.38427734375	0.28725448	0.00021745714285714284	0.0007248571428571429	14.049437046051025	19768.684263944626
1927	1166.9801652622152	1022.19	61.6279296875	0.2871841	0.00021741428571428567	0.0007247142857142857	8.681388854980469	19777.367394685745
1928	1129.9769730581636	1000.94	60.896484375	0.28691342	0.00021737142857142857	0.0007245714285714287	14.636621952056885	19792.004754543304
1929	1180.4776125746112	1021.17	60.405517578125	0.2866343	0.0002173285714285714	0.0007244285714285714	12.967434883117676	19804.97282600403
1930	1133.7815961806086	998.33	60.66748046875	0.28661323	0.00021728571428571427	0.0007242857142857143	8.624634265899658	19813.599578142166
1931	1142.4611447647499	1010.36	60.426025390625	0.28635168	0.00021724285714285713	0.0007241428571428572	14.183130741119385	19827.783326148987
1932	1150.6351485247476	1002.91	60.93359375	0.28583905	0.00021719999999999997	0.000724	12.680265426635742	19840.46645092964
1933	1146.0940624942782	998.89	60.946533203125	0.28551874	0.00021715714285714283	0.0007238571428571428	13.574702501296997	19854.042523622513
1934	1164.8059496134897	1011.5	61.456298828125	0.2855278	0.0002171142857142857	0.0007237142857142858	8.66282057762146	19862.707481861115
1935	1142.9012803001785	1014.95	60.96435546875	0.28498712	0.00021707142857142853	0.0007235714285714286	14.476069211959839	19877.184216976166
1936	1142.616378106075	1004.13	60.961181640625	0.28495637	0.0002170285714285714	0.0007234285714285715	8.705551385879517	19885.89195752144
1937	1152.7577120068495	1001.45	61.48583984375	0.28494385	0.00021698571428571429	0.0007232857142857143	8.519052505493164	19894.411575317383
1938	1168.707680621092	1021.05	61.493896484375	0.28492346	0.0002169428571428571	0.0007231428571428571	8.744454383850098	19903.15780568123
1939	1170.111488478161	1009.89	61.75244140625	0.28490508	0.0002169	0.000723	8.723220825195312	19911.881629943848
1940	1155.1171492310427	1012.84	61.513916015625	0.28488278	0.00021685714285714285	0.0007228571428571429	8.655937194824219	19920.538203001022
1941	1143.5780327930465	998.86	61.772216796875	0.2848595	0.0002168142857142857	0.0007227142857142856	8.552388191223145	19929.09261751175
1942	1102.3663859073108	966.53	61.033447265625	0.28460222	0.00021677142857142858	0.0007225714285714286	9.458257675170898	19938.551480531693
1943	1171.671708303273	1014.47	60.793212890625	0.28429005	0.00021672857142857141	0.0007224285714285715	13.941955089569092	19952.494010925293
1944	1155.2532969246602	1010.82	60.80322265625	0.28405783	0.00021668571428571428	0.0007222857142857144	14.724472761154175	19967.220168828964
1945	1115.5129014923205	971.95	61.31298828125	0.28339636	0.00021664285714285714	0.0007221428571428572	12.674771070480347	19979.89646267891
1946	1154.8065823108295	1003.44	61.059814453125	0.28303084	0.00021659999999999998	0.000722	12.320378541946411	19992.21907877922
1947	1144.3285802676285	988.96	61.083740234375	0.28250423	0.00021655714285714284	0.0007218571428571429	9.664764642715454	20001.885568857193
1948	1159.7603234253145	1006.53	61.84326171875	0.28248456	0.0002165142857142857	0.0007217142857142858	8.630084753036499	20010.515777111053
1949	1132.4598077804221	983.34	61.598388671875	0.28246814	0.00021647142857142854	0.0007215714285714285	8.507707595825195	20019.02533721924
1950	1157.2233810278785	1014.9	61.11328125	0.28234506	0.0002164285714285714	0.0007214285714285714	9.268200159072876	20028.294224500656
1951	1123.1656674529374	983.12	61.859130859375	0.2823011	0.00021638571428571427	0.0007212857142857143	8.515470743179321	20036.811547517776
1952	1135.9409449285724	994.3	61.88232421875	0.28225318	0.0002163428571428571	0.0007211428571428572	8.5266432762146	20045.33881688118
1953	1180.7042932430368	1018.89	61.640869140625	0.2822055	0.00021629999999999997	0.000721	8.518577098846436	20053.859488487244
1954	1149.0366653694855	1011.42	58.609130859375	0.2821644	0.00021625714285714284	0.0007208571428571429	8.699115991592407	20062.55924320221
1955	1142.9040757970988	995.62	60.908935546875	0.28189233	0.00021621428571428567	0.0007207142857142857	13.282307863235474	20075.842187166214
1956	1118.639034250319	990.8	60.671875	0.28153324	0.00021617142857142856	0.0007205714285714287	14.765015363693237	20090.60890340805
1957	1161.9499915739514	1010.48	60.431884765625	0.28128314	0.0002161285714285714	0.0007204285714285714	13.537971258163452	20104.147686719894
1958	1121.469678653404	996.2	61.19140625	0.28084376	0.00021608571428571426	0.0007202857142857143	14.435693979263306	20118.583933591843
1959	1162.6635794715555	1013.17	62.201416015625	0.2803826	0.00021604285714285713	0.0007201428571428572	13.303010702133179	20131.887771368027
1960	1144.1936342409813	1010.79	60.96142578125	0.2799854	0.00021599999999999996	0.0007199999999999999	14.870802164077759	20146.759118318558
1961	1164.9674769490334	1002.56	60.9697265625	0.27984765	0.00021595714285714283	0.0007198571428571429	12.973324298858643	20159.734008073807
1962	1136.753465382167	990.41	61.216552734375	0.27978018	0.00021591428571428572	0.0007197142857142858	12.432676315307617	20172.168350934982
1963	1148.3921357542333	999.45	60.74072265625	0.2792943	0.00021587142857142853	0.0007195714285714286	13.684510707855225	20185.854249477386
1964	1141.6741873904582	1002.38	61.50048828125	0.27900523	0.0002158285714285714	0.0007194285714285714	15.566954135894775	20201.422073841095
1965	1164.100727637536	1013.7	61.1572265625	0.27838764	0.00021578571428571428	0.0007192857142857143	9.593018770217896	20211.017476797104
1966	1133.2806699754833	981.04	61.906982421875	0.27834824	0.0002157428571428571	0.0007191428571428571	8.521904945373535	20219.53997850418
1967	1165.2667973692448	1001.96	61.645263671875	0.27830395	0.00021569999999999998	0.000719	8.51842999458313	20228.06058549881
1968	1145.6050499306696	994.85	60.90771484375	0.27816507	0.00021565714285714285	0.0007188571428571428	14.521705389022827	20242.582909345627
1969	1175.1310576098788	1012.36	61.16552734375	0.27784684	0.00021561428571428569	0.0007187142857142856	13.455006122589111	20256.03916478157
1970	1183.8228706705472	1018.42	61.42333984375	0.27778777	0.00021557142857142858	0.0007185714285714287	8.738861560821533	20264.778572320938
1971	1182.260451591657	1024.0	62.41748046875	0.2777614	0.0002155285714285714	0.0007184285714285715	8.642374515533447	20273.422793865204
1972	1185.4807474949582	1016.07	61.688720703125	0.27773538	0.00021548571428571428	0.0007182857142857143	8.510300636291504	20281.93363070488
1973	1175.1063767014127	1001.55	61.93359375	0.2777092	0.00021544285714285714	0.0007181428571428572	8.768827438354492	20290.704419136047
1974	1157.395731113173	992.93	61.704345703125	0.2776806	0.00021539999999999998	0.000718	9.165944814682007	20299.870983839035
1975	1190.1306880420475	1009.57	60.99755859375	0.27755132	0.00021535714285714284	0.0007178571428571429	9.04476284980774	20308.918767929077
1976	1186.8075325222014	1024.0	61.72021484375	0.27751163	0.0002153142857142857	0.0007177142857142857	8.55337405204773	20317.47269678116
1977	1163.555819004195	1007.1	62.22802734375	0.27747405	0.00021527142857142854	0.0007175714285714285	9.28271222114563	20326.75741147995
1978	1188.4989572282714	1021.97	61.984375	0.27743843	0.0002152285714285714	0.0007174285714285714	8.68888807296753	20335.446887731552
1979	1158.9993967902437	1006.18	61.9951171875	0.27740118	0.00021518571428571427	0.0007172857142857144	8.541844129562378	20343.98939871788
1980	1156.852077777216	1009.27	61.5029296875	0.27708772	0.0002151428571428571	0.0007171428571428571	13.592225074768066	20357.583951950073
1981	1172.7607949618177	1020.17	61.5107421875	0.2768319	0.0002151	0.0007170000000000001	12.62161660194397	20370.20694732666
1982	1140.7531970615687	979.56	61.76708984375	0.27654853	0.00021505714285714283	0.0007168571428571429	13.371367692947388	20383.578950166702
1983	1171.115322788114	1011.67	62.023193359375	0.27621472	0.00021501428571428567	0.0007167142857142857	12.508777856826782	20396.088953495026
1984	1169.8399194988037	1024.0	61.03271484375	0.27595893	0.00021497142857142856	0.0007165714285714286	11.703506708145142	20407.79305577278
1985	1178.9016230101533	1020.34	61.040771484375	0.2755658	0.0002149285714285714	0.0007164285714285714	13.057268619537354	20420.852519989014
1986	1159.1093981598488	1006.54	61.298583984375	0.27528492	0.00021488571428571426	0.0007162857142857143	13.452858448028564	20434.306886196136
1987	1167.2747665726174	1022.31	61.5546875	0.27485922	0.00021484285714285713	0.0007161428571428572	14.173721551895142	20448.482246637344
1988	1187.6815391767607	1022.27	61.564453125	0.27457598	0.00021479999999999996	0.000716	9.026617050170898	20457.510303735733
1989	1151.4838302576618	1004.85	61.822265625	0.27453983	0.00021475714285714283	0.0007158571428571429	8.540592432022095	20466.051436185837
1990	1175.6255768654232	1012.97	61.829833984375	0.27450335	0.00021471428571428572	0.0007157142857142858	8.56148099899292	20474.61361002922
1991	1114.5319839033357	962.51	62.088134765625	0.27447283	0.00021467142857142853	0.0007155714285714286	8.747691869735718	20483.36353802681
1992	1162.4764996821252	997.55	62.103759765625	0.27443883	0.00021462857142857142	0.0007154285714285714	8.541165113449097	20491.905319452286
1993	1168.5566000688189	1000.63	62.104248046875	0.27440497	0.00021458571428571428	0.0007152857142857143	8.508523225784302	20500.4157269001
1994	1177.6221984403592	1016.5	61.86181640625	0.27442613	0.00021454285714285712	0.0007151428571428571	12.976934432983398	20513.39332342148
1995	1167.4756796694544	999.99	60.61572265625	0.2740221	0.0002145	0.0007150000000000001	12.723963260650635	20526.11953639984
1996	1161.9164912486094	1004.89	61.378662109375	0.2738422	0.00021445714285714285	0.0007148571428571428	13.322948932647705	20539.443908691406
1997	1176.6629201689734	1014.68	61.63623046875	0.27358627	0.00021441428571428568	0.0007147142857142856	12.786535024642944	20552.232913970947
1998	1194.9475971259685	1024.0	61.64404296875	0.27329835	0.00021437142857142857	0.0007145714285714287	11.733585119247437	20563.96712732315
1999	1190.077320181642	1011.49	61.675537109375	0.27301896	0.0002143285714285714	0.0007144285714285715	12.17416787147522	20576.143712043762
2000	1193.315175639655	1024.0	61.175537109375	0.27278462	0.00021428571428571427	0.0007142857142857143	12.994250774383545	20589.140352249146
2001	1177.5077436828815	1006.35	61.66943359375	0.27247363	0.00021424285714285714	0.0007141428571428572	12.854266881942749	20601.99515724182
2002	1186.3127727574024	1020.28	61.67578125	0.27190033	0.00021419999999999998	0.000714	12.976707696914673	20614.972972631454
2003	1192.5129266803795	1024.0	61.93408203125	0.27176866	0.00021415714285714284	0.0007138571428571429	8.852835893630981	20623.827697515488
2004	1138.1772677502395	985.36	61.941650390625	0.27174097	0.0002141142857142857	0.0007137142857142857	8.797323226928711	20632.625595092773
2005	1184.2961734442822	1017.7	61.949462890625	0.2717163	0.00021407142857142854	0.0007135714285714285	8.491198539733887	20641.117447137833
2006	1182.0057243500812	1018.25	62.455322265625	0.2716922	0.0002140285714285714	0.0007134285714285715	8.748416185379028	20649.867929458618
2007	1161.6908171525063	1012.14	62.211669921875	0.2716644	0.00021398571428571427	0.0007132857142857144	9.133137702941895	20659.00168299675
2008	1162.8576154412747	1018.44	61.47119140625	0.27152267	0.0002139428571428571	0.0007131428571428571	14.584326267242432	20673.587683916092
2009	1186.9052500960315	1020.13	61.479248046875	0.27130786	0.0002139	0.0007130000000000001	13.182351350784302	20686.770564556122
2010	1155.2076006160087	1001.27	62.7373046875	0.27091074	0.00021385714285714283	0.0007128571428571429	12.783551454544067	20699.555002212524
2011	1178.2950574661365	1016.24	59.202392578125	0.27067712	0.00021381428571428567	0.0007127142857142856	13.05058240890503	20712.606820821762
2012	1163.1147683930599	1009.5	61.74951171875	0.27046952	0.00021377142857142856	0.0007125714285714286	12.580562353134155	20725.187931537628
2013	1178.8236403722817	1021.75	62.00048828125	0.2702235	0.0002137285714285714	0.0007124285714285714	12.44535207748413	20737.634231090546
2014	1172.4171208377559	1014.52	62.2685546875	0.2701369	0.00021368571428571426	0.0007122857142857143	9.401472091674805	20747.037002801895
2015	1195.4246434472618	1016.74	61.7763671875	0.26980218	0.00021364285714285715	0.0007121428571428572	12.828532695770264	20759.865749120712
2016	1176.4852610453372	1013.19	61.534423828125	0.26972282	0.00021359999999999996	0.000712	13.26846981048584	20773.136040210724
2017	1170.726925072309	1004.39	61.29150390625	0.26945356	0.00021355714285714282	0.0007118571428571429	11.89102840423584	20785.02778816223
2018	1173.3850729808132	1017.39	61.791015625	0.26939797	0.00021351428571428572	0.0007117142857142858	8.765929698944092	20793.795256614685
2019	1171.4258109238117	1006.14	62.55908203125	0.26937005	0.00021347142857142853	0.0007115714285714285	8.729555130004883	20802.525381326675
2020	1189.3841999624133	1023.98	62.552978515625	0.2693453	0.00021342857142857142	0.0007114285714285714	8.698760986328125	20811.22508907318
2021	1150.7553346868722	998.39	62.07470703125	0.26931736	0.00021338571428571428	0.0007112857142857143	8.587183237075806	20819.812937498093
2022	1161.3140051288965	1007.76	62.330810546875	0.2692947	0.00021334285714285712	0.0007111428571428571	8.558460712432861	20828.373435020447
2023	1149.6955482557005	998.24	61.897705078125	0.26901224	0.0002133	0.000711	13.410801649093628	20841.784862995148
2024	1181.5041375533028	1012.08	61.656005859375	0.26869598	0.00021325714285714284	0.0007108571428571429	12.691288948059082	20854.47792506218
2025	1156.791813133248	994.61	61.105712890625	0.2683346	0.00021321428571428568	0.0007107142857142857	13.30907940864563	20867.788774967194
2026	1158.8446648501626	1000.79	61.3857421875	0.26823196	0.00021317142857142857	0.0007105714285714287	12.680336952209473	20880.475445508957
2027	1176.5946506191344	1016.2	61.895263671875	0.26774016	0.0002131285714285714	0.0007104285714285714	11.974048614501953	20892.45227432251
2028	1184.0759610144169	1016.76	61.63134765625	0.26742026	0.00021308571428571427	0.0007102857142857143	9.17353630065918	20901.62634253502
2029	1145.4336407545102	984.69	62.276123046875	0.26737604	0.00021304285714285714	0.0007101428571428572	8.908868074417114	20910.537055253983
2030	1189.605258434825	1016.75	62.506591796875	0.26733968	0.00021299999999999997	0.00071	8.542182207107544	20919.079872131348
2031	1179.7154182120792	1016.25	62.528076171875	0.2673021	0.00021295714285714284	0.0007098571428571428	9.101118326187134	20928.18321275711
2032	1163.4671543577588	991.75	62.535888671875	0.2672622	0.0002129142857142857	0.0007097142857142857	8.578582286834717	20936.762448072433
2033	1156.6514932549294	996.56	62.0439453125	0.2669039	0.00021287142857142854	0.0007095714285714285	11.957895994186401	20948.721044540405
2034	1171.141193516348	1008.75	61.8017578125	0.26664832	0.0002128285714285714	0.0007094285714285715	13.23912239074707	20961.962079286575
2035	1189.3474875063964	1015.79	61.558349609375	0.2668407	0.00021278571428571427	0.0007092857142857143	11.792454957962036	20973.758271217346
2036	1163.3810114729422	995.91	61.8154296875	0.26661357	0.0002127428571428571	0.0007091428571428571	13.822619438171387	20987.582896232605
2037	1163.4467143649283	997.89	61.824951171875	0.2662029	0.0002127	0.0007090000000000001	12.269351959228516	20999.854324817657
2038	1183.9276464713441	1016.06	61.868408203125	0.26610366	0.00021265714285714283	0.0007088571428571429	12.45596957206726	21012.31188774109
2039	1165.3451130299438	1013.33	61.8642578125	0.2659803	0.0002126142857142857	0.0007087142857142857	12.284157276153564	21024.598855495453
2040	1190.941972887877	1014.36	61.861328125	0.26579612	0.00021257142857142856	0.0007085714285714286	12.483270645141602	21037.08268237114
2041	1162.368088946304	1002.55	61.880859375	0.26555505	0.0002125285714285714	0.0007084285714285714	13.268248081207275	21050.353142261505
2042	1174.2833485351825	1009.42	62.1142578125	0.2655123	0.00021248571428571426	0.0007082857142857144	8.8503737449646	21059.20406317711
2043	1146.7523406866646	989.46	62.872314453125	0.26548395	0.00021244285714285715	0.0007081428571428572	8.549499750137329	21067.755778312683
2044	1152.135754045042	998.71	62.88037109375	0.2654536	0.00021239999999999996	0.000708	9.121291637420654	21076.877799272537
2045	1171.2538599237391	1014.35	62.63818359375	0.2654217	0.00021235714285714285	0.0007078571428571429	8.528035640716553	21085.40794467926
2046	1141.939702735207	989.42	62.897705078125	0.2653928	0.0002123142857142857	0.0007077142857142858	8.66178560256958	21094.0704331398
2047	1119.1870869351967	982.08	61.667724609375	0.2650754	0.00021227142857142855	0.0007075714285714285	13.751584529876709	21107.824137210846
2048	1159.602363759098	1008.21	61.66357421875	0.264757	0.00021222857142857141	0.0007074285714285714	12.18742847442627	21120.013585805893
2049	1155.365008464275	997.47	61.921630859375	0.26455042	0.00021218571428571428	0.0007072857142857143	12.602156639099121	21132.617348909378
2050	1158.3470906392436	998.09	62.193115234375	0.264229	0.00021214285714285711	0.0007071428571428571	11.38393235206604	21144.00444507599
2051	1148.09604579392	981.48	62.209228515625	0.26391461	0.0002121	0.0007070000000000001	13.408034563064575	21157.41302204132
2052	1174.1340637115893	1016.39	62.192626953125	0.26353112	0.00021205714285714284	0.0007068571428571429	12.74609923362732	21170.1616024971
2053	1143.482878336154	990.71	62.4521484375	0.2630813	0.0002120142857142857	0.0007067142857142858	12.17337942123413	21182.337159872055
2054	1147.95002445712	994.91	61.7099609375	0.26311526	0.00021197142857142857	0.0007065714285714287	13.619955062866211	21195.957808494568
2055	1181.9629647676425	1009.55	62.468017578125	0.26305285	0.0002119285714285714	0.0007064285714285714	12.144407033920288	21208.10451388359
2056	1171.6287963353448	1010.77	62.2255859375	0.26309988	0.00021188571428571427	0.0007062857142857143	10.83409833908081	21218.93930888176
2057	1157.8840320398492	997.93	61.98388671875	0.26284763	0.00021184285714285713	0.0007061428571428572	12.922901391983032	21231.862763404846
2058	1172.7157054551756	1016.17	62.241943359375	0.26275048	0.00021179999999999997	0.0007059999999999999	12.712120294570923	21244.576682567596
2059	1145.7230826082307	983.47	62.999755859375	0.2627574	0.00021175714285714283	0.0007058571428571428	8.851500749588013	21253.431082963943
2060	1173.4372489941236	1010.83	63.007568359375	0.26275012	0.0002117142857142857	0.0007057142857142858	8.682554244995117	21262.11429452896
2061	1173.709299359281	1005.28	63.01611328125	0.26274106	0.00021167142857142854	0.0007055714285714286	8.67844295501709	21270.795510053635
2062	1169.9321392371855	1016.16	62.280517578125	0.2627304	0.0002116285714285714	0.0007054285714285714	8.529977321624756	21279.32609152794
2063	1173.4508667226019	1018.14	63.531982421875	0.26271972	0.00021158571428571426	0.0007052857142857143	9.2067711353302	21288.53352189064
2064	1158.596605246637	1004.39	63.039794921875	0.26270494	0.0002115428571428571	0.0007051428571428571	8.516650676727295	21297.051610469818
2065	1128.7753727157108	991.64	62.0703125	0.2623339	0.0002115	0.0007050000000000001	11.691665172576904	21308.7439994812
2066	1126.5348004680468	980.04	61.821044921875	0.2618832	0.00021145714285714283	0.0007048571428571428	11.571401596069336	21320.316004037857
2067	1144.59657998088	997.11	62.3134765625	0.26178548	0.0002114142857142857	0.0007047142857142857	11.852567195892334	21332.17074227333
2068	1149.4884019695874	1010.06	59.78076171875	0.26126996	0.00021137142857142858	0.0007045714285714286	11.21880054473877	21343.390149593353
2069	1144.7119240492984	990.27	60.8232421875	0.26084432	0.0002113285714285714	0.0007044285714285715	10.996723413467407	21354.389375448227
2070	1163.5669206875102	1008.36	62.3251953125	0.26060948	0.00021128571428571426	0.0007042857142857143	11.495566368103027	21365.88551235199
2071	1164.321170059401	1011.28	62.5810546875	0.26045302	0.00021124285714285715	0.0007041428571428572	15.655755281448364	21381.542851924896
2072	1178.1830980539576	1008.6	62.1123046875	0.26019326	0.00021119999999999996	0.000704	14.858914613723755	21396.403973579407
2073	1161.5945486781147	1002.18	61.846435546875	0.2599563	0.00021115714285714285	0.0007038571428571429	12.671445369720459	21409.07624077797
2074	1160.0355014234876	991.2	62.6123046875	0.2597904	0.0002111142857142857	0.0007037142857142857	11.785637378692627	21420.864055156708
2075	1181.720872472129	1011.65	62.369140625	0.25941378	0.00021107142857142855	0.0007035714285714285	12.234255075454712	21433.099986553192
2076	1179.082070584288	1012.45	60.885986328125	0.25928843	0.0002110285714285714	0.0007034285714285714	12.742482900619507	21445.84303712845
2077	1169.230162071228	1004.68	62.16015625	0.2591884	0.00021098571428571428	0.0007032857142857143	11.058334112167358	21456.903894901276
2078	1183.1923777927484	1015.37	62.89453125	0.2591857	0.0002109428571428571	0.000703142857142857	10.820923089981079	21467.72501039505
2079	1179.7228316493718	1006.45	62.4033203125	0.25877893	0.0002109	0.0007030000000000001	12.752390623092651	21480.477968215942
2080	1195.7892390077657	1018.47	62.1611328125	0.2584513	0.00021085714285714284	0.0007028571428571429	11.962494611740112	21492.44233417511
2081	1197.457799057292	1016.28	61.919189453125	0.25815508	0.0002108142857142857	0.0007027142857142858	11.255053758621216	21503.699285030365
2082	1183.3978637385212	1001.31	62.67724609375	0.2580267	0.00021077142857142857	0.0007025714285714286	12.762155294418335	21516.46338558197
2083	1201.8400755520568	1013.72	61.192626953125	0.2580529	0.0002107285714285714	0.0007024285714285714	14.012819766998291	21530.47641468048
2084	1160.1010268563193	994.9	62.191650390625	0.25769785	0.00021068571428571427	0.0007022857142857143	12.481574535369873	21542.958513259888
2085	1181.7525333868418	1001.09	62.450927734375	0.25760937	0.00021064285714285713	0.0007021428571428572	12.464927196502686	21555.426237344742
2086	1191.0047792002135	1012.66	62.482177734375	0.25765008	0.00021059999999999997	0.0007019999999999999	9.535923957824707	21564.964180231094
2087	1182.3898163866595	1001.44	63.216552734375	0.25764078	0.00021055714285714283	0.0007018571428571428	8.50889253616333	21573.47361445427
2088	1193.6794884176381	1024.0	63.222412109375	0.25762886	0.0002105142857142857	0.0007017142857142858	8.510406732559204	21581.9846265316
2089	1204.764796329546	1019.79	62.732177734375	0.25736752	0.00021047142857142853	0.0007015714285714286	11.48149299621582	21593.468447208405
2090	1179.7831972500849	1001.21	62.01708984375	0.25715074	0.0002104285714285714	0.0007014285714285714	11.973071813583374	21605.443611383438
2091	1189.7230637730845	1005.34	62.50146484375	0.25708258	0.00021038571428571426	0.0007012857142857143	8.668789148330688	21614.11484336853
2092	1216.4384712720794	1022.89	63.007568359375	0.25705576	0.0002103428571428571	0.0007011428571428571	8.86008358001709	21622.975477218628
2093	1229.7996043063167	1023.07	63.25439453125	0.2570298	0.0002103	0.0007010000000000001	8.706867456436157	21631.684980392456
2094	1178.2882425423727	996.56	63.278076171875	0.25700417	0.00021025714285714283	0.0007008571428571428	8.52695608139038	21640.212550878525
2095	1187.2022560597088	1014.35	63.024169921875	0.25697994	0.0002102142857142857	0.0007007142857142857	9.194588422775269	21649.409138679504
2096	1205.694912345013	1024.0	63.047607421875	0.25695527	0.00021017142857142858	0.0007005714285714287	8.56225323677063	21657.972106695175
2097	1188.2094823305338	1017.56	63.081298828125	0.25692603	0.0002101285714285714	0.0007004285714285715	8.543124914169312	21666.517205953598
2098	1192.8815579425348	1023.49	62.86279296875	0.2565832	0.00021008571428571428	0.0007002857142857143	11.70160460472107	21678.219450235367
2099	1200.4624414221983	1016.23	62.642333984375	0.2563762	0.00021004285714285714	0.0007001428571428572	10.741646528244019	21688.96310544014
2100	1182.7301525408227	1010.33	62.4365234375	0.25637978	0.00020999999999999998	0.0007	11.827492475509644	21700.79246020317
2101	1185.101040423492	1006.31	62.1806640625	0.25625935	0.00020995714285714285	0.0006998571428571429	15.529487371444702	21716.322481632233
2102	1197.1756879381849	1020.11	63.1865234375	0.2562569	0.0002099142857142857	0.0006997142857142857	8.523350238800049	21724.84753727913
2103	1203.1831194045296	1016.97	62.99169921875	0.25603786	0.00020987142857142855	0.0006995714285714285	12.404558181762695	21737.252715826035
2104	1204.4488890402008	1021.43	62.267333984375	0.2557602	0.00020982857142857144	0.0006994285714285715	12.11566972732544	21749.37055325508
2105	1201.8317984290125	1022.3	62.532470703125	0.2556527	0.00020978571428571427	0.0006992857142857144	11.613904476165771	21760.985005378723
2106	1200.5919024403745	1024.0	62.792236328125	0.2555706	0.0002097428571428571	0.000699142857142857	12.472923278808594	21773.461225748062
2107	1195.524960794268	1013.13	62.802734375	0.25541306	0.0002097	0.0006990000000000001	11.401164770126343	21784.864490270615
2108	1200.9992003208952	1011.06	62.810546875	0.2550958	0.00020965714285714284	0.0006988571428571429	11.539464950561523	21796.404519081116
2109	1202.0391049307107	1017.96	62.822021484375	0.2546911	0.0002096142857142857	0.0006987142857142858	11.50491714477539	21807.911770105362
2110	1192.5401543060345	1004.26	63.082763671875	0.25459632	0.00020957142857142857	0.0006985714285714286	10.814733982086182	21818.727256059647
2111	1178.3594646531526	1007.9	62.841064453125	0.25424537	0.0002095285714285714	0.0006984285714285714	12.198687314987183	21830.928436994553
2112	1207.3113787596124	1018.01	62.35205078125	0.2538966	0.00020948571428571427	0.0006982857142857143	11.127678394317627	21842.057607889175
2113	1191.022327051193	996.64	63.362060546875	0.25367716	0.00020944285714285713	0.0006981428571428571	11.22129225730896	21853.280366897583
2114	1208.53663607583	1016.32	62.870849609375	0.25340712	0.00020939999999999997	0.0006979999999999999	10.79713249206543	21864.079597473145
2115	1191.263823259985	1014.32	63.123779296875	0.25300273	0.00020935714285714283	0.0006978571428571429	11.259591102600098	21875.34635782242
2116	1195.438679923048	1014.72	62.64013671875	0.25249514	0.0002093142857142857	0.0006977142857142858	11.264833927154541	21886.611890792847
2117	1209.76979636488	1023.48	63.150146484375	0.25217557	0.00020927142857142853	0.0006975714285714285	10.96533751487732	21897.57780766487
2118	1172.7512202643495	995.78	62.957275390625	0.2519879	0.00020922857142857142	0.0006974285714285715	10.886411666870117	21908.466121435165
2119	1217.6011487956757	1024.0	62.9453125	0.25179026	0.00020918571428571426	0.0006972857142857143	9.43984055519104	21917.90845823288
2120	1196.9990611120948	1015.72	63.679931640625	0.25174665	0.0002091428571428571	0.0006971428571428571	8.548418760299683	21926.457489728928
2121	1196.0810988150222	1012.8	63.6884765625	0.2517037	0.00020910000000000001	0.000697	8.504533767700195	21934.96265888214
2122	1193.200527935736	1010.82	63.6904296875	0.25166205	0.00020905714285714282	0.0006968571428571428	8.512277841567993	21943.47639155388
2123	1207.1530893073123	1009.78	62.756103515625	0.25154725	0.0002090142857142857	0.0006967142857142858	10.616610527038574	21954.093114614487
2124	1194.8236172631312	1007.95	63.21826171875	0.25144988	0.00020897142857142858	0.0006965714285714287	10.975587844848633	21965.071439504623
2125	1212.5764315487475	1018.46	63.97900390625	0.2514651	0.0002089285714285714	0.0006964285714285714	8.746124267578125	21973.81818675995
2126	1223.2143344767896	1024.0	60.433837890625	0.25146082	0.00020888571428571428	0.0006962857142857143	8.717988729476929	21982.537496089935
2127	1214.0276099960045	1022.08	63.722900390625	0.2514548	0.00020884285714285714	0.0006961428571428572	8.667457580566406	21991.205509662628
2128	1209.866746744336	1024.0	63.234619140625	0.25144628	0.00020879999999999998	0.000696	8.5598886013031	21999.766949892044
2129	1201.3656440530583	1020.19	63.74169921875	0.25143746	0.00020875714285714284	0.0006958571428571428	9.730278730392456	22009.497836589813
2130	1194.460711103039	1014.33	63.25537109375	0.2514272	0.0002087142857142857	0.0006957142857142857	8.546512126922607	22018.044872283936
2131	1180.261069769983	1004.78	63.501220703125	0.25141203	0.00020867142857142854	0.0006955714285714285	8.684866428375244	22026.732733249664
2132	1204.0995197955178	1014.1	63.02392578125	0.25138175	0.00020862857142857143	0.0006954285714285716	9.12149429321289	22035.85486960411
2133	1223.0799612590574	1022.56	63.53515625	0.25136268	0.00020858571428571427	0.0006952857142857143	8.58977460861206	22044.447068929672
2134	1202.8913081494215	1014.52	63.533447265625	0.25134405	0.0002085428571428571	0.0006951428571428571	8.559717655181885	22053.007348299026
2135	1221.5584451656212	1024.0	63.804931640625	0.25132757	0.0002085	0.0006950000000000001	8.524969100952148	22061.53486084938
2136	1220.4023917712634	1018.86	62.8125	0.25127825	0.00020845714285714284	0.0006948571428571429	9.861276149749756	22071.39647769928
2137	1207.762664613466	1012.11	63.56494140625	0.2512531	0.0002084142857142857	0.0006947142857142857	8.741769790649414	22080.14005970955
2138	1190.4021664794323	999.48	63.58251953125	0.2512307	0.00020837142857142856	0.0006945714285714286	8.530330181121826	22088.67091870308
2139	1200.5162099218057	1020.28	63.577392578125	0.2512103	0.0002083285714285714	0.0006944285714285714	8.665224075317383	22101.97658085823
2140	1184.0903570636617	1004.82	63.852294921875	0.25118896	0.00020828571428571426	0.0006942857142857143	8.740440130233765	22110.717543125153
2141	1178.4742281509064	999.06	63.850830078125	0.2511656	0.00020824285714285713	0.0006941428571428571	8.518958330154419	22119.23880648613
2142	1164.1209882563044	996.31	62.91650390625	0.2511039	0.00020819999999999996	0.000694	12.048328876495361	22131.287766218185
2143	1192.4274668105643	1014.09	63.644287109375	0.25110534	0.00020815714285714283	0.0006938571428571429	8.538819551467896	22139.830060482025
2144	1171.7586681443995	1001.55	62.91357421875	0.25093076	0.0002081142857142857	0.0006937142857142858	8.936290264129639	22148.76700401306
2145	1182.8308170874268	1011.77	63.9140625	0.25089958	0.00020807142857142853	0.0006935714285714285	9.06049919128418	22157.829194784164
2146	1171.2792852466014	985.96	63.666015625	0.2508666	0.00020802857142857142	0.0006934285714285715	8.54884648323059	22166.378616809845
2147	1182.4842499561144	1014.55	63.431396484375	0.25054023	0.00020798571428571426	0.0006932857142857143	10.514707326889038	22176.89546442032
2148	1188.9612128115116	1011.02	62.953857421875	0.25029773	0.0002079428571428571	0.0006931428571428571	12.814765691757202	22189.710777044296
2149	1135.9350832153489	972.87	62.98828125	0.25001583	0.0002079	0.000693	10.513538122177124	22200.225078582764
2150	1183.9027525946824	997.93	63.960205078125	0.24981673	0.00020785714285714282	0.0006928571428571428	11.450328588485718	22211.675966739655
2151	1185.130158125872	1005.23	63.476318359375	0.24977636	0.0002078142857142857	0.0006927142857142858	10.846704006195068	22222.525238990784
2152	1196.122524358076	1018.0	63.486328125	0.24977927	0.00020777142857142858	0.0006925714285714287	8.738497495651245	22231.264365434647
2153	1176.1453132658985	986.76	63.739013671875	0.24954446	0.0002077285714285714	0.0006924285714285714	11.48101282119751	22242.745945453644
2154	1214.4767598455355	1022.23	63.255615234375	0.24940287	0.00020768571428571428	0.0006922857142857143	9.817766904830933	22252.566631793976
2155	1198.358816297	1015.62	63.53125	0.24938194	0.00020764285714285714	0.0006921428571428572	8.549150705337524	22261.11630678177
2156	1198.3195062162677	1013.28	63.27001953125	0.24935746	0.00020759999999999998	0.000692	8.539377450942993	22269.6568236351
2157	1188.0684045079606	1003.14	63.43212890625	0.24905373	0.00020755714285714284	0.0006918571428571428	11.298983573913574	22280.956334352493
2158	1172.0337841007367	998.5	63.666748046875	0.24880306	0.0002075142857142857	0.0006917142857142857	11.942217588424683	22292.900083065033
2159	1191.9733661164353	1006.24	62.93505859375	0.24874093	0.00020747142857142854	0.0006915714285714285	11.671766519546509	22304.575353384018
2160	1179.9055689695294	997.22	63.42333984375	0.24856533	0.00020742857142857143	0.0006914285714285716	12.385513305664062	22316.962010860443
2161	1204.1615504773984	1011.72	63.69140625	0.24833651	0.00020738571428571427	0.0006912857142857143	11.07442307472229	22328.03697991371
2162	1213.8579642292723	1024.0	63.948974609375	0.2483341	0.00020734285714285713	0.0006911428571428572	9.08666205406189	22337.129217147827
2163	1193.162987119478	1004.5	63.44091796875	0.248169	0.0002073	0.0006910000000000001	9.466549634933472	22346.596324920654
2164	1210.0276681317719	1020.08	63.963134765625	0.2481345	0.00020725714285714283	0.0006908571428571428	8.55870008468628	22355.15555024147
2165	1178.7792532891895	1003.44	63.969482421875	0.24810134	0.0002072142857142857	0.0006907142857142857	8.52495813369751	22363.682658433914
2166	1177.992908146524	990.67	63.97900390625	0.24804308	0.00020717142857142856	0.0006905714285714286	16.926533937454224	22380.609786987305
2167	1194.1351951815018	1016.24	62.986328125	0.24782483	0.0002071285714285714	0.0006904285714285714	11.089272260665894	22391.701486587524
2168	1195.9755565833711	1013.31	63.280517578125	0.24754947	0.00020708571428571426	0.0006902857142857142	11.476170539855957	22403.17823123932
2169	1211.4281576747776	1016.55	63.25341796875	0.24736209	0.00020704285714285713	0.0006901428571428572	11.945427417755127	22415.12813425064
2170	1175.7332346111648	1001.71	63.250732421875	0.2474193	0.00020699999999999996	0.00069	12.062780618667603	22427.19162273407
2171	1221.867632625277	1021.38	63.0537109375	0.2471956	0.00020695714285714283	0.0006898571428571429	17.542621612548828	22444.735925912857
2172	1205.9116978412533	1013.17	63.552978515625	0.2468663	0.0002069142857142857	0.0006897142857142857	11.77363133430481	22456.511206626892
2173	1195.919705610758	1008.34	63.53466796875	0.24668987	0.00020687142857142853	0.0006895714285714285	11.549983263015747	22468.063152074814
2174	1206.2061408171398	1004.79	63.54248046875	0.24670835	0.00020682857142857145	0.0006894285714285715	12.38148283958435	22480.445420265198
2175	1221.569847086694	1018.27	62.80810546875	0.24666663	0.00020678571428571426	0.0006892857142857143	9.405446290969849	22489.85321211815
2176	1210.5368562631402	1020.08	64.30322265625	0.24665229	0.00020674285714285712	0.0006891428571428571	8.563311338424683	22498.41713285446
2177	1207.1331078110334	1018.22	63.5673828125	0.24664086	0.0002067	0.000689	8.60117506980896	22507.018961668015
2178	1200.66649056393	1006.05	64.311279296875	0.24663122	0.00020665714285714282	0.0006888571428571429	9.149997234344482	22516.171288967133
2179	1204.6452962249618	1015.6	64.333251953125	0.24662204	0.0002066142857142857	0.0006887142857142858	8.700204849243164	22524.872030496597
2180	1189.368639305248	1011.33	63.84130859375	0.24647336	0.00020657142857142857	0.0006885714285714286	10.928576231002808	22535.801469564438
2181	1210.6122903910446	1013.59	64.091064453125	0.24647486	0.0002065285714285714	0.0006884285714285714	8.55478572845459	22544.358415842056
2182	1184.510834823904	1004.44	63.606689453125	0.24631469	0.00020648571428571427	0.0006882857142857143	12.406360864639282	22556.765402793884
2183	1196.0738033666626	1012.89	61.080078125	0.24625103	0.00020644285714285714	0.0006881428571428572	11.742329835891724	22568.511635780334
2184	1187.0571254708766	1006.2	64.109375	0.24601527	0.00020639999999999998	0.0006879999999999999	9.735715627670288	22578.249013900757
2185	1177.7936880487748	993.4	64.36767578125	0.24598758	0.00020635714285714284	0.0006878571428571428	9.72886061668396	22587.97850203514
2186	1217.499761944961	1021.74	64.383056640625	0.24595703	0.0002063142857142857	0.0006877142857142857	8.53877878189087	22596.519411563873
2187	1198.1252025496235	1003.39	63.8896484375	0.24593067	0.00020627142857142854	0.0006875714285714286	9.1576509475708	22605.67777776718
2188	1188.4993453611926	999.94	63.399658203125	0.24568625	0.00020622857142857143	0.0006874285714285715	13.517399311065674	22619.195915222168
2189	1191.576062274426	997.95	63.9072265625	0.24536611	0.00020618571428571427	0.0006872857142857143	12.081596851348877	22631.27911257744
2190	1187.3147834938372	998.76	63.4150390625	0.24518986	0.00020614285714285713	0.0006871428571428572	12.729653120040894	22644.009423732758
2191	1209.3480559623686	1010.01	63.421630859375	0.24508567	0.0002061	0.0006870000000000001	11.943412065505981	22655.953419923782
2192	1195.432129317437	1003.78	63.680908203125	0.24487112	0.00020605714285714283	0.0006868571428571428	11.98979902267456	22667.949732542038
2193	1222.54046216591	1010.75	63.689697265625	0.24447758	0.0002060142857142857	0.0006867142857142857	12.37813663482666	22680.329540729523
2194	1197.9357199609105	999.26	62.95068359375	0.24439837	0.00020597142857142856	0.0006865714285714286	9.07597804069519	22689.407098054886
2195	1220.7648897716404	1020.46	64.216552734375	0.2443885	0.0002059285714285714	0.0006864285714285714	9.148093461990356	22698.55580472946
2196	1201.9706765434626	1010.71	63.47412109375	0.24437977	0.00020588571428571426	0.0006862857142857143	9.048718929290771	22707.60505914688
2197	1192.1877631400632	996.77	63.474609375	0.24421108	0.00020584285714285712	0.0006861428571428572	11.617732048034668	22719.224010705948
2198	1168.260396874935	979.89	63.739990234375	0.24381089	0.00020579999999999996	0.000686	12.847295761108398	22732.073380708694
2199	1226.6888550725544	1014.42	63.747802734375	0.24357045	0.00020575714285714282	0.0006858571428571429	11.28688383102417	22743.3608148098
2200	1203.8791707642167	1011.65	64.248046875	0.24357004	0.0002057142857142857	0.0006857142857142857	8.5595223903656	22751.922161102295
2201	1183.7376185315404	994.35	63.505615234375	0.24329837	0.00020567142857142853	0.0006855714285714285	12.383971929550171	22764.30688881874
2202	1197.7491501842158	1007.18	63.503662109375	0.24317367	0.00020562857142857144	0.0006854285714285715	12.304265260696411	22776.611759662628
2203	1218.6563652107213	1003.85	63.77197265625	0.24278909	0.00020558571428571425	0.0006852857142857143	11.873621940612793	22788.487362146378
2204	1204.4649353014802	1009.16	63.52978515625	0.2428755	0.00020554285714285714	0.0006851428571428571	11.68930196762085	22800.177362680435
2205	1188.222099136767	1006.47	64.03759765625	0.24268492	0.0002055	0.0006850000000000001	11.845977544784546	22812.02542901039
2206	1186.276752799031	993.51	63.29541015625	0.24243629	0.00020545714285714284	0.0006848571428571429	12.273806095123291	22824.29994702339
2207	1197.9225559691367	1005.53	63.601318359375	0.2423023	0.0002054142857142857	0.0006847142857142858	12.405895471572876	22836.70761704445
2208	1191.3585393217777	1002.34	63.58447265625	0.24216896	0.00020537142857142857	0.0006845714285714286	12.10550594329834	22848.81471347809
2209	1177.8267358347787	990.84	64.083740234375	0.2418067	0.0002053285714285714	0.0006844285714285714	11.595646619796753	22860.41124868393
2210	1209.5297159939378	1007.94	64.576416015625	0.24180245	0.00020528571428571427	0.0006842857142857143	8.57340121269226	22868.98587703705
2211	1197.168541048724	998.66	64.334228515625	0.24179496	0.00020524285714285714	0.0006841428571428572	9.097473382949829	22878.084015846252
2212	1195.9520389971476	999.8	64.592041015625	0.24178417	0.00020519999999999997	0.0006839999999999999	8.637047052383423	22886.7217335701
2213	1224.5995927664806	1020.23	63.873291015625	0.24183129	0.00020515714285714284	0.0006838571428571428	11.465807914733887	22898.19389796257
2214	1201.808265474806	1008.37	63.607666015625	0.24159288	0.0002051142857142857	0.0006837142857142858	12.633058309555054	22910.82817006111
2215	1178.6640827728888	989.47	64.36572265625	0.2414561	0.00020507142857142854	0.0006835714285714285	11.87161898612976	22922.700478076935
2216	1207.8793733705927	1008.56	63.622802734375	0.24123748	0.00020502857142857143	0.0006834285714285715	12.669929265975952	22935.372832775116
2217	1207.155130099615	1005.62	63.405029296875	0.2410555	0.00020498571428571427	0.0006832857142857143	9.20172643661499	22944.57597231865
2218	1236.118557873818	1018.75	64.154052734375	0.24104057	0.00020494285714285713	0.0006831428571428572	8.68229365348816	22953.25882792473
2219	1200.176702767757	1008.86	64.661865234375	0.24102686	0.0002049	0.000683	8.585886001586914	22961.847061157227
2220	1169.9198055493998	983.07	64.1552734375	0.24067335	0.00020485714285714283	0.0006828571428571428	11.184679746627808	22973.032381534576
2221	1212.21760921075	1008.71	63.811279296875	0.24053407	0.0002048142857142857	0.0006827142857142857	11.950897216796875	22984.986266851425
2222	1230.125998948851	1021.81	64.307373046875	0.24053057	0.00020477142857142856	0.0006825714285714287	8.590379238128662	22993.577270507812
2223	1231.5858890355507	1017.09	64.05322265625	0.24036837	0.0002047285714285714	0.0006824285714285714	9.121103525161743	23002.700520038605
2224	1224.3812366662096	1014.08	64.561767578125	0.24033986	0.00020468571428571426	0.0006822857142857143	8.552430868148804	23011.253534078598
2225	1224.970148509263	1022.51	64.570556640625	0.24030864	0.00020464285714285712	0.0006821428571428572	8.579035520553589	23019.83809709549
2226	1205.1815615379955	1012.81	64.57861328125	0.240279	0.00020459999999999996	0.000682	9.197822570800781	23029.03653049469
2227	1189.5066857765762	1003.6	63.3349609375	0.24012874	0.00020455714285714288	0.0006818571428571429	11.81089997291565	23040.848111391068
2228	1236.762618377528	1020.44	63.843994140625	0.24002647	0.0002045142857142857	0.0006817142857142857	11.98841905593872	23052.839593410492
2229	1232.9872475744905	1022.03	64.38720703125	0.23968709	0.00020447142857142852	0.0006815714285714285	12.182682037353516	23065.02404475212
2230	1172.9989499288736	988.26	63.60888671875	0.23945732	0.00020442857142857144	0.0006814285714285715	9.306441068649292	23074.331043720245
2231	1168.5632780579137	980.04	64.616455078125	0.23942685	0.00020438571428571425	0.0006812857142857142	8.53039264678955	23082.86298274994
2232	1228.9576792779503	1021.16	64.624267578125	0.23939635	0.00020434285714285714	0.0006811428571428572	8.741540670394897	23091.605204105377
2233	1185.1440395249742	995.83	64.63232421875	0.23923713	0.0002043	0.0006810000000000001	11.60964560508728	23103.215946912766
2234	1222.6664200330845	1014.66	64.14013671875	0.23914558	0.00020425714285714284	0.0006808571428571429	8.895304441452026	23112.1125934124
2235	1234.1107581628949	1020.17	64.396484375	0.23912208	0.0002042142857142857	0.0006807142857142857	8.826489686965942	23120.939714431763
2236	1183.7617457376612	990.93	64.90576171875	0.23909672	0.00020417142857142857	0.0006805714285714286	8.552538871765137	23129.494205236435
2237	1200.8035825572674	1003.7	64.66357421875	0.2390725	0.0002041285714285714	0.0006804285714285714	8.529901266098022	23138.024738550186
2238	1222.1170417671055	1022.17	64.429443359375	0.23904566	0.00020408571428571427	0.0006802857142857143	9.268762350082397	23147.29561972618
2239	1190.3125670995796	1010.01	64.42919921875	0.23901702	0.00020404285714285713	0.0006801428571428571	8.601981163024902	23155.898151874542
2240	1184.58418420274	1016.27	63.9375	0.23882325	0.00020399999999999997	0.0006799999999999999	11.114511013031006	23167.01318669319
2241	1199.4146409624207	1011.5	61.662109375	0.2387016	0.00020395714285714286	0.000679857142857143	9.504248142242432	23176.521013736725
2242	1211.3582751838242	1020.28	64.928466796875	0.23868465	0.0002039142857142857	0.0006797142857142858	9.012694358825684	23185.534256219864
2243	1203.2489660375845	1022.1	64.7001953125	0.23866558	0.00020387142857142854	0.0006795714285714285	8.551831245422363	23194.088297605515
2244	1190.7031536702968	1014.25	64.213623046875	0.23862916	0.00020382857142857143	0.0006794285714285715	11.930650234222412	23206.019540786743
2245	1164.149596633564	997.52	64.708740234375	0.23862745	0.00020378571428571426	0.0006792857142857143	8.616913557052612	23214.637510299683
2246	1171.0433432738014	1000.76	64.001708984375	0.23850615	0.00020374285714285713	0.0006791428571428572	8.909998416900635	23223.54803752899
2247	1186.947960252052	1018.03	64.7373046875	0.23848473	0.0002037	0.000679	8.624781608581543	23232.175228834152
2248	1202.8832204083071	1024.0	64.495361328125	0.23846562	0.00020365714285714283	0.0006788571428571428	8.74526047706604	23240.92104268074
2249	1167.400416574223	1000.02	64.753173828125	0.23844315	0.0002036142857142857	0.0006787142857142857	8.5523202419281	23249.474004268646
2250	1181.1189593769805	1014.59	64.7470703125	0.23842125	0.00020357142857142856	0.0006785714285714287	8.576049327850342	23258.052364110947
2251	1182.9305290340892	1005.61	65.01904296875	0.23840033	0.0002035285714285714	0.0006784285714285714	9.227843523025513	23267.28085565567
2252	1191.7569082430464	1005.09	64.032470703125	0.23793812	0.00020348571428571426	0.0006782857142857143	11.369333028793335	23278.651807546616
2253	1192.2481539057296	999.92	64.052490234375	0.23776221	0.00020344285714285712	0.0006781428571428572	10.85588026046753	23289.508306980133
2254	1184.233803785592	1004.23	64.32763671875	0.23757477	0.00020339999999999996	0.000678	12.602951288223267	23302.1123111248
2255	1186.9082378511107	1014.92	63.8115234375	0.23712547	0.00020335714285714287	0.0006778571428571429	12.14124059677124	23314.254083395004
2256	1202.2376464689642	1009.02	64.069580078125	0.23705034	0.00020331428571428568	0.0006777142857142857	8.900550365447998	23323.157073020935
2257	1188.0660372982034	1005.21	63.82763671875	0.23698579	0.00020327142857142852	0.0006775714285714285	10.889700651168823	23334.047511339188
2258	1209.8783178947203	1020.09	64.822265625	0.23699218	0.00020322857142857144	0.0006774285714285716	8.589075326919556	23342.63713645935
2259	1194.882256387221	1016.25	64.593994140625	0.23699366	0.00020318571428571428	0.0006772857142857143	8.571542501449585	23351.20925784111
2260	1181.5418434720084	992.79	64.85205078125	0.23699327	0.00020314285714285714	0.0006771428571428572	9.12706732749939	23360.338358163834
2261	1196.3458146153712	1005.1	64.847412109375	0.23699148	0.0002031	0.0006770000000000001	8.539775609970093	23368.87881231308
2262	1211.734831797082	1010.52	64.86767578125	0.23698597	0.00020305714285714284	0.0006768571428571429	8.57426905632019	23377.45362520218
2263	1202.5855355662422	1006.59	64.875732421875	0.23697855	0.0002030142857142857	0.0006767142857142857	9.100010871887207	23386.55643057823
2264	1223.0201732728171	1014.54	64.156982421875	0.23684801	0.00020297142857142857	0.0006765714285714286	11.588481903076172	23398.145550489426
2265	1184.415723486041	996.86	65.1416015625	0.23666246	0.0002029285714285714	0.0006764285714285714	11.352754354476929	23409.499853372574
2266	1181.4290383374175	981.26	64.39404296875	0.23660547	0.00020288571428571427	0.0006762857142857142	12.399381399154663	23421.899797439575
2267	1200.6486054442391	1006.62	64.906982421875	0.23660254	0.00020284285714285713	0.0006761428571428571	8.879048585891724	23430.782334327698
2268	1227.3758305913789	1019.07	64.415283203125	0.23635374	0.00020279999999999997	0.000676	11.65300989151001	23442.43599176407
2269	1206.3814254300335	1001.77	64.1728515625	0.2361478	0.00020275714285714286	0.000675857142857143	12.329890251159668	23454.76787495613
2270	1218.8997326882682	1008.23	63.723388671875	0.23611064	0.0002027142857142857	0.0006757142857142857	12.315660238265991	23467.08410167694
2271	1233.633413686067	1018.94	64.466552734375	0.23608212	0.00020267142857142853	0.0006755714285714285	9.474878311157227	23476.561052322388
2272	1230.0248081321156	1019.78	64.95458984375	0.23606886	0.00020262857142857142	0.0006754285714285715	8.61115026473999	23485.172837734222
2273	1234.0096282744685	1024.0	64.9423828125	0.23605818	0.00020258571428571426	0.0006752857142857143	8.560971736907959	23493.73630452156
2274	1199.7327639631094	996.27	64.962646484375	0.23604722	0.00020254285714285713	0.0006751428571428571	8.544453144073486	23502.281405448914
2275	1206.511935329527	1016.27	64.971923828125	0.23603483	0.0002025	0.000675	8.938260793685913	23511.22048640251
2276	1201.4537845822642	999.35	64.22998046875	0.23596127	0.00020245714285714283	0.0006748571428571428	12.52415156364441	23523.745195150375
2277	1191.287185648468	1000.59	64.27294921875	0.23600893	0.0002024142857142857	0.0006747142857142858	12.539246797561646	23536.286868333817
2278	1226.8421769944662	1023.97	64.243408203125	0.23586918	0.00020237142857142855	0.0006745714285714286	11.634274005889893	23547.92688846588
2279	1216.1628888186144	1019.82	64.998046875	0.23586917	0.0002023285714285714	0.0006744285714285714	8.54932427406311	23556.476501226425
2280	1214.363060340961	1013.55	64.759521484375	0.23586398	0.00020228571428571425	0.0006742857142857143	9.234331369400024	23565.71313738823
2281	1217.2383035067269	1016.85	64.517333984375	0.23577923	0.00020224285714285712	0.0006741428571428572	11.578462362289429	23577.29233288765
2282	1199.1803050668707	1010.5	64.274169921875	0.23541693	0.00020219999999999995	0.0006739999999999999	10.890896320343018	23588.185757398605
2283	1213.9515244404686	1008.81	64.533203125	0.2352903	0.00020215714285714287	0.0006738571428571429	12.498279571533203	23600.684676408768
2284	1222.903503593503	1017.95	65.041015625	0.23529048	0.00020211428571428568	0.0006737142857142857	8.636720657348633	23609.323075294495
2285	1201.819036766436	988.79	64.673828125	0.23526257	0.00020207142857142857	0.0006735714285714286	11.372514009475708	23620.69623684883
2286	1228.003083677549	1020.89	64.668212890625	0.23520257	0.00020202857142857144	0.0006734285714285715	9.680921077728271	23630.380024433136
2287	1194.6565964262702	990.92	64.939697265625	0.2351837	0.00020198571428571427	0.0006732857142857143	8.647282838821411	23639.02790427208
2288	1210.4467562325349	1005.66	65.189453125	0.23516478	0.00020194285714285714	0.0006731428571428572	8.562499761581421	23647.592613697052
2289	1219.5228198543714	1020.48	64.729248046875	0.235062	0.0002019	0.0006730000000000001	12.166377782821655	23659.759639263153
2290	1182.3422926463563	992.07	64.463623046875	0.23503076	0.00020185714285714284	0.0006728571428571428	12.134360074996948	23671.897599697113
2291	1209.096461650317	1011.56	64.495361328125	0.23484336	0.0002018142857142857	0.0006727142857142857	11.151714563369751	23683.051607847214
2292	1210.6748248569722	1014.02	64.4853515625	0.2347999	0.00020177142857142857	0.0006725714285714286	9.162589073181152	23692.21616578102
2293	1204.3803282862311	992.03	65.221923828125	0.23478709	0.0002017285714285714	0.0006724285714285714	8.564099073410034	23700.780800819397
2294	1227.3641040350633	1020.05	65.245849609375	0.23477693	0.00020168571428571427	0.0006722857142857142	8.548705339431763	23709.331221342087
2295	1197.1713731474247	1006.93	65.254150390625	0.23476525	0.00020164285714285713	0.0006721428571428572	9.202356338500977	23718.53425168991
2296	1225.7220240266308	1008.15	65.261474609375	0.23475157	0.00020159999999999997	0.000672	8.60376524925232	23727.139723300934
2297	1215.9505075674676	1012.05	65.00537109375	0.23463254	0.00020155714285714286	0.000671857142857143	8.90556788444519	23736.045875787735
2298	1203.8779114243546	1001.23	62.238037109375	0.2346129	0.0002015142857142857	0.0006717142857142857	8.55802321434021	23744.605999469757
2299	1221.4711728559541	1011.8	65.508056640625	0.23459071	0.00020147142857142856	0.0006715714285714286	8.722294092178345	23753.328949213028
2300	1194.406757396906	1002.58	64.762451171875	0.23456652	0.00020142857142857142	0.0006714285714285715	8.572453737258911	23761.90250468254
2301	1208.3303615733112	1004.49	64.5771484375	0.23437291	0.00020138571428571426	0.0006712857142857143	11.312176942825317	23773.215309619904
2302	1187.3701870724492	999.22	64.800048828125	0.23404038	0.00020134285714285712	0.0006711428571428571	11.246021270751953	23784.462017536163
2303	1222.6975109274683	1014.9	65.05859375	0.23404066	0.0002013	0.000671	8.674675226211548	23793.139595746994
2304	1204.9078869827204	1002.9	65.31494140625	0.23403959	0.00020125714285714282	0.0006708571428571429	8.596374988555908	23801.73610329628
2305	1192.8793684237994	994.48	65.323974609375	0.23403443	0.0002012142857142857	0.0006707142857142858	8.927501678466797	23810.665439605713
2306	1186.4639270493192	985.6	65.06640625	0.23402715	0.00020117142857142855	0.0006705714285714286	8.655473470687866	23819.32154917717
2307	1195.7391495583556	1003.03	65.5771484375	0.23401171	0.0002011285714285714	0.0006704285714285714	8.604665279388428	23827.928367853165
2308	1213.459930289075	1005.02	65.107421875	0.23399772	0.00020108571428571425	0.0006702857142857143	9.028629064559937	23836.95712661743
2309	1204.0335752313204	1012.8	65.35595703125	0.23398139	0.00020104285714285712	0.0006701428571428572	8.770540475845337	23845.729670524597
2310	1195.112305559529	997.85	64.84912109375	0.23389198	0.00020099999999999995	0.0006699999999999999	8.803905248641968	23854.534147262573
2311	1228.119984483286	1024.0	65.373046875	0.23387139	0.00020095714285714287	0.0006698571428571429	8.559579372406006	23863.09612584114
2312	1230.0321734502397	1012.09	65.380859375	0.23385458	0.0002009142857142857	0.0006697142857142857	8.721120595932007	23871.81793165207
2313	1235.7622169927754	1016.01	65.375	0.23383544	0.00020087142857142857	0.0006695714285714287	8.555553674697876	23880.375879764557
2314	1232.2670613324874	1016.17	65.394775390625	0.23381649	0.00020082857142857144	0.0006694285714285715	8.952621936798096	23889.32913994789
2315	1214.146411833686	1013.88	65.654541015625	0.23379678	0.00020078571428571427	0.0006692857142857143	9.214154958724976	23898.545055389404
2316	1218.8745582851366	1017.99	65.4111328125	0.23377682	0.00020074285714285714	0.0006691428571428572	8.82210922241211	23907.36780333519
2317	1212.2938962522635	1007.41	65.41162109375	0.23375858	0.0002007	0.0006690000000000001	8.715155363082886	23916.083628177643
2318	1230.4331766816542	1016.06	65.17822265625	0.233738	0.00020065714285714284	0.0006688571428571428	8.5923490524292	23924.678194522858
2319	1205.639851103132	1002.31	65.421875	0.23371732	0.0002006142857142857	0.0006687142857142857	8.823765993118286	23933.502599954605
2320	1220.1298119598835	1010.45	64.94384765625	0.23359323	0.00020057142857142856	0.0006685714285714286	8.823803424835205	23942.327059030533
2321	1216.3626698108667	1002.8	65.458251953125	0.23356415	0.0002005285714285714	0.0006684285714285713	8.73717451095581	23951.067066907883
2322	1233.5840236131753	1024.0	65.71435546875	0.23353744	0.00020048571428571426	0.0006682857142857143	9.380836009979248	23960.448543310165
2323	1236.9113447562706	1022.12	65.469482421875	0.23351155	0.00020044285714285713	0.0006681428571428572	8.648654460906982	23969.099237680435
2324	1235.2871214170912	1024.0	65.481201171875	0.23348434	0.00020039999999999997	0.000668	8.556821346282959	23977.656628131866
2325	1195.2728815123783	998.5	65.4892578125	0.23345596	0.00020035714285714286	0.0006678571428571429	9.210278749465942	23986.867571353912
2326	1214.2740341082022	1009.7	64.9970703125	0.23330547	0.0002003142857142857	0.0006677142857142857	8.869189262390137	23995.738245010376
2327	1224.2574160906552	1016.11	65.49267578125	0.2332742	0.00020027142857142856	0.0006675714285714286	8.583294153213501	24004.32208108902
2328	1221.4942451136442	1011.53	65.5107421875	0.23324245	0.00020022857142857142	0.0006674285714285715	8.606729984283447	24012.930861473083
2329	1207.5023421480248	999.1	65.270751953125	0.23321398	0.00020018571428571426	0.0006672857142857142	8.771886825561523	24021.70335650444
2330	1247.806352809095	1024.0	65.52880859375	0.23318642	0.00020014285714285712	0.0006671428571428571	9.41131067276001	24031.115206241608
2331	1225.0857299763056	1016.6	65.536376953125	0.233159	0.00020009999999999998	0.0006670000000000001	8.614123582839966	24039.73176574707
2332	1242.8096918414576	1024.0	65.04443359375	0.23298717	0.00020005714285714282	0.0006668571428571429	9.5397310256958	24049.272153139114
2333	1234.893336449277	1018.8	64.809814453125	0.2329518	0.00020001428571428569	0.0006667142857142857	8.625626564025879	24057.899248361588
2334	1238.0040758452114	1010.95	65.05908203125	0.23291908	0.00019997142857142855	0.0006665714285714286	8.58326268196106	24066.48306107521
2335	1219.9005314402054	1009.08	65.567626953125	0.23288949	0.00019992857142857139	0.0006664285714285714	8.959071159362793	24075.443737983704
2336	1233.8534872534499	1020.24	65.575927734375	0.2328553	0.00019988571428571425	0.0006662857142857143	8.62549614906311	24084.069912195206
2337	1219.2583990819498	1013.33	65.107421875	0.23296459	0.00019984285714285711	0.0006661428571428571	10.652804851531982	24094.72468662262
2338	1232.7461736622909	1022.32	66.091796875	0.23264854	0.00019979999999999995	0.0006659999999999999	11.63784146308899	24106.363217115402
2339	1234.2794348409814	1024.0	65.349609375	0.23245633	0.00019975714285714287	0.000665857142857143	10.60031533241272	24116.966249465942
2340	1228.7287907089592	1024.0	65.1162109375	0.23246104	0.0001997142857142857	0.0006657142857142858	8.568865537643433	24125.53726887703
2341	1241.960125811505	1018.7	64.6162109375	0.23245923	0.00019967142857142857	0.0006655714285714286	11.441045761108398	24136.978981018066
2342	1236.053941244297	1024.0	65.12451171875	0.23236148	0.00019962857142857143	0.0006654285714285715	12.311403036117554	24149.29338312149
2343	1235.593577123108	1017.13	65.38232421875	0.23230487	0.00019958571428571427	0.0006652857142857143	8.759975671768188	24158.054887533188
2344	1204.3875836741981	1006.85	65.388671875	0.23228037	0.00019954285714285713	0.0006651428571428572	9.43690037727356	24167.492347478867
2345	1226.3413556093544	1016.9	65.396240234375	0.23225828	0.0001995	0.000665	8.742429494857788	24176.235840559006
2346	1221.6525398879921	1012.73	65.654296875	0.2322368	0.00019945714285714283	0.0006648571428571428	8.582584142684937	24184.819039821625
2347	1230.6353251963235	1020.13	65.162109375	0.2321616	0.0001994142857142857	0.0006647142857142857	11.544317722320557	24196.363983392715
2348	1227.8223606139438	1006.78	65.419921875	0.23215942	0.00019937142857142856	0.0006645714285714286	8.583410263061523	24204.94801712036
2349	1210.0090402000046	1003.2	65.302734375	0.2321257	0.0001993285714285714	0.0006644285714285713	8.854430198669434	24213.80448770523
2350	1199.2689299116842	1010.36	65.810791015625	0.23211236	0.0001992857142857143	0.0006642857142857144	8.615277528762817	24222.420405626297
2351	1227.3007432111	1009.44	65.81689453125	0.23209883	0.00019924285714285713	0.0006641428571428572	8.811257600784302	24231.233819961548
2352	1205.0782103856588	991.6	66.07666015625	0.23208798	0.00019919999999999996	0.000664	8.65346622467041	24239.887817382812
2353	1209.6429345260544	1004.32	65.58447265625	0.23208062	0.00019915714285714285	0.0006638571428571429	8.586258888244629	24248.47467660904
2354	1191.6842965475562	996.0	65.842041015625	0.2320704	0.0001991142857142857	0.0006637142857142857	9.147159576416016	24257.62330365181
2355	1188.1812204408948	991.43	65.600341796875	0.23182423	0.00019907142857142855	0.0006635714285714286	13.033238172531128	24270.657316684723
2356	1171.6503468556255	974.98	62.818603515625	0.23158263	0.00019902857142857142	0.0006634285714285715	12.074153661727905	24282.732087612152
2357	1212.4562938688132	1014.22	64.865478515625	0.2314878	0.00019898571428571426	0.0006632857142857142	10.73529314994812	24293.46939253807
2358	1205.8739144013607	998.55	65.853515625	0.23149355	0.00019894285714285712	0.0006631428571428572	8.57163667678833	24302.041654586792
2359	1219.1806747669125	1016.54	65.374267578125	0.23146552	0.00019889999999999998	0.0006630000000000001	8.974088430404663	24311.017657995224
2360	1218.6094966806586	1008.47	66.13330078125	0.23145555	0.00019885714285714282	0.0006628571428571429	9.121452808380127	24320.139654397964
2361	1220.440499398183	1008.79	65.64111328125	0.23144038	0.00019881428571428568	0.0006627142857142857	8.61744475364685	24328.759197473526
2362	1209.492379456677	1014.1	65.8857421875	0.23142345	0.00019877142857142855	0.0006625714285714286	8.6060049533844	24337.365748643875
2363	1208.1255421944543	994.99	65.656982421875	0.2312385	0.00019872857142857138	0.0006624285714285714	11.189692735671997	24348.5576980114
2364	1224.4749245083442	1014.47	65.914794921875	0.23123844	0.0001986857142857143	0.0006622857142857144	8.651114463806152	24357.210154533386
2365	1232.4560507602355	1018.45	65.421142578125	0.23123644	0.00019864285714285714	0.0006621428571428571	8.77902865409851	24365.98983502388
2366	1191.3396562522623	995.36	65.9306640625	0.23122668	0.00019859999999999995	0.0006619999999999999	8.562001705169678	24374.552451848984
2367	1208.8999989390495	1002.54	65.9365234375	0.23121546	0.00019855714285714287	0.000661857142857143	8.861574172973633	24383.415209770203
2368	1229.388141954531	1013.73	65.9306640625	0.23120312	0.0001985142857142857	0.0006617142857142857	8.905632972717285	24392.32149529457
2369	1221.1247089351461	1016.82	65.702880859375	0.231193	0.00019847142857142857	0.0006615714285714286	8.58220362663269	24400.905732154846
2370	1239.8446468757822	1024.0	65.697998046875	0.23117946	0.00019842857142857143	0.0006614285714285715	9.181707620620728	24410.088135957718
2371	1211.320099013327	1009.14	66.218505859375	0.23116624	0.00019838571428571427	0.0006612857142857143	8.662082433700562	24418.750770807266
2372	1220.180952398952	1018.39	65.237060546875	0.23107797	0.00019834285714285713	0.0006611428571428571	8.825537204742432	24427.578756809235
2373	1201.730199063553	1004.6	65.97705078125	0.23105401	0.0001983	0.000661	9.120277643203735	24436.69965314865
2374	1226.5193238875233	1019.03	65.9931640625	0.23103191	0.00019825714285714283	0.0006608571428571428	8.569296598434448	24445.273171663284
2375	1226.476951181458	1015.82	65.99951171875	0.23100685	0.0001982142857142857	0.0006607142857142857	8.575789451599121	24453.84963607788
2376	1216.0474856290357	1016.73	66.2509765625	0.23098071	0.00019817142857142856	0.0006605714285714286	8.580198049545288	24462.436596632004
2377	1215.6148385991862	1002.21	65.51708984375	0.23095417	0.0001981285714285714	0.0006604285714285714	8.722335815429688	24471.15919470787
2378	1180.6615607895703	997.75	66.02490234375	0.23093103	0.0001980857142857143	0.0006602857142857144	8.628093004226685	24479.789384126663
2379	1199.5390686623384	993.2	65.781494140625	0.23090702	0.00019804285714285712	0.0006601428571428572	8.571009874343872	24488.360949277878
2380	1219.7390099532329	1002.85	65.5400390625	0.23075508	0.00019799999999999996	0.0006599999999999999	9.364803075790405	24497.72643971443
2381	1225.874011135689	1017.13	65.798583984375	0.23072028	0.00019795714285714285	0.0006598571428571429	9.37580394744873	24507.104463338852
2382	1214.5127549278895	1012.46	65.806396484375	0.23068465	0.0001979142857142857	0.0006597142857142857	14.173041820526123	24521.277764558792
2383	1236.681208255916	1023.94	65.814208984375	0.2306503	0.00019787142857142855	0.0006595714285714286	9.16354250907898	24530.44350028038
2384	1221.7709899682784	1006.57	66.058837890625	0.23061882	0.00019782857142857142	0.0006594285714285714	8.62086796760559	24539.064947366714
2385	1229.4422289973363	1015.96	66.080078125	0.23059256	0.00019778571428571425	0.0006592857142857142	8.583559274673462	24547.64905810356
2386	1192.8404141949286	989.54	65.0830078125	0.2302923	0.00019774285714285712	0.0006591428571428572	11.97360110282898	24559.62442755699
2387	1241.1954676824832	1024.0	66.09423828125	0.23029673	0.00019769999999999998	0.0006590000000000001	8.856558799743652	24568.481612682343
2388	1201.5782784202422	994.92	65.3974609375	0.23032314	0.00019765714285714282	0.0006588571428571428	8.796594142913818	24577.27877497673
2389	1168.3581126897438	981.42	66.111328125	0.23032059	0.00019761428571428568	0.0006587142857142857	9.096009016036987	24586.375383853912
2390	1216.1767046339999	1012.15	66.369873046875	0.23031493	0.00019757142857142855	0.0006585714285714286	8.548212051391602	24594.925147533417
2391	1210.560426651489	1001.06	66.1279296875	0.23030974	0.00019752857142857138	0.0006584285714285714	8.549339771270752	24603.475185394287
2392	1198.3055344859613	999.47	66.384033203125	0.23030414	0.0001974857142857143	0.0006582857142857143	8.574310302734375	24612.0516204834
2393	1213.4032487030636	1010.22	66.142578125	0.23029645	0.00019744285714285714	0.0006581428571428571	8.688251256942749	24620.740492105484
2394	1218.2355203346492	1007.12	66.1513671875	0.23028433	0.00019739999999999995	0.000658	10.013221740722656	24630.754294395447
2395	1204.4548292227403	999.93	65.932861328125	0.23000805	0.00019735714285714286	0.000657857142857143	10.778584003448486	24641.535564422607
2396	1221.3823885320487	1015.03	65.667236328125	0.22994804	0.0001973142857142857	0.0006577142857142857	12.00160026550293	24653.539455652237
2397	1213.4250096898973	1013.76	65.661376953125	0.22989438	0.00019727142857142857	0.0006575714285714286	8.921701908111572	24662.461797714233
2398	1203.2937178177026	994.27	66.182861328125	0.22987668	0.00019722857142857143	0.0006574285714285715	8.629417419433594	24671.09344625473
2399	1205.8840612767337	999.96	65.947265625	0.22985809	0.00019718571428571427	0.0006572857142857143	9.185760259628296	24680.279927015305
2400	1205.4300007431004	1004.54	65.704833984375	0.22983797	0.00019714285714285713	0.0006571428571428571	8.929068803787231	24689.209575653076
2401	1209.1540606627118	1021.2	66.21044921875	0.22981642	0.0001971	0.000657	8.624793767929077	24697.834943056107
2402	1213.3224042291695	1020.09	65.72021484375	0.22977369	0.00019705714285714283	0.0006568571428571428	10.882724523544312	24708.719282627106
2403	1214.479975853658	1014.02	65.978759765625	0.22975247	0.0001970142857142857	0.0006567142857142858	8.643934965133667	24717.364545345306
2404	1224.4096639494787	1016.48	66.236572265625	0.2297317	0.00019697142857142856	0.0006565714285714286	8.595571041107178	24725.960809230804
2405	1227.471299842862	1012.66	66.23974609375	0.22971024	0.0001969285714285714	0.0006564285714285714	8.589046478271484	24734.552203655243
2406	1228.217978014068	1011.4	66.25341796875	0.2296893	0.00019688571428571429	0.0006562857142857144	15.941599607467651	24750.4945602417
2407	1239.1504464470877	1017.95	66.011474609375	0.22966988	0.00019684285714285712	0.0006561428571428572	8.592203855514526	24759.087331533432
2408	1231.5603213308561	1011.56	66.019287109375	0.22964846	0.00019679999999999999	0.000656	9.163302898406982	24768.252898454666
2409	1230.323797269031	1024.0	66.02587890625	0.229626	0.00019675714285714285	0.0006558571428571429	8.590213537216187	24776.843732595444
2410	1236.697201944244	1016.44	66.284912109375	0.22960101	0.0001967142857142857	0.0006557142857142857	8.605103969573975	24785.449475049973
2411	1211.2357711171098	1012.44	66.290771484375	0.22957541	0.00019667142857142855	0.0006555714285714286	8.822479486465454	24794.27223110199
2412	1227.7549006847903	1012.14	65.5712890625	0.2291577	0.00019662857142857141	0.0006554285714285715	9.312151193618774	24803.586175203323
2413	1236.0487041047768	1019.14	63.2685546875	0.22912256	0.00019658571428571425	0.0006552857142857143	9.181896924972534	24812.768721342087
2414	1226.1139127413794	1016.05	65.823974609375	0.22881836	0.00019654285714285711	0.0006551428571428572	10.73074197769165	24823.501050710678
2415	1219.6282988904782	1002.13	65.8212890625	0.22868417	0.00019649999999999998	0.0006550000000000001	10.87961220741272	24834.382701396942
2416	1216.9272155436595	996.51	65.093017578125	0.22843361	0.00019645714285714282	0.0006548571428571428	11.523723125457764	24845.907265901566
2417	1222.9779754419128	1007.62	64.127197265625	0.22800906	0.00019641428571428568	0.0006547142857142857	11.097658395767212	24857.005823135376
2418	1231.4093832002945	1021.25	66.356201171875	0.2280643	0.00019637142857142857	0.0006545714285714286	12.35652470588684	24869.362971782684
2419	1205.8445809482228	997.66	65.865966796875	0.22797526	0.00019632857142857138	0.0006544285714285713	8.95922064781189	24878.323654174805
2420	1216.884701281563	1008.73	66.37548828125	0.22795534	0.0001962857142857143	0.0006542857142857143	9.240880727767944	24887.56515622139
2421	1230.2448761167718	1022.18	66.12939453125	0.22793649	0.00019624285714285713	0.0006541428571428572	8.738723993301392	24896.30552959442
2422	1217.706904598152	1013.61	66.645263671875	0.22791739	0.0001962	0.0006540000000000001	8.637778043746948	24904.944007873535
2423	1228.8752511778187	1003.85	66.65625	0.22790086	0.00019615714285714286	0.0006538571428571429	8.595382452011108	24913.540026903152
2424	1198.2132059076985	996.85	66.40234375	0.22788692	0.0001961142857142857	0.0006537142857142857	8.726787805557251	24922.267500162125
2425	1209.0527863131224	1007.5	65.675537109375	0.22768106	0.00019607142857142856	0.0006535714285714286	11.11125898361206	24933.380796432495
2426	1203.0239009758338	1002.25	65.708984375	0.22752249	0.00019602857142857143	0.0006534285714285715	11.738964796066284	24945.122002601624
2427	1211.5436048591523	1012.2	65.9453125	0.2273267	0.00019598571428571426	0.0006532857142857142	11.995250701904297	24957.117946386337
2428	1184.1539402274561	997.77	66.456298828125	0.22732325	0.00019594285714285713	0.0006531428571428571	8.593813180923462	24965.71388411522
2429	1186.7622507391739	992.13	65.705322265625	0.2271337	0.0001959	0.000653	9.145584106445312	24974.860112667084
2430	1238.472417255398	1021.7	65.97509765625	0.22711134	0.00019585714285714283	0.0006528571428571429	8.780423879623413	24983.642489671707
2431	1207.308873030983	1001.58	65.985107421875	0.2268939	0.0001958142857142857	0.0006527142857142857	11.596006870269775	24995.23915910721
2432	1219.452372793068	1014.46	65.992919921875	0.22632848	0.00019577142857142856	0.0006525714285714286	11.511224746704102	25006.75174164772
2433	1210.024483022606	1004.06	66.003173828125	0.22633986	0.0001957285714285714	0.0006524285714285714	8.569534301757812	25015.322949171066
2434	1230.3732091856166	1020.12	66.512939453125	0.2263459	0.00019568571428571428	0.0006522857142857144	8.590624809265137	25023.91424226761
2435	1189.6434949092265	986.1	65.53466796875	0.2262026	0.00019564285714285712	0.0006521428571428571	10.87847113609314	25034.795080661774
2436	1204.1574879440077	1001.08	65.555908203125	0.22602196	0.00019559999999999998	0.000652	11.45329475402832	25046.250582695007
2437	1194.0954333170694	981.7	66.04248046875	0.22595567	0.00019555714285714285	0.0006518571428571429	11.812553882598877	25058.06533551216
2438	1218.6717977254636	1011.66	66.0517578125	0.22595608	0.00019551428571428568	0.0006517142857142857	9.134570837020874	25067.202353715897
2439	1196.1908395221758	995.27	66.813232421875	0.22595148	0.00019547142857142855	0.0006515714285714285	8.593626260757446	25075.796534776688
2440	1208.7142703759446	998.96	66.572998046875	0.2259443	0.0001954285714285714	0.0006514285714285715	8.576788663864136	25084.37401676178
2441	1186.7391251138035	996.31	66.582763671875	0.22579943	0.00019538571428571425	0.0006512857142857143	9.020822286605835	25093.39680337906
2442	1216.0006162181598	1012.69	66.5927734375	0.22577734	0.0001953428571428571	0.0006511428571428572	8.745660305023193	25102.143097639084
2443	1204.5259872081992	997.14	66.852783203125	0.22575378	0.00019529999999999998	0.000651	9.185500621795654	25111.32922887802
2444	1188.108831841104	986.47	66.236083984375	0.2257327	0.0001952571428571428	0.0006508571428571428	8.593148708343506	25119.92435646057
2445	1215.0854892391676	996.67	66.994140625	0.2257136	0.00019521428571428568	0.0006507142857142857	9.224581003189087	25129.14958000183
2446	1211.1347133915208	1007.86	66.251708984375	0.22574507	0.00019517142857142857	0.0006505714285714286	10.651445150375366	25139.80215358734
2447	1218.2391971717248	1009.28	66.0517578125	0.22558902	0.00019512857142857138	0.0006504285714285713	11.075537919998169	25150.879009962082
2448	1216.0364736978195	1008.94	66.279296875	0.22542799	0.0001950857142857143	0.0006502857142857144	11.026718616485596	25161.907688856125
2449	1204.123323824526	1002.93	66.274169921875	0.22536422	0.00019504285714285713	0.0006501428571428572	9.610466241836548	25171.518768787384
2450	1185.0721253246886	990.29	66.283447265625	0.22534795	0.000195	0.0006500000000000001	8.599170446395874	25180.11846590042
2451	1197.8586070416634	994.11	66.791015625	0.2253329	0.00019495714285714286	0.0006498571428571429	9.096813201904297	25189.217161417007
2452	1195.803552283345	999.92	66.799072265625	0.2253195	0.0001949142857142857	0.0006497142857142857	8.546363592147827	25197.764133691788
2453	1223.487332811987	1021.1	66.79541015625	0.22531103	0.00019487142857142856	0.0006495714285714286	8.560115337371826	25206.324919700623
2454	1201.4681991135506	1007.28	66.81494140625	0.22530098	0.00019482857142857142	0.0006494285714285715	8.622104167938232	25214.947675466537
2455	1209.8674958291679	1014.69	66.08544921875	0.22521144	0.00019478571428571426	0.0006492857142857142	9.07679009437561	25224.02782678604
2456	1172.836312031154	984.06	67.07568359375	0.22519845	0.00019474285714285713	0.0006491428571428571	8.93562650680542	25232.96408557892
2457	1180.7724106532273	981.28	67.086181640625	0.22518475	0.0001947	0.0006490000000000001	8.56531286239624	25241.52996826172
2458	1205.064644974376	1004.58	66.84423828125	0.22517107	0.00019465714285714283	0.0006488571428571429	9.001769542694092	25250.53236556053
2459	1207.6096454164183	1005.06	66.602783203125	0.22495927	0.0001946142857142857	0.0006487142857142857	11.241743087768555	25261.777163743973
2460	1206.0122396516483	1013.89	66.611572265625	0.22495316	0.00019457142857142855	0.0006485714285714286	8.565253496170044	25270.34298324585
2461	1224.0233148993489	1022.18	65.626953125	0.22490011	0.0001945285714285714	0.0006484285714285714	9.438541173934937	25279.782168626785
2462	1222.8148421519081	1011.36	66.8759765625	0.2248878	0.00019448571428571428	0.0006482857142857144	8.574710130691528	25288.358743429184
2463	1194.7903659732503	1003.41	66.885498046875	0.22487749	0.00019444285714285712	0.0006481428571428571	14.661075830459595	25303.020572185516
2464	1211.5583623343318	1013.15	67.89306640625	0.22486715	0.00019439999999999998	0.000648	8.660594463348389	25311.681762456894
2465	1180.318894875816	997.86	66.886962890625	0.22485547	0.00019435714285714285	0.0006478571428571429	8.57730484008789	25320.261551380157
2466	1211.2049056826395	1010.35	66.9091796875	0.22484325	0.00019431428571428568	0.0006477142857142858	8.574836015701294	25328.83699798584
2467	1232.3832431310022	1024.0	66.9404296875	0.2247563	0.00019427142857142855	0.0006475714285714286	9.287642478942871	25338.12532377243
2468	1203.8284166084156	1004.97	66.423095703125	0.22460598	0.0001942285714285714	0.0006474285714285715	9.102330923080444	25347.228202581406
2469	1226.8958954676775	1020.55	66.697998046875	0.22456622	0.00019418571428571425	0.0006472857142857143	8.608721256256104	25355.838421583176
2470	1208.3893848321134	1012.59	67.1904296875	0.22453086	0.0001941428571428571	0.0006471428571428572	8.559783935546875	25364.398834466934
2471	1213.762947312444	1002.27	63.91015625	0.2244991	0.0001941	0.000647	8.930498838424683	25373.331295728683
2472	1215.2030423472454	1005.82	67.181884765625	0.22446637	0.0001940571428571428	0.0006468571428571428	8.6258385181427	25381.957777500153
2473	1239.9132746334458	1022.41	67.186279296875	0.22443922	0.00019401428571428573	0.0006467142857142858	8.557206869125366	25390.51590037346
2474	1247.477698754558	1024.0	66.962158203125	0.22441286	0.00019397142857142857	0.0006465714285714285	9.145828247070312	25399.662376642227
2475	1211.8510805871645	989.18	66.72314453125	0.22429132	0.00019392857142857138	0.0006464285714285713	9.047346591949463	25408.711312770844
2476	1241.3285725334063	1024.0	66.97314453125	0.22426628	0.0001938857142857143	0.0006462857142857144	8.587421417236328	25417.29935336113
2477	1243.5787517233687	1016.37	66.9892578125	0.22424215	0.00019384285714285713	0.0006461428571428572	9.083005428314209	25426.384467840195
2478	1226.9088634230202	1015.32	67.24755859375	0.22422005	0.0001938	0.000646	8.59462571144104	25434.979759931564
2479	1221.4209870111192	1014.13	67.00537109375	0.22419822	0.00019375714285714286	0.0006458571428571429	8.623019933700562	25443.603458166122
2480	1235.1128403724633	1020.26	67.24951171875	0.22417681	0.0001937142857142857	0.0006457142857142857	8.568003416061401	25452.172943353653
2481	1207.43475199558	1004.63	66.771240234375	0.22415715	0.00019367142857142856	0.0006455714285714286	8.643312931060791	25460.817071676254
2482	1200.081972635637	1002.66	66.779296875	0.22395028	0.00019362857142857142	0.0006454285714285714	11.63603138923645	25472.45376753807
2483	1204.4626739167666	1003.4	67.037353515625	0.22395147	0.00019358571428571426	0.0006452857142857142	8.567391157150269	25481.023114442825
2484	1192.3451968820993	991.31	66.545166015625	0.22393227	0.00019354285714285712	0.0006451428571428571	9.369323968887329	25490.392973661423
2485	1222.3138036516414	1012.38	67.0400390625	0.22391957	0.0001935	0.0006450000000000001	8.558426856994629	25498.952288389206
2486	1231.6810754969263	1013.87	66.56884765625	0.22390538	0.00019345714285714282	0.0006448571428571428	8.607632398605347	25507.560602664948
2487	1188.874462115331	990.26	66.0693359375	0.2235729	0.00019341428571428571	0.0006447142857142858	11.03391981124878	25518.595176935196
2488	1183.7359404482559	985.56	66.576171875	0.22322087	0.00019337142857142855	0.0006445714285714286	11.45558214187622	25530.052758693695
2489	1219.5841922123634	1014.72	66.620849609375	0.22312678	0.0001933285714285714	0.0006444285714285714	11.458169937133789	25541.511470079422
2490	1194.4493985081788	996.63	66.62109375	0.22298658	0.00019328571428571428	0.0006442857142857143	9.634074687957764	25551.15278697014
2491	1216.2617147908788	1017.16	66.839599609375	0.22297151	0.00019324285714285712	0.0006441428571428571	8.623703956604004	25559.777020692825
2492	1201.459821045888	1014.7	66.859375	0.22295375	0.00019319999999999998	0.000644	8.54553747177124	25568.323634147644
2493	1209.6707171308924	1010.93	67.117919921875	0.22293721	0.00019315714285714284	0.000643857142857143	9.208744287490845	25577.53301000595
2494	1197.6079247541402	993.14	65.660400390625	0.22280233	0.00019311428571428568	0.0006437142857142857	11.496076107025146	25589.03098678589
2495	1238.3577415386173	1024.0	66.869384765625	0.2228052	0.00019307142857142854	0.0006435714285714286	8.548604249954224	25597.580177545547
2496	1182.1939418842385	995.37	66.640869140625	0.2227964	0.0001930285714285714	0.0006434285714285715	9.267703294754028	25606.849012613297
2497	1227.9805302157654	1010.35	65.906494140625	0.22270252	0.00019298571428571424	0.0006432857142857143	8.762999057769775	25615.61272072792
2498	1219.1367918381209	1007.76	67.406494140625	0.22268002	0.0001929428571428571	0.0006431428571428571	8.601822853088379	25624.215683460236
2499	1230.7044638805316	1017.06	66.912841796875	0.22265707	0.0001929	0.000643	8.541676044464111	25632.757914066315
2500	1196.0719464194692	998.05	67.42236328125	0.22263615	0.0001928571428571428	0.0006428571428571428	8.750236749649048	25641.508813858032
2501	1219.5012721458781	1024.0	67.429931640625	0.22261798	0.00019281428571428573	0.0006427142857142858	8.600554466247559	25650.111465215683
2502	1216.5887985952788	1014.38	66.453125	0.22251011	0.00019277142857142856	0.0006425714285714285	9.041722774505615	25659.153804779053
2503	1195.5289283435131	1008.03	67.18017578125	0.22248892	0.0001927285714285714	0.0006424285714285714	9.121827125549316	25668.27624607086
2504	1217.7202708594893	1012.27	67.2021484375	0.22247069	0.0001926857142857143	0.0006422857142857144	8.551922798156738	25676.82869911194
2505	1216.289002743602	1014.35	67.210205078125	0.22245108	0.00019264285714285713	0.0006421428571428572	8.595061302185059	25685.425850391388
2506	1225.7292029141179	1016.09	67.20849609375	0.22242765	0.0001926	0.000642	8.574976921081543	25694.001517295837
2507	1231.5912482555525	1015.25	66.9765625	0.22240375	0.00019255714285714286	0.0006418571428571429	8.753376007080078	25702.75703573227
2508	1250.19518059935	1024.0	67.359375	0.22238307	0.0001925142857142857	0.0006417142857142857	8.82421326637268	25711.581856012344
2509	1225.860930409369	1015.09	67.367431640625	0.22236232	0.00019247142857142856	0.0006415714285714286	8.62298846244812	25720.206359148026
2510	1228.1677223254164	1018.84	67.373779296875	0.22234602	0.00019242857142857142	0.0006414285714285714	9.232221603393555	25729.439254760742
2511	1256.5895538838843	1024.0	66.392822265625	0.2222329	0.00019238571428571426	0.0006412857142857142	11.153752326965332	25740.593554019928
2512	1217.9502898438861	1001.63	66.89111328125	0.22221202	0.00019234285714285712	0.0006411428571428572	8.711010694503784	25749.306068897247
2513	1192.5750235751036	988.83	66.64892578125	0.22212891	0.00019229999999999999	0.0006410000000000001	13.125523805618286	25762.432212114334
2514	1253.7801494793562	1019.93	66.6552734375	0.22207953	0.00019225714285714282	0.0006408571428571428	10.759262323379517	25773.192095518112
2515	1228.080563238426	1011.57	67.164794921875	0.22208332	0.0001922142857142857	0.0006407142857142858	8.543998003005981	25781.737788438797
2516	1214.0888939957563	998.32	65.429931640625	0.22181623	0.00019217142857142855	0.0006405714285714286	11.556850910186768	25793.29537510872
2517	1238.4757061381242	1017.05	65.449951171875	0.22165863	0.00019212857142857139	0.0006404285714285714	11.091828107833862	25804.388700962067
2518	1231.1982485387268	1014.99	66.43798828125	0.22146474	0.00019208571428571428	0.0006402857142857143	11.752785921096802	25816.142117500305
2519	1235.0073272796737	1013.92	67.43798828125	0.22146928	0.00019204285714285711	0.0006401428571428571	8.55374550819397	25824.696506023407
2520	1225.3409087724756	991.64	67.4541015625	0.22147655	0.00019199999999999998	0.00064	8.852841854095459	25833.552562236786
2521	1244.0519533417337	1019.33	66.722900390625	0.22109842	0.00019195714285714284	0.000639857142857143	12.219244480133057	25845.772385835648
2522	1229.909753619229	1015.71	66.96923828125	0.22109742	0.00019191428571428568	0.0006397142857142857	9.035727262496948	25854.810909986496
2523	1235.2548394849696	1006.72	67.72021484375	0.22109301	0.00019187142857142854	0.0006395714285714286	8.631971836090088	25863.443422317505
2524	1207.8436423856383	996.31	67.485107421875	0.22108762	0.00019182857142857143	0.0006394285714285715	8.590188264846802	25872.036029338837
2525	1262.6085395010484	1022.52	67.4931640625	0.2210806	0.00019178571428571424	0.0006392857142857142	15.649588108062744	25887.686273813248
2526	1184.2217428392873	984.79	67.0419921875	0.22089505	0.00019174285714285713	0.0006391428571428571	11.807414770126343	25899.495759248734
2527	1237.7735726548299	1010.2	67.515625	0.22089522	0.0001917	0.000639	9.761287212371826	25909.25846672058
2528	1248.2665827765504	1018.62	64.482666015625	0.22070818	0.0001916571428571428	0.0006388571428571428	8.997251272201538	25918.25633764267
2529	1234.4412755777853	1007.43	67.516357421875	0.2206762	0.00019161428571428573	0.0006387142857142858	8.607340097427368	25926.865132570267
2530	1201.1450856411238	993.26	67.524658203125	0.22064783	0.00019157142857142856	0.0006385714285714286	9.134138584136963	25936.000020742416
2531	1220.4546319380825	996.99	67.78662109375	0.2206224	0.0001915285714285714	0.0006384285714285714	8.589353084564209	25944.59004187584
2532	1190.1553618025916	987.95	67.532958984375	0.22059478	0.0001914857142857143	0.0006382857142857144	8.693944215774536	25953.28631901741
2533	1219.3259805543846	1007.42	67.30224609375	0.22056931	0.00019144285714285713	0.0006381428571428571	8.585458040237427	25961.872310876846
2534	1223.4859368189555	1005.36	67.56005859375	0.22054596	0.0001914	0.000638	9.103854179382324	25970.97682404518
2535	1242.7768926416738	1011.97	66.8212890625	0.2204616	0.00019135714285714285	0.0006378571428571429	11.51512861251831	25982.494272470474
2536	1237.9934586539139	1010.34	66.828857421875	0.2203149	0.0001913142857142857	0.0006377142857142857	11.192226648330688	25993.68765282631
2537	1207.6979888289184	987.97	66.8662109375	0.22011904	0.00019127142857142855	0.0006375714285714285	11.883861541748047	26005.571813344955
2538	1241.9286371443743	1012.05	67.367431640625	0.22010784	0.00019122857142857142	0.0006374285714285714	11.257065296173096	26016.83052134514
2539	1252.5058026958166	1016.73	67.60986328125	0.22010452	0.00019118571428571426	0.0006372857142857143	9.141201734542847	26025.97230195999
2540	1240.3155357369278	1008.32	67.12841796875	0.21997724	0.00019114285714285712	0.0006371428571428572	11.585427522659302	26037.559953927994
2541	1255.3901919001844	1024.0	67.12548828125	0.21992244	0.00019109999999999998	0.000637	8.799340724945068	26046.36078429222
2542	1220.1941331926582	996.6	67.6337890625	0.21990444	0.00019105714285714282	0.0006368571428571428	8.84315037727356	26055.204277276993
2543	1260.2154938297767	1021.91	67.641845703125	0.21988529	0.0001910142857142857	0.0006367142857142858	8.68159294128418	26063.88611984253
2544	1197.8510849222603	984.24	67.648193359375	0.21986485	0.00019097142857142855	0.0006365714285714286	9.0340735912323	26072.920858621597
2545	1250.130875421744	1010.64	67.905517578125	0.21984796	0.0001909285714285714	0.0006364285714285714	8.593143939971924	26081.516062021255
2546	1256.28787144808	1016.54	67.413330078125	0.2198353	0.00019088571428571428	0.0006362857142857143	8.981172323226929	26090.497884511948
2547	1251.5634636942348	1011.36	67.921142578125	0.2195888	0.0001908428571428571	0.0006361428571428571	10.891501903533936	26101.391713142395
2548	1226.3253984788973	1005.22	67.17919921875	0.21957628	0.00019079999999999998	0.0006360000000000001	8.733654022216797	26110.125913619995
2549	1229.1481264389483	1014.98	67.437255859375	0.21940447	0.00019075714285714284	0.0006358571428571429	11.865804195404053	26121.9922850132
2550	1226.06859849229	998.32	65.98779296875	0.21922474	0.00019071428571428568	0.0006357142857142857	11.69843602180481	26133.693041086197
2551	1264.3545597588095	1024.0	67.20263671875	0.2191912	0.00019067142857142854	0.0006355714285714286	8.800722599029541	26142.495936632156
2552	1252.999510891487	1015.54	67.460693359375	0.21917932	0.00019062857142857143	0.0006354285714285715	13.222486972808838	26155.71911549568
2553	1254.9637926180505	1016.37	67.469482421875	0.21916468	0.00019058571428571424	0.0006352857142857142	8.771178483963013	26164.491718053818
2554	1239.1144841714918	1014.0	67.4775390625	0.21914756	0.00019054285714285713	0.0006351428571428571	8.597888469696045	26173.09017443657
2555	1257.3112447331057	1020.12	67.4833984375	0.21912841	0.0001905	0.000635	11.849213123321533	26184.943080425262
2556	1245.034685292608	1018.39	67.7431640625	0.21911097	0.00019045714285714283	0.0006348571428571428	8.708504676818848	26193.652325630188
2557	1250.521386708796	1024.0	67.751708984375	0.21908866	0.00019041428571428572	0.0006347142857142858	8.566259384155273	26202.219232082367
2558	1237.9385508893856	1014.27	67.260009765625	0.21919648	0.00019037142857142856	0.0006345714285714286	12.40658187866211	26214.628225803375
2559	1259.4557058355215	1024.0	67.2578125	0.21915917	0.00019032857142857142	0.0006344285714285715	13.598047018051147	26228.227951526642
2560	1246.9297048650906	1022.31	67.27587890625	0.21914794	0.0001902857142857143	0.0006342857142857144	9.185457229614258	26237.4140355587
2561	1254.8026592644514	1020.23	67.533447265625	0.2191323	0.00019024285714285712	0.0006341428571428571	8.584323644638062	26246.0006210804
2562	1234.0394727379462	1009.09	67.539306640625	0.2191175	0.0001902	0.000634	8.634570121765137	26254.635823965073
2563	1229.8149963147364	1004.61	67.541259765625	0.21910436	0.00019015714285714285	0.0006338571428571429	8.57238221168518	26263.221517562866
2564	1217.291221392242	999.72	67.557373046875	0.21909064	0.0001901142857142857	0.0006337142857142857	8.794798612594604	26272.01699590683
2565	1250.1747638941667	1015.31	67.565185546875	0.21907681	0.00019007142857142855	0.0006335714285714285	8.564676523208618	26280.585218906403
2566	1217.6723781535204	1006.37	66.846435546875	0.21892422	0.00019002857142857142	0.0006334285714285715	11.20264482498169	26291.788554906845
2567	1234.020573420745	1020.17	66.6162109375	0.2188868	0.00018998571428571425	0.0006332857142857143	11.4079430103302	26303.199461460114
2568	1244.1722105493711	1017.99	67.085205078125	0.21889777	0.00018994285714285712	0.0006331428571428572	9.125111818313599	26312.325926303864
2569	1217.5415735846718	1012.38	67.618408203125	0.21879959	0.00018989999999999998	0.000633	11.091806650161743	26323.418296575546
2570	1204.72130695781	995.06	67.12646484375	0.21862727	0.00018985714285714282	0.0006328571428571428	12.316349506378174	26335.736916542053
2571	1247.313492672818	1020.06	67.13525390625	0.21848322	0.0001898142857142857	0.0006327142857142858	9.026739120483398	26344.76406478882
2572	1248.148031176607	1022.12	67.76025390625	0.21845843	0.00018977142857142855	0.0006325714285714286	8.568909883499146	26353.333231925964
2573	1247.3826503083526	1018.95	68.000732421875	0.21843411	0.0001897285714285714	0.0006324285714285714	8.631134033203125	26361.974592208862
2574	1250.284604055246	1014.47	67.99658203125	0.21841343	0.00018968571428571427	0.0006322857142857144	8.556008100509644	26370.53125357628
2575	1226.1278331759418	999.65	67.767822265625	0.2183948	0.0001896428571428571	0.0006321428571428572	8.630573749542236	26379.162063598633
2576	1240.4118116703721	1014.19	67.52490234375	0.21822351	0.00018959999999999997	0.000632	12.979671239852905	26392.143607854843
2577	1257.8857538506452	1024.0	68.033935546875	0.21820569	0.00018955714285714286	0.0006318571428571429	8.585285663604736	26400.729577064514
2578	1253.4237665541777	1017.04	68.042236328125	0.21818936	0.00018951428571428567	0.0006317142857142857	8.589946508407593	26409.32120156288
2579	1259.2335176997287	1014.83	67.79150390625	0.21817283	0.00018947142857142857	0.0006315714285714286	11.294764995574951	26420.616250276566
2580	1250.4920237217284	1024.0	67.319580078125	0.21812898	0.00018942857142857143	0.0006314285714285714	14.559670448303223	26435.17741751671
2581	1238.6366885369855	1011.22	66.3232421875	0.21805517	0.00018938571428571424	0.0006312857142857142	8.985945701599121	26444.163484573364
2582	1243.557043965151	1012.92	68.3232421875	0.21803933	0.00018934285714285713	0.0006311428571428571	8.701339960098267	26452.86613059044
2583	1250.4585896876183	1016.48	67.846923828125	0.21802239	0.0001893	0.000631	8.565713167190552	26461.432093143463
2584	1243.4475669984918	1020.09	67.38623046875	0.21780354	0.00018925714285714283	0.0006308571428571427	10.590157270431519	26472.02415060997
2585	1237.782946856684	1018.4	66.89404296875	0.21786018	0.00018921428571428572	0.0006307142857142858	10.805060625076294	26482.830567121506
2586	1249.6544089059432	1016.32	65.06884765625	0.21779649	0.00018917142857142856	0.0006305714285714286	10.894047260284424	26493.725429296494
2587	1253.2109993913318	1024.0	66.3583984375	0.21780036	0.00018912857142857142	0.0006304285714285715	8.755263090133667	26502.484357118607
2588	1264.9047044494573	1024.0	67.865966796875	0.21779685	0.00018908571428571429	0.0006302857142857143	8.682734489440918	26511.167495250702
2589	1262.7094865131187	1024.0	67.876953125	0.21779327	0.00018904285714285712	0.0006301428571428571	8.580965042114258	26519.748759031296
2590	1259.7488739312587	1024.0	67.87646484375	0.21778607	0.00018899999999999999	0.00063	8.576797723770142	26528.32768392563
2591	1253.347868344703	1020.14	67.892822265625	0.21777846	0.00018895714285714285	0.0006298571428571429	9.26801061630249	26537.595907211304
2592	1249.389092141582	1024.0	68.14892578125	0.21776919	0.0001889142857142857	0.0006297142857142856	9.1724374294281	26546.769775867462
2593	1262.3424491779613	1023.99	67.1572265625	0.21750514	0.00018887142857142855	0.0006295714285714286	11.032704830169678	26557.803027153015
2594	1260.3628105613786	1024.0	68.40478515625	0.21749426	0.00018882857142857141	0.0006294285714285715	9.3807954788208	26567.18727707863
2595	1248.1270751302122	1024.0	68.1728515625	0.2174867	0.00018878571428571425	0.0006292857142857143	8.641843318939209	26575.829245090485
2596	1262.8161849493863	1022.0	68.180908203125	0.21747859	0.00018874285714285714	0.0006291428571428572	8.60274052619934	26584.437958717346
2597	1254.9681576297196	1024.0	68.188720703125	0.21746887	0.00018869999999999998	0.000629	8.603367567062378	26593.04190969467
2598	1254.809764418299	1018.12	68.18798828125	0.21745513	0.00018865714285714282	0.0006288571428571428	8.706013202667236	26601.749779462814
2599	1259.677728385371	1020.47	68.455078125	0.21744101	0.0001886142857142857	0.0006287142857142858	8.571677684783936	26610.32208609581
2600	1246.0378746188587	1017.16	68.212646484375	0.21742749	0.00018857142857142854	0.0006285714285714285	8.70863652229309	26619.03135061264
2601	1259.153475233214	1015.12	68.21923828125	0.2174129	0.0001885285714285714	0.0006284285714285714	9.160911798477173	26628.194228887558
2602	1265.8104409613582	1023.92	67.736328125	0.21740061	0.00018848571428571427	0.0006282857142857144	8.5893714427948	26636.78415131569
2603	1258.8396833793852	1014.27	68.236328125	0.21734653	0.0001884428571428571	0.0006281428571428572	8.876800298690796	26645.6635658741
2604	1267.286690127663	1023.19	68.2451171875	0.2173385	0.00018839999999999997	0.000628	8.572903394699097	26654.23702931404
2605	1249.8461404968536	1016.79	68.4892578125	0.21732719	0.00018835714285714286	0.0006278571428571429	8.68404769897461	26662.9230530262
2606	1277.943402236029	1024.0	68.5107421875	0.21731435	0.00018831428571428567	0.0006277142857142857	8.722111940383911	26671.645861148834
2607	1255.701975367608	1022.1	67.7685546875	0.2171921	0.00018827142857142856	0.0006275714285714286	10.912387609481812	26682.55879497528
2608	1268.2146232654952	1022.3	68.2763671875	0.21719682	0.00018822857142857143	0.0006274285714285714	8.737191200256348	26691.29811859131
2609	1265.7122902455847	1024.0	67.284423828125	0.2169875	0.00018818571428571426	0.0006272857142857142	11.171964406967163	26702.470732688904
2610	1264.6682076257378	1023.86	68.278564453125	0.21699183	0.00018814285714285715	0.0006271428571428573	8.693447589874268	26711.17820072174
2611	1275.286121901424	1024.0	68.07373046875	0.21687208	0.0001881	0.0006270000000000001	11.307180404663086	26722.486037254333
2612	1257.8621975799765	1018.99	68.30810546875	0.21687733	0.00018805714285714283	0.0006268571428571428	8.679851293563843	26731.166736125946
2613	1267.850399493395	1024.0	67.564453125	0.21681936	0.00018801428571428572	0.0006267142857142858	11.62956166267395	26742.796910762787
2614	1257.3053827163526	1014.34	68.072265625	0.21681993	0.00018797142857142856	0.0006265714285714286	8.684081315994263	26751.48290872574
2615	1253.4926685362593	1022.5	67.36181640625	0.2168194	0.00018792857142857142	0.0006264285714285715	11.580959558486938	26763.064556121826
2616	1255.831227138768	1018.0	68.087890625	0.21652676	0.00018788571428571428	0.0006262857142857143	11.294161081314087	26774.36067342758
2617	1238.963400992497	1002.59	67.595703125	0.21612127	0.00018784285714285712	0.0006261428571428571	13.191672325134277	26787.55308365822
2618	1256.828093543076	1024.0	68.127197265625	0.21618347	0.00018779999999999998	0.000626	10.968775510787964	26798.52407002449
2619	1262.6889692823702	1024.0	68.097900390625	0.21617186	0.00018775714285714285	0.000625857142857143	9.207945108413696	26807.732568979263
2620	1242.9448857147988	1012.55	68.120849609375	0.21616249	0.00018771428571428568	0.0006257142857142857	8.662081241607666	26816.396604537964
2621	1267.6289768418806	1020.39	68.380859375	0.21615143	0.00018767142857142855	0.0006255714285714286	8.619451761245728	26825.016715049744
2622	1245.36773405778	1014.3	68.38720703125	0.21613859	0.0001876285714285714	0.0006254285714285715	8.610015869140625	26833.627935647964
2623	1273.6369688126515	1022.16	68.396728515625	0.2161258	0.00018758571428571425	0.0006252857142857142	8.646088123321533	26842.274646759033
2624	1258.7294563183757	1019.98	68.654541015625	0.21611504	0.00018754285714285714	0.0006251428571428572	8.58570647239685	26850.862118005753
2625	1260.9442454071755	1017.91	68.412353515625	0.21610157	0.00018749999999999998	0.000625	8.583945512771606	26859.44667816162
2626	1255.2245171248862	1024.0	68.655029296875	0.21609128	0.0001874571428571428	0.0006248571428571428	9.152209997177124	26868.601162433624
2627	1259.9847290411833	1017.93	67.928466796875	0.21603759	0.0001874142857142857	0.0006247142857142858	11.831260681152344	26880.43309736252
2628	1241.750101799055	1006.12	67.93603515625	0.21581967	0.00018737142857142854	0.0006245714285714285	11.687743663787842	26892.122697114944
2629	1247.6586200922852	1008.39	67.978759765625	0.21564986	0.0001873285714285714	0.0006244285714285715	9.354451417922974	26901.478523254395
2630	1254.7002623863302	1016.44	68.199951171875	0.21562965	0.0001872857142857143	0.0006242857142857144	8.925195693969727	26910.40400147438
2631	1267.7938078160423	1020.13	68.45947265625	0.21561082	0.0001872428571428571	0.0006241428571428571	8.624311208724976	26919.028954982758
2632	1260.285867804264	1019.74	67.996337890625	0.21551104	0.0001872	0.000624	9.69212555885315	26928.72316455841
2633	1255.5694437769805	1012.09	68.475830078125	0.21550395	0.00018715714285714286	0.0006238571428571429	8.979076862335205	26937.7028632164
2634	1253.4464763336841	1016.15	68.233642578125	0.21549553	0.00018711428571428567	0.0006237142857142857	8.623680591583252	26946.327963590622
2635	1252.897675001535	1015.98	67.49072265625	0.21549286	0.00018707142857142856	0.0006235714285714285	12.276132106781006	26958.604731798172
2636	1248.11115611243	1024.0	68.123046875	0.2154278	0.00018702857142857142	0.0006234285714285714	9.265743255615234	26967.882744789124
2637	1255.0307775317642	1024.0	68.6171875	0.2154123	0.00018698571428571426	0.0006232857142857142	10.615708589553833	26978.498998641968
2638	1264.1660813635658	1016.58	68.3876953125	0.21540014	0.00018694285714285715	0.0006231428571428573	9.170694828033447	26987.670317173004
2639	1245.507877406086	1010.56	67.90869140625	0.21519774	0.0001869	0.000623	12.033112049102783	26999.705404043198
2640	1260.4307624188693	1012.6	68.155029296875	0.21512133	0.00018685714285714283	0.0006228571428571428	12.802065372467041	27012.509319782257
2641	1263.050051285408	1024.0	67.94775390625	0.21508163	0.00018681428571428572	0.0006227142857142858	8.973071813583374	27021.48405480385
2642	1248.2999039796318	1017.82	68.670654296875	0.21506904	0.00018677142857142855	0.0006225714285714286	8.879887819290161	27030.364662647247
2643	1250.5906962483748	1011.62	65.636962890625	0.21505886	0.00018672857142857142	0.0006224285714285714	8.569151163101196	27038.934496164322
2644	1239.681322939718	1005.68	68.40869140625	0.21504682	0.00018668571428571428	0.0006222857142857143	9.14405632019043	27048.080625772476
2645	1252.8564465371383	1010.69	68.421630859375	0.21503596	0.00018664285714285712	0.0006221428571428571	8.687670469284058	27056.76884150505
2646	1256.0808523546793	1024.0	68.930419921875	0.21502574	0.00018659999999999998	0.000622	8.6013662815094	27065.372200012207
2647	1260.5499417729727	1022.17	68.6796875	0.21501832	0.00018655714285714285	0.0006218571428571429	8.589684963226318	27073.96253347397
2648	1268.4868846961733	1020.79	67.70703125	0.21493347	0.00018651428571428568	0.0006217142857142857	11.512611389160156	27085.47674703598
2649	1264.8823189050638	1024.0	67.969482421875	0.21477579	0.00018647142857142855	0.0006215714285714286	11.648569822311401	27097.127221107483
2650	1229.8571409058682	1004.9	68.72705078125	0.21464139	0.0001864285714285714	0.0006214285714285715	12.009716272354126	27109.137488365173
2651	1243.7060057284114	1015.07	68.23828125	0.21447922	0.00018638571428571425	0.0006212857142857142	11.742639541625977	27120.88125038147
2652	1271.294716611626	1017.98	68.01953125	0.2144707	0.00018634285714285714	0.0006211428571428572	12.703738451004028	27133.585565328598
2653	1281.9231030700014	1024.0	68.255126953125	0.21431632	0.00018629999999999997	0.000621	11.261651039123535	27144.849207401276
2654	1267.1321123980165	1020.02	68.012939453125	0.21407492	0.0001862571428571428	0.0006208571428571428	12.025726795196533	27156.875475406647
2655	1259.8109960400905	1012.85	68.02099609375	0.21409905	0.0001862142857142857	0.0006207142857142857	9.507031917572021	27166.38488674164
2656	1270.1570941969917	1022.11	68.528564453125	0.21405835	0.00018617142857142854	0.0006205714285714286	9.482829332351685	27175.86790585518
2657	1238.342620222877	1004.34	68.036376953125	0.21390851	0.0001861285714285714	0.0006204285714285715	12.643280744552612	27188.511950731277
2658	1237.4978785584938	998.23	68.044189453125	0.2137075	0.0001860857142857143	0.0006202857142857144	11.924410343170166	27200.4380133152
2659	1248.3268844789463	1012.25	68.30224609375	0.21356796	0.0001860428571428571	0.0006201428571428571	11.281773328781128	27211.719989538193
2660	1285.56948142863	1024.0	68.30810546875	0.21354562	0.000186	0.00062	9.064608573913574	27220.78527879715
2661	1264.1928918027897	1019.92	68.124755859375	0.21354069	0.00018595714285714286	0.0006198571428571429	11.583900928497314	27232.370661258698
2662	1244.213454810207	1016.36	68.07373046875	0.21340477	0.0001859142857142857	0.0006197142857142857	11.604501008987427	27243.975379943848
2663	1279.3241384606322	1024.0	68.08203125	0.21329302	0.00018587142857142856	0.0006195714285714285	10.65537714958191	27254.633671045303
2664	1246.2657401777883	1014.67	68.58984375	0.21328972	0.00018582857142857142	0.0006194285714285714	8.903623580932617	27263.538810253143
2665	1218.321559731921	994.16	67.883056640625	0.21315788	0.00018578571428571426	0.0006192857142857143	11.412200450897217	27274.951867341995
2666	1269.2507482720662	1024.0	68.35546875	0.21304697	0.00018574285714285715	0.0006191428571428573	8.974565744400024	27283.927008390427
2667	1258.182540665498	1014.44	68.86328125	0.21302561	0.0001857	0.000619	8.72307538986206	27292.651536226273
2668	1252.0317222160775	1019.57	68.621826171875	0.21300596	0.00018565714285714285	0.0006188571428571429	8.594638586044312	27301.246845960617
2669	1263.8389304769357	1024.0	68.6298828125	0.21298523	0.00018561428571428571	0.0006187142857142858	8.696660995483398	27309.946113586426
2670	1266.9540209786426	1015.03	69.63818359375	0.21296747	0.00018557142857142855	0.0006185714285714286	9.188409805297852	27319.135209798813
2671	1250.8044649618469	1014.0	68.155517578125	0.21293737	0.00018552857142857142	0.0006184285714285714	8.622036457061768	27327.758750915527
2672	1279.0519538361552	1024.0	68.927978515625	0.21292086	0.00018548571428571428	0.0006182857142857143	8.592887878417969	27336.35219478607
2673	1261.6080166666686	1020.19	68.68115234375	0.21290521	0.00018544285714285712	0.0006181428571428571	9.032100915908813	27345.38441681862
2674	1215.3619734303832	982.92	68.670166015625	0.21288775	0.00018539999999999998	0.0006180000000000001	8.631918668746948	27354.021614789963
2675	1265.5287704384825	1017.55	69.17578125	0.21287344	0.00018535714285714284	0.0006178571428571429	8.555360078811646	27362.577620744705
2676	1257.6053757478633	1010.48	67.4658203125	0.21275084	0.00018531428571428568	0.0006177142857142857	11.683990240097046	27374.263704776764
2677	1273.8178325688036	1016.37	67.949951171875	0.21273334	0.00018527142857142854	0.0006175714285714286	9.229142665863037	27383.493455171585
2678	1253.8818106403287	1006.52	68.951171875	0.21272667	0.0001852285714285714	0.0006174285714285714	8.737117528915405	27392.231206417084
2679	1241.7076539398975	1005.1	68.709716796875	0.21271615	0.00018518571428571424	0.0006172857142857142	8.57665205001831	27400.808540582657
2680	1258.4215291552935	1016.2	68.467529296875	0.21243481	0.00018514285714285714	0.0006171428571428572	12.458207130432129	27413.268998384476
2681	1245.4085129963992	1000.49	68.474853515625	0.21221744	0.00018509999999999997	0.000617	11.992944478988647	27425.26319527626
2682	1271.1494053432816	1018.35	67.98291015625	0.21203701	0.00018505714285714284	0.0006168571428571428	12.42634105682373	27437.689683675766
2683	1260.586893919022	1006.41	68.490966796875	0.21190839	0.00018501428571428573	0.0006167142857142858	11.595116376876831	27449.286456346512
2684	1262.6821583865792	1019.27	68.508544921875	0.21168451	0.00018497142857142854	0.0006165714285714286	12.524708032608032	27461.813045024872
2685	1257.3179413420116	1016.06	68.754638671875	0.21155994	0.00018492857142857143	0.0006164285714285715	11.853841543197632	27473.667454719543
2686	1230.4646793870184	999.14	68.74951171875	0.21156009	0.0001848857142857143	0.0006162857142857143	8.651097059249878	27482.31946659088
2687	1260.892353642802	1014.25	68.545166015625	0.21133256	0.0001848428571428571	0.0006161428571428571	11.765752792358398	27494.08579325676
2688	1256.220440019706	1007.37	68.7958984375	0.21108031	0.0001848	0.000616	11.754748106002808	27505.84206843376
2689	1277.921421164465	1024.0	68.335205078125	0.21091652	0.00018475714285714286	0.0006158571428571429	9.251777410507202	27515.094543218613
2690	1266.8704853926415	1022.08	68.79638671875	0.21089415	0.0001847142857142857	0.0006157142857142856	8.601588010787964	27523.69771838188
2691	1288.8574940807632	1018.25	69.052490234375	0.21087117	0.00018467142857142856	0.0006155714285714285	8.969621419906616	27532.667984485626
2692	1275.77575327039	1022.23	68.81201171875	0.21093225	0.00018462857142857142	0.0006154285714285715	12.607891082763672	27545.27698326111
2693	1264.4731374285475	1012.46	68.113037109375	0.2108167	0.00018458571428571426	0.0006152857142857143	11.316941738128662	27556.59618115425
2694	1261.816753437905	1016.05	67.643310546875	0.21067959	0.00018454285714285715	0.0006151428571428572	11.306636810302734	27567.903391361237
2695	1268.0119061090113	1024.0	69.085693359375	0.21068196	0.00018449999999999999	0.000615	8.664250135421753	27576.56947684288
2696	1258.8976521867	1012.48	68.593505859375	0.21063966	0.00018445714285714285	0.0006148571428571429	9.404531002044678	27585.974668502808
2697	1266.5585684595965	1014.68	68.85205078125	0.21062277	0.0001844142857142857	0.0006147142857142858	8.67782711982727	27594.65398812294
2698	1236.7516560715294	999.53	69.34423828125	0.21060555	0.00018437142857142855	0.0006145714285714285	8.603018283843994	27603.25754094124
2699	1274.9473996557508	1024.0	69.117431640625	0.21058647	0.0001843285714285714	0.0006144285714285714	8.596552610397339	27611.856060028076
2700	1267.6386042854258	1020.2	69.627197265625	0.21056712	0.00018428571428571428	0.0006142857142857143	8.912482976913452	27620.769189357758
2701	1264.796124766714	1024.0	66.101806640625	0.21054584	0.00018424285714285711	0.0006141428571428572	8.982701778411865	27629.757205963135
2702	1271.665618397729	1017.83	68.824951171875	0.21052794	0.00018419999999999998	0.000614	8.652425765991211	27638.41022157669
2703	1243.8144590769634	1007.2	67.968505859375	0.21027993	0.00018415714285714284	0.0006138571428571429	11.8563392162323	27650.268332481384
2704	1224.7626199931533	1000.55	68.41259765625	0.21015657	0.00018411428571428568	0.0006137142857142857	8.963507413864136	27659.23237800598
2705	1256.9625916549921	1016.29	69.1728515625	0.21013583	0.00018407142857142854	0.0006135714285714286	8.75456953048706	27667.98881340027
2706	1263.206317649893	1018.77	69.1826171875	0.21011692	0.0001840285714285714	0.0006134285714285714	9.117050170898438	27677.106454372406
2707	1237.0781209542208	996.19	69.43798828125	0.21009971	0.00018398571428571424	0.0006132857142857142	8.624773025512695	27685.732290267944
2708	1269.5332279230863	1024.0	69.448486328125	0.21008374	0.00018394285714285713	0.0006131428571428572	8.979652881622314	27694.712574005127
2709	1256.440707110245	1008.39	68.96044921875	0.20999013	0.00018389999999999997	0.000613	8.849824905395508	27703.56444478035
2710	1251.4634141290924	1014.46	68.962158203125	0.20996715	0.00018385714285714283	0.0006128571428571429	8.742655277252197	27712.307736873627
2711	1273.157914702262	1024.0	69.23046875	0.20994444	0.00018381428571428573	0.0006127142857142858	10.649195909500122	27722.959198236465
2712	1267.577865330368	1018.1	69.240234375	0.20992325	0.00018377142857142854	0.0006125714285714286	8.594927549362183	27731.55468225479
2713	1266.3258522715714	1012.04	69.249755859375	0.20990531	0.00018372857142857143	0.0006124285714285715	8.950639724731445	27740.505583047867
2714	1233.3789047785228	993.54	68.759521484375	0.20980628	0.0001836857142857143	0.0006122857142857143	11.858006477355957	27752.36504840851
2715	1270.965280427077	1024.0	69.019775390625	0.20977236	0.00018364285714285713	0.0006121428571428571	11.20768117904663	27763.57417678833
2716	1251.4901090153817	1012.57	69.05322265625	0.20973258	0.0001836	0.000612	10.924980878829956	27774.499282598495
2717	1239.3589479043394	1009.98	69.0380859375	0.20973313	0.00018355714285714285	0.0006118571428571429	8.94581937789917	27783.447304964066
2718	1248.0499121998846	1001.95	69.5498046875	0.20973337	0.0001835142857142857	0.0006117142857142856	8.639861583709717	27792.08736228943
2719	1272.8347421354365	1024.0	69.310302734375	0.20970291	0.00018347142857142858	0.0006115714285714287	8.876901149749756	27800.964388608932
2720	1262.5931123977343	1006.4	68.8203125	0.20962106	0.00018342857142857142	0.0006114285714285715	11.51868486404419	27812.48499274254
2721	1266.2155258716493	1020.27	68.08740234375	0.20956053	0.00018338571428571426	0.0006112857142857143	12.33818769454956	27824.824641942978
2722	1265.5118962103772	1019.13	68.346923828125	0.2095014	0.00018334285714285715	0.0006111428571428572	11.245834827423096	27836.071048259735
2723	1259.6058532610443	1012.38	69.340087890625	0.20950441	0.00018329999999999998	0.000611	8.607207536697388	27844.680081367493
2724	1250.2039407243608	1006.3	68.39453125	0.20933801	0.00018325714285714285	0.0006108571428571429	12.286782503128052	27856.967492580414
2725	1259.5549859714813	1017.53	68.89306640625	0.20931093	0.0001832142857142857	0.0006107142857142858	9.101073265075684	27866.06992292404
2726	1266.666693473628	1024.0	69.37890625	0.20930278	0.00018317142857142855	0.0006105714285714285	8.578271865844727	27874.648331165314
2727	1251.9799764708614	1006.09	69.388671875	0.20929773	0.0001831285714285714	0.0006104285714285714	8.590236186981201	27883.24060153961
2728	1275.2180444349667	1024.0	69.390625	0.20929275	0.00018308571428571428	0.0006102857142857144	8.700283765792847	27891.94151186943
2729	1273.1351431866447	1023.93	69.408447265625	0.2092902	0.0001830428571428571	0.0006101428571428571	8.602020263671875	27900.54557967186
2730	1262.5735928414967	1016.33	69.418212890625	0.20928611	0.00018299999999999998	0.00061	8.689220428466797	27909.235355615616
2731	1262.6586674447963	1017.99	69.428466796875	0.20928353	0.00018295714285714284	0.0006098571428571429	9.385806322097778	27918.62315440178
2732	1277.5146517767053	1024.0	68.49462890625	0.20907934	0.00018291428571428568	0.0006097142857142857	11.809261083602905	27930.43298482895
2733	1261.5173711774944	1013.0	68.7294921875	0.20890357	0.00018287142857142857	0.0006095714285714286	11.6752290725708	27942.110655784607
2734	1282.0871295626664	1024.0	69.4560546875	0.20890355	0.0001828285714285714	0.0006094285714285714	8.770691156387329	27950.88190793991
2735	1254.9884566571804	1014.06	67.973388671875	0.2087246	0.00018278571428571424	0.0006092857142857142	11.883564233779907	27962.76831960678
2736	1268.438533053692	1024.0	68.476318359375	0.20872156	0.00018274285714285716	0.0006091428571428573	8.987736225128174	27971.75863957405
2737	1273.2657377446017	1024.0	69.486572265625	0.20871945	0.00018269999999999997	0.000609	8.875853300094604	27980.635319948196
2738	1266.3491431749064	1017.44	69.23291015625	0.20871729	0.00018265714285714286	0.0006088571428571429	8.950056791305542	27989.58603453636
2739	1274.6811958239882	1018.0	69.510009765625	0.2087153	0.00018261428571428572	0.0006087142857142858	8.609691143035889	27998.197291851044
2740	1270.6232070419778	1022.23	68.519287109375	0.20854045	0.00018257142857142853	0.0006085714285714286	11.247926712036133	28009.445780992508
2741	1251.0682340924511	1009.45	69.029296875	0.20853256	0.00018252857142857142	0.0006084285714285714	8.98531723022461	28018.433807849884
2742	1251.903338167473	1014.03	69.28955078125	0.20852469	0.0001824857142857143	0.0006082857142857143	8.62388801574707	28027.058245658875
2743	1246.229506093652	1001.64	69.78515625	0.20851518	0.00018244285714285712	0.0006081428571428571	9.125556945800781	28036.18466114998
2744	1253.7064668394678	1016.07	69.556884765625	0.20850879	0.0001824	0.000608	8.581266164779663	28044.766567468643
2745	1258.0376399188522	1015.95	69.318603515625	0.20849894	0.00018235714285714285	0.0006078571428571428	8.59145474433899	28053.36026096344
2746	1265.8092357129651	1020.62	69.078857421875	0.20836699	0.0001823142857142857	0.0006077142857142856	10.382045269012451	28063.743020772934
2747	1258.1930879432034	1013.91	68.88525390625	0.20823185	0.00018227142857142858	0.0006075714285714287	11.432995557785034	28075.17904829979
2748	1267.0133673260154	1024.0	69.110107421875	0.20807673	0.00018222857142857142	0.0006074285714285715	12.132838487625122	28087.31356549263
2749	1265.728201150977	1024.0	69.3583984375	0.20807822	0.00018218571428571425	0.0006072857142857142	9.17471194267273	28096.490206956863
2750	1271.4869837698693	1016.11	69.6181640625	0.20808	0.00018214285714285714	0.0006071428571428572	8.57195520401001	28105.062302827835
2751	1282.3202618049074	1024.0	69.77490234375	0.2080779	0.00018209999999999998	0.000607	8.667152881622314	28113.73157453537
2752	1273.4468921754267	1024.0	69.78369140625	0.20807874	0.00018205714285714284	0.0006068571428571429	8.583834648132324	28122.316035747528
2753	1261.9641133113473	1016.09	69.54150390625	0.20808111	0.0001820142857142857	0.0006067142857142857	8.724955797195435	28131.043018341064
2754	1272.427797755863	1022.11	69.02587890625	0.20819432	0.00018197142857142855	0.0006065714285714285	10.669394731521606	28141.713049411774
2755	1267.8202126666822	1019.04	69.53369140625	0.20787936	0.0001819285714285714	0.0006064285714285715	11.665819883346558	28153.379012584686
2756	1256.3149522441286	1008.97	69.539794921875	0.20786907	0.00018188571428571427	0.0006062857142857144	12.136221408843994	28165.517083644867
2757	1261.9248022200034	1010.45	70.5478515625	0.20776455	0.0001818428571428571	0.0006061428571428571	12.343861103057861	28177.861618995667
2758	1267.2416526081631	1014.39	66.77099609375	0.20771164	0.00018179999999999997	0.000606	12.20422649383545	28190.06808590889
2759	1273.9257702867317	1024.0	69.3046875	0.20768833	0.00018175714285714284	0.0006058571428571429	10.468379974365234	28200.538729429245
2760	1265.409824403712	1010.99	69.313232421875	0.20761116	0.00018171428571428567	0.0006057142857142857	11.887452602386475	28212.426752328873
2761	1278.0178829252325	1020.12	69.82861328125	0.20747094	0.0001816714285714286	0.0006055714285714286	9.235870122909546	28221.66490459442
2762	1260.2647859698807	1010.23	69.83642578125	0.20745641	0.0001816285714285714	0.0006054285714285714	8.990100622177124	28230.655577898026
2763	1282.6757886359617	1013.98	70.094482421875	0.20743994	0.00018158571428571424	0.0006052857142857142	8.700981378555298	28239.357230901718
2764	1253.3613026245723	1010.16	69.352294921875	0.20731755	0.00018154285714285716	0.0006051428571428573	9.570047855377197	28248.929046154022
2765	1267.0265424477845	1008.83	69.360595703125	0.20730305	0.00018149999999999997	0.000605	8.59943175315857	28257.529102802277
2766	1289.4368758206217	1020.49	69.8681640625	0.20728983	0.00018145714285714286	0.0006048571428571429	10.033270120620728	28267.563074350357
2767	1249.082713181294	1006.57	69.376220703125	0.2071151	0.00018141428571428572	0.0006047142857142858	10.033232688903809	28277.598293066025
2768	1257.1034244825466	1014.41	69.635009765625	0.2070986	0.00018137142857142856	0.0006045714285714286	8.76090145111084	28286.3597741127
2769	1274.284235631217	1020.57	69.142822265625	0.20684244	0.00018132857142857142	0.0006044285714285714	11.631762742996216	28297.992215156555
2770	1248.9558137007753	1006.41	69.901123046875	0.20683987	0.00018128571428571429	0.0006042857142857143	9.424981832504272	28307.41839313507
2771	1246.0668766678252	1003.36	68.65869140625	0.20665973	0.00018124285714285712	0.0006041428571428571	11.548295974731445	28318.967273950577
2772	1264.2495596565643	1016.71	69.6669921875	0.20668103	0.00018119999999999999	0.000604	11.310592412948608	28330.27983355522
2773	1267.973296594209	1018.6	69.4248046875	0.20665054	0.00018115714285714285	0.0006038571428571429	9.480806350708008	28339.761964321136
2774	1261.8690975960867	1014.24	69.1943359375	0.20663798	0.0001811142857142857	0.0006037142857142857	9.171482563018799	28348.934008836746
2775	1265.2894214134622	1015.13	69.93896484375	0.20662403	0.00018107142857142858	0.0006035714285714287	8.968706130981445	28357.90428495407
2776	1256.5619283447732	1010.21	69.204345703125	0.20661372	0.00018102857142857141	0.0006034285714285715	77.63235974311829	28435.537217617035
2777	1285.6339654820854	1024.0	69.954833984375	0.20660406	0.00018098571428571425	0.0006032857142857142	8.633131265640259	28444.1740398407
2778	1281.5680570507443	1018.44	69.962646484375	0.20659383	0.00018094285714285714	0.0006031428571428572	8.645497560501099	28452.820245027542
2779	1279.3990588068775	1016.63	69.970458984375	0.20658575	0.00018089999999999998	0.000603	8.72848653793335	28461.549424886703
2780	1261.7389559628182	1009.04	69.478515625	0.20626123	0.00018085714285714284	0.0006028571428571428	12.11721396446228	28473.668585300446
2781	1266.0161998507344	1022.52	69.248046875	0.20607102	0.0001808142857142857	0.0006027142857142857	12.65773344039917	28486.327073335648
2782	1283.2927047779385	1015.45	69.494140625	0.20607553	0.00018077142857142854	0.0006025714285714286	9.791673183441162	28496.12023973465
2783	1268.249011547034	1014.75	70.252197265625	0.20606856	0.0001807285714285714	0.0006024285714285715	8.596354484558105	28504.717247247696
2784	1271.9646812779176	1024.0	70.010009765625	0.2060635	0.00018068571428571427	0.0006022857142857143	8.614604234695435	28513.333854675293
2785	1274.581131941503	1019.85	69.76953125	0.20605779	0.0001806428571428571	0.0006021428571428571	8.730767726898193	28522.06530737877
2786	1282.3464800721222	1024.0	70.025634765625	0.20605278	0.00018059999999999997	0.000602	8.58960223197937	28530.657747507095
2787	1251.5518499371894	1006.35	70.28466796875	0.20604594	0.00018055714285714284	0.0006018571428571429	8.624263286590576	28539.282663822174
2788	1251.0927568297097	1006.51	70.04296875	0.20603995	0.00018051428571428567	0.0006017142857142856	9.197712182998657	28548.482512950897
2789	1266.1737249477178	1016.2	70.050537109375	0.20603003	0.0001804714285714286	0.0006015714285714286	8.610538721084595	28557.093612909317
2790	1255.6926700442903	1014.49	70.05859375	0.20602144	0.0001804285714285714	0.0006014285714285714	8.57401704788208	28565.669840574265
2791	1235.6572029388071	1010.47	69.56591796875	0.20589556	0.0001803857142857143	0.0006012857142857144	9.022427558898926	28574.69291448593
2792	1280.5273804080248	1024.0	69.82421875	0.20587747	0.00018034285714285715	0.0006011428571428572	8.800575256347656	28583.493940114975
2793	1257.3134615568388	1024.0	69.83203125	0.2058583	0.00018029999999999996	0.000601	8.67293930053711	28592.167164564133
2794	1262.2038905089498	1011.09	69.83984375	0.20583718	0.00018025714285714286	0.0006008571428571429	8.641642570495605	28600.80980205536
2795	1277.1091586223627	1018.28	70.09814453125	0.20581786	0.00018021428571428572	0.0006007142857142858	9.145753145217896	28609.95612835884
2796	1280.9096835702112	1024.0	69.604248046875	0.20582992	0.00018017142857142856	0.0006005714285714285	11.080405235290527	28621.038958787918
2797	1268.427470210887	1018.5	68.612060546875	0.20580165	0.00018012857142857142	0.0006004285714285714	9.150601863861084	28630.19100499153
2798	1276.317455221729	1024.0	69.369873046875	0.20579374	0.00018008571428571428	0.0006002857142857143	9.26913833618164	28639.46071457863
2799	1274.3455024910888	1020.17	70.378173828125	0.20578824	0.00018004285714285712	0.0006001428571428571	8.580150365829468	28648.04296016693
2800	1253.6640617370815	1010.84	70.1357421875	0.20577915	0.00017999999999999998	0.0006	8.595577478408813	28656.639225959778
2801	1280.504173752917	1018.32	70.394775390625	0.20577073	0.00017995714285714285	0.0005998571428571429	9.226046800613403	28665.865988731384
2802	1261.226841084961	1014.37	69.15234375	0.20577697	0.00017991428571428568	0.0005997142857142857	11.36207389831543	28677.229765176773
2803	1252.1724146233175	1003.08	69.660400390625	0.20586176	0.00017987142857142858	0.0005995714285714287	12.233515501022339	28689.4651658535
2804	1282.6920051991729	1024.0	69.441650390625	0.20584004	0.0001798285714285714	0.0005994285714285714	11.782922744750977	28701.24868631363
2805	1257.163061786621	1021.99	69.1708984375	0.20582865	0.00017978571428571428	0.0005992857142857143	9.092975616455078	28710.34374022484
2806	1268.4456322336275	1024.0	69.707763671875	0.20580125	0.00017974285714285714	0.0005991428571428572	10.970349311828613	28721.314694404602
2807	1271.694073154451	1016.07	68.96533203125	0.20571037	0.00017969999999999998	0.000599	12.246445178985596	28733.5628118515
2808	1252.3794077659682	1003.36	69.44970703125	0.20556779	0.00017965714285714284	0.0005988571428571428	11.30107831954956	28744.86564540863
2809	1275.946095927322	1024.0	69.707763671875	0.2055089	0.0001796142857142857	0.0005987142857142858	11.762922286987305	28756.629203796387
2810	1276.363573763861	1022.16	70.215576171875	0.20550592	0.00017957142857142854	0.0005985714285714286	8.617313861846924	28765.248294591904
2811	1261.4461366360372	1006.13	70.22314453125	0.20533545	0.0001795285714285714	0.0005984285714285715	11.034579753875732	28776.283446073532
2812	1264.7430416463862	1018.42	70.231201171875	0.20518161	0.00017948571428571427	0.0005982857142857143	12.067906618118286	28788.352898597717
2813	1276.8506224513726	1017.86	69.989013671875	0.20510954	0.0001794428571428571	0.0005981428571428571	9.227086305618286	28797.58074259758
2814	1277.6098683610167	1019.94	70.232177734375	0.20509766	0.00017939999999999997	0.000598	8.724007606506348	28806.305418491364
2815	1279.4796139199432	1020.27	70.3798828125	0.20508832	0.00017935714285714283	0.0005978571428571429	11.247331142425537	28817.5534119606
2816	1269.7240128509159	1008.47	67.353515625	0.20508212	0.00017931428571428567	0.0005977142857142856	8.952100038528442	28826.507692575455
2817	1272.8499764999058	1024.0	70.3408203125	0.20507525	0.0001792714285714286	0.0005975714285714286	8.60860562324524	28835.116881132126
2818	1262.1403445087335	1018.28	69.912353515625	0.20503415	0.0001792285714285714	0.0005974285714285715	11.588615655899048	28846.706169366837
2819	1265.8733581866375	1012.1	69.911376953125	0.20506668	0.0001791857142857143	0.0005972857142857144	11.508858442306519	28858.217126131058
2820	1277.553371344789	1024.0	70.41943359375	0.20506741	0.00017914285714285715	0.0005971428571428572	8.60823941230774	28866.827295541763
2821	1275.4251452983763	1020.5	70.1796875	0.20504767	0.0001791	0.000597	12.131619691848755	28878.959577560425
2822	1282.1857333863663	1020.01	69.721923828125	0.2050159	0.00017905714285714285	0.0005968571428571429	9.025137186050415	28887.986143112183
2823	1270.5772139579706	1020.09	70.514404296875	0.20488757	0.00017901428571428572	0.0005967142857142858	11.037906646728516	28899.02424621582
2824	1281.576900802474	1020.11	69.7255859375	0.20462216	0.00017897142857142855	0.0005965714285714285	11.371859550476074	28910.397372722626
2825	1269.3124384137043	1017.92	70.2099609375	0.2046197	0.00017892857142857142	0.0005964285714285714	9.260579347610474	28919.658660650253
2826	1259.5776758853465	1010.99	69.468017578125	0.20449251	0.00017888571428571428	0.0005962857142857143	10.756597995758057	28930.415931224823
2827	1268.4375631516089	1016.62	69.975830078125	0.2044545	0.00017884285714285712	0.0005961428571428572	12.165834426879883	28942.58376979828
2828	1275.3113321345927	1017.88	69.97021484375	0.20443286	0.00017879999999999998	0.000596	9.12304401397705	28951.70907306671
2829	1282.6085976099391	1014.11	70.49169921875	0.2044249	0.00017875714285714285	0.0005958571428571429	8.664037227630615	28960.373643636703
2830	1263.5064009016207	1008.16	70.5	0.20441706	0.00017871428571428568	0.0005957142857142857	9.206992149353027	28969.581174612045
2831	1271.0019902543736	1020.83	70.255859375	0.20440865	0.00017867142857142857	0.0005955714285714287	8.873008012771606	28978.45556163788
2832	1271.2434464232322	1024.0	70.51513671875	0.20439847	0.0001786285714285714	0.0005954285714285714	8.585829019546509	28987.041580438614
2833	1278.734262157012	1024.0	70.273193359375	0.20448239	0.00017858571428571427	0.0005952857142857143	11.82081389427185	28998.863048791885
2834	1257.5132185025905	1001.56	70.2822265625	0.20444234	0.00017854285714285714	0.0005951428571428572	9.016611576080322	29007.88125014305
2835	1253.3285082708626	1004.63	70.03955078125	0.20443209	0.00017849999999999997	0.0005949999999999999	8.580901145935059	29016.46279001236
2836	1282.5890081824314	1024.0	70.54638671875	0.20442271	0.00017845714285714284	0.0005948571428571428	8.875423192977905	29025.33887577057
2837	1266.5109526852693	1024.0	69.0634765625	0.20426577	0.0001784142857142857	0.0005947142857142858	10.672876358032227	29036.01326775551
2838	1278.7490646908839	1024.0	70.071533203125	0.20424598	0.00017837142857142854	0.0005945714285714286	8.81816029548645	29044.833467245102
2839	1263.9024466907226	1016.12	70.078857421875	0.20423554	0.0001783285714285714	0.0005944285714285714	8.628497838973999	29053.462612867355
2840	1268.2606527402322	1022.64	71.072509765625	0.20422691	0.00017828571428571427	0.0005942857142857143	8.658881902694702	29062.123505353928
2841	1278.1904593555573	1022.25	70.57177734375	0.20421682	0.0001782428571428571	0.0005941428571428571	8.97989273071289	29071.104114055634
2842	1258.5825381626723	1009.26	70.34326171875	0.20420615	0.00017819999999999997	0.000594	8.728916645050049	29079.833154678345
2843	1253.9099177794453	1013.2	70.3515625	0.20419258	0.00017815714285714283	0.0005938571428571428	9.878437042236328	29089.71352171898
2844	1267.2950308346476	1018.87	70.609619140625	0.20387356	0.00017811428571428567	0.0005937142857142856	11.87533950805664	29101.589607477188
2845	1261.9576854704846	1006.64	70.365966796875	0.20388146	0.00017807142857142859	0.0005935714285714287	8.659380435943604	29110.25045132637
2846	1262.2793542116488	1008.58	70.375244140625	0.20390113	0.0001780285714285714	0.0005934285714285715	9.485749244689941	29119.736851215363
2847	1273.0442904130914	1014.49	70.633544921875	0.20390336	0.0001779857142857143	0.0005932857142857143	8.612349271774292	29128.3497838974
2848	1288.8878070813491	1024.0	70.641357421875	0.20390569	0.00017794285714285715	0.0005931428571428572	8.587582349777222	29136.938569784164
2849	1291.6532021606322	1020.51	70.63330078125	0.2039088	0.0001779	0.000593	9.214781522750854	29146.15405511856
2850	1242.241493384718	991.19	70.407958984375	0.20390911	0.00017785714285714285	0.0005928571428571429	8.700570344924927	29154.85519504547
2851	1287.008465074619	1023.95	70.666015625	0.20390826	0.00017781428571428572	0.0005927142857142857	8.708364963531494	29163.56603050232
2852	1295.6772308060688	1024.0	70.173583984375	0.20386343	0.00017777142857142855	0.0005925714285714285	8.921014547348022	29172.487612724304
2853	1284.591724318437	1014.04	70.66748046875	0.20384912	0.00017772857142857142	0.0005924285714285714	8.68655252456665	29181.174459695816
2854	1280.9723548867635	1022.27	70.689697265625	0.20383434	0.00017768571428571428	0.0005922857142857144	8.937562227249146	29190.114000082016
2855	1283.637936058914	1008.99	70.447021484375	0.20382012	0.00017764285714285712	0.000592142857142857	8.58295726776123	29198.697692155838
2856	1266.7467732411997	1010.48	70.94482421875	0.20380546	0.0001776	0.0005920000000000001	9.128071069717407	29207.826404571533
2857	1257.3897327233653	1005.62	70.712890625	0.2037871	0.00017755714285714284	0.0005918571428571429	8.580959558486938	29216.408875226974
2858	1295.533346909195	1024.0	70.72119140625	0.20376842	0.00017751428571428568	0.0005917142857142857	8.578294038772583	29224.987836122513
2859	1261.4080765048054	1012.25	70.478759765625	0.2035532	0.00017747142857142857	0.0005915714285714286	11.52376389503479	29236.513627767563
2860	1258.7591140937004	1004.69	70.001220703125	0.2033567	0.0001774285714285714	0.0005914285714285714	12.223620414733887	29248.738195180893
2861	1256.224682086049	1007.35	69.99462890625	0.20316	0.00017738571428571427	0.0005912857142857143	12.502487659454346	29261.24244236946
2862	1263.509345982436	1007.12	69.75244140625	0.2030025	0.00017734285714285714	0.0005911428571428572	12.56308889389038	29273.806937932968
2863	1281.0230691257943	1024.0	70.295654296875	0.20294905	0.00017729999999999997	0.0005909999999999999	10.892673254013062	29284.701689720154
2864	1275.8025278208038	1015.58	70.2666015625	0.20295489	0.00017725714285714284	0.0005908571428571429	9.17115330696106	29293.873482465744
2865	1263.405230189748	1016.25	70.51025390625	0.20295294	0.0001772142857142857	0.0005907142857142858	8.695387363433838	29302.569420576096
2866	1265.8223124549836	1018.62	70.7822265625	0.20295312	0.00017717142857142854	0.0005905714285714286	8.697140455245972	29311.269105434418
2867	1264.7902354950384	1011.5	71.0380859375	0.20295061	0.0001771285714285714	0.0005904285714285714	8.668351650238037	29319.93815112114
2868	1272.2668221197355	1012.46	70.53515625	0.20294724	0.00017708571428571426	0.0005902857142857143	9.24022364616394	29329.17900776863
2869	1280.3363704869867	1020.23	70.314453125	0.20294534	0.0001770428571428571	0.0005901428571428571	8.582685232162476	29337.763562202454
2870	1257.0934242192404	1010.3	70.81494140625	0.20294154	0.00017700000000000002	0.0005900000000000001	8.73923659324646	29346.503435611725
2871	1249.5077488209201	1014.98	70.072509765625	0.20267372	0.00017695714285714283	0.0005898571428571428	12.007324934005737	29358.51138663292
2872	1273.495813315677	1014.24	70.36474609375	0.20265509	0.00017691428571428567	0.0005897142857142856	10.809607982635498	29369.33090043068
2873	1250.0578534710992	1007.49	67.801025390625	0.20255284	0.00017687142857142858	0.0005895714285714287	9.174939393997192	29378.507466077805
2874	1233.1003565596395	998.83	70.570068359375	0.20253529	0.00017682857142857142	0.0005894285714285715	9.219939708709717	29387.728063583374
2875	1263.7032887092785	1016.61	70.347412109375	0.20217746	0.00017678571428571428	0.0005892857142857143	10.64336347579956	29398.372064590454
2876	1245.9110400275274	1006.43	70.856201171875	0.20215529	0.00017674285714285715	0.0005891428571428572	10.78357481956482	29409.157787799835
2877	1255.7320755306237	1013.58	70.366943359375	0.20212592	0.00017669999999999999	0.000589	9.364231586456299	29418.524293899536
2878	1266.715381806036	1014.09	70.62451171875	0.20208229	0.00017665714285714285	0.0005888571428571429	9.389395713806152	29427.91425013542
2879	1271.5647742891474	1016.27	70.99365234375	0.20207797	0.0001766142857142857	0.0005887142857142857	8.594259977340698	29436.5090610981
2880	1259.0031520945151	1014.96	71.016357421875	0.20207238	0.00017657142857142855	0.0005885714285714285	8.97204875946045	29445.483114242554
2881	1240.1783379377382	1004.79	71.27392578125	0.20206583	0.00017652857142857141	0.0005884285714285715	8.682911396026611	29454.16670036316
2882	1246.6265757220485	1008.28	71.031982421875	0.20205943	0.00017648571428571428	0.0005882857142857144	9.079653024673462	29463.246975183487
2883	1255.8735046191555	1020.41	70.0400390625	0.20193999	0.00017644285714285711	0.0005881428571428571	11.949825525283813	29475.198487758636
2884	1256.5982950606478	1018.86	71.039306640625	0.2019429	0.0001764	0.0005880000000000001	9.056117057800293	29484.255073308945
2885	1242.1314531117982	996.35	71.305419921875	0.20194286	0.00017635714285714284	0.0005878571428571429	8.600553035736084	29492.856728315353
2886	1237.9923180199173	1002.97	70.8134765625	0.20180821	0.00017631428571428568	0.0005877142857142856	11.28659462928772	29504.144032001495
2887	1258.6644578322705	1019.96	70.5712890625	0.20163567	0.00017627142857142857	0.0005875714285714286	9.203159809112549	29513.347734689713
2888	1253.869970625431	1010.22	70.824951171875	0.20160015	0.0001762285714285714	0.0005874285714285714	8.709003448486328	29522.058344602585
2889	1258.0735235248194	1017.89	71.08740234375	0.201567	0.00017618571428571427	0.0005872857142857143	8.659718036651611	29530.718822479248
2890	1200.958575789133	982.06	70.844970703125	0.20153846	0.00017614285714285713	0.0005871428571428571	9.275617361068726	29539.995010852814
2891	1260.5096446435869	1011.22	71.600830078125	0.20151223	0.00017609999999999997	0.000587	9.134860038757324	29549.131544589996
2892	1251.744199615757	1018.19	71.86083984375	0.20152129	0.00017605714285714283	0.0005868571428571429	11.100033044815063	29560.232211351395
2893	1257.7127005628854	1018.31	70.13037109375	0.20160764	0.0001760142857142857	0.0005867142857142858	11.497053146362305	29571.73082447052
2894	1275.8697373209839	1024.0	70.13623046875	0.20156471	0.00017597142857142854	0.0005865714285714285	8.833719968795776	29580.565524101257
2895	1248.679689442982	1008.69	70.88427734375	0.20146172	0.0001759285714285714	0.0005864285714285714	11.542183637619019	29592.108269929886
2896	1253.7795239406294	1002.83	70.642333984375	0.2013843	0.00017588571428571426	0.0005862857142857143	9.203458070755005	29601.313128709793
2897	1253.121551854779	1020.21	70.900146484375	0.20136732	0.0001758428571428571	0.0005861428571428571	8.627379655838013	29609.941102981567
2898	1254.426869751547	1010.62	71.156494140625	0.20135166	0.00017580000000000002	0.000586	8.640005350112915	29618.581800699234
2899	1263.5553885045788	1020.23	71.416015625	0.20133452	0.00017575714285714283	0.0005858571428571428	9.798765659332275	29628.382745981216
2900	1263.9339794079335	1012.9	70.9248046875	0.20131953	0.00017571428571428566	0.0005857142857142857	8.69133996963501	29637.07471847534
2901	1276.859580350052	1023.28	70.932861328125	0.20130676	0.00017567142857142858	0.0005855714285714287	8.630801439285278	29645.70618224144
2902	1264.3991535122557	1020.16	71.1845703125	0.20129256	0.00017562857142857142	0.0005854285714285714	8.66464638710022	29654.37149810791
2903	1262.714676916288	1009.79	70.9482421875	0.20121358	0.00017558571428571428	0.0005852857142857143	8.967204093933105	29663.341247558594
2904	1266.0044897967575	1016.13	71.45458984375	0.2011941	0.00017554285714285715	0.0005851428571428572	9.007211446762085	29672.349177598953
2905	1253.3810721791292	1010.86	71.212646484375	0.20117587	0.00017549999999999998	0.000585	8.729301452636719	29681.079029083252
2906	1266.6437434347222	1018.8	71.20947265625	0.20115836	0.00017545714285714285	0.0005848571428571428	9.365112781524658	29690.44468641281
2907	1251.5973530316176	1000.79	71.228515625	0.20114087	0.0001754142857142857	0.0005847142857142857	8.612728357315063	29699.059938430786
2908	1241.5988339193989	1002.46	70.771728515625	0.20110317	0.00017537142857142855	0.0005845714285714285	11.637864589691162	29710.698432445526
2909	1260.81075773049	1007.21	71.01806640625	0.20106633	0.0001753285714285714	0.0005844285714285715	12.209676027297974	29722.91030216217
2910	1279.4171443481632	1021.3	70.752197265625	0.20081842	0.00017528571428571428	0.0005842857142857143	12.926475048065186	29735.838492631912
2911	1262.9656418706002	1010.81	70.307373046875	0.20047742	0.0001752428571428571	0.0005841428571428571	11.673911809921265	29747.513332605362
2912	1271.727736065793	1013.59	70.767822265625	0.20048338	0.0001752	0.0005840000000000001	8.76094913482666	29756.27531027794
2913	1237.5918160994315	998.55	70.785400390625	0.20033623	0.00017515714285714284	0.0005838571428571429	10.716234683990479	29766.992095947266
2914	1275.4318310695135	1015.91	71.53369140625	0.20034306	0.0001751142857142857	0.0005837142857142857	9.748749256134033	29776.742901086807
2915	1268.1397882982328	1017.45	71.54150390625	0.20035118	0.00017507142857142857	0.0005835714285714286	9.090216398239136	29785.833786725998
2916	1277.8887485354012	1020.65	70.79931640625	0.20037216	0.0001750285714285714	0.0005834285714285714	8.777910232543945	29794.61360311508
2917	1262.4249773717993	1002.01	71.05859375	0.20037383	0.00017498571428571427	0.0005832857142857144	8.722618818283081	29803.336782217026
2918	1295.0262029534017	1024.0	71.08203125	0.2003719	0.00017494285714285713	0.0005831428571428572	9.03783893585205	29812.376123666763
2919	1295.5901590664553	1024.0	71.323974609375	0.2003687	0.00017489999999999997	0.000583	8.616193771362305	29820.99288702011
2920	1248.4537372731381	1011.8	70.831787109375	0.20036636	0.00017485714285714283	0.0005828571428571429	9.149995565414429	29830.143618106842
2921	1261.114734721498	1005.09	71.339599609375	0.2003633	0.0001748142857142857	0.0005827142857142858	9.366336822509766	29839.511885404587
2922	1249.8955204347967	1012.41	71.347412109375	0.20035966	0.00017477142857142853	0.0005825714285714285	8.657753467559814	29848.170219898224
2923	1259.7032456015736	1021.81	71.603271484375	0.20035727	0.0001747285714285714	0.0005824285714285714	8.984310865402222	29857.15704536438
2924	1263.3079797032767	1010.29	70.38671875	0.20007686	0.00017468571428571426	0.0005822857142857143	11.444491147994995	29868.602281332016
2925	1247.7880321427544	1006.45	70.636962890625	0.1999818	0.0001746428571428571	0.0005821428571428571	11.275458097457886	29879.880017518997
2926	1272.5871646942228	1020.01	70.879150390625	0.20001239	0.00017460000000000002	0.000582	11.09787893295288	29890.978194713593
2927	1229.6268203280986	995.78	70.885986328125	0.19999953	0.00017455714285714285	0.0005818571428571429	9.621626615524292	29900.600744247437
2928	1274.027247166545	1015.53	70.666748046875	0.19970697	0.00017451428571428572	0.0005817142857142858	11.134878873825073	29911.73620033264
2929	1269.6299456353213	1024.0	70.9013671875	0.19970667	0.00017447142857142858	0.0005815714285714287	8.77665662765503	29920.51434278488
2930	1249.1240004508013	1006.26	71.1591796875	0.1996296	0.00017442857142857142	0.0005814285714285714	9.582266569137573	29930.09717822075
2931	1227.028135123603	987.34	68.385498046875	0.1996169	0.00017438571428571428	0.0005812857142857143	8.65253496170044	29939.793538808823
2932	1225.0800462709333	990.12	71.350341796875	0.19960506	0.00017434285714285714	0.0005811428571428572	8.603175640106201	29948.397443532944
2933	1266.7349658498463	1020.65	71.640625	0.19959615	0.00017429999999999998	0.0005809999999999999	9.274939775466919	29957.67302107811
2934	1239.0369302999788	998.77	71.431640625	0.19958907	0.00017425714285714285	0.0005808571428571428	8.611632585525513	29966.286274671555
2935	1267.293044406383	1012.24	71.189453125	0.19957958	0.0001742142857142857	0.0005807142857142858	8.845109939575195	29975.132066249847
2936	1259.5674982305331	1005.98	70.9716796875	0.199529	0.00017417142857142855	0.0005805714285714286	12.121932983398438	29987.315365314484
2937	1268.7656086969173	1018.06	70.96826171875	0.19936307	0.0001741285714285714	0.0005804285714285714	11.923121213912964	29999.239046812057
2938	1263.8498862806032	1014.5	71.212158203125	0.19934015	0.00017408571428571427	0.0005802857142857143	8.861297607421875	30008.101819753647
2939	1274.8987267004009	1022.91	70.729736328125	0.19933097	0.0001740428571428571	0.0005801428571428571	9.167671203613281	30017.27013516426
2940	1260.8523594552823	1006.99	71.22998046875	0.19932039	0.000174	0.0005800000000000001	8.902061700820923	30026.17407655716
2941	1263.9744191711766	1008.38	71.487060546875	0.19930905	0.00017395714285714284	0.0005798571428571428	8.961280345916748	30035.135945558548
2942	1275.0716934631942	1024.0	71.7431640625	0.19929577	0.0001739142857142857	0.0005797142857142857	8.683925151824951	30043.820476055145
2943	1276.2212429485844	1022.4	71.635498046875	0.19928277	0.00017387142857142857	0.0005795714285714286	8.746608018875122	30052.568794727325
2944	1263.696509419025	1018.18	71.892822265625	0.19927226	0.0001738285714285714	0.0005794285714285714	8.655897617340088	30061.225227832794
2945	1225.1948373989926	990.85	71.137451171875	0.19922936	0.00017378571428571427	0.0005792857142857143	8.897808313369751	30070.125432014465
2946	1269.5385464203619	1018.95	70.9423828125	0.19922058	0.00017374285714285713	0.0005791428571428572	9.605694770812988	30079.731908798218
2947	1245.6054460150299	1008.12	71.666748046875	0.19920875	0.00017369999999999997	0.000579	8.644903421401978	30088.378039598465
2948	1260.6324278841669	1012.85	71.6748046875	0.19919772	0.00017365714285714283	0.0005788571428571429	8.723223447799683	30097.10192489624
2949	1250.8317251202097	1001.64	71.92138671875	0.19918366	0.0001736142857142857	0.0005787142857142857	9.253233909606934	30106.357140541077
2950	1278.3677969954767	1013.15	71.68310546875	0.19916861	0.00017357142857142853	0.0005785714285714285	8.937106847763062	30115.2949154377
2951	1270.2640257711992	1019.63	71.6953125	0.19915366	0.0001735285714285714	0.0005784285714285714	8.63333010673523	30123.92942261696
2952	1263.2895534950749	1007.56	71.955322265625	0.19913878	0.00017348571428571429	0.0005782857142857143	8.651504039764404	30132.58156633377
2953	1273.755905542187	1020.32	71.463623046875	0.19898643	0.0001734428571428571	0.000578142857142857	11.525675535202026	30144.1095328331
2954	1279.4019905661896	1024.0	71.2177734375	0.19889961	0.0001734	0.0005780000000000001	11.35110354423523	30155.46252298355
2955	1252.1812752530839	1012.57	71.486572265625	0.19890165	0.00017335714285714285	0.0005778571428571429	8.616162538528442	30164.07923603058
2956	1250.1495957927764	1008.32	71.487060546875	0.19861744	0.00017331428571428571	0.0005777142857142858	10.869932889938354	30174.949715852737
2957	1252.6994767009567	1004.8	70.994873046875	0.19864313	0.00017327142857142858	0.0005775714285714286	11.432156562805176	30186.38340640068
2958	1260.4941761000266	1011.86	71.7529296875	0.19864298	0.00017322857142857141	0.0005774285714285714	9.172682523727417	30195.558222055435
2959	1254.0544228644546	1007.1	71.0224609375	0.19852822	0.00017318571428571428	0.0005772857142857143	11.31821084022522	30206.877091646194
2960	1292.5955195856247	1016.14	71.26708984375	0.19847693	0.00017314285714285714	0.0005771428571428572	9.016358613967896	30215.89427304268
2961	1252.0818000228194	1001.03	71.7763671875	0.19846593	0.00017309999999999998	0.0005769999999999999	8.658663272857666	30224.55346751213
2962	1279.263847231187	1018.16	72.020751953125	0.1984567	0.00017305714285714284	0.0005768571428571428	8.736597776412964	30233.292714834213
2963	1249.5285075888391	1002.8	71.291748046875	0.19844748	0.0001730142857142857	0.0005767142857142858	8.596334218978882	30241.889728307724
2964	1266.7137401216748	1024.0	71.2998046875	0.1983415	0.00017297142857142854	0.0005765714285714286	11.534782409667969	30253.425123929977
2965	1270.923847870491	1016.29	71.548583984375	0.19827516	0.0001729285714285714	0.0005764285714285714	9.271531343460083	30262.698288202286
2966	1270.6234281876618	1016.03	71.81689453125	0.1982552	0.00017288571428571427	0.0005762857142857143	8.700271129608154	30271.39909172058
2967	1255.6108233576897	1010.42	72.074951171875	0.19823472	0.0001728428571428571	0.0005761428571428571	8.58791971206665	30280.011850118637
2968	1271.6000215092943	1010.42	71.8330078125	0.19821458	0.0001728	0.0005760000000000001	9.149210453033447	30289.16169166565
2969	1263.1760032213638	1014.96	71.83642578125	0.19819675	0.00017275714285714284	0.0005758571428571428	8.635971069335938	30297.798302173615
2970	1231.0020835436494	989.58	71.851318359375	0.19817938	0.0001727142857142857	0.0005757142857142857	8.594482183456421	30306.39849615097
2971	1283.87696082265	1021.97	72.10302734375	0.19816357	0.00017267142857142856	0.0005755714285714287	9.491297483444214	30315.890437602997
2972	1268.841568766434	1015.23	72.115966796875	0.19814534	0.0001726285714285714	0.0005754285714285715	8.640279054641724	30324.686012983322
2973	1284.1056023942353	1021.94	71.6240234375	0.19805968	0.00017258571428571426	0.0005752857142857143	8.792344331741333	30333.479014635086
2974	1279.9305288111143	1016.39	72.132080078125	0.19804414	0.00017254285714285713	0.0005751428571428572	8.882541418075562	30342.362174272537
2975	1285.2870573348528	1024.0	71.889892578125	0.19803031	0.00017249999999999996	0.000575	8.870120525360107	30351.234275341034
2976	1264.911790856765	1014.57	72.146240234375	0.19801827	0.00017245714285714283	0.0005748571428571429	8.5827476978302	30359.817846775055
2977	1281.7698388759693	1024.0	71.90576171875	0.19800854	0.0001724142857142857	0.0005747142857142857	8.568332433700562	30368.386829137802
2978	1273.2928778194798	1008.76	71.912841796875	0.19799928	0.00017237142857142853	0.0005745714285714285	9.190895318984985	30377.578369617462
2979	1250.2152056114096	1002.13	71.421142578125	0.19782804	0.00017232857142857145	0.0005744285714285715	11.404391050338745	30388.9846303463
2980	1288.5959191889958	1024.0	70.92919921875	0.19785714	0.00017228571428571428	0.0005742857142857144	8.842203855514526	30397.827468156815
2981	1267.002296770417	1013.01	72.183349609375	0.19786054	0.0001722428571428571	0.000574142857142857	9.234069108963013	30407.06343817711
2982	1261.0443005514028	1011.65	72.19482421875	0.19786204	0.0001722	0.0005740000000000001	8.628320217132568	30415.692417383194
2983	1246.6137825047037	1012.13	72.2041015625	0.19786388	0.00017215714285714285	0.0005738571428571429	8.594161033630371	30424.289522886276
2984	1276.9171520923474	1018.12	71.960205078125	0.19786789	0.0001721142857142857	0.0005737142857142858	8.64966893196106	30432.939848184586
2985	1275.195790358442	1024.0	71.9697265625	0.19776927	0.00017207142857142858	0.0005735714285714286	11.190971612930298	30444.13226914406
2986	1275.537941381386	1014.27	71.7275390625	0.19776988	0.0001720285714285714	0.0005734285714285714	11.026658773422241	30455.159456968307
2987	1263.3256684783203	1011.62	71.485595703125	0.19790904	0.00017198571428571428	0.0005732857142857143	12.69873833656311	30467.904572725296
2988	1287.6972720455763	1014.49	68.9609375	0.1977769	0.00017194285714285714	0.0005731428571428571	11.03469443321228	30478.940524816513
2989	1252.1624419432183	1000.41	71.293701171875	0.19783413	0.00017189999999999998	0.0005729999999999999	9.075781345367432	30488.018922805786
2990	1269.1361697330026	1018.43	71.8037109375	0.19784154	0.00017185714285714284	0.0005728571428571429	9.325306177139282	30497.3448138237
2991	1277.0073678719416	1018.29	72.054443359375	0.19784842	0.0001718142857142857	0.0005727142857142858	9.25368881225586	30506.599049568176
2992	1251.6781551817965	1011.02	72.07373046875	0.19785564	0.00017177142857142854	0.0005725714285714285	8.635311365127563	30515.23565673828
2993	1246.1173394735522	997.0	71.834716796875	0.1978205	0.00017172857142857143	0.0005724285714285715	8.939285516738892	30524.17559504509
2994	1283.873393688508	1023.97	71.841552734375	0.19780545	0.00017168571428571427	0.0005722857142857143	8.750975847244263	30532.927200317383
2995	1269.6777714541356	1012.21	71.346435546875	0.19779031	0.0001716428571428571	0.0005721428571428571	8.691563129425049	30541.62081694603
2996	1275.1338996633722	1018.16	72.1083984375	0.19777592	0.0001716	0.000572	8.637808561325073	30550.25927901268
2997	1269.064260164463	1011.12	71.865234375	0.19775997	0.00017155714285714283	0.0005718571428571428	9.254110097885132	30559.516771554947
2998	1286.8787130254877	1019.68	71.623291015625	0.19774462	0.0001715142857142857	0.0005717142857142857	8.61216688156128	30568.12949037552
2999	1271.9415312543786	1016.24	71.881103515625	0.19773062	0.00017147142857142856	0.0005715714285714287	8.894221782684326	30577.025690317154
3000	1274.4369503082908	1014.64	71.38916015625	0.19772816	0.0001714285714285714	0.0005714285714285714	19.452287435531616	30596.478620290756
3001	1258.5967834825155	1007.24	71.39697265625	0.19777818	0.00017138571428571426	0.0005712857142857143	10.878320217132568	30607.358663082123
3002	1277.468398266772	1012.39	71.405029296875	0.19735874	0.00017134285714285713	0.0005711428571428572	11.42567253112793	30618.785640239716
3003	1278.8250272067596	1012.27	71.9130859375	0.19736688	0.00017129999999999996	0.000571	9.240253925323486	30628.02642583847
3004	1272.5331426623768	1010.11	71.4228515625	0.19720675	0.00017125714285714283	0.0005708571428571428	10.704841375350952	30638.732147693634
3005	1286.3678764490637	1022.46	72.37255859375	0.19698715	0.00017121428571428572	0.0005707142857142857	11.291987895965576	30650.026005744934
3006	1272.5021275378429	1024.0	71.366455078125	0.19694342	0.00017117142857142853	0.0005705714285714285	8.98763632774353	30659.01552271843
3007	1282.323771489525	1014.87	72.139892578125	0.19693287	0.00017112857142857144	0.0005704285714285716	8.61084508895874	30667.62697339058
3008	1291.3670805586187	1024.0	71.89990234375	0.1969235	0.00017108571428571428	0.0005702857142857143	9.275078296661377	30676.902666330338
3009	1273.9791432014752	1018.67	72.159912109375	0.19691241	0.0001710428571428571	0.0005701428571428571	9.009580612182617	30685.913722991943
3010	1291.9909747960523	1024.0	72.40673828125	0.19690125	0.000171	0.0005700000000000001	8.607571840286255	30694.52142906189
3011	1287.1166073722252	1018.15	72.1787109375	0.19688953	0.00017095714285714285	0.0005698571428571429	8.633586406707764	30703.159826278687
3012	1267.042078938798	1016.55	71.939453125	0.19687748	0.0001709142857142857	0.0005697142857142857	8.805375099182129	30711.96582555771
3013	1234.7835964655903	981.14	71.453125	0.19682069	0.00017087142857142857	0.0005695714285714286	11.304383754730225	30723.270857334137
3014	1276.7764217523334	1016.1	71.97314453125	0.19669253	0.0001708285714285714	0.0005694285714285714	11.008101463317871	30734.280689954758
3015	1256.1054219689777	1013.99	71.221435546875	0.19649719	0.00017078571428571427	0.0005692857142857143	13.800897121429443	30748.08330845833
3016	1255.4913152227184	1000.23	71.7333984375	0.1961519	0.00017074285714285714	0.0005691428571428571	10.635402917861938	30758.719363689423
3017	1285.3940170077817	1018.3	71.7294921875	0.19616856	0.00017069999999999998	0.000569	9.537185907363892	30768.258677244186
3018	1292.523669910689	1024.0	72.242919921875	0.19616707	0.00017065714285714284	0.0005688571428571429	8.949857950210571	30777.209070920944
3019	1295.462792126694	1015.95	72.01123046875	0.19616455	0.0001706142857142857	0.0005687142857142858	8.624451637268066	30785.8355550766
3020	1280.830147410406	1010.28	72.006103515625	0.19616222	0.00017057142857142854	0.0005685714285714285	8.743826389312744	30794.580058813095
3021	1298.1665994771695	1024.0	72.031982421875	0.1961589	0.00017052857142857143	0.0005684285714285715	8.982877254486084	30803.563621997833
3022	1287.161593318352	1021.04	72.291748046875	0.19615673	0.00017048571428571427	0.0005682857142857143	8.623097658157349	30812.188812494278
3023	1279.2344919568097	1012.47	72.302001953125	0.19615398	0.0001704428571428571	0.0005681428571428571	8.617565631866455	30820.806671380997
3024	1264.8440118463914	1004.07	72.061767578125	0.19615157	0.0001704	0.000568	9.258203744888306	30830.065521240234
3025	1291.400425368516	1020.62	71.5703125	0.1961239	0.00017035714285714283	0.0005678571428571428	11.142554998397827	30841.20970106125
3026	1283.1210892466765	1015.61	71.83154296875	0.19582061	0.0001703142857142857	0.0005677142857142858	11.494299173355103	30852.704576015472
3027	1300.3078435244927	1024.0	72.091552734375	0.19582029	0.00017027142857142856	0.0005675714285714287	11.213612794876099	30863.91974377632
3028	1245.6676105419078	993.06	71.37353515625	0.19592953	0.0001702285714285714	0.0005674285714285714	12.132678985595703	30876.054475545883
3029	1288.8696728195737	1015.53	71.627197265625	0.19571769	0.00017018571428571426	0.0005672857142857143	12.107023000717163	30888.163362264633
3030	1280.992979899822	1014.21	71.62109375	0.1957307	0.00017014285714285712	0.0005671428571428572	11.09144902229309	30899.25549840927
3031	1289.8221559998838	1024.0	71.879150390625	0.19570184	0.00017009999999999996	0.000567	8.998228311538696	30908.255746603012
3032	1250.393467079391	994.78	72.391845703125	0.19569486	0.00017005714285714282	0.0005668571428571428	9.254531145095825	30917.51085805893
3033	1278.6721801378687	1008.79	72.146240234375	0.19568713	0.00017001428571428572	0.0005667142857142857	8.613624572753906	30926.127187490463
3034	1276.4722918372704	1014.49	72.911376953125	0.195678	0.00016997142857142852	0.0005665714285714285	8.639264583587646	30934.767174720764
3035	1294.307806550305	1024.0	71.671142578125	0.19562358	0.00016992857142857144	0.0005664285714285716	11.78306531906128	30946.550911188126
3036	1287.0943894011107	1016.18	72.170654296875	0.19541053	0.00016988571428571428	0.0005662857142857143	11.167109251022339	30957.720321416855
3037	1279.9661652961943	1012.57	72.441162109375	0.19541359	0.00016984285714285714	0.0005661428571428572	8.561399698257446	30966.28233718872
3038	1267.6461802391693	1002.4	71.97412109375	0.19520241	0.0001698	0.0005660000000000001	12.932641506195068	30979.21613240242
3039	1289.6573296298025	1018.66	72.460693359375	0.19520755	0.00016975714285714284	0.0005658571428571428	9.708345174789429	30988.925112485886
3040	1300.6866985638665	1024.0	72.46240234375	0.1952061	0.0001697142857142857	0.0005657142857142857	8.665156364440918	30997.592281341553
3041	1283.0968811236994	1018.48	72.72802734375	0.19520392	0.00016967142857142857	0.0005655714285714286	9.29800796508789	31006.890939712524
3042	1280.6430457424783	1016.79	72.237548828125	0.1952021	0.0001696285714285714	0.0005654285714285714	8.630645513534546	31015.523191452026
3043	1273.5847586879283	1008.78	72.24755859375	0.19519234	0.00016958571428571427	0.0005652857142857142	9.402639865875244	31024.92649626732
3044	1272.30703536287	1014.38	72.4951171875	0.1951899	0.00016954285714285714	0.0005651428571428572	8.60853624343872	31033.535700798035
3045	1294.4308382817026	1020.76	69.482666015625	0.1950985	0.00016949999999999997	0.000565	10.69448971748352	31044.242034196854
3046	1293.4289690969576	1024.0	72.03955078125	0.1949706	0.00016945714285714284	0.0005648571428571429	10.814679145812988	31055.057253599167
3047	1272.172540672624	1011.25	71.826416015625	0.1947795	0.0001694142857142857	0.0005647142857142857	9.170136213302612	31064.228930473328
3048	1270.5907060952695	1004.31	71.812744140625	0.19449516	0.00016937142857142854	0.0005645714285714285	11.516356468200684	31075.745958805084
3049	1282.0722593636813	1017.39	72.127197265625	0.19450116	0.00016932857142857143	0.0005644285714285715	8.853990316390991	31084.601053476334
3050	1287.8726713488718	1018.01	72.56005859375	0.19449921	0.00016928571428571427	0.0005642857142857143	9.180225372314453	31093.78187775612
3051	1264.8957186685889	1012.34	72.82470703125	0.19449721	0.00016924285714285713	0.0005641428571428571	8.770762920379639	31102.555866718292
3052	1262.8832877342652	1009.1	72.586669921875	0.19449528	0.0001692	0.000564	8.772113561630249	31111.328623771667
3053	1254.1433722504028	994.78	72.581298828125	0.19449483	0.00016915714285714283	0.0005638571428571429	8.60988712310791	31119.939076423645
3054	1283.3390051193749	1015.96	72.6064453125	0.19449334	0.0001691142857142857	0.0005637142857142858	9.26052737236023	31129.20197725296
3055	1258.7325354590193	1004.8	72.865966796875	0.19448991	0.00016907142857142856	0.0005635714285714286	8.66129183769226	31137.86380314827
3056	1232.7358884266237	983.3	71.887451171875	0.19426364	0.0001690285714285714	0.0005634285714285714	11.51466178894043	31149.37996482849
3057	1289.6352649659282	1018.5	72.385986328125	0.19416268	0.00016898571428571426	0.0005632857142857143	12.472124338150024	31161.852617263794
3058	1259.1944844574464	1007.01	71.9072265625	0.19405706	0.00016894285714285715	0.0005631428571428572	12.206857204437256	31174.061401605606
3059	1278.5463167267847	1022.0	71.90576171875	0.19394295	0.00016889999999999996	0.0005629999999999999	12.047691106796265	31186.111574172974
3060	1284.0962263601664	1018.95	72.65869140625	0.19393307	0.00016885714285714282	0.0005628571428571428	8.837636232376099	31194.953327178955
3061	1280.6377502567495	1024.0	72.923095703125	0.19392723	0.0001688142857142857	0.0005627142857142857	8.912421226501465	31203.866475582123
3062	1272.791048970268	1014.21	72.933349609375	0.19391973	0.00016877142857142852	0.0005625714285714286	8.59498929977417	31212.462120771408
3063	1282.574572594586	1018.15	72.693359375	0.1939125	0.00016872857142857144	0.0005624285714285715	8.74696660041809	31221.211366415024
3064	1261.3877726615199	1012.06	72.702392578125	0.19390178	0.00016868571428571428	0.0005622857142857143	9.117292404174805	31230.329277038574
3065	1282.372833624309	1013.15	72.952392578125	0.19388902	0.00016864285714285714	0.0005621428571428572	8.584968566894531	31238.91638660431
3066	1273.9996413227318	1014.11	72.723876953125	0.19387658	0.0001686	0.0005620000000000001	9.225746154785156	31248.142860412598
3067	1279.9152463258354	1016.21	72.481689453125	0.19385804	0.00016855714285714284	0.0005618571428571428	10.489296674728394	31258.6328125
3068	1277.461037194434	1016.54	72.243408203125	0.19382201	0.0001685142857142857	0.0005617142857142857	8.821996688842773	31267.456361055374
3069	1269.8335099595774	1011.69	72.748046875	0.19380605	0.00016847142857142857	0.0005615714285714286	9.25216293334961	31276.709141016006
3070	1252.003545409745	995.79	72.763427734375	0.19379272	0.0001684285714285714	0.0005614285714285714	8.661539077758789	31285.37122607231
3071	1271.1527911517205	1013.2	72.896484375	0.19377756	0.00016838571428571427	0.0005612857142857143	8.610361576080322	31293.983513593674
3072	1265.0524184325702	1002.88	73.154296875	0.19376093	0.00016834285714285713	0.0005611428571428572	8.595093011856079	31302.579275369644
3073	1286.5426109748544	1024.0	72.91064453125	0.1937447	0.00016829999999999997	0.000561	8.846532821655273	31311.425943136215
3074	1271.1938254969018	1014.16	72.193603515625	0.19364555	0.00016825714285714283	0.0005608571428571429	9.122186422348022	31320.550193309784
3075	1268.2159799693518	1018.31	72.927978515625	0.193636	0.0001682142857142857	0.0005607142857142857	8.598498582839966	31329.149393558502
3076	1280.6302879567081	1016.2	73.185791015625	0.19362229	0.00016817142857142854	0.0005605714285714285	9.24826192855835	31338.398284196854
3077	1269.1273865703797	1014.12	72.943603515625	0.19361012	0.00016812857142857143	0.0005604285714285715	8.940508127212524	31347.3394510746
3078	1275.2984119781079	1017.05	73.201416015625	0.19359855	0.00016808571428571426	0.0005602857142857143	8.626029968261719	31355.96701645851
3079	1293.6405780955188	1024.0	72.709228515625	0.19339053	0.00016804285714285713	0.0005601428571428571	9.641382217407227	31365.60917377472
3080	1278.0679022292334	1014.01	73.21728515625	0.19337451	0.000168	0.0005600000000000001	8.646395921707153	31374.25627040863
3081	1271.4105118992077	1020.29	72.724365234375	0.19323201	0.00016795714285714283	0.0005598571428571429	11.124755859375	31385.381687402725
3082	1284.6805864130433	1024.0	72.982666015625	0.19323577	0.0001679142857142857	0.0005597142857142858	8.60758376121521	31393.991505861282
3083	1240.4752757320366	994.79	72.24072265625	0.19323726	0.00016787142857142856	0.0005595714285714286	8.974021196365356	31402.96619439125
3084	1287.0962225328892	1018.11	72.498779296875	0.193166	0.0001678285714285714	0.0005594285714285714	9.355568408966064	31412.32364678383
3085	1273.9919453725297	1016.52	73.00634765625	0.19315304	0.00016778571428571426	0.0005592857142857143	8.617172956466675	31420.941373348236
3086	1272.4998259339777	1013.15	72.764404296875	0.19314165	0.00016774285714285715	0.0005591428571428572	9.250793695449829	31430.194694519043
3087	1264.430232598062	1011.14	72.279541015625	0.19312899	0.00016769999999999996	0.0005589999999999999	8.632860898971558	31438.828127622604
3088	1266.8254360534543	1008.61	73.280029296875	0.19311775	0.00016765714285714285	0.0005588571428571428	8.63527226448059	31447.46605205536
3089	1259.764680493394	1006.22	72.287841796875	0.19287986	0.0001676142857142857	0.0005587142857142858	12.22976279258728	31459.69649720192
3090	1293.0996743345124	1019.51	72.811279296875	0.19265334	0.00016757142857142855	0.0005585714285714285	12.508214235305786	31472.206940174103
3091	1281.3732262153324	1016.15	72.5537109375	0.1925894	0.00016752857142857144	0.0005584285714285715	10.655097961425781	31482.863555431366
3092	1267.7745046339137	1009.77	72.811767578125	0.19258706	0.00016748571428571428	0.0005582857142857143	8.696529865264893	31491.562108516693
3093	1268.7175397003746	1014.01	73.05810546875	0.192584	0.00016744285714285714	0.0005581428571428572	8.64119029045105	31500.20399236679
3094	1233.6864643576253	988.25	73.07763671875	0.19257943	0.0001674	0.000558	8.78907036781311	31508.993686676025
3095	1292.2788586048973	1016.5	73.08544921875	0.19257689	0.00016735714285714284	0.0005578571428571428	9.75557279586792	31518.75129365921
3096	1287.4270675271928	1015.06	73.09326171875	0.19257079	0.0001673142857142857	0.0005577142857142857	8.629749298095703	31527.381768465042
3097	1282.5363898679632	1012.02	72.8408203125	0.192419	0.00016727142857142857	0.0005575714285714286	12.066311120986938	31539.448733329773
3098	1280.0575798096772	1014.24	73.10986328125	0.19242395	0.0001672285714285714	0.0005574285714285713	9.210510492324829	31548.661123752594
3099	1301.2380120126122	1024.0	73.1181640625	0.19242889	0.00016718571428571427	0.0005572857142857143	8.609060049057007	31557.270794391632
3100	1281.3487632471347	1014.18	72.875732421875	0.19218594	0.00016714285714285713	0.0005571428571428572	10.55997610092163	31567.831436634064
3101	1276.0272916362285	1018.23	72.88232421875	0.19219214	0.00016709999999999997	0.000557	9.217565774917603	31577.051927804947
3102	1288.5821781346624	1024.0	71.149169921875	0.19203313	0.00016705714285714286	0.0005568571428571429	11.6587233543396	31588.71118736267
3103	1280.4843187988765	1022.3	70.1025390625	0.19203062	0.0001670142857142857	0.0005567142857142857	8.703136920928955	31597.418227672577
3104	1272.525465744551	1016.01	72.8984375	0.19202606	0.00016697142857142853	0.0005565714285714285	9.18544054031372	31606.60422849655
3105	1282.3669139679448	1016.32	73.4072265625	0.19202203	0.00016692857142857142	0.0005564285714285715	8.91395115852356	31615.519779205322
3106	1270.7083621593897	1001.21	73.16552734375	0.19201775	0.00016688571428571426	0.0005562857142857142	8.622297763824463	31624.142758131027
3107	1297.0335152367657	1024.0	72.90966796875	0.19201319	0.00016684285714285712	0.0005561428571428572	8.587772607803345	31632.73120689392
3108	1277.5590494998592	1020.09	72.931396484375	0.19200821	0.0001668	0.0005560000000000001	8.774168014526367	31641.507454633713
3109	1279.445952991684	1024.0	73.18994140625	0.19200493	0.00016675714285714283	0.0005558571428571429	8.59774899482727	31650.10595560074
3110	1286.8767728276646	1018.55	73.183837890625	0.19200224	0.0001667142857142857	0.0005557142857142857	8.571947813034058	31658.678598165512
3111	1288.9136404705073	1020.14	72.9501953125	0.19200124	0.00016667142857142858	0.0005555714285714286	9.348904609680176	31668.029752969742
3112	1295.6589561970536	1016.41	73.216796875	0.19176452	0.0001666285714285714	0.0005554285714285714	10.689981698989868	31678.72042822838
3113	1263.8988455561494	1004.3	72.475830078125	0.19173007	0.00016658571428571425	0.0005552857142857143	9.100168228149414	31687.82258963585
3114	1276.1840678442977	1016.26	73.01220703125	0.19171959	0.00016654285714285714	0.0005551428571428571	9.198928833007812	31697.022065877914
3115	1292.9037158768544	1024.0	73.4814453125	0.19170845	0.00016649999999999995	0.0005549999999999999	8.892585277557373	31705.916227817535
3116	1298.2202906908497	1018.14	73.01611328125	0.19169573	0.00016645714285714287	0.000554857142857143	8.858379602432251	31714.7749106884
3117	1301.6404692899148	1024.0	73.2587890625	0.19168602	0.0001664142857142857	0.0005547142857142858	8.61449646949768	31723.390230178833
3118	1298.8492054777628	1023.13	73.014892578125	0.19167627	0.00016637142857142855	0.0005545714285714285	8.973337411880493	31732.36415195465
3119	1292.1992400014017	1020.13	73.274658203125	0.19166493	0.00016632857142857144	0.0005544285714285715	8.575217247009277	31740.941229343414
3120	1293.9562728568892	1014.43	72.3056640625	0.19162597	0.00016628571428571427	0.0005542857142857143	9.025298357009888	31749.967192411423
3121	1280.9978825711974	1004.46	72.3115234375	0.19134898	0.00016624285714285714	0.0005541428571428572	12.130308151245117	31762.100236177444
3122	1291.543965950493	1020.2	72.79833984375	0.19113655	0.0001662	0.000554	11.327411651611328	31773.429193496704
3123	1287.466486989814	1014.55	73.30615234375	0.19111973	0.00016615714285714284	0.0005538571428571428	8.804941415786743	31782.23619747162
3124	1266.6966570749428	1002.89	72.812255859375	0.19111001	0.0001661142857142857	0.0005537142857142857	8.894680261611938	31791.131529569626
3125	1275.1955093910399	1008.43	73.07763671875	0.19109903	0.00016607142857142857	0.0005535714285714287	8.93929409980774	31800.07294678688
3126	1276.5565855499672	1008.41	73.577880859375	0.19109018	0.0001660285714285714	0.0005534285714285714	8.709343194961548	31808.782917022705
3127	1290.9350532706526	1015.42	73.578125	0.1910795	0.00016598571428571427	0.0005532857142857143	9.283570289611816	31818.067128896713
3128	1273.0949902075904	1018.09	73.343505859375	0.19106968	0.00016594285714285713	0.0005531428571428572	8.915362358093262	31826.985090494156
3129	1285.4701243583943	1020.26	72.63671875	0.1910819	0.00016589999999999997	0.000553	11.079551935195923	31838.06520318985
3130	1289.6311866478277	1024.0	73.36083984375	0.19108619	0.00016585714285714286	0.0005528571428571429	9.800395727157593	31847.867809057236
3131	1267.264355488435	1008.28	73.36865234375	0.19108766	0.0001658142857142857	0.0005527142857142857	8.585874080657959	31856.454219818115
3132	1280.2240174523329	1009.97	72.6484375	0.1910466	0.00016577142857142853	0.0005525714285714285	8.872250318527222	31865.328438282013
3133	1289.1178591925338	1018.32	73.38427734375	0.19103466	0.00016572857142857142	0.0005524285714285716	8.58781361579895	31873.916788101196
3134	1293.2488571561069	1024.0	73.391845703125	0.19102253	0.00016568571428571426	0.0005522857142857143	8.760918617248535	31882.67966246605
3135	1287.6963165233515	1018.12	73.76513671875	0.1910099	0.00016564285714285712	0.0005521428571428572	8.574881315231323	31891.25515961647
3136	1277.6483693405648	998.67	73.783203125	0.19099714	0.0001656	0.0005520000000000001	9.180514097213745	31900.4377553463
3137	1279.8261021875871	1006.2	73.540771484375	0.1909828	0.00016555714285714282	0.0005518571428571429	9.470028400421143	31909.90833210945
3138	1285.7701460702438	1016.25	73.548828125	0.19097035	0.0001655142857142857	0.0005517142857142857	8.68285608291626	31918.592968463898
3139	1294.9823299520656	1016.25	73.330078125	0.19095804	0.00016547142857142858	0.0005515714285714286	8.585551738739014	31927.179086208344
3140	1264.388740725541	995.07	73.064697265625	0.19077593	0.0001654285714285714	0.0005514285714285714	9.627395629882812	31936.807123422623
3141	1289.7153948112325	1018.95	73.32275390625	0.19074869	0.00016538571428571428	0.0005512857142857142	9.481205463409424	31946.290494680405
3142	1289.8078467316502	1016.23	73.830322265625	0.1907224	0.00016534285714285714	0.0005511428571428571	8.642165422439575	31954.933321475983
3143	1281.7864141721939	1014.16	73.573974609375	0.1906988	0.00016529999999999998	0.000551	8.595211267471313	31963.53114962578
3144	1303.4783415320417	1024.0	73.5859375	0.19067718	0.00016525714285714287	0.000550857142857143	8.747972249984741	31972.279809474945
3145	1305.6818059669488	1024.0	72.627197265625	0.19064236	0.0001652142857142857	0.0005507142857142857	11.581173419952393	31983.86392045021
3146	1295.6127462645613	1022.28	72.647216796875	0.19064526	0.00016517142857142854	0.0005505714285714285	8.855786323547363	31992.721426963806
3147	1298.0210493785305	1017.23	73.61865234375	0.1906442	0.00016512857142857143	0.0005504285714285715	8.816934823989868	32001.538932561874
3148	1287.2437424693444	1018.23	73.876708984375	0.19064248	0.00016508571428571427	0.0005502857142857143	8.58797574043274	32010.128467082977
3149	1296.7252851177025	1021.74	73.63427734375	0.19063896	0.00016504285714285714	0.0005501428571428571	8.999222993850708	32019.128224134445
3150	1278.341031139333	1006.29	73.642333984375	0.19063516	0.000165	0.00055	9.221844673156738	32028.35067796707
3151	1290.2469070038755	1015.99	73.639892578125	0.1906323	0.00016495714285714284	0.0005498571428571428	8.58498501777649	32036.937433481216
3152	1280.7975059811058	1002.28	72.908203125	0.19051003	0.0001649142857142857	0.0005497142857142858	11.303070068359375	32048.241157770157
3153	1303.3741876094166	1024.0	73.65380859375	0.19051175	0.00016487142857142856	0.0005495714285714286	9.665336608886719	32057.909262418747
3154	1279.721931086656	1010.4	73.673828125	0.19051044	0.0001648285714285714	0.0005494285714285714	8.897883892059326	32066.807680368423
3155	1271.940695333701	1005.62	73.681884765625	0.19051014	0.00016478571428571426	0.0005492857142857143	8.582974672317505	32075.391233444214
3156	1279.5915252768477	1004.48	73.927490234375	0.19050978	0.00016474285714285713	0.0005491428571428572	8.559326648712158	32083.95367193222
3157	1306.121541392283	1024.0	73.20556640625	0.19050886	0.00016469999999999996	0.0005489999999999999	8.807973623275757	32092.762245178223
3158	1264.0017337405172	992.39	72.764404296875	0.1904909	0.00016465714285714286	0.0005488571428571429	9.161428213119507	32101.924297094345
3159	1281.7388606601642	1014.98	73.463623046875	0.1904882	0.0001646142857142857	0.0005487142857142857	8.573749303817749	32110.500509738922
3160	1274.1553271203143	1008.9	70.69140625	0.19030064	0.00016457142857142856	0.0005485714285714286	12.301516771316528	32122.802913427353
3161	1300.899221350774	1023.64	73.448486328125	0.19030112	0.00016452857142857142	0.0005484285714285715	8.587849140167236	32131.392404317856
3162	1300.1966918151268	1024.0	73.482421875	0.19023377	0.00016448571428571426	0.0005482857142857143	10.786233186721802	32142.179287672043
3163	1288.0919632756554	1014.0	73.49365234375	0.18999605	0.00016444285714285712	0.0005481428571428572	11.778870344161987	32153.95999932289
3164	1308.4628835527824	1024.0	73.001953125	0.19006628	0.0001644	0.0005480000000000001	10.715087652206421	32164.676859140396
3165	1257.1292954358892	992.19	73.299072265625	0.19006456	0.00016435714285714282	0.0005478571428571428	8.631955623626709	32173.310832500458
3166	1287.9428614708713	1014.62	73.01806640625	0.19000898	0.00016431428571428569	0.0005477142857142857	12.044140100479126	32187.558106660843
3167	1289.2246985826296	1010.7	72.77587890625	0.18977906	0.00016427142857142858	0.0005475714285714286	11.602862358093262	32199.161524295807
3168	1302.4224441446815	1023.99	72.78369140625	0.18957667	0.00016422857142857139	0.0005474285714285714	12.073415040969849	32211.236401557922
3169	1282.1142874093928	1014.83	73.0791015625	0.1895479	0.00016418571428571428	0.0005472857142857142	10.575244903564453	32221.812430620193
3170	1290.852559379707	1024.0	73.78759765625	0.18955089	0.00016414285714285714	0.0005471428571428572	8.866238594055176	32230.679219961166
3171	1291.690803198851	1014.14	73.8095703125	0.18955319	0.00016409999999999998	0.000547	9.298096656799316	32239.977858304977
3172	1287.8626862766762	1016.06	73.31689453125	0.18956281	0.00016405714285714287	0.000546857142857143	9.226209163665771	32249.20597553253
3173	1277.7219742171694	1018.47	73.5732421875	0.18948857	0.0001640142857142857	0.0005467142857142857	12.5933096408844	32261.799831151962
3174	1283.9472674068923	1017.78	72.866455078125	0.18927722	0.00016397142857142857	0.0005465714285714286	12.055846929550171	32273.85790324211
3175	1282.0222081397994	1018.3	72.87255859375	0.18905436	0.00016392857142857143	0.0005464285714285715	11.598921775817871	32285.45911026001
3176	1288.6882935113174	1018.57	73.3828125	0.18899955	0.00016388571428571427	0.0005462857142857143	9.010867834091187	32294.47196483612
3177	1295.088308664003	1016.05	73.140380859375	0.18882968	0.00016384285714285713	0.0005461428571428571	11.6292564868927	32306.101849794388
3178	1289.3155131787298	1014.18	73.36279296875	0.18868476	0.0001638	0.000546	11.297866821289062	32317.40171957016
3179	1299.0514427151666	1024.0	73.372314453125	0.18839699	0.00016375714285714283	0.0005458571428571429	12.728166580200195	32330.13120818138
3180	1287.9705105757682	1014.38	73.1650390625	0.18840264	0.0001637142857142857	0.0005457142857142858	8.630007982254028	32338.76313328743
3181	1283.6112875354231	1020.41	73.1533203125	0.1883843	0.00016367142857142856	0.0005455714285714286	8.770755290985107	32347.53463244438
3182	1310.4138966093176	1024.0	73.395751953125	0.18830799	0.0001636285714285714	0.0005454285714285714	9.541352272033691	32357.076539754868
3183	1286.6694836134732	1008.6	73.89111328125	0.1882915	0.00016358571428571426	0.0005452857142857143	8.584696531295776	32365.663189411163
3184	1293.9680454377685	1014.41	74.161376953125	0.18827307	0.00016354285714285713	0.0005451428571428572	8.621784448623657	32374.28558254242
3185	1273.2689786257683	1016.38	73.917724609375	0.18825513	0.00016349999999999996	0.0005449999999999999	10.39709734916687	32384.683819055557
3186	1296.9122825772458	1022.91	73.21240234375	0.18822795	0.00016345714285714285	0.0005448571428571429	11.607728958129883	32396.292303562164
3187	1288.9595640794794	1022.0	73.18505859375	0.18809007	0.0001634142857142857	0.0005447142857142857	11.325038194656372	32407.619119405746
3188	1277.3417417120345	1008.6	73.19287109375	0.18797666	0.00016337142857142855	0.0005445714285714287	12.730062007904053	32420.349719047546
3189	1291.762634143978	1014.21	73.44970703125	0.18800378	0.00016332857142857142	0.0005444285714285715	12.06341552734375	32432.414227724075
3190	1285.1789269268697	1018.23	72.958740234375	0.18788725	0.00016328571428571425	0.0005442857142857143	13.522145986557007	32445.937043190002
3191	1305.2750189875876	1019.21	73.46630859375	0.18777718	0.00016324285714285712	0.0005441428571428572	11.874359607696533	32457.81352877617
3192	1284.069861406379	1013.14	73.033447265625	0.18774144	0.0001632	0.0005440000000000001	12.84300947189331	32470.658096790314
3193	1284.3594881482431	1016.12	73.2900390625	0.187687	0.00016315714285714282	0.0005438571428571428	11.09972071647644	32481.758352041245
3194	1256.252621140306	996.67	73.78369140625	0.1876734	0.0001631142857142857	0.0005437142857142857	8.596336841583252	32490.356566667557
3195	1293.5792671780102	1021.94	73.80517578125	0.18766128	0.00016307142857142857	0.0005435714285714286	8.60352110862732	32498.960709095
3196	1306.5539204522734	1024.0	73.81298828125	0.1876471	0.0001630285714285714	0.0005434285714285713	9.511783838272095	32508.47440981865
3197	1272.7424681928208	1007.14	74.072021484375	0.18763189	0.00016298571428571427	0.0005432857142857142	8.628514766693115	32517.10349535942
3198	1275.2724338036542	1012.73	73.578857421875	0.18761583	0.00016294285714285714	0.0005431428571428572	8.62081265449524	32525.724935293198
3199	1298.275778955894	1019.1	73.712646484375	0.1876014	0.00016289999999999998	0.000543	8.632956981658936	32534.359740257263
3200	1288.4885719817792	1016.26	73.4697265625	0.187496	0.00016285714285714287	0.0005428571428571429	11.550734996795654	32545.91108417511
3201	1291.319720737534	1020.38	73.443603515625	0.18747973	0.0001628142857142857	0.0005427142857142857	8.760714292526245	32554.674722909927
3202	1281.9832926357144	1014.29	73.927978515625	0.18743747	0.00016277142857142857	0.0005425714285714286	8.890469312667847	32563.56573677063
3203	1282.4258531979708	1004.69	73.184326171875	0.18727396	0.00016272857142857143	0.0005424285714285715	11.09043288230896	32574.65680027008
3204	1283.6599660918912	1012.34	73.94384765625	0.18727566	0.00016268571428571427	0.0005422857142857142	8.569519519805908	32583.228210687637
3205	1287.3107745689726	1012.0	73.95166015625	0.18725014	0.00016264285714285713	0.0005421428571428571	8.992425918579102	32592.221271276474
3206	1287.4923828690296	1013.87	73.959716796875	0.18724294	0.0001626	0.0005420000000000001	9.194491147994995	32601.417236566544
3207	1299.8967904044637	1024.0	73.711669921875	0.18723781	0.00016255714285714283	0.0005418571428571429	8.612783193588257	32610.030671834946
3208	1276.8394245019176	1012.84	74.22509765625	0.18723416	0.0001625142857142857	0.0005417142857142857	8.596346378326416	32618.62765955925
3209	1271.646878348025	1012.4	74.4833984375	0.187232	0.00016247142857142856	0.0005415714285714286	9.455085039138794	32628.08503484726
3210	1264.9454960045468	1005.11	74.240966796875	0.18722786	0.0001624285714285714	0.0005414285714285714	8.622875213623047	32636.7085814476
3211	1262.9814198349818	1001.92	73.74853515625	0.18706633	0.00016238571428571426	0.0005412857142857143	12.201031684875488	32648.910303354263
3212	1298.2044915985405	1024.0	73.768798828125	0.18690737	0.00016234285714285712	0.0005411428571428571	11.113182067871094	32660.02673268318
3213	1284.0678046407402	1011.54	73.789306640625	0.18682407	0.00016229999999999996	0.0005409999999999999	12.80146598815918	32672.829571008682
3214	1279.7250844565763	1014.06	73.539306640625	0.18673126	0.00016225714285714285	0.000540857142857143	11.946235656738281	32684.777443647385
3215	1279.8720187367287	1014.91	74.029541015625	0.18654184	0.0001622142857142857	0.0005407142857142858	12.054774045944214	32696.833031892776
3216	1292.0757522474107	1022.09	74.02392578125	0.18650289	0.00016217142857142855	0.0005405714285714286	8.850184917449951	32705.68508863449
3217	1273.7907341664181	1009.19	74.295654296875	0.18649094	0.00016212857142857144	0.0005404285714285715	8.587374687194824	32714.273101329803
3218	1289.5166019029411	1018.37	71.27294921875	0.18648022	0.00016208571428571425	0.0005402857142857143	9.041021823883057	32723.31632757187
3219	1276.6561422764291	1020.33	74.296875	0.18646832	0.00016204285714285712	0.0005401428571428572	8.650840759277344	32731.96781039238
3220	1278.7600354600615	1020.67	74.053466796875	0.18645333	0.000162	0.00054	8.64206314086914	32740.61050271988
3221	1288.5861903970779	1019.97	73.610595703125	0.1862635	0.00016195714285714282	0.0005398571428571428	11.813746213912964	32752.42614555359
3222	1296.5938057264107	1024.0	73.849609375	0.18626504	0.0001619142857142857	0.0005397142857142857	8.610907316207886	32761.03760576248
3223	1253.681463329913	1002.43	74.107421875	0.18626495	0.00016187142857142857	0.0005395714285714286	8.606164932250977	32769.6456515789
3224	1266.9515680028705	1016.05	73.849365234375	0.18614765	0.0001618285714285714	0.0005394285714285713	11.866754531860352	32781.513085603714
3225	1289.6237084052898	1014.18	73.847412109375	0.18608539	0.0001617857142857143	0.0005392857142857144	9.342453241348267	32790.856632471085
3226	1280.9965812217554	1014.45	74.365478515625	0.18607189	0.00016174285714285714	0.0005391428571428572	8.769656419754028	32799.62641072273
3227	1285.1120000202745	1018.37	74.623779296875	0.18605687	0.00016169999999999997	0.000539	9.120420932769775	32808.74739575386
3228	1285.0601312651813	1017.94	74.381591796875	0.18604226	0.00016165714285714286	0.0005388571428571429	8.666982650756836	32817.416650772095
3229	1292.7236220193931	1024.0	73.876220703125	0.18601175	0.0001616142857142857	0.0005387142857142857	8.627642154693604	32826.04491734505
3230	1280.9892621556282	1014.14	74.3974609375	0.18599744	0.00016157142857142856	0.0005385714285714286	8.595739841461182	32834.64268684387
3231	1273.7853554995427	1008.17	74.65625	0.18598439	0.00016152857142857143	0.0005384285714285715	8.793409585952759	32843.4368519783
3232	1286.0193792053278	1018.16	74.154052734375	0.18597223	0.00016148571428571427	0.0005382857142857142	8.582321166992188	32852.021213531494
3233	1263.0169420798381	1002.53	74.169921875	0.18596007	0.00016144285714285713	0.0005381428571428572	8.62879753112793	32860.65063929558
3234	1291.849514466103	1016.32	74.679931640625	0.1859504	0.0001614	0.0005380000000000001	9.428698301315308	32870.07997584343
3235	1266.4126711674005	1010.47	74.43798828125	0.18594007	0.00016135714285714283	0.0005378571428571429	8.69918966293335	32878.78109622002
3236	1295.1328210511333	1024.0	74.4443359375	0.18593259	0.0001613142857142857	0.0005377142857142857	8.575570583343506	32887.35739159584
3237	1286.2937023301793	1018.01	74.201904296875	0.18592893	0.00016127142857142856	0.0005375714285714286	9.542568922042847	32896.902086257935
3238	1295.0792710022422	1020.44	73.9599609375	0.1858512	0.0001612285714285714	0.0005374285714285714	11.331127643585205	32908.23374795914
3239	1277.33679624728	1006.28	73.96826171875	0.1855147	0.00016118571428571429	0.0005372857142857144	11.583394527435303	32919.819623708725
3240	1277.095174238389	1010.13	73.74951171875	0.1854669	0.00016114285714285712	0.0005371428571428571	13.40541410446167	32933.22637581825
3241	1264.508299488562	1010.16	73.484130859375	0.18553536	0.00016109999999999996	0.0005369999999999999	11.887451648712158	32945.11558127403
3242	1285.1264465697232	1014.37	74.24169921875	0.18553208	0.00016105714285714285	0.000536857142857143	8.634884119033813	32953.7511780262
3243	1287.1769989624058	1010.78	74.24951171875	0.18552756	0.00016101428571428569	0.0005367142857142857	8.746480464935303	32962.49993920326
3244	1290.323332127969	1018.27	73.7470703125	0.18526082	0.00016097142857142855	0.0005365714285714286	11.082678318023682	32973.58316040039
3245	1290.9405730304823	1010.31	74.51513671875	0.18526544	0.00016092857142857144	0.0005364285714285715	8.599335432052612	32982.18415307999
3246	1304.716109156706	1024.0	74.02294921875	0.1852708	0.00016088571428571425	0.0005362857142857143	8.930261850357056	32991.11506819725
3247	1309.2983594108518	1021.16	73.781982421875	0.18519033	0.00016084285714285714	0.0005361428571428571	10.660412073135376	33001.77602291107
3248	1287.1075048947241	1007.92	72.83251953125	0.18509315	0.0001608	0.000536	11.567990064620972	33013.34629654884
3249	1285.3523100092084	1008.82	74.048583984375	0.18494089	0.00016075714285714284	0.0005358571428571428	11.664698600769043	33025.01245737076
3250	1308.7683399575117	1024.0	74.04248046875	0.18490963	0.0001607142857142857	0.0005357142857142857	9.087286710739136	33034.10406446457
3251	1288.4660251382202	1012.33	74.564453125	0.184902	0.00016067142857142857	0.0005355714285714285	11.177729606628418	33045.28233551979
3252	1308.4501861278054	1024.0	74.572021484375	0.18489169	0.0001606285714285714	0.0005354285714285714	8.961647272109985	33054.246297836304
3253	1285.8592923085253	1005.06	74.337890625	0.18488246	0.0001605857142857143	0.0005352857142857144	8.624176502227783	33062.87112760544
3254	1295.104633492105	1016.76	74.578857421875	0.18487257	0.00016054285714285713	0.0005351428571428572	8.6378173828125	33071.5115172863
3255	1264.5283094826075	1001.46	74.595703125	0.18486221	0.00016049999999999997	0.0005349999999999999	9.1207594871521	33080.632929086685
3256	1298.5179008743478	1022.16	74.35400390625	0.18474835	0.00016045714285714286	0.0005348571428571429	11.743480682373047	33092.378350019455
3257	1291.114954620352	1014.18	73.361572265625	0.18472177	0.0001604142857142857	0.0005347142857142857	10.623866558074951	33103.00276041031
3258	1298.7394509169246	1017.97	74.118408203125	0.18444999	0.00016037142857142856	0.0005345714285714286	10.957364797592163	33113.96162080765
3259	1289.2460980739152	1016.21	74.625732421875	0.18445466	0.00016032857142857143	0.0005344285714285714	8.589357137680054	33122.55151438713
3260	1299.3930720600574	1024.0	74.11962890625	0.18445815	0.00016028571428571426	0.0005342857142857142	8.785150527954102	33131.337844610214
3261	1301.0483944769262	1021.99	74.39111328125	0.18445797	0.00016024285714285713	0.0005341428571428572	9.222140073776245	33140.56052041054
3262	1283.8742938348832	1007.08	74.650146484375	0.18445618	0.0001602	0.0005340000000000001	9.117851495742798	33149.67895102501
3263	1288.4288768826698	1015.95	74.783203125	0.18445651	0.00016015714285714283	0.0005338571428571428	8.678314447402954	33158.35905075073
3264	1281.8914436276586	1002.76	74.528564453125	0.18445772	0.0001601142857142857	0.0005337142857142857	9.18003249168396	33167.53962254524
3265	1303.8283831489255	1024.0	74.534912109375	0.18445647	0.00016007142857142856	0.0005335714285714286	8.68675971031189	33176.228031635284
3266	1297.1497268937412	1021.9	74.80712890625	0.18445343	0.0001600285714285714	0.0005334285714285714	8.615153074264526	33184.84375143051
3267	1311.976018195918	1020.19	74.81494140625	0.18445045	0.00015998571428571428	0.0005332857142857143	8.664986848831177	33193.50945520401
3268	1274.1808326924524	1010.52	74.12158203125	0.18424214	0.00015994285714285712	0.0005331428571428571	10.827460050582886	33204.338429927826
3269	1277.2816398364803	1010.03	74.83056640625	0.18424506	0.00015989999999999996	0.0005329999999999999	8.629629611968994	33212.96859502792
3270	1278.926455814323	1017.22	74.83837890625	0.1842459	0.00015985714285714287	0.000532857142857143	8.619638204574585	33221.58885550499
3271	1291.8305391941076	1013.05	74.85400390625	0.18424512	0.00015981428571428568	0.0005327142857142857	9.307877540588379	33230.89873957634
3272	1297.7236443547044	1024.0	74.3505859375	0.184213	0.00015977142857142855	0.0005325714285714286	8.77457594871521	33239.67388319969
3273	1311.3747789578201	1022.01	74.61181640625	0.18419911	0.00015972857142857144	0.0005324285714285715	11.269517183303833	33250.945442676544
3274	1303.6436081007914	1024.0	73.880859375	0.1840549	0.00015968571428571425	0.0005322857142857143	11.404342412948608	33262.35186433792
3275	1289.5983756897285	1014.25	71.848388671875	0.18396507	0.00015964285714285714	0.0005321428571428571	10.939530611038208	33273.293415308
3276	1301.6107704128237	1024.0	74.361328125	0.1839229	0.0001596	0.000532	9.444489002227783	33282.73964262009
3277	1281.5348602360289	1010.35	74.869140625	0.18391287	0.00015955714285714284	0.0005318571428571428	9.003618955612183	33291.74426150322
3278	1288.6867854477546	1013.39	74.864013671875	0.18390222	0.0001595142857142857	0.0005317142857142858	8.63700246810913	33300.3818833828
3279	1282.3456088198855	1017.51	74.886474609375	0.18389209	0.00015947142857142857	0.0005315714285714286	8.682903528213501	33309.06676650047
3280	1294.2781846028315	1015.98	74.894287109375	0.18387951	0.0001594285714285714	0.0005314285714285714	9.49549913406372	33318.5628862381
3281	1279.803868549713	1006.2	74.65283203125	0.18384697	0.0001593857142857143	0.0005312857142857144	10.877190351486206	33329.44187784195
3282	1284.7232235228598	1022.03	74.18408203125	0.18369772	0.00015934285714285713	0.0005311428571428572	10.966735124588013	33340.40914916992
3283	1287.4642921981467	1022.01	74.418701171875	0.18366039	0.0001593	0.000531	15.653846263885498	33356.06508231163
3284	1281.5716591076236	1014.58	74.9267578125	0.18365113	0.00015925714285714286	0.0005308571428571429	8.865478754043579	33364.93201875687
3285	1291.133133075887	1008.3	74.690185546875	0.18364292	0.0001592142857142857	0.0005307142857142857	8.97135853767395	33373.90404319763
3286	1303.7177769633633	1024.0	75.1904296875	0.18363672	0.00015917142857142856	0.0005305714285714286	8.78518033027649	33384.16045546532
3287	1254.630747353799	1005.03	75.1982421875	0.18362796	0.00015912857142857142	0.0005304285714285715	8.769738674163818	33392.9308013916
3288	1288.2063138482702	1014.28	75.2060546875	0.18361723	0.00015908571428571426	0.0005302857142857143	8.627877473831177	33401.5593047142
3289	1297.6104587258792	1024.0	75.212646484375	0.18360764	0.00015904285714285712	0.0005301428571428572	9.088218212127686	33410.64988732338
3290	1268.0988458709817	991.49	74.47412109375	0.1834612	0.000159	0.0005300000000000001	9.200148344039917	33419.85069537163
3291	1295.7660585064136	1022.54	74.272216796875	0.18344052	0.00015895714285714283	0.0005298571428571428	8.880070924758911	33428.73221755028
3292	1276.6522147863222	1017.35	74.991943359375	0.18342252	0.0001589142857142857	0.0005297142857142857	9.306771278381348	33438.03967213631
3293	1292.4463990835513	1024.0	74.986572265625	0.18340479	0.00015887142857142855	0.0005295714285714286	8.611110925674438	33446.652812957764
3294	1297.0073017568266	1017.96	74.5087890625	0.18334977	0.0001588285714285714	0.0005294285714285713	8.803145170211792	33455.45663547516
3295	1300.4806550700396	1023.94	73.559814453125	0.18326913	0.00015878571428571428	0.0005292857142857143	9.154207229614258	33464.612468242645
3296	1296.303448034287	1022.23	75.02001953125	0.18325227	0.00015874285714285712	0.0005291428571428571	8.955422401428223	33473.5684428215
3297	1284.8853331264897	1014.28	74.7822265625	0.18323661	0.00015869999999999998	0.0005290000000000001	8.616619110107422	33482.18563699722
3298	1254.6084120141622	998.76	74.7900390625	0.18321984	0.00015865714285714287	0.0005288571428571429	8.59146499633789	33490.77904891968
3299	1291.5093476419786	1014.2	74.797607421875	0.18320717	0.00015861428571428568	0.0005287142857142857	9.214115619659424	33499.99384212494
3300	1285.1776285244837	1022.41	75.047119140625	0.18319656	0.00015857142857142857	0.0005285714285714286	10.993788480758667	33510.98928356171
3301	1266.008341148076	1010.45	74.5751953125	0.18337774	0.00015852857142857144	0.0005284285714285715	10.947330713272095	33521.93720293045
3302	1302.4208659519359	1024.0	74.5830078125	0.18333356	0.00015848571428571427	0.0005282857142857142	9.169039487838745	33531.11142349243
3303	1289.6550881520334	1019.95	75.33984375	0.18331999	0.00015844285714285714	0.0005281428571428571	9.272024154663086	33540.38408756256
3304	1275.7038145864226	1017.89	75.09814453125	0.18330707	0.0001584	0.000528	8.628990650177002	33549.01497077942
3305	1300.2449505349111	1024.0	75.10205078125	0.18329608	0.00015835714285714284	0.0005278571428571428	9.217055797576904	33558.232702970505
3306	1281.7834375028717	1016.89	75.107421875	0.18328589	0.0001583142857142857	0.0005277142857142857	8.610124111175537	33566.8437166214
3307	1301.9917764708764	1024.0	74.87158203125	0.18327461	0.00015827142857142857	0.0005275714285714286	8.59749984741211	33575.441873312
3308	1285.7603099531575	1018.38	75.12744140625	0.18326308	0.0001582285714285714	0.0005274285714285714	8.595468759536743	33584.039642333984
3309	1305.6452346244455	1020.11	75.3837890625	0.18325429	0.0001581857142857143	0.0005272857142857144	8.783722639083862	33592.824002981186
3310	1298.0973334389478	1015.93	75.39501953125	0.18324675	0.00015814285714285713	0.0005271428571428571	8.628973484039307	33601.454956293106
3311	1251.706735649098	987.82	74.903076171875	0.18308337	0.0001581	0.000527	11.393107891082764	33612.84867930412
3312	1286.256025178361	1009.47	74.70849609375	0.18311118	0.00015805714285714286	0.0005268571428571429	11.655116081237793	33624.50685930252
3313	1307.3250085001368	1012.8	74.184814453125	0.18303359	0.0001580142857142857	0.0005267142857142857	11.447962999343872	33635.95686507225
3314	1299.9782651702453	1024.0	73.969482421875	0.18303281	0.00015797142857142856	0.0005265714285714285	8.812511682510376	33644.771295547485
3315	1299.2782748562056	1024.0	74.70068359375	0.18302895	0.00015792857142857142	0.0005264285714285715	9.02546739578247	33653.79729413986
3316	1284.4048246300551	1016.31	74.94287109375	0.1830235	0.00015788571428571426	0.0005262857142857143	8.685760498046875	33662.48487043381
3317	1277.1013746242597	1011.04	75.201171875	0.1830173	0.00015784285714285712	0.0005261428571428572	8.75655484199524	33671.24207162857
3318	1283.0588127191795	1016.56	75.19677734375	0.18301134	0.0001578	0.000526	9.217659711837769	33680.46175980568
3319	1271.5246781820967	1010.16	74.967529296875	0.1827311	0.00015775714285714282	0.0005258571428571428	10.95478081703186	33691.41708445549
3320	1266.7872750112124	1004.42	75.474853515625	0.18273936	0.0001577142857142857	0.0005257142857142857	8.638806819915771	33700.05778169632
3321	1307.8074908196752	1020.53	74.98095703125	0.18274821	0.00015767142857142855	0.0005255714285714286	9.233232021331787	33709.2915828228
3322	1295.113589627373	1018.16	75.252197265625	0.1826452	0.0001576285714285714	0.0005254285714285713	11.821832418441772	33721.114293813705
3323	1304.5362845654668	1022.22	75.49658203125	0.18264411	0.0001575857142857143	0.0005252857142857144	8.626277446746826	33729.74112868309
3324	1299.1877247510486	1022.92	75.256103515625	0.18264209	0.00015754285714285712	0.0005251428571428572	9.288342952728271	33739.03102493286
3325	1320.0010335221189	1024.0	75.04931640625	0.18243949	0.00015749999999999998	0.0005250000000000001	11.865352869033813	33750.89693570137
3326	1290.4346040727094	1011.11	74.272216796875	0.18242247	0.00015745714285714287	0.0005248571428571429	9.11326813697815	33760.01195001602
3327	1300.9418001259921	1016.09	75.1552734375	0.18242055	0.00015741428571428568	0.0005247142857142857	9.27851390838623	33769.291001319885
3328	1303.7013472100098	1024.0	75.4140625	0.18241705	0.00015737142857142857	0.0005245714285714286	8.649034261703491	33777.940754175186
3329	1277.8056313949894	1010.32	75.170166015625	0.18236327	0.00015732857142857143	0.0005244285714285715	9.14148998260498	33787.08417010307
3330	1316.7143811723402	1020.97	75.427978515625	0.18234898	0.00015728571428571427	0.0005242857142857142	9.37036681175232	33796.455174684525
3331	1305.921436163829	1024.0	75.43408203125	0.18233593	0.00015724285714285714	0.0005241428571428571	8.674189805984497	33805.13092112541
3332	1299.0607841059916	1020.0	75.693603515625	0.18232436	0.0001572	0.000524	8.612085103988647	33813.743561029434
3333	1307.0347149190884	1024.0	72.428466796875	0.18231077	0.00015715714285714284	0.0005238571428571429	8.628145694732666	33822.37238049507
3334	1314.3796884840197	1024.0	75.434326171875	0.18229572	0.0001571142857142857	0.0005237142857142857	8.728271007537842	33831.102793216705
3335	1286.7380583858137	1014.29	75.212158203125	0.18228059	0.00015707142857142856	0.0005235714285714286	8.612189769744873	33839.71567606926
3336	1300.5459399159956	1012.44	75.2255859375	0.18224986	0.0001570285714285714	0.0005234285714285714	11.260414123535156	33850.977632761
3337	1311.423746452344	1020.33	74.490966796875	0.18214971	0.0001569857142857143	0.0005232857142857144	9.90908932685852	33860.88850212097
3338	1310.822018299003	1024.0	75.740966796875	0.18213703	0.00015694285714285713	0.0005231428571428571	9.090959310531616	33869.98010802269
3339	1304.7600634852263	1016.31	75.498779296875	0.18212526	0.0001569	0.000523	8.65104627609253	33878.63320541382
3340	1294.0827129317229	1014.31	76.005615234375	0.18211477	0.00015685714285714286	0.0005228571428571429	9.333077192306519	33887.966990470886
3341	1293.5978107927192	1013.96	75.0146484375	0.18183619	0.0001568142857142857	0.0005227142857142858	10.93293571472168	33898.90198993683
3342	1279.8213188407876	998.84	75.5224609375	0.18184559	0.00015677142857142856	0.0005225714285714286	8.643981695175171	33907.54799938202
3343	1300.057759467495	1020.4	74.565673828125	0.18169568	0.00015672857142857142	0.0005224285714285715	11.860797882080078	33919.40941286087
3344	1307.4767533790646	1024.0	75.788330078125	0.18170138	0.00015668571428571426	0.0005222857142857143	8.591747760772705	33928.003108501434
3345	1305.081176788645	1014.38	75.546875	0.18170567	0.00015664285714285712	0.0005221428571428572	8.595820188522339	33936.599635601044
3346	1309.5332337981708	1012.07	75.55517578125	0.18170965	0.00015659999999999998	0.000522	8.920564889907837	33945.52213406563
3347	1296.9224500470273	1015.84	75.0478515625	0.18165462	0.00015655714285714282	0.0005218571428571428	9.418218612670898	33954.94089961052
3348	1314.4476503941435	1024.0	75.319580078125	0.1816415	0.0001565142857142857	0.0005217142857142858	8.595856428146362	33963.537315130234
3349	1287.4465049702264	1014.91	75.57763671875	0.18162756	0.00015647142857142855	0.0005215714285714285	8.642814636230469	33972.18214702606
3350	1270.279442368241	996.31	75.08544921875	0.18161367	0.00015642857142857139	0.0005214285714285713	8.663804769515991	33980.84659957886
3351	1302.1259500142662	1023.97	74.843994140625	0.18159409	0.0001563857142857143	0.0005212857142857144	11.86515498161316	33992.71237230301
3352	1294.812971654355	1014.53	75.088134765625	0.18159129	0.0001563428571428571	0.0005211428571428572	9.011682748794556	34001.72636222839
3353	1305.4172724604311	1024.0	75.360107421875	0.18158974	0.0001563	0.000521	9.151782274246216	34010.87868142128
3354	1283.7874316617317	1006.24	75.617919921875	0.18158878	0.00015625714285714287	0.0005208571428571429	10.765010595321655	34021.64630675316
3355	1311.3805015343676	1020.22	75.3759765625	0.18158822	0.0001562142857142857	0.0005207142857142857	8.631828546524048	34030.2794239521
3356	1278.814502712192	997.53	75.623046875	0.18158692	0.00015617142857142857	0.0005205714285714286	9.358696699142456	34039.6387925148
3357	1297.3124512063569	1012.6	74.6650390625	0.18143153	0.00015612857142857143	0.0005204285714285714	12.065711498260498	34051.70663714409
3358	1303.6684485931705	1018.19	75.3994140625	0.18135925	0.00015608571428571427	0.0005202857142857142	12.043911933898926	34063.75233721733
3359	1308.6932737887096	1024.0	74.9072265625	0.18132235	0.00015604285714285713	0.0005201428571428571	9.02081298828125	34072.77561712265
3360	1302.4354361703113	1016.36	75.66552734375	0.18131219	0.000156	0.0005200000000000001	8.652584552764893	34081.42885684967
3361	1308.9099273419615	1024.0	75.674560546875	0.18130189	0.00015595714285714283	0.0005198571428571428	8.599974393844604	34090.03127503395
3362	1297.0349518044466	1018.34	75.920166015625	0.18129025	0.00015591428571428572	0.0005197142857142858	9.362938404083252	34099.39479827881
3363	1299.962171560076	1020.3	75.6904296875	0.18127692	0.00015587142857142856	0.0005195714285714286	8.96121621131897	34108.357535362244
3364	1307.9304840307905	1024.0	75.94775390625	0.18126561	0.0001558285714285714	0.0005194285714285714	8.585788249969482	34116.94397377968
3365	1311.6231797994938	1024.0	74.7294921875	0.18099707	0.0001557857142857143	0.0005192857142857143	13.267150163650513	34130.21174120903
3366	1302.420933081987	1018.34	74.963623046875	0.18100417	0.00015574285714285713	0.0005191428571428571	12.613387107849121	34142.82727217674
3367	1301.5655574267257	1024.0	75.221435546875	0.18098713	0.0001557	0.000519	8.825906753540039	34151.65393567085
3368	1301.8037397798125	1022.18	75.7158203125	0.18097933	0.00015565714285714285	0.000518857142857143	8.919527530670166	34160.57400584221
3369	1296.0382136309909	1013.98	75.237060546875	0.18096979	0.0001556142857142857	0.0005187142857142857	8.61688780784607	34169.19237232208
3370	1310.144518306708	1024.0	76.24560546875	0.18096173	0.00015557142857142855	0.0005185714285714286	8.69490933418274	34177.88795351982
3371	1284.9110126337666	1010.51	75.75048828125	0.18095489	0.00015552857142857142	0.0005184285714285715	9.71248745918274	34187.60113811493
3372	1292.381433465095	1012.38	76.25830078125	0.18084218	0.00015548571428571425	0.0005182857142857143	13.067135334014893	34200.67040848732
3373	1305.920469674401	1022.29	74.787841796875	0.18069464	0.00015544285714285712	0.0005181428571428571	11.581472635269165	34212.25248980522
3374	1302.277549294768	1020.22	75.27294921875	0.18067084	0.00015539999999999998	0.000518	12.20639443397522	34224.460980176926
3375	1295.2526532833717	1016.7	75.305419921875	0.1804847	0.00015535714285714282	0.0005178571428571428	11.675835132598877	34236.139865875244
3376	1296.6579847087792	1018.13	74.8017578125	0.18045898	0.00015531428571428574	0.0005177142857142858	12.874797582626343	34249.015485048294
3377	1301.370605144795	1018.24	74.7978515625	0.18040757	0.00015527142857142855	0.0005175714285714285	12.397994041442871	34261.414045095444
3378	1306.064326003264	1024.0	75.615478515625	0.18019366	0.00015522857142857138	0.0005174285714285714	10.840291261672974	34272.255878448486
3379	1298.303561929062	1014.72	75.804931640625	0.18019749	0.0001551857142857143	0.0005172857142857144	8.780969381332397	34281.03842830658
3380	1298.4489834423514	1014.36	76.076171875	0.18019922	0.0001551428571428571	0.0005171428571428572	8.604905605316162	34289.643991947174
3381	1313.7577722233107	1024.0	75.345947265625	0.1800725	0.0001551	0.000517	11.019423007965088	34300.66410756111
3382	1292.077359503561	1015.4	75.150634765625	0.18000008	0.00015505714285714287	0.0005168571428571429	12.597265481948853	34313.26294398308
3383	1313.5234254571228	1024.0	75.349853515625	0.17998928	0.0001550142857142857	0.0005167142857142857	10.710355281829834	34323.974969148636
3384	1305.6038055258773	1020.45	75.607666015625	0.17991167	0.00015497142857142857	0.0005165714285714286	11.982932567596436	34335.958439826965
3385	1284.9513250961581	1010.51	75.865966796875	0.17991014	0.00015492857142857143	0.0005164285714285714	12.102895021438599	34348.06280493736
3386	1296.5279454102938	1015.26	75.622314453125	0.1798482	0.00015488571428571427	0.0005162857142857142	11.121591567993164	34359.18634176254
3387	1305.939659396633	1017.58	75.131591796875	0.179868	0.00015484285714285713	0.0005161428571428572	12.23679494857788	34371.42369747162
3388	1301.5410233649404	1016.29	73.693603515625	0.17989957	0.0001548	0.0005160000000000001	12.271423578262329	34383.69764637947
3389	1302.8021515849985	1015.32	75.1708984375	0.17976576	0.00015475714285714283	0.0005158571428571428	12.563840627670288	34396.26204371452
3390	1315.789536892115	1024.0	72.880126953125	0.17961381	0.00015471428571428572	0.0005157142857142858	11.539694547653198	34407.80401086807
3391	1302.4227863363176	1018.72	75.427001953125	0.17945684	0.00015467142857142856	0.0005155714285714286	11.705875873565674	34419.51050901413
3392	1292.669727133445	1006.55	75.166015625	0.17926045	0.0001546285714285714	0.0005154285714285714	12.917546272277832	34432.437673807144
3393	1301.3674075281708	1017.79	75.42578125	0.17911641	0.0001545857142857143	0.0005152857142857143	12.192529678344727	34444.63085818291
3394	1309.2926809484304	1024.0	76.185302734375	0.17906815	0.00015454285714285712	0.0005151428571428571	9.13845705986023	34453.77099108696
3395	1293.1973150722533	1007.48	75.937255859375	0.17905287	0.0001545	0.000515	8.740941286087036	34462.512526750565
3396	1314.3017183971037	1024.0	75.94287109375	0.17903864	0.00015445714285714285	0.000514857142857143	13.214292526245117	34475.72808265686
3397	1279.635754735255	1008.49	75.715087890625	0.17903024	0.0001544142857142857	0.0005147142857142857	8.601495504379272	34484.329837322235
3398	1308.4707620332142	1024.0	75.97314453125	0.17902063	0.00015437142857142855	0.0005145714285714286	8.757115602493286	34493.08809995651
3399	1287.2537914703594	1018.48	76.234619140625	0.17901225	0.00015432857142857142	0.0005144285714285715	8.971319437026978	34502.060077905655
3400	1301.8929282249592	1024.0	75.994873046875	0.17900205	0.00015428571428571425	0.0005142857142857142	8.585164308547974	34510.64586234093
3401	1305.032724608216	1018.16	75.504638671875	0.17891447	0.00015424285714285712	0.0005141428571428571	9.729429006576538	34520.377244234085
3402	1305.0991926929873	1022.17	75.76220703125	0.17890441	0.00015419999999999998	0.000514	8.667334079742432	34529.04511857033
3403	1305.9202853518975	1023.91	75.781982421875	0.17889269	0.00015415714285714282	0.0005138571428571428	8.63349962234497	34537.68066596985
3404	1307.467554146815	1024.0	75.7841796875	0.17888129	0.00015411428571428574	0.0005137142857142857	9.236894369125366	34546.91823077202
3405	1305.5796135804203	1023.99	75.7939453125	0.17886819	0.00015407142857142854	0.0005135714285714286	8.6664137840271	34555.58527517319
3406	1311.5355076758724	1014.7	76.044677734375	0.17885697	0.00015402857142857138	0.0005134285714285714	8.597696781158447	34564.18478369713
3407	1316.1514876107246	1024.0	75.134033203125	0.1789179	0.0001539857142857143	0.0005132857142857144	11.911958932876587	34576.0974419117
3408	1314.0965595983516	1024.0	75.6083984375	0.17890595	0.00015394285714285714	0.0005131428571428571	9.000033378601074	34585.09980249405
3409	1294.862787270061	1009.86	75.58984375	0.1789041	0.0001539	0.000513	8.761332750320435	34593.86168217659
3410	1297.632549110305	1018.2	76.608642578125	0.17890228	0.00015385714285714286	0.0005128571428571429	8.631363153457642	34602.49509072304
3411	1286.0041568672586	1016.96	76.1025390625	0.17890184	0.0001538142857142857	0.0005127142857142857	8.724750280380249	34611.22046303749
3412	1299.6943925746557	1019.17	75.863525390625	0.17889714	0.00015377142857142856	0.0005125714285714285	8.82236909866333	34620.04512381554
3413	1308.648571579216	1022.86	75.873779296875	0.17889102	0.00015372857142857143	0.0005124285714285714	8.596720457077026	34628.64240646362
3414	1297.3432455171078	1016.37	76.368896484375	0.17888302	0.00015368571428571427	0.0005122857142857143	9.250237226486206	34637.89330172539
3415	1294.0743064981755	1016.56	76.39306640625	0.17887495	0.00015364285714285713	0.0005121428571428572	8.653868913650513	34646.54863238335
3416	1310.7204578219253	1022.33	75.65283203125	0.17882562	0.0001536	0.000512	11.246963739395142	34657.79616713524
3417	1319.4114290727887	1024.0	75.41259765625	0.17884028	0.00015355714285714283	0.0005118571428571428	10.326689958572388	34668.12476801872
3418	1309.7790904138594	1024.0	76.17041015625	0.17883678	0.00015351428571428572	0.0005117142857142858	9.001274108886719	34677.12764143944
3419	1305.3066695453788	1018.21	76.41650390625	0.17883414	0.00015347142857142856	0.0005115714285714286	8.608286142349243	34685.736548900604
3420	1283.6703383704098	1010.46	76.1904296875	0.1788342	0.00015342857142857142	0.0005114285714285714	8.762557029724121	34694.50115776062
3421	1287.595480503691	1014.14	75.450439453125	0.1787429	0.00015338571428571429	0.0005112857142857143	11.58485722541809	34706.08671450615
3422	1281.7667722430576	1003.02	75.9599609375	0.1787437	0.00015334285714285712	0.0005111428571428571	8.620665550231934	34714.70907711983
3423	1285.2641213640097	1014.89	75.965576171875	0.17874283	0.00015329999999999999	0.0005110000000000001	8.631073713302612	34723.34079909325
3424	1306.1750662168345	1018.94	75.74560546875	0.17866983	0.00015325714285714285	0.0005108571428571429	9.033359289169312	34732.37631726265
3425	1290.440539607822	1017.0	75.99365234375	0.17865448	0.00015321428571428569	0.0005107142857142857	8.743123531341553	34741.1201210022
3426	1293.7297228024236	1016.52	76.01123046875	0.17863946	0.00015317142857142855	0.0005105714285714286	8.605380535125732	34749.72736787796
3427	1295.223234772262	1014.35	75.528564453125	0.17862487	0.00015312857142857141	0.0005104285714285715	9.207674264907837	34758.93574666977
3428	1296.7154859427676	1018.08	75.042724609375	0.17846018	0.00015308571428571425	0.0005102857142857142	11.141053676605225	34770.077063560486
3429	1295.237658668486	1018.25	76.04052734375	0.17842855	0.00015304285714285711	0.0005101428571428571	11.648563623428345	34781.727346897125
3430	1305.3615774178847	1014.27	75.609375	0.17818862	0.00015299999999999998	0.00051	12.46858024597168	34794.19605875015
3431	1294.5363434861592	1014.02	75.796630859375	0.17790471	0.00015295714285714282	0.0005098571428571428	12.98244309425354	34807.180448293686
3432	1307.6658278405876	1019.95	75.820068359375	0.17787127	0.00015291428571428573	0.0005097142857142858	12.646194696426392	34819.82834529877
3433	1308.566914368534	1020.2	75.82470703125	0.17786126	0.00015287142857142854	0.0005095714285714286	9.542268753051758	34829.37215638161
3434	1297.2867752027169	1006.73	76.08984375	0.17785865	0.00015282857142857143	0.0005094285714285715	8.700201988220215	34838.07301092148
3435	1311.8889284447193	1019.99	76.349853515625	0.17785613	0.0001527857142857143	0.0005092857142857144	9.238958597183228	34847.31405711174
3436	1284.3133992050252	1006.75	76.606201171875	0.17785399	0.00015274285714285713	0.0005091428571428571	9.010388135910034	34856.3245677948
3437	1279.0603856148578	1007.51	76.11279296875	0.1778502	0.0001527	0.000509	9.062236547470093	34865.38925695419
3438	1286.4796148720366	1006.45	76.37744140625	0.1779084	0.00015265714285714286	0.0005088571428571429	11.547203779220581	34876.937125205994
3439	1296.728079755042	1021.02	76.3876953125	0.17790365	0.0001526142857142857	0.0005087142857142857	8.65250015258789	34885.593786001205
3440	1280.4410651834905	1012.99	76.1474609375	0.17782708	0.00015257142857142856	0.0005085714285714285	11.632459163665771	34897.226793289185
3441	1303.7906558073214	1018.15	75.904541015625	0.17779738	0.00015252857142857143	0.0005084285714285715	9.38029146194458	34906.6086807251
3442	1295.5535282602646	1020.24	76.15576171875	0.17778777	0.00015248571428571426	0.0005082857142857143	8.643654108047485	34915.25297117233
3443	1301.8603652527238	1021.94	76.427734375	0.17777894	0.00015244285714285713	0.0005081428571428572	8.633838891983032	34923.88872504234
3444	1307.0129812617442	1024.0	76.688232421875	0.17777039	0.0001524	0.000508	9.002409219741821	34932.89181089401
3445	1308.6350655734068	1014.18	76.683837890625	0.17776416	0.00015235714285714283	0.0005078571428571428	8.7120680809021	34941.60455417633
3446	1292.3014360717023	1016.12	75.71923828125	0.17767866	0.00015231428571428572	0.0005077142857142858	12.201136827468872	34953.81697130203
3447	1303.2473929783541	1021.96	75.967529296875	0.17748533	0.00015227142857142856	0.0005075714285714286	10.632111549377441	34964.449701070786
3448	1287.0915837752202	1003.57	73.4482421875	0.17748691	0.00015222857142857142	0.0005074285714285714	8.741119146347046	34973.19234633446
3449	1290.1747014580128	1009.06	76.21533203125	0.17743145	0.00015218571428571428	0.0005072857142857143	12.20085334777832	34985.39385557175
3450	1293.505740338928	1011.26	76.49365234375	0.17743282	0.00015214285714285712	0.0005071428571428572	8.650303602218628	34994.04578208923
3451	1286.1672165633756	1004.92	76.003173828125	0.1774407	0.00015209999999999998	0.000507	12.317492485046387	35006.36395454407
3452	1308.6976685643283	1024.0	75.770751953125	0.17735805	0.00015205714285714285	0.0005068571428571429	11.06476354598999	35017.43022990227
3453	1289.6525219070204	1016.18	76.0234375	0.17734133	0.00015201428571428568	0.0005067142857142857	9.41814112663269	35026.84893155098
3454	1313.1565439773192	1024.0	76.533203125	0.17733224	0.00015197142857142855	0.0005065714285714286	8.849454641342163	35035.69999909401
3455	1303.4392072410485	1020.19	76.666015625	0.17732476	0.0001519285714285714	0.0005064285714285714	8.61290979385376	35044.31345772743
3456	1313.3573338748347	1022.11	76.923828125	0.17732097	0.00015188571428571425	0.0005062857142857142	8.708904504776001	35053.02359509468
3457	1283.3231258166074	1006.91	76.43212890625	0.17731811	0.0001518428571428571	0.0005061428571428571	8.728942632675171	35061.75282621384
3458	1294.9653754819876	1014.46	76.68994140625	0.1773163	0.00015179999999999998	0.000506	8.836539030075073	35070.59004974365
3459	1301.5935007129954	1017.01	76.94873046875	0.1773147	0.0001517571428571428	0.0005058571428571427	8.610879182815552	35079.20364713669
3460	1273.0136964643343	1004.77	76.20458984375	0.1772669	0.00015171428571428573	0.0005057142857142858	13.242363214492798	35092.44670033455
3461	1283.9606505719303	1013.41	75.964599609375	0.17714363	0.00015167142857142857	0.0005055714285714286	12.878711700439453	35105.32691836357
3462	1299.803141044591	1018.4	76.472412109375	0.17709923	0.00015162857142857143	0.0005054285714285715	8.955343961715698	35114.28281831741
3463	1298.4148667357333	1018.48	76.980224609375	0.17708737	0.0001515857142857143	0.0005052857142857143	8.942570447921753	35123.22740483284
3464	1300.7912822764895	1024.0	76.990966796875	0.17707486	0.00015154285714285713	0.0005051428571428571	8.620962858200073	35131.84901404381
3465	1301.3121981959619	1010.56	76.998779296875	0.17706005	0.0001515	0.000505	8.630409955978394	35140.48066186905
3466	1317.2733646289282	1024.0	77.0068359375	0.17704582	0.00015145714285714286	0.0005048571428571429	9.245573282241821	35149.72689986229
3467	1291.4698958376866	1003.33	76.7626953125	0.17703147	0.0001514142857142857	0.0005047142857142856	8.685628175735474	35158.41563344002
3468	1301.7683671170148	1018.92	75.280029296875	0.17696609	0.00015137142857142856	0.0005045714285714286	14.053002834320068	35172.46877408028
3469	1314.1334347347538	1013.97	76.27880859375	0.17681359	0.00015132857142857142	0.0005044285714285715	11.949516296386719	35184.41944694519
3470	1292.8818137708251	1010.35	76.2861328125	0.1767913	0.00015128571428571426	0.0005042857142857143	13.154982089996338	35197.575055122375
3471	1306.7846205873573	1012.26	76.294189453125	0.17669196	0.00015124285714285715	0.0005041428571428572	13.024847745895386	35210.602627038956
3472	1310.1104406763125	1022.03	75.118408203125	0.17658909	0.0001512	0.000504	13.342299699783325	35223.946257829666
3473	1286.9579110013235	1003.41	76.56005859375	0.17645521	0.00015115714285714283	0.0005038571428571428	13.127989292144775	35237.074820518494
3474	1300.377684229692	1018.02	76.075927734375	0.17628294	0.00015111428571428572	0.0005037142857142858	12.249190330505371	35249.32488822937
3475	1315.204995254607	1024.0	75.598876953125	0.17636131	0.00015107142857142855	0.0005035714285714285	11.685572624206543	35261.01156997681
3476	1266.3378499873695	1002.67	76.10009765625	0.17621207	0.00015102857142857142	0.0005034285714285714	12.013011693954468	35273.02514243126
3477	1281.8445488816965	996.54	76.5927734375	0.1763072	0.00015098571428571428	0.0005032857142857144	11.910256624221802	35284.93747615814
3478	1297.801723988003	1014.22	75.896484375	0.17621948	0.00015094285714285712	0.0005031428571428572	13.248339414596558	35298.18757081032
3479	1289.4010871604482	1011.95	76.155029296875	0.17620873	0.00015089999999999998	0.000503	12.792606353759766	35310.98072838783
3480	1296.9118004040836	1003.51	76.3662109375	0.17609735	0.00015085714285714285	0.0005028571428571429	11.93971872329712	35322.92223954201
3481	1299.2352155744638	1014.03	76.171142578125	0.17602652	0.00015081428571428568	0.0005027142857142857	9.125213384628296	35332.04838848114
3482	1300.973779895673	1014.21	76.3974609375	0.176009	0.00015077142857142855	0.0005025714285714286	8.699199199676514	35340.748120069504
3483	1315.4725926360206	1018.29	76.6396484375	0.17599161	0.0001507285714285714	0.0005024285714285714	8.59465479850769	35349.34426879883
3484	1291.159154820355	1006.57	76.64599609375	0.1759751	0.00015068571428571425	0.0005022857142857142	9.188684701919556	35358.53355550766
3485	1307.973643863327	1024.0	76.6552734375	0.1759613	0.00015064285714285716	0.0005021428571428573	8.691127061843872	35367.228333711624
3486	1306.3193124885265	1020.49	77.163330078125	0.17594767	0.00015059999999999997	0.0005020000000000001	9.123551845550537	35376.3525519371
3487	1307.907920930811	1018.06	76.921142578125	0.17593616	0.0001505571428571428	0.0005018571428571428	9.292137861251831	35385.64585399628
3488	1299.8775280809566	1010.48	76.915771484375	0.17592527	0.00015051428571428573	0.0005017142857142858	8.655411005020142	35394.30193281174
3489	1285.5373784262335	999.82	75.19482421875	0.17597926	0.00015047142857142857	0.0005015714285714286	12.19633674621582	35406.499393224716
3490	1283.4646454113715	1004.97	76.44482421875	0.1757861	0.00015042857142857143	0.0005014285714285715	13.177172899246216	35419.67861509323
3491	1298.681954928678	1014.73	75.210205078125	0.17567556	0.0001503857142857143	0.0005012857142857143	11.969731330871582	35431.65098118782
3492	1292.0676073996267	1016.47	76.712158203125	0.17567568	0.00015034285714285713	0.0005011428571428571	8.608593940734863	35440.261507987976
3493	1303.9558017130448	1018.17	76.96630859375	0.17567569	0.0001503	0.000501	9.515080451965332	35449.77723360062
3494	1305.563546739469	1018.01	77.225341796875	0.17567539	0.00015025714285714286	0.000500857142857143	8.746235847473145	35458.52542948723
3495	1319.9473548973738	1024.0	76.483154296875	0.17564672	0.0001502142857142857	0.0005007142857142856	9.800842046737671	35468.32681250572
3496	1304.5718346220142	1014.34	76.9775390625	0.17563625	0.00015017142857142856	0.0005005714285714286	9.287490367889404	35477.61618566513
3497	1291.7803019926205	1018.36	76.998291015625	0.17562808	0.00015012857142857142	0.0005004285714285715	8.691001892089844	35486.30778217316
3498	1299.397847806031	1014.16	77.005859375	0.1756184	0.00015008571428571426	0.0005002857142857142	8.573009729385376	35494.88150215149
3499	1316.4636099074226	1016.07	77.263916015625	0.1756093	0.00015004285714285715	0.0005001428571428572	8.60078740119934	35503.48429584503
3500	1304.9471120282547	1012.18	76.523193359375	0.17565554	0.00015	0.0005	12.324482440948486	35515.809401750565
3501	1313.308566728056	1024.0	75.03857421875	0.17542292	0.00014995714285714285	0.0004998571428571429	10.741700649261475	35526.55348229408
3502	1322.5922049601493	1023.91	76.083740234375	0.17537177	0.0001499142857142857	0.0004997142857142856	9.741540908813477	35536.296431303024
3503	1304.9277890733679	1014.24	77.046875	0.1753657	0.00014987142857142855	0.0004995714285714285	8.614845037460327	35544.911811351776
3504	1316.4591200614068	1018.19	76.804931640625	0.17536177	0.00014982857142857142	0.0004994285714285715	8.726083278656006	35553.63852739334
3505	1302.5602266685835	1020.81	74.01806640625	0.17535998	0.00014978571428571428	0.0004992857142857144	8.600475311279297	35562.282340049744
3506	1301.1188266858496	1012.35	77.3076171875	0.17535937	0.00014974285714285712	0.0004991428571428571	8.692460775375366	35570.97543692589
3507	1293.2388667288888	1020.12	76.56396484375	0.17532581	0.00014969999999999998	0.000499	13.36616325378418	35584.343702316284
3508	1310.5712052216966	1024.0	76.853271484375	0.17520237	0.00014965714285714284	0.0004988571428571429	12.796953439712524	35597.142339468
3509	1295.7799103457114	1003.05	74.859375	0.17524983	0.00014961428571428568	0.0004987142857142857	11.111467361450195	35608.26095819473
3510	1306.2647533848242	1009.53	76.881103515625	0.17523254	0.00014957142857142854	0.0004985714285714285	9.022071123123169	35617.28377151489
3511	1261.6586014238121	996.37	76.888916015625	0.17522609	0.0001495285714285714	0.0004984285714285714	9.22521424293518	35626.50951933861
3512	1300.1745287475205	1018.16	76.88330078125	0.1752184	0.0001494857142857143	0.0004982857142857143	8.61704158782959	35635.12812066078
3513	1309.8759861550172	1017.98	76.905029296875	0.17521167	0.0001494428571428571	0.0004981428571428572	8.617615461349487	35643.74629688263
3514	1291.7128056505403	1008.56	77.16259765625	0.17520379	0.0001494	0.000498	11.531119346618652	35655.278101205826
3515	1309.522824705039	1024.0	76.66748046875	0.17519532	0.00014935714285714286	0.0004978571428571429	8.773464918136597	35664.07326030731
3516	1288.1006459916098	1018.22	77.42041015625	0.1751854	0.00014931428571428567	0.0004977142857142857	9.071263074874878	35673.14513087273
3517	1313.4676052669736	1023.93	75.44287109375	0.17509927	0.00014927142857142856	0.0004975714285714286	11.471168756484985	35684.619487047195
3518	1282.978149404741	1014.59	77.19287109375	0.17509545	0.00014922857142857143	0.0004974285714285714	8.727587938308716	35693.34773874283
3519	1311.384946379601	1016.33	76.575439453125	0.17505068	0.0001491857142857143	0.0004972857142857143	11.236995935440063	35704.586810112
3520	1289.588323144575	1011.53	76.58349609375	0.17495131	0.00014914285714285713	0.0004971428571428571	12.534482955932617	35717.12187576294
3521	1309.0301503541186	1024.0	77.091552734375	0.17480224	0.0001491	0.000497	11.56378960609436	35728.68676018715
3522	1289.796094520445	1017.26	76.34814453125	0.17480068	0.00014905714285714286	0.0004968571428571429	8.733627557754517	35737.420952796936
3523	1289.3404474401693	1018.34	77.097900390625	0.17479758	0.0001490142857142857	0.0004967142857142857	9.241471767425537	35746.664362192154
3524	1304.3818153423595	1018.34	77.114990234375	0.17479332	0.00014897142857142856	0.0004965714285714286	8.605373859405518	35755.27044630051
3525	1308.1125408572982	1024.0	77.122802734375	0.17478774	0.00014892857142857142	0.0004964285714285715	78.37150955200195	35833.644329071045
3526	1296.9187544115507	1016.88	76.880859375	0.17478186	0.00014888571428571428	0.0004962857142857143	8.733728647232056	35842.38043618202
3527	1293.0432843234519	1024.0	77.389892578125	0.17477483	0.00014884285714285712	0.0004961428571428571	8.71718716621399	35851.09796214104
3528	1288.5044865978334	1013.99	76.6943359375	0.17469585	0.00014879999999999998	0.000496	9.04414415359497	35860.144409418106
3529	1283.7817126108764	1014.27	77.1552734375	0.17468618	0.00014875714285714285	0.0004958571428571429	9.28651213645935	35869.43149352074
3530	1301.1300710858422	1024.0	76.913330078125	0.1746764	0.00014871428571428569	0.0004957142857142856	8.710336685180664	35878.14237737656
3531	1292.5707329194336	1016.03	76.92919921875	0.17466639	0.00014867142857142855	0.0004955714285714286	8.676908254623413	35886.82132291794
3532	1305.6746966182345	1024.0	76.67919921875	0.17465593	0.0001486285714285714	0.0004954285714285715	9.233587741851807	35896.05561709404
3533	1294.1157256802094	1018.62	76.936767578125	0.1746946	0.00014858571428571428	0.0004952857142857144	11.822830438613892	35907.879970788956
3534	1286.7155918654823	1016.44	76.94384765625	0.17460506	0.00014854285714285711	0.0004951428571428571	12.161750078201294	35920.043615818024
3535	1291.513832322434	1020.31	77.70263671875	0.17460203	0.00014849999999999998	0.000495	9.54678988456726	35929.591309309006
3536	1305.4166538780783	1016.63	77.193603515625	0.17459871	0.00014845714285714284	0.0004948571428571429	8.808553218841553	35938.40039610863
3537	1255.5919166545518	990.61	77.21728515625	0.17458658	0.00014841428571428568	0.0004947142857142857	8.871495485305786	35947.27334046364
3538	1284.5248146318038	1009.89	77.22509765625	0.17458248	0.00014837142857142854	0.0004945714285714285	13.591123342514038	35960.86510896683
3539	1289.7464357491906	1016.63	77.73291015625	0.17457823	0.0001483285714285714	0.0004944285714285714	8.64838171005249	35969.51599621773
3540	1301.8422587395628	1018.22	77.24072265625	0.17457502	0.0001482857142857143	0.0004942857142857144	8.635429382324219	35978.15199422836
3541	1287.797379127011	1022.0	76.998291015625	0.17457075	0.0001482428571428571	0.0004941428571428572	9.248449087142944	35987.401938438416
3542	1301.2854337243043	1024.0	77.25244140625	0.17456801	0.0001482	0.000494	17.63252067565918	36005.035108327866
3543	1285.9254556612593	1010.17	77.014404296875	0.17456396	0.00014815714285714286	0.0004938571428571429	8.785696029663086	36013.82289671898
3544	1293.0526108969714	1016.09	77.0234375	0.1745593	0.0001481142857142857	0.0004937142857142857	8.763082504272461	36022.58654284477
3545	1295.4580094766782	1016.96	76.78125	0.17440523	0.00014807142857142856	0.0004935714285714286	11.456698656082153	36034.045154333115
3546	1293.0653839782647	1012.31	76.7890625	0.17433238	0.00014802857142857143	0.0004934285714285714	11.916852474212646	36045.96255993843
3547	1290.7712206726853	1008.33	77.320556640625	0.17416888	0.0001479857142857143	0.0004932857142857143	10.785598754882812	36056.74981355667
3548	1304.521678600502	1024.0	77.3046875	0.1741734	0.00014794285714285713	0.0004931428571428571	8.599895000457764	36065.35136079788
3549	1272.1526200310705	1000.95	76.8359375	0.17403676	0.0001479	0.0004930000000000001	12.991755485534668	36078.34377574921
3550	1300.66283743715	1019.97	77.3212890625	0.1740371	0.00014785714285714285	0.0004928571428571429	8.607551336288452	36086.953316926956
3551	1293.920304064607	1018.07	76.8291015625	0.17402548	0.0001478142857142857	0.0004927142857142857	8.800086498260498	36095.754069805145
3552	1294.7740516172971	1024.0	76.8369140625	0.17389499	0.00014777142857142855	0.0004925714285714286	11.192418098449707	36106.94702386856
3553	1271.4112177734048	988.1	76.84521484375	0.17383824	0.00014772857142857142	0.0004924285714285714	12.235675811767578	36119.1845934391
3554	1282.0058618955861	1008.42	76.863525390625	0.17380041	0.00014768571428571428	0.0004922857142857143	12.020059823989868	36131.20626401901
3555	1293.0735382340442	1016.5	76.85888671875	0.17380165	0.00014764285714285712	0.0004921428571428571	9.614654541015625	36140.822566747665
3556	1305.577090543558	1022.02	77.116455078125	0.17351949	0.00014759999999999998	0.000492	10.953390836715698	36151.77656793594
3557	1279.7963047281924	1004.34	76.87451171875	0.17353071	0.00014755714285714285	0.0004918571428571428	8.677449226379395	36160.455790281296
3558	1294.133058531512	1012.09	77.633056640625	0.17353511	0.00014751428571428568	0.0004917142857142856	9.297049760818481	36169.75339651108
3559	1295.045104545243	1018.31	77.1416015625	0.17353784	0.00014747142857142855	0.0004915714285714286	8.646432161331177	36178.402097940445
3560	1314.2471878524582	1024.0	77.649169921875	0.17354022	0.0001474285714285714	0.0004914285714285715	8.60303258895874	36187.00565123558
3561	1298.380836332217	1018.08	77.406005859375	0.17353947	0.00014738571428571427	0.0004912857142857143	9.449702501296997	36196.4586622715
3562	1299.4824151910736	1016.15	77.164794921875	0.17353834	0.0001473428571428571	0.0004911428571428571	8.642357349395752	36205.10156226158
3563	1298.5976126248063	1010.51	74.615234375	0.17353527	0.00014729999999999998	0.000491	8.632961750030518	36213.73702406883
3564	1322.2172147860351	1024.0	77.63916015625	0.17352854	0.00014725714285714284	0.0004908571428571429	8.660566329956055	36222.39825749397
3565	1296.6918008006026	1005.74	77.64892578125	0.17352013	0.00014721428571428573	0.0004907142857142857	8.769214868545532	36231.16801595688
3566	1290.9876920089528	1006.26	77.4052734375	0.17351358	0.00014717142857142854	0.0004905714285714285	8.730573177337646	36239.90061044693
3567	1292.2808670408604	1012.31	77.669189453125	0.17350763	0.00014712857142857143	0.0004904285714285715	8.602278232574463	36248.50373125076
3568	1301.952336500808	1018.02	78.203369140625	0.17348476	0.0001470857142857143	0.0004902857142857144	9.467436790466309	36257.97184276581
3569	1287.2358117868469	1016.71	77.726806640625	0.1734782	0.0001470428571428571	0.0004901428571428571	10.906036376953125	36268.8784134388
3570	1320.489499008575	1024.0	77.976318359375	0.17347215	0.000147	0.00049	8.624922513961792	36277.50520181656
3571	1315.4928022184793	1024.0	77.242431640625	0.17346542	0.00014695714285714286	0.0004898571428571429	9.227345943450928	36286.733184337616
3572	1292.653650234056	1014.9	77.249267578125	0.17345993	0.00014691428571428572	0.0004897142857142858	8.620330572128296	36295.356066942215
3573	1286.3911077645091	1010.62	77.2568359375	0.1734543	0.00014687142857142856	0.0004895714285714285	8.621168851852417	36303.977863550186
3574	1301.336116493675	1018.58	77.765869140625	0.173447	0.00014682857142857142	0.0004894285714285714	8.62126088142395	36312.60097908974
3575	1305.0446198031707	1024.0	77.024658203125	0.1733504	0.0001467857142857143	0.0004892857142857143	9.242509841918945	36321.84419989586
3576	1288.5065514080454	1014.66	77.53271484375	0.17333777	0.00014674285714285712	0.0004891428571428572	8.935009956359863	36330.78576898575
3577	1307.2500627146444	1022.32	77.527099609375	0.1733225	0.0001467	0.000489	8.920714378356934	36339.707112789154
3578	1296.5924277111033	1022.92	76.8203125	0.17337729	0.00014665714285714285	0.0004888571428571429	12.282861232757568	36351.990587711334
3579	1295.5802841650536	1014.01	77.0546875	0.17306288	0.00014661428571428572	0.0004887142857142858	11.216325283050537	36363.20855855942
3580	1291.4633349315397	1010.5	76.8115234375	0.17297006	0.00014657142857142855	0.0004885714285714286	11.107800960540771	36374.31925654411
3581	1297.716994026349	1016.33	77.320556640625	0.17300023	0.00014652857142857142	0.0004884285714285714	12.03683590888977	36386.35820174217
3582	1293.7672337475647	1020.15	77.3291015625	0.17293113	0.00014648571428571428	0.0004882857142857143	10.6461820602417	36397.004920482635
3583	1312.2406310981853	1024.0	78.4619140625	0.17293318	0.00014644285714285712	0.00048814285714285713	9.195658206939697	36406.20139288902
3584	1293.8329134012702	1012.31	76.97021484375	0.17303485	0.00014639999999999998	0.000488	11.42972207069397	36417.63177919388
3585	1287.5545750178558	1008.59	77.477783203125	0.1729471	0.00014635714285714284	0.0004878571428571429	10.950453042984009	36428.58445239067
3586	1311.4313816988326	1020.13	77.48583984375	0.17296112	0.0001463142857142857	0.00048771428571428577	12.314579248428345	36440.899804115295
3587	1304.5808058323805	1016.35	77.243408203125	0.17268653	0.00014627142857142855	0.0004875714285714286	10.626832008361816	36451.52716398239
3588	1292.9380740191634	1009.2	77.75146484375	0.17251289	0.0001462285714285714	0.00048742857142857144	11.348413705825806	36462.8790435791
3589	1305.7707096095733	1023.97	77.249267578125	0.1725203	0.00014618571428571427	0.00048728571428571435	9.104788780212402	36471.984525203705
3590	1289.5132547835337	1004.63	77.767822265625	0.17251952	0.0001461428571428571	0.0004871428571428571	8.705709218978882	36480.69076132774
3591	1303.1536295890726	1022.93	77.740234375	0.1725198	0.00014609999999999997	0.000487	8.601806402206421	36489.29419755936
3592	1298.7117356946487	1023.17	77.997802734375	0.1725213	0.00014605714285714284	0.0004868571428571429	9.256625413894653	36498.55147957802
3593	1282.1546018018387	1003.24	78.2568359375	0.17252316	0.00014601428571428573	0.0004867142857142858	8.978477001190186	36507.5314207077
3594	1318.9272842981272	1024.0	77.0009765625	0.17250746	0.00014597142857142854	0.00048657142857142855	10.713303565979004	36518.24524974823
3595	1301.9878246634614	1012.55	78.521728515625	0.17251211	0.00014592857142857143	0.00048642857142857147	9.206663608551025	36527.45394515991
3596	1298.624175618986	1022.21	77.03076171875	0.17231448	0.0001458857142857143	0.0004862857142857143	10.95273208618164	36538.40722441673
3597	1319.7950153159518	1024.0	76.796142578125	0.17229883	0.00014584285714285713	0.00048614285714285713	8.850119829177856	36547.25885677338
3598	1298.5666132182005	1010.87	78.04638671875	0.17229004	0.0001458	0.000486	12.518497705459595	36559.77796459198
3599	1304.5843497103483	1021.58	78.038818359375	0.17228042	0.00014575714285714286	0.0004858571428571429	11.714234828948975	36571.49372577667
3600	1317.896522559582	1023.01	78.060302734375	0.17227136	0.00014571428571428572	0.00048571428571428577	8.616957187652588	36580.11253166199
3601	1289.7587562378194	1010.4	78.068359375	0.1722608	0.00014567142857142856	0.0004855714285714286	9.223092555999756	36589.33632326126
3602	1306.8925351565858	1024.0	77.826171875	0.17224848	0.00014562857142857142	0.00048542857142857144	8.60315203666687	36597.940947294235
3603	1306.8907347599538	1024.0	77.08544921875	0.17212158	0.00014558571428571429	0.00048528571428571436	9.183227777481079	36607.12481069565
3604	1306.5365838301568	1024.0	77.829833984375	0.1721129	0.00014554285714285712	0.0004851428571428571	9.340086698532104	36616.46553468704
3605	1304.134364415288	1024.0	77.849609375	0.17210607	0.00014549999999999999	0.00048499999999999997	8.568806409835815	36625.03645014763
3606	1306.0267643156872	1018.7	77.856689453125	0.17209904	0.00014545714285714285	0.0004848571428571429	8.73808479309082	36633.77524852753
3607	1315.2219628499763	1017.2	78.365478515625	0.1720931	0.00014541428571428571	0.00048471428571428575	8.593833684921265	36642.371022462845
3608	1307.7945904498429	1019.92	77.382080078125	0.17208679	0.00014537142857142855	0.00048457142857142856	8.721740961074829	36651.093393564224
3609	1313.4242139608862	1024.0	77.879638671875	0.17208171	0.00014532857142857141	0.0004844285714285714	8.661883115768433	36659.75756430626
3610	1309.2719903078932	1014.85	78.13232421875	0.17207824	0.00014528571428571428	0.00048428571428571433	20.5169095993042	36680.2749979496
3611	1319.0680988145243	1024.0	77.398193359375	0.1719535	0.00014524285714285711	0.0004841428571428571	10.842983961105347	36691.12003684044
3612	1313.6812117369295	1014.2	77.429443359375	0.1719476	0.00014519999999999998	0.000484	8.757988929748535	36699.878561496735
3613	1304.011580757944	1010.19	77.663818359375	0.17186373	0.00014515714285714284	0.00048385714285714286	9.845037698745728	36709.72372317314
3614	1288.4632433000772	1003.54	77.922119140625	0.17185037	0.0001451142857142857	0.0004837142857142858	8.612316846847534	36718.341116428375
3615	1317.3694597490407	1024.0	78.17822265625	0.17183793	0.00014507142857142854	0.00048357142857142853	10.12955379486084	36728.47135043144
3616	1318.9049032284072	1014.58	77.937255859375	0.17182665	0.0001450285714285714	0.00048342857142857145	9.370782613754272	36737.84600019455
3617	1298.471227161509	1016.49	77.945068359375	0.17181313	0.00014498571428571427	0.0004832857142857143	8.880787372589111	36746.72732234001
3618	1317.5494597975337	1020.04	77.976806640625	0.17158651	0.0001449428571428571	0.0004831428571428571	9.163437366485596	36755.89143228531
3619	1329.198174925471	1024.0	77.947265625	0.17156614	0.00014489999999999997	0.000483	8.609983444213867	36764.50326824188
3620	1308.3561570736244	1015.93	75.185546875	0.17148633	0.00014485714285714286	0.0004828571428571429	12.250772476196289	36776.75469493866
3621	1316.7212175816376	1016.15	78.183837890625	0.1714846	0.00014481428571428573	0.00048271428571428575	8.739190816879272	36785.49502658844
3622	1295.5454544436489	1010.46	77.734375	0.17157596	0.00014477142857142856	0.00048257142857142856	12.21508502960205	36797.71066594124
3623	1295.3195982471232	1005.85	77.490478515625	0.17154783	0.00014472857142857143	0.0004824285714285714	9.256180763244629	36806.969029426575
3624	1309.281571340479	1016.13	77.49951171875	0.17148185	0.0001446857142857143	0.00048228571428571434	12.42591404914856	36819.39548611641
3625	1318.0650608013127	1024.0	77.257568359375	0.17140551	0.00014464285714285713	0.0004821428571428571	11.377459287643433	36830.775205135345
3626	1297.3360769320227	1010.11	78.01416015625	0.1714055	0.0001446	0.000482	8.628729581832886	36839.40406489372
3627	1308.0975105589025	1018.72	78.546875	0.17125948	0.00014455714285714285	0.00048185714285714287	11.322840452194214	36850.72750926018
3628	1312.1050017026562	1012.5	77.781494140625	0.17112543	0.00014451428571428572	0.0004817142857142858	11.778045415878296	36862.50693273544
3629	1319.6047389354758	1016.22	77.775390625	0.17112517	0.00014447142857142856	0.00048157142857142854	9.162820816040039	36871.671429395676
3630	1317.0805195680023	1020.04	78.546875	0.17112313	0.00014442857142857142	0.00048142857142857145	8.646227836608887	36880.31826019287
3631	1324.317697467939	1023.2	78.554931640625	0.1711235	0.00014438571428571428	0.0004812857142857143	9.267727613449097	36889.58665084839
3632	1306.5835728723664	1012.32	78.05224609375	0.17112295	0.00014434285714285712	0.0004811428571428571	8.620738744735718	36898.20863723755
3633	1298.5639082049677	1006.94	78.57080078125	0.17112212	0.00014429999999999998	0.000481	8.595359563827515	36906.80424976349
3634	1319.5779641695858	1022.89	78.322021484375	0.17112334	0.00014425714285714285	0.0004808571428571429	9.322802305221558	36916.12729740143
3635	1317.242660448482	1021.97	77.84423828125	0.1711273	0.0001442142857142857	0.00048071428571428576	8.578881978988647	36924.7077832222
3636	1292.864397203368	1010.16	78.335693359375	0.17113088	0.00014417142857142855	0.00048057142857142857	8.64357852935791	36933.352038145065
3637	1285.3948956717545	1000.27	77.852294921875	0.17109841	0.0001441285714285714	0.00048042857142857143	12.84110426902771	36946.19468188286
3638	1304.5462099904084	1020.07	77.610107421875	0.17096722	0.00014408571428571428	0.00048028571428571434	11.349640607833862	36957.54486465454
3639	1313.677827689612	1015.68	78.10791015625	0.17080335	0.0001440428571428571	0.0004801428571428571	10.71300482749939	36968.25983452797
3640	1308.7224714779622	1018.67	76.634765625	0.17076094	0.00014399999999999998	0.00048	12.6667160987854	36980.92719435692
3641	1312.8335792310556	1024.0	76.884521484375	0.17064907	0.00014395714285714284	0.0004798571428571429	11.928336143493652	36992.85741877556
3642	1301.2684087391458	1009.28	78.132568359375	0.17059131	0.0001439142857142857	0.0004797142857142858	11.738372802734375	37004.59772539139
3643	1325.4285923656612	1022.06	77.685791015625	0.17050262	0.00014387142857142854	0.00047957142857142854	12.245461463928223	37016.84532403946
3644	1300.1021820122705	1009.72	77.908447265625	0.17041744	0.0001438285714285714	0.00047942857142857146	9.013324737548828	37025.85884833336
3645	1302.464683313098	1017.26	78.66650390625	0.17040296	0.00014378571428571427	0.0004792857142857143	8.66589641571045	37034.52528476715
3646	1315.6663183576102	1020.11	78.421875	0.17039062	0.0001437428571428571	0.0004791428571428571	8.908890008926392	37043.43485665321
3647	1320.0581513198358	1022.98	78.56298828125	0.17037918	0.00014369999999999997	0.000479	9.01758623123169	37052.45473957062
3648	1303.9156172039238	1024.0	78.813232421875	0.17036796	0.00014365714285714286	0.0004788571428571429	8.64556336402893	37061.10096383095
3649	1288.3842555779097	1003.22	78.3212890625	0.17023629	0.00014361428571428572	0.00047871428571428576	12.829278469085693	37073.9321949482
3650	1315.7401128282413	1020.51	77.8291015625	0.17012288	0.00014357142857142856	0.00047857142857142857	11.616280555725098	37085.549121141434
3651	1314.1832833547585	1018.15	78.337158203125	0.17012417	0.00014352857142857142	0.00047842857142857143	8.620580673217773	37094.17202877998
3652	1306.9917310856085	1024.0	78.33984375	0.170058	0.0001434857142857143	0.00047828571428571435	12.200977563858032	37106.3735537529
3653	1291.8355115869429	1005.9	77.602294921875	0.16992019	0.00014344285714285713	0.0004781428571428571	12.057918310165405	37118.433542728424
3654	1313.4520548979394	1022.19	78.359130859375	0.16991667	0.0001434	0.00047799999999999996	9.53878402709961	37127.97246289253
3655	1305.138099757468	1013.07	78.8681640625	0.16991524	0.00014335714285714285	0.0004778571428571429	8.604135990142822	37136.57847881317
3656	1275.4594534401235	998.68	78.625	0.16991214	0.00014331428571428572	0.0004777142857142858	8.664236068725586	37145.24295067787
3657	1298.4258039757779	1013.37	78.884521484375	0.16990884	0.00014327142857142855	0.00047757142857142855	8.675800085067749	37153.92224955559
3658	1294.8049485912486	1013.59	79.1298828125	0.16990452	0.00014322857142857142	0.0004774285714285714	9.103657722473145	37163.02657079697
3659	1305.000703268342	1023.93	77.89892578125	0.16986777	0.00014318571428571428	0.0004772857142857143	12.34069299697876	37175.36788249016
3660	1286.6193495391299	1016.93	78.65869140625	0.16985899	0.00014314285714285712	0.0004771428571428571	11.528470993041992	37186.89859843254
3661	1262.533577260367	992.06	78.66650390625	0.16985524	0.00014309999999999998	0.000477	8.620851039886475	37195.521426439285
3662	1275.8054687713202	1001.06	78.674072265625	0.1698513	0.00014305714285714285	0.00047685714285714285	8.660469055175781	37204.182537555695
3663	1305.7852189654645	1014.1	77.923095703125	0.1698079	0.0001430142857142857	0.00047671428571428577	12.614842414855957	37216.79799747467
3664	1295.8662274320247	1008.78	77.974365234375	0.16969652	0.00014297142857142855	0.0004765714285714285	12.7528715133667	37229.551770448685
3665	1294.2993095674333	1018.14	78.698974609375	0.16969599	0.0001429285714285714	0.00047642857142857144	8.63705825805664	37238.190959215164
3666	1296.8113684197808	1014.03	77.9921875	0.16956751	0.00014288571428571427	0.0004762857142857143	9.79110598564148	37247.98352599144
3667	1317.6941282921696	1024.0	77.98095703125	0.16955234	0.0001428428571428571	0.0004761428571428571	8.636319160461426	37256.62046766281
3668	1321.9725512968696	1022.82	78.47216796875	0.16953857	0.00014279999999999997	0.00047599999999999997	8.680911540985107	37265.3020362854
3669	1286.23311425807	1005.11	78.49365234375	0.16941567	0.00014275714285714284	0.0004758571428571429	14.287583827972412	37279.59141135216
3670	1309.200915009343	1024.0	78.259765625	0.16937518	0.0001427142857142857	0.00047571428571428575	12.463691711425781	37292.05714893341
3671	1321.210385418726	1024.0	78.0185546875	0.16925247	0.00014267142857142854	0.00047557142857142855	11.077511548995972	37303.13531804085
3672	1305.300637077676	1012.5	78.003173828125	0.16935153	0.0001426285714285714	0.0004754285714285714	12.210842847824097	37315.348695755005
3673	1313.5391296858766	1022.55	78.2587890625	0.16917485	0.0001425857142857143	0.00047528571428571433	12.133209705352783	37327.48252248764
3674	1302.388566680685	1017.24	78.51953125	0.1692032	0.0001425428571428571	0.0004751428571428571	12.396516561508179	37339.88113117218
3675	1293.91731603043	1010.96	78.27783203125	0.16908073	0.0001425	0.000475	12.608888864517212	37352.49056696892
3676	1317.9110393554524	1021.13	78.285888671875	0.16908108	0.00014245714285714286	0.00047485714285714286	8.764097213745117	37361.25600481033
3677	1314.10574083477	1022.0	79.04345703125	0.16907884	0.00014241428571428572	0.0004747142857142858	9.364579200744629	37370.62113618851
3678	1300.1292918869503	1016.22	75.774169921875	0.16907561	0.00014237142857142856	0.00047457142857142853	8.610538005828857	37379.23328280449
3679	1267.6147774231065	987.4	78.7939453125	0.16907175	0.00014232857142857142	0.00047442857142857144	8.633670330047607	37387.867642879486
3680	1302.859321495536	1016.02	79.3115234375	0.16906631	0.00014228571428571429	0.0004742857142857143	9.247194290161133	37397.11548900604
3681	1298.2042598928217	1009.62	78.8232421875	0.16906105	0.00014224285714285712	0.0004741428571428571	8.962777376174927	37406.080302238464
3682	1317.8296577697195	1021.99	79.0810546875	0.16905655	0.0001422	0.000474	8.680357217788696	37414.76120638847
3683	1298.1690107876216	1009.02	78.83935546875	0.16917521	0.00014215714285714285	0.0004738571428571429	12.512048721313477	37427.273520708084
3684	1309.2967182336297	1014.71	79.086669921875	0.16917516	0.00014211428571428571	0.00047371428571428575	9.551153659820557	37436.82657289505
3685	1331.9142311677663	1024.0	78.10498046875	0.16896202	0.00014207142857142855	0.00047357142857142856	12.322187900543213	37449.149396419525
3686	1313.7633317182606	1024.0	78.61279296875	0.16883047	0.00014202857142857142	0.0004734285714285714	12.071059703826904	37461.222918987274
3687	1302.2143624764217	1019.94	78.370849609375	0.16874887	0.00014198571428571428	0.00047328571428571434	12.866208553314209	37474.089747428894
3688	1302.5511586135408	1020.26	78.87939453125	0.16853492	0.00014194285714285714	0.0004731428571428572	39.876784563064575	37513.968237400055
3689	1320.4544976770555	1024.0	77.644775390625	0.16849136	0.00014189999999999998	0.000473	12.732989072799683	37526.70373392105
3690	1313.3642812707765	1020.72	77.152587890625	0.16830033	0.00014185714285714284	0.00047285714285714287	12.57966923713684	37578.595254421234
3691	1314.8106152163673	1022.1	78.40380859375	0.16827182	0.0001418142857142857	0.0004727142857142858	9.631847143173218	37588.22880029678
3692	1323.9418381529574	1024.0	79.400634765625	0.16826624	0.00014177142857142854	0.00047257142857142853	8.672841310501099	37596.90189743042
3693	1320.7579044650588	1024.0	78.9169921875	0.16825879	0.0001417285714285714	0.00047242857142857145	9.585068225860596	37606.487597465515
3694	1310.726661070498	1020.16	78.4248046875	0.16832149	0.00014168571428571427	0.0004722857142857143	11.315109491348267	37617.80518364906
3695	1301.3563567564183	1009.12	78.93310546875	0.16832386	0.00014164285714285714	0.00047214285714285723	8.781867504119873	37626.58907985687
3696	1315.982088514347	1018.21	78.440673828125	0.16812606	0.00014159999999999997	0.000472	12.580983400344849	37639.17060613632
3697	1312.7126546137542	1017.74	79.6943359375	0.1681241	0.00014155714285714284	0.0004718571428571429	8.611571073532104	37647.78388643265
3698	1291.9619114232185	1002.42	78.45654296875	0.16819994	0.0001415142857142857	0.00047171428571428576	13.59512209892273	37661.37961816788
3699	1321.8565387211288	1018.38	78.714599609375	0.16806199	0.00014147142857142854	0.00047157142857142856	12.656961917877197	37674.03851222992
3700	1270.6498281175946	991.45	78.95654296875	0.16806372	0.0001414285714285714	0.0004714285714285714	8.67768144607544	37682.716815948486
3701	1294.3617649104694	1012.8	78.9814453125	0.16804767	0.0001413857142857143	0.00047128571428571434	9.164625644683838	37691.88357543945
3702	1287.3646580774534	1001.43	79.2392578125	0.1680427	0.00014134285714285716	0.0004711428571428572	8.846872091293335	37700.73099565506
3703	1320.8205482589137	1022.15	78.997314453125	0.16803819	0.0001413	0.000471	9.562999963760376	37710.295905828476
3704	1307.2423081539655	1014.22	79.005126953125	0.16800874	0.00014125714285714286	0.00047085714285714287	12.667718410491943	37722.96419119835
3705	1293.1871757652439	1014.59	78.762939453125	0.16799049	0.00014121428571428572	0.0004707142857142858	12.365357875823975	37735.332114219666
3706	1277.2013071281217	995.13	79.0205078125	0.16810496	0.00014117142857142856	0.00047057142857142854	12.628829717636108	37747.96155667305
3707	1308.2733057120747	1016.72	79.029541015625	0.16809797	0.00014112857142857142	0.0004704285714285714	9.637277364730835	37757.60101604462
3708	1315.490397657388	1018.27	79.037353515625	0.1679281	0.00014108571428571428	0.0004702857142857143	13.302710056304932	37770.90430188179
3709	1306.1496287923956	1016.06	79.0439453125	0.16792811	0.00014104285714285715	0.0004701428571428572	8.88571572303772	37779.79172730446
3710	1298.8766186241148	1008.97	78.80322265625	0.16774511	0.00014099999999999998	0.00047	12.815707445144653	37792.607959747314
3711	1297.3386711583385	1006.48	79.185791015625	0.1677259	0.00014095714285714285	0.00046985714285714285	12.016850709915161	37804.62679576874
3712	1289.957384939537	1001.49	78.943603515625	0.1676654	0.0001409142857142857	0.00046971428571428576	13.186637878417969	37817.81423306465
3713	1324.2493630443225	1017.04	78.949462890625	0.16761619	0.00014087142857142855	0.0004695714285714285	11.687587261199951	37829.50238752365
3714	1313.3580245320109	1014.53	78.707275390625	0.16747665	0.0001408285714285714	0.00046942857142857143	12.288825511932373	37841.79298567772
3715	1316.8104822196751	1020.31	78.951416015625	0.16743793	0.00014078571428571428	0.0004692857142857143	9.349465131759644	37851.14263486862
3716	1315.5188495272266	1018.05	79.222900390625	0.16742791	0.00014074285714285714	0.0004691428571428572	8.609415292739868	37859.75217103958
3717	1296.3344626213684	1005.21	79.23095703125	0.16741697	0.00014069999999999998	0.00046899999999999996	8.6161470413208	37868.370459795
3718	1315.9555169598968	1014.34	79.989013671875	0.16740523	0.00014065714285714284	0.0004688571428571429	9.293311834335327	37877.664493083954
3719	1324.7341780151216	1024.0	79.48193359375	0.16739576	0.0001406142857142857	0.00046871428571428574	8.85636043548584	37886.521435022354
3720	1310.9885248239702	1016.09	79.255126953125	0.16738765	0.00014057142857142854	0.00046857142857142855	10.590617895126343	37897.113845825195
3721	1300.0122897232911	1010.25	79.01318359375	0.16739105	0.0001405285714285714	0.0004684285714285714	15.315723896026611	37912.430213689804
3722	1322.001908901696	1024.0	79.020751953125	0.16729183	0.00014048571428571427	0.0004682857142857143	11.054136514663696	37923.486281871796
3723	1330.0451179463314	1023.99	78.779541015625	0.16722713	0.00014044285714285713	0.0004681428571428572	9.059303760528564	37932.546246767044
3724	1313.338325444694	1020.16	79.273193359375	0.1672129	0.00014039999999999997	0.000468	8.80206561088562	37941.34917449951
3725	1300.7604346011015	1010.18	79.544677734375	0.16720028	0.00014035714285714283	0.00046785714285714285	9.132784128189087	37950.482530117035
3726	1330.491740234241	1024.0	79.052734375	0.16716383	0.00014031428571428573	0.00046771428571428577	11.425965070724487	37961.909180402756
3727	1310.9287264111208	1022.43	79.80078125	0.16716222	0.00014027142857142853	0.0004675714285714285	8.844065189361572	37970.755576610565
3728	1291.8524851678592	1002.72	79.569091796875	0.16716133	0.00014022857142857143	0.00046742857142857144	8.62452483177185	37979.38078093529
3729	1285.6049570321165	994.45	79.07666015625	0.16704662	0.0001401857142857143	0.0004672857142857143	12.831442594528198	37992.21417927742
3730	1311.9016732484733	1015.0	79.070556640625	0.16704506	0.00014014285714285715	0.0004671428571428572	8.914936542510986	38001.13041973114
3731	1323.0959129748796	1016.25	79.59228515625	0.16707242	0.0001401	0.00046699999999999997	12.444714307785034	38013.575974226
3732	1289.862036655667	994.46	79.098876953125	0.16695462	0.00014005714285714285	0.0004668571428571429	12.77374529838562	38026.351370573044
3733	1301.0646420724067	1000.45	79.358154296875	0.16694003	0.00014001428571428572	0.00046671428571428574	8.787793159484863	38035.140832901
3734	1285.1606847669227	1006.02	79.365966796875	0.16693354	0.00013997142857142855	0.00046657142857142855	8.669928073883057	38043.811353206635
3735	1312.4452618356634	1017.0	76.347412109375	0.16692746	0.00013992857142857142	0.0004664285714285714	8.631627082824707	38052.443541288376
3736	1285.6356850344866	1010.5	79.03955078125	0.16692142	0.00013988571428571428	0.00046628571428571433	8.97110652923584	38061.4165494442
3737	1313.8276589219336	1024.0	79.34765625	0.16691607	0.00013984285714285715	0.0004661428571428572	9.123478889465332	38070.54063940048
3738	1298.4174135993458	1010.01	79.39501953125	0.16691051	0.00013979999999999998	0.000466	8.725419521331787	38079.26636505127
3739	1312.272248750015	1016.08	79.154296875	0.1667488	0.00013975714285714285	0.00046585714285714286	12.88903284072876	38092.15603876114
3740	1328.6187090692695	1020.17	78.909423828125	0.16672343	0.0001397142857142857	0.0004657142857142858	9.501753330230713	38101.65933084488
3741	1319.4323140937504	1024.0	79.158203125	0.16671364	0.00013967142857142855	0.00046557142857142853	8.743228673934937	38110.40312767029
3742	1285.0860740145333	999.11	79.673583984375	0.166701	0.0001396285714285714	0.00046542857142857144	9.304386377334595	38119.711651325226
3743	1324.2774754910674	1024.0	79.436767578125	0.16668786	0.00013958571428571427	0.0004652857142857143	9.192503690719604	38128.90469574928
3744	1315.5299722167724	1024.0	79.444580078125	0.16667576	0.00013954285714285714	0.0004651428571428572	8.858144760131836	38137.76372694969
3745	1303.1934879611586	1012.4	79.44580078125	0.16666606	0.00013949999999999998	0.00046499999999999997	9.284875392913818	38147.049146175385
3746	1289.9060172135457	996.91	79.46044921875	0.16665854	0.00013945714285714284	0.0004648571428571429	8.618484735488892	38155.66960477829
3747	1298.5620002568573	1016.08	78.46826171875	0.1664999	0.0001394142857142857	0.00046471428571428575	10.973509073257446	38166.643728256226
3748	1319.31008783116	1020.9	78.74951171875	0.16644426	0.00013937142857142854	0.00046457142857142856	12.645338296890259	38179.29051756859
3749	1308.8418495029084	1019.97	79.23388671875	0.16644338	0.0001393285714285714	0.0004644285714285714	8.949654817581177	38188.241540431976
3750	1306.7800623954226	1012.27	79.241943359375	0.166443	0.00013928571428571427	0.00046428571428571433	8.731840372085571	38196.97442483902
3751	1302.3874903477317	1008.93	78.243408203125	0.16650392	0.00013924285714285713	0.0004641428571428572	15.540101051330566	38212.51506304741
3752	1296.7114260853173	1004.43	79.024169921875	0.16642873	0.00013919999999999997	0.000464	9.020994186401367	38221.538429260254
3753	1288.0552367497737	1002.95	79.281005859375	0.16641574	0.00013915714285714283	0.00046385714285714286	8.634351968765259	38230.173391103745
3754	1320.6377693433542	1024.0	79.2734375	0.16640547	0.00013911428571428572	0.0004637142857142858	9.281074047088623	38239.455124378204
3755	1315.350656651035	1021.98	79.017578125	0.16639651	0.00013907142857142853	0.00046357142857142853	8.630245447158813	38248.08591961861
3756	1317.7458929743743	1024.0	79.2900390625	0.16638573	0.00013902857142857142	0.00046342857142857145	8.647407293319702	38256.73437786102
3757	1302.5470391123783	1011.58	79.2880859375	0.1663118	0.0001389857142857143	0.0004632857142857143	12.117076635360718	38268.85164833069
3758	1309.5703584168741	1012.34	79.05517578125	0.16639172	0.00013894285714285715	0.0004631428571428572	11.636732339859009	38280.48850131035
3759	1328.1254074629514	1024.0	79.06396484375	0.16625063	0.0001389	0.000463	10.850320100784302	38291.34050798416
3760	1331.124645078332	1024.0	79.0703125	0.16626106	0.00013885714285714285	0.00046285714285714284	9.643709897994995	38300.984461307526
3761	1319.9611081069293	1023.95	79.327880859375	0.16625795	0.00013881428571428572	0.00046271428571428576	9.009833574295044	38309.99662542343
3762	1298.178953625854	1012.78	79.324462890625	0.16625506	0.00013877142857142855	0.0004625714285714285	8.671923875808716	38318.66908144951
3763	1315.6516381441386	1020.16	79.343994140625	0.16625157	0.00013872857142857142	0.0004624285714285714	9.31182050704956	38327.98284506798
3764	1282.3219373147865	998.71	79.367431640625	0.16624945	0.00013868571428571428	0.0004622857142857143	8.62628698348999	38336.60967588425
3765	1286.834299538517	1006.27	79.104736328125	0.16624877	0.00013864285714285714	0.0004621428571428572	8.68206524848938	38345.29358649254
3766	1311.2119650433212	1014.12	79.617919921875	0.16624875	0.00013859999999999998	0.00046199999999999995	8.598835945129395	38353.892978429794
3767	1313.7274410130597	1018.18	79.375732421875	0.16624515	0.00013855714285714284	0.00046185714285714287	8.926594734191895	38362.820360422134
3768	1318.7206079856326	1011.15	79.63330078125	0.1662436	0.0001385142857142857	0.00046171428571428573	8.610581874847412	38371.43106651306
3769	1314.6236608918175	1024.0	79.627685546875	0.16624032	0.00013847142857142855	0.00046157142857142854	8.609787225723267	38380.04275751114
3770	1318.8611906210133	1022.02	79.415771484375	0.16623697	0.0001384285714285714	0.0004614285714285714	9.286577701568604	38389.32994914055
3771	1299.3741913631923	1000.93	79.906982421875	0.16623417	0.00013838571428571427	0.0004612857142857143	8.626863956451416	38397.95797562599
3772	1323.3657395149162	1022.0	79.664794921875	0.16623184	0.00013834285714285714	0.0004611428571428572	8.678422927856445	38406.637001514435
3773	1327.9445201518652	1024.0	79.6689453125	0.1662324	0.00013829999999999997	0.000461	9.318553447723389	38415.955870866776
3774	1288.2353707976918	1002.53	79.68212890625	0.16623034	0.00013825714285714284	0.00046085714285714285	8.62764859199524	38424.586201667786
3775	1309.7471888433859	1016.14	79.330078125	0.166227	0.0001382142857142857	0.00046071428571428576	8.756365776062012	38433.34322357178
3776	1326.7865424051517	1021.97	79.822265625	0.16622366	0.00013817142857142854	0.0004605714285714285	8.758646249771118	38442.103794813156
3777	1320.4490406460598	1024.0	80.073486328125	0.16609699	0.0001381285714285714	0.00046042857142857143	11.539311170578003	38453.64363503456
3778	1322.1659440638227	1019.92	79.3369140625	0.16612442	0.00013808571428571427	0.0004602857142857143	11.852534294128418	38465.49741292
3779	1309.9709358172354	1015.91	79.845947265625	0.16589406	0.00013804285714285716	0.0004601428571428572	11.378575801849365	38476.87826538086
3780	1321.842621629275	1020.46	78.353515625	0.16566561	0.00013799999999999997	0.00045999999999999996	11.584560871124268	38488.464540719986
3781	1324.6179598975848	1024.0	79.612060546875	0.165668	0.00013795714285714286	0.0004598571428571429	8.6511549949646	38497.11628651619
3782	1321.6101276585002	1014.27	79.667724609375	0.1655509	0.00013791428571428572	0.00045971428571428574	12.982355833053589	38510.09917020798
3783	1316.8706495528456	1014.17	79.141357421875	0.1655369	0.00013787142857142853	0.00045957142857142854	8.766672849655151	38518.86799669266
3784	1321.669410538343	1019.98	79.633544921875	0.16552968	0.00013782857142857142	0.0004594285714285714	8.982767343521118	38527.851326704025
3785	1323.8126607240906	1024.0	79.877685546875	0.16552506	0.00013778571428571429	0.0004592857142857143	9.266884088516235	38537.11971402168
3786	1331.894188629899	1024.0	79.898681640625	0.1655202	0.00013774285714285715	0.0004591428571428572	8.916845083236694	38546.03712463379
3787	1330.1229921701274	1022.23	79.899169921875	0.16551535	0.00013769999999999999	0.000459	8.711009740829468	38554.74914264679
3788	1314.8499664033423	1016.14	79.665283203125	0.16551067	0.00013765714285714285	0.00045885714285714285	8.598491668701172	38563.34830594063
3789	1314.6291214811777	1018.56	79.9111328125	0.16550411	0.00013761428571428571	0.00045871428571428577	8.707688093185425	38572.059205532074
3790	1306.4059122408833	1014.28	80.455322265625	0.16539006	0.00013757142857142855	0.0004585714285714285	11.413095474243164	38583.47260761261
3791	1311.9204221861721	1014.02	79.456298828125	0.16535448	0.00013752857142857141	0.00045842857142857144	12.584284543991089	38596.0587720871
3792	1330.3204502351573	1024.0	79.44873046875	0.16534539	0.00013748571428571428	0.0004582857142857143	8.859344720840454	38604.91838002205
3793	1327.269475671521	1020.01	76.929931640625	0.16534361	0.00013744285714285714	0.0004581428571428572	8.813107252120972	38613.7323577404
3794	1332.640912888312	1024.0	79.947021484375	0.16534097	0.00013739999999999998	0.00045799999999999997	8.632228374481201	38622.36523628235
3795	1322.4917323084267	1018.21	80.718994140625	0.16533704	0.00013735714285714284	0.0004578571428571429	8.713023900985718	38631.0788898468
3796	1329.2083497378414	1024.0	79.728271484375	0.16533412	0.0001373142857142857	0.00045771428571428574	8.65520191192627	38639.73689675331
3797	1288.052534367315	993.33	79.98779296875	0.1653322	0.00013727142857142854	0.00045757142857142855	8.665568590164185	38648.40313124657
3798	1325.72086972608	1016.3	79.994384765625	0.16533089	0.0001372285714285714	0.0004574285714285714	9.24985933303833	38657.655017614365
3799	1306.0039412428637	1009.5	80.003662109375	0.16532923	0.00013718571428571427	0.0004572857142857143	8.913472175598145	38666.56905913353
3800	1318.024237249769	1014.58	80.261474609375	0.16532706	0.00013714285714285713	0.0004571428571428572	8.691399812698364	38675.26101446152
3801	1333.5856733404005	1024.0	80.01953125	0.16527896	0.00013709999999999997	0.000457	11.146504163742065	38686.4093606472
3802	1319.218451158814	1014.01	80.027587890625	0.16523798	0.00013705714285714284	0.00045685714285714286	12.306017637252808	38698.71613883972
3803	1332.349289592984	1024.0	79.525634765625	0.16520758	0.0001370142857142857	0.00045671428571428577	9.074727058410645	38707.79303598404
3804	1317.1969298375323	1018.21	80.04345703125	0.16519998	0.00013697142857142854	0.0004565714285714285	9.233210325241089	38717.02679729462
3805	1323.796988092135	1018.11	80.551025390625	0.16519034	0.0001369285714285714	0.00045642857142857144	8.640655279159546	38725.66932964325
3806	1330.070647116337	1024.0	79.808349609375	0.16517974	0.00013688571428571426	0.0004562857142857143	8.907763004302979	38734.57763838768
3807	1330.4960762372157	1024.0	80.30419921875	0.16516797	0.00013684285714285715	0.0004561428571428572	8.610849380493164	38743.19063282013
3808	1315.7035734681795	1018.11	79.8173828125	0.1650974	0.00013679999999999996	0.00045599999999999997	11.910983800888062	38755.10224080086
3809	1284.2450302926363	995.1	79.580810546875	0.16501175	0.00013675714285714286	0.00045585714285714283	11.80391812324524	38766.908673763275
3810	1314.2185267737386	1017.81	79.588134765625	0.16501236	0.00013671428571428572	0.00045571428571428575	9.493568181991577	38776.40416574478
3811	1334.4979264274166	1024.0	79.596923828125	0.16500409	0.00013667142857142856	0.0004555714285714285	9.321269273757935	38785.7259619236
3812	1322.174722962573	1024.0	80.104736328125	0.16500114	0.00013662857142857142	0.0004554285714285714	9.202609539031982	38794.93083071709
3813	1329.5443925449713	1024.0	80.6064453125	0.16499752	0.00013658571428571428	0.0004552857142857143	8.597922563552856	38803.52906656265
3814	1295.6953887054012	1010.27	80.12060546875	0.16499372	0.00013654285714285715	0.0004551428571428572	8.85782504081726	38812.38884592056
3815	1301.8452334676397	1014.06	80.37841796875	0.16499041	0.00013649999999999998	0.00045499999999999995	8.638039112091064	38821.027604818344
3816	1322.352253904064	1024.0	79.88623046875	0.1648837	0.00013645714285714285	0.00045485714285714286	11.37122368812561	38832.39965510368
3817	1331.8264924814246	1024.0	80.14404296875	0.16478132	0.0001364142857142857	0.0004547142857142857	12.132601976394653	38844.532794713974
3818	1333.3564561887513	1024.0	79.90234375	0.16474064	0.00013637142857142858	0.00045457142857142864	14.309470891952515	38858.84329533577
3819	1323.925869852666	1024.0	79.66015625	0.16468333	0.0001363285714285714	0.0004544285714285714	9.627061128616333	38868.47048997879
3820	1323.0874624429603	1024.0	80.404052734375	0.16466539	0.00013628571428571428	0.0004542857142857143	8.593427658081055	38877.06620979309
3821	1309.6177465008668	1016.32	80.175537109375	0.16464819	0.00013624285714285714	0.00045414285714285717	8.621050119400024	38885.68789768219
3822	1319.8127388921084	1016.08	79.933349609375	0.16463119	0.00013619999999999998	0.000454	8.57898235321045	38894.26743412018
3823	1299.9706747019266	1014.39	80.4423828125	0.16461618	0.00013615714285714284	0.00045385714285714284	8.795249462127686	38903.064924001694
3824	1317.2747493135275	1024.0	80.1865234375	0.16460331	0.0001361142857142857	0.00045371428571428575	8.902856826782227	38911.96855592728
3825	1328.321951369833	1024.0	80.2001953125	0.16459335	0.00013607142857142857	0.0004535714285714286	8.614431619644165	38920.58361411095
3826	1316.1344778582743	1024.0	80.21630859375	0.16458355	0.0001360285714285714	0.0004534285714285714	9.28500747680664	38929.869255781174
3827	1308.2378282458467	1013.04	79.467529296875	0.16446121	0.00013598571428571427	0.0004532857142857143	11.788773536682129	38941.66009879112
3828	1312.085852932525	1020.42	79.725341796875	0.16434084	0.00013594285714285713	0.0004531428571428572	11.430410385131836	38953.09280014038
3829	1306.243711766669	1024.0	80.488525390625	0.16415857	0.00013589999999999997	0.00045299999999999995	12.535118818283081	38965.629977464676
3830	1306.2769269797323	1018.05	80.485107421875	0.1641572	0.00013585714285714283	0.00045285714285714287	8.63810420036316	38974.26889896393
3831	1307.8192664131382	1018.79	80.00439453125	0.16418324	0.0001358142857142857	0.00045271428571428573	12.350975513458252	38986.62054681778
3832	1306.5293019248163	1016.08	80.24853515625	0.16408543	0.0001357714285714286	0.00045257142857142864	11.892894983291626	38998.51552987099
3833	1321.296711348855	1015.27	80.76904296875	0.1640861	0.0001357285714285714	0.0004524285714285714	8.670979738235474	39007.18734955788
3834	1331.8644022033288	1024.0	80.02783203125	0.16406563	0.0001356857142857143	0.0004522857142857143	12.625275373458862	39019.813170433044
3835	1318.296338468758	1014.27	80.285888671875	0.16409297	0.00013564285714285715	0.0004521428571428572	11.988163709640503	39031.803280353546
3836	1310.2604199779387	1005.14	79.7919921875	0.16401875	0.00013559999999999996	0.000452	14.142545700073242	39045.94644379616
3837	1309.7494864476173	1024.0	80.051513671875	0.16397248	0.00013555714285714285	0.00045185714285714284	9.127420425415039	39055.07624959946
3838	1295.6190549070498	1004.7	80.546630859375	0.16396594	0.00013551428571428572	0.00045171428571428576	8.614481687545776	39063.69137907028
3839	1312.797621182747	1012.15	80.31982421875	0.16395749	0.00013547142857142858	0.0004515714285714286	8.62781047821045	39072.3198363781
3840	1322.7475170557182	1024.0	79.830078125	0.16394186	0.00013542857142857142	0.00045142857142857143	11.795769453048706	39084.11769533157
3841	1318.7517443006682	1024.0	79.58837890625	0.16378577	0.00013538571428571428	0.0004512857142857143	12.132196426391602	39096.251991033554
3842	1316.4938530392526	1016.2	79.849609375	0.16365306	0.00013534285714285715	0.0004511428571428572	12.129153728485107	39108.38167881966
3843	1312.9492111503412	1011.73	80.109619140625	0.16368131	0.00013529999999999998	0.00045099999999999996	12.157290935516357	39120.54054689407
3844	1337.3785594299136	1024.0	80.619140625	0.16357149	0.00013525714285714285	0.0004508571428571429	11.599265098571777	39132.14212155342
3845	1323.0695575841069	1024.0	80.12890625	0.16365181	0.0001352142857142857	0.00045071428571428573	11.238867044448853	39143.38155937195
3846	1306.5420548688423	1020.22	80.138916015625	0.16362132	0.00013517142857142857	0.00045057142857142865	11.991178035736084	39155.37469267845
3847	1311.8958959616243	1010.53	80.14892578125	0.16359511	0.0001351285714285714	0.0004504285714285714	13.342578172683716	39168.71876883507
3848	1317.7799829500027	1024.0	80.157470703125	0.16357335	0.00013508571428571427	0.0004502857142857143	11.919276475906372	39180.63866019249
3849	1321.7834663561134	1013.98	80.412109375	0.16355634	0.00013504285714285714	0.0004501428571428572	13.267127752304077	39193.90738582611
3850	1306.7988257771865	1008.52	77.401123046875	0.16355269	0.00013499999999999997	0.00045	8.916191339492798	39202.825456142426
3851	1315.6284672723925	1014.4	80.432861328125	0.16354914	0.00013495714285714284	0.00044985714285714285	12.147216796875	39214.97325706482
3852	1310.4331439018663	1016.63	80.193359375	0.16354848	0.0001349142857142857	0.00044971428571428576	8.661934614181519	39223.63710618019
3853	1333.4092424998241	1024.0	80.203369140625	0.16354845	0.00013487142857142857	0.0004495714285714286	8.942514181137085	39232.58028268814
3854	1319.5878835173562	1024.0	79.971923828125	0.16354835	0.0001348285714285714	0.00044942857142857143	8.61138105392456	39241.19359874725
3855	1317.976689378806	1019.95	80.724853515625	0.16354823	0.00013478571428571427	0.0004492857142857143	8.661741733551025	39249.855956315994
3856	1295.2848327398158	1012.28	80.003173828125	0.1634642	0.00013474285714285713	0.0004491428571428572	12.686168909072876	39262.54346680641
3857	1325.1750515419992	1024.0	80.01025390625	0.16341607	0.00013469999999999997	0.00044899999999999996	9.222742795944214	39271.76783680916
3858	1305.8320675065545	1024.0	80.74072265625	0.16340573	0.00013465714285714283	0.0004488571428571429	8.667150735855103	39280.43551945686
3859	1315.0185104114923	1024.0	81.014404296875	0.16339538	0.0001346142857142857	0.00044871428571428574	9.302067995071411	39289.73840403557
3860	1307.9332968696033	1020.39	80.52392578125	0.1633844	0.00013457142857142859	0.00044857142857142866	8.632262229919434	39298.37123513222
3861	1311.7976375374626	1014.21	80.283935546875	0.16337508	0.0001345285714285714	0.0004484285714285714	8.69403338432312	39307.067356586456
3862	1328.858346497333	1020.15	80.793701171875	0.16336678	0.0001344857142857143	0.00044828571428571427	9.293962240219116	39316.36187171936
3863	1324.9699684905456	1017.73	79.811279296875	0.16335724	0.00013444285714285715	0.0004481428571428572	8.633316040039062	39324.996302843094
3864	1312.9892027881783	1018.59	80.0634765625	0.16329496	0.0001344	0.00044799999999999994	12.394500970840454	39337.39143919945
3865	1310.9810427090167	1014.55	80.3232421875	0.16325802	0.00013435714285714285	0.00044785714285714285	12.71708631515503	39350.11074781418
3866	1321.5661986839484	1024.0	79.833740234375	0.16310762	0.00013431428571428571	0.0004477142857142857	11.804877042770386	39361.91626286507
3867	1346.5156619699014	1024.0	80.59228515625	0.16304035	0.00013427142857142858	0.00044757142857142863	12.941900491714478	39374.86010289192
3868	1335.7063636224837	1024.0	80.603271484375	0.16311689	0.00013422857142857142	0.0004474285714285714	12.27993369102478	39387.14146900177
3869	1291.771144685407	1007.42	80.363037109375	0.1630307	0.00013418571428571428	0.0004472857142857143	13.721409559249878	39400.864960193634
3870	1320.8024465790988	1024.0	79.130859375	0.16293743	0.00013414285714285714	0.00044714285714285716	9.951028108596802	39410.81661653519
3871	1324.0423968832795	1022.04	80.634521484375	0.1629266	0.00013409999999999998	0.00044699999999999997	8.653236150741577	39419.46997261047
3872	1312.753050564971	1012.33	80.894287109375	0.16291581	0.00013405714285714284	0.00044685714285714283	8.665608406066895	39428.138316869736
3873	1326.9075242980675	1024.0	80.654052734375	0.1629083	0.0001340142857142857	0.00044671428571428575	9.27213740348816	39437.41106200218
3874	1318.725729649784	1024.0	80.65380859375	0.16288036	0.00013397142857142857	0.0004465714285714286	12.1858491897583	39449.597561597824
3875	1309.720206199541	1016.41	80.195556640625	0.16275343	0.0001339285714285714	0.0004464285714285714	12.591277360916138	39462.19094991684
3876	1326.6589053071068	1024.0	80.44775390625	0.16270451	0.00013388571428571427	0.0004462857142857143	11.235811710357666	39473.42751336098
3877	1320.0252257243815	1024.0	80.441650390625	0.16277601	0.00013384285714285714	0.0004461428571428572	11.437958478927612	39484.86611914635
3878	1323.6120317396444	1020.81	80.201904296875	0.16279487	0.00013379999999999997	0.00044599999999999994	12.643739938735962	39497.512266397476
3879	1295.7029193773187	1000.52	80.208740234375	0.16276854	0.00013375714285714284	0.00044585714285714286	8.99775242805481	39506.5115916729
3880	1309.2412472758938	1008.57	80.721923828125	0.16276114	0.0001337142857142857	0.0004457142857142857	8.721839427947998	39515.23356437683
3881	1315.102608992523	1020.04	80.976806640625	0.1627544	0.00013367142857142856	0.00044557142857142864	8.594160795211792	39523.82915210724
3882	1297.1336304650026	1010.63	80.47607421875	0.16274926	0.0001336285714285714	0.0004454285714285714	8.779825448989868	39532.60973525047
3883	1333.9668010161738	1024.0	81.00146484375	0.16274388	0.00013358571428571426	0.0004452857142857143	8.611313343048096	39541.22166991234
3884	1300.3254588606144	1018.25	80.5107421875	0.16272615	0.00013354285714285713	0.00044514285714285717	12.301307201385498	39553.52487325668
3885	1312.1894734689497	1016.26	80.0205078125	0.16248956	0.00013349999999999997	0.000445	11.45476770401001	39564.98025727272
3886	1320.0590976305075	1023.93	80.55419921875	0.16246094	0.00013345714285714283	0.00044485714285714284	12.627115488052368	39577.60832238197
3887	1295.270913732599	1004.83	78.5478515625	0.16235812	0.00013341428571428572	0.00044471428571428575	13.0475492477417	39590.657286167145
3888	1320.1212336234385	1018.05	81.051025390625	0.16230863	0.00013337142857142858	0.0004445714285714286	8.941701173782349	39599.59979200363
3889	1307.8002558140508	1011.92	80.561279296875	0.1622958	0.0001333285714285714	0.0004444285714285714	8.62926435470581	39608.22930574417
3890	1333.797188669538	1024.0	80.571044921875	0.16228206	0.00013328571428571428	0.0004442857142857143	9.298391342163086	39617.52925133705
3891	1331.28460392918	1024.0	81.080322265625	0.1622705	0.00013324285714285715	0.0004441428571428572	8.88496446609497	39626.41485476494
3892	1314.9747442302914	1024.0	80.589599609375	0.16225773	0.00013319999999999999	0.00044399999999999995	8.604062795639038	39635.019449710846
3893	1320.7083644581705	1015.97	80.6005859375	0.16216363	0.00013315714285714285	0.00044385714285714287	12.70283055305481	39647.72408866882
3894	1330.9019216591523	1020.0	80.3603515625	0.16202553	0.0001331142857142857	0.00044371428571428573	12.042819261550903	39659.767592430115
3895	1306.371481945449	1011.42	80.3701171875	0.16196598	0.00013307142857142858	0.00044357142857142864	8.955127239227295	39668.72439169884
3896	1305.3665664099974	1018.11	78.8876953125	0.1619781	0.0001330285714285714	0.0004434285714285714	12.104610443115234	39680.82962298393
3897	1322.9467736044494	1024.0	80.39013671875	0.16214068	0.00013298571428571428	0.0004432857142857143	12.621131658554077	39693.452333688736
3898	1305.5985392426244	1008.44	80.14990234375	0.16192587	0.00013294285714285714	0.0004431428571428572	13.682121992111206	39707.13619995117
3899	1310.4903807409735	1012.93	80.153076171875	0.16184832	0.00013289999999999998	0.000443	13.158289909362793	39720.29505133629
3900	1322.9405750120618	1020.42	79.417236328125	0.16176528	0.00013285714285714284	0.00044285714285714284	11.758061170578003	39732.053552150726
3901	1330.2572375078796	1024.0	80.689453125	0.16172662	0.0001328142857142857	0.00044271428571428576	12.18183159828186	39744.23551607132
3902	1314.3267508190083	1020.29	80.460693359375	0.16170996	0.00013277142857142857	0.0004425714285714286	8.857215166091919	39753.095190286636
3903	1329.7865652374958	1022.29	79.970703125	0.16170256	0.0001327285714285714	0.0004424285714285714	8.67402195930481	39761.76976084709
3904	1325.1004042874267	1016.44	81.706787109375	0.16169642	0.00013268571428571427	0.0004422857142857143	8.999783277511597	39770.77149271965
3905	1324.6214790675076	1016.46	80.966552734375	0.16168763	0.00013264285714285713	0.0004421428571428572	8.609330892562866	39779.38144373894
3906	1334.1341378489049	1019.99	80.85205078125	0.1616784	0.00013259999999999997	0.00044199999999999996	8.676979541778564	39788.05950522423
3907	1310.924689608224	1007.51	81.610107421875	0.16166914	0.00013255714285714283	0.00044185714285714287	9.39692735671997	39797.45700263977
3908	1317.1800765712105	1017.99	78.079833984375	0.16162597	0.0001325142857142857	0.00044171428571428573	8.76742148399353	39806.22497677803
3909	1328.9202708879125	1018.13	80.860107421875	0.16161378	0.00013247142857142856	0.00044157142857142865	8.635951042175293	39814.86246538162
3910	1326.2969286235445	1024.0	81.129150390625	0.16160287	0.0001324285714285714	0.0004414285714285714	8.599307298660278	39823.462300777435
3911	1338.011314738417	1024.0	80.89013671875	0.16159411	0.00013238571428571426	0.0004412857142857143	8.723112344741821	39832.18562221527
3912	1328.5714008462364	1018.01	80.646484375	0.1615858	0.00013234285714285713	0.0004411428571428572	8.607378721237183	39840.795089006424
3913	1294.3008641646616	998.88	81.14794921875	0.1615797	0.00013229999999999996	0.00044099999999999993	8.67781400680542	39849.47348737717
3914	1299.7169697561183	1011.11	81.16455078125	0.1615628	0.00013225714285714283	0.00044085714285714285	9.407838821411133	39858.8829202652
3915	1317.4451538361689	1012.16	80.672119140625	0.16144383	0.00013221428571428572	0.0004407142857142857	14.0898277759552	39872.97327232361
3916	1314.344905517875	1007.38	80.6806640625	0.16149564	0.00013217142857142858	0.0004405714285714286	15.180996417999268	39888.15642976761
3917	1328.771635117399	1022.1	80.4384765625	0.16148688	0.00013212857142857142	0.0004404285714285714	11.970706224441528	39900.12877416611
3918	1322.5940981001345	1022.01	80.4462890625	0.16149819	0.00013208571428571428	0.0004402857142857143	12.490725755691528	39912.620034217834
3919	1336.8210921914826	1024.0	80.703857421875	0.16148327	0.00013204285714285715	0.00044014285714285715	8.926398515701294	39921.54807138443
3920	1333.1206024655198	1015.0	81.212158203125	0.16147713	0.00013199999999999998	0.00043999999999999996	8.617908954620361	39930.1665019989
3921	1322.3734155318757	1019.93	81.220458984375	0.16147168	0.00013195714285714285	0.0004398571428571428	8.631295919418335	39938.79848361015
3922	1327.4368895116959	1021.92	80.978759765625	0.16146424	0.0001319142857142857	0.00043971428571428574	9.27534532546997	39948.075797080994
3923	1308.0106304399965	1012.18	80.984375	0.1614566	0.00013187142857142857	0.0004395714285714286	8.971768379211426	39957.04827237129
3924	1323.6784357802646	1024.0	81.2421875	0.16135643	0.0001318285714285714	0.0004394285714285714	11.81517744064331	39968.86532664299
3925	1308.6158635436648	1014.03	80.500244140625	0.1613587	0.00013178571428571428	0.00043928571428571427	13.829272747039795	39982.69635796547
3926	1326.518721753327	1024.0	80.7822265625	0.16134723	0.00013174285714285714	0.0004391428571428572	12.299370527267456	39994.99655461311
3927	1335.7709194516713	1024.0	80.531005859375	0.16131015	0.00013169999999999998	0.00043899999999999994	9.275429248809814	40004.273731946945
3928	1326.7252298975839	1016.69	81.022705078125	0.16130885	0.00013165714285714284	0.00043885714285714285	8.86098027229309	40013.13537311554
3929	1328.0922958211177	1022.07	81.282470703125	0.16130738	0.0001316142857142857	0.0004387142857142857	8.611971139907837	40021.749442100525
3930	1300.1688517593327	1010.42	81.290771484375	0.16117764	0.00013157142857142857	0.00043857142857142863	12.388095140457153	40034.13818359375
3931	1324.7585685410836	1024.0	80.54833984375	0.1611676	0.0001315285714285714	0.0004384285714285714	9.197787523269653	40043.339625597
3932	1291.0514563895829	998.68	80.555908203125	0.16096559	0.00013148571428571427	0.0004382857142857143	13.06586217880249	40056.40604186058
3933	1338.1017164363284	1024.0	80.3134765625	0.16095175	0.00013144285714285713	0.00043814285714285716	9.054736852645874	40065.46231484413
3934	1317.8931043701482	1016.46	81.322265625	0.16094844	0.00013139999999999997	0.00043799999999999997	9.018189907073975	40074.481182575226
3935	1331.1452847888775	1024.0	81.31591796875	0.16094334	0.00013135714285714283	0.00043785714285714283	8.637222051620483	40083.12062239647
3936	1324.8143264681335	1016.44	80.837646484375	0.1609371	0.0001313142857142857	0.00043771428571428574	8.679604291915894	40091.800864219666
3937	1309.8608034594117	1012.52	81.345703125	0.16093047	0.00013127142857142856	0.0004375714285714286	8.839199304580688	40100.64088368416
3938	1326.5050437321272	1020.52	81.354736328125	0.16092403	0.0001312285714285714	0.0004374285714285714	8.943675756454468	40109.58509993553
3939	1329.3335512559709	1016.2	81.098876953125	0.16091722	0.00013118571428571426	0.0004372857142857143	8.577247142791748	40118.163853406906
3940	1330.7850067929057	1024.0	80.893798828125	0.16101748	0.00013114285714285715	0.0004371428571428572	11.476465702056885	40129.64106440544
3941	1314.9754699595915	1022.84	80.87841796875	0.1608355	0.00013110000000000002	0.00043700000000000005	12.357378005981445	40141.9991209507
3942	1324.4862061297972	1024.0	81.38623046875	0.1608117	0.00013105714285714282	0.00043685714285714286	12.067342281341553	40154.06903553009
3943	1321.9300791588573	1016.18	80.64990234375	0.16072749	0.00013101428571428572	0.0004367142857142857	12.817097425460815	40166.88648438454
3944	1322.7664023449893	1024.0	81.400390625	0.16069825	0.00013097142857142858	0.00043657142857142864	8.94175386428833	40175.82885885239
3945	1327.8999267138677	1024.0	81.408447265625	0.16069244	0.00013092857142857142	0.0004364285714285714	9.190466403961182	40185.02126479149
3946	1317.98871220311	1014.4	81.152099609375	0.16068679	0.00013088571428571428	0.0004362857142857143	8.75891637802124	40193.78110265732
3947	1328.1423473505026	1020.06	81.172119140625	0.16068216	0.00013084285714285714	0.00043614285714285717	8.62404727935791	40202.40527462959
3948	1316.8238713172216	1014.59	81.681884765625	0.16067824	0.0001308	0.0004360000000000001	8.655691862106323	40211.06284713745
3949	1325.5757267358085	1024.0	80.951416015625	0.16051336	0.00013075714285714284	0.00043585714285714283	13.26599383354187	40224.3294672966
3950	1313.0839784724533	1024.0	81.19775390625	0.16049552	0.0001307142857142857	0.00043571428571428575	12.673307418823242	40237.003771305084
3951	1306.7346420030126	1012.67	80.95556640625	0.16044243	0.00013067142857142857	0.0004355714285714286	13.402334213256836	40250.40696263313
3952	1324.705153715847	1018.04	80.96240234375	0.16032712	0.0001306285714285714	0.0004354285714285714	12.727831840515137	40263.135511636734
3953	1310.1501025241344	1016.42	81.769287109375	0.16019095	0.00013058571428571427	0.0004352857142857143	13.189290046691895	40276.32492470741
3954	1321.8449333220647	1024.0	80.51953125	0.16019237	0.00013054285714285714	0.0004351428571428572	12.970043182373047	40289.296754837036
3955	1330.2762394473827	1024.0	80.98828125	0.16012384	0.0001305	0.00043500000000000006	11.958802700042725	40301.25915312767
3956	1326.3876617958201	1024.0	80.490966796875	0.16018112	0.00013045714285714284	0.00043485714285714286	13.281116008758545	40314.54039120674
3957	1325.681078753404	1014.0	81.25390625	0.16020052	0.0001304142857142857	0.0004347142857142857	12.588842153549194	40327.13121819496
3958	1313.087116039916	1014.57	81.26171875	0.16008908	0.00013037142857142857	0.00043457142857142864	13.246226072311401	40340.378792762756
3959	1331.0761538535164	1022.28	79.77734375	0.16007677	0.0001303285714285714	0.0004344285714285714	12.738021612167358	40353.11724829674
3960	1308.6390374725236	1007.97	81.277587890625	0.16005926	0.00013028571428571427	0.0004342857142857143	14.062518119812012	40367.17990422249
3961	1314.499615578401	1018.16	81.021484375	0.15997736	0.00013024285714285713	0.00043414285714285717	13.150822401046753	40380.332602739334
3962	1309.6203837603564	1009.08	81.541748046875	0.15995991	0.0001302	0.0004340000000000001	9.18933391571045	40389.52252268791
3963	1328.7015807191638	1024.0	81.799560546875	0.15995072	0.00013015714285714283	0.00043385714285714284	9.2748703956604	40398.79794502258
3964	1325.6199032318473	1024.0	81.3076171875	0.15994315	0.0001301142857142857	0.0004337142857142857	8.605597496032715	40407.40412116051
3965	1311.8524377471756	1012.0	78.53857421875	0.15993614	0.00013007142857142856	0.0004335714285714286	8.612220287322998	40416.01740980148
3966	1316.2413606106857	1018.19	81.517578125	0.15993042	0.0001300285714285714	0.00043342857142857137	8.657462358474731	40424.67561817169
3967	1316.7447688331233	1016.41	81.82666015625	0.1599261	0.00012998571428571426	0.0004332857142857143	8.951246500015259	40433.62710380554
3968	1311.4634104984937	1012.86	81.087890625	0.15997757	0.00012994285714285715	0.00043314285714285715	12.871535301208496	40446.50041460991
3969	1330.0003104506916	1024.0	80.845947265625	0.15989335	0.0001299	0.00043300000000000006	12.611998081207275	40459.11254000664
3970	1311.856697056168	1015.84	81.72998046875	0.15981181	0.00012985714285714285	0.0004328571428571428	12.75369143486023	40471.86726355553
3971	1316.5979000319473	1010.34	80.7373046875	0.15974708	0.00012981428571428571	0.00043271428571428573	9.36631178855896	40481.2339618206
3972	1319.9405280122585	1024.0	81.99560546875	0.15973422	0.00012977142857142858	0.0004325714285714286	10.120232820510864	40491.35445713997
3973	1322.490907827624	1024.0	82.00341796875	0.15972148	0.00012972857142857141	0.0004324285714285714	8.630752801895142	40499.98797249794
3974	1325.0902556517058	1024.0	82.011474609375	0.15970752	0.00012968571428571428	0.00043228571428571426	8.60589337348938	40508.59467244148
3975	1319.9923731022523	1024.0	82.019287109375	0.15969373	0.00012964285714285714	0.0004321428571428572	9.215622425079346	40517.81088757515
3976	1313.4960282770073	1016.35	81.77734375	0.159807	0.0001296	0.00043200000000000004	13.311289310455322	40531.12283873558
3977	1319.4949334140372	1024.0	81.035400390625	0.15979539	0.00012955714285714284	0.00043185714285714285	9.025393962860107	40540.15031552315
3978	1334.5762810136046	1024.0	81.793212890625	0.15978922	0.0001295142857142857	0.0004317142857142857	16.70659613609314	40556.85748171806
3979	1327.7208604534326	1018.77	81.551025390625	0.15978216	0.00012947142857142857	0.0004315714285714286	8.611775159835815	40565.470677137375
3980	1334.094030719441	1022.04	82.045166015625	0.1597755	0.0001294285714285714	0.0004314285714285714	8.670478820800781	40574.141912698746
3981	1316.119227729626	1014.22	81.816650390625	0.15976816	0.00012938571428571427	0.0004312857142857143	8.86772108078003	40583.01018857956
3982	1323.129162691865	1022.44	81.5751953125	0.15968603	0.00012934285714285713	0.00043114285714285715	12.278392791748047	40595.29060149193
3983	1335.9917954733385	1024.0	81.5830078125	0.15949567	0.0001293	0.00043100000000000007	12.528071880340576	40607.81935882568
3984	1320.107690634477	1013.95	81.340087890625	0.15949002	0.00012925714285714284	0.0004308571428571428	8.790448904037476	40616.610451221466
3985	1329.6865982239233	1024.0	82.090576171875	0.15948468	0.0001292142857142857	0.00043071428571428574	8.59636926651001	40625.20862579346
3986	1313.6880684744815	1016.4	81.60595703125	0.15947665	0.00012917142857142856	0.0004305714285714286	9.028201818466187	40634.237575769424
3987	1328.266059771896	1016.42	82.114013671875	0.15946795	0.0001291285714285714	0.0004304285714285714	8.853413105010986	40643.091547966
3988	1331.0443053803492	1024.0	82.1142578125	0.1594579	0.00012908571428571426	0.00043028571428571427	8.651249408721924	40651.743421554565
3989	1336.2946581317642	1024.0	82.1298828125	0.15944964	0.00012904285714285713	0.0004301428571428572	8.670157194137573	40660.41559791565
3990	1308.7505717502513	1015.78	81.887451171875	0.15944727	0.000129	0.00043000000000000004	13.042221069335938	40673.458560705185
3991	1327.1794066407792	1024.0	81.145751953125	0.15939559	0.00012895714285714283	0.00042985714285714285	8.829490423202515	40682.289569854736
3992	1324.257306586435	1024.0	81.653564453125	0.1593814	0.0001289142857142857	0.0004297142857142857	8.683874130249023	40690.97413825989
3993	1318.8123175772353	1016.43	81.1611328125	0.15936941	0.00012887142857142858	0.00042957142857142863	9.301093816757202	40700.27639961243
3994	1324.6574986057217	1018.48	81.919189453125	0.15936005	0.0001288285714285714	0.0004294285714285714	9.090740442276001	40709.36767935753
3995	1340.6444183928656	1024.0	82.177001953125	0.15935074	0.00012878571428571426	0.0004292857142857143	8.602792263031006	40717.972014427185
3996	1326.2656549398857	1020.13	81.684814453125	0.15934058	0.00012874285714285715	0.00042914285714285716	9.251508951187134	40727.224309921265
3997	1337.2157100714828	1024.0	81.94287109375	0.15933162	0.0001287	0.0004290000000000001	8.73133373260498	40735.955778598785
3998	1320.8412735842649	1019.99	82.201171875	0.15932266	0.00012865714285714285	0.0004288571428571428	8.611668348312378	40744.568919181824
3999	1301.7152787066686	1002.13	81.20849609375	0.15925647	0.0001286142857142857	0.00042871428571428574	13.669449806213379	40758.23905301094
4000	1330.9836313674532	1016.22	81.466552734375	0.15922023	0.00012857142857142858	0.0004285714285714286	8.993487119674683	40767.23443818092
4001	1331.4787177336918	1024.0	81.974365234375	0.15921089	0.0001285285714285714	0.0004284285714285714	8.645472764968872	40775.88047814369
4002	1300.8786560202016	1001.58	81.982421875	0.15920372	0.00012848571428571428	0.00042828571428571427	8.749459981918335	40784.63056254387
4003	1319.9177081373316	1024.0	82.241455078125	0.15919603	0.00012844285714285714	0.0004281428571428572	9.033132791519165	40793.66609454155
4004	1326.464620991973	1022.22	81.74951171875	0.15918809	0.0001284	0.00042800000000000005	8.665964365005493	40802.33275604248
4005	1323.2822165043167	1018.12	81.50732421875	0.15911369	0.00012835714285714284	0.00042785714285714286	11.093694925308228	40813.42846822739
4006	1338.3663482746383	1022.17	81.76513671875	0.15911706	0.0001283142857142857	0.0004277142857142857	8.859355211257935	40822.28844022751
4007	1330.0347035091982	1024.0	82.27294921875	0.15911987	0.00012827142857142857	0.00042757142857142863	8.813428163528442	40831.10256290436
4008	1310.7230791830455	1012.54	81.78076171875	0.15896796	0.0001282285714285714	0.0004274285714285714	12.79119873046875	40843.8953602314
4009	1335.8803056293266	1017.94	82.03857421875	0.15891863	0.00012818571428571427	0.0004272857142857143	15.855532169342041	40859.75270032883
4010	1329.647583836523	1016.62	82.794677734375	0.15894179	0.00012814285714285713	0.00042714285714285716	13.404582977294922	40873.1591565609
4011	1335.0454744780468	1024.0	81.30126953125	0.15895538	0.0001281	0.0004270000000000001	11.805002927780151	40884.964769124985
4012	1323.7230834568652	1018.37	82.310546875	0.15883182	0.00012805714285714283	0.00042685714285714283	12.879880666732788	40897.84691739082
4013	1333.932052593891	1024.0	80.575927734375	0.15869384	0.0001280142857142857	0.00042671428571428575	12.825496196746826	40910.673704862595
4014	1326.9753728971482	1016.18	81.576904296875	0.15873109	0.00012797142857142856	0.0004265714285714286	13.043710708618164	40923.718712091446
4015	1326.474636170768	1016.56	81.834228515625	0.15870392	0.0001279285714285714	0.00042642857142857136	14.43603229522705	40938.15693116188
4016	1331.9174807769834	1018.54	81.591796875	0.15865871	0.00012788571428571426	0.0004262857142857143	13.595827102661133	40951.75384402275
4017	1342.7359960679373	1024.0	82.099853515625	0.15846694	0.00012784285714285713	0.00042614285714285714	12.81546425819397	40964.570989370346
4018	1315.276149597273	1010.25	81.608642578125	0.15843898	0.0001278	0.00042600000000000005	13.671626806259155	40978.24389219284
4019	1334.8834911725407	1022.2	81.86572265625	0.15843828	0.00012775714285714283	0.0004258571428571428	8.788496255874634	40987.03351020813
4020	1308.3597332327136	1008.81	81.87451171875	0.15843725	0.0001277142857142857	0.0004257142857142857	9.450851202011108	40996.48490333557
4021	1329.724328690493	1024.0	81.877685546875	0.15843539	0.00012767142857142858	0.0004255714285714286	8.619428396224976	41005.10489654541
4022	1350.4858428157206	1024.0	79.11181640625	0.1584346	0.0001276285714285714	0.0004254285714285714	8.608741760253906	41013.715413331985
4023	1325.363717464667	1021.95	82.362060546875	0.15843242	0.00012758571428571428	0.00042528571428571425	8.707783222198486	41022.42370891571
4024	1326.9109030246975	1024.0	81.64892578125	0.1584295	0.00012754285714285715	0.00042514285714285717	8.701929330825806	41031.12706375122
4025	1325.4714167646025	1017.96	81.89892578125	0.15842523	0.0001275	0.00042500000000000003	8.614543199539185	41039.74224662781
4026	1329.9272775713252	1024.0	81.920654296875	0.1583288	0.00012745714285714285	0.00042485714285714284	9.118661880493164	41048.86209177971
4027	1329.0066331149144	1022.54	81.92822265625	0.15831874	0.0001274142857142857	0.0004247142857142857	9.241902589797974	41058.10454583168
4028	1306.7510285058715	1014.08	82.1865234375	0.15831141	0.00012737142857142857	0.0004245714285714286	8.983561515808105	41067.090014219284
4029	1321.9981660555036	1020.05	82.44482421875	0.1582175	0.0001273285714285714	0.00042442857142857137	13.02846360206604	41080.11904835701
4030	1321.8384808891365	1024.0	81.452880859375	0.15806866	0.00012728571428571427	0.0004242857142857143	13.833778381347656	41093.95417165756
4031	1309.591470353343	1016.59	81.210205078125	0.15799643	0.00012724285714285714	0.00042414285714285714	14.203601837158203	41108.159123420715
4032	1317.2262648142093	1016.27	81.241943359375	0.15793623	0.0001272	0.00042400000000000006	13.693541288375854	41121.853239774704
4033	1331.8404224453652	1024.0	81.7265625	0.15799159	0.00012715714285714284	0.0004238571428571428	12.335091590881348	41134.18952918053
4034	1317.3056358740473	1014.43	82.10791015625	0.15789866	0.0001271142857142857	0.00042371428571428573	13.483908891677856	41147.675661325455
4035	1315.7238559318337	1016.14	81.87841796875	0.15784633	0.00012707142857142857	0.0004235714285714286	8.926367998123169	41156.60393714905
4036	1326.7894825919661	1024.0	81.374755859375	0.157685	0.0001270285714285714	0.0004234285714285714	9.150716304779053	41165.755193948746
4037	1312.4092176822626	1022.11	82.382568359375	0.1576714	0.00012698571428571427	0.00042328571428571426	8.685563802719116	41174.44156360626
4038	1330.3279954009624	1024.0	82.390380859375	0.15765694	0.00012694285714285713	0.0004231428571428572	8.810469150543213	41183.25233101845
4039	1312.6346857038814	1012.83	82.1484375	0.15764077	0.0001269	0.00042300000000000004	8.726074457168579	41191.98028063774
4040	1339.6937880703547	1024.0	82.40625	0.1576258	0.00012685714285714283	0.00042285714285714284	8.641724109649658	41200.62256717682
4041	1311.2307762818941	1018.2	81.4609375	0.15748173	0.0001268142857142857	0.0004227142857142857	13.992098808288574	41214.61534905434
4042	1323.127232980727	1017.93	82.17041015625	0.15734899	0.00012677142857142856	0.0004225714285714286	12.81040906906128	41227.43452882767
4043	1330.6573842954756	1024.0	81.70361328125	0.15732998	0.0001267285714285714	0.0004224285714285714	9.524791479110718	41236.96064352989
4044	1317.5607385981118	1012.22	82.45361328125	0.15732169	0.00012668571428571426	0.0004222857142857143	8.62949013710022	41245.59066224098
4045	1330.9807640435642	1017.99	82.4619140625	0.15731414	0.00012664285714285712	0.00042214285714285715	8.616969347000122	41254.20825219154
4046	1328.8124302225294	1024.0	82.45361328125	0.1573077	0.00012660000000000001	0.00042200000000000007	8.692120552062988	41262.904304265976
4047	1313.8576385079498	1014.21	82.4619140625	0.15730147	0.00012655714285714282	0.0004218571428571428	8.800770044326782	41271.70563149452
4048	1318.9764457933677	1016.05	82.4697265625	0.15729322	0.0001265142857142857	0.00042171428571428573	8.754729270935059	41280.46212244034
4049	1316.5327633118352	1022.04	81.977294921875	0.15728784	0.00012647142857142858	0.0004215714285714286	8.61528205871582	41289.07794928551
4050	1302.2158224620136	1005.8	82.0009765625	0.15725751	0.0001264285714285714	0.0004214285714285714	13.201646327972412	41302.28153038025
4051	1318.4458124979087	1020.0	82.493896484375	0.15718676	0.00012638571428571428	0.00042128571428571426	12.671756505966187	41314.95462679863
4052	1333.2673935477703	1024.0	82.0009765625	0.15711807	0.00012634285714285714	0.0004211428571428572	13.666613817214966	41328.62189412117
4053	1320.1879567256246	1020.45	82.010009765625	0.15701883	0.0001263	0.00042100000000000004	12.453739881515503	41341.07921791077
4054	1314.91106222467	1012.6	82.017822265625	0.15686403	0.00012625714285714284	0.00042085714285714285	13.643319129943848	41354.72316670418
4055	1324.8244435165439	1024.0	82.261962890625	0.15685764	0.0001262142857142857	0.0004207142857142857	8.97709584236145	41363.70244669914
4056	1298.8012245880802	1005.0	82.03369140625	0.15684246	0.00012617142857142857	0.0004205714285714286	12.339885950088501	41376.04304122925
4057	1313.0436722426894	1017.98	82.29150390625	0.15685105	0.0001261285714285714	0.0004204285714285714	8.843167304992676	41384.88824701309
4058	1306.247244574019	1007.6	82.04736328125	0.15685858	0.00012608571428571427	0.0004202857142857143	13.881263732910156	41398.769636154175
4059	1319.9583135573362	1020.0	81.805908203125	0.15666436	0.00012604285714285714	0.00042014285714285716	13.590424299240112	41412.36148428917
4060	1315.8776866440908	1020.53	81.313232421875	0.15662031	0.000126	0.00042000000000000007	9.128878831863403	41421.49255824089
4061	1328.3597397918336	1017.81	82.3212890625	0.15661044	0.00012595714285714284	0.0004198571428571428	9.816105127334595	41431.30922675133
4062	1328.352405298649	1024.0	83.079345703125	0.15660241	0.0001259142857142857	0.00041971428571428574	8.594003438949585	41439.903891563416
4063	1334.7538934969314	1024.0	82.58544921875	0.1565962	0.00012587142857142856	0.0004195714285714286	9.237484455108643	41449.143241882324
4064	1329.78103040224	1024.0	82.59423828125	0.15659043	0.00012582857142857143	0.0004194285714285715	8.621272087097168	41457.765038728714
4065	1326.5265334834369	1024.0	82.852783203125	0.15658489	0.00012578571428571426	0.00041928571428571427	8.655761957168579	41466.42334461212
4066	1292.9273269582086	1001.47	82.86083984375	0.15657793	0.00012574285714285713	0.0004191428571428572	9.071139812469482	41475.49512577057
4067	1309.1272948631986	1018.35	82.861572265625	0.15657343	0.0001257	0.00041900000000000005	8.711291551589966	41484.20834636688
4068	1321.4988252418643	1022.26	83.1162109375	0.15656906	0.00012565714285714283	0.0004188571428571428	8.609904527664185	41492.81886219978
4069	1328.9296939656526	1024.0	82.635498046875	0.15656544	0.0001256142857142857	0.0004187142857142857	8.626787185668945	41501.446296691895
4070	1318.1800421348341	1022.81	82.643310546875	0.15643863	0.00012557142857142856	0.0004185714285714286	12.183866500854492	41513.6324262619
4071	1308.7035466998634	1022.04	83.150146484375	0.1564378	0.00012552857142857142	0.0004184285714285715	8.609898090362549	41522.24284696579
4072	1331.4720236962487	1024.0	82.8935546875	0.15646406	0.00012548571428571426	0.00041828571428571425	12.093008279800415	41534.33696579933
4073	1331.8072839783354	1022.44	82.916748046875	0.15644395	0.00012544285714285712	0.00041814285714285716	12.195250272750854	41546.5323369503
4074	1300.70043859465	1006.64	82.924560546875	0.1565168	0.0001254	0.000418	12.6926429271698	41559.226095199585
4075	1324.621889087406	1020.79	82.932373046875	0.15636663	0.00012535714285714282	0.00041785714285714283	12.75041127204895	41571.97703242302
4076	1320.7536581808463	1018.38	82.690673828125	0.15635876	0.0001253142857142857	0.0004177142857142857	11.8572518825531	41583.83657693863
4077	1312.4676775093174	1013.07	82.948486328125	0.1563299	0.00012527142857142858	0.0004175714285714286	9.015897035598755	41592.85308623314
4078	1337.3710929440526	1024.0	82.956298828125	0.15626998	0.00012522857142857144	0.00041742857142857147	13.110986232757568	41605.964403152466
4079	1326.0030674540812	1022.21	82.9638671875	0.15625249	0.00012518571428571428	0.0004172857142857143	12.586761951446533	41618.55317044258
4080	1324.2004478140152	1024.0	79.69482421875	0.15617095	0.00012514285714285714	0.00041714285714285714	12.643167972564697	41631.19708251953
4081	1331.81545749035	1024.0	82.659423828125	0.1561685	0.0001251	0.00041700000000000005	9.049201250076294	41640.24682998657
4082	1313.738888744133	1008.77	83.16748046875	0.15616761	0.00012505714285714284	0.0004168571428571428	9.69969391822815	41649.94852590561
4083	1324.1259781343638	1024.0	82.426513671875	0.15616746	0.0001250142857142857	0.0004167142857142857	9.286115169525146	41659.235263347626
4084	1318.2539263638062	1020.26	82.4345703125	0.15616609	0.00012497142857142857	0.0004165714285714286	8.987074613571167	41668.22320151329
4085	1313.2991802553681	1014.2	82.693115234375	0.15616362	0.00012492857142857143	0.0004164285714285715	8.61607813835144	41676.83993625641
4086	1307.634838859187	1020.46	82.208984375	0.15603991	0.00012488571428571427	0.00041628571428571425	9.906390190124512	41686.74700665474
4087	1327.6179076773124	1020.05	82.70947265625	0.1559848	0.00012484285714285713	0.00041614285714285717	8.803456544876099	41695.551317214966
4088	1327.34087522586	1021.48	83.206787109375	0.15597202	0.0001248	0.00041600000000000003	8.604916095733643	41704.15677165985
4089	1302.7589578954412	1010.41	82.725341796875	0.15595978	0.00012475714285714283	0.00041585714285714284	8.608781099319458	41712.767280101776
4090	1324.7587401386972	1024.0	82.983154296875	0.1559486	0.0001247142857142857	0.0004157142857142857	8.836914777755737	41721.60444831848
4091	1333.2635379531991	1024.0	82.99072265625	0.15593754	0.00012467142857142856	0.0004155714285714286	8.609750509262085	41730.21587586403
4092	1324.76003543794	1024.0	82.9990234375	0.15592664	0.00012462857142857143	0.0004154285714285715	11.35034441947937	41741.56684446335
4093	1323.8757407105302	1024.0	83.0068359375	0.15592587	0.00012458571428571426	0.0004152857142857143	9.1593759059906	41750.726429224014
4094	1317.5919937919314	1017.97	83.0146484375	0.15587613	0.00012454285714285713	0.00041514285714285714	12.63667368888855	41763.3644797802
4095	1294.6955569563856	1006.41	83.0224609375	0.15586492	0.0001245	0.00041500000000000006	8.897101402282715	41772.26248502731
4096	1325.7929071085841	1016.01	83.028564453125	0.15585904	0.00012445714285714283	0.0004148571428571428	8.774679899215698	41781.03770971298
4097	1307.129553776568	1015.93	83.037109375	0.1558501	0.0001244142857142857	0.00041471428571428573	9.01239824295044	41790.05250287056
4098	1317.5850694663854	1018.04	83.171142578125	0.15583958	0.00012437142857142855	0.0004145714285714286	8.623141050338745	41798.67617583275
4099	1324.7314807330395	1022.18	82.9287109375	0.15582764	0.00012432857142857145	0.0004144285714285715	9.331203699111938	41808.00802206993
4100	1320.7382601644124	1016.53	82.9365234375	0.15581505	0.00012428571428571426	0.00041428571428571426	8.754900455474854	41816.76450967789
4101	1295.782364654475	1004.43	83.1845703125	0.15580374	0.00012424285714285715	0.00041414285714285717	8.612772226333618	41825.37792515755
4102	1325.350579675448	1024.0	83.203369140625	0.15579528	0.0001242	0.00041400000000000003	8.712878942489624	41834.09270310402
4103	1327.1431588822074	1024.0	83.21142578125	0.15576258	0.00012415714285714282	0.00041385714285714284	12.726938724517822	41846.81977844238
4104	1314.646404645507	1010.46	83.219482421875	0.15574662	0.0001241142857142857	0.0004137142857142857	12.616535663604736	41859.43871498108
4105	1313.259399861749	1018.0	81.801513671875	0.15573792	0.00012407142857142857	0.0004135714285714286	9.780707359313965	41869.2213947773
4106	1314.2902596148642	1020.22	83.052001953125	0.15583344	0.00012402857142857144	0.0004134285714285715	13.217199802398682	41882.43915629387
4107	1306.1377032741507	1019.1	82.56005859375	0.15568925	0.00012398571428571428	0.0004132857142857143	12.91675591468811	41895.35794329643
4108	1326.2005156538826	1020.83	82.568115234375	0.15554541	0.00012394285714285714	0.00041314285714285715	12.717435121536255	41908.07597851753
4109	1322.760871340268	1014.04	82.575927734375	0.15552464	0.0001239	0.00041300000000000006	12.228790044784546	41920.30542445183
4110	1294.3753107923037	990.81	82.83154296875	0.15549266	0.00012385714285714284	0.0004128571428571428	13.633968830108643	41933.94160413742
4111	1307.0968303148918	1008.9	82.83984375	0.15539305	0.0001238142857142857	0.00041271428571428573	12.441617727279663	41946.38387584686
4112	1323.2324096450266	1020.37	82.59765625	0.15540038	0.00012377142857142857	0.0004125714285714286	13.305117130279541	41959.69093585014
4113	1320.8085765859787	1014.7	82.60546875	0.15530755	0.00012372857142857143	0.0004124285714285715	12.09628415107727	41971.78794169426
4114	1299.2795001622349	1004.81	82.61328125	0.15521662	0.00012368571428571427	0.00041228571428571426	14.476367950439453	41986.266840696335
4115	1335.5341314981674	1020.52	82.37109375	0.15502	0.00012364285714285713	0.0004121428571428572	13.298484086990356	41999.56712889671
4116	1308.323348625875	1008.8	82.87890625	0.15483142	0.0001236	0.00041200000000000004	13.558101892471313	42013.12578415871
4117	1326.2068652295563	1022.43	82.635986328125	0.15483414	0.00012355714285714283	0.0004118571428571428	9.108798027038574	42022.237032175064
4118	1322.7519436141615	1024.0	82.646240234375	0.15483093	0.0001235142857142857	0.0004117142857142857	8.787421464920044	42031.02508354187
4119	1328.2479686441607	1018.27	82.654052734375	0.15482654	0.00012347142857142856	0.00041157142857142857	8.656604528427124	42039.683599710464
4120	1310.35839037949	1010.43	82.91162109375	0.15482305	0.00012342857142857142	0.0004114285714285715	9.407870292663574	42049.09212756157
4121	1329.0021910249527	1022.1	82.919189453125	0.15481986	0.00012338571428571426	0.00041128571428571424	8.595674753189087	42057.688341617584
4122	1308.6463787314249	1010.49	82.67578125	0.1548192	0.00012334285714285712	0.00041114285714285715	8.64837384223938	42066.33889603615
4123	1295.4455799149405	1002.74	82.685546875	0.15462394	0.0001233	0.000411	13.610978841781616	42079.95049953461
4124	1325.758077007719	1024.0	82.943115234375	0.15442048	0.00012325714285714283	0.0004108571428571428	11.497670888900757	42091.45036363602
4125	1313.9834299062857	1015.28	82.700927734375	0.15438947	0.0001232142857142857	0.0004107142857142857	13.046823978424072	42104.49887466431
4126	1285.1861389114656	1000.31	82.958984375	0.15438105	0.00012317142857142855	0.0004105714285714286	13.820780515670776	42118.32020330429
4127	1303.679145412603	1012.64	82.716552734375	0.15433545	0.00012312857142857144	0.00041042857142857146	12.727162837982178	42131.049126148224
4128	1313.1114996668953	1016.49	82.219482421875	0.15431088	0.00012308571428571425	0.00041028571428571427	10.013269186019897	42141.062927007675
4129	1289.7819354569142	1002.34	83.231201171875	0.15430437	0.00012304285714285714	0.00041014285714285713	9.115470170974731	42150.180444955826
4130	1321.8515285827054	1020.41	82.9892578125	0.15429744	0.000123	0.00041000000000000005	8.605489492416382	42158.786501169205
4131	1296.5304894026324	1008.25	82.746826171875	0.15429093	0.00012295714285714284	0.0004098571428571428	9.387924194335938	42168.17636466026
4132	1316.9659163639853	1016.59	83.2548828125	0.1542852	0.0001229142857142857	0.0004097142857142857	8.614430904388428	42176.79142451286
4133	1304.4107419575348	1006.76	82.5126953125	0.15428041	0.00012287142857142857	0.0004095714285714286	10.929896831512451	42187.72184586525
4134	1324.3529722495896	1018.42	82.770263671875	0.1542743	0.00012282857142857144	0.0004094285714285715	13.79949164390564	42201.522911548615
4135	1322.9316967274822	1020.35	83.029541015625	0.1541571	0.00012278571428571427	0.00040928571428571424	13.117679119110107	42214.6418364048
4136	1341.1607048942876	1024.0	83.037353515625	0.15413256	0.00012274285714285714	0.00040914285714285716	12.454695224761963	42227.09706544876
4137	1318.0042961029249	1012.29	80.25439453125	0.15412739	0.0001227	0.000409	8.858474493026733	42235.95761489868
4138	1319.1308068133958	1014.57	83.049072265625	0.15412343	0.00012265714285714284	0.00040885714285714283	8.666223526000977	42244.62436914444
4139	1321.4044090123207	1010.48	82.810302734375	0.15411921	0.0001226142857142857	0.0004087142857142857	8.672375917434692	42253.29883146286
4140	1320.3168167004828	1020.15	82.818359375	0.15411592	0.00012257142857142857	0.0004085714285714286	8.779521942138672	42262.079013347626
4141	1330.54950553703	1018.16	83.326416015625	0.15411238	0.00012252857142857143	0.00040842857142857147	8.995271444320679	42271.07483506203
4142	1315.7000660171211	1024.0	82.834228515625	0.1541091	0.00012248571428571427	0.0004082857142857143	8.626649618148804	42279.702916145325
4143	1297.030178436199	1010.58	83.34228515625	0.15393922	0.00012244285714285713	0.00040814285714285714	13.751165866851807	42293.454703330994
4144	1310.8817868392696	1012.69	82.850341796875	0.15393056	0.0001224	0.00040800000000000005	8.78111982345581	42302.23686528206
4145	1324.2561819902833	1022.03	83.3583984375	0.15392879	0.00012235714285714283	0.0004078571428571428	8.641910076141357	42310.87930679321
4146	1301.7213767495086	1008.52	83.1162109375	0.1539273	0.0001223142857142857	0.0004077142857142857	9.306331634521484	42320.186735630035
4147	1311.978937364093	1009.01	83.123779296875	0.15392387	0.00012227142857142856	0.0004075714285714286	8.62953782081604	42328.816840171814
4148	1320.311775235219	1014.59	83.3818359375	0.15392162	0.00012222857142857142	0.0004074285714285715	8.632699728012085	42337.45203924179
4149	1318.854911006727	1019.93	83.124267578125	0.15391938	0.00012218571428571426	0.00040728571428571425	9.33927321434021	42346.79197382927
4150	1320.7405787276375	1020.08	83.397705078125	0.15391792	0.00012214285714285712	0.00040714285714285717	8.6163330078125	42355.410142183304
4151	1330.2428578716933	1024.0	83.15673828125	0.15391634	0.00012209999999999999	0.000407	8.618874549865723	42364.0295484066
4152	1314.9480692690663	1015.82	83.15966796875	0.15391421	0.00012205714285714284	0.00040685714285714283	8.988023519515991	42373.019927978516
4153	1346.6258725239068	1024.0	82.420654296875	0.1539061	0.0001220142857142857	0.0004067142857142857	12.789549112319946	42385.81009101868
4154	1333.7987563240592	1024.0	83.1787109375	0.15386982	0.00012197142857142856	0.0004065714285714286	12.155356884002686	42397.967480659485
4155	1304.7587155514714	1007.88	83.186279296875	0.15378611	0.00012192857142857143	0.00040642857142857147	14.681895732879639	42412.65164756775
4156	1335.75142527735	1022.16	82.694091796875	0.153713	0.00012188571428571426	0.0004062857142857143	9.1739022731781	42421.82765626907
4157	1322.5136262655374	1013.41	83.2021484375	0.15370335	0.00012184285714285713	0.00040614285714285714	8.6491219997406	42430.47734951973
4158	1328.9155048456053	1022.37	83.710205078125	0.15369336	0.00012179999999999999	0.00040600000000000006	9.323055028915405	42439.802607774734
4159	1313.4986762661772	1012.27	82.717529296875	0.15363269	0.00012175714285714283	0.0004058571428571428	8.95892596244812	42448.762120723724
4160	1309.2078250620864	1012.83	83.0107421875	0.15367846	0.00012171428571428569	0.0004057142857142857	13.088811874389648	42461.85148191452
4161	1316.7221303344577	1014.47	82.7333984375	0.15363665	0.00012167142857142857	0.0004055714285714286	13.497441291809082	42475.35084438324
4162	1309.0014581606345	1004.41	83.61669921875	0.15361014	0.00012162857142857143	0.0004054285714285715	13.481230974197388	42488.83377599716
4163	1310.5955935239886	1012.52	83.874267578125	0.15339707	0.00012158571428571426	0.00040528571428571426	13.859550714492798	42502.693942308426
4164	1333.864253083508	1024.0	82.88232421875	0.15329458	0.00012154285714285713	0.00040514285714285717	12.994433879852295	42515.69058299065
4165	1316.5262122823947	1012.87	83.140380859375	0.15328796	0.0001215	0.00040500000000000003	8.928997039794922	42524.62018609047
4166	1330.2962896430774	1014.22	83.14794921875	0.15326755	0.00012145714285714284	0.00040485714285714284	8.97899079322815	42533.59931111336
4167	1334.2504956618054	1024.0	83.90576171875	0.15326048	0.0001214142857142857	0.0004047142857142857	8.632391691207886	42542.232763290405
4168	1335.0782814219565	1024.0	83.664794921875	0.15325288	0.00012137142857142856	0.0004045714285714286	8.642959833145142	42550.875921964645
4169	1341.5279500635102	1024.0	83.422607421875	0.15324543	0.00012132857142857143	0.0004044285714285715	9.308590650558472	42560.184747219086
4170	1336.118512318614	1022.54	83.446044921875	0.15323782	0.00012128571428571426	0.00040428571428571423	8.660956859588623	42568.84761762619
4171	1319.2997123740724	1012.67	83.673583984375	0.15323047	0.00012124285714285713	0.00040414285714285715	8.653880596160889	42577.502232551575
4172	1323.1832115364318	1012.28	83.4462890625	0.15322404	0.00012119999999999999	0.000404	9.288333654403687	42586.79118871689
4173	1332.3449822304285	1020.5	83.702392578125	0.15310864	0.00012115714285714283	0.0004038571428571428	13.502968072891235	42600.296441078186
4174	1329.0661988730626	1014.13	83.210693359375	0.15299875	0.00012111428571428569	0.0004037142857142857	13.143888235092163	42613.44343042374
4175	1336.056889186445	1022.03	82.7421875	0.15287529	0.00012107142857142857	0.0004035714285714286	14.147690773010254	42627.59175276756
4176	1323.2380001582337	1016.14	82.9892578125	0.15287305	0.00012102857142857143	0.00040342857142857145	8.838478326797485	42636.43215060234
4177	1324.287786005249	1016.07	83.734619140625	0.15287113	0.00012098571428571427	0.00040328571428571426	9.253334283828735	42645.686022520065
4178	1325.640783391107	1024.0	83.742431640625	0.1528697	0.00012094285714285713	0.0004031428571428571	8.68315601348877	42654.369943618774
4179	1321.6179441849165	1012.79	83.500244140625	0.15286863	0.0001209	0.00040300000000000004	8.655165433883667	42663.0274143219
4180	1317.6781404739074	1014.24	83.023681640625	0.15286869	0.00012085714285714283	0.0004028571428571428	8.632528066635132	42671.660558223724
4181	1308.8981539523281	1014.21	83.51611328125	0.15285997	0.0001208142857142857	0.0004027142857142857	9.634445905685425	42681.2956635952
4182	1330.3419530425238	1019.25	83.523681640625	0.15279359	0.00012077142857142856	0.00040257142857142857	12.513689279556274	42693.81090903282
4183	1293.8935612526668	996.36	83.28173828125	0.15278876	0.00012072857142857143	0.0004024285714285715	8.836468696594238	42702.64792227745
4184	1330.5015729569059	1020.74	83.79052734375	0.152784	0.00012068571428571426	0.00040228571428571424	8.863181114196777	42711.51303052902
4185	1322.881166645469	1014.8	83.298583984375	0.15278007	0.00012064285714285713	0.00040214285714285715	8.654237747192383	42720.16791820526
4186	1332.9983463830283	1019.11	83.806396484375	0.15277605	0.00012059999999999999	0.000402	8.658305644989014	42728.82852911949
4187	1315.9063717724225	1016.19	83.800537109375	0.15277211	0.00012055714285714283	0.0004018571428571428	9.323085308074951	42738.15219163895
4188	1322.9818546381732	1014.31	83.572509765625	0.1527674	0.00012051428571428569	0.0004017142857142857	9.063807725906372	42747.21663594246
4189	1333.4319948107566	1020.23	84.070068359375	0.15276158	0.00012047142857142857	0.0004015714285714286	8.651690483093262	42755.86995387077
4190	1335.9054707777975	1018.72	83.588134765625	0.15275605	0.00012042857142857143	0.00040142857142857146	8.61852765083313	42764.48907327652
4191	1343.8057840084468	1024.0	83.346923828125	0.1527421	0.00012038571428571427	0.00040128571428571427	9.082814931869507	42773.57457399368
4192	1345.3592208238674	1024.0	83.853759765625	0.15274025	0.00012034285714285713	0.00040114285714285713	8.65371322631836	42782.22884654999
4193	1334.8128766518685	1016.4	84.112548828125	0.15273876	0.0001203	0.00040100000000000004	8.61192774772644	42790.84131336212
4194	1349.6849134697813	1024.0	83.871337890625	0.15273757	0.00012025714285714286	0.0004008571428571429	9.325039148330688	42800.168273448944
4195	1338.2096774439342	1021.85	80.856201171875	0.15254135	0.0001202142857142857	0.0004007142857142857	12.58570671081543	42812.754561662674
4196	1349.797338803263	1024.0	83.18115234375	0.15250556	0.00012017142857142856	0.0004005714285714286	13.126818418502808	42825.88323926926
4197	1349.1261576663344	1024.0	83.159423828125	0.15246858	0.00012012857142857143	0.0004004285714285715	9.367073774337769	42835.25255846977
4198	1330.087977809889	1022.88	83.6650390625	0.15245934	0.00012008571428571426	0.00040028571428571424	8.62500286102295	42843.878193855286
4199	1334.2731888374576	1016.24	83.9072265625	0.15245123	0.00012004285714285713	0.00040014285714285716	8.612767457962036	42852.4929459095
4200	1327.0418354823348	1020.16	83.9150390625	0.15244341	0.00011999999999999999	0.0004	9.4372239112854	42861.93079805374
4201	1326.0657469293426	1014.54	83.915283203125	0.15243448	0.00011995714285714287	0.00039985714285714293	8.834784269332886	42870.76805782318
4202	1317.72184002849	1008.34	83.931884765625	0.15242784	0.00011991428571428569	0.0003997142857142857	8.614493608474731	42879.383110284805
4203	1302.0025214473387	1000.32	83.43994140625	0.15240602	0.00011987142857142857	0.0003995714285714286	12.297398328781128	42891.682685136795
4204	1347.396743175425	1022.03	83.197998046875	0.15235494	0.00011982857142857143	0.00039942857142857146	12.806360721588135	42904.491048812866
4205	1337.933971122478	1018.07	83.205810546875	0.15224715	0.00011978571428571427	0.00039928571428571427	12.388795852661133	42916.88245677948
4206	1339.0017943292116	1024.0	82.96337890625	0.15229394	0.00011974285714285713	0.00039914285714285713	12.848448753356934	42929.731489658356
4207	1302.2188209440085	1000.06	82.47900390625	0.15226422	0.0001197	0.00039900000000000005	8.889081716537476	42938.62258934975
4208	1335.0941950504152	1018.28	83.729248046875	0.1522205	0.00011965714285714286	0.0003988571428571429	9.705437183380127	42948.32855987549
4209	1337.7482142219294	1016.37	83.737060546875	0.15221582	0.0001196142857142857	0.0003987142857142857	8.624198198318481	42956.95358633995
4210	1336.5503537913457	1016.53	83.73486328125	0.15221024	0.00011957142857142856	0.0003985714285714286	8.625031471252441	42965.57925271988
4211	1338.7067625107259	1022.17	84.002685546875	0.15220414	0.00011952857142857142	0.0003984285714285715	8.639390707015991	42974.219264268875
4212	1326.6794606675837	1020.18	84.0107421875	0.15219806	0.00011948571428571426	0.00039828571428571425	8.836359977722168	42983.05792784691
4213	1341.0894932147392	1024.0	82.812255859375	0.15191735	0.00011944285714285712	0.00039814285714285716	10.876253366470337	42993.93471956253
4214	1333.8967274986746	1014.33	83.28857421875	0.1519205	0.0001194	0.000398	8.785951137542725	43002.72302412987
4215	1320.4726570574803	1014.32	84.034423828125	0.1519195	0.00011935714285714287	0.00039785714285714294	8.8141770362854	43011.53776216507
4216	1334.0516140344037	1020.22	84.29296875	0.1519177	0.00011931428571428569	0.0003977142857142857	8.606630802154541	43020.1472735405
4217	1329.5139359473314	1016.21	84.2998046875	0.15191507	0.00011927142857142857	0.0003975714285714286	8.637059211730957	43028.784972429276
4218	1346.3962436172078	1024.0	84.059326171875	0.15191124	0.00011922857142857143	0.00039742857142857147	9.338315963745117	43038.12586236
4219	1343.3344800855486	1024.0	84.31591796875	0.15190656	0.00011918571428571427	0.0003972857142857142	8.61871075630188	43046.745132923126
4220	1341.5905756205566	1018.58	84.325927734375	0.15190263	0.00011914285714285713	0.00039714285714285714	8.603093385696411	43055.35059070587
4221	1322.4300897245494	1014.37	83.85546875	0.1518664	0.0001191	0.00039700000000000005	9.182246685028076	43064.53347373009
4222	1329.4186281250127	1007.68	83.6044921875	0.1518549	0.00011905714285714286	0.0003968571428571429	8.803506851196289	43073.33876347542
4223	1319.5159692376553	1013.06	84.090087890625	0.15184493	0.0001190142857142857	0.00039671428571428567	8.581570386886597	43081.92094230652
4224	1330.0862866579503	1011.33	84.354736328125	0.15183589	0.00011897142857142856	0.0003965714285714286	8.615562438964844	43090.53712129593
4225	1334.5879798076508	1024.0	83.863037109375	0.15182708	0.00011892857142857142	0.00039642857142857145	9.339758157730103	43099.87883520126
4226	1321.9208267637348	1016.32	84.236572265625	0.15181758	0.00011888571428571426	0.00039628571428571425	8.883749723434448	43108.76320028305
4227	1331.6570102644014	1020.52	83.503662109375	0.1517889	0.00011884285714285712	0.0003961428571428571	12.000580310821533	43120.76434111595
4228	1345.216209499893	1024.0	83.761474609375	0.15159406	0.0001188	0.00039600000000000003	13.44931674003601	43134.21608734131
4229	1320.4111127885096	1008.67	84.01953125	0.15154767	0.00011875714285714286	0.0003958571428571429	12.8194420337677	43147.03729867935
4230	1340.1960117197596	1016.18	84.027587890625	0.15144567	0.0001187142857142857	0.0003957142857142857	12.841893672943115	43159.88075566292
4231	1331.9313174350966	1022.29	83.785400390625	0.15141557	0.00011867142857142857	0.00039557142857142856	12.209223985671997	43172.092243909836
4232	1325.8346666233117	1016.54	83.543212890625	0.15116552	0.00011862857142857143	0.0003954285714285715	11.387933492660522	43183.48169159889
4233	1333.2034259724967	1022.47	84.552001953125	0.15117161	0.00011858571428571427	0.00039528571428571423	8.769431114196777	43192.25255155563
4234	1349.2400969167109	1024.0	84.059814453125	0.15117633	0.00011854285714285713	0.00039514285714285714	8.6057870388031	43200.85895562172
4235	1321.8978347677603	1008.74	83.56640625	0.1510876	0.0001185	0.000395	13.928433418273926	43214.78825330734
4236	1342.8392817235017	1024.0	83.825927734375	0.15107888	0.00011845714285714286	0.0003948571428571429	15.189580917358398	43229.97973370552
4237	1351.8598715393498	1024.0	83.335693359375	0.15095769	0.0001184142857142857	0.0003947142857142857	9.161802768707275	43239.14306473732
4238	1344.4577580462892	1021.92	83.855224609375	0.15094183	0.00011837142857142856	0.0003945714285714286	9.30541181564331	43248.44910264015
4239	1332.5511721661242	1016.68	84.341796875	0.15092905	0.00011832857142857142	0.00039442857142857145	8.589100122451782	43257.03884124756
4240	1337.9283067722488	1024.0	83.887939453125	0.15079929	0.00011828571428571426	0.00039428571428571426	12.21461009979248	43269.25404334068
4241	1339.8752397143448	1014.13	83.638427734375	0.15079947	0.00011824285714285712	0.0003941428571428571	9.551289796829224	43278.80961251259
4242	1343.6598433962904	1024.0	84.122802734375	0.15079889	0.0001182	0.00039400000000000004	8.76347827911377	43287.57361984253
4243	1350.9567427151799	1024.0	84.6298828125	0.15079753	0.00011815714285714286	0.0003938571428571429	8.648693799972534	43296.22373390198
4244	1344.2221756965255	1024.0	83.895263671875	0.15079726	0.0001181142857142857	0.0003937142857142857	8.661499500274658	43304.88587164879
4245	1325.0240361362055	1014.41	84.39453125	0.15079787	0.00011807142857142856	0.00039357142857142857	9.047377347946167	43313.93381810188
4246	1340.696895222799	1024.0	84.652587890625	0.15079899	0.00011802857142857143	0.0003934285714285715	8.63842248916626	43322.57379055023
4247	1339.375294516969	1018.46	84.65234375	0.15079942	0.00011798571428571426	0.00039328571428571423	8.690732479095459	43331.265161275864
4248	1351.9359108541973	1024.0	84.418701171875	0.15079807	0.00011794285714285713	0.00039314285714285715	9.655956029891968	43340.921753168106
4249	1356.131350568231	1024.0	83.426513671875	0.15071389	0.00011789999999999999	0.000393	14.688033103942871	43355.61299920082
4250	1344.7297823166084	1018.66	83.720458984375	0.15070668	0.00011785714285714286	0.00039285714285714293	15.82392954826355	43371.43853735924
4251	1333.2513743605355	1016.28	83.739990234375	0.15069646	0.0001178142857142857	0.0003927142857142857	13.931017398834229	43385.37246823311
4252	1346.8227025358353	1018.24	81.428466796875	0.15068464	0.00011777142857142856	0.0003925714285714286	14.905402183532715	43400.27841615677
4253	1332.3859656984735	1011.42	83.454345703125	0.1507252	0.00011772857142857142	0.00039242857142857146	15.404508829116821	43415.68530249596
4254	1351.4291682876556	1024.0	83.9638671875	0.15065579	0.00011768571428571426	0.00039228571428571426	12.96989393234253	43428.65629982948
4255	1335.752622442604	1020.01	83.97216796875	0.15068308	0.00011764285714285712	0.0003921428571428571	12.893833875656128	43441.55143547058
4256	1338.849570617796	1024.0	83.74365234375	0.15058555	0.0001176	0.00039200000000000004	11.99525761604309	43453.55167078972
4257	1355.2778950733884	1024.0	83.739501953125	0.15044545	0.00011755714285714286	0.0003918571428571429	13.912764310836792	43467.46749186516
4258	1338.1896277799583	1024.0	83.77099609375	0.1505246	0.0001175142857142857	0.0003917142857142857	12.083181619644165	43479.55124616623
4259	1332.7994197970502	1014.61	84.255859375	0.15052296	0.00011747142857142856	0.00039157142857142857	9.521543979644775	43489.07464456558
4260	1348.3845896330613	1022.14	84.263427734375	0.15052332	0.00011742857142857143	0.0003914285714285715	8.616959571838379	43497.69217920303
4261	1319.4143539335234	998.8	84.521484375	0.15052302	0.00011738571428571426	0.00039128571428571424	8.617736339569092	43506.310540914536
4262	1347.4625348070392	1018.12	84.279052734375	0.1505235	0.00011734285714285713	0.00039114285714285716	8.688960075378418	43515.00103473663
4263	1329.159687051382	1013.14	84.537353515625	0.15052223	0.00011729999999999999	0.000391	8.736302375793457	43523.737901210785
4264	1350.2903169177878	1024.0	84.293701171875	0.15038104	0.00011725714285714286	0.00039085714285714293	12.511144399642944	43536.250339984894
4265	1328.604763220186	1012.09	84.302001953125	0.15036589	0.00011721428571428569	0.0003907142857142857	14.209336280822754	43550.461789608
4266	1350.4469946033287	1024.0	83.810546875	0.15026315	0.00011717142857142856	0.0003905714285714286	12.027748823165894	43562.49079489708
4267	1334.51323983136	1020.13	84.318359375	0.15026446	0.00011712857142857143	0.00039042857142857146	14.528103590011597	43577.019471645355
4268	1343.187341551321	1020.14	83.826171875	0.15017368	0.00011708571428571426	0.00039028571428571427	14.968695163726807	43591.98992705345
4269	1343.7591254567171	1024.0	84.584228515625	0.15017419	0.00011704285714285712	0.00039014285714285713	8.677864074707031	43600.66836619377
4270	1352.75072365298	1020.21	84.592529296875	0.15017228	0.000117	0.00039000000000000005	9.345079183578491	43610.015555143356
4271	1354.3251024168753	1024.0	84.35009765625	0.15010628	0.00011695714285714286	0.0003898571428571429	12.585935115814209	43622.602101802826
4272	1334.9876867179573	1013.2	84.119873046875	0.15013374	0.0001169142857142857	0.00038971428571428566	14.230545997619629	43636.83508467674
4273	1337.7696183271203	1017.15	84.11572265625	0.15002441	0.00011687142857142856	0.0003895714285714286	13.600518941879272	43650.43623661995
4274	1325.0183527602007	1008.2	84.373779296875	0.15001471	0.00011682857142857143	0.00038942857142857144	9.007998704910278	43659.44660925865
4275	1357.8530468133063	1024.0	84.631591796875	0.1500126	0.00011678571428571426	0.00038928571428571425	9.50126028060913	43668.94849610329
4276	1364.3165595967118	1022.31	84.64013671875	0.15000992	0.00011674285714285713	0.0003891428571428571	8.687878370285034	43677.63990163803
4277	1342.1084337511397	1016.62	84.64794921875	0.1500084	0.00011669999999999999	0.000389	8.61654257774353	43686.25710439682
4278	1351.8255358130252	1018.08	84.65576171875	0.15000616	0.00011665714285714285	0.0003888571428571429	14.535582780838013	43700.79505133629
4279	1339.1953110534553	1020.98	84.663330078125	0.15000503	0.00011661428571428569	0.0003887142857142857	10.085444450378418	43710.883639097214
4280	1353.3847939062448	1022.07	84.171142578125	0.14990413	0.00011657142857142856	0.00038857142857142855	13.351476907730103	43724.235749959946
4281	1339.9087520457851	1018.49	84.428955078125	0.14989488	0.00011652857142857143	0.00038842857142857147	9.24605679512024	43733.48344993591
4282	1338.0846219831105	1014.29	84.425048828125	0.14989339	0.00011648571428571426	0.0003882857142857142	8.643179655075073	43742.12724733353
4283	1361.0856216957513	1024.0	84.696044921875	0.14989123	0.00011644285714285713	0.00038814285714285714	8.641613483428955	43750.770805597305
4284	1331.1232597911178	1010.56	84.70361328125	0.14988856	0.0001164	0.000388	9.349876165390015	43760.12139940262
4285	1349.586434997349	1024.0	84.71142578125	0.14988624	0.00011635714285714286	0.0003878571428571429	8.651792526245117	43768.775062799454
4286	1347.2804011784867	1024.0	84.719482421875	0.14988433	0.0001163142857142857	0.00038771428571428567	8.632371425628662	43777.408071517944
4287	1327.6976483370483	1008.42	84.227783203125	0.14985853	0.00011627142857142856	0.0003875714285714286	13.508911371231079	43790.91903948784
4288	1348.1617007677776	1020.55	84.2568359375	0.14990254	0.00011622857142857143	0.00038742857142857144	18.931931495666504	43809.85283112526
4289	1347.6528239521078	1024.0	84.241455078125	0.14970087	0.00011618571428571426	0.00038728571428571425	11.897543907165527	43821.750911951065
4290	1361.4842262723482	1024.0	84.625	0.14970542	0.00011614285714285713	0.0003871428571428571	9.188820123672485	43830.94130182266
4291	1333.562097040661	1018.12	84.16748046875	0.14960498	0.00011609999999999999	0.00038700000000000003	12.493444681167603	43843.43542909622
4292	1343.320995275038	1024.0	84.41943359375	0.14952546	0.00011605714285714285	0.0003868571428571429	12.233479022979736	43855.6705930233
4293	1360.8836979208756	1024.0	84.648193359375	0.14967112	0.00011601428571428569	0.0003867142857142857	11.887439250946045	43867.55826473236
4294	1331.443953397322	1012.69	84.4375	0.14958997	0.00011597142857142855	0.00038657142857142856	13.966198682785034	43881.526591062546
4295	1335.9445268448078	1010.64	84.413818359375	0.14956918	0.00011592857142857143	0.0003864285714285715	9.051700592041016	43890.578706264496
4296	1334.4713628978234	1016.07	84.921875	0.14956282	0.00011588571428571425	0.0003862857142857142	8.644719362258911	43899.22355604172
4297	1345.4631852422615	1012.29	84.93017578125	0.1495548	0.00011584285714285713	0.00038614285714285714	9.321827411651611	43908.546003341675
4298	1323.4720985973574	1006.92	84.937744140625	0.14954862	0.0001158	0.000386	8.666152477264404	43917.21408390999
4299	1355.22364462945	1018.2	84.943115234375	0.14954303	0.00011575714285714286	0.0003858571428571429	8.626616477966309	43925.84132909775
4300	1359.598436606403	1020.19	84.9541015625	0.14953788	0.0001157142857142857	0.00038571428571428567	8.645620822906494	43934.49158811569
4301	1357.772617074422	1023.93	84.96044921875	0.14953373	0.00011567142857142856	0.0003855714285714286	8.84372591972351	43943.33598232269
4302	1325.9065686358904	1007.07	84.719970703125	0.14952871	0.00011562857142857142	0.00038542857142857145	9.443909168243408	43952.78276181221
4303	1334.7195234343694	1014.18	83.97802734375	0.14957172	0.00011558571428571426	0.00038528571428571426	14.828728199005127	43967.61203455925
4304	1338.2876172802146	1010.3	84.236083984375	0.1495218	0.00011554285714285712	0.0003851428571428571	12.513917922973633	43980.12751913071
4305	1347.3580953865398	1022.44	84.243408203125	0.1494943	0.00011549999999999999	0.00038500000000000003	9.071194887161255	43989.19924116135
4306	1346.8058979727969	1018.17	84.51611328125	0.14954607	0.00011545714285714287	0.0003848571428571429	13.765218734741211	44002.96719002724
4307	1347.0392991424683	1018.7	84.009765625	0.14950556	0.00011541428571428569	0.0003847142857142857	9.14714241027832	44012.11640501022
4308	1348.567894287762	1024.0	85.017333984375	0.1495002	0.00011537142857142855	0.00038457142857142856	8.620745182037354	44020.73775982857
4309	1361.56086680069	1024.0	85.025146484375	0.14949565	0.00011532857142857143	0.0003844285714285715	9.367352962493896	44030.106709718704
4310	1346.2422710411108	1016.59	82.01123046875	0.14949402	0.00011528571428571425	0.00038428571428571423	8.630868196487427	44038.73812222481
4311	1344.8254709154855	1016.38	84.78759765625	0.14951026	0.00011524285714285713	0.00038414285714285715	13.327264070510864	44052.06787490845
4312	1346.8946697163638	1016.25	85.044677734375	0.14950262	0.0001152	0.000384	9.23685336112976	44061.305263996124
4313	1337.6444460872683	1008.89	85.052734375	0.14949803	0.00011515714285714286	0.0003838571428571429	9.52389144897461	44070.831236839294
4314	1343.580975830213	1016.34	84.8125	0.1494943	0.0001151142857142857	0.0003837142857142857	8.630335569381714	44079.46229195595
4315	1352.440419162293	1022.36	85.320556640625	0.14948986	0.00011507142857142856	0.0003835714285714286	9.310479879379272	44088.773389816284
4316	1357.887091884949	1020.18	85.327880859375	0.14948447	0.00011502857142857142	0.00038342857142857146	8.641177892684937	44097.41720247269
4317	1356.1939481090192	1024.0	85.078857421875	0.14947875	0.00011498571428571429	0.00038328571428571437	8.60731315612793	44106.02517580986
4318	1354.9971239841582	1024.0	85.095458984375	0.14947347	0.00011494285714285712	0.0003831428571428571	8.61044979095459	44114.63803553581
4319	1349.9801006162995	1024.0	85.103515625	0.14946939	0.00011489999999999999	0.00038300000000000004	8.72324013710022	44123.36192083359
4320	1353.3539046084372	1024.0	85.111328125	0.14944266	0.00011485714285714286	0.0003828571428571429	12.930604696273804	44136.29448366165
4321	1362.062691318641	1024.0	84.619140625	0.14930703	0.00011481428571428569	0.0003827142857142857	10.074536323547363	44146.388225317
4322	1349.1011691648841	1024.0	85.113037109375	0.14929493	0.00011477142857142855	0.00038257142857142857	8.608413934707642	44154.99722623825
4323	1341.24528467572	1014.35	85.135009765625	0.14928459	0.00011472857142857143	0.0003824285714285715	8.730928897857666	44163.72848057747
4324	1364.4994787482801	1024.0	84.89306640625	0.14924364	0.00011468571428571429	0.00038228571428571435	13.194108486175537	44176.928220272064
4325	1355.31430810947	1024.0	84.89453125	0.14922975	0.00011464285714285713	0.0003821428571428571	9.726036548614502	44186.65593314171
4326	1346.600080839675	1018.49	85.408447265625	0.14922531	0.0001146	0.000382	8.605605363845825	44195.262075185776
4327	1348.7570185554696	1018.32	84.91650390625	0.14922239	0.00011455714285714286	0.0003818571428571429	8.628184795379639	44203.89087104797
4328	1337.3683340960217	1010.36	85.172607421875	0.14921944	0.0001145142857142857	0.0003817142857142857	8.838149547576904	44212.7317237854
4329	1342.7866245989408	1024.0	85.18212890625	0.14921647	0.00011447142857142856	0.00038157142857142855	8.616742134094238	44221.349024772644
4330	1331.5535533811044	1022.47	85.189453125	0.14921366	0.00011442857142857142	0.00038142857142857146	8.607685089111328	44229.96150445938
4331	1349.7636812758487	1024.0	85.1982421875	0.14921005	0.00011438571428571429	0.0003812857142857143	9.330944776535034	44239.2930867672
4332	1346.418327714675	1024.0	85.206787109375	0.14920656	0.00011434285714285712	0.00038114285714285713	8.584119319915771	44247.87790298462
4333	1335.7158884087153	1018.46	85.46484375	0.14926422	0.00011429999999999999	0.000381	12.757935523986816	44260.63802218437
4334	1343.632337316333	1021.75	84.97265625	0.14922778	0.00011425714285714286	0.0003808571428571429	9.70349907875061	44270.34222602844
4335	1349.1339806577816	1024.0	84.47998046875	0.14921296	0.00011421428571428569	0.00038071428571428566	12.7803213596344	44283.12319612503
4336	1343.2713006603503	1014.16	84.986328125	0.14904734	0.00011417142857142856	0.0003805714285714286	13.512053728103638	44296.637751340866
4337	1332.344475992215	1016.36	84.99462890625	0.14904085	0.00011412857142857143	0.00038042857142857144	14.661582946777344	44311.301325559616
4338	1345.5317455213801	1018.15	85.00244140625	0.14896433	0.00011408571428571429	0.00038028571428571435	12.74080204963684	44324.045014858246
4339	1339.7924572994973	1016.2	85.26025390625	0.14885648	0.00011404285714285713	0.0003801428571428571	13.897598505020142	44337.94327878952
4340	1347.7516840035025	1024.0	85.018310546875	0.14876954	0.00011399999999999999	0.00038	12.516200065612793	44350.46066451073
4341	1351.1388501748838	1024.0	85.52587890625	0.14874887	0.00011395714285714286	0.0003798571428571429	12.720424890518188	44363.18244957924
4342	1352.1373305388354	1024.0	85.03271484375	0.14874393	0.0001139142857142857	0.0003797142857142857	8.723421812057495	44371.90640544891
4343	1351.5526383263589	1024.0	85.041748046875	0.14876956	0.00011387142857142856	0.00037957142857142855	11.792786359786987	44383.70131421089
4344	1330.540086193054	1014.36	85.299560546875	0.14876987	0.00011382857142857142	0.00037942857142857147	12.502467155456543	44396.20438694954
4345	1348.6087546882368	1018.06	85.04296875	0.14876539	0.00011378571428571428	0.00037928571428571433	8.716371059417725	44404.92260694504
4346	1346.302206024805	1018.07	85.065673828125	0.14863184	0.00011374285714285712	0.00037914285714285714	14.154478073120117	44419.077706575394
4347	1330.4551053767343	1016.45	85.073486328125	0.14862339	0.00011369999999999999	0.000379	9.084003925323486	44428.162767887115
4348	1355.3353292159168	1023.53	85.331298828125	0.14861901	0.00011365714285714286	0.0003788571428571429	9.39490818977356	44437.55823016167
4349	1342.7785596743074	1012.54	85.580078125	0.14861542	0.00011361428571428569	0.00037871428571428567	9.266595363616943	44446.82658743858
4350	1357.5268173544714	1024.0	84.84814453125	0.14860936	0.00011357142857142856	0.0003785714285714286	8.647043228149414	44455.47425842285
4351	1336.9090888537207	1016.09	85.605712890625	0.1486021	0.00011352857142857143	0.00037842857142857144	8.593632936477661	44464.068546533585
4352	1346.3939227740452	1018.04	85.36376953125	0.14859399	0.00011348571428571429	0.00037828571428571436	8.662137746810913	44472.73271727562
4353	1352.265076790087	1024.0	85.119873046875	0.14857249	0.00011344285714285713	0.0003781428571428571	12.671878576278687	44485.405145168304
4354	1343.5365458665071	1018.23	85.130615234375	0.14857456	0.00011339999999999999	0.000378	8.88422417640686	44494.292048215866
4355	1353.1598715173802	1022.0	85.390380859375	0.1485738	0.00011335714285714286	0.0003778571428571429	8.585867643356323	44502.878454208374
4356	1349.5105570274673	1020.54	85.400146484375	0.14857325	0.00011331428571428569	0.0003777142857142857	9.032097339630127	44511.911207437515
4357	1347.878169912788	1024.0	85.15234375	0.14857356	0.00011327142857142856	0.00037757142857142856	8.621041774749756	44520.5336997509
4358	1336.1595323128506	1010.01	85.418212890625	0.14857362	0.00011322857142857142	0.00037742857142857147	8.586978435516357	44529.12130665779
4359	1330.9167046099321	1006.02	85.419189453125	0.14857256	0.0001131857142857143	0.00037728571428571433	9.296709060668945	44538.42093539238
4360	1348.8736542670024	1018.15	85.188232421875	0.14851852	0.00011314285714285712	0.00037714285714285714	13.475116491317749	44551.89662051201
4361	1331.927616498224	1012.7	85.19775390625	0.14850502	0.00011309999999999998	0.000377	15.227897644042969	44567.126506567
4362	1330.036799405474	1020.12	85.447509765625	0.14849506	0.00011305714285714286	0.0003768571428571429	8.744786739349365	44575.87257027626
4363	1343.0107403335478	1018.07	85.467529296875	0.14843665	0.00011301428571428568	0.00037671428571428567	13.608845710754395	44589.48202729225
4364	1347.255718149534	1024.0	85.22216796875	0.14843057	0.00011297142857142856	0.0003765714285714286	9.421085119247437	44598.90420818329
4365	1352.5710920759336	1024.0	85.23828125	0.14840065	0.00011292857142857143	0.00037642857142857145	12.563114404678345	44611.467549324036
4366	1344.6420813433042	1018.07	85.254638671875	0.14839585	0.00011288571428571429	0.00037628571428571436	11.878909826278687	44623.34859085083
4367	1372.8806574397229	1024.0	82.486083984375	0.14839526	0.00011284285714285713	0.0003761428571428571	9.039960384368896	44632.39023518562
4368	1338.494151017429	1012.16	85.714599609375	0.14839219	0.00011279999999999999	0.00037600000000000003	8.577509880065918	44640.968544483185
4369	1357.2012252745003	1020.31	85.2734375	0.14839135	0.00011275714285714285	0.0003758571428571429	8.624680519104004	44649.5938911438
4370	1360.2557518125384	1024.0	86.029296875	0.14839078	0.00011271428571428569	0.0003757142857142857	9.260785341262817	44658.85531616211
4371	1362.1548799826246	1024.0	85.282470703125	0.14839162	0.00011267142857142856	0.00037557142857142856	8.903217077255249	44667.75998735428
4372	1349.1807143377935	1018.17	85.30615234375	0.14839251	0.00011262857142857142	0.0003754285714285715	8.597249031066895	44676.357776880264
4373	1378.8530412307657	1024.0	85.560791015625	0.14839342	0.0001125857142857143	0.00037528571428571434	8.986380577087402	44685.346613407135
4374	1360.2984586150956	1022.0	85.076416015625	0.14821064	0.00011254285714285712	0.0003751428571428571	12.264944076538086	44697.612221717834
4375	1346.4403867597232	1024.0	84.836181640625	0.14819154	0.0001125	0.000375	12.97824239730835	44710.59278202057
4376	1351.572720352491	1023.06	85.34619140625	0.1481853	0.00011245714285714286	0.0003748571428571429	9.367213249206543	44719.960287332535
4377	1349.7149329796669	1014.21	85.10595703125	0.1481191	0.00011241428571428568	0.0003747142857142857	13.672867059707642	44733.63415694237
4378	1333.7826903556613	1016.62	84.86572265625	0.14812315	0.00011237142857142856	0.00037457142857142854	8.86080002784729	44742.496539115906
4379	1356.1785732508333	1024.0	85.37548828125	0.14812236	0.00011232857142857143	0.00037442857142857145	8.82323169708252	44751.320328235626
4380	1347.3702174421323	1022.19	84.891845703125	0.14812069	0.00011228571428571429	0.0003742857142857143	8.991889715194702	44760.312796115875
4381	1353.929658017847	1024.0	85.62939453125	0.1481184	0.00011224285714285713	0.0003741428571428571	8.589846134185791	44768.904136419296
4382	1347.087841239054	1024.0	85.170166015625	0.14811592	0.00011219999999999999	0.000374	9.299406290054321	44778.2041759491
4383	1360.8151618473778	1024.0	85.650390625	0.14811344	0.00011215714285714285	0.0003738571428571429	8.989466667175293	44787.19533061981
4384	1340.4642972843244	1024.0	83.931884765625	0.14803533	0.00011211428571428569	0.00037371428571428565	11.800665616989136	44798.9965262413
4385	1344.064989488209	1024.0	85.18408203125	0.14792246	0.00011207142857142855	0.00037357142857142857	14.029642581939697	44813.029072999954
4386	1320.0877350296244	1004.73	85.944091796875	0.1480418	0.00011202857142857142	0.00037342857142857143	12.497807502746582	44825.5298871994
4387	1348.2757004718587	1024.0	85.203857421875	0.14803205	0.0001119857142857143	0.00037328571428571434	8.787926435470581	44834.31954908371
4388	1348.5319525781838	1012.2	85.713623046875	0.14803031	0.00011194285714285712	0.0003731428571428571	8.865050315856934	44843.18513417244
4389	1342.9344091340797	1022.54	85.4736328125	0.14802746	0.0001119	0.000373	8.605987310409546	44851.79504776001
4390	1329.80663634528	1014.1	85.857177734375	0.14802541	0.00011185714285714286	0.0003728571428571429	8.625171422958374	44860.420837163925
4391	1342.9089333834534	1018.35	85.8564453125	0.14802252	0.00011181428571428568	0.0003727142857142857	9.539032697677612	44869.9605550766
4392	1354.2234587076493	1024.0	85.37255859375	0.14789449	0.00011177142857142856	0.00037257142857142854	13.462486028671265	44883.4267373085
4393	1341.228201264135	1020.2	84.91552734375	0.147765	0.00011172857142857142	0.00037242857142857146	13.263164520263672	44896.69211316109
4394	1344.0045972870312	1024.0	85.165771484375	0.14772274	0.00011168571428571429	0.0003722857142857143	9.790216445922852	44906.48285865784
4395	1348.888276682988	1018.17	85.664794921875	0.1477142	0.00011164285714285712	0.00037214285714285713	8.604063034057617	44915.0882165432
4396	1320.4226290863899	1003.99	85.419677734375	0.14770545	0.00011159999999999999	0.000372	8.584250926971436	44923.673092365265
4397	1339.3200469239882	1012.28	85.677734375	0.14769576	0.00011155714285714285	0.0003718571428571429	8.810755252838135	44932.48624444008
4398	1340.1588792926775	1018.15	85.1708984375	0.14764823	0.00011151428571428569	0.00037171428571428566	13.52364468574524	44946.010422468185
4399	1351.8976979476613	1024.0	85.4287109375	0.14765011	0.00011147142857142855	0.0003715714285714286	8.878143310546875	44954.89028096199
4400	1348.6093679598573	1024.0	85.686767578125	0.14764984	0.00011142857142857142	0.00037142857142857143	8.808894157409668	44963.69983744621
4401	1346.7441494820432	1020.21	86.19482421875	0.14764972	0.0001113857142857143	0.00037128571428571435	8.624324083328247	44972.3265106678
4402	1353.1342671709979	1024.0	85.952392578125	0.14764836	0.00011134285714285712	0.0003711428571428571	8.60871934890747	44980.93588423729
4403	1343.7545360886922	1012.99	85.46826171875	0.14764789	0.0001113	0.000371	9.35042119026184	44990.28919386864
4404	1349.8541097276452	1024.0	85.958740234375	0.14764681	0.00011125714285714286	0.0003708571428571429	8.993985414505005	44999.283720970154
4405	1351.2647305107726	1020.17	85.73974609375	0.1476462	0.0001112142857142857	0.0003707142857142857	8.616163730621338	45007.90152692795
4406	1343.8234729321211	1016.27	85.976806640625	0.14764495	0.00011117142857142856	0.00037057142857142855	9.28383207321167	45017.18599796295
4407	1350.7474677674159	1024.0	85.23974609375	0.1474616	0.00011112857142857142	0.00037042857142857146	12.752082824707031	45029.939749479294
4408	1351.5502242119815	1022.01	85.734130859375	0.14746876	0.00011108571428571429	0.0003702857142857143	8.774213552474976	45038.71449279785
4409	1352.8682410628994	1024.0	84.755859375	0.14737298	0.00011104285714285712	0.00037014285714285713	13.57752513885498	45052.2941133976
4410	1339.2804045633995	1016.17	85.263916015625	0.14739518	0.00011099999999999999	0.00037	13.372650861740112	45065.66744661331
4411	1363.930882193669	1024.0	85.771240234375	0.14739029	0.00011095714285714285	0.0003698571428571429	8.76206111907959	45074.4316008091
4412	1350.4473276448582	1024.0	84.786865234375	0.14734663	0.00011091428571428569	0.00036971428571428566	12.873753070831299	45087.305990219116
4413	1356.297631772286	1024.0	85.537353515625	0.1473318	0.00011087142857142855	0.0003695714285714286	14.420468091964722	45101.72827863693
4414	1348.9591958444548	1018.26	85.794921875	0.14732549	0.00011082857142857142	0.00036942857142857144	9.345235824584961	45111.07487440109
4415	1342.0888444271143	1018.88	86.053955078125	0.14732058	0.0001107857142857143	0.00036928571428571436	8.64040207862854	45119.71590709686
4416	1344.9028913669526	1024.0	86.060546875	0.1473154	0.00011074285714285712	0.0003691428571428571	8.650299549102783	45128.36949110031
4417	1352.8919326021337	1024.0	86.06982421875	0.14731066	0.0001107	0.000369	9.404852867126465	45137.77497839928
4418	1316.768919399736	1001.06	86.064453125	0.1473058	0.00011065714285714286	0.0003688571428571429	9.05444622039795	45146.832404375076
4419	1349.927151500554	1024.0	86.58544921875	0.14724891	0.0001106142857142857	0.0003687142857142857	12.76800012588501	45159.600942373276
4420	1354.5052416912013	1024.0	85.626708984375	0.14719641	0.00011057142857142856	0.00036857142857142855	13.112199544906616	45172.71620678902
4421	1339.4288088537965	1014.29	85.60107421875	0.14719753	0.00011052857142857142	0.00036842857142857147	8.722497940063477	45181.43930864334
4422	1365.452519179748	1024.0	85.609130859375	0.1471156	0.00011048571428571429	0.00036828571428571433	12.918972492218018	45194.35883760452
4423	1359.7975521115304	1024.0	86.116943359375	0.14703564	0.00011044285714285712	0.00036814285714285714	9.160058498382568	45203.5210185051
4424	1356.5045682532318	1018.13	86.125	0.14702043	0.00011039999999999999	0.000368	8.621368408203125	45212.14299917221
4425	1356.043171589786	1024.0	83.1123046875	0.14700493	0.00011035714285714285	0.0003678571428571429	8.638175249099731	45220.78182864189
4426	1347.2471374272804	1014.77	86.12451171875	0.14698976	0.00011031428571428569	0.00036771428571428567	9.387086868286133	45230.16961431503
4427	1349.387608783992	1024.0	85.88427734375	0.14697601	0.00011027142857142855	0.00036757142857142853	9.043940305709839	45239.2158601284
4428	1342.1142543445146	1014.46	86.14306640625	0.1469636	0.00011022857142857143	0.00036742857142857145	8.615360975265503	45247.8319747448
4429	1356.6277919685651	1020.6	85.177734375	0.14682682	0.00011018571428571429	0.0003672857142857143	13.237135171890259	45261.06971693039
4430	1351.5090832019157	1018.18	86.1708984375	0.14679322	0.00011014285714285712	0.0003671428571428571	9.401192903518677	45270.473944187164
4431	1348.521030065715	1021.99	86.1796875	0.14678447	0.00011009999999999999	0.000367	8.630930423736572	45279.10544323921
4432	1348.2820640865266	1016.25	85.937744140625	0.1467758	0.00011005714285714286	0.0003668571428571429	10.671569108963013	45289.77895498276
4433	1352.8903441284347	1024.0	86.195556640625	0.14676662	0.0001100142857142857	0.00036671428571428564	8.611445903778076	45298.39093399048
4434	1354.0443046237656	1024.0	85.968505859375	0.14675595	0.00010997142857142856	0.00036657142857142856	8.622743129730225	45307.01433587074
4435	1333.2684193274995	1014.25	85.718994140625	0.1467455	0.00010992857142857142	0.0003664285714285714	9.463287115097046	45316.48134422302
4436	1335.1426751853237	1014.03	85.965087890625	0.14673425	0.00010988571428571428	0.00036628571428571434	8.710000038146973	45325.19197654724
4437	1348.2985744559246	1020.54	85.727294921875	0.1466877	0.00010984285714285712	0.0003661428571428571	8.817723274230957	45334.01305627823
4438	1355.782632247913	1024.0	85.983642578125	0.14667763	0.00010979999999999999	0.000366	8.62923789024353	45342.642874479294
4439	1335.4752021942709	1018.08	86.24267578125	0.14666952	0.00010975714285714285	0.00036585714285714287	9.150163173675537	45351.79374790192
4440	1348.7127508907222	1024.0	85.51611328125	0.14666206	0.00010971428571428573	0.0003657142857142858	8.662167072296143	45360.45946311951
4441	1356.0392291088383	1022.07	86.25732421875	0.14665572	0.00010967142857142855	0.00036557142857142854	8.655729532241821	45369.11580681801
4442	1338.3644115217198	1024.0	86.0302734375	0.1466499	0.00010962857142857143	0.00036542857142857145	9.283560276031494	45378.402997255325
4443	1335.9658097248468	1020.08	85.5712890625	0.1465903	0.00010958571428571429	0.0003652857142857143	15.023160696029663	45393.42674136162
4444	1334.1505863710167	1019.06	85.282470703125	0.14645182	0.00010954285714285711	0.0003651428571428571	15.52215313911438	45408.94973039627
4445	1352.8544520788107	1024.0	85.2900390625	0.1463606	0.00010949999999999999	0.000365	13.8162522315979	45422.76749897003
4446	1314.1787929308398	1010.6	84.305419921875	0.14631043	0.00010945714285714286	0.0003648571428571429	13.175421237945557	45435.94552230835
4447	1328.3729202899472	1014.3	86.056884765625	0.14631176	0.00010941428571428572	0.00036471428571428576	8.802002906799316	45444.75007677078
4448	1335.1002394076747	1024.0	86.064453125	0.1461605	0.00010937142857142856	0.00036457142857142857	13.362905263900757	45458.114121198654
4449	1346.8866789095443	1022.27	85.82080078125	0.14600179	0.00010932857142857142	0.00036442857142857143	14.766910552978516	45472.88208055496
4450	1346.3368613876307	1024.0	85.3291015625	0.14595078	0.00010928571428571428	0.00036428571428571434	14.195074319839478	45487.07868599892
4451	1344.7589868414461	1023.93	85.58642578125	0.14586724	0.00010924285714285712	0.0003641428571428571	14.874212503433228	45501.95359635353
4452	1353.0193042694816	1016.06	86.094970703125	0.14570719	0.00010919999999999998	0.000364	13.523538827896118	45515.47924566269
4453	1322.6483998687775	1008.23	85.6181640625	0.14569731	0.00010915714285714285	0.0003638571428571429	8.766764402389526	45524.246616363525
4454	1341.915975955027	1014.5	86.234130859375	0.14566304	0.00010911428571428573	0.0003637142857142858	13.90047812461853	45538.14862918854
4455	1325.5870916708611	1012.91	86.243408203125	0.1456607	0.00010907142857142855	0.00036357142857142854	8.75191330909729	45546.901906490326
4456	1333.2004932427078	1014.49	86.001220703125	0.14568865	0.00010902857142857143	0.00036342857142857146	14.27089548110962	45561.17340350151
4457	1339.578184738588	1014.18	86.009521484375	0.14565228	0.00010898571428571429	0.0003632857142857143	14.227539539337158	45575.40331220627
4458	1340.1621829691676	1018.06	86.26708984375	0.14564067	0.00010894285714285713	0.0003631428571428571	14.85790491104126	45590.26344180107
4459	1346.9027485249367	1020.26	85.53271484375	0.14560738	0.00010889999999999999	0.000363	13.783709287643433	45604.04905986786
4460	1344.7615884728198	1018.31	86.032958984375	0.14548676	0.00010885714285714285	0.0003628571428571429	14.318540096282959	45618.36824512482
4461	1354.6693456572852	1020.02	86.290771484375	0.14543138	0.00010881428571428572	0.00036271428571428576	12.462360620498657	45630.83307957649
4462	1349.9740349867059	1022.36	86.04345703125	0.14540975	0.00010877142857142856	0.00036257142857142857	8.77037239074707	45639.603994846344
4463	1344.703673245077	1024.0	86.056640625	0.14540116	0.00010872857142857142	0.00036242857142857143	9.3166344165802	45648.92343235016
4464	1339.4115721818284	1015.93	87.065185546875	0.14539249	0.00010868571428571428	0.00036228571428571435	8.66417407989502	45657.58814382553
4465	1321.6678981024559	1006.91	86.822998046875	0.14538312	0.00010864285714285712	0.0003621428571428571	8.586612224578857	45666.17567563057
4466	1343.7671756768602	1018.22	86.3310546875	0.1453736	0.00010859999999999998	0.000362	8.608001470565796	45674.78429222107
4467	1340.3839123859755	1010.7	86.339111328125	0.14536394	0.00010855714285714285	0.0003618571428571429	8.902029752731323	45683.68817138672
4468	1336.5324027891077	1012.09	86.596923828125	0.14535385	0.00010851428571428572	0.0003617142857142858	8.616317749023438	45692.304783821106
4469	1331.9209118813696	1008.53	85.854736328125	0.14527339	0.00010847142857142855	0.00036157142857142855	14.734349250793457	45707.04136943817
4470	1336.2348543653463	1018.74	86.348876953125	0.1452654	0.00010842857142857143	0.00036142857142857146	12.652811765670776	45719.696744441986
4471	1341.6671097888475	1016.18	86.119384765625	0.14530806	0.00010838571428571429	0.0003612857142857143	14.252915620803833	45733.98239350319
4472	1340.8404830511085	1016.57	85.87841796875	0.1453777	0.00010834285714285713	0.00036114285714285713	14.126569032669067	45748.11123418808
4473	1353.1709275192695	1024.0	86.12060546875	0.14537178	0.00010829999999999999	0.000361	9.134270906448364	45757.24636602402
4474	1337.8500857265344	1016.32	86.392333984375	0.14540482	0.00010825714285714285	0.0003608571428571429	13.982944011688232	45771.229959487915
4475	1339.3046936223527	1010.6	86.38671875	0.14540404	0.00010821428571428572	0.00036071428571428577	8.834502935409546	45780.067142248154
4476	1337.5080222577994	1020.14	86.408203125	0.14540385	0.00010817142857142855	0.0003605714285714286	8.596205949783325	45788.66390419006
4477	1354.6034041158875	1024.0	87.16455078125	0.14540415	0.00010812857142857142	0.00036042857142857144	9.295114278793335	45797.96368765831
4478	1351.8840352758725	1024.0	86.918701171875	0.14540598	0.00010808571428571428	0.00036028571428571435	9.262879610061646	45807.22712492943
4479	1329.0766077190208	1012.99	86.681884765625	0.14540677	0.00010804285714285712	0.0003601428571428571	8.994019031524658	45816.222727775574
4480	1351.9709204862238	1020.14	86.44091796875	0.14540063	0.00010799999999999998	0.00035999999999999997	9.1902015209198	45825.41346740723
4481	1360.0075729794053	1024.0	86.448486328125	0.1453973	0.00010795714285714286	0.0003598571428571429	8.856446743011475	45834.27061796188
4482	1350.5818637474365	1022.17	83.684814453125	0.14539297	0.00010791428571428572	0.00035971428571428575	8.648509502410889	45842.92237782478
4483	1358.7554651117698	1024.0	86.4248046875	0.14538784	0.00010787142857142855	0.00035957142857142855	8.585822343826294	45851.508902549744
4484	1355.4021432625968	1024.0	85.721435546875	0.14534529	0.00010782857142857142	0.0003594285714285714	13.424017667770386	45864.93361234665
4485	1318.1764714472886	998.88	85.47900390625	0.145357	0.00010778571428571429	0.00035928571428571433	14.2495756149292	45879.18721818924
4486	1350.8800437409716	1024.0	85.987060546875	0.14537407	0.00010774285714285712	0.0003591428571428571	14.004850387573242	45893.193185806274
4487	1351.2492528118714	1018.18	85.99560546875	0.14525995	0.00010769999999999999	0.000359	12.295347452163696	45905.49125647545
4488	1338.7548712562593	1015.98	86.50341796875	0.14525045	0.00010765714285714285	0.00035885714285714286	8.778192043304443	45914.26998472214
4489	1334.25146393612	1012.3	86.76171875	0.1452465	0.00010761428571428572	0.0003587142857142858	8.80095911026001	45923.07374739647
4490	1350.7892536122945	1022.18	86.76953125	0.14524284	0.00010757142857142855	0.00035857142857142853	8.634968042373657	45931.70934128761
4491	1340.4655884787169	1022.17	86.763916015625	0.14523904	0.00010752857142857142	0.00035842857142857144	8.615767002105713	45940.329439878464
4492	1329.3225042459171	1012.32	86.050537109375	0.14523655	0.00010748571428571428	0.0003582857142857143	9.283960580825806	45949.61406373978
4493	1362.3396940527557	1024.0	86.792724609375	0.14523512	0.00010744285714285712	0.0003581428571428571	8.66560673713684	45958.28317093849
4494	1342.7634646770414	1017.66	86.790283203125	0.14523394	0.00010739999999999998	0.000358	8.60812759399414	45966.891855716705
4495	1342.4708172093312	1015.16	86.058837890625	0.14518544	0.00010735714285714286	0.0003578571428571429	14.45395302772522	45981.34645104408
4496	1348.057702435793	1022.04	86.065185546875	0.14517695	0.00010731428571428572	0.00035771428571428575	9.139812707901001	45990.48955273628
4497	1359.4982041523815	1024.0	86.8154296875	0.14517401	0.00010727142857142856	0.00035757142857142856	9.039709568023682	45999.52949142456
4498	1339.3934204389775	1012.7	86.568359375	0.14517152	0.00010722857142857142	0.0003574285714285714	9.308521509170532	46008.83867549896
4499	1349.2258562775685	1014.78	86.589599609375	0.14516973	0.00010718571428571429	0.00035728571428571434	8.806663274765015	46017.64754700661
4500	1354.5265371974551	1016.21	86.84765625	0.14516878	0.00010714285714285712	0.0003571428571428571	8.638600587844849	46026.286798238754
4501	1316.5197398657515	1001.0	86.871337890625	0.1451668	0.00010709999999999999	0.000357	8.779032707214355	46035.06647276878
4502	1354.1064720668846	1024.0	86.86181640625	0.14516632	0.00010705714285714285	0.00035685714285714287	8.966997146606445	46044.035840034485
4503	1360.2074749503536	1024.0	86.871337890625	0.1451664	0.00010701428571428572	0.0003567142857142858	8.630261182785034	46052.66686630249
4504	1349.840810272461	1024.0	86.12890625	0.14510216	0.00010697142857142855	0.00035657142857142853	11.991338968276978	46064.658879995346
4505	1346.7957677717684	1023.95	86.137451171875	0.14496936	0.00010692857142857142	0.00035642857142857145	13.244994401931763	46077.90823125839
4506	1353.7022872416192	1024.0	86.645263671875	0.14493948	0.00010688571428571428	0.0003562857142857143	11.847579717636108	46089.75699877739
4507	1342.3227199569342	1018.09	86.63916015625	0.14493787	0.00010684285714285712	0.0003561428571428571	9.48119330406189	46099.241304636
4508	1352.2308717701637	1024.0	86.41064453125	0.1448657	0.00010679999999999998	0.000356	25.90852427482605	46125.15039014816
4509	1342.2115679680794	1024.0	85.930419921875	0.14480214	0.00010675714285714286	0.0003558571428571429	23.557929277420044	46148.710570812225
4510	1323.722598209634	1002.61	86.67529296875	0.14480244	0.00010671428571428572	0.00035571428571428576	9.51699686050415	46158.22939515114
4511	1353.331849441008	1024.0	86.6845703125	0.14467035	0.00010667142857142856	0.00035557142857142856	13.638933897018433	46171.86885881424
4512	1361.5892796749922	1024.0	86.2080078125	0.14464669	0.00010662857142857142	0.0003554285714285714	11.901403903961182	46183.77312326431
4513	1362.3543737107102	1024.0	86.451416015625	0.14463623	0.00010658571428571429	0.00035528571428571434	8.956890344619751	46192.73180246353
4514	1358.061897292439	1024.0	86.707763671875	0.14463192	0.00010654285714285712	0.0003551428571428571	8.607218265533447	46201.33957695961
4515	1356.3483012956206	1024.0	87.217041015625	0.14462698	0.00010649999999999999	0.000355	8.607504844665527	46209.94760346413
4516	1348.54235161605	1014.54	86.713134765625	0.144623	0.00010645714285714285	0.00035485714285714287	9.28918194770813	46219.23794221878
4517	1347.6117419031057	1014.13	86.982666015625	0.14461747	0.00010641428571428571	0.0003547142857142858	9.046175003051758	46228.28475522995
4518	1336.9634570931387	1016.12	86.865478515625	0.14461161	0.00010637142857142855	0.00035457142857142854	8.64057970046997	46236.92931199074
4519	1339.1399972299914	1016.35	87.12353515625	0.14460655	0.00010632857142857141	0.00035442857142857146	9.308346509933472	46246.23827672005
4520	1359.0926779560657	1024.0	86.88134765625	0.14456496	0.00010628571428571428	0.0003542857142857143	12.472398042678833	46258.71280050278
4521	1353.7771867700897	1024.0	86.88720703125	0.1444307	0.00010624285714285712	0.0003541428571428571	12.97719693183899	46271.690519332886
4522	1347.7291636684618	1024.0	86.8955078125	0.14442727	0.00010619999999999998	0.000354	14.365213871002197	46286.05692911148
4523	1348.9722137856415	1014.45	86.892822265625	0.14433275	0.00010615714285714286	0.0003538571428571429	13.744615077972412	46299.80386924744
4524	1352.7320634379128	1022.08	86.42626953125	0.14424537	0.00010611428571428572	0.00035371428571428576	14.189359903335571	46313.99375247955
4525	1355.169454883853	1018.05	86.669189453125	0.14423974	0.00010607142857142856	0.00035357142857142857	9.473437786102295	46323.46948194504
4526	1351.9409442181998	1022.22	87.17724609375	0.14420347	0.00010602857142857142	0.00035342857142857143	14.505604267120361	46337.975694179535
4527	1342.5935846388686	1014.21	86.43505859375	0.14412718	0.00010598571428571428	0.00035328571428571435	14.67659044265747	46352.656014204025
4528	1321.8199468624953	1008.44	86.192626953125	0.14413153	0.00010594285714285712	0.0003531428571428571	14.903456926345825	46367.56124472618
4529	1353.1307158437653	1024.0	86.950927734375	0.14410926	0.00010589999999999999	0.00035299999999999996	15.360455751419067	46382.923568725586
4530	1354.3865251626892	1024.0	86.709716796875	0.14401728	0.00010585714285714285	0.0003528571428571429	12.958980321884155	46395.88319396973
4531	1359.1344269627307	1024.0	86.96728515625	0.14404431	0.00010581428571428571	0.0003527142857142858	13.01390790939331	46408.9024078846
4532	1337.163299639929	1012.11	86.225341796875	0.14410955	0.00010577142857142855	0.00035257142857142855	14.177499294281006	46423.08269071579
4533	1355.2531700212342	1024.0	86.73291015625	0.14398594	0.00010572857142857141	0.0003524285714285714	14.148697137832642	46437.23414230347
4534	1359.5194002845255	1024.0	86.26416015625	0.14398047	0.00010568571428571429	0.0003522857142857143	8.787912845611572	46446.023871421814
4535	1352.85637985739	1022.31	86.24853515625	0.14394937	0.00010564285714285711	0.0003521428571428571	14.140007972717285	46460.164501190186
4536	1356.3197475460202	1016.29	87.006591796875	0.14396004	0.00010559999999999998	0.000352	9.136459827423096	46469.30560541153
4537	1352.1714491388705	1024.0	86.51416015625	0.14387713	0.00010555714285714286	0.00035185714285714285	14.35690450668335	46483.663051366806
4538	1348.4376418772483	1020.14	87.0224609375	0.14379948	0.00010551428571428572	0.00035171428571428577	13.939860343933105	46497.60444378853
4539	1347.7286232753113	1019.98	86.529052734375	0.14379613	0.00010547142857142856	0.0003515714285714285	8.837895393371582	46506.44321346283
4540	1359.397236646553	1024.0	84.267333984375	0.14379297	0.00010542857142857142	0.00035142857142857144	8.839357614517212	46515.28314638138
4541	1351.8583620478703	1020.25	87.29345703125	0.14379063	0.00010538571428571428	0.0003512857142857143	8.698992729187012	46523.98283815384
4542	1355.3729766594042	1024.0	87.2880859375	0.14378767	0.00010534285714285712	0.0003511428571428571	8.655885457992554	46532.640692949295
4543	1358.5330778846246	1016.85	87.05419921875	0.14378592	0.00010529999999999998	0.00035099999999999997	9.087993383407593	46541.72928762436
4544	1340.3242619146718	1011.29	86.8203125	0.14378443	0.00010525714285714285	0.0003508571428571429	9.0357027053833	46550.76745843887
4545	1354.7974070078396	1024.0	86.8251953125	0.14379118	0.00010521428571428571	0.00035071428571428574	12.670013427734375	46563.43800711632
4546	1360.5303717683064	1024.0	86.582763671875	0.14379548	0.00010517142857142855	0.00035057142857142855	8.942814826965332	46572.38435482979
4547	1355.3506760081284	1016.19	86.842041015625	0.14367281	0.00010512857142857141	0.0003504285714285714	14.490755796432495	46586.875646829605
4548	1349.9039126115406	1022.45	86.35009765625	0.14367422	0.00010508571428571429	0.00035028571428571433	14.384137153625488	46601.260863780975
4549	1352.8360757687142	1020.31	86.6435546875	0.14360748	0.00010504285714285711	0.0003501428571428571	13.709090948104858	46614.971500873566
4550	1365.3939624509514	1024.0	86.615966796875	0.14351769	0.00010499999999999999	0.00035	14.535096883773804	46629.50714659691
4551	1358.4559612253295	1022.51	87.12451171875	0.14347838	0.00010495714285714285	0.00034985714285714286	14.057439804077148	46643.56850075722
4552	1353.0698515994545	1015.94	86.3818359375	0.14357772	0.00010491428571428572	0.0003497142857142858	14.249127626419067	46657.818953990936
4553	1360.5543721803467	1024.0	86.65087890625	0.143481	0.00010487142857142856	0.0003495714285714285	14.700634956359863	46672.52014040947
4554	1360.2435333133276	1024.0	87.648193359375	0.14348313	0.00010482857142857142	0.00034942857142857144	8.950332403182983	46681.47172784805
4555	1340.337369732697	1010.75	86.656005859375	0.14335205	0.00010478571428571428	0.0003492857142857143	14.83841872215271	46696.310769319534
4556	1359.7700328445083	1020.7	86.4140625	0.14334778	0.00010474285714285712	0.0003491428571428571	14.656288146972656	46710.97051405907
4557	1348.867573514985	1022.48	86.921630859375	0.1433472	0.00010469999999999998	0.00034899999999999997	8.82669186592102	46719.797756910324
4558	1368.369546209704	1022.18	87.4296875	0.14334798	0.00010465714285714285	0.0003488571428571429	9.376744031906128	46729.17632508278
4559	1356.0578200164903	1018.11	87.4375	0.14334726	0.00010461428571428571	0.00034871428571428575	8.665523529052734	46737.84249711037
4560	1360.386256729545	1024.0	86.945068359375	0.1433459	0.00010457142857142855	0.00034857142857142856	8.656854629516602	46746.50033760071
4561	1336.1217077574306	1010.25	87.45361328125	0.14334594	0.00010452857142857141	0.0003484285714285714	9.214244842529297	46755.71520233154
4562	1364.8347236744967	1024.0	87.4609375	0.14334473	0.00010448571428571429	0.00034828571428571433	8.695255041122437	46764.412289857864
4563	1335.9877396291863	1006.76	87.4697265625	0.14334382	0.00010444285714285715	0.0003481428571428572	8.616705179214478	46773.0295920372
4564	1357.5464549180358	1024.0	87.727783203125	0.1433439	0.00010439999999999999	0.000348	8.653591632843018	46781.68383169174
4565	1360.7172763442766	1024.0	86.9853515625	0.14326178	0.00010435714285714285	0.00034785714285714286	14.155176401138306	46795.8409383297
4566	1337.488268927276	1012.97	86.993896484375	0.14319366	0.00010431428571428572	0.0003477142857142858	20.58952832221985	46816.43182182312
4567	1356.0571629889082	1024.0	87.24951171875	0.14319062	0.00010427142857142855	0.00034757142857142853	9.64554238319397	46826.07922887802
4568	1352.9501338109453	1019.26	86.7578125	0.14316277	0.00010422857142857142	0.00034742857142857145	14.183036804199219	46840.26287603378
4569	1333.6123324258149	1012.21	86.801025390625	0.14311379	0.00010418571428571428	0.0003472857142857143	15.051595211029053	46855.31509613991
4570	1350.6479980546367	1014.25	87.023193359375	0.14308046	0.00010414285714285715	0.0003471428571428572	13.910406351089478	46869.22731089592
4571	1358.3724247320008	1023.95	87.03125	0.14309208	0.00010409999999999998	0.000347	9.486951112747192	46878.71633076668
4572	1362.0623922050343	1022.22	87.5390625	0.14309484	0.00010405714285714285	0.0003468571428571429	8.701815366744995	46887.418711185455
4573	1358.1599231932314	1023.98	87.547119140625	0.14309815	0.00010401428571428571	0.00034671428571428575	8.658209323883057	46896.077536821365
4574	1369.6055813593746	1024.0	87.554931640625	0.14310253	0.00010397142857142855	0.00034657142857142856	8.628478288650513	46904.70863318443
4575	1357.3950171659462	1018.01	87.562255859375	0.14310406	0.00010392857142857141	0.0003464285714285714	8.821746587753296	46913.53099775314
4576	1361.7832447535548	1024.0	87.82080078125	0.14310442	0.00010388571428571429	0.00034628571428571434	8.843669891357422	46922.376601696014
4577	1349.423588045991	1012.34	87.828857421875	0.14310466	0.00010384285714285715	0.0003461428571428572	8.641014337539673	46931.018184900284
4578	1346.5325239198366	1012.6	87.324462890625	0.1431056	0.00010379999999999999	0.000346	9.396069765090942	46940.41486954689
4579	1342.0882146996207	1002.05	87.095458984375	0.1430965	0.00010375714285714285	0.00034585714285714287	9.212556838989258	46949.62886071205
4580	1361.4032134407937	1018.19	86.853271484375	0.14313118	0.00010371428571428572	0.0003457142857142858	13.72821044921875	46963.357630729675
4581	1365.8096313537958	1024.0	87.861083984375	0.1431093	0.00010367142857142855	0.00034557142857142854	9.201128721237183	46972.56112909317
4582	1360.0756665781423	1024.0	87.733642578125	0.14310287	0.00010362857142857142	0.0003454285714285714	8.722436904907227	46981.284110069275
4583	1346.5055494351939	1013.95	87.751953125	0.14309807	0.00010358571428571428	0.0003452857142857143	8.623039722442627	46989.90768575668
4584	1349.8248558839964	1012.98	87.759765625	0.14309256	0.00010354285714285714	0.0003451428571428572	9.365216255187988	46999.27556848526
4585	1351.711757016911	1018.56	87.767578125	0.14308737	0.00010349999999999998	0.000345	8.715162992477417	47007.99127793312
4586	1372.1561230007346	1024.0	87.51513671875	0.14290981	0.00010345714285714285	0.00034485714285714284	12.478877782821655	47020.47069525719
4587	1340.6195759924221	1008.53	87.783447265625	0.14290453	0.00010341428571428572	0.00034471428571428576	9.459291458129883	47029.93190765381
4588	1367.9728757587116	1022.0	87.565185546875	0.14278589	0.00010337142857142855	0.0003445714285714285	13.140501022338867	47043.072954416275
4589	1352.2293530272686	1015.07	87.04931640625	0.14277793	0.00010332857142857141	0.00034442857142857143	8.795350074768066	47051.87240791321
4590	1346.363772868042	1011.91	87.795654296875	0.14277412	0.00010328571428571429	0.0003442857142857143	8.920932292938232	47060.793872356415
4591	1358.570089422124	1016.62	87.56298828125	0.14277118	0.00010324285714285715	0.0003441428571428572	9.547516584396362	47070.342007398605
4592	1352.0215050897618	1016.09	87.82080078125	0.1427679	0.00010319999999999999	0.00034399999999999996	8.653441667556763	47078.99755239487
4593	1354.194462092083	1024.0	87.57861328125	0.14276625	0.00010315714285714285	0.0003438571428571429	9.368364334106445	47088.366639852524
4594	1357.227443582919	1020.18	87.837158203125	0.14276496	0.00010311428571428572	0.00034371428571428574	8.653823614120483	47097.02100157738
4595	1349.5747755052848	1018.04	87.610595703125	0.14276327	0.00010307142857142855	0.00034357142857142854	8.647121667861938	47105.66879749298
4596	1357.3498991954468	1008.43	86.603759765625	0.1426752	0.00010302857142857142	0.0003434285714285714	14.915175437927246	47120.586022377014
4597	1355.7040812673542	1018.18	84.84033203125	0.14252685	0.00010298571428571428	0.0003432857142857143	14.030488967895508	47134.61797595024
4598	1346.3199241998893	1014.62	86.407958984375	0.14257126	0.00010294285714285714	0.0003431428571428572	14.785261154174805	47149.403804540634
4599	1350.9570696503565	1015.94	87.375	0.14261483	0.00010289999999999998	0.000343	13.930296659469604	47163.33489894867
4600	1331.2108714727103	1008.74	87.38134765625	0.14261034	0.00010285714285714284	0.00034285714285714285	8.87500786781311	47172.21139335632
4601	1350.1034512614256	1016.18	87.642578125	0.14251433	0.00010281428571428572	0.00034271428571428577	14.256736993789673	47186.46916270256
4602	1331.367686360823	1008.85	87.650634765625	0.14250301	0.00010277142857142854	0.0003425714285714285	8.76414680480957	47195.233936071396
4603	1343.9743875341526	1010.53	87.658203125	0.14248003	0.00010272857142857142	0.00034242857142857143	13.328207015991211	47208.56412601471
4604	1336.7731811066728	1002.44	87.666015625	0.14247023	0.00010268571428571429	0.0003422857142857143	8.83259105682373	47217.40050768852
4605	1350.1593290487926	1018.0	88.17431640625	0.14246504	0.00010264285714285715	0.0003421428571428572	8.653759241104126	47226.05479812622
4606	1357.7112319802745	1019.05	87.93212890625	0.14245996	0.00010259999999999999	0.00034199999999999996	8.647136926651001	47234.70337724686
4607	1360.9299471634595	1022.08	87.927001953125	0.14245437	0.00010255714285714285	0.0003418571428571429	8.802242755889893	47243.5063021183
4608	1357.7511271578176	1022.88	87.9423828125	0.1424478	0.00010251428571428571	0.00034171428571428574	8.703372716903687	47252.21145892143
4609	1346.9138772471154	1016.29	87.955810546875	0.14240672	0.00010247142857142855	0.00034157142857142855	14.363850593566895	47266.57586359978
4610	1360.5108448778815	1018.64	87.713623046875	0.14226179	0.00010242857142857141	0.0003414285714285714	13.21433138847351	47279.79175591469
4611	1360.6118210363773	1024.0	87.720947265625	0.14217634	0.00010238571428571428	0.0003412857142857143	13.17697811126709	47292.970026016235
4612	1357.9400803106616	1022.15	87.72900390625	0.14212492	0.00010234285714285714	0.0003411428571428572	13.825023651123047	47306.79720401764
4613	1350.5134906674002	1020.31	87.487060546875	0.14212005	0.00010229999999999998	0.000341	8.787778377532959	47315.58552765846
4614	1358.1767974055124	1014.37	87.492919921875	0.14210738	0.00010225714285714284	0.00034085714285714286	14.958272218704224	47330.545716524124
4615	1348.938974651776	1014.31	87.502685546875	0.14200436	0.00010221428571428572	0.00034071428571428577	14.27729606628418	47344.82417345047
4616	1328.373856900898	1000.68	87.5107421875	0.1418979	0.00010217142857142854	0.0003405714285714285	15.19572925567627	47360.02389407158
4617	1359.8101929465024	1024.0	87.7685546875	0.14189436	0.00010212857142857142	0.00034042857142857144	13.041882753372192	47373.06764602661
4618	1350.205198701468	1010.13	87.77587890625	0.14183389	0.00010208571428571429	0.0003402857142857143	13.423456192016602	47386.4927842617
4619	1350.5040564894507	1022.4	87.784423828125	0.14195098	0.00010204285714285715	0.0003401428571428572	14.450480699539185	47400.94382691383
4620	1350.076250402177	1012.4	87.792236328125	0.14191931	0.00010199999999999999	0.00033999999999999997	13.664706707000732	47414.61188530922
4621	1331.821913530144	1002.22	87.7998046875	0.14189832	0.00010195714285714285	0.0003398571428571429	14.792130470275879	47429.40759444237
4622	1375.4604304018494	1024.0	88.05810546875	0.14183174	0.00010191428571428571	0.00033971428571428575	13.630763530731201	47443.03964114189
4623	1351.8047989281529	1018.17	88.06591796875	0.14182636	0.00010187142857142855	0.00033957142857142855	8.895225524902344	47451.93546080589
4624	1354.275912302571	1014.15	87.82373046875	0.14172147	0.00010182857142857141	0.0003394285714285714	12.844279766082764	47464.7802863121
4625	1344.7267692029743	1014.22	87.83154296875	0.1417222	0.00010178571428571428	0.00033928571428571433	9.853243112564087	47474.63573098183
4626	1322.5963026330055	994.94	88.08642578125	0.14172117	0.00010174285714285714	0.0003391428571428572	8.770519018173218	47483.40648937225
4627	1356.946865677484	1022.15	88.09765625	0.14171807	0.00010169999999999998	0.000339	8.72060513496399	47492.129586696625
4628	1358.4336596259727	1018.01	88.103759765625	0.14171378	0.00010165714285714284	0.00033885714285714286	8.660842418670654	47500.790974378586
4629	1344.8263600057026	1012.33	88.1142578125	0.14171064	0.00010161428571428572	0.0003387142857142858	9.4844810962677	47510.275710105896
4630	1336.7109567434077	1003.99	88.12109375	0.14170732	0.00010157142857142854	0.00033857142857142853	8.795918226242065	47519.07524108887
4631	1367.7469673596215	1018.09	88.128662109375	0.14170344	0.00010152857142857142	0.00033842857142857145	9.09646487236023	47528.17245864868
4632	1365.1796249847675	1024.0	88.136474609375	0.1416994	0.00010148571428571428	0.0003382857142857143	10.015326976776123	47538.18840622902
4633	1351.4337733734494	1018.15	87.89453125	0.14177115	0.00010144285714285715	0.0003381428571428572	14.53406310081482	47552.72475886345
4634	1348.2313881047332	1012.51	87.90234375	0.14166565	0.00010139999999999998	0.000338	14.36799931526184	47567.095499038696
4635	1352.4489586225889	1018.07	87.91015625	0.14165205	0.00010135714285714285	0.00033785714285714284	8.832648992538452	47575.92985486984
4636	1345.7410912174257	1020.13	88.668212890625	0.14164592	0.00010131428571428571	0.00033771428571428575	8.662642478942871	47584.59308004379
4637	1354.239484900201	1019.99	87.92578125	0.1416394	0.00010127142857142855	0.0003375714285714285	8.73317265510559	47593.32937645912
4638	1353.8933733934055	1016.7	88.18408203125	0.14163215	0.00010122857142857141	0.0003374285714285714	8.900410175323486	47602.23033475876
4639	1352.8343100532584	1024.0	88.190673828125	0.14162546	0.00010118571428571428	0.0003372857142857143	8.68035888671875	47610.91287255287
4640	1326.0754439912482	996.97	87.949951171875	0.14162025	0.00010114285714285715	0.0003371428571428572	8.685270547866821	47619.5986802578
4641	1336.4543631172785	1012.77	88.457763671875	0.14161602	0.00010109999999999998	0.00033699999999999995	9.330866575241089	47628.9306769371
4642	1340.669326033386	1010.32	87.965576171875	0.14157467	0.00010105714285714284	0.00033685714285714287	14.3240647315979	47643.25538086891
4643	1347.6726529732293	1014.25	87.973388671875	0.14142025	0.00010101428571428572	0.00033671428571428573	14.063161849975586	47657.320342063904
4644	1356.049066454546	1016.18	87.23974609375	0.1415022	0.00010097142857142854	0.00033657142857142854	16.105205059051514	47673.427485227585
4645	1344.0545905108186	1020.02	87.988525390625	0.1414784	0.00010092857142857142	0.0003364285714285714	14.19018840789795	47687.62295484543
4646	1337.90368509619	1010.61	88.1220703125	0.14149222	0.00010088571428571428	0.0003362857142857143	14.288488626480103	47701.91198015213
4647	1346.6439387775981	1014.8	88.130859375	0.14141853	0.00010084285714285715	0.0003361428571428572	15.278778791427612	47717.19156551361
4648	1334.1529427879161	1012.21	88.138427734375	0.14125104	0.00010079999999999998	0.000336	12.871153354644775	47730.06591677666
4649	1348.8389677490036	1008.79	88.396484375	0.1412179	0.00010075714285714285	0.00033585714285714284	8.968612432479858	47739.036179065704
4650	1363.5933810800793	1016.51	88.904052734375	0.1412098	0.00010071428571428571	0.00033571428571428576	11.704747438430786	47750.74200463295
4651	1338.2775809372458	1010.48	88.911865234375	0.14120284	0.00010067142857142855	0.0003355714285714285	12.1072518825531	47762.85189080238
4652	1360.4872215927396	1018.09	88.919921875	0.1411974	0.00010062857142857141	0.0003354285714285714	8.664661407470703	47771.52130770683
4653	1350.7690206663601	1022.25	88.92626953125	0.1411906	0.00010058571428571428	0.0003352857142857143	11.8618643283844	47783.3838493824
4654	1367.9677525219952	1020.22	88.9345703125	0.14118348	0.00010054285714285715	0.0003351428571428572	8.962910890579224	47792.34782290459
4655	1357.8351359275737	1017.92	85.423828125	0.14113896	0.00010049999999999998	0.00033499999999999996	8.990073680877686	47801.33842396736
4656	1357.0034168158265	1020.24	88.2001953125	0.14113307	0.00010045714285714285	0.00033485714285714287	9.253439664840698	47810.59250211716
4657	1368.2204452552148	1022.45	88.457763671875	0.14112772	0.00010041428571428572	0.00033471428571428573	8.656220197677612	47819.252591609955
4658	1355.0778726109281	1019.95	87.98095703125	0.14110984	0.00010037142857142854	0.00033457142857142854	8.795366287231445	47828.04863810539
4659	1370.0539289451376	1020.06	88.4736328125	0.14110558	0.00010032857142857142	0.0003344285714285714	9.73122787475586	47837.78040647507
4660	1368.811178149694	1024.0	88.481201171875	0.14110085	0.00010028571428571428	0.0003342857142857143	8.650695085525513	47846.43256735802
4661	1361.1610609160032	1014.84	88.2412109375	0.14109683	0.00010024285714285715	0.0003341428571428572	8.636664628982544	47855.06989622116
4662	1341.0920914977626	1007.32	88.4990234375	0.14109306	0.00010019999999999998	0.000334	8.630646228790283	47863.7025282383
4663	1371.520228353903	1024.0	88.2568359375	0.1410884	0.00010015714285714285	0.00033385714285714285	8.765654563903809	47872.468804597855
4664	1359.985480334943	1024.0	88.280517578125	0.14108439	0.00010011428571428571	0.00033371428571428576	8.677539587020874	47881.14705014229
4665	1362.231812919827	1024.0	88.022705078125	0.14094053	0.00010007142857142855	0.0003335714285714285	9.305614233016968	47890.45513057709
4666	1366.9981137938403	1024.0	88.28076171875	0.14093171	0.00010002857142857141	0.00033342857142857143	9.493548154830933	47899.94931316376
4667	1348.7410448168341	1013.39	88.061767578125	0.14099647	9.998571428571427e-05	0.0003332857142857143	14.720685958862305	47914.67179775238
4668	1353.650128160826	1018.16	88.069580078125	0.14086853	9.994285714285715e-05	0.0003331428571428572	14.265950918197632	47928.938287973404
4669	1351.5956016819298	1014.11	88.07763671875	0.14062046	9.989999999999998e-05	0.00033299999999999996	14.286118507385254	47943.22808814049
4670	1348.515413553221	1014.14	88.08544921875	0.14053226	9.985714285714285e-05	0.0003328571428571429	14.906484842300415	47958.13704061508
4671	1367.2183812150083	1024.0	88.34326171875	0.14051102	9.981428571428572e-05	0.00033271428571428574	12.482778310775757	47970.62037754059
4672	1369.0622120495689	1024.0	88.10107421875	0.14045304	9.977142857142855e-05	0.00033257142857142855	9.137904405593872	47979.75998425484
4673	1371.6867279636351	1024.0	88.10888671875	0.1404457	9.972857142857142e-05	0.0003324285714285714	9.338265180587769	47989.09878921509
4674	1350.3868170818137	1009.45	88.3671875	0.14043951	9.968571428571428e-05	0.0003322857142857143	8.641637325286865	47997.74110341072
4675	1356.1429271232746	1020.45	88.36962890625	0.14043222	9.964285714285714e-05	0.0003321428571428572	8.604244947433472	48006.349860191345
4676	1363.8351338731402	1024.0	88.382568359375	0.14042528	9.959999999999998e-05	0.000332	8.945555925369263	48015.29602408409
4677	1360.6953865909265	1022.32	88.13623046875	0.14027095	9.955714285714285e-05	0.00033185714285714285	13.098937749862671	48028.39708685875
4678	1372.2912907435787	1024.0	87.8974609375	0.14020629	9.951428571428571e-05	0.00033171428571428577	12.726628541946411	48041.124990940094
4679	1357.848671928234	1024.0	87.9052734375	0.1401261	9.947142857142855e-05	0.0003315714285714285	14.938729286193848	48056.064345121384
4680	1351.9705904426996	1014.12	88.1630859375	0.14014673	9.942857142857141e-05	0.00033142857142857144	12.738281011581421	48068.803911447525
4681	1359.6475046420956	1024.0	88.1708984375	0.14005513	9.938571428571427e-05	0.0003312857142857143	13.73128890991211	48082.5386903286
4682	1354.567946110404	1014.36	88.1787109375	0.14005621	9.934285714285715e-05	0.0003311428571428572	8.870102643966675	48091.411771297455
4683	1372.269183381573	1024.0	88.1865234375	0.14006145	9.929999999999997e-05	0.00033099999999999997	14.641392707824707	48106.053699970245
4684	1360.3139122068565	1016.89	88.1943359375	0.13997196	9.925714285714285e-05	0.00033085714285714283	14.291301250457764	48120.34811258316
4685	1374.1789823937722	1024.0	88.202392578125	0.13987398	9.921428571428572e-05	0.00033071428571428575	13.021832704544067	48133.3719060421
4686	1370.1801209124405	1024.0	88.210205078125	0.13981844	9.917142857142855e-05	0.0003305714285714285	14.11292314529419	48147.4853720665
4687	1357.4055347621727	1020.05	88.218505859375	0.13980329	9.912857142857142e-05	0.0003304285714285714	14.224109888076782	48161.712510347366
4688	1358.052007530058	1024.0	88.22607421875	0.13977887	9.908571428571428e-05	0.0003302857142857143	13.511474132537842	48175.22541856766
4689	1364.414256562829	1024.0	88.48388671875	0.13968225	9.904285714285714e-05	0.0003301428571428572	12.539541482925415	48187.766984939575
4690	1367.0927528513816	1017.4	88.241943359375	0.13969429	9.899999999999998e-05	0.00032999999999999994	14.93290376663208	48202.7025179863
4691	1356.3557470383384	1024.0	88.498779296875	0.1397088	9.895714285714284e-05	0.00032985714285714286	13.120980024337769	48215.82533788681
4692	1362.8430887085751	1019.96	88.5078125	0.13970555	9.891428571428571e-05	0.0003297142857142857	8.800129413604736	48224.62859225273
4693	1338.6668460935352	1006.29	88.515380859375	0.13968188	9.887142857142859e-05	0.00032957142857142864	14.33376431465149	48238.96304297447
4694	1361.7782082626372	1018.89	88.274169921875	0.13953184	9.882857142857141e-05	0.0003294285714285714	13.257630586624146	48252.22368192673
4695	1364.4542816634084	1024.0	88.5322265625	0.13944148	9.878571428571427e-05	0.0003292857142857143	14.796652555465698	48267.02189874649
4696	1351.3524941937887	1014.32	88.5390625	0.13943256	9.874285714285715e-05	0.00032914285714285717	13.607454538345337	48280.62988328934
4697	1339.2565956735139	1004.36	88.046875	0.13937335	9.869999999999997e-05	0.000329	14.943747282028198	48295.574343919754
4698	1344.708925267362	1010.46	88.5546875	0.13931058	9.865714285714285e-05	0.00032885714285714284	13.401464462280273	48308.97595381737
4699	1353.551853380608	1012.5	88.3125	0.1393677	9.861428571428571e-05	0.00032871428571428575	15.037106037139893	48324.015820264816
4700	1355.3076958003046	1016.42	88.568359375	0.13935307	9.857142857142858e-05	0.0003285714285714286	8.831954717636108	48332.84939336777
4701	1364.9041065604833	1020.62	88.578369140625	0.13926168	9.852857142857142e-05	0.0003284285714285714	14.919939994812012	48347.76999139786
4702	1353.2539980237984	1008.02	88.58642578125	0.13911921	9.848571428571428e-05	0.0003282857142857143	13.913599014282227	48361.68670582771
4703	1359.6912020198206	1020.71	88.84423828125	0.1390454	9.844285714285714e-05	0.0003281428571428572	14.715881109237671	48376.405742406845
4704	1357.8773284118238	1018.09	88.351806640625	0.1388964	9.839999999999998e-05	0.00032799999999999995	13.987658739089966	48390.39604496956
4705	1337.4950429196224	998.31	88.10986328125	0.13885723	9.835714285714284e-05	0.00032785714285714287	13.187571287155151	48403.58420372009
4706	1358.7390699180064	1016.81	88.86767578125	0.13885818	9.831428571428571e-05	0.0003277142857142857	8.932332992553711	48412.52087187767
4707	1340.6731022553017	1006.92	89.121337890625	0.13885148	9.827142857142858e-05	0.00032757142857142864	12.509426832199097	48425.03093290329
4708	1340.9673024245453	1007.24	88.8837890625	0.13884805	9.822857142857141e-05	0.0003274285714285714	8.804035663604736	48433.83652329445
4709	1353.4927437231358	1010.56	89.3916015625	0.1386574	9.818571428571429e-05	0.0003272857142857143	14.028619766235352	48447.86578178406
4710	1347.9122838236456	1014.67	88.7744140625	0.13866317	9.814285714285715e-05	0.00032714285714285717	14.253463983535767	48462.12277293205
4711	1367.1749905994193	1024.0	89.032958984375	0.1388719	9.809999999999997e-05	0.000327	13.723820924758911	48475.84860420227
4712	1373.7551786904933	1024.0	85.998291015625	0.13887335	9.805714285714285e-05	0.00032685714285714284	8.928840398788452	48484.77874660492
4713	1352.2907082160573	1018.08	88.801025390625	0.1388725	9.801428571428571e-05	0.00032671428571428576	8.706089973449707	48493.4853785038
4714	1370.8082805475833	1024.0	88.794921875	0.13887298	9.797142857142858e-05	0.0003265714285714286	9.95878553390503	48503.44644474983
4715	1350.7166139800704	1015.4	89.0390625	0.13887358	9.792857142857141e-05	0.0003264285714285714	9.219164609909058	48512.66617035866
4716	1343.914092273711	1014.54	88.79736328125	0.13887511	9.788571428571428e-05	0.0003262857142857143	8.819724798202515	48521.48645591736
4717	1346.8608242677262	1016.2	89.05517578125	0.1388755	9.784285714285714e-05	0.0003261428571428572	9.256711959838867	48530.7455496788
4718	1357.2780660155595	1024.0	89.06298828125	0.13887605	9.779999999999998e-05	0.00032599999999999996	8.685322046279907	48539.431458473206
4719	1357.1901358097132	1018.1	89.071044921875	0.1388755	9.775714285714284e-05	0.00032585714285714287	8.7014901638031	48548.13364171982
4720	1366.8712827269278	1024.0	88.328125	0.13882935	9.77142857142857e-05	0.00032571428571428573	9.777735948562622	48557.91365289688
4721	1335.884005758639	1010.17	87.836669921875	0.13887882	9.767142857142858e-05	0.00032557142857142865	13.244347095489502	48571.158544540405
4722	1356.623639847231	1024.0	88.8447265625	0.13887678	9.76285714285714e-05	0.0003254285714285714	13.165024757385254	48584.32619547844
4723	1352.75070577423	1024.0	88.6025390625	0.13887511	9.758571428571428e-05	0.0003252857142857143	9.006951332092285	48593.33372974396
4724	1355.8840840534053	1014.65	89.110595703125	0.13887426	9.754285714285715e-05	0.0003251428571428572	8.742104768753052	48602.07726454735
4725	1363.9969889692552	1022.0	89.11865234375	0.13887335	9.749999999999998e-05	0.000325	8.674094438552856	48610.75193190575
4726	1353.0177211877237	1021.12	89.126220703125	0.13887289	9.745714285714285e-05	0.00032485714285714285	9.379876375198364	48620.13445568085
4727	1334.6781288938228	1008.21	89.134521484375	0.13887267	9.741428571428571e-05	0.00032471428571428576	8.977547883987427	48629.11257600784
4728	1343.4641279921498	1014.1	89.143310546875	0.13887234	9.737142857142858e-05	0.0003245714285714286	8.696645259857178	48637.813858270645
4729	1334.375532032176	1014.08	88.401611328125	0.1388472	9.732857142857141e-05	0.00032442857142857143	14.338270425796509	48652.15281486511
4730	1352.744584176321	1024.0	88.9091796875	0.13883497	9.728571428571428e-05	0.0003242857142857143	13.635701417922974	48665.798508644104
4731	1347.8677266274747	1020.09	88.4287109375	0.13889778	9.724285714285714e-05	0.0003241428571428572	14.552040100097656	48680.35109949112
4732	1338.65861890475	1016.88	88.914794921875	0.13890427	9.719999999999998e-05	0.00032399999999999996	8.795739889144897	48689.149548769
4733	1329.5608419573016	1014.23	88.182373046875	0.13885169	9.715714285714284e-05	0.0003238571428571429	14.287106275558472	48703.43726396561
4734	1338.8184820214017	1014.24	88.940673828125	0.13877721	9.71142857142857e-05	0.00032371428571428574	14.26344108581543	48717.70211982727
4735	1357.3086741828533	1024.0	87.943359375	0.13878107	9.707142857142858e-05	0.00032357142857142865	12.939568281173706	48730.642226457596
4736	1307.7680093855627	994.8	88.740478515625	0.13859656	9.70285714285714e-05	0.0003234285714285714	16.35917377471924	48747.00502419472
4737	1319.0257600451473	1010.27	87.469970703125	0.13855985	9.698571428571428e-05	0.00032328571428571427	13.528828144073486	48760.535521030426
4738	1335.7996494565634	1012.53	88.228271484375	0.13858493	9.694285714285715e-05	0.0003231428571428572	14.411706447601318	48774.94900774956
4739	1344.4227455814255	1016.1	88.490234375	0.13851297	9.689999999999998e-05	0.00032299999999999994	13.878270387649536	48788.830693244934
4740	1352.1973839625161	1022.12	88.736083984375	0.1384706	9.685714285714285e-05	0.00032285714285714285	13.207265615463257	48802.03849864006
4741	1319.4849772502837	1000.77	88.243896484375	0.13842015	9.681428571428571e-05	0.0003227142857142857	14.335477113723755	48816.375816106796
4742	1358.832322959356	1024.0	89.001953125	0.13837995	9.677142857142858e-05	0.00032257142857142863	15.006123065948486	48831.38492274284
4743	1353.9300770824025	1024.0	88.74609375	0.13837749	9.672857142857141e-05	0.0003224285714285714	8.853391647338867	48840.2415266037
4744	1358.4211116077752	1024.0	89.268798828125	0.13837619	9.668571428571428e-05	0.0003222857142857143	8.666629076004028	48848.90828728676
4745	1356.6045372585968	1022.13	89.262939453125	0.13837416	9.664285714285714e-05	0.00032214285714285716	9.340767621994019	48858.24970507622
4746	1363.4481495824077	1024.0	89.034423828125	0.13837287	9.659999999999998e-05	0.00032199999999999997	12.347720623016357	48870.59932303429
4747	1349.4184035074923	1024.0	89.042236328125	0.13837062	9.655714285714284e-05	0.00032185714285714283	8.668571949005127	48879.27004337311
4748	1348.8054744555714	1013.71	89.300537109375	0.13836886	9.65142857142857e-05	0.00032171428571428574	9.433077573776245	48888.703661203384
4749	1357.1884074147345	1018.06	88.54443359375	0.1383732	9.647142857142858e-05	0.0003215714285714286	8.962264060974121	48897.66655063629
4750	1350.5828702382635	1018.33	88.56640625	0.13833736	9.64285714285714e-05	0.0003214285714285714	14.041695833206177	48911.712857723236
4751	1337.0978781253407	1010.59	87.859130859375	0.13830024	9.638571428571428e-05	0.0003212857142857143	14.848804473876953	48926.56425690651
4752	1355.4854004315266	1014.27	88.33935546875	0.138222	9.634285714285715e-05	0.0003211428571428572	13.64096474647522	48940.20735883713
4753	1334.677758384098	998.39	88.089599609375	0.13819765	9.629999999999998e-05	0.00032099999999999994	14.882243394851685	48955.090203523636
4754	1364.0853358302231	1018.12	88.86328125	0.13823202	9.625714285714285e-05	0.00032085714285714286	13.38581109046936	48968.47791624069
4755	1378.507894793151	1024.0	89.09521484375	0.13823074	9.621428571428571e-05	0.0003207142857142857	9.542429685592651	48978.02088546753
4756	1359.3889448399352	1024.0	89.363525390625	0.13823102	9.617142857142857e-05	0.00032057142857142863	9.131937742233276	48987.15451478958
4757	1355.7224910780126	1022.07	89.12158203125	0.13823129	9.612857142857141e-05	0.0003204285714285714	8.717282056808472	48995.87244963646
4758	1343.9654117917369	1020.39	89.379150390625	0.13823043	9.608571428571427e-05	0.0003202857142857143	8.716763734817505	49004.60234260559
4759	1357.519703791642	1017.68	89.63720703125	0.13822955	9.604285714285714e-05	0.00032014285714285716	8.82842230796814	49013.43144202232
4760	1357.0295726058982	1020.27	89.14453125	0.13822857	9.599999999999998e-05	0.00031999999999999997	8.680055141448975	49022.112127542496
4761	1358.4390185214181	1024.0	89.151611328125	0.13826816	9.595714285714284e-05	0.00031985714285714283	14.442055463790894	49036.55844116211
4762	1344.7236654799435	1010.09	88.9921875	0.1383184	9.591428571428572e-05	0.00031971428571428575	14.598832368850708	49051.15877819061
4763	1344.3737107013687	1020.13	88.66796875	0.13822879	9.587142857142858e-05	0.0003195714285714286	14.38806414604187	49065.54736542702
4764	1351.2647312897693	1020.07	88.42578125	0.13823141	9.58285714285714e-05	0.0003194285714285714	14.341006994247437	49079.890100479126
4765	1336.893922995433	1016.29	88.43359375	0.13811345	9.578571428571428e-05	0.0003192857142857143	13.926879644393921	49093.817095041275
4766	1356.6156763279641	1024.0	89.190185546875	0.13812228	9.574285714285714e-05	0.0003191428571428572	14.865341663360596	49108.684900045395
4767	1347.994054774123	1016.28	88.949462890625	0.13811022	9.569999999999998e-05	0.00031899999999999995	14.06525206565857	49122.7550239563
4768	1355.721713189547	1018.22	88.492431640625	0.13809355	9.565714285714285e-05	0.00031885714285714286	14.602485656738281	49137.36035776138
4769	1363.3632386576458	1024.0	88.73876953125	0.13790767	9.561428571428571e-05	0.0003187142857142857	13.441928148269653	49150.80417180061
4770	1356.1271347127881	1020.18	86.453857421875	0.13790436	9.557142857142857e-05	0.00031857142857142864	14.131571531295776	49164.93730139732
4771	1368.7926441517131	1024.0	88.990966796875	0.13784128	9.552857142857141e-05	0.0003184285714285714	13.180953025817871	49178.12380814552
4772	1363.4564844213025	1020.81	88.738525390625	0.13780467	9.548571428571427e-05	0.0003182857142857143	14.923587083816528	49193.05126285553
4773	1350.8729294405641	1018.28	88.49609375	0.13764957	9.544285714285714e-05	0.00031814285714285717	14.354787588119507	49207.40750050545
4774	1339.5557210070465	1012.38	88.62890625	0.13761245	9.539999999999997e-05	0.000318	14.871142625808716	49222.27934908867
4775	1356.8422654234082	1017.98	88.886962890625	0.13748921	9.535714285714284e-05	0.00031785714285714284	12.66887640953064	49234.94876527786
4776	1365.7376148431329	1024.0	89.14501953125	0.13753591	9.531428571428572e-05	0.00031771428571428575	14.376981258392334	49249.32791352272
4777	1351.7755776058464	1022.72	89.40380859375	0.13753106	9.527142857142858e-05	0.0003175714285714286	8.758724689483643	49258.08809161186
4778	1341.4620121771554	1013.16	88.161376953125	0.13750127	9.522857142857142e-05	0.0003174285714285714	14.300100564956665	49272.388849020004
4779	1347.9505923266975	1013.98	89.169677734375	0.1373878	9.518571428571428e-05	0.0003172857142857143	12.427712202072144	49284.8197453022
4780	1319.6775695386157	996.99	88.177490234375	0.13734068	9.514285714285714e-05	0.0003171428571428572	14.969184398651123	49299.79232954979
4781	1358.0997306958898	1024.0	89.185302734375	0.13730131	9.509999999999998e-05	0.00031699999999999995	14.049724578857422	49313.84360098839
4782	1350.9739112575228	1013.96	89.42919921875	0.13729812	9.505714285714284e-05	0.00031685714285714287	8.760616064071655	49322.60542845726
4783	1349.860202960984	1016.44	89.451416015625	0.13728718	9.501428571428571e-05	0.00031671428571428573	14.194873809814453	49336.80058336258
4784	1360.5076469421665	1020.27	89.70947265625	0.13725476	9.497142857142857e-05	0.00031657142857142865	9.329738855361938	49346.13249158859
4785	1361.640908619632	1024.0	89.71533203125	0.13724853	9.492857142857141e-05	0.0003164285714285714	9.126136302947998	49355.25935006142
4786	1361.5285110206303	1016.06	89.72314453125	0.13724269	9.488571428571427e-05	0.0003162857142857143	8.68061351776123	49363.94065117836
4787	1358.507066272051	1021.94	89.973388671875	0.13723825	9.484285714285714e-05	0.0003161428571428572	8.878287315368652	49372.81959795952
4788	1372.661527595628	1024.0	89.739013671875	0.13723408	9.479999999999997e-05	0.00031599999999999993	8.657924175262451	49381.47939610481
4789	1360.3536351276846	1022.12	88.7705078125	0.13724162	9.475714285714284e-05	0.00031585714285714284	14.946443319320679	49396.42658281326
4790	1359.9997779725975	1016.18	89.270751953125	0.13715948	9.471428571428571e-05	0.0003157142857142857	13.328402996063232	49409.75553011894
4791	1348.1912971116735	1012.24	88.762451171875	0.1372243	9.467142857142858e-05	0.0003155714285714286	14.352940320968628	49424.11081933975
4792	1365.2507332439345	1024.0	88.770751953125	0.13718791	9.462857142857142e-05	0.0003154285714285714	13.186007499694824	49437.30019760132
4793	1367.674459833663	1024.0	90.552734375	0.13714044	9.458571428571428e-05	0.0003152857142857143	12.868148565292358	49450.16903305054
4794	1349.2258478456508	1006.75	89.287353515625	0.13692391	9.454285714285714e-05	0.00031514285714285715	13.781358003616333	49463.95232152939
4795	1363.3086764635498	1019.94	89.069091796875	0.13692929	9.449999999999998e-05	0.00031499999999999996	8.978976726531982	49472.93341040611
4796	1370.157518592848	1023.94	89.795166015625	0.13693045	9.445714285714284e-05	0.0003148571428571428	8.667493104934692	49481.60148143768
4797	1353.2676102579962	1010.2	89.811279296875	0.1369319	9.441428571428571e-05	0.00031471428571428574	9.337619543075562	49490.9396481514
4798	1347.6978650541903	1010.74	89.819091796875	0.1369332	9.437142857142857e-05	0.0003145714285714286	8.669560432434082	49499.61198377609
4799	1335.947513170148	999.83	89.826904296875	0.1369343	9.432857142857141e-05	0.0003144285714285714	8.700030088424683	49508.31266975403
4800	1357.108448972867	1014.17	89.834716796875	0.13693707	9.428571428571427e-05	0.00031428571428571427	9.376767635345459	49517.69168782234
4801	1353.9437640608912	1010.39	89.0927734375	0.13683878	9.424285714285714e-05	0.0003141428571428572	14.261861562728882	49531.95433020592
4802	1369.7294859357035	1024.0	89.1005859375	0.13676646	9.419999999999997e-05	0.00031399999999999993	15.009561777114868	49546.965510845184
4803	1366.1538129572943	1024.0	89.10693359375	0.13663359	9.415714285714284e-05	0.00031385714285714285	12.845046281814575	49559.81192612648
4804	1370.8932158462421	1024.0	88.8662109375	0.13646232	9.411428571428571e-05	0.0003137142857142857	14.196054935455322	49574.01096987724
4805	1366.8497463953304	1020.69	88.87353515625	0.13639145	9.407142857142858e-05	0.00031357142857142863	14.840927362442017	49588.85397839546
4806	1371.9147729734802	1024.0	89.62158203125	0.13631229	9.402857142857141e-05	0.0003134285714285714	13.835850477218628	49602.69190001488
4807	1359.0019004185094	1012.28	89.639892578125	0.13627048	9.398571428571428e-05	0.0003132857142857143	13.443272352218628	49616.13726091385
4808	1376.2075406840358	1024.0	89.397705078125	0.1362124	9.394285714285714e-05	0.00031314285714285716	9.056377172470093	49625.196536779404
4809	1350.89854163507	1014.26	89.64306640625	0.13620037	9.389999999999998e-05	0.00031299999999999996	9.087873697280884	49634.28504061699
4810	1347.9165498727596	1005.66	89.65087890625	0.136189	9.385714285714284e-05	0.0003128571428571428	8.82412838935852	49643.1125164032
4811	1358.8359952496528	1018.12	89.67041015625	0.1361772	9.38142857142857e-05	0.00031271428571428574	8.654133796691895	49651.76727628708
4812	1342.5073848792174	1008.3	89.694091796875	0.13616584	9.377142857142857e-05	0.0003125714285714286	8.67410922050476	49660.44204425812
4813	1367.0862130928454	1024.0	89.936279296875	0.13615628	9.37285714285714e-05	0.0003124285714285714	9.467076778411865	49669.9128780365
4814	1369.1739434800038	1024.0	89.935791015625	0.13614799	9.368571428571427e-05	0.00031228571428571427	8.69488000869751	49678.608320474625
4815	1374.7388756350576	1024.0	90.2021484375	0.13613923	9.364285714285715e-05	0.0003121428571428572	8.70849084854126	49687.317365407944
4816	1362.1062930026183	1020.11	89.9599609375	0.13613205	9.360000000000001e-05	0.00031200000000000005	9.327197313308716	49696.6461660862
4817	1363.8074388719358	1024.0	89.229736328125	0.13611653	9.355714285714284e-05	0.00031185714285714286	14.425798654556274	49711.07262301445
4818	1353.0923084482731	1016.23	89.475830078125	0.13610755	9.351428571428571e-05	0.0003117142857142857	8.77903938293457	49719.854269742966
4819	1363.8178592522036	1024.0	90.233642578125	0.13592185	9.347142857142858e-05	0.00031157142857142863	13.027697563171387	49732.88255882263
4820	1374.0517727738209	1024.0	89.24169921875	0.13593344	9.342857142857141e-05	0.0003114285714285714	14.320460557937622	49747.203557252884
4821	1358.6323106742911	1017.94	89.24951171875	0.13590807	9.338571428571428e-05	0.0003112857142857143	15.011416912078857	49762.2168366909
4822	1362.650040043177	1014.45	89.507568359375	0.13587858	9.334285714285714e-05	0.00031114285714285716	14.312840223312378	49776.532804489136
4823	1355.1960226286922	1014.11	88.77294921875	0.13574003	9.33e-05	0.0003110000000000001	13.780868291854858	49790.31422829628
4824	1358.9693795340502	1016.15	90.023193359375	0.13573253	9.325714285714284e-05	0.00031085714285714283	13.821808099746704	49804.138645648956
4825	1358.6446747729392	1018.11	90.01806640625	0.13572042	9.32142857142857e-05	0.00031071428571428575	8.828521013259888	49812.96897149086
4826	1375.3236169193056	1024.0	89.29736328125	0.1357164	9.317142857142857e-05	0.0003105714285714286	9.00444746017456	49821.973987579346
4827	1343.0707812384915	1006.17	87.0283203125	0.13571206	9.31285714285714e-05	0.0003104285714285714	8.774128198623657	49830.74866914749
4828	1369.0237269347099	1021.99	90.039306640625	0.13570578	9.308571428571427e-05	0.0003102857142857143	8.910100936889648	49839.66040611267
4829	1372.0122346793669	1024.0	90.05078125	0.13570003	9.304285714285715e-05	0.0003101428571428572	9.301330089569092	49848.96227025986
4830	1371.0296089474057	1024.0	90.070068359375	0.13569452	9.300000000000001e-05	0.00031000000000000005	8.669817686080933	49857.63408136368
4831	1360.3917151515384	1022.14	90.328857421875	0.13568942	9.295714285714285e-05	0.00030985714285714286	8.721060514450073	49866.355766534805
4832	1359.1619519468795	1018.25	89.3369140625	0.13564265	9.291428571428571e-05	0.0003097142857142857	13.717086553573608	49880.07357811928
4833	1360.8806808480135	1018.44	88.591796875	0.13555989	9.287142857142858e-05	0.00030957142857142864	14.64298963546753	49894.719722509384
4834	1370.4764614081726	1024.0	89.851318359375	0.13553469	9.282857142857141e-05	0.0003094285714285714	14.6039400100708	49909.325556993484
4835	1351.786456385988	1012.28	88.87060546875	0.13542907	9.278571428571428e-05	0.0003092857142857143	14.244854927062988	49923.57275223732
4836	1348.2150609875205	1018.28	89.866943359375	0.13543256	9.274285714285714e-05	0.00030914285714285717	14.44554877281189	49938.01884865761
4837	1358.5350657402787	1022.08	89.159912109375	0.135478	9.27e-05	0.0003090000000000001	14.588858604431152	49952.61210107803
4838	1353.3142679899302	1024.0	89.91943359375	0.13533981	9.265714285714284e-05	0.00030885714285714284	14.391422510147095	49967.00405836105
4839	1373.9120775318331	1024.0	90.14404296875	0.1353681	9.26142857142857e-05	0.0003087142857142857	13.33676028251648	49980.34276151657
4840	1350.277542852284	1016.07	90.1630859375	0.13536756	9.257142857142857e-05	0.0003085714285714286	8.843656063079834	49989.19033741951
4841	1359.9441545649713	1017.97	89.91357421875	0.13526075	9.25285714285714e-05	0.00030842857142857137	13.564403057098389	50002.75528860092
4842	1359.3394733285138	1020.29	89.674560546875	0.13525347	9.248571428571427e-05	0.0003082857142857143	13.9592924118042	50016.71832537651
4843	1365.6831466163558	1022.02	89.184326171875	0.13515063	9.244285714285715e-05	0.00030814285714285714	15.480264663696289	50032.201009750366
4844	1359.078812452117	1016.17	88.69384765625	0.13504776	9.240000000000001e-05	0.00030800000000000006	14.247093915939331	50046.45141339302
4845	1367.9847395520549	1017.98	89.715576171875	0.13508135	9.235714285714285e-05	0.0003078571428571428	14.47079586982727	50060.92276239395
4846	1356.4560414261923	1018.05	89.472900390625	0.13507639	9.231428571428571e-05	0.00030771428571428573	9.326991081237793	50070.25344347954
4847	1365.4564841047174	1024.0	89.973876953125	0.1350727	9.227142857142857e-05	0.0003075714285714286	8.727154731750488	50078.9811899662
4848	1367.259519831561	1021.98	89.733154296875	0.13506895	9.222857142857141e-05	0.0003074285714285714	9.737151622772217	50088.71904587746
4849	1365.504276886134	1024.0	90.0087890625	0.13506569	9.218571428571427e-05	0.00030728571428571426	8.66590929031372	50097.385667562485
4850	1345.470756377159	1000.46	89.74169921875	0.13505463	9.214285714285714e-05	0.0003071428571428572	8.890921115875244	50106.27882003784
4851	1367.474549293289	1024.0	90.249267578125	0.13505189	9.21e-05	0.00030700000000000004	9.102635622024536	50115.38202905655
4852	1357.5489483894867	1008.23	90.022705078125	0.1350488	9.205714285714284e-05	0.00030685714285714284	8.705336809158325	50124.09064078331
4853	1358.2266962494414	1024.0	90.53271484375	0.13504529	9.20142857142857e-05	0.0003067142857142857	8.663247346878052	50132.75453734398
4854	1362.7227812353956	1024.0	90.292724609375	0.13504146	9.197142857142857e-05	0.0003065714285714286	8.69600772857666	50141.45116496086
4855	1368.8846861379016	1024.0	90.30078125	0.13503815	9.19285714285714e-05	0.00030642857142857137	9.424859523773193	50150.879508018494
4856	1358.0777025544312	1024.0	89.826416015625	0.13503577	9.188571428571427e-05	0.0003062857142857143	8.80112075805664	50159.68122935295
4857	1363.5309734373388	1011.99	89.819091796875	0.13502173	9.184285714285714e-05	0.00030614285714285715	8.903597354888916	50168.587166547775
4858	1357.693864872562	1016.2	90.33154296875	0.13501686	9.180000000000001e-05	0.00030600000000000007	9.356626987457275	50177.944348573685
4859	1360.4870222533668	1020.05	90.34130859375	0.13501257	9.175714285714285e-05	0.0003058571428571428	8.983670711517334	50186.92981553078
4860	1361.48775909495	1023.94	90.3515625	0.13500786	9.171428571428571e-05	0.00030571428571428573	8.639132022857666	50195.569100141525
4861	1374.1796559439526	1024.0	90.361083984375	0.13500354	9.167142857142857e-05	0.0003055714285714286	8.644402503967285	50204.21918272972
4862	1359.002204045615	1011.88	89.656005859375	0.13502406	9.162857142857141e-05	0.0003054285714285714	14.387567520141602	50218.60741853714
4863	1352.3488983446164	1014.49	89.881103515625	0.13493182	9.158571428571427e-05	0.00030528571428571426	14.217573642730713	50232.82925796509
4864	1358.6413133173846	1016.32	89.937744140625	0.13492987	9.154285714285714e-05	0.0003051428571428572	8.845174551010132	50241.67471885681
4865	1361.6937017188816	1022.37	88.657958984375	0.13485749	9.15e-05	0.00030500000000000004	14.253231287002563	50255.93133544922
4866	1357.1805229974127	1012.46	90.660400390625	0.13480765	9.145714285714284e-05	0.00030485714285714285	14.39648699760437	50270.330500125885
4867	1364.348469554934	1022.11	89.670166015625	0.13482438	9.14142857142857e-05	0.0003047142857142857	13.66910433769226	50284.00229263306
4868	1359.762338786414	1014.28	89.68017578125	0.13472898	9.137142857142858e-05	0.0003045714285714286	14.93876576423645	50298.94354081154
4869	1359.2520986860964	1016.03	89.93994140625	0.1346928	9.13285714285714e-05	0.0003044285714285714	13.70960283279419	50312.65630555153
4870	1370.3186167498272	1024.0	89.961669921875	0.1346255	9.128571428571427e-05	0.0003042857142857143	13.796948432922363	50326.45538330078
4871	1371.3250055228261	1020.13	89.70947265625	0.13461031	9.124285714285714e-05	0.00030414285714285716	8.773991823196411	50335.2300965786
4872	1373.4850763030515	1024.0	90.719482421875	0.13460556	9.120000000000001e-05	0.00030400000000000007	8.62421703338623	50343.85486912727
4873	1342.497084448296	1009.16	90.478759765625	0.13460147	9.115714285714284e-05	0.0003038571428571428	8.659469842910767	50352.516454935074
4874	1359.2744774622208	1014.25	90.489013671875	0.13459681	9.111428571428571e-05	0.00030371428571428574	8.864108800888062	50361.38118195534
4875	1366.4785698833512	1022.63	90.274169921875	0.13459124	9.107142857142857e-05	0.0003035714285714286	8.598795652389526	50369.98204398155
4876	1355.0841245596278	1018.25	90.259521484375	0.13458502	9.102857142857141e-05	0.0003034285714285714	8.677513599395752	50378.66019630432
4877	1371.6127327847707	1024.0	90.51953125	0.13457884	9.098571428571427e-05	0.00030328571428571427	9.334659576416016	50387.99668979645
4878	1356.879204529382	1022.09	90.302978515625	0.13449852	9.094285714285714e-05	0.0003031428571428572	13.100175619125366	50401.09742259979
4879	1353.6389414735108	1018.49	89.334228515625	0.13450082	9.09e-05	0.00030300000000000005	9.24940538406372	50410.34890341759
4880	1365.517483296583	1022.15	89.562255859375	0.13458861	9.085714285714284e-05	0.00030285714285714285	15.203562498092651	50425.55301904678
4881	1366.7911032532588	1018.0	89.59228515625	0.13445996	9.08142857142857e-05	0.0003027142857142857	14.232211351394653	50439.78877067566
4882	1369.455902640768	1024.0	89.816650390625	0.1343742	9.077142857142858e-05	0.00030257142857142863	15.165425300598145	50454.954830646515
4883	1365.3446037981919	1018.51	90.57666015625	0.13436894	9.07285714285714e-05	0.0003024285714285714	8.795673847198486	50463.75232243538
4884	1342.2483465166526	1008.65	89.835693359375	0.13440162	9.068571428571428e-05	0.0003022857142857143	14.905816316604614	50478.65879869461
4885	1375.727726232356	1017.45	87.099609375	0.13447863	9.064285714285714e-05	0.00030214285714285716	14.411766529083252	50493.07218050957
4886	1352.3926947700716	1017.99	89.591552734375	0.13449152	9.06e-05	0.0003020000000000001	14.996257066726685	50508.06984615326
4887	1361.833356469372	1008.61	89.89892578125	0.13438715	9.055714285714284e-05	0.00030185714285714283	13.703252077102661	50521.77651309967
4888	1366.1254550195956	1020.41	90.37451171875	0.1344052	9.051428571428571e-05	0.00030171428571428575	15.16838812828064	50536.945152044296
4889	1363.696841378409	1024.0	89.90771484375	0.13436015	9.047142857142857e-05	0.0003015714285714286	13.722918510437012	50550.670865774155
4890	1377.1492073422592	1024.0	89.155517578125	0.13441397	9.042857142857141e-05	0.00030142857142857136	12.689375400543213	50563.36315751076
4891	1356.190841761964	1015.96	89.7060546875	0.13440299	9.038571428571427e-05	0.0003012857142857143	14.509546279907227	50577.87454986572
4892	1360.5332451050003	1023.92	89.69189453125	0.13438953	9.034285714285714e-05	0.00030114285714285714	14.295025825500488	50592.170103788376
4893	1359.3713155453477	1022.01	89.95947265625	0.13423921	9.03e-05	0.00030100000000000005	14.385852336883545	50606.559193611145
4894	1364.4941446048585	1014.08	90.931396484375	0.13414629	9.025714285714284e-05	0.0003008571428571428	13.69115400314331	50620.250479221344
4895	1373.4876246312024	1022.15	89.971435546875	0.1340578	9.02142857142857e-05	0.0003007142857142857	14.558132886886597	50634.81091403961
4896	1366.1371260994865	1024.0	89.761474609375	0.13402851	9.017142857142858e-05	0.0003005714285714286	14.321231842041016	50649.13521313667
4897	1363.3910277360148	1024.0	89.9638671875	0.13400643	9.01285714285714e-05	0.0003004285714285714	14.08787727355957	50663.22696208954
4898	1365.8096173167048	1018.35	90.223876953125	0.13398488	9.008571428571428e-05	0.00030028571428571425	14.473960876464844	50677.703005075455
4899	1368.1696331788519	1024.0	90.007080078125	0.13400443	9.004285714285714e-05	0.00030014285714285717	14.687790870666504	50692.39241504669
4900	1376.3720907663355	1024.0	90.50537109375	0.13397786	9e-05	0.00030000000000000003	13.766271114349365	50706.16016149521
4901	1372.766619686784	1024.0	89.010986328125	0.13398598	8.995714285714284e-05	0.00029985714285714284	15.017414808273315	50721.17823410034
4902	1371.583247719043	1020.01	89.88671875	0.13394113	8.99142857142857e-05	0.0002997142857142857	14.234925270080566	50735.41419053078
4903	1358.5201574271302	1012.79	89.67822265625	0.13385569	8.987142857142857e-05	0.0002995714285714286	15.443980932235718	50750.85871195793
4904	1368.2786400944644	1022.16	90.68603515625	0.13375267	8.982857142857141e-05	0.00029942857142857137	13.862765550613403	50764.72236609459
4905	1377.3197740969458	1024.0	90.174560546875	0.13375627	8.978571428571427e-05	0.0002992857142857143	8.868351221084595	50773.59212017059
4906	1360.2693595141536	1014.18	90.427978515625	0.13375685	8.974285714285713e-05	0.00029914285714285714	8.957089185714722	50782.5497508049
4907	1360.3339514093147	1014.35	90.92333984375	0.13375686	8.970000000000001e-05	0.00029900000000000006	8.845809698104858	50791.39703655243
4908	1382.2092224045532	1024.0	90.923583984375	0.13375689	8.965714285714284e-05	0.0002988571428571428	8.68464994430542	50800.08180761337
4909	1360.432618883244	1016.47	90.94140625	0.13375689	8.96142857142857e-05	0.0002987142857142857	9.405830144882202	50809.487758398056
4910	1366.8482606575528	1017.87	90.697998046875	0.13375708	8.957142857142858e-05	0.0002985714285714286	8.847647190093994	50818.33830308914
4911	1370.650525349785	1024.0	90.70703125	0.1337596	8.95285714285714e-05	0.0002984285714285714	8.835967540740967	50827.174813985825
4912	1347.9173799164391	1007.75	90.965087890625	0.13375996	8.948571428571428e-05	0.00029828571428571426	9.377397537231445	50836.55275797844
4913	1382.4820632319784	1024.0	90.97314453125	0.13375951	8.944285714285714e-05	0.00029814285714285717	8.677574634552002	50845.231981277466
4914	1365.7443738562306	1024.0	90.980712890625	0.13375759	8.94e-05	0.00029800000000000003	8.657414197921753	50853.89004278183
4915	1364.139164675847	1016.19	90.988525390625	0.13375564	8.935714285714284e-05	0.00029785714285714284	8.73963212966919	50862.630320072174
4916	1356.650123167827	1014.85	90.732666015625	0.13374536	8.93142857142857e-05	0.0002977142857142857	8.924498081207275	50871.55678033829
4917	1358.4296721859805	1024.0	90.53955078125	0.13364747	8.927142857142857e-05	0.0002975714285714286	13.804621934890747	50885.36213350296
4918	1359.8077142412908	1015.58	90.308837890625	0.13356847	8.92285714285714e-05	0.00029742857142857137	14.93609881401062	50900.29889678955
4919	1361.1832558153942	1016.68	90.55517578125	0.13362272	8.918571428571427e-05	0.0002972857142857143	14.656994342803955	50914.95922803879
4920	1349.519002374255	1010.67	89.12939453125	0.1335843	8.914285714285713e-05	0.00029714285714285715	14.918967962265015	50929.87924528122
4921	1364.8668058149121	1024.0	90.328369140625	0.1334663	8.910000000000001e-05	0.00029700000000000006	13.493128299713135	50943.375760793686
4922	1365.7251254849655	1018.63	90.0712890625	0.13355319	8.905714285714283e-05	0.0002968571428571428	15.020664691925049	50958.39702653885
4923	1361.3714420412061	1016.88	90.301513671875	0.1335467	8.90142857142857e-05	0.00029671428571428573	8.783926963806152	50967.18440961838
4924	1363.463103222613	1015.97	90.119140625	0.133585	8.897142857142858e-05	0.0002965714285714286	14.256755590438843	50981.441854953766
4925	1357.141165307246	1015.98	90.068603515625	0.13355376	8.89285714285714e-05	0.0002964285714285714	14.189324855804443	50995.63291525841
4926	1360.394066885941	1006.2	90.076171875	0.13347457	8.888571428571428e-05	0.00029628571428571426	14.085940837860107	51009.719405174255
4927	1363.2289326329117	1016.61	90.332275390625	0.13347736	8.884285714285714e-05	0.0002961428571428572	15.5376558303833	51025.25944375992
4928	1377.2614916078244	1024.0	90.330078125	0.13340949	8.88e-05	0.00029600000000000004	14.356246709823608	51039.63142514229
4929	1349.0981659915496	1018.34	89.105712890625	0.13342868	8.875714285714284e-05	0.00029585714285714285	14.953683376312256	51054.58571791649
4930	1372.9793199652954	1016.4	90.606201171875	0.13344935	8.87142857142857e-05	0.0002957142857142857	14.28109860420227	51068.867654800415
4931	1381.9616831350638	1024.0	90.36376953125	0.13345633	8.867142857142857e-05	0.0002955714285714286	15.007717847824097	51083.87864899635
4932	1369.2928407778554	1024.0	89.9072265625	0.13343555	8.86285714285714e-05	0.0002954285714285714	14.271831274032593	51098.152060985565
4933	1375.6072295866068	1024.0	91.1298828125	0.13345022	8.858571428571427e-05	0.0002952857142857143	13.46740198135376	51111.621980428696
4934	1378.3048183691433	1024.0	90.3876953125	0.13339795	8.854285714285713e-05	0.00029514285714285715	14.246628284454346	51125.871458768845
4935	1372.880852791441	1024.0	90.40869140625	0.13341334	8.850000000000001e-05	0.00029500000000000007	14.950428009033203	51140.822427749634
4936	1378.4145470904698	1024.0	90.153076171875	0.13336591	8.845714285714283e-05	0.0002948571428571428	14.7106614112854	51155.53574132919
4937	1361.7827275137845	1014.32	90.4111328125	0.13340324	8.841428571428571e-05	0.00029471428571428574	15.048815250396729	51170.58699011803
4938	1367.6224522813634	1024.0	90.419189453125	0.13346499	8.837142857142857e-05	0.0002945714285714286	14.527021646499634	51185.11414027214
4939	1335.7084520726632	1000.93	90.92724609375	0.13345523	8.832857142857144e-05	0.0002944285714285715	8.817574262619019	51193.93430733681
4940	1365.9111576684313	1024.0	90.47021484375	0.13336836	8.828571428571427e-05	0.00029428571428571427	13.489852666854858	51207.42440986633
4941	1360.8131922070584	1012.03	90.692138671875	0.13336359	8.824285714285714e-05	0.0002941428571428572	8.798619508743286	51216.22688126564
4942	1369.2290318862752	1010.45	87.705810546875	0.13332574	8.82e-05	0.00029400000000000004	14.921668767929077	51231.1491355896
4943	1375.5630037257931	1018.05	89.94287109375	0.13324314	8.815714285714284e-05	0.0002938571428571428	14.256665468215942	51245.40797185898
4944	1372.67297732452	1022.99	90.711669921875	0.13329396	8.81142857142857e-05	0.0002937142857142857	14.353497505187988	51259.76415681839
4945	1367.8104497012794	1024.0	91.034423828125	0.13324271	8.807142857142857e-05	0.0002935714285714286	14.211154222488403	51273.97588157654
4946	1384.508584874594	1024.0	91.719482421875	0.1332383	8.802857142857143e-05	0.0002934285714285715	8.846518516540527	51282.82600712776
4947	1360.7747139213948	1010.64	91.234130859375	0.1330698	8.798571428571427e-05	0.00029328571428571424	13.225220203399658	51296.05185961723
4948	1356.241055300167	1014.43	90.9921875	0.13306755	8.794285714285713e-05	0.00029314285714285716	8.820966005325317	51304.87526726723
4949	1364.025596082515	1012.32	90.7734375	0.1329772	8.790000000000001e-05	0.000293	14.168591260910034	51319.04451966286
4950	1352.780121593972	1008.36	91.280029296875	0.13297111	8.785714285714283e-05	0.00029285714285714283	8.893219232559204	51327.938779354095
4951	1362.5134052082296	1013.45	91.2626953125	0.13296969	8.781428571428571e-05	0.0002927142857142857	9.12364411354065	51337.06296181679
4952	1352.7149273006714	1004.56	91.27880859375	0.13296798	8.777142857142857e-05	0.0002925714285714286	9.356467962265015	51346.41967463493
4953	1367.5059419969484	1012.49	91.536865234375	0.1329671	8.772857142857144e-05	0.00029242857142857147	8.703745126724243	51355.12551808357
4954	1337.0902308660918	1000.64	91.29443359375	0.13296594	8.768571428571427e-05	0.0002922857142857143	8.69058609008789	51363.816724061966
4955	1351.8529852334843	1012.39	91.05419921875	0.13296558	8.764285714285714e-05	0.00029214285714285713	8.716286897659302	51372.533583164215
4956	1373.1453925250435	1024.0	91.060302734375	0.13296445	8.76e-05	0.00029200000000000005	9.003731966018677	51381.539556503296
4957	1373.9352726281597	1024.0	90.602294921875	0.13289599	8.755714285714284e-05	0.0002918571428571428	12.871457576751709	51394.41166448593
4958	1365.0842861220053	1020.05	90.86083984375	0.13283004	8.75142857142857e-05	0.0002917142857142857	14.467809438705444	51408.88056778908
4959	1366.3831757430585	1023.98	90.6005859375	0.13277383	8.747142857142857e-05	0.0002915714285714286	14.630207300186157	51423.513228178024
4960	1373.4526805362302	1024.0	90.92138671875	0.13266231	8.742857142857144e-05	0.0002914285714285715	14.091445207595825	51437.605320215225
4961	1370.9988970900035	1024.0	91.37451171875	0.13266517	8.738571428571427e-05	0.00029128571428571425	8.779969215393066	51446.3864262104
4962	1377.6146957225656	1022.36	90.13525390625	0.1326104	8.734285714285713e-05	0.00029114285714285716	14.355548620223999	51460.74258732796
4963	1373.6966908809468	1020.41	90.93701171875	0.13264178	8.730000000000001e-05	0.000291	14.36672043800354	51475.11065530777
4964	1368.931816606692	1024.0	90.374755859375	0.1325489	8.725714285714283e-05	0.00029085714285714283	14.683348417282104	51489.79495501518
4965	1356.1898907393647	1008.68	90.89404296875	0.1325818	8.721428571428571e-05	0.0002907142857142857	15.101840496063232	51504.900584220886
4966	1342.2085304367495	997.78	90.26513671875	0.13255766	8.717142857142857e-05	0.0002905714285714286	14.322765827178955	51519.22402596474
4967	1354.4191648089034	1010.72	90.522216796875	0.13247348	8.712857142857144e-05	0.00029042857142857147	15.119136810302734	51534.34799313545
4968	1359.727756535473	1016.11	90.56640625	0.13241334	8.708571428571427e-05	0.0002902857142857143	14.449860334396362	51548.80124235153
4969	1335.477176018642	999.44	90.288818359375	0.13246773	8.704285714285714e-05	0.00029014285714285714	15.01322603225708	51563.81512236595
4970	1360.023632283448	1020.11	91.0703125	0.13239625	8.7e-05	0.00029000000000000006	13.672579288482666	51577.491149663925
4971	1369.532665376748	1020.69	90.5546875	0.1323229	8.695714285714284e-05	0.0002898571428571428	15.434568405151367	51592.92809152603
4972	1380.2013568352852	1020.21	91.32177734375	0.1322795	8.69142857142857e-05	0.0002897142857142857	16.79615545272827	51609.72479939461
4973	1338.0910270393697	1002.91	90.819091796875	0.13226886	8.687142857142856e-05	0.0002895714285714286	14.970519542694092	51624.69793176651
4974	1366.682833626769	1024.0	90.827880859375	0.1321678	8.682857142857144e-05	0.0002894285714285715	14.002947807312012	51638.70471692085
4975	1345.4889522851747	1008.55	90.83642578125	0.13218553	8.678571428571427e-05	0.00028928571428571425	14.89085078239441	51653.59845972061
4976	1365.0559426511725	1013.95	90.876953125	0.13210331	8.674285714285714e-05	0.00028914285714285717	13.01995062828064	51666.62207508087
4977	1358.8783235460962	1012.22	91.386962890625	0.13197838	8.67e-05	0.00028900000000000003	14.479161024093628	51681.101835012436
4978	1373.04147645986	1024.0	91.359619140625	0.13189958	8.665714285714283e-05	0.00028885714285714284	14.19673466682434	51695.299231529236
4979	1372.0106092974152	1016.08	91.367431640625	0.13183336	8.661428571428571e-05	0.0002887142857142857	13.87714672088623	51709.179247140884
4980	1365.4677117417918	1016.65	90.87548828125	0.1318174	8.657142857142857e-05	0.0002885714285714286	8.826233625411987	51718.01218557358
4981	1372.5686839324032	1019.99	91.63232421875	0.13181116	8.652857142857144e-05	0.0002884285714285715	8.670618534088135	51726.68334841728
4982	1370.6001117087228	1024.0	91.64111328125	0.13180341	8.648571428571427e-05	0.0002882857142857143	9.29589295387268	51735.97986412048
4983	1375.3628221511044	1023.22	91.636962890625	0.13179596	8.644285714285714e-05	0.00028814285714285715	8.687837362289429	51744.66969919205
4984	1382.102961045359	1020.09	91.656982421875	0.1317891	8.64e-05	0.00028800000000000006	8.701114177703857	51753.37141418457
4985	1377.956431964823	1024.0	91.414306640625	0.13178273	8.635714285714284e-05	0.0002878571428571428	8.706861734390259	51762.08093261719
4986	1368.1791051689265	1012.34	91.672607421875	0.13176261	8.63142857142857e-05	0.00028771428571428573	8.938918352127075	51771.02045440674
4987	1376.4024046366542	1020.07	91.453857421875	0.13174154	8.627142857142856e-05	0.0002875714285714286	14.698809146881104	51785.71986722946
4988	1360.4792157039926	1016.18	90.758544921875	0.13165097	8.622857142857144e-05	0.0002874285714285715	15.083613157272339	51800.80615878105
4989	1371.2951562604749	1024.0	90.69580078125	0.13161092	8.618571428571426e-05	0.00028728571428571426	14.328957796096802	51815.135685920715
4990	1379.0969652670453	1024.0	91.455322265625	0.13160744	8.614285714285714e-05	0.0002871428571428572	8.765758752822876	51823.97201871872
4991	1386.1692217627362	1023.98	90.25634765625	0.13157159	8.61e-05	0.00028700000000000004	13.635380268096924	51837.60800766945
4992	1352.713031011811	1002.74	91.207275390625	0.13156891	8.605714285714283e-05	0.0002868571428571428	9.176903486251831	51846.78685426712
4993	1366.8698362471537	1017.93	91.271240234375	0.13150083	8.60142857142857e-05	0.0002867142857142857	14.91391921043396	51861.70139861107
4994	1366.5856828206713	1014.31	90.736572265625	0.13150738	8.597142857142857e-05	0.00028657142857142857	14.504392623901367	51876.20763158798
4995	1373.7775369477417	1020.23	91.244384765625	0.13132398	8.592857142857143e-05	0.0002864285714285715	13.44878625869751	51889.657928705215
4996	1379.0595197181237	1022.26	91.002685546875	0.13130961	8.588571428571427e-05	0.00028628571428571424	16.60754942893982	51906.26949715614
4997	1351.7748401338583	1007.99	89.767822265625	0.13138968	8.584285714285713e-05	0.00028614285714285715	15.04729700088501	51921.31720471382
4998	1357.6370443396152	1020.23	91.266845703125	0.13137387	8.58e-05	0.000286	14.005785942077637	51935.32499456406
4999	1365.7699729234469	1024.0	88.760986328125	0.13126133	8.575714285714284e-05	0.0002858571428571428	14.37903881072998	51949.70507955551
5000	1376.6311212768946	1024.0	91.0390625	0.13125737	8.57142857142857e-05	0.0002857142857142857	8.780143737792969	51958.48538994789
5001	1370.823634591753	1020.12	90.779541015625	0.1312085	8.567142857142856e-05	0.0002855714285714286	14.27212142944336	51972.758544921875
5002	1368.4270554483362	1020.12	90.84423828125	0.13120164	8.562857142857144e-05	0.00028542857142857146	15.155741691589355	51987.916976213455
5003	1371.6186804914864	1020.07	90.793701171875	0.1309988	8.558571428571426e-05	0.00028528571428571427	14.316746950149536	52002.235022068024
5004	1384.397566745281	1024.0	91.5517578125	0.13097762	8.554285714285714e-05	0.00028514285714285713	14.215920686721802	52016.45346069336
5005	1384.037457349393	1021.98	91.09521484375	0.13096552	8.55e-05	0.00028500000000000004	14.375525712966919	52030.82917666435
5006	1353.6344033606383	1000.64	91.112060546875	0.13090478	8.545714285714284e-05	0.0002848571428571428	14.958837747573853	52045.78867816925
5007	1386.417496112676	1022.06	91.084228515625	0.13087668	8.54142857142857e-05	0.0002847142857142857	29.17809820175171	52074.97001838684
5008	1363.5846616120284	1010.27	90.84228515625	0.13087456	8.537142857142857e-05	0.00028457142857142857	13.965973377227783	52088.93834042549
5009	1372.56252634813	1016.01	91.11865234375	0.13090505	8.532857142857143e-05	0.0002844285714285715	14.610886812210083	52103.5504450798
5010	1375.7589409780162	1016.04	91.181396484375	0.13097711	8.528571428571427e-05	0.00028428571428571424	14.204324007034302	52117.75787115097
5011	1375.6179461562404	1020.13	89.689208984375	0.13097407	8.524285714285713e-05	0.00028414285714285716	14.980319261550903	52132.73872280121
5012	1368.6228189869064	1024.0	91.165283203125	0.13099416	8.52e-05	0.000284	14.526306629180908	52147.26799798012
5013	1366.693464334222	1016.78	91.385009765625	0.13091286	8.515714285714283e-05	0.0002838571428571428	14.431077241897583	52161.70256853104
5014	1368.3667101058327	1010.46	90.939697265625	0.1308974	8.51142857142857e-05	0.0002837142857142857	14.282609939575195	52175.98571014404
5015	1364.4568720878297	1018.87	91.70947265625	0.13095963	8.507142857142856e-05	0.0002835714285714286	13.732954025268555	52189.720682144165
5016	1387.4953181588724	1022.03	89.916015625	0.13090783	8.502857142857144e-05	0.00028342857142857146	14.722184419631958	52204.44716334343
5017	1372.87758143026	1017.96	91.2021484375	0.13090616	8.498571428571426e-05	0.00028328571428571427	14.933010816574097	52219.382430553436
5018	1386.0282323100043	1020.2	90.72119140625	0.1309367	8.494285714285714e-05	0.00028314285714285713	14.53103232383728	52233.91409921646
5019	1363.5612626159002	1014.71	90.989990234375	0.13095164	8.49e-05	0.00028300000000000005	15.164995670318604	52249.08057689667
5020	1367.077641907248	1018.55	89.69775390625	0.1309431	8.485714285714284e-05	0.0002828571428571428	13.648248434066772	52262.72999358177
5021	1388.481994412319	1024.0	91.73193359375	0.13100196	8.48142857142857e-05	0.0002827142857142857	15.050754070281982	52277.783401966095
5022	1369.6904360478127	1012.22	90.751953125	0.13095948	8.477142857142857e-05	0.0002825714285714286	14.178818225860596	52291.96559023857
5023	1379.3402595868718	1024.0	91.729248046875	0.13097751	8.472857142857143e-05	0.0002824285714285715	14.321944952011108	52306.29110240936
5024	1368.8379317097028	1017.99	91.2880859375	0.13095786	8.468571428571427e-05	0.00028228571428571425	8.839337825775146	52315.13290786743
5025	1369.29885212669	1014.79	91.979248046875	0.13094975	8.464285714285713e-05	0.00028214285714285716	8.69290828704834	52323.826354026794
5026	1367.5260513718008	1018.27	91.737548828125	0.13094184	8.46e-05	0.000282	8.694374084472656	52332.5229947567
5027	1370.7009304342519	1020.37	91.74560546875	0.1309343	8.455714285714283e-05	0.00028185714285714283	8.831697702407837	52341.35526919365
5028	1368.9556895170247	1010.46	91.745361328125	0.13092694	8.45142857142857e-05	0.0002817142857142857	9.035063028335571	52350.392520427704
5029	1389.7568077016779	1023.97	92.026611328125	0.13092068	8.447142857142857e-05	0.0002815714285714286	8.653162479400635	52359.046224832535
5030	1367.17352683808	1018.02	91.917236328125	0.13096459	8.442857142857144e-05	0.00028142857142857147	14.895180940628052	52373.94335985184
5031	1376.4756699481763	1024.0	91.402587890625	0.13103469	8.438571428571426e-05	0.0002812857142857143	14.251662969589233	52388.1955537796
5032	1385.6999693272605	1024.0	91.68408203125	0.1310229	8.434285714285714e-05	0.00028114285714285714	14.691068887710571	52402.88810634613
5033	1382.9016376183542	1024.0	91.466064453125	0.13102214	8.43e-05	0.00028100000000000005	8.828155517578125	52411.71908688545
5034	1386.7897987957422	1024.0	91.7353515625	0.13101463	8.425714285714284e-05	0.0002808571428571428	14.139638185501099	52425.85933613777
5035	1365.4113132011864	1014.03	91.17919921875	0.13089618	8.42142857142857e-05	0.0002807142857142857	14.269563674926758	52440.130690574646
5036	1370.4033825377755	1018.13	91.215576171875	0.13086359	8.417142857142857e-05	0.0002805714285714286	14.105285882949829	52454.237958431244
5037	1376.5785530188034	1022.13	91.4658203125	0.130735	8.412857142857143e-05	0.0002804285714285715	14.747097492218018	52468.98772931099
5038	1378.9652458506282	1022.04	91.721923828125	0.13068978	8.408571428571427e-05	0.00028028571428571425	14.306465148925781	52483.29473853111
5039	1359.8416414048947	1017.97	91.98291015625	0.13065375	8.404285714285713e-05	0.00028014285714285717	14.369771003723145	52497.66604089737
5040	1364.5706497038236	1008.08	91.99072265625	0.1305665	8.4e-05	0.00028000000000000003	15.799760818481445	52513.467195272446
5041	1377.3761500819614	1024.0	91.74853515625	0.13052683	8.395714285714283e-05	0.00027985714285714284	14.190213918685913	52527.66120147705
5042	1384.4402337449274	1024.0	91.756103515625	0.13046983	8.39142857142857e-05	0.0002797142857142857	14.198168992996216	52541.85990738869
5043	1347.5363749562362	1008.32	92.012939453125	0.13046063	8.387142857142857e-05	0.0002795714285714286	14.608384609222412	52556.47112035751
5044	1366.7306895919583	1014.16	92.019287109375	0.13037246	8.382857142857144e-05	0.0002794285714285715	14.21898889541626	52570.69231271744
5045	1366.6248120325183	1013.03	92.02734375	0.13036671	8.378571428571427e-05	0.00027928571428571423	15.188888788223267	52585.881731271744
5046	1362.8877735880355	1016.22	92.030517578125	0.13028564	8.374285714285714e-05	0.00027914285714285714	14.22924280166626	52600.11414933205
5047	1384.1494325954693	1018.5	92.04296875	0.1302993	8.37e-05	0.000279	14.977267742156982	52615.09319162369
5048	1379.5272780902535	1024.0	92.05078125	0.13024822	8.365714285714284e-05	0.0002788571428571428	14.383364200592041	52629.47711801529
5049	1347.818898390921	998.68	92.05859375	0.13017428	8.36142857142857e-05	0.0002787142857142857	14.926875591278076	52644.407031297684
5050	1381.4231861650517	1016.15	92.306640625	0.1301458	8.357142857142857e-05	0.0002785714285714286	13.612558126449585	52658.02013516426
5051	1366.98296481953	1016.18	91.825439453125	0.13019049	8.352857142857143e-05	0.00027842857142857145	14.82658076286316	52672.8497531414
5052	1383.7345639286182	1024.0	91.829345703125	0.13010305	8.348571428571427e-05	0.00027828571428571426	14.252405643463135	52687.10480952263
5053	1386.7877130394775	1024.0	91.841552734375	0.13001585	8.344285714285713e-05	0.0002781428571428571	15.033751964569092	52702.13909506798
5054	1377.8255534813566	1020.59	92.098876953125	0.13003537	8.34e-05	0.00027800000000000004	14.212305307388306	52716.35408568382
5055	1369.0865392382982	1014.26	92.10693359375	0.12994899	8.335714285714283e-05	0.0002778571428571428	14.850345134735107	52731.20599937439
5056	1365.3763320666062	1016.06	92.112548828125	0.1299473	8.33142857142857e-05	0.0002777142857142857	8.741729021072388	52739.950078725815
5057	1384.3903784509757	1024.0	89.34375	0.12989382	8.327142857142857e-05	0.00027757142857142857	13.520194053649902	52753.47088050842
5058	1363.9924485440972	1010.76	91.8583984375	0.12981845	8.322857142857144e-05	0.0002774285714285715	14.527580738067627	52767.99953651428
5059	1383.2411570215872	1024.0	92.62841796875	0.12975223	8.318571428571427e-05	0.00027728571428571423	14.197355508804321	52782.19702577591
5060	1379.083045399013	1022.59	90.63134765625	0.12969704	8.314285714285714e-05	0.00027714285714285715	13.457295656204224	52795.65803718567
5061	1365.0911234936866	1012.71	92.13330078125	0.12969743	8.31e-05	0.000277	8.767971992492676	52804.42626810074
5062	1387.8554478906124	1024.0	91.93798828125	0.12973951	8.305714285714284e-05	0.0002768571428571428	14.201856136322021	52818.630074977875
5063	1379.1977981992122	1024.0	91.43408203125	0.12968995	8.30142857142857e-05	0.0002767142857142857	14.63258171081543	52833.263006448746
5064	1396.2692550942622	1024.0	91.96435546875	0.12966043	8.297142857142857e-05	0.0002765714285714286	14.127686977386475	52847.39123558998
5065	1355.4888900375477	1004.52	91.759033203125	0.12965956	8.292857142857143e-05	0.00027642857142857146	8.81514286994934	52856.21051430702
5066	1378.5745988978172	1024.0	91.669921875	0.12971264	8.288571428571427e-05	0.00027628571428571426	15.986896276473999	52872.19802951813
5067	1363.9592365544106	1014.51	91.95068359375	0.1297157	8.284285714285713e-05	0.0002761428571428571	14.37083101272583	52886.57196521759
5068	1385.5418602949933	1024.0	92.0	0.1296015	8.28e-05	0.00027600000000000004	13.359342336654663	52899.93184041977
5069	1353.8077382006097	1000.69	91.943115234375	0.1295293	8.275714285714287e-05	0.0002758571428571429	14.9997718334198	52914.93387556076
5070	1384.7551040015255	1024.0	92.260498046875	0.12947915	8.27142857142857e-05	0.0002757142857142857	13.070619106292725	52928.00462937355
5071	1357.4012281213672	1011.21	91.69580078125	0.12950744	8.267142857142857e-05	0.00027557142857142857	15.109344005584717	52943.11638689041
5072	1373.0545965713723	1020.72	91.718505859375	0.1295885	8.262857142857144e-05	0.0002754285714285715	14.345275163650513	52957.46649861336
5073	1349.5456384966215	1010.89	91.2626953125	0.12947924	8.258571428571427e-05	0.00027528571428571424	15.295848369598389	52972.76503157616
5074	1387.1812029702323	1024.0	91.99951171875	0.1294486	8.254285714285714e-05	0.00027514285714285716	13.160587787628174	52985.92617368698
5075	1358.889618978696	1009.45	91.507568359375	0.12938903	8.25e-05	0.000275	14.925905704498291	53000.85576438904
5076	1379.0539867164498	1022.36	91.54833984375	0.12925263	8.245714285714286e-05	0.00027485714285714293	14.228739261627197	53015.08821058273
5077	1386.7959214251575	1024.0	91.80859375	0.12918575	8.24142857142857e-05	0.0002747142857142857	14.910796165466309	53030.001040935516
5078	1390.2507636081639	1024.0	91.76953125	0.12928055	8.237142857142856e-05	0.0002745714285714286	14.32148289680481	53044.32570338249
5079	1376.8531264402152	1016.2	91.52783203125	0.12923662	8.232857142857143e-05	0.00027442857142857146	15.1038179397583	53059.43143081665
5080	1363.1383022198997	1010.66	92.03564453125	0.1293179	8.228571428571426e-05	0.00027428571428571427	14.615902423858643	53074.048022031784
5081	1383.212096763917	1024.0	91.613525390625	0.12930602	8.224285714285713e-05	0.00027414285714285713	13.500620365142822	53087.551017045975
5082	1378.452873299081	1019.97	92.35986328125	0.12930855	8.22e-05	0.00027400000000000005	8.764769077301025	53096.31635904312
5083	1382.35138336751	1016.04	91.87890625	0.12925589	8.215714285714287e-05	0.0002738571428571429	13.888197183609009	53110.20875668526
5084	1375.064579232739	1018.85	91.590087890625	0.12927932	8.211428571428569e-05	0.0002737142857142857	14.966953992843628	53125.17636561394
5085	1378.8199463052124	1024.0	91.353759765625	0.12928051	8.207142857142857e-05	0.0002735714285714286	13.826941967010498	53139.00479722023
5086	1375.8522475448726	1012.2	91.60009765625	0.1291283	8.202857142857143e-05	0.0002734285714285715	15.062947750091553	53154.06827497482
5087	1373.0972224143945	1016.15	92.124267578125	0.12906823	8.198571428571427e-05	0.00027328571428571425	14.2891845703125	53168.359679460526
5088	1370.8707618720748	1017.99	92.108642578125	0.12897708	8.194285714285713e-05	0.00027314285714285716	13.595395803451538	53181.95756173134
5089	1378.7645167578949	1020.24	92.10595703125	0.12902117	8.19e-05	0.000273	14.303781747817993	53196.261930942535
5090	1366.6430801900276	1016.18	91.61376953125	0.12903012	8.185714285714286e-05	0.00027285714285714294	15.047847032546997	53211.31241488457
5091	1383.184052312071	1022.27	92.21435546875	0.12902758	8.18142857142857e-05	0.0002727142857142857	8.801846504211426	53220.11607146263
5092	1355.0391681404037	1005.25	91.87939453125	0.12901683	8.177142857142856e-05	0.0002725714285714286	16.31600332260132	53236.432730674744
5093	1373.7035966563885	1010.88	92.184326171875	0.1288972	8.172857142857143e-05	0.00027242857142857147	14.257499933242798	53250.69458889961
5094	1368.2632206618916	1012.14	92.6376953125	0.12889248	8.168571428571426e-05	0.0002722857142857142	8.724467039108276	53259.41961765289
5095	1395.964851616002	1024.0	92.5283203125	0.12890503	8.164285714285713e-05	0.00027214285714285714	14.377213716506958	53273.80082464218
5096	1379.3294119669822	1020.28	92.32080078125	0.12889883	8.16e-05	0.00027200000000000005	14.368429183959961	53288.169803619385
5097	1371.5709292515799	1016.28	92.042236328125	0.12896179	8.155714285714287e-05	0.0002718571428571429	15.057274341583252	53303.230716466904
5098	1394.504097184982	1024.0	91.802001953125	0.12890185	8.15142857142857e-05	0.00027171428571428567	14.663175821304321	53317.89597082138
5099	1390.0283042494373	1024.0	92.29736328125	0.12894903	8.147142857142857e-05	0.0002715714285714286	15.056687593460083	53332.953191280365
5100	1364.2617272389493	1012.49	91.5673828125	0.12886582	8.142857142857143e-05	0.00027142857142857144	14.260083198547363	53347.21567225456
5101	1394.07075729823	1024.0	91.8486328125	0.12876485	8.138571428571427e-05	0.00027128571428571425	14.859973192214966	53362.077315330505
5102	1385.7558581788962	1024.0	91.68798828125	0.12872322	8.134285714285713e-05	0.0002711428571428571	14.190730571746826	53376.26959896088
5103	1392.5522635848258	1022.25	92.091552734375	0.12859802	8.13e-05	0.00027100000000000003	14.98331093788147	53391.25348377228
5104	1388.532234197899	1020.15	91.59765625	0.12862103	8.125714285714286e-05	0.0002708571428571429	15.81360387802124	53407.07223653793
5105	1386.286636437005	1024.0	91.9267578125	0.12853898	8.12142857142857e-05	0.0002707142857142857	13.934346675872803	53421.02108669281
5106	1361.4050998918035	1006.37	92.17333984375	0.12853123	8.117142857142856e-05	0.00027057142857142856	9.088032722473145	53430.10966563225
5107	1389.19481152364	1022.11	92.120849609375	0.12847967	8.112857142857143e-05	0.0002704285714285715	14.217910289764404	53444.33018088341
5108	1390.8542130627084	1024.0	92.141845703125	0.12840994	8.108571428571426e-05	0.0002702857142857142	14.031707286834717	53458.36373090744
5109	1380.5190076951624	1020.73	92.13818359375	0.1283491	8.104285714285713e-05	0.00027014285714285714	14.45779037475586	53472.82495760918
5110	1392.6391314688578	1024.0	92.885986328125	0.12839372	8.1e-05	0.00027	13.263404846191406	53486.089015722275
5111	1382.665440137637	1022.15	92.4990234375	0.12838657	8.095714285714287e-05	0.0002698571428571429	8.767484188079834	53494.85810089111
5112	1391.5902858346597	1022.26	92.732666015625	0.12830888	8.09142857142857e-05	0.00026971428571428567	13.818456649780273	53508.67716383934
5113	1386.7976650777716	1020.16	92.17041015625	0.12827802	8.087142857142857e-05	0.0002695714285714286	14.221518516540527	53522.90029859543
5114	1391.476091321383	1024.0	89.916015625	0.1282018	8.082857142857143e-05	0.00026942857142857145	13.632004976272583	53536.535972595215
5115	1383.1168520133076	1016.14	92.65234375	0.12819682	8.078571428571427e-05	0.00026928571428571426	9.057343006134033	53545.595977544785
5116	1386.0150740526105	1018.03	92.923583984375	0.12819435	8.074285714285713e-05	0.0002691428571428571	8.656659126281738	53554.25318932533
5117	1377.9539126243822	1012.28	92.681396484375	0.1281921	8.07e-05	0.00026900000000000003	8.677439212799072	53562.93129277229
5118	1381.3336640073173	1024.0	92.939697265625	0.12818912	8.065714285714286e-05	0.0002688571428571429	8.84706711769104	53571.78112268448
5119	1396.0068747973796	1024.0	92.93798828125	0.12818581	8.06142857142857e-05	0.0002687142857142857	8.677714109420776	53580.459466695786
5120	1388.8024726704136	1020.15	92.705810546875	0.12818255	8.057142857142856e-05	0.00026857142857142856	9.656842708587646	53590.119237184525
5121	1374.5316910098193	1021.23	91.9638671875	0.12821116	8.052857142857142e-05	0.0002684285714285715	14.93202829360962	53605.05181837082
5122	1378.584418348869	1015.34	92.23486328125	0.12823144	8.048571428571426e-05	0.00026828571428571423	14.262048244476318	53619.31635737419
5123	1384.2457688031773	1024.0	92.032470703125	0.12820579	8.044285714285713e-05	0.00026814285714285715	14.941161394119263	53634.26046085358
5124	1372.1540210229339	1014.41	92.547119140625	0.12803291	8.04e-05	0.000268	14.874239206314087	53649.16727614403
5125	1398.9800585024495	1024.0	92.552490234375	0.12802787	8.035714285714287e-05	0.0002678571428571429	15.487442970275879	53664.65546131134
5126	1387.8230702118651	1024.0	92.810546875	0.12800206	8.03142857142857e-05	0.0002677142857142857	13.822979211807251	53678.4824347496
5127	1372.3240726527447	1016.32	92.115478515625	0.12788793	8.027142857142857e-05	0.0002675714285714286	15.037466287612915	53693.523164987564
5128	1379.9468322917487	1022.04	92.07666015625	0.12783419	8.022857142857143e-05	0.00026742857142857145	14.23423957824707	53707.76087999344
5129	1369.8708401873027	1012.44	92.084228515625	0.12781298	8.018571428571427e-05	0.00026728571428571426	14.915382385253906	53722.676822423935
5130	1372.7292441421828	1012.6	92.35009765625	0.12783949	8.014285714285713e-05	0.0002671428571428571	14.265425443649292	53736.94465017319
5131	1385.127960078247	1024.0	92.107666015625	0.12779336	8.01e-05	0.00026700000000000004	14.938450574874878	53751.886654376984
5132	1369.8581879478622	1010.33	92.11572265625	0.127682	8.005714285714286e-05	0.0002668571428571429	14.25797152519226	53766.14662671089
5133	1379.627306246968	1016.02	91.63134765625	0.12762596	8.00142857142857e-05	0.0002667142857142857	14.395789384841919	53780.54562711716
5134	1375.499262225656	1016.12	92.13134765625	0.12768611	7.997142857142856e-05	0.00026657142857142857	14.760943174362183	53795.30928111076
5135	1376.9971046908718	1020.35	92.88916015625	0.12766331	7.992857142857144e-05	0.0002664285714285715	15.014934062957764	53810.3243560791
5136	1372.148838224666	1018.31	92.420654296875	0.12765288	7.988571428571426e-05	0.00026628571428571424	8.750146627426147	53819.07874131203
5137	1371.9792003339346	1014.37	93.155029296875	0.1275726	7.984285714285712e-05	0.00026614285714285715	14.08460807800293	53833.16402673721
5138	1384.277667377063	1018.0	92.4130859375	0.12753172	7.98e-05	0.000266	13.505454063415527	53846.67299723625
5139	1382.2262011895298	1020.13	92.171875	0.12753673	7.975714285714287e-05	0.00026585714285714293	14.213831901550293	53860.88868355751
5140	1378.9331321186585	1020.14	91.9296875	0.1274869	7.97142857142857e-05	0.0002657142857142857	14.956642150878906	53875.84691762924
5141	1364.8613814377022	1016.11	92.6884765625	0.12752128	7.967142857142857e-05	0.0002655714285714286	14.761070966720581	53890.60915184021
5142	1374.3377167431934	1015.95	92.4462890625	0.12740664	7.962857142857143e-05	0.00026542857142857146	14.896716833114624	53905.50775003433
5143	1383.1851607658675	1022.14	92.453369140625	0.12739013	7.958571428571427e-05	0.00026528571428571427	14.260791778564453	53919.76924300194
5144	1376.9155564692433	1018.04	92.211669921875	0.12730898	7.954285714285713e-05	0.00026514285714285713	14.939189434051514	53934.71111369133
5145	1388.9998713857376	1024.0	92.71923828125	0.1273793	7.95e-05	0.00026500000000000004	13.432024002075195	53948.15163850784
5146	1366.5900443862076	1009.74	92.25048828125	0.12740536	7.945714285714286e-05	0.0002648571428571429	15.0171217918396	53963.172120809555
5147	1381.0994792871993	1016.04	92.485107421875	0.12734649	7.94142857142857e-05	0.00026471428571428566	14.249804019927979	53977.42281937599
5148	1383.0930155412084	1024.0	92.2431640625	0.12718864	7.937142857142856e-05	0.0002645714285714286	14.807842016220093	53992.23391723633
5149	1385.972751207535	1024.0	92.2490234375	0.12722354	7.932857142857144e-05	0.00026442857142857144	14.690446376800537	54006.9266705513
5150	1379.4506093670975	1016.24	92.042236328125	0.12721388	7.928571428571426e-05	0.00026428571428571424	16.031506538391113	54022.9587597847
5151	1386.0405756047642	1024.0	92.560302734375	0.1272092	7.924285714285714e-05	0.0002641428571428571	14.208804368972778	54037.16880440712
5152	1385.1632734901918	1013.97	93.272705078125	0.1272081	7.92e-05	0.000264	9.469298362731934	54046.642499923706
5153	1389.491594211336	1024.0	92.53076171875	0.12711851	7.915714285714286e-05	0.0002638571428571429	14.23108959197998	54060.8742787838
5154	1383.3812864452602	1022.2	92.53955078125	0.12715112	7.91142857142857e-05	0.0002637142857142857	14.553059816360474	54075.430200338364
5155	1390.1918632839786	1016.04	92.297607421875	0.12716031	7.907142857142857e-05	0.00026357142857142855	14.290102005004883	54089.72340750694
5156	1381.3427540404384	1018.08	92.805419921875	0.12715192	7.902857142857143e-05	0.00026342857142857147	14.156602621078491	54103.88155770302
5157	1378.6598373025213	1010.74	92.372314453125	0.12707712	7.898571428571427e-05	0.0002632857142857142	14.39473295211792	54118.28039455414
5158	1392.7013806484545	1024.0	92.19580078125	0.12708502	7.894285714285713e-05	0.00026314285714285713	16.367889165878296	54134.6502995491
5159	1386.5010445980456	1024.0	92.9541015625	0.1270681	7.89e-05	0.000263	14.5060293674469	54149.15870189667
5160	1391.7333603675359	1022.56	92.462158203125	0.1270314	7.885714285714286e-05	0.0002628571428571429	14.211143016815186	54163.3725464344
5161	1385.8680086929462	1020.11	92.969970703125	0.12703545	7.88142857142857e-05	0.00026271428571428566	14.5570809841156	54177.93104696274
5162	1380.3296735504184	1018.43	92.227783203125	0.1269601	7.877142857142856e-05	0.0002625714285714286	14.257021427154541	54192.188996315
5163	1378.1851326992287	1020.21	92.485595703125	0.12694564	7.872857142857144e-05	0.00026242857142857144	14.60936427116394	54206.799369096756
5164	1383.9848255529103	1020.11	92.99365234375	0.1269653	7.868571428571426e-05	0.00026228571428571425	14.197962045669556	54220.997888326645
5165	1376.0110451579205	1016.56	92.501220703125	0.12698118	7.864285714285714e-05	0.0002621428571428571	15.02937126159668	54236.02946615219
5166	1362.585876860975	1012.49	92.50927734375	0.12699972	7.86e-05	0.000262	14.241912364959717	54250.27193570137
5167	1376.3077287309445	1012.45	92.515380859375	0.12696914	7.855714285714286e-05	0.0002618571428571429	15.426020860671997	54265.7001209259
5168	1381.0917346296378	1024.0	91.532958984375	0.12694591	7.85142857142857e-05	0.0002617142857142857	13.849393129348755	54279.56289243698
5169	1388.676080885381	1022.05	93.532958984375	0.12694432	7.847142857142856e-05	0.00026157142857142856	9.538658142089844	54289.10496664047
5170	1360.9281277198745	1004.72	92.541015625	0.12681653	7.842857142857143e-05	0.00026142857142857147	14.247318744659424	54303.35293054581
5171	1390.930868902754	1018.15	93.048583984375	0.12670667	7.838571428571426e-05	0.0002612857142857142	16.00150990486145	54319.35887861252
5172	1375.9038310127103	1016.27	90.4970703125	0.12656735	7.834285714285713e-05	0.00026114285714285714	13.864588260650635	54333.22723579407
5173	1387.470397700362	1024.0	93.30322265625	0.12651512	7.829999999999999e-05	0.000261	14.991840600967407	54348.219614982605
5174	1372.5090356357543	1012.37	93.32470703125	0.1265075	7.825714285714286e-05	0.0002608571428571429	14.266407251358032	54362.48830509186
5175	1359.4223861385392	1004.44	93.332763671875	0.12652923	7.821428571428569e-05	0.00026071428571428567	15.862855195999146	54378.35176444054
5176	1376.053285075288	1020.15	93.340576171875	0.12652344	7.817142857142856e-05	0.0002605714285714286	19.207574605941772	54397.55988526344
5177	1386.2784595037683	1024.0	93.348388671875	0.12636255	7.812857142857143e-05	0.00026042857142857145	14.955888748168945	54412.51768422127
5178	1370.35776035479	1010.62	93.3681640625	0.1262404	7.808571428571426e-05	0.00026028571428571425	14.23266863822937	54426.750885009766
5179	1375.1703102239435	1014.33	93.375732421875	0.12613447	7.804285714285713e-05	0.0002601428571428571	14.587852239608765	54441.33990192413
5180	1391.4690942070717	1024.0	92.6416015625	0.12612888	7.8e-05	0.00026000000000000003	8.9795503616333	54450.32147407532
5181	1381.5381820582618	1010.2	92.8916015625	0.12607856	7.795714285714286e-05	0.0002598571428571429	14.327990055084229	54464.65003299713
5182	1368.757753188883	1004.68	93.39990234375	0.12613024	7.79142857142857e-05	0.0002597142857142857	14.448961973190308	54479.10024499893
5183	1377.2357409535541	1008.91	93.407470703125	0.12614226	7.787142857142856e-05	0.00025957142857142856	14.232516288757324	54493.33568930626
5184	1378.6224055987661	1016.54	93.41552734375	0.12608601	7.782857142857143e-05	0.0002594285714285715	14.290772438049316	54507.62727308273
5185	1395.5259465969064	1024.0	93.423583984375	0.12602675	7.778571428571426e-05	0.00025928571428571423	14.195198774337769	54521.82310414314
5186	1377.4351819888104	1018.13	93.430908203125	0.12592317	7.774285714285713e-05	0.00025914285714285715	14.549354553222656	54536.37658119202
5187	1384.6979454325526	1020.4	93.431640625	0.12585767	7.769999999999999e-05	0.000259	14.217293977737427	54550.596415519714
5188	1395.6380346970743	1024.0	93.44775390625	0.12573232	7.765714285714287e-05	0.0002588571428571429	15.300395727157593	54565.89694619179
5189	1386.6773273201027	1024.0	93.47900390625	0.12560764	7.761428571428569e-05	0.0002587142857142857	14.164170742034912	54580.06320953369
5190	1384.870423600776	1016.19	93.75244140625	0.12560901	7.757142857142856e-05	0.0002585714285714286	9.530021667480469	54589.59378886223
5191	1381.9996754807935	1015.97	93.026123046875	0.1256169	7.752857142857143e-05	0.00025842857142857145	14.243865728378296	54603.839635849
5192	1394.3357661151792	1024.0	93.0654296875	0.12555858	7.74857142857143e-05	0.00025828571428571437	15.444076299667358	54619.28391909599
5193	1388.6634696270442	1020.33	93.089111328125	0.12545912	7.744285714285713e-05	0.0002581428571428571	14.605390548706055	54633.889961242676
5194	1388.6216070451628	1021.94	93.128173828125	0.12547328	7.74e-05	0.00025800000000000004	15.100706338882446	54648.99180269241
5195	1387.5156799515837	1022.13	93.401123046875	0.12550274	7.735714285714286e-05	0.0002578571428571429	14.640260457992554	54663.635335206985
5196	1384.3837907999657	1024.0	93.423095703125	0.12551832	7.73142857142857e-05	0.0002577142857142857	15.25553011894226	54678.89216518402
5197	1378.9693623790208	1016.41	93.22021484375	0.12541167	7.727142857142856e-05	0.00025757142857142857	14.220603227615356	54693.11333179474
5198	1389.4716186982437	1019.99	93.73583984375	0.12535487	7.722857142857143e-05	0.0002574285714285715	13.829461812973022	54706.94378352165
5199	1391.845633620923	1024.0	93.77490234375	0.12532182	7.718571428571429e-05	0.00025728571428571434	13.967706441879272	54720.914378881454
5200	1379.3006906531446	1014.08	93.798828125	0.12527306	7.714285714285713e-05	0.0002571428571428571	14.93594479560852	54735.850942611694
5201	1387.3163897500172	1020.01	93.822509765625	0.12526742	7.709999999999999e-05	0.000257	14.572116613388062	54750.425683021545
5202	1390.0237613524055	1024.0	93.86181640625	0.12520364	7.705714285714287e-05	0.0002568571428571429	14.199460983276367	54764.6273393631
5203	1379.5419885408237	1018.01	93.886474609375	0.12518723	7.701428571428569e-05	0.0002567142857142857	16.645086526870728	54781.27296948433
5204	1394.2728150092175	1024.0	93.92529296875	0.125198	7.697142857142857e-05	0.00025657142857142854	13.017428398132324	54794.2936770916
5205	1382.9403218580628	1022.23	93.94873046875	0.12519415	7.692857142857143e-05	0.00025642857142857146	8.98137640953064	54803.27558636665
5206	1376.6267380823099	1013.57	93.972412109375	0.12512489	7.68857142857143e-05	0.0002562857142857143	14.22244644165039	54817.499541044235
5207	1396.4094184114663	1024.0	93.980224609375	0.12501784	7.684285714285713e-05	0.0002561428571428571	15.037378787994385	54832.53790616989
5208	1398.7171521885234	1024.0	93.49609375	0.12503275	7.68e-05	0.000256	13.243216276168823	54845.78331041336
5209	1377.2931841819154	1012.19	93.74609375	0.1249459	7.675714285714286e-05	0.0002558571428571429	15.713731050491333	54861.49758672714
5210	1383.3714920764846	1024.0	94.00439453125	0.12494395	7.67142857142857e-05	0.00025571428571428566	14.600580215454102	54876.10029864311
5211	1385.0861019077772	1012.63	94.011962890625	0.12496451	7.667142857142856e-05	0.00025557142857142857	15.026788234710693	54891.128942251205
5212	1389.6720448072501	1024.0	94.018310546875	0.12500988	7.662857142857142e-05	0.00025542857142857143	14.26303505897522	54905.39261722565
5213	1358.021008820165	1007.43	94.03759765625	0.124999605	7.658571428571429e-05	0.00025528571428571435	14.936257600784302	54920.33034467697
5214	1382.0551684289926	1014.45	94.060546875	0.12491693	7.654285714285713e-05	0.0002551428571428571	13.53756332397461	54933.86990904808
5215	1395.3261362711619	1024.0	93.568603515625	0.124910556	7.649999999999999e-05	0.000255	8.791022062301636	54942.6614689827
5216	1375.0224141503513	1010.26	94.10009765625	0.124841966	7.645714285714287e-05	0.0002548571428571429	21.019140005111694	54963.68350338936
5217	1389.5631160649768	1016.4	94.112060546875	0.12485918	7.641428571428569e-05	0.0002547142857142857	14.909419059753418	54978.59651732445
5218	1386.697970755149	1018.08	93.377685546875	0.12486043	7.637142857142857e-05	0.00025457142857142855	10.28935694694519	54988.88788986206
5219	1386.385818729776	1024.0	93.868408203125	0.1248726	7.632857142857143e-05	0.00025442857142857146	14.615793943405151	55003.50430750847
5220	1389.0333157098326	1024.0	94.134765625	0.12476819	7.62857142857143e-05	0.0002542857142857143	14.501743078231812	55018.008013010025
5221	1378.8875887165823	1018.35	94.142333984375	0.12458374	7.624285714285713e-05	0.00025414285714285713	14.282928466796875	55032.2920396328
5222	1386.3160134615987	1018.32	94.275146484375	0.124540836	7.62e-05	0.000254	14.80664348602295	55047.09951901436
5223	1389.3750855308363	1018.11	93.778564453125	0.124482594	7.615714285714286e-05	0.0002538571428571429	14.301401853561401	55061.40245270729
5224	1388.9553815959575	1020.07	93.791015625	0.124423556	7.61142857142857e-05	0.00025371428571428566	14.974853277206421	55076.37842154503
5225	1393.4535633861854	1024.0	94.049072265625	0.1242659	7.607142857142856e-05	0.0002535714285714286	13.046496629714966	55089.42546725273
5226	1399.2905749826552	1019.83	95.306640625	0.12424642	7.602857142857142e-05	0.00025342857142857144	13.565471649169922	55102.993486166
5227	1383.7076933631945	1014.31	94.314697265625	0.12423772	7.598571428571429e-05	0.00025328571428571436	8.939281940460205	55111.93590736389
5228	1390.6182580595218	1014.59	94.322998046875	0.1242348	7.594285714285712e-05	0.0002531428571428571	8.667588233947754	55120.604112148285
5229	1394.750917656096	1021.98	91.495849609375	0.12423146	7.589999999999999e-05	0.000253	9.423753261566162	55130.02849197388
5230	1394.63065207884	1022.02	94.26708984375	0.12422839	7.585714285714287e-05	0.0002528571428571429	11.519953489303589	55141.55107998848
5231	1389.7936036867904	1024.0	94.0654296875	0.124225624	7.581428571428569e-05	0.0002527142857142857	8.681869506835938	55151.10811543465
5232	1405.9375271841957	1024.0	94.830078125	0.124224	7.577142857142857e-05	0.00025257142857142855	9.445745944976807	55160.55453276634
5233	1386.8002491136897	1021.94	94.3466796875	0.12422237	7.572857142857143e-05	0.00025242857142857147	9.381779909133911	55169.93696498871
5234	1390.039242993424	1024.0	94.356201171875	0.12422017	7.56857142857143e-05	0.00025228571428571433	8.637386322021484	55178.5763771534
5235	1379.2500150533958	1024.0	94.375	0.12421546	7.564285714285713e-05	0.00025214285714285714	9.438936471939087	55188.01605272293
5236	1372.0245107311302	1008.23	94.64111328125	0.124144316	7.56e-05	0.000252	13.638512372970581	55201.65601158142
5237	1392.5857122062487	1024.0	93.8916015625	0.12415144	7.555714285714286e-05	0.0002518571428571429	14.628426313400269	55216.37041950226
5238	1381.6594541190457	1010.01	93.41943359375	0.12418998	7.55142857142857e-05	0.00025171428571428567	14.791342973709106	55231.16342496872
5239	1386.5911970432492	1020.66	93.907958984375	0.12420898	7.547142857142856e-05	0.0002515714285714286	14.928820133209229	55246.09282660484
5240	1389.5744604047304	1020.11	93.9150390625	0.12415716	7.542857142857142e-05	0.00025142857142857145	14.24524211883545	55260.34005641937
5241	1388.6825902915264	1024.0	93.673828125	0.124207355	7.53857142857143e-05	0.00025128571428571436	14.226762056350708	55274.56735086441
5242	1396.5824640609621	1024.0	93.681884765625	0.12420014	7.534285714285712e-05	0.0002511428571428571	14.547940015792847	55289.11670088768
5243	1391.2941546950317	1024.0	93.93798828125	0.12421561	7.529999999999999e-05	0.00025100000000000003	14.575624704360962	55303.69279241562
5244	1390.8676736652117	1020.12	93.69580078125	0.1240584	7.525714285714286e-05	0.0002508571428571429	14.477295637130737	55318.17061448097
5245	1396.2974014717904	1022.31	93.70361328125	0.12408496	7.521428571428569e-05	0.0002507142857142857	14.183753490447998	55332.35621833801
5246	1376.9715005361827	1013.11	93.711669921875	0.12395376	7.517142857142857e-05	0.00025057142857142856	16.475858688354492	55348.832612514496
5247	1384.1035325679245	1015.39	93.96044921875	0.12393009	7.512857142857143e-05	0.0002504285714285715	14.264426231384277	55363.09865427017
5248	1396.7301442485577	1021.9	93.7275390625	0.12392076	7.508571428571429e-05	0.00025028571428571434	14.548511266708374	55377.647570848465
5249	1405.5058258932095	1024.0	93.9853515625	0.12386606	7.504285714285713e-05	0.0002501428571428571	14.204578161239624	55391.852685689926
5250	1396.2779392634195	1024.0	94.0244140625	0.12378544	7.5e-05	0.00025	14.657618045806885	55406.512274980545
5251	1382.3363776074648	1024.0	93.75146484375	0.12376446	7.495714285714286e-05	0.0002498571428571429	14.167965173721313	55420.68176460266
5252	1372.6486026493956	1016.28	94.009521484375	0.12377122	7.49142857142857e-05	0.0002497142857142857	14.907804012298584	55435.591002464294
5253	1399.7208758540464	1022.38	94.758056640625	0.1237666	7.487142857142856e-05	0.00024957142857142854	8.787200450897217	55444.3796608448
5254	1382.7752148613963	1016.47	94.026123046875	0.12372302	7.482857142857142e-05	0.00024942857142857145	14.966356992721558	55459.3466668129
5255	1385.4375850679394	1022.24	93.32275390625	0.12368256	7.47857142857143e-05	0.0002492857142857143	14.855226516723633	55474.20403265953
5256	1385.0165441418694	1017.97	93.541748046875	0.123552404	7.474285714285712e-05	0.0002491428571428571	14.959179639816284	55489.16428112984
5257	1387.0353903397784	1024.0	93.540283203125	0.12346882	7.47e-05	0.000249	14.177428960800171	55503.34224534035
5258	1388.9039224955586	1018.13	93.80712890625	0.12353539	7.465714285714286e-05	0.0002488571428571429	14.862870693206787	55518.20734453201
5259	1391.752682379659	1024.0	94.31591796875	0.123510025	7.461428571428569e-05	0.00024871428571428565	14.206663846969604	55532.414539813995
5260	1395.2865560594685	1024.0	93.822998046875	0.123370565	7.457142857142856e-05	0.00024857142857142857	14.97267484664917	55547.389221191406
5261	1363.9045420638695	1006.7	93.87451171875	0.12324988	7.452857142857143e-05	0.0002484285714285714	14.235930919647217	55561.62684035301
5262	1393.1638484106631	1024.0	94.08935546875	0.12319549	7.448571428571429e-05	0.00024828571428571434	14.897349834442139	55576.52471232414
5263	1394.143863520558	1024.0	93.846923828125	0.12311616	7.444285714285713e-05	0.0002481428571428571	14.746140718460083	55591.273220062256
5264	1385.3526514027733	1024.0	94.3623046875	0.12311844	7.439999999999999e-05	0.000248	13.347620248794556	55604.62234735489
5265	1374.2538150729429	1013.98	94.1123046875	0.123104386	7.435714285714286e-05	0.00024785714285714287	14.498421430587769	55619.12129473686
5266	1392.1690121923323	1018.61	94.120361328125	0.12308523	7.431428571428569e-05	0.0002477142857142857	14.180405139923096	55633.30352950096
5267	1404.6176100837422	1024.0	94.12646484375	0.12307441	7.427142857142856e-05	0.00024757142857142854	14.589875221252441	55647.89504170418
5268	1378.4905701432106	1020.75	93.87548828125	0.12305751	7.422857142857142e-05	0.00024742857142857146	14.171328783035278	55662.06692504883
5269	1401.727260857861	1024.0	94.142333984375	0.12302031	7.41857142857143e-05	0.0002472857142857143	14.53160548210144	55676.60085964203
5270	1389.85838637342	1018.14	94.151123046875	0.12298214	7.414285714285712e-05	0.0002471428571428571	14.2191743850708	55690.821964263916
5271	1393.269568342599	1018.43	93.658935546875	0.1229968	7.41e-05	0.000247	15.247608423233032	55706.070106744766
5272	1389.3955027357647	1016.3	94.166748046875	0.123073004	7.405714285714286e-05	0.0002468571428571429	14.03940749168396	55720.11132097244
5273	1393.8526556073796	1018.02	94.174560546875	0.12312133	7.40142857142857e-05	0.00024671428571428566	15.089468717575073	55735.20286870003
5274	1383.3407552769622	1016.54	94.6826171875	0.123112865	7.397142857142856e-05	0.00024657142857142857	13.82464337348938	55749.02765631676
5275	1403.0866456641336	1024.0	94.4404296875	0.122990586	7.392857142857143e-05	0.00024642857142857143	15.017919301986694	55764.04808855057
5276	1391.4393360777942	1024.0	93.948486328125	0.12297363	7.388571428571429e-05	0.00024628571428571435	14.22875165939331	55778.2786898613
5277	1395.1260005966437	1022.0	93.9755859375	0.12293848	7.384285714285713e-05	0.0002461428571428571	15.169750928878784	55793.44898915291
5278	1386.2735580232109	1024.0	93.96435546875	0.12287676	7.379999999999999e-05	0.000246	14.23148798942566	55807.68252778053
5279	1379.014149609732	1016.15	94.222412109375	0.122870706	7.375714285714286e-05	0.0002458571428571429	15.044463872909546	55822.72880983353
5280	1386.2176830646827	1017.94	93.980224609375	0.122792415	7.371428571428569e-05	0.0002457142857142857	14.768836736679077	55837.50026798248
5281	1376.8076105179114	1014.22	94.23779296875	0.12281594	7.367142857142856e-05	0.00024557142857142855	14.946044683456421	55852.44813609123
5282	1390.8739389714426	1018.01	93.987060546875	0.12272379	7.362857142857142e-05	0.00024542857142857146	14.171178579330444	55866.620441913605
5283	1379.1951532863395	1014.11	95.25390625	0.122738786	7.35857142857143e-05	0.0002452857142857143	14.77261233329773	55881.393589019775
5284	1390.0310511502946	1022.27	94.261962890625	0.12273715	7.354285714285712e-05	0.00024514285714285713	8.771469354629517	55890.16611146927
5285	1380.7626192922792	1012.42	94.26953125	0.122721024	7.35e-05	0.000245	13.713855028152466	55903.88053250313
5286	1396.9137932844908	1018.25	94.152587890625	0.12276376	7.345714285714286e-05	0.0002448571428571429	14.374358892440796	55918.25599527359
5287	1398.531676385847	1022.13	91.610595703125	0.12281951	7.34142857142857e-05	0.00024471428571428566	14.174829483032227	55932.43258166313
5288	1374.1904320841807	1012.36	93.91015625	0.12288348	7.337142857142856e-05	0.0002445714285714286	15.020910501480103	55947.45597624779
5289	1399.0444098118119	1024.0	93.9169921875	0.1227796	7.332857142857143e-05	0.00024442857142857144	14.271218299865723	55961.72773551941
5290	1384.703209623265	1021.96	93.4619140625	0.12273452	7.328571428571429e-05	0.00024428571428571435	39.433032751083374	56001.16285300255
5291	1388.0933913382923	1016.08	93.940185546875	0.1226435	7.324285714285713e-05	0.0002441428571428571	14.669767379760742	56015.83411717415
5292	1387.1656803600072	1024.0	94.198486328125	0.12255881	7.319999999999999e-05	0.000244	14.957371950149536	56030.793979883194
5293	1384.9285623305818	1012.36	94.45654296875	0.12261499	7.315714285714285e-05	0.00024385714285714288	14.273345232009888	56045.0736553669
5294	1381.1910014942812	1018.0	94.46435546875	0.122591816	7.311428571428569e-05	0.00024371428571428566	14.914722204208374	56059.9907708168
5295	1389.0773588415636	1024.0	94.72216796875	0.12270608	7.307142857142855e-05	0.00024357142857142855	14.468058586120605	56074.460820674896
5296	1388.367380144671	1016.36	94.2197265625	0.122730635	7.302857142857142e-05	0.00024342857142857144	16.805365562438965	56091.266735076904
5297	1395.4180632267735	1022.23	94.48828125	0.12268642	7.29857142857143e-05	0.00024328571428571433	14.248899221420288	56105.51724219322
5298	1372.0893870012917	1008.08	94.49609375	0.12265947	7.294285714285712e-05	0.0002431428571428571	15.098400592803955	56120.618233680725
5299	1392.468578490544	1024.0	94.004150390625	0.12265732	7.29e-05	0.000243	14.520321130752563	56135.13913035393
5300	1393.0419650638182	1024.0	94.51171875	0.122570775	7.285714285714286e-05	0.00024285714285714289	14.960960388183594	56150.1013212204
5301	1386.8542119599995	1020.51	94.519775390625	0.12258142	7.28142857142857e-05	0.00024271428571428567	14.213170051574707	56164.31590747833
5302	1390.462934322774	1017.94	94.527587890625	0.12250654	7.277142857142856e-05	0.00024257142857142855	14.940915584564209	56179.2576212883
5303	1386.013774308661	1020.27	94.329345703125	0.122400485	7.272857142857142e-05	0.00024242857142857144	14.592812061309814	56193.85238838196
5304	1399.9371222713846	1024.0	94.29443359375	0.122323416	7.268571428571429e-05	0.00024228571428571433	14.960737943649292	56208.81613492966
5305	1383.6753444519295	1018.26	94.30224609375	0.12236664	7.264285714285713e-05	0.0002421428571428571	14.245264768600464	56223.06283259392
5306	1398.7417522332805	1024.0	93.81005859375	0.12227101	7.259999999999999e-05	0.000242	14.903909921646118	56237.968636512756
5307	1392.46826843694	1020.01	95.06787109375	0.122159414	7.255714285714285e-05	0.0002418571428571429	13.443223237991333	56251.41239500046
5308	1367.6886828379277	1004.37	94.325927734375	0.12215888	7.251428571428569e-05	0.00024171428571428567	16.78047204017639	56268.19367837906
5309	1390.4180581256992	1020.38	94.07470703125	0.122165	7.247142857142855e-05	0.00024157142857142856	14.315359592437744	56282.509590387344
5310	1401.6451206898926	1024.0	94.599365234375	0.12220308	7.242857142857143e-05	0.00024142857142857145	14.970654249191284	56297.48182916641
5311	1395.6752688858949	1024.0	94.349609375	0.12212926	7.23857142857143e-05	0.00024128571428571433	14.632157325744629	56312.114542245865
5312	1394.2647508359237	1021.96	94.857421875	0.122097515	7.234285714285712e-05	0.00024114285714285711	15.321241855621338	56327.437631845474
5313	1398.1848669221206	1024.0	94.356201171875	0.1220556	7.23e-05	0.000241	14.38854193687439	56341.83217525482
5314	1395.216735846472	1024.0	94.873046875	0.12195749	7.225714285714286e-05	0.0002408571428571429	14.951230525970459	56356.78393769264
5315	1375.347547191377	1012.15	94.1328125	0.12188087	7.221428571428572e-05	0.00024071428571428578	14.654942274093628	56371.440442085266
5316	1396.3313916265602	1016.51	94.88720703125	0.12182217	7.217142857142856e-05	0.00024057142857142856	16.12293004989624	56387.56495523453
5317	1382.605609593908	1016.44	94.888916015625	0.12179294	7.212857142857142e-05	0.00024042857142857145	14.269757270812988	56401.83528327942
5318	1387.6372853352195	1018.61	94.903076171875	0.12170067	7.208571428571429e-05	0.00024028571428571434	14.93959641456604	56416.779153347015
5319	1390.6178287221812	1022.19	94.910888671875	0.121658295	7.204285714285712e-05	0.00024014285714285712	15.267269849777222	56432.04835939407
5320	1391.2231605297318	1022.22	94.919921875	0.12169985	7.199999999999999e-05	0.00024	14.910977125167847	56446.9614880085
5321	1391.2926556337304	1020.01	94.92822265625	0.12175632	7.195714285714285e-05	0.0002398571428571429	14.59610629081726	56461.56160569191
5322	1388.3627317255095	1014.18	94.936767578125	0.12164611	7.191428571428573e-05	0.00023971428571428578	15.056494235992432	56476.61991405487
5323	1384.1517035755305	1016.02	94.685302734375	0.12168774	7.187142857142855e-05	0.00023957142857142856	14.084197998046875	56490.705315589905
5324	1376.4855104765186	1008.68	94.9521484375	0.121713065	7.182857142857143e-05	0.00023942857142857145	14.2622549533844	56504.96811532974
5325	1395.291361918131	1024.0	94.960205078125	0.12170709	7.17857142857143e-05	0.00023928571428571434	14.403491497039795	56519.37607598305
5326	1397.9847666912458	1019.47	94.96826171875	0.12167635	7.174285714285713e-05	0.0002391428571428571	14.22961688041687	56533.60818862915
5327	1392.1877314740796	1024.0	94.9765625	0.1215956	7.17e-05	0.00023899999999999998	14.843527793884277	56548.45227074623
5328	1394.6109211451508	1024.0	94.73388671875	0.121493906	7.165714285714286e-05	0.0002388571428571429	24.7645742893219	56573.21844291687
5329	1389.4995335954818	1016.37	95.24169921875	0.121534355	7.161428571428572e-05	0.00023871428571428579	16.489073514938354	56589.70985913277
5330	1395.3953948984997	1016.08	94.99072265625	0.121503435	7.157142857142856e-05	0.00023857142857142854	15.128812074661255	56604.84051179886
5331	1375.3641242936799	1004.07	94.757568359375	0.12134939	7.152857142857142e-05	0.00023842857142857143	17.855393171310425	56622.698372125626
5332	1384.7853697773985	1005.49	95.015380859375	0.12134818	7.148571428571429e-05	0.00023828571428571432	15.403746604919434	56638.10397195816
5333	1387.2201057452767	1016.09	95.023193359375	0.12135359	7.144285714285712e-05	0.0002381428571428571	14.032256126403809	56652.13865041733
5334	1388.081772372724	1010.11	95.03076171875	0.12120535	7.139999999999999e-05	0.00023799999999999998	14.73857069015503	56666.8778898716
5335	1389.849758730938	1022.06	95.038818359375	0.12113168	7.135714285714285e-05	0.00023785714285714287	14.235188007354736	56681.11684966087
5336	1386.832998913955	1014.44	95.047607421875	0.121192254	7.131428571428573e-05	0.00023771428571428576	15.07063913345337	56696.18912243843
5337	1381.4890426642826	1014.23	95.055908203125	0.12111297	7.127142857142855e-05	0.00023757142857142854	14.243658781051636	56710.43345475197
5338	1394.8879447428983	1023.96	95.0634765625	0.12104503	7.122857142857143e-05	0.00023742857142857143	17.59571886062622	56728.031220436096
5339	1388.7491323580139	1024.0	95.06884765625	0.12103245	7.118571428571429e-05	0.00023728571428571432	13.300236940383911	56741.333112478256
5340	1389.1909705807495	1016.32	95.826904296875	0.121030234	7.114285714285713e-05	0.0002371428571428571	9.535688400268555	56750.870156526566
5341	1396.5498808908308	1024.0	95.084716796875	0.12094337	7.11e-05	0.000237	30.477001190185547	56781.34770941734
5342	1384.1535061937993	1020.01	95.342529296875	0.1209425	7.105714285714286e-05	0.00023685714285714288	14.774333238601685	56796.12376856804
5343	1382.8668883751886	1015.22	95.100341796875	0.12091299	7.101428571428572e-05	0.00023671428571428576	14.851174354553223	56810.97553181648
5344	1398.9358838909166	1024.0	92.538818359375	0.12090871	7.097142857142856e-05	0.00023657142857142854	8.865025043487549	56819.8417570591
5345	1384.2968394885152	1018.17	95.367919921875	0.12090638	7.092857142857142e-05	0.00023642857142857143	8.681959629058838	56828.524285793304
5346	1392.2965733260355	1024.0	94.886474609375	0.12090445	7.088571428571429e-05	0.00023628571428571432	9.46360731124878	56837.98982810974
5347	1378.3209561681476	1016.15	95.144287109375	0.12090257	7.084285714285712e-05	0.0002361428571428571	8.744678258895874	56846.73509192467
5348	1362.0894151255397	1004.27	95.152099609375	0.12090135	7.079999999999999e-05	0.000236	8.648394346237183	56855.384061813354
5349	1388.5021967220705	1018.81	95.41015625	0.12090084	7.075714285714285e-05	0.00023585714285714288	8.670951843261719	56864.05624318123
5350	1380.721513447433	1014.1	95.292724609375	0.120899945	7.071428571428573e-05	0.00023571428571428577	8.806715250015259	56872.86321258545
5351	1384.4404141239245	1018.27	95.12060546875	0.120990604	7.067142857142855e-05	0.00023557142857142855	14.255415439605713	56887.11927771568
5352	1383.218256369652	1014.16	95.13037109375	0.120858826	7.062857142857143e-05	0.00023542857142857144	14.710399389266968	56901.83303666115
5353	1380.217122301854	1016.01	95.1611328125	0.1208252	7.058571428571429e-05	0.00023528571428571432	14.975643873214722	56916.81078219414
5354	1368.4878437171965	1008.13	95.1689453125	0.1207728	7.054285714285713e-05	0.0002351428571428571	15.421611547470093	56932.234570503235
5355	1378.8965673777248	1010.54	95.177001953125	0.1207976	7.049999999999999e-05	0.000235	14.221292495727539	56946.458463191986
5356	1386.2690297868694	1018.26	95.1845703125	0.12073048	7.045714285714286e-05	0.00023485714285714288	15.08269715309143	56961.54173564911
5357	1389.2721793682226	1018.35	95.1923828125	0.12075011	7.041428571428572e-05	0.00023471428571428577	13.60560917854309	56975.14925265312
5358	1396.4611060714728	1024.0	95.69189453125	0.12074237	7.037142857142856e-05	0.00023457142857142855	8.793624877929688	56983.94343209267
5359	1394.3825563613964	1018.32	95.220458984375	0.120728426	7.032857142857142e-05	0.00023442857142857144	14.485527992248535	56998.43081021309
5360	1378.2546788784268	1015.96	95.228271484375	0.120753996	7.028571428571428e-05	0.00023428571428571433	14.254146814346313	57012.68694424629
5361	1396.3787892291919	1020.05	95.236083984375	0.120619886	7.024285714285712e-05	0.0002341428571428571	14.897905111312866	57027.58541226387
5362	1402.1315207351581	1024.0	95.23486328125	0.12054286	7.019999999999999e-05	0.000234	13.387867212295532	57040.97569870949
5363	1385.9753900728754	1024.0	95.249755859375	0.12053578	7.015714285714286e-05	0.00023385714285714288	14.907967567443848	57055.8843934536
5364	1389.9375776895397	1024.0	95.2578125	0.120600946	7.011428571428573e-05	0.00023371428571428577	14.240699052810669	57070.12910604477
5365	1387.4706900826466	1011.95	95.265625	0.120527595	7.007142857142855e-05	0.00023357142857142855	14.941383123397827	57085.07296061516
5366	1397.7032242136092	1024.0	95.2734375	0.12050233	7.002857142857143e-05	0.00023342857142857144	14.224899768829346	57099.2984046936
5367	1395.2001745953148	1021.69	95.281494140625	0.12042474	6.998571428571429e-05	0.00023328571428571433	14.987419366836548	57114.2890253067
5368	1354.5161320160166	997.41	95.2890625	0.12030608	6.994285714285713e-05	0.0002331428571428571	14.281141757965088	57128.5868537426
5369	1381.6379155867141	1016.14	94.79833984375	0.12026135	6.989999999999999e-05	0.000233	14.981212854385376	57143.56860947609
5370	1399.2752462939552	1024.0	95.305908203125	0.12012476	6.985714285714286e-05	0.0002328571428571429	14.593299150466919	57158.16383290291
5371	1394.406012438744	1023.06	95.313720703125	0.12020687	6.981428571428572e-05	0.00023271428571428578	14.93155026435852	57173.095927238464
5372	1400.7818313413113	1020.21	95.321533203125	0.120159276	6.977142857142856e-05	0.00023257142857142856	14.24706244468689	57187.34539985657
5373	1390.8608681716928	1024.0	95.32958984375	0.12022027	6.972857142857142e-05	0.00023242857142857144	15.148421287536621	57202.49571275711
5374	1385.3367306337054	1020.2	95.33740234375	0.12019032	6.968571428571428e-05	0.00023228571428571433	14.280230045318604	57216.77802944183
5375	1393.4942332515172	1024.0	95.345947265625	0.12019309	6.964285714285712e-05	0.0002321428571428571	15.160527467727661	57231.93913412094
5376	1392.1617321516087	1016.29	95.353515625	0.120156	6.959999999999998e-05	0.000232	13.98994493484497	57245.93122172356
5377	1387.4878967453683	1018.19	95.361572265625	0.12014854	6.955714285714286e-05	0.0002318571428571429	14.977877616882324	57260.91108560562
5378	1400.7404446124972	1024.0	95.369384765625	0.120233625	6.951428571428573e-05	0.00023171428571428578	14.671149730682373	57275.58376574516
5379	1389.4798163175199	1020.01	95.376953125	0.12022967	6.947142857142856e-05	0.00023157142857142853	14.981350183486938	57290.56627821922
5380	1396.6472196121235	1024.0	95.385009765625	0.120201446	6.942857142857143e-05	0.00023142857142857142	13.423177719116211	57303.99013900757
5381	1397.8667994111759	1020.07	95.39306640625	0.12011245	6.938571428571429e-05	0.0002312857142857143	15.02495813369751	57319.01691389084
5382	1385.2908003007242	1020.29	95.40087890625	0.12014247	6.934285714285713e-05	0.0002311428571428571	14.292456865310669	57333.31092572212
5383	1378.4869428195723	1014.12	95.40869140625	0.12005065	6.929999999999999e-05	0.00023099999999999998	14.934984922409058	57348.24799156189
5384	1385.8827892134216	1014.0	95.416748046875	0.1199872	6.925714285714285e-05	0.00023085714285714287	14.382415056228638	57362.63095664978
5385	1389.4023619939135	1017.97	95.425048828125	0.120012134	6.921428571428572e-05	0.00023071428571428575	15.063599586486816	57377.69641160965
5386	1406.6426796301112	1024.0	95.433349609375	0.1199603	6.917142857142855e-05	0.00023057142857142853	14.757063150405884	57392.45414805412
5387	1387.9783628565754	1014.1	95.43896484375	0.11994488	6.912857142857142e-05	0.00023042857142857142	15.350764036178589	57407.80649828911
5388	1386.8174089854565	1024.0	95.447265625	0.119933866	6.908571428571428e-05	0.0002302857142857143	14.434365510940552	57422.241404533386
5389	1392.2802321213373	1024.0	95.95556640625	0.1198659	6.904285714285712e-05	0.0002301428571428571	13.941113710403442	57436.19001173973
5390	1382.4299796019386	1014.17	95.462890625	0.119841635	6.899999999999998e-05	0.00022999999999999998	14.420075178146362	57450.611491680145
5391	1361.0228173974317	997.92	95.470458984375	0.11976776	6.895714285714286e-05	0.00022985714285714287	14.3337881565094	57464.945830345154
5392	1359.7305156303557	999.36	95.497802734375	0.11969873	6.891428571428572e-05	0.00022971428571428576	14.558635234832764	57479.50643157959
5393	1394.4068707196473	1019.94	95.510009765625	0.119633384	6.887142857142856e-05	0.00022957142857142854	14.262102842330933	57493.77044248581
5394	1395.7096709518828	1022.26	95.51806640625	0.11960388	6.882857142857142e-05	0.00022942857142857143	14.907501220703125	57508.6784992218
5395	1377.9259556612355	1008.29	95.525634765625	0.119513504	6.878571428571429e-05	0.00022928571428571431	14.225342273712158	57522.90532565117
5396	1379.2509699310717	1014.21	95.5341796875	0.11947203	6.874285714285713e-05	0.0002291428571428571	14.69284987449646	57537.599789857864
5397	1379.784764119922	1018.1	95.541748046875	0.11950155	6.869999999999999e-05	0.00022899999999999998	14.221781492233276	57551.82346320152
5398	1388.0809046677955	1020.81	96.29931640625	0.11950674	6.865714285714285e-05	0.00022885714285714287	14.296095132827759	57566.12066268921
5399	1395.2515147902282	1024.0	96.05712890625	0.11948723	6.861428571428572e-05	0.00022871428571428576	13.225364685058594	57579.34841251373
5400	1372.581963094356	1006.29	96.315185546875	0.11949199	6.857142857142855e-05	0.00022857142857142854	9.485706090927124	57588.83493876457
5401	1376.880267159762	1010.16	95.823974609375	0.11943234	6.852857142857142e-05	0.00022842857142857143	14.48464035987854	57603.320142269135
5402	1387.913392371111	1020.53	92.64111328125	0.11933754	6.848571428571428e-05	0.00022828571428571432	14.962568998336792	57618.28443455696
5403	1387.748642576667	1021.01	95.729736328125	0.11933303	6.844285714285712e-05	0.0002281428571428571	19.055803537368774	57637.34109544754
5404	1381.8039828223355	1013.22	95.26220703125	0.119359076	6.839999999999998e-05	0.00022799999999999999	15.008830547332764	57652.35110998154
5405	1372.440594386014	1010.15	95.521728515625	0.11927583	6.835714285714286e-05	0.00022785714285714287	14.47182035446167	57666.82513952255
5406	1391.0153559368412	1018.31	96.03125	0.11932244	6.831428571428572e-05	0.00022771428571428576	14.132426023483276	57680.959793806076
5407	1391.2932943150695	1018.17	95.287109375	0.11928133	6.827142857142856e-05	0.00022757142857142854	14.693524599075317	57695.65543460846
5408	1390.3925737606346	1012.27	95.54736328125	0.11922524	6.822857142857142e-05	0.00022742857142857143	15.302293539047241	57710.96030688286
5409	1379.734346427644	1010.16	95.55517578125	0.119070254	6.818571428571429e-05	0.00022728571428571432	14.707780838012695	57725.66974282265
5410	1382.9476303502868	1016.57	95.562744140625	0.11913583	6.814285714285712e-05	0.0002271428571428571	18.506107330322266	57744.177173137665
5411	1369.9209147985562	1008.41	95.56884765625	0.11917689	6.809999999999999e-05	0.000227	14.0511953830719	57758.22951889038
5412	1392.2672386523873	1019.92	95.5771484375	0.119122654	6.805714285714285e-05	0.00022685714285714288	15.50317907333374	57773.734028339386
5413	1387.8696418781294	1020.82	95.5849609375	0.1190663	6.801428571428572e-05	0.00022671428571428577	19.824097633361816	57793.558691740036
5414	1407.540851129941	1024.0	96.218017578125	0.11904337	6.797142857142855e-05	0.00022657142857142855	14.059609651565552	57807.62033748627
5415	1399.0087924870684	1024.0	95.4619140625	0.119009316	6.792857142857142e-05	0.00022642857142857143	14.227339506149292	57821.84831118584
5416	1368.2467842303395	1002.28	95.733642578125	0.11890656	6.78857142857143e-05	0.00022628571428571432	14.628047704696655	57836.4782602787
5417	1382.1780832199997	1018.1	95.74169921875	0.11886674	6.784285714285712e-05	0.0002261428571428571	13.922154664993286	57850.40158486366
5418	1386.1926329812693	1024.0	95.75048828125	0.118907504	6.779999999999998e-05	0.000226	15.217162847518921	57865.619396448135
5419	1376.8146095950224	1020.04	95.7587890625	0.118873425	6.775714285714286e-05	0.00022585714285714288	14.254723310470581	57879.8759970665
5420	1393.559969720428	1022.19	95.76611328125	0.11881552	6.771428571428572e-05	0.00022571428571428577	14.931697368621826	57894.80851173401
5421	1395.4623955250042	1014.3	95.783447265625	0.118748754	6.767142857142856e-05	0.00022557142857142855	14.225162744522095	57909.03539252281
5422	1364.987537779828	1000.47	95.79345703125	0.11879406	6.762857142857142e-05	0.00022542857142857144	15.721795082092285	57924.75914120674
5423	1402.0570456885139	1022.15	95.801513671875	0.11871169	6.758571428571429e-05	0.00022528571428571433	14.193071126937866	57938.95286130905
5424	1387.5179624186399	1018.12	95.809326171875	0.11871848	6.754285714285712e-05	0.0002251428571428571	14.946422100067139	57953.900332689285
5425	1380.2721548625018	1018.02	95.817138671875	0.11871874	6.749999999999999e-05	0.000225	14.211949348449707	57968.11403989792
5426	1397.1011449181276	1024.0	95.8251953125	0.11859403	6.745714285714285e-05	0.00022485714285714288	14.888969898223877	57983.0035700798
5427	1395.151928672546	1024.0	95.8330078125	0.11853214	6.741428571428572e-05	0.00022471428571428577	13.535260200500488	57996.54087424278
5428	1407.3050178123333	1024.0	95.876708984375	0.118448764	6.737142857142855e-05	0.00022457142857142855	15.238200902938843	58011.78154039383
5429	1385.7453162718914	1014.98	95.88427734375	0.118457355	6.732857142857142e-05	0.00022442857142857144	14.297788381576538	58026.08280777931
5430	1397.2244535179204	1020.67	95.891845703125	0.11851719	6.728571428571429e-05	0.00022428571428571433	14.907304286956787	58040.99139428139
5431	1406.429514352432	1024.0	95.899658203125	0.11846312	6.724285714285712e-05	0.00022414285714285708	14.273094892501831	58055.26595020294
5432	1393.161428568771	1014.43	95.90771484375	0.11847305	6.72e-05	0.00022399999999999997	14.911990642547607	58070.17861413956
5433	1397.255838007736	1020.17	95.91552734375	0.11848355	6.715714285714286e-05	0.00022385714285714286	14.548218727111816	58084.72798228264
5434	1410.31847923154	1024.0	95.92333984375	0.11844165	6.711428571428572e-05	0.00022371428571428575	14.925100803375244	58099.65437912941
5435	1375.2908007393833	1008.63	95.93017578125	0.11837402	6.707142857142856e-05	0.00022357142857142853	15.18056058883667	58114.83639025688
5436	1368.4124705469583	1003.97	96.188232421875	0.11829412	6.702857142857142e-05	0.00022342857142857142	14.871287107467651	58129.70990729332
5437	1401.741007463337	1022.29	95.696044921875	0.11829411	6.698571428571429e-05	0.0002232857142857143	14.451534271240234	58144.16352200508
5438	1375.7941475130012	1010.24	95.9541015625	0.11821625	6.694285714285715e-05	0.0002231428571428572	14.951186656951904	58159.11526250839
5439	1396.221540578836	1018.02	95.952880859375	0.11816839	6.689999999999999e-05	0.00022299999999999997	14.278977155685425	58173.395880937576
5440	1394.7432962351058	1024.0	95.969970703125	0.118103504	6.685714285714285e-05	0.00022285714285714286	14.969756364822388	58188.36799669266
5441	1392.0789157517218	1021.96	95.978759765625	0.11814401	6.681428571428571e-05	0.00022271428571428575	14.339684963226318	58202.71003603935
5442	1369.0671534090934	1008.59	96.236572265625	0.11814809	6.677142857142855e-05	0.00022257142857142853	14.899588823318481	58217.61029458046
5443	1403.061555505585	1018.3	95.99462890625	0.118126236	6.672857142857141e-05	0.00022242857142857142	14.63757610321045	58232.2493185997
5444	1406.0763870816547	1024.0	96.002197265625	0.11809862	6.668571428571429e-05	0.0002222857142857143	14.926263809204102	58247.17669296265
5445	1407.8592533383935	1024.0	96.010009765625	0.11807185	6.664285714285716e-05	0.0002221428571428572	14.287237644195557	58261.46451020241
5446	1390.7897999481863	1017.94	96.01806640625	0.11798599	6.659999999999999e-05	0.00022199999999999998	15.635246276855469	58277.10203075409
5447	1401.6591840918984	1024.0	96.02587890625	0.117988855	6.655714285714286e-05	0.00022185714285714286	14.326759338378906	58291.429340839386
5448	1391.351487323246	1016.17	96.033935546875	0.11792961	6.651428571428572e-05	0.00022171428571428575	14.993388652801514	58306.42605757713
5449	1390.2687412417508	1013.98	96.0419921875	0.11789701	6.647142857142856e-05	0.00022157142857142853	14.329756021499634	58320.756662130356
5450	1395.3047579718339	1024.0	96.0498046875	0.117946245	6.642857142857142e-05	0.00022142857142857142	15.176115036010742	58335.93331360817
5451	1380.1304367116772	1012.01	96.05859375	0.11790397	6.638571428571428e-05	0.0002212857142857143	14.684957504272461	58350.62513613701
5452	1394.2643370312558	1018.15	96.06640625	0.11785842	6.634285714285715e-05	0.0002211428571428572	14.289886474609375	58364.91852736473
5453	1400.8569269033362	1024.0	96.07421875	0.11788324	6.629999999999999e-05	0.00022099999999999998	14.602420806884766	58379.521486997604
5454	1397.3742059502133	1018.0	96.082275390625	0.11791476	6.625714285714285e-05	0.00022085714285714287	14.501840114593506	58394.024537563324
5455	1406.9699643610338	1024.0	96.09033203125	0.11803957	6.621428571428571e-05	0.00022071428571428575	14.46539568901062	58408.49047827721
5456	1396.031672660326	1022.51	96.09814453125	0.11797262	6.617142857142855e-05	0.00022057142857142854	14.285793781280518	58422.77778148651
5457	1375.8791706714414	1006.09	96.106201171875	0.11799297	6.612857142857141e-05	0.00022042857142857142	14.447106838226318	58437.22543954849
5458	1407.7501068860493	1024.0	96.114013671875	0.117908925	6.608571428571429e-05	0.0002202857142857143	13.995728969573975	58451.22267246246
5459	1410.1346105390935	1024.0	93.212158203125	0.11802355	6.604285714285715e-05	0.0002201428571428572	15.72700023651123	58466.950827121735
5460	1395.0311201509298	1019.94	96.09033203125	0.11798784	6.599999999999999e-05	0.00021999999999999998	14.32870864868164	58481.2801630497
5461	1396.7986595573443	1018.44	95.767578125	0.11804536	6.595714285714286e-05	0.00021985714285714287	14.955914735794067	58496.23754477501
5462	1389.0408405641406	1018.7	96.27587890625	0.117933445	6.591428571428572e-05	0.00021971428571428576	15.395019292831421	58511.63310289383
5463	1407.0270971569523	1024.0	96.53369140625	0.11796781	6.587142857142856e-05	0.00021957142857142854	14.777744054794312	58526.414014577866
5464	1366.0791407080012	1006.24	95.791259765625	0.11783081	6.582857142857142e-05	0.00021942857142857143	14.253549814224243	58540.668100357056
5465	1392.402781014731	1016.07	96.04931640625	0.117884845	6.578571428571428e-05	0.00021928571428571431	14.990918397903442	58555.66518783569
5466	1389.885112710031	1012.62	96.0615234375	0.1178782	6.574285714285715e-05	0.0002191428571428572	15.95120120048523	58571.617233514786
5467	1393.774623050867	1022.0	96.066650390625	0.11789018	6.569999999999998e-05	0.00021899999999999998	15.054780006408691	58586.67256402969
5468	1396.1185830067373	1016.14	95.83447265625	0.11787351	6.565714285714285e-05	0.00021885714285714287	14.29595160484314	58600.970531225204
5469	1400.6783760411722	1024.0	95.842529296875	0.117853135	6.561428571428573e-05	0.00021871428571428576	15.029929876327515	58616.00248527527
5470	1405.9976576140286	1024.0	96.100341796875	0.11776307	6.557142857142855e-05	0.00021857142857142854	14.325863599777222	58630.33143615723
5471	1397.7457903457343	1024.0	96.858154296875	0.11776147	6.552857142857141e-05	0.00021842857142857143	14.433558225631714	58644.76703763008
5472	1406.3375422075178	1024.0	95.866455078125	0.11770898	6.548571428571429e-05	0.00021828571428571432	14.303169012069702	58659.07181143761
5473	1389.944765407378	1021.98	95.874267578125	0.11772559	6.544285714285715e-05	0.0002181428571428572	14.930613994598389	58674.0047750473
5474	1399.637663347337	1024.0	96.382080078125	0.11765648	6.539999999999999e-05	0.00021799999999999999	16.968164920806885	58690.97418618202
5475	1386.9351417512	1017.99	96.139892578125	0.117660336	6.535714285714285e-05	0.00021785714285714287	15.30618166923523	58706.28273034096
5476	1388.7052991485032	1016.18	95.647705078125	0.11762791	6.531428571428572e-05	0.00021771428571428576	14.31696629524231	58720.599826574326
5477	1368.0266751711729	998.05	95.897216796875	0.11764904	6.527142857142855e-05	0.00021757142857142854	14.998072385787964	58735.59961605072
5478	1400.9272731963872	1024.0	95.915283203125	0.11769495	6.522857142857142e-05	0.00021742857142857143	15.710005521774292	58751.31016039848
5479	1393.6251652209985	1020.0	95.925048828125	0.11756003	6.518571428571428e-05	0.00021728571428571432	14.931232452392578	58766.24548959732
5480	1391.0095162752127	1022.42	95.9345703125	0.117524415	6.514285714285715e-05	0.0002171428571428572	14.34262728691101	58780.5886619091
5481	1405.932802062127	1024.0	95.9482421875	0.11741656	6.509999999999998e-05	0.00021699999999999996	15.029473066329956	58795.62110590935
5482	1409.534918386085	1024.0	96.2041015625	0.117338866	6.505714285714285e-05	0.00021685714285714285	16.23418617248535	58811.85587787628
5483	1389.28348305872	1014.45	95.96240234375	0.11737046	6.501428571428572e-05	0.00021671428571428577	14.454688549041748	58826.31229352951
5484	1398.034067272173	1024.0	96.22314453125	0.117268205	6.497142857142855e-05	0.00021657142857142852	14.298845052719116	58840.61269617081
5485	1400.7227867763954	1024.0	95.733154296875	0.11720133	6.492857142857143e-05	0.0002164285714285714	14.923807382583618	58855.53708600998
5486	1382.4771947823622	1013.58	95.992919921875	0.11722193	6.488571428571429e-05	0.0002162857142857143	15.285141944885254	58870.82377409935
5487	1396.7336257785157	1024.0	96.5029296875	0.117110975	6.484285714285715e-05	0.00021614285714285718	15.00054121017456	58885.827184438705
5488	1381.8317425442513	1014.09	96.012451171875	0.11713839	6.479999999999999e-05	0.00021599999999999996	14.373746395111084	58900.20417380333
5489	1393.8248167426761	1014.02	96.5224609375	0.117177814	6.475714285714285e-05	0.00021585714285714285	14.755788564682007	58914.96081852913
5490	1401.9283514044662	1018.08	96.281982421875	0.11713475	6.471428571428572e-05	0.00021571428571428574	15.860340356826782	58930.82247853279
5491	1389.6888156009807	1018.13	96.291748046875	0.1170846	6.467142857142855e-05	0.00021557142857142852	15.265618324279785	58946.089457035065
5492	1395.543920898699	1017.95	96.301513671875	0.117007844	6.462857142857142e-05	0.0002154285714285714	14.407079935073853	58960.49815535545
5493	1375.6843354002226	1012.21	96.3115234375	0.117039956	6.458571428571428e-05	0.0002152857142857143	14.960122108459473	58975.45980358124
5494	1392.365219905584	1020.18	96.0712890625	0.11701598	6.454285714285715e-05	0.0002151428571428572	14.928520917892456	58990.388877391815
5495	1409.2765262133148	1022.57	95.085205078125	0.117033355	6.449999999999998e-05	0.00021499999999999997	15.112645387649536	59005.50362086296
5496	1390.1272972795996	1016.86	96.09130859375	0.11696503	6.445714285714285e-05	0.00021485714285714286	14.334527969360352	59019.83828210831
5497	1403.9072759299763	1024.0	96.592041015625	0.11704298	6.441428571428572e-05	0.00021471428571428574	15.039655447006226	59034.879388570786
5498	1408.800597892316	1024.0	96.111083984375	0.11709779	6.437142857142855e-05	0.00021457142857142852	14.747777223587036	59049.62801504135
5499	1393.945998875365	1018.25	96.12109375	0.117039196	6.432857142857142e-05	0.0002144285714285714	14.937373399734497	59064.566953897476
5500	1390.8397951791674	1016.29	96.380859375	0.11711944	6.428571428571429e-05	0.0002142857142857143	14.904408693313599	59079.47218942642
5501	1392.6227626924247	1020.4	96.1416015625	0.11715833	6.424285714285715e-05	0.0002141428571428572	14.925816535949707	59094.401263237
5502	1388.7960171270418	1014.14	96.4013671875	0.11708734	6.419999999999999e-05	0.00021399999999999997	14.428677320480347	59108.831119298935
5503	1378.056573917881	1010.44	96.161376953125	0.117022105	6.415714285714285e-05	0.00021385714285714286	14.954085111618042	59123.785343647
5504	1387.7386663305622	1016.43	96.171142578125	0.116908915	6.411428571428572e-05	0.00021371428571428575	14.361927032470703	59138.14880514145
5505	1406.6083001635693	1024.0	96.430908203125	0.116894275	6.407142857142855e-05	0.00021357142857142853	14.972829580307007	59153.12413764
5506	1406.9398227637932	1024.0	96.690673828125	0.11684898	6.402857142857142e-05	0.00021342857142857142	14.419796705245972	59167.546740055084
5507	1378.5721655710256	1012.69	96.19775390625	0.1168483	6.398571428571428e-05	0.0002132857142857143	15.331437587738037	59182.8787791729
5508	1405.3333643268215	1024.0	96.208740234375	0.11679387	6.394285714285716e-05	0.0002131428571428572	14.413530349731445	59197.292852163315
5509	1391.7219370437213	1020.4	96.21826171875	0.11676589	6.389999999999998e-05	0.00021299999999999997	14.999273777008057	59212.29324674606
5510	1368.1896565944323	1002.36	95.978515625	0.11673512	6.385714285714284e-05	0.00021285714285714286	14.250852823257446	59226.54566240311
5511	1400.6377891978022	1024.0	96.488037109375	0.1166456	6.381428571428572e-05	0.00021271428571428575	14.96272611618042	59241.509558439255
5512	1391.5084826378727	1012.49	96.747802734375	0.11659437	6.377142857142855e-05	0.00021257142857142853	14.2762610912323	59255.786355257034
5513	1402.1606466404965	1017.96	96.50830078125	0.11660492	6.372857142857142e-05	0.00021242857142857142	15.151107549667358	59270.93952918053
5514	1389.8823728150508	1018.01	96.5185546875	0.11658883	6.368571428571429e-05	0.0002122857142857143	14.39104413986206	59285.33263516426
5515	1399.232033756412	1020.13	96.278076171875	0.11655095	6.364285714285715e-05	0.0002121428571428572	14.959341287612915	59300.295444488525
5516	1405.0672485639589	1023.97	96.287841796875	0.11655044	6.359999999999999e-05	0.00021199999999999998	14.565102577209473	59314.8620223999
5517	1401.235627243192	1019.99	93.748046875	0.11646367	6.355714285714285e-05	0.00021185714285714286	15.143404483795166	59330.00598883629
5518	1391.9726291742	1020.15	96.29736328125	0.11642257	6.351428571428572e-05	0.00021171428571428575	14.32754373550415	59344.33443880081
5519	1404.8854945908179	1024.0	96.8076171875	0.116427116	6.347142857142855e-05	0.00021157142857142853	16.91508722305298	59361.250153541565
5520	1371.3472644662156	1008.36	96.55810546875	0.11641743	6.342857142857142e-05	0.00021142857142857142	14.299824476242065	59375.55156350136
5521	1396.644451642431	1021.95	96.83740234375	0.11641571	6.338571428571428e-05	0.0002112857142857143	15.326711893081665	59390.87996315956
5522	1400.519503207389	1019.95	96.595703125	0.11642029	6.334285714285716e-05	0.0002111428571428572	14.302106618881226	59405.1826133728
5523	1379.7312022141084	1011.5	96.60693359375	0.116330124	6.329999999999998e-05	0.00021099999999999998	14.959656953811646	59420.143162727356
5524	1390.9383125969675	1012.15	96.616943359375	0.11630348	6.325714285714284e-05	0.00021085714285714287	14.882764101028442	59435.02854371071
5525	1407.8963892998604	1023.98	96.876708984375	0.116295196	6.321428571428572e-05	0.00021071428571428576	14.952999114990234	59449.982348918915
5526	1393.6688640516138	1016.3	96.636474609375	0.116331756	6.317142857142854e-05	0.00021057142857142854	14.291053056716919	59464.27492928505
5527	1388.460332352293	1022.72	96.646240234375	0.116307504	6.312857142857142e-05	0.00021042857142857142	14.9345543384552	59479.2102971077
5528	1367.991516085247	1002.67	96.90625	0.116323404	6.308571428571429e-05	0.0002102857142857143	14.219050407409668	59493.42987823486
5529	1392.3594914973748	1018.18	96.666015625	0.116332345	6.304285714285715e-05	0.0002101428571428572	14.957172870635986	59508.388223171234
5530	1400.9473362658928	1017.96	96.67578125	0.11633906	6.299999999999999e-05	0.00020999999999999998	14.259380578994751	59522.650314092636
5531	1397.6800731141866	1021.99	96.685546875	0.11627177	6.295714285714285e-05	0.00020985714285714287	14.977960348129272	59537.62943315506
5532	1397.8129296403492	1024.0	96.94580078125	0.116353154	6.291428571428571e-05	0.00020971428571428576	14.554764986038208	59552.18600344658
5533	1385.1556968597338	1016.72	96.70556640625	0.116319895	6.287142857142855e-05	0.0002095714285714285	14.957600116729736	59567.14441823959
5534	1397.6698068857017	1020.08	96.966552734375	0.11641029	6.282857142857141e-05	0.0002094285714285714	14.559641599655151	59581.704619407654
5535	1401.7246372446616	1016.37	96.9765625	0.11626348	6.278571428571428e-05	0.0002092857142857143	14.962045669555664	59596.668110609055
5536	1363.58532518897	1004.16	96.73681640625	0.11615753	6.274285714285716e-05	0.00020914285714285718	14.215391159057617	59610.88530087471
5537	1407.1903618189576	1024.0	97.246337890625	0.116109066	6.269999999999998e-05	0.00020899999999999996	14.0434250831604	59624.93064856529
5538	1412.476151271289	1021.46	96.75439453125	0.1161392	6.265714285714286e-05	0.00020885714285714285	14.508050918579102	59639.43975520134
5539	1367.7186196204377	1002.93	96.513427734375	0.11602941	6.261428571428572e-05	0.00020871428571428573	14.856446981430054	59654.300023794174
5540	1395.3653715095156	1016.12	96.773681640625	0.115918405	6.257142857142854e-05	0.00020857142857142851	14.98420262336731	59669.286004543304
5541	1408.0093761894698	1024.0	96.783447265625	0.11590788	6.252857142857142e-05	0.0002084285714285714	14.304721355438232	59683.59223675728
5542	1398.358959384724	1018.18	96.916748046875	0.115867995	6.248571428571428e-05	0.0002082857142857143	14.479559421539307	59698.07232403755
5543	1396.690877189834	1024.0	96.9248046875	0.11582304	6.244285714285715e-05	0.00020814285714285718	14.661244630813599	59712.73453092575
5544	1388.942281784544	1018.51	97.1826171875	0.115892984	6.239999999999999e-05	0.00020799999999999996	14.469871759414673	59727.204948186874
5545	1394.3697190571359	1012.82	97.188232421875	0.115819044	6.235714285714285e-05	0.00020785714285714285	14.308740139007568	59741.516020059586
5546	1389.0180571646526	1018.07	97.4482421875	0.115789674	6.231428571428571e-05	0.00020771428571428574	14.84544825553894	59756.36427426338
5547	1416.1777208359176	1024.0	97.2060546875	0.11581284	6.227142857142855e-05	0.00020757142857142852	14.600777626037598	59770.96570658684
5548	1404.1484585947273	1024.0	96.9638671875	0.11579636	6.222857142857141e-05	0.0002074285714285714	15.306686639785767	59786.27398490906
5549	1397.4481338274306	1016.71	96.969970703125	0.115793526	6.218571428571428e-05	0.0002072857142857143	14.25772762298584	59800.53309869766
5550	1410.9059328801404	1024.0	97.971923828125	0.11580601	6.214285714285715e-05	0.00020714285714285718	14.8239586353302	59815.35842394829
5551	1374.8436285490225	1004.87	97.23876953125	0.11575071	6.209999999999998e-05	0.00020699999999999996	14.307530403137207	59829.66647911072
5552	1386.998416212513	1017.42	97.246826171875	0.115834825	6.205714285714286e-05	0.00020685714285714285	14.961750268936157	59844.629994392395
5553	1409.609549629265	1024.0	97.245361328125	0.11581931	6.201428571428572e-05	0.00020671428571428574	14.255627155303955	59858.888030052185
5554	1400.1297075134892	1018.22	97.26220703125	0.11583602	6.197142857142856e-05	0.00020657142857142852	14.977680683135986	59873.866243600845
5555	1383.6907552368464	1016.07	97.0205078125	0.115824245	6.192857142857142e-05	0.0002064285714285714	14.340319633483887	59888.20895862579
5556	1411.9117197108822	1024.0	97.769287109375	0.115720816	6.188571428571428e-05	0.0002062857142857143	14.249944686889648	59902.46083331108
5557	1416.3600619623824	1024.0	97.036376953125	0.1156609	6.184285714285715e-05	0.00020614285714285719	14.412487745285034	59916.87401652336
5558	1389.8220287038037	1022.37	97.0439453125	0.115599506	6.179999999999998e-05	0.00020599999999999997	19.544928073883057	59936.42049694061
5559	1400.6871636126564	1017.31	97.050537109375	0.115511656	6.175714285714285e-05	0.00020585714285714285	14.658316135406494	59951.07964873314
5560	1405.6811618932425	1022.93	97.30859375	0.11545018	6.171428571428571e-05	0.00020571428571428574	14.965435981750488	59966.046838760376
5561	1388.4408224704762	1022.94	97.31591796875	0.11541751	6.167142857142855e-05	0.00020557142857142852	14.512185335159302	59980.55987548828
5562	1407.6848145007702	1024.0	97.06494140625	0.11533871	6.162857142857141e-05	0.0002054285714285714	15.037368535995483	59995.59876513481
5563	1398.1977715253338	1024.0	97.081787109375	0.11529437	6.158571428571428e-05	0.0002052857142857143	14.287468433380127	60009.88739824295
5564	1380.139301748122	1004.22	97.339599609375	0.1152277	6.154285714285715e-05	0.0002051428571428572	19.816694498062134	60029.70472431183
5565	1408.9865583971407	1024.0	97.09765625	0.11520446	6.149999999999998e-05	0.00020499999999999997	14.193549871444702	60043.89966249466
5566	1401.928216677871	1023.9	97.10693359375	0.115202785	6.145714285714285e-05	0.00020485714285714286	14.420459508895874	60058.32066440582
5567	1404.5809781288222	1022.18	97.605712890625	0.11523358	6.141428571428572e-05	0.00020471428571428575	14.244933843612671	60072.5671544075
5568	1404.4861791880394	1024.0	97.122802734375	0.115123875	6.137142857142858e-05	0.00020457142857142863	14.517553329467773	60087.08614754677
5569	1406.1966609546384	1022.07	97.13037109375	0.11507247	6.132857142857142e-05	0.00020442857142857141	14.40755295753479	60101.49520492554
5570	1393.0344365412739	1012.79	97.13623046875	0.11501927	6.128571428571428e-05	0.0002042857142857143	14.8049156665802	60116.30119585991
5571	1405.3216096732035	1024.0	97.14599609375	0.114924215	6.124285714285715e-05	0.0002041428571428572	14.293474197387695	60130.59531068802
5572	1404.6774717825392	1024.0	97.904052734375	0.11492487	6.119999999999998e-05	0.00020399999999999997	16.46021580696106	60147.05750155449
5573	1393.4539716799354	1017.99	97.40283203125	0.11488403	6.115714285714285e-05	0.00020385714285714286	14.25584602355957	60161.31387782097
5574	1403.472496436016	1020.27	94.369384765625	0.11487577	6.111428571428571e-05	0.00020371428571428575	14.96952772140503	60176.28551745415
5575	1388.4267708074613	1014.46	97.292236328125	0.11489168	6.107142857142859e-05	0.00020357142857142864	14.452977657318115	60190.739602565765
5576	1399.463458315484	1018.05	96.924072265625	0.1148352	6.102857142857142e-05	0.00020342857142857142	15.380287170410156	60206.12041473389
5577	1403.9652198919966	1018.09	96.93212890625	0.11487356	6.098571428571428e-05	0.0002032857142857143	14.264078855514526	60220.38550114632
5578	1401.044101016774	1021.93	97.95166015625	0.11484671	6.0942857142857146e-05	0.0002031428571428572	14.586692333221436	60234.97276759148
5579	1393.0637549463472	1023.1	97.209716796875	0.11475706	6.089999999999998e-05	0.00020299999999999997	14.267252922058105	60249.241857767105
5580	1396.657709379775	1018.39	97.2158203125	0.114737935	6.0857142857142847e-05	0.00020285714285714286	16.839253902435303	60266.08266592026
5581	1389.7257380486326	1012.73	97.223876953125	0.114752315	6.081428571428572e-05	0.00020271428571428575	14.288050174713135	60280.37324142456
5582	1397.2285895490124	1020.13	97.22607421875	0.114754945	6.077142857142858e-05	0.00020257142857142864	15.12945556640625	60295.50353741646
5583	1398.626241925161	1016.3	97.24072265625	0.11459426	6.072857142857142e-05	0.00020242857142857142	14.307716131210327	60309.811786174774
5584	1387.736788679944	1012.87	97.24853515625	0.114606924	6.068571428571428e-05	0.0002022857142857143	16.51248025894165	60326.32680106163
5585	1394.9302646970486	1022.27	97.997314453125	0.114568196	6.0642857142857145e-05	0.0002021428571428572	14.350090265274048	60340.67887759209
5586	1395.2540347959905	1012.6	97.264404296875	0.114562474	6.059999999999998e-05	0.00020199999999999995	15.098055601119995	60355.77843904495
5587	1389.7808366156357	1006.74	97.272216796875	0.11459684	6.0557142857142846e-05	0.00020185714285714284	14.315531253814697	60370.09719324112
5588	1405.6902080466107	1023.95	97.530029296875	0.114572205	6.051428571428572e-05	0.00020171428571428573	15.00845980644226	60385.107313871384
5589	1380.4811019669855	1012.03	97.2880859375	0.114622466	6.047142857142858e-05	0.00020157142857142862	14.358180284500122	60399.46762275696
5590	1397.8516451137841	1016.25	98.0458984375	0.11457225	6.042857142857142e-05	0.0002014285714285714	14.970474004745483	60414.43873381615
5591	1385.5137285495557	1010.05	97.053955078125	0.11458605	6.038571428571428e-05	0.00020128571428571428	14.347841262817383	60428.78711271286
5592	1392.9532208774297	1016.1	97.561767578125	0.11452064	6.0342857142857145e-05	0.00020114285714285717	15.172271251678467	60443.96339583397
5593	1404.9580344348067	1024.0	97.319580078125	0.11449585	6.029999999999998e-05	0.00020099999999999995	14.381697177886963	60458.34668016434
5594	1381.7032369696278	1012.58	97.32763671875	0.11441186	6.0257142857142846e-05	0.00020085714285714284	14.988832712173462	60473.33765363693
5595	1407.1855954032972	1024.0	97.33544921875	0.114447735	6.0214285714285716e-05	0.00020071428571428573	14.33141803741455	60487.669753074646
5596	1410.7024327625297	1018.46	97.09326171875	0.114422135	6.017142857142858e-05	0.00020057142857142862	15.118425607681274	60502.78981900215
5597	1414.432410280446	1024.0	97.85107421875	0.11429892	6.012857142857142e-05	0.0002004285714285714	14.53873085975647	60517.33086490631
5598	1410.0715736667348	1022.51	97.85888671875	0.11426056	6.008571428571428e-05	0.0002002857142857143	14.442336559295654	60531.77527117729
5599	1407.9416039781852	1024.0	97.615966796875	0.114179194	6.004285714285715e-05	0.00020014285714285718	14.352611541748047	60546.12906622887
5600	1406.3273871155716	1024.0	97.375732421875	0.11413544	5.999999999999998e-05	0.00019999999999999996	15.62648892402649	60561.758721113205
5601	1409.3148490218418	1020.4	97.38330078125	0.114128165	5.9957142857142845e-05	0.00019985714285714284	14.352758169174194	60576.11215376854
5602	1378.1613797022603	1008.39	97.3916015625	0.114107676	5.9914285714285716e-05	0.00019971428571428573	15.073441743850708	60591.186666727066
5603	1387.8924562183163	1010.3	97.3984375	0.11410564	5.987142857142858e-05	0.00019957142857142862	14.673550605773926	60605.860748529434
5604	1390.7253262551778	1016.02	97.655029296875	0.114141755	5.9828571428571416e-05	0.0001994285714285714	15.012956619262695	60620.87487077713
5605	1406.475764747521	1024.0	97.66259765625	0.11406171	5.978571428571428e-05	0.0001992857142857143	14.676553964614868	60635.55361485481
5606	1409.0131368253442	1024.0	97.795654296875	0.11412886	5.974285714285715e-05	0.00019914285714285718	15.012454509735107	60650.56661248207
5607	1401.3354653124313	1024.0	97.8037109375	0.11410651	5.969999999999998e-05	0.00019899999999999996	13.82503628730774	60664.392533779144
5608	1376.600542347568	1001.64	98.061279296875	0.11410869	5.9657142857142845e-05	0.00019885714285714285	15.086503505706787	60679.479694366455
5609	1408.9169683304315	1022.15	97.5693359375	0.11407227	5.9614285714285715e-05	0.00019871428571428574	14.251092433929443	60693.73170089722
5610	1395.1618156206148	1014.4	97.577392578125	0.113971494	5.957142857142858e-05	0.00019857142857142862	15.012311458587646	60708.74413943291
5611	1412.6211972177748	1024.0	97.8349609375	0.11395634	5.9528571428571416e-05	0.0001984285714285714	14.246656656265259	60722.99314379692
5612	1395.372168326796	1019.98	97.843017578125	0.11389508	5.948571428571428e-05	0.0001982857142857143	15.062119960784912	60738.056856155396
5613	1400.7479510325693	1016.49	97.600830078125	0.11380958	5.944285714285715e-05	0.00019814285714285718	14.997953414916992	60753.05661392212
5614	1403.6464037317862	1024.0	97.3583984375	0.113765724	5.939999999999998e-05	0.00019799999999999996	15.088318824768066	60768.1471927166
5615	1402.9425702031813	1022.01	97.6171875	0.11380383	5.935714285714285e-05	0.00019785714285714285	14.191882848739624	60782.33991122246
5616	1415.650621350706	1024.0	97.875732421875	0.11373028	5.9314285714285715e-05	0.00019771428571428574	15.098276376724243	60797.44159245491
5617	1386.3755336552376	1016.01	98.13330078125	0.11362686	5.927142857142858e-05	0.00019757142857142863	14.219643831253052	60811.663294792175
5618	1407.855316781171	1020.07	98.1416015625	0.113609344	5.9228571428571415e-05	0.0001974285714285714	14.96446681022644	60826.62831187248
5619	1406.6297434159453	1016.63	97.649658203125	0.11352848	5.918571428571428e-05	0.0001972857142857143	14.21243929862976	60840.84235715866
5620	1396.631011636162	1013.99	98.157470703125	0.113467924	5.914285714285715e-05	0.00019714285714285718	14.565097093582153	60855.40802645683
5621	1401.5117821137464	1014.47	98.1650390625	0.11343274	5.909999999999998e-05	0.00019699999999999996	14.721399784088135	60870.143894433975
5622	1398.532952563523	1020.33	98.17236328125	0.11346311	5.905714285714285e-05	0.00019685714285714285	14.280242681503296	60884.42441344261
5623	1406.5629706876089	1024.0	98.180908203125	0.11339271	5.9014285714285714e-05	0.00019671428571428574	14.640960454940796	60899.06655263901
5624	1404.9262332344692	1013.98	98.188720703125	0.11347437	5.897142857142858e-05	0.00019657142857142863	14.296818256378174	60913.36393356323
5625	1400.2265934952893	1022.5	97.947021484375	0.11339799	5.8928571428571415e-05	0.0001964285714285714	14.376272916793823	60927.74165081978
5626	1386.1086626836864	1014.59	98.45458984375	0.113321595	5.888571428571428e-05	0.0001962857142857143	14.309490442276001	60942.05345726013
5627	1392.021311190648	1012.32	98.460693359375	0.113390274	5.884285714285715e-05	0.0001961428571428572	14.665799856185913	60956.7283372879
5628	1405.2602111405788	1024.0	98.21875	0.11329436	5.879999999999998e-05	0.00019599999999999997	14.139285802841187	60970.868664741516
5629	1386.064595871397	1012.21	98.477294921875	0.11324834	5.875714285714285e-05	0.00019585714285714286	16.00383496284485	60986.87424826622
5630	1410.5659345560277	1024.0	98.484619140625	0.1131644	5.8714285714285714e-05	0.00019571428571428574	14.344820261001587	61001.22097659111
5631	1389.5047961873042	1014.06	98.7421875	0.11304312	5.867142857142858e-05	0.00019557142857142863	15.007967472076416	61016.2307267189
5632	1392.1657317708534	1014.45	94.954833984375	0.113061555	5.8628571428571414e-05	0.0001954285714285714	14.333173990249634	61030.564445734024
5633	1407.5755418081817	1022.54	98.094970703125	0.1130581	5.858571428571428e-05	0.0001952857142857143	15.070099830627441	61045.63612771034
5634	1409.1649655933309	1022.08	97.5146484375	0.11304862	5.854285714285715e-05	0.0001951428571428572	14.252215147018433	61059.888890743256
5635	1406.2304826587622	1024.0	97.27294921875	0.11299643	5.849999999999998e-05	0.00019499999999999994	14.98173999786377	61074.8725104332
5636	1403.2336367714954	1018.11	97.531494140625	0.112948	5.845714285714285e-05	0.00019485714285714283	14.296950340270996	61089.17154335976
5637	1412.2321244064694	1023.98	97.539306640625	0.11303818	5.841428571428571e-05	0.00019471428571428572	15.067711591720581	61104.24145555496
5638	1415.5103167539432	1024.0	97.796875	0.11297685	5.837142857142858e-05	0.00019457142857142863	14.355759620666504	61118.597942113876
5639	1402.960580300118	1022.16	97.5546875	0.11298376	5.8328571428571414e-05	0.0001944285714285714	14.967626571655273	61133.5670068264
5640	1411.830974363984	1019.97	97.81298828125	0.112944506	5.828571428571428e-05	0.00019428571428571428	14.276648044586182	61147.84419465065
5641	1394.865926672194	1008.46	97.820556640625	0.1129762	5.824285714285715e-05	0.00019414285714285716	14.93794322013855	61162.78404331207
5642	1384.722254096655	1010.75	97.57861328125	0.112834506	5.819999999999998e-05	0.00019399999999999995	14.341371536254883	61177.128109931946
5643	1399.0871034361792	1022.12	97.586669921875	0.11278975	5.815714285714285e-05	0.00019385714285714283	15.01368498802185	61192.1445441246
5644	1401.4978900404665	1018.51	97.594482421875	0.11281506	5.811428571428571e-05	0.00019371428571428572	14.433560132980347	61206.57903409004
5645	1405.8495498030536	1024.0	97.853515625	0.11269169	5.807142857142858e-05	0.0001935714285714286	14.974727630615234	61221.555045604706
5646	1411.9432205340024	1021.95	98.110107421875	0.11267072	5.802857142857141e-05	0.0001934285714285714	14.670588254928589	61236.22647476196
5647	1399.9613469358553	1012.38	97.869384765625	0.11258298	5.798571428571428e-05	0.00019328571428571428	15.03183650970459	61251.258442640305
5648	1403.7654302789854	1020.72	97.62841796875	0.112503886	5.794285714285715e-05	0.00019314285714285717	14.297281503677368	61265.55657219887
5649	1411.5337271190606	1024.0	97.917236328125	0.112499066	5.789999999999998e-05	0.00019299999999999995	15.006530046463013	61280.564712524414
5650	1395.3718067858586	1017.97	97.64404296875	0.1124148	5.785714285714285e-05	0.00019285714285714284	14.266955375671387	61294.832773923874
5651	1406.612724098074	1022.17	97.899658203125	0.11242639	5.781428571428571e-05	0.00019271428571428572	15.36427640914917	61310.1976454258
5652	1399.6289819696567	1017.94	97.89892578125	0.112389766	5.777142857142858e-05	0.0001925714285714286	14.282878398895264	61324.48324084282
5653	1407.702695780462	1024.0	97.915771484375	0.11232496	5.772857142857141e-05	0.0001924285714285714	15.101879835128784	61339.585695028305
5654	1405.3556610601102	1019.94	97.21630859375	0.1123864	5.7685714285714276e-05	0.00019228571428571428	14.714563608169556	61354.30271434784
5655	1391.1815411590837	1012.31	97.1826171875	0.112365484	5.764285714285715e-05	0.00019214285714285717	14.951513767242432	61369.26069355011
5656	1406.9762785084133	1020.01	97.6904296875	0.11234138	5.759999999999998e-05	0.00019199999999999995	14.267752408981323	61383.52899432182
5657	1390.6832345170233	1016.25	97.696533203125	0.112409264	5.755714285714285e-05	0.00019185714285714284	15.157126665115356	61398.68822360039
5658	1400.704118588298	1015.99	97.696044921875	0.1123741	5.751428571428571e-05	0.00019171428571428573	14.19653606414795	61412.88566851616
5659	1376.5544356903251	1008.83	98.213134765625	0.11230121	5.747142857142858e-05	0.00019157142857142862	14.966931104660034	61428.4169178009
5660	1386.7395067753014	1004.18	97.970947265625	0.112297535	5.742857142857141e-05	0.0001914285714285714	14.243355512619019	61442.660845041275
5661	1381.1112850545826	1006.23	97.746826171875	0.11220175	5.7385714285714276e-05	0.00019128571428571428	14.906458854675293	61457.568231105804
5662	1408.4214472735089	1024.0	98.237548828125	0.11211884	5.7342857142857147e-05	0.00019114285714285717	14.51925802230835	61472.101413965225
5663	1396.8425245304516	1018.13	98.24462890625	0.112187564	5.7299999999999977e-05	0.00019099999999999995	14.965041875839233	61487.06700634956
5664	1414.6194148090133	1024.0	97.99169921875	0.11215868	5.725714285714285e-05	0.00019085714285714284	14.198770523071289	61501.267701387405
5665	1404.4513158747159	1024.0	98.262451171875	0.11218994	5.721428571428571e-05	0.00019071428571428573	15.107070684432983	61516.37644815445
5666	1407.1579620899242	1016.15	98.270263671875	0.112262465	5.717142857142858e-05	0.00019057142857142862	15.805438041687012	61532.18437075615
5667	1389.7986204536285	1010.66	98.278564453125	0.11225768	5.712857142857141e-05	0.0001904285714285714	14.927614688873291	61547.11316204071
5668	1409.7676257238206	1023.96	98.285888671875	0.112193346	5.708571428571428e-05	0.0001902857142857143	14.200260639190674	61561.31396842003
5669	1412.075524361539	1020.02	98.294189453125	0.11225342	5.7042857142857146e-05	0.00019014285714285718	14.913917303085327	61576.22979426384
5670	1395.8899458150527	1014.41	98.4267578125	0.11226345	5.6999999999999976e-05	0.00018999999999999996	14.793921947479248	61591.025879621506
5671	1395.4129126392208	1016.15	98.684814453125	0.11215001	5.695714285714285e-05	0.00018985714285714284	14.952556848526001	61605.978996515274
5672	1408.9995523806601	1024.0	98.442138671875	0.112076044	5.691428571428571e-05	0.00018971428571428573	14.21564793586731	61620.19668316841
5673	1396.5072109675896	1016.86	98.45068359375	0.11211696	5.687142857142858e-05	0.00018957142857142862	14.485319375991821	61634.683089494705
5674	1410.793208268923	1024.0	98.458251953125	0.11212867	5.682857142857141e-05	0.0001894285714285714	16.35906410217285	61651.04228544235
5675	1374.8700286101785	1001.1	98.463623046875	0.11196339	5.678571428571428e-05	0.0001892857142857143	15.410691499710083	61666.45408797264
5676	1397.0921798632262	1014.86	98.47021484375	0.112006895	5.6742857142857146e-05	0.00018914285714285718	14.206540584564209	61680.66270971298
5677	1402.1438117738799	1011.62	98.479248046875	0.1119341	5.6699999999999976e-05	0.00018899999999999996	15.162776708602905	61695.826021909714
5678	1380.1303374340364	1002.93	98.4873046875	0.111889	5.6657142857142846e-05	0.00018885714285714285	15.287589311599731	61711.11528921127
5679	1393.7357718183057	1010.14	98.49560546875	0.11197323	5.661428571428571e-05	0.00018871428571428574	14.994929552078247	61726.11084794998
5680	1395.8120279170312	1020.24	98.494140625	0.112015106	5.657142857142858e-05	0.00018857142857142862	14.183736324310303	61740.29619216919
5681	1414.609114560961	1021.93	98.511962890625	0.111998774	5.652857142857141e-05	0.0001884285714285714	14.431343078613281	61754.72899103165
5682	1404.7996849562812	1024.0	98.520751953125	0.11199254	5.648571428571428e-05	0.0001882857142857143	15.20304560661316	61769.93350434303
5683	1401.23435697518	1018.15	98.52880859375	0.11193492	5.6442857142857145e-05	0.00018814285714285718	14.31839895248413	61784.2539024353
5684	1398.265389486137	1024.0	98.53662109375	0.112006314	5.639999999999998e-05	0.00018799999999999996	14.46235466003418	61798.7179005146
5685	1389.8281169328222	1010.0	98.544677734375	0.11196958	5.6357142857142846e-05	0.00018785714285714285	14.355614185333252	61813.07404756546
5686	1408.8698166722086	1024.0	98.552490234375	0.11186347	5.631428571428571e-05	0.00018771428571428574	15.116527557373047	61828.19202685356
5687	1401.9652964216875	1022.01	98.560791015625	0.111905836	5.627142857142858e-05	0.00018757142857142863	14.28949499130249	61842.48414230347
5688	1410.0331780050649	1024.0	98.568115234375	0.11187253	5.622857142857141e-05	0.00018742857142857138	14.453708171844482	61856.93837594986
5689	1386.7197802852884	1012.13	95.529052734375	0.1119181	5.618571428571428e-05	0.00018728571428571427	14.326403141021729	61871.26627111435
5690	1407.6571287475683	1016.02	98.581787109375	0.1119588	5.6142857142857145e-05	0.00018714285714285716	14.904281377792358	61886.17293262482
5691	1395.4262719006351	1017.99	98.0908203125	0.112004794	5.610000000000001e-05	0.00018700000000000005	14.272330045700073	61900.4458220005
5692	1396.1459559391203	1012.9	98.09912109375	0.11184433	5.6057142857142845e-05	0.00018685714285714283	14.971447706222534	61915.42029881477
5693	1408.9941518737885	1024.0	98.357177734375	0.1118417	5.601428571428571e-05	0.00018671428571428571	14.27176547050476	61929.69382405281
5694	1404.4862398407959	1018.04	98.134521484375	0.11180845	5.597142857142858e-05	0.0001865714285714286	14.95378041267395	61944.64815092087
5695	1395.7347646018452	1016.1	98.123046875	0.11179486	5.592857142857141e-05	0.00018642857142857138	14.371950149536133	61959.021510362625
5696	1409.7809563107571	1024.0	98.131103515625	0.11176907	5.588571428571428e-05	0.00018628571428571427	14.859054327011108	61973.88265323639
5697	1416.101659708386	1021.95	98.138916015625	0.111760795	5.5842857142857144e-05	0.00018614285714285716	14.215849161148071	61988.09903001785
5698	1399.823653688806	1019.36	98.397705078125	0.11169215	5.5800000000000015e-05	0.00018600000000000005	15.149237632751465	62003.25025653839
5699	1420.580041247176	1024.0	98.15283203125	0.11166782	5.5757142857142845e-05	0.00018585714285714283	14.687859773635864	62017.939594984055
5700	1393.9190357909993	1014.21	98.410888671875	0.11156442	5.571428571428571e-05	0.00018571428571428572	15.050130367279053	62032.99025130272
5701	1390.1244741406927	1012.28	97.919677734375	0.111448795	5.567142857142858e-05	0.0001855714285714286	14.20860743522644	62047.20075249672
5702	1391.507206588873	1010.61	98.177490234375	0.111415654	5.562857142857141e-05	0.00018542857142857139	14.951052904129028	62062.15378141403
5703	1389.6039129979317	1012.05	98.185302734375	0.111436784	5.558571428571428e-05	0.00018528571428571427	14.415337324142456	62076.56979060173
5704	1406.706759872362	1022.1	98.193115234375	0.11143336	5.5542857142857143e-05	0.00018514285714285716	16.047852039337158	62092.61956238747
5705	1422.7064906875821	1024.0	98.201171875	0.11146733	5.5500000000000014e-05	0.00018500000000000005	14.230031251907349	62106.85014343262
5706	1401.1093226582757	1022.02	98.2080078125	0.11136221	5.5457142857142844e-05	0.00018485714285714283	14.953285217285156	62121.80603456497
5707	1404.7925887637339	1018.01	98.263427734375	0.11131567	5.541428571428571e-05	0.00018471428571428572	14.312324047088623	62136.12000346184
5708	1407.2968817995786	1020.95	98.4755859375	0.11127163	5.537142857142858e-05	0.0001845714285714286	22.02425718307495	62158.14622759819
5709	1403.1341628405748	1018.08	98.733154296875	0.111238055	5.532857142857141e-05	0.0001844285714285714	14.315574169158936	62172.463839530945
5710	1389.4786164816478	1010.4	98.74072265625	0.11116446	5.528571428571428e-05	0.00018428571428571428	14.672361612319946	62187.137635946274
5711	1398.7497672728211	1020.11	98.7490234375	0.111140676	5.524285714285714e-05	0.00018414285714285717	14.327479839324951	62201.46577000618
5712	1403.2061731914002	1017.17	98.756591796875	0.11106933	5.5200000000000014e-05	0.00018400000000000005	14.895184993743896	62216.362908124924
5713	1410.3909405639176	1024.0	98.7646484375	0.11104059	5.5157142857142844e-05	0.00018385714285714283	14.312736511230469	62230.67752313614
5714	1391.1294271135348	1008.07	98.7734375	0.11088208	5.5114285714285714e-05	0.00018371428571428572	14.942091703414917	62245.620171546936
5715	1402.539623305352	1016.37	98.781005859375	0.11088779	5.507142857142858e-05	0.0001835714285714286	14.288801431655884	62259.910566568375
5716	1406.105748638047	1024.0	98.7890625	0.11092379	5.502857142857141e-05	0.0001834285714285714	14.991374969482422	62274.90437078476
5717	1398.6966025583677	1020.18	98.796875	0.11095238	5.498571428571428e-05	0.00018328571428571428	14.284340858459473	62289.19068264961
5718	1403.3213120522562	1016.25	98.804931640625	0.1109545	5.494285714285714e-05	0.00018314285714285717	14.936411619186401	62304.13328695297
5719	1389.624086517695	1016.19	98.812744140625	0.11091399	5.490000000000001e-05	0.00018300000000000006	14.994115591049194	62319.128247499466
5720	1406.8063932014566	1024.0	98.82080078125	0.11092017	5.485714285714284e-05	0.00018285714285714284	14.948448896408081	62334.077278375626
5721	1409.1483067396653	1023.99	98.828369140625	0.110986136	5.4814285714285714e-05	0.00018271428571428573	14.293545722961426	62348.372339487076
5722	1404.9580693244795	1021.99	98.8310546875	0.11104464	5.477142857142858e-05	0.00018257142857142861	15.015840768814087	62363.39010691643
5723	1390.0235095453545	1008.72	99.0927734375	0.11112175	5.472857142857141e-05	0.0001824285714285714	14.688053607940674	62378.07870721817
5724	1397.9623749066202	1014.31	98.850341796875	0.111177444	5.468571428571428e-05	0.00018228571428571428	15.011149644851685	62393.09149622917
5725	1399.112379512684	1016.77	98.84912109375	0.11123415	5.464285714285714e-05	0.00018214285714285717	14.218033790588379	62407.31071519852
5726	1403.0254861422436	1018.0	98.865966796875	0.11128447	5.460000000000001e-05	0.00018200000000000006	16.68373465538025	62423.994983673096
5727	1400.1366976981753	1019.98	98.873779296875	0.111247726	5.455714285714284e-05	0.00018185714285714284	14.396040439605713	62438.39241886139
5728	1384.7741206267563	1004.62	98.882080078125	0.11115355	5.451428571428571e-05	0.00018171428571428573	15.036134004592896	62453.42912864685
5729	1393.661383922956	1014.67	98.889892578125	0.11111066	5.447142857142858e-05	0.00018157142857142862	14.269888877868652	62467.70087838173
5730	1395.8674024126483	1010.31	98.4013671875	0.1111039	5.442857142857141e-05	0.0001814285714285714	15.16951870918274	62482.87380218506
5731	1398.2487973323784	1017.96	98.90625	0.111202724	5.438571428571428e-05	0.00018128571428571429	14.28872013092041	62497.16450357437
5732	1400.1211577572667	1018.07	99.164306640625	0.111167364	5.434285714285714e-05	0.00018114285714285717	14.974873304367065	62512.140709877014
5733	1351.3316755518047	982.09	98.922119140625	0.11115581	5.430000000000001e-05	0.00018100000000000006	14.278177499771118	62526.42032408714
5734	1408.9534960498497	1020.23	99.05517578125	0.11106513	5.425714285714284e-05	0.00018085714285714284	14.93925404548645	62541.36012363434
5735	1381.3077564888977	1008.24	99.06298828125	0.11108676	5.421428571428571e-05	0.00018071428571428573	14.744399785995483	62556.10495877266
5736	1403.0595686072359	1022.14	99.32080078125	0.11103014	5.4171428571428576e-05	0.00018057142857142862	14.934375286102295	62571.04415678978
5737	1370.2695822823798	998.35	99.828857421875	0.11089483	5.412857142857141e-05	0.00018042857142857137	14.249643325805664	62585.29442310333
5738	1406.3868676807022	1021.99	100.086669921875	0.11079536	5.408571428571428e-05	0.0001802857142857143	15.052162647247314	62600.34876489639
5739	1394.9571764286884	1014.43	98.844482421875	0.11076977	5.404285714285714e-05	0.00018014285714285718	14.255393266677856	62614.60698246956
5740	1399.9039240081265	1020.8	99.352294921875	0.11074401	5.400000000000001e-05	0.00018000000000000007	14.947388648986816	62629.554960250854
5741	1390.0821237674088	1008.34	99.1103515625	0.11069924	5.395714285714284e-05	0.00017985714285714282	14.25623106956482	62643.81352305412
5742	1412.4416031584908	1023.93	99.1181640625	0.11079347	5.391428571428571e-05	0.0001797142857142857	15.0135498046875	62658.8288602829
5743	1400.5388475806874	1018.24	99.876220703125	0.1108253	5.3871428571428576e-05	0.0001795714285714286	14.820260763168335	62673.65176939964
5744	1400.257071198375	1013.99	99.384033203125	0.110765785	5.382857142857141e-05	0.00017942857142857138	15.076301097869873	62688.73073863983
5745	1405.934213177154	1024.0	99.141845703125	0.11068922	5.3785714285714277e-05	0.00017928571428571426	14.255672216415405	62702.9879193306
5746	1398.0065770338579	1017.26	99.14990234375	0.11074265	5.374285714285714e-05	0.00017914285714285715	19.749613761901855	62722.73951768875
5747	1403.1545534489248	1024.0	96.109375	0.1106847	5.370000000000001e-05	0.00017900000000000004	15.434865713119507	62738.175837278366
5748	1401.0141481897692	1019.15	99.11962890625	0.110708356	5.365714285714284e-05	0.00017885714285714282	15.254697561264038	62753.432963609695
5749	1385.350216530013	1008.46	98.67236328125	0.11065892	5.361428571428571e-05	0.0001787142857142857	14.250555753707886	62767.68365716934
5750	1406.0626821959863	1024.0	98.6806640625	0.11072937	5.3571428571428575e-05	0.0001785714285714286	15.060115337371826	62782.74541401863
5751	1411.6462207914926	1024.0	98.938720703125	0.11056175	5.352857142857141e-05	0.00017842857142857138	14.754376411437988	62797.50126552582
5752	1403.4531861134735	1019.98	98.9462890625	0.11051313	5.3485714285714276e-05	0.00017828571428571427	15.006027698516846	62812.50886464119
5753	1412.3814723318005	1024.0	99.204345703125	0.1105605	5.344285714285714e-05	0.00017814285714285716	14.284404516220093	62826.794842243195
5754	1404.0794684764178	1024.0	98.712158203125	0.110480554	5.340000000000001e-05	0.00017800000000000004	15.045644760131836	62841.8414003849
5755	1407.56562122046	1020.06	98.7509765625	0.110378385	5.335714285714284e-05	0.00017785714285714282	14.614875555038452	62856.457426309586
5756	1412.5712924262446	1024.0	98.4775390625	0.11034861	5.331428571428571e-05	0.0001777142857142857	15.073585987091064	62871.53251981735
5757	1412.4297190444333	1024.0	98.735595703125	0.11029863	5.3271428571428575e-05	0.0001775714285714286	14.290611743927002	62885.82366490364
5758	1399.8227205223745	1016.77	98.743408203125	0.11026042	5.322857142857141e-05	0.00017742857142857138	15.199939727783203	62901.02455353737
5759	1408.7463912656326	1023.96	98.992431640625	0.1102277	5.3185714285714276e-05	0.00017728571428571427	15.012743949890137	62916.050385951996
5760	1388.2301039256752	1012.47	98.759521484375	0.11015671	5.314285714285714e-05	0.00017714285714285716	16.4352810382843	62932.486204624176
5761	1416.4965815932187	1022.11	99.017333984375	0.11007827	5.310000000000001e-05	0.00017700000000000005	14.277788162231445	62946.76904988289
5762	1413.1200704228647	1024.0	98.775390625	0.11015874	5.305714285714284e-05	0.00017685714285714283	15.091116666793823	62961.86420106888
5763	1404.8237736627098	1018.08	98.782958984375	0.110179745	5.301428571428571e-05	0.00017671428571428572	14.852921724319458	62976.72309708595
5764	1422.934048408817	1024.0	98.791748046875	0.11019558	5.2971428571428574e-05	0.0001765714285714286	14.904224157333374	62991.62898206711
5765	1402.3891455542616	1023.93	98.799560546875	0.11019727	5.292857142857141e-05	0.00017642857142857138	14.219991445541382	63005.850444078445
5766	1408.8449790323884	1024.0	98.8076171875	0.11016617	5.2885714285714275e-05	0.00017628571428571427	15.040359258651733	63020.89133930206
5767	1402.0047353051507	1012.58	99.3154296875	0.11017745	5.2842857142857146e-05	0.00017614285714285716	15.284220933914185	63036.17793536186
5768	1414.7807394463605	1022.25	98.82373046875	0.11017966	5.280000000000001e-05	0.00017600000000000005	15.00432014465332	63051.182787418365
5769	1392.8039586341501	1014.23	98.831298828125	0.11018754	5.275714285714284e-05	0.00017585714285714283	14.244948863983154	63065.42951607704
5770	1360.4553929730728	994.54	98.58935546875	0.110238634	5.271428571428571e-05	0.00017571428571428572	16.74461269378662	63082.17540669441
5771	1417.5157191674962	1024.0	97.83984375	0.110149436	5.2671428571428574e-05	0.0001755714285714286	14.774334907531738	63096.951628923416
5772	1396.1700559991257	1018.76	98.853515625	0.110096164	5.262857142857141e-05	0.0001754285714285714	14.932645559310913	63111.88889122009
5773	1396.4506001872783	1018.1	98.861328125	0.110037185	5.2585714285714274e-05	0.00017528571428571428	14.256264925003052	63126.146686553955
5774	1375.5827921119894	1004.37	98.3603515625	0.109987564	5.2542857142857145e-05	0.00017514285714285716	21.103105068206787	63147.251036167145
5775	1368.0818133722457	995.58	98.87744140625	0.10991027	5.250000000000001e-05	0.00017500000000000005	14.304001808166504	63161.55657172203
5776	1400.9042434217984	1018.05	99.384765625	0.1099214	5.245714285714284e-05	0.00017485714285714283	14.767512798309326	63176.32462668419
5777	1410.9407860135375	1022.39	99.142578125	0.10991415	5.241428571428571e-05	0.00017471428571428572	14.316799879074097	63190.64498949051
5778	1401.155557787639	1018.3	98.8916015625	0.1098617	5.237142857142857e-05	0.0001745714285714286	15.24476408958435	63205.89082312584
5779	1402.8002776960805	1014.42	99.158447265625	0.10983658	5.232857142857141e-05	0.0001744285714285714	14.527648448944092	63220.420469522476
5780	1393.7481738266424	1014.84	99.16748046875	0.109884	5.2285714285714274e-05	0.00017428571428571428	14.964394092559814	63235.38807177544
5781	1410.7084469815277	1024.0	99.416015625	0.10981468	5.2242857142857145e-05	0.00017414285714285717	14.262167692184448	63249.65146970749
5782	1386.3164544208216	1014.75	98.93310546875	0.10966303	5.220000000000001e-05	0.00017400000000000006	14.96943974494934	63264.621435165405
5783	1399.7955691528787	1018.9	99.19091796875	0.109612666	5.2157142857142845e-05	0.00017385714285714284	14.592767477035522	63279.216653585434
5784	1418.8160855474416	1024.0	99.198974609375	0.109566875	5.211428571428571e-05	0.00017371428571428572	14.958491802215576	63294.175659656525
5785	1408.5854923032387	1020.46	98.95703125	0.1094993	5.207142857142857e-05	0.0001735714285714286	14.24488878250122	63308.42111349106
5786	1417.6977868104584	1024.0	98.96484375	0.10936844	5.202857142857141e-05	0.0001734285714285714	14.922327041625977	63323.34430885315
5787	1386.8396120904881	1014.17	99.22265625	0.10932753	5.1985714285714273e-05	0.00017328571428571428	14.283177137374878	63337.62862086296
5788	1403.7222993032806	1018.06	99.23095703125	0.109393984	5.1942857142857144e-05	0.00017314285714285717	14.963369369506836	63352.592123270035
5789	1403.010115962351	1018.14	99.23876953125	0.10936901	5.190000000000001e-05	0.00017300000000000006	14.224485397338867	63366.81744670868
5790	1405.0980262471144	1012.43	99.277587890625	0.109379925	5.1857142857142845e-05	0.0001728571428571428	15.029871225357056	63381.847878456116
5791	1394.3104801005213	1016.11	99.004150390625	0.10933608	5.181428571428571e-05	0.0001727142857142857	14.675053358078003	63396.52777481079
5792	1393.5983714392514	1009.09	99.011962890625	0.10930121	5.177142857142857e-05	0.0001725714285714286	15.217819452285767	63411.747035741806
5793	1408.254723637375	1021.99	99.0107421875	0.1092438	5.172857142857141e-05	0.00017242857142857137	14.243491888046265	63425.99196720123
5794	1392.164793207011	1008.43	99.027587890625	0.10916754	5.168571428571427e-05	0.00017228571428571426	15.059303283691406	63441.05343365669
5795	1407.337394316432	1024.0	99.2841796875	0.10924833	5.1642857142857144e-05	0.00017214285714285715	19.468620538711548	63460.52373981476
5796	1394.555690822276	1016.23	99.28369140625	0.109212846	5.160000000000001e-05	0.00017200000000000003	14.98314380645752	63475.508613586426
5797	1404.8326930376397	1016.06	99.55078125	0.10929423	5.1557142857142844e-05	0.00017185714285714281	14.243676662445068	63489.75282120705
5798	1411.0403233553945	1014.19	99.18359375	0.10919558	5.151428571428571e-05	0.0001717142857142857	15.017335176467896	63504.77165579796
5799	1398.7114233607354	1016.52	99.691650390625	0.10913164	5.147142857142857e-05	0.0001715714285714286	14.597532510757446	63519.37059020996
5800	1403.8296956790073	1020.69	99.440185546875	0.10912841	5.142857142857141e-05	0.00017142857142857137	14.36620020866394	63536.87370681763
5801	1408.0686276723904	1022.47	99.457275390625	0.10909208	5.138571428571427e-05	0.00017128571428571426	14.312618494033813	63551.186866045
5802	1383.1326523004495	1008.05	99.21484375	0.10900869	5.134285714285714e-05	0.00017114285714285715	15.064304113388062	63566.25201821327
5803	1407.0512971066835	1022.53	99.4638671875	0.108900875	5.130000000000001e-05	0.00017100000000000004	14.635809421539307	63580.88840961456
5804	1380.1431074044233	998.16	96.682373046875	0.10886141	5.1257142857142844e-05	0.00017085714285714282	14.977067708969116	63595.86789536476
5805	1399.277827434042	1020.39	99.485595703125	0.1089285	5.121428571428571e-05	0.0001707142857142857	14.313447952270508	63610.1827917099
5806	1402.0151587017497	1016.11	99.24462890625	0.1088331	5.117142857142857e-05	0.0001705714285714286	15.698482036590576	63625.882774829865
5807	1391.3086893758061	1004.71	99.2529296875	0.10883534	5.112857142857141e-05	0.00017042857142857137	14.31745719909668	63640.20120501518
5808	1408.9990304732332	1024.0	99.26123046875	0.10883274	5.108571428571427e-05	0.00017028571428571426	14.970850944519043	63655.173620939255
5809	1412.2211557669655	1021.99	99.76904296875	0.108801536	5.104285714285714e-05	0.00017014285714285715	14.202150583267212	63669.37645626068
5810	1415.4909678285155	1023.59	99.535888671875	0.10871064	5.1000000000000006e-05	0.00017000000000000004	14.955362319946289	63684.33307123184
5811	1414.3692879954042	1024.0	99.535888671875	0.10880198	5.095714285714284e-05	0.00016985714285714282	15.496114492416382	63699.83081150055
5812	1415.763411414051	1020.25	99.293701171875	0.10876263	5.091428571428571e-05	0.0001697142857142857	15.153549671173096	63714.98493695259
5813	1408.8379899980555	1021.88	99.302734375	0.108697474	5.087142857142857e-05	0.0001695714285714286	14.248332500457764	63729.234766960144
5814	1395.9019107730655	1014.18	99.310546875	0.1086772	5.082857142857144e-05	0.00016942857142857148	15.129000186920166	63744.364337682724
5815	1394.2333547019753	1008.4	99.568359375	0.10866963	5.078571428571427e-05	0.00016928571428571427	14.543315887451172	63758.90959858894
5816	1403.5013700154407	1016.38	99.574951171875	0.10864914	5.074285714285714e-05	0.00016914285714285715	15.505005121231079	63774.41579413414
5817	1395.3093411971124	1014.27	99.832763671875	0.108555585	5.0700000000000006e-05	0.00016900000000000004	14.25111174583435	63788.6674413681
5818	1407.7750707556327	1019.95	99.8408203125	0.10858688	5.065714285714284e-05	0.00016885714285714282	15.016860485076904	63803.68702673912
5819	1394.14131953487	1010.4	99.3486328125	0.10849846	5.0614285714285706e-05	0.0001687142857142857	14.265566349029541	63817.9546585083
5820	1406.2191751563662	1024.0	99.60693359375	0.10847048	5.057142857142858e-05	0.0001685714285714286	15.043169498443604	63832.99938583374
5821	1412.3585903436601	1024.0	99.61474609375	0.10857571	5.052857142857144e-05	0.0001684285714285715	14.263138771057129	63847.26460838318
5822	1407.0657629210464	1018.04	99.87255859375	0.1084977	5.048571428571427e-05	0.00016828571428571427	15.033962965011597	63862.29995107651
5823	1402.2936483980457	1024.0	99.6298828125	0.10847955	5.044285714285714e-05	0.00016814285714285716	14.432099103927612	63876.73259305954
5824	1405.807217737692	1024.0	99.387939453125	0.10855434	5.0400000000000005e-05	0.00016800000000000004	14.999696731567383	63891.73472213745
5825	1402.8332609961299	1016.41	99.89599609375	0.10854549	5.035714285714284e-05	0.00016785714285714283	14.262277126312256	63905.99864912033
5826	1368.1426923694173	994.48	99.65380859375	0.108502306	5.0314285714285706e-05	0.0001677142857142857	14.955123901367188	63920.95600485802
5827	1403.369402903445	1018.52	99.652587890625	0.10851825	5.0271428571428577e-05	0.0001675714285714286	14.242141246795654	63935.19980430603
5828	1396.3501011670253	1016.37	99.66943359375	0.10852659	5.022857142857144e-05	0.0001674285714285715	14.945483922958374	63950.158999204636
5829	1391.8075574308978	1008.06	99.678466796875	0.10850525	5.018571428571427e-05	0.00016728571428571427	14.26252269744873	63964.422068834305
5830	1406.7263221392457	1014.58	99.6865234375	0.10849633	5.014285714285714e-05	0.00016714285714285716	15.228148937225342	63979.65960788727
5831	1409.4142942764074	1020.09	99.94384765625	0.10846458	5.0100000000000005e-05	0.00016700000000000005	14.782820224761963	63994.444593429565
5832	1382.045642856105	1002.95	99.951904296875	0.10838241	5.005714285714284e-05	0.00016685714285714283	15.11409616470337	64009.561611413956
5833	1392.0060490723977	1014.02	99.7099609375	0.108362265	5.0014285714285705e-05	0.00016671428571428572	14.23394250869751	64023.796093940735
5834	1410.6652481776732	1024.0	99.708740234375	0.10834388	4.9971428571428576e-05	0.0001665714285714286	14.941116571426392	64038.739419698715
5835	1411.3333367350258	1022.11	99.7236328125	0.10838803	4.992857142857144e-05	0.0001664285714285715	14.291976928710938	64053.032888650894
5836	1408.693076175614	1024.0	99.733642578125	0.10836595	4.988571428571428e-05	0.00016628571428571427	15.414308786392212	64068.448652505875
5837	1414.6726325504592	1022.17	100.2412109375	0.10836802	4.984285714285714e-05	0.00016614285714285716	14.277601957321167	64082.72775673866
5838	1401.7762917212444	1014.0	100.249267578125	0.10831673	4.9800000000000004e-05	0.00016600000000000005	16.13530969619751	64098.86364579201
5839	1417.8168668589572	1020.97	100.257080078125	0.108297326	4.975714285714284e-05	0.00016585714285714283	15.524720668792725	64114.389874219894
5840	1407.7450222164139	1024.0	100.263671875	0.108319074	4.9714285714285705e-05	0.00016571428571428572	15.183631658554077	64129.575756073
5841	1410.5225314526754	1022.03	100.51220703125	0.108328424	4.9671428571428576e-05	0.0001655714285714286	14.285268783569336	64143.86156773567
5842	1395.5900783161694	1014.5	100.279052734375	0.108383976	4.962857142857144e-05	0.0001654285714285715	14.9814772605896	64158.846198797226
5843	1403.3486939936477	1012.03	100.286865234375	0.108373284	4.9585714285714276e-05	0.00016528571428571425	14.675780296325684	64173.524478673935
5844	1412.6429976201514	1024.0	100.295166015625	0.10834053	4.954285714285714e-05	0.00016514285714285714	15.052313566207886	64188.578365564346
5845	1416.9357837064981	1024.0	100.30322265625	0.10833215	4.9500000000000004e-05	0.00016500000000000003	14.265168905258179	64202.84473109245
5846	1417.538199947105	1024.0	100.31201171875	0.10830197	4.945714285714284e-05	0.0001648571428571428	15.057382345199585	64217.904302835464
5847	1404.670392519232	1018.12	100.319580078125	0.10829061	4.9414285714285704e-05	0.0001647142857142857	14.493489742279053	64232.40017724037
5848	1413.997829760936	1021.99	100.32470703125	0.1083095	4.9371428571428575e-05	0.00016457142857142858	14.948933601379395	64247.35130572319
5849	1423.9756485349799	1024.0	100.58544921875	0.10835784	4.932857142857144e-05	0.00016442857142857147	14.225199699401855	64261.57825279236
5850	1418.00887730793	1024.0	100.343505859375	0.108316086	4.9285714285714276e-05	0.00016428571428571425	15.322194814682007	64276.90098333359
5851	1410.7276457534817	1022.14	100.348876953125	0.10829142	4.924285714285714e-05	0.00016414285714285714	14.237376689910889	64291.14441823959
5852	1408.3581173286814	1024.0	100.359130859375	0.10832182	4.92e-05	0.00016400000000000003	14.975171566009521	64306.12134194374
5853	1411.8552896471072	1024.0	100.3671875	0.108280994	4.915714285714284e-05	0.0001638571428571428	14.211319923400879	64320.333213329315
5854	1423.0409820621583	1024.0	100.374755859375	0.108288825	4.9114285714285704e-05	0.0001637142857142857	14.234467267990112	64334.569398641586
5855	1392.967918031341	1008.56	100.379638671875	0.10822726	4.9071428571428574e-05	0.00016357142857142859	14.778956174850464	64349.34991598129
5856	1413.300792691415	1024.0	100.39111328125	0.10813206	4.902857142857144e-05	0.00016342857142857147	14.510591745376587	64363.86111712456
5857	1400.0155206496017	1014.21	100.3974609375	0.108111165	4.8985714285714275e-05	0.00016328571428571425	14.577642917633057	64378.440573215485
5858	1409.8927808538908	1024.0	100.406494140625	0.10797715	4.894285714285714e-05	0.00016314285714285714	14.215300798416138	64392.65732192993
5859	1408.7636614711623	1024.0	100.41455078125	0.10786939	4.89e-05	0.00016300000000000003	14.458797216415405	64407.11664891243
5860	1409.0369814610904	1019.95	100.422119140625	0.10788426	4.885714285714284e-05	0.0001628571428571428	14.671082735061646	64421.78990125656
5861	1399.6757138191308	1014.3	100.43017578125	0.107907094	4.88142857142857e-05	0.0001627142857142857	14.750552415847778	64436.542054891586
5862	1404.2808749482217	1008.49	97.263671875	0.1079217	4.8771428571428574e-05	0.0001625714285714286	14.466382503509521	64451.02348899841
5863	1393.5264712641895	1007.08	100.480224609375	0.10793019	4.872857142857144e-05	0.00016242857142857148	15.738978147506714	64466.76258945465
5864	1421.4170270569634	1024.0	100.55615234375	0.107941896	4.8685714285714275e-05	0.00016228571428571426	14.247748136520386	64481.01251626015
5865	1410.602337305825	1024.0	100.3046875	0.107954234	4.864285714285714e-05	0.00016214285714285715	15.112136363983154	64496.125472307205
5866	1420.792359235899	1024.0	99.832275390625	0.10798299	4.86e-05	0.00016200000000000003	14.265017747879028	64510.39198374748
5867	1409.7805850936152	1020.03	100.08984375	0.10791247	4.855714285714284e-05	0.00016185714285714281	15.224343299865723	64525.61821389198
5868	1414.2499586673116	1024.0	100.09814453125	0.10796791	4.85142857142857e-05	0.0001617142857142857	14.317100048065186	64539.93650722504
5869	1403.0963812705165	1016.03	99.846923828125	0.10793067	4.8471428571428573e-05	0.0001615714285714286	15.101276397705078	64555.038336992264
5870	1401.160493127294	1017.02	99.864013671875	0.10794277	4.842857142857144e-05	0.00016142857142857148	14.219569206237793	64569.25969982147
5871	1399.7202219486242	1010.49	100.121337890625	0.10794097	4.8385714285714274e-05	0.00016128571428571426	14.942287921905518	64584.202540159225
5872	1400.2075107360063	1016.14	99.8701171875	0.10785749	4.834285714285714e-05	0.00016114285714285715	14.474881410598755	64598.678825855255
5873	1413.0115243817083	1024.0	99.887451171875	0.1078948	4.830000000000001e-05	0.00016100000000000004	17.03446364402771	64615.71558523178
5874	1397.1259411149201	1010.59	99.8955078125	0.10783068	4.825714285714284e-05	0.00016085714285714282	14.156007289886475	64629.873769283295
5875	1412.498408454573	1022.22	100.153564453125	0.10784006	4.82142857142857e-05	0.0001607142857142857	15.046355724334717	64644.92206668854
5876	1407.3978376268285	1016.05	99.90380859375	0.10774643	4.817142857142857e-05	0.0001605714285714286	14.368140459060669	64659.29166817665
5877	1410.7538464811128	1019.98	99.9189453125	0.1076423	4.812857142857144e-05	0.00016042857142857148	14.967581033706665	64674.260704278946
5878	1413.5793987817465	1020.22	100.177734375	0.10764622	4.8085714285714274e-05	0.00016028571428571426	14.19569444656372	64688.4569439888
5879	1407.3986941049288	1020.21	99.935791015625	0.10759866	4.804285714285714e-05	0.00016014285714285715	14.95583438873291	64703.414860486984
5880	1393.098336129325	1014.06	99.947265625	0.107586406	4.800000000000001e-05	0.00016000000000000004	14.70463490486145	64718.12134218216
5881	1376.4377274109395	1004.12	99.951904296875	0.10753519	4.795714285714284e-05	0.00015985714285714282	14.975977659225464	64733.09807896614
5882	1417.53089406043	1024.0	100.459228515625	0.10749341	4.79142857142857e-05	0.0001597142857142857	14.289062023162842	64747.389605760574
5883	1418.6280260637577	1024.0	100.46728515625	0.107512675	4.787142857142857e-05	0.0001595714285714286	15.21153211593628	64762.60169291496
5884	1411.4718194581149	1019.93	100.47509765625	0.107458174	4.7828571428571436e-05	0.00015942857142857149	14.723845958709717	64777.32765173912
5885	1390.616070445292	1018.07	100.7314453125	0.10740741	4.778571428571427e-05	0.00015928571428571427	15.02668046951294	64792.35582137108
5886	1412.7335791173618	1024.0	100.239501953125	0.107380666	4.774285714285714e-05	0.00015914285714285715	14.280512571334839	64806.639503479004
5887	1411.9266049824425	1018.19	100.496337890625	0.10740596	4.770000000000001e-05	0.00015900000000000004	14.95920205116272	64821.59925699234
5888	1406.9954741595468	1024.0	100.50537109375	0.10731644	4.765714285714284e-05	0.00015885714285714282	14.671787023544312	64836.27191019058
5889	1407.347310873572	1020.41	100.51318359375	0.10732148	4.761428571428571e-05	0.0001587142857142857	15.055436849594116	64851.32927489281
5890	1387.2687419895146	1008.35	100.521240234375	0.10731175	4.757142857142857e-05	0.0001585714285714286	14.220719575881958	64865.550569057465
5891	1410.1080515602746	1018.0	100.52880859375	0.107260294	4.7528571428571436e-05	0.0001584285714285715	14.938762187957764	64880.49056267738
5892	1405.4679282747338	1015.51	100.53662109375	0.10732261	4.748571428571427e-05	0.00015828571428571424	14.17988634109497	64894.67097902298
5893	1413.012322366913	1018.06	100.544677734375	0.10727495	4.7442857142857136e-05	0.00015814285714285716	14.87956190109253	64909.55215334892
5894	1409.7412041489888	1022.47	100.55224609375	0.107286215	4.740000000000001e-05	0.00015800000000000005	14.167545080184937	64923.72094607353
5895	1418.8443065683643	1024.0	100.560791015625	0.1072777	4.735714285714284e-05	0.0001578571428571428	15.738469123840332	64939.45971083641
5896	1409.4994547229137	1020.04	100.5693359375	0.10734218	4.731428571428571e-05	0.0001577142857142857	14.702945470809937	64954.16467356682
5897	1406.7423793074672	1018.01	100.5732421875	0.10736409	4.727142857142857e-05	0.00015757142857142858	15.002108573913574	64969.16812419891
5898	1419.5707878419169	1024.0	100.5849609375	0.107370235	4.7228571428571435e-05	0.00015742857142857146	14.261396646499634	64983.430716991425
5899	1414.4195026484015	1022.12	100.593017578125	0.107385725	4.718571428571427e-05	0.00015728571428571424	14.963533639907837	64998.39600610733
5900	1407.8753764472547	1016.14	100.6005859375	0.10730636	4.7142857142857136e-05	0.00015714285714285713	14.184821844100952	65012.58277845383
5901	1416.5444772100032	1024.0	100.608642578125	0.10733726	4.7100000000000006e-05	0.00015700000000000002	17.17048215866089	65029.754387140274
5902	1413.1919519878375	1016.68	100.616455078125	0.107357554	4.7057142857142836e-05	0.0001568571428571428	14.220706462860107	65043.97617316246
5903	1406.8050424583155	1016.34	100.624267578125	0.107367285	4.701428571428571e-05	0.0001567142857142857	14.951218366622925	65058.9304420948
5904	1421.8178470563353	1022.32	100.373291015625	0.107388675	4.697142857142857e-05	0.00015657142857142858	14.60595440864563	65073.536924123764
5905	1424.8229418841029	1024.0	100.64013671875	0.10737362	4.6928571428571435e-05	0.00015642857142857147	15.08941388130188	65088.62819194794
5906	1406.115007064875	1017.99	100.646240234375	0.1073102	4.688571428571427e-05	0.00015628571428571425	14.370805740356445	65103.000568151474
5907	1396.5519864622102	1013.96	100.656005859375	0.107358485	4.6842857142857135e-05	0.00015614285714285714	15.09898829460144	65118.1001200676
5908	1385.7759841726772	1010.85	100.6630859375	0.10736513	4.6800000000000006e-05	0.00015600000000000002	14.609093189239502	65132.71091938019
5909	1410.7088036615244	1021.97	100.670166015625	0.10738045	4.6757142857142836e-05	0.0001558571428571428	14.917557716369629	65147.630316495895
5910	1413.5093633228814	1024.0	101.177978515625	0.107288815	4.6714285714285707e-05	0.0001557142857142857	14.256493091583252	65161.88831734657
5911	1390.4992049567372	1009.77	101.181884765625	0.10721445	4.667142857142857e-05	0.00015557142857142858	14.944467544555664	65176.83332490921
5912	1414.1214885796276	1024.0	101.194580078125	0.10719896	4.6628571428571434e-05	0.00015542857142857147	14.837671279907227	65191.67285275459
5913	1413.9226932455215	1022.39	101.20263671875	0.107155375	4.658571428571427e-05	0.00015528571428571425	18.836740016937256	65210.5112888813
5914	1409.9849459051447	1018.6	101.210693359375	0.107063465	4.6542857142857135e-05	0.00015514285714285714	14.244318962097168	65224.77084326744
5915	1386.7934559357655	1002.63	101.216552734375	0.10706133	4.6500000000000005e-05	0.00015500000000000003	14.95334005355835	65239.724756240845
5916	1403.2622124220998	1018.09	101.22607421875	0.10702038	4.6457142857142835e-05	0.0001548571428571428	14.228551387786865	65253.954421281815
5917	1414.503935232532	1024.0	101.484130859375	0.10694686	4.6414285714285706e-05	0.0001547142857142857	14.978878021240234	65268.93444108963
5918	1414.2739716389626	1024.0	100.9921875	0.10694351	4.637142857142857e-05	0.00015457142857142858	14.221136093139648	65283.15707588196
5919	1403.8177065626323	1020.12	97.71826171875	0.10689518	4.632857142857144e-05	0.00015442857142857147	15.190097570419312	65298.348563194275
5920	1412.7559477039408	1024.0	100.78125	0.106795095	4.628571428571427e-05	0.00015428571428571425	14.541126251220703	65312.88983345032
5921	1415.0166838944867	1024.0	100.50390625	0.10670247	4.6242857142857134e-05	0.00015414285714285714	15.338410139083862	65328.231570482254
5922	1412.4087879384988	1024.0	100.520751953125	0.106694676	4.6200000000000005e-05	0.00015400000000000003	14.255805015563965	65342.489053726196
5923	1411.6061537591854	1024.0	100.279052734375	0.1065999	4.6157142857142835e-05	0.0001538571428571428	14.965818166732788	65357.4565474987
5924	1415.3268418285027	1024.0	100.53759765625	0.10658425	4.6114285714285705e-05	0.0001537142857142857	14.22841191291809	65371.68608665466
5925	1420.4247837639468	1020.56	100.535888671875	0.106596865	4.607142857142857e-05	0.0001535714285714286	15.798455476760864	65387.48507475853
5926	1422.9468366120884	1022.13	101.178466796875	0.10660557	4.602857142857144e-05	0.00015342857142857148	14.236756086349487	65401.7241165638
5927	1410.022108032591	1024.0	100.936279296875	0.10655596	4.598571428571427e-05	0.00015328571428571426	14.98578667640686	65416.71045613289
5928	1415.8966180343962	1022.1	101.195068359375	0.10650906	4.5942857142857134e-05	0.00015314285714285714	14.77509355545044	65431.48750424385
5929	1413.6400873231025	1022.11	100.453369140625	0.10642424	4.5900000000000004e-05	0.00015300000000000003	14.980472564697266	65446.46966075897
5930	1416.3192259341533	1024.0	100.46240234375	0.10625852	4.5857142857142834e-05	0.0001528571428571428	14.245794296264648	65460.71628904343
5931	1409.5230663199281	1022.02	100.7197265625	0.10629564	4.5814285714285705e-05	0.0001527142857142857	18.48758363723755	65479.20441842079
5932	1403.4241583278115	1016.16	100.4697265625	0.10634441	4.577142857142857e-05	0.0001525714285714286	14.622936248779297	65493.828919410706
5933	1418.844631446671	1024.0	100.48486328125	0.10622272	4.572857142857144e-05	0.00015242857142857148	14.987662553787231	65508.81712579727
5934	1397.9666312836239	1016.01	100.49267578125	0.106252365	4.568571428571427e-05	0.00015228571428571426	14.251820802688599	65523.07046890259
5935	1408.3908440382677	1020.0	101.00048828125	0.10626852	4.564285714285713e-05	0.00015214285714285715	37.21732831001282	65560.28871202469
5936	1399.326039843377	1014.56	100.75830078125	0.10626912	4.5600000000000004e-05	0.00015200000000000004	31.664188861846924	65591.95452523232
5937	1405.677773976299	1016.03	100.515869140625	0.10617274	4.5557142857142834e-05	0.00015185714285714282	14.634976625442505	65606.59098482132
5938	1390.3093561914338	1011.15	100.77392578125	0.106244504	4.5514285714285704e-05	0.0001517142857142857	14.833298683166504	65621.42612409592
5939	1416.6434166128838	1024.0	100.531494140625	0.10627634	4.547142857142857e-05	0.0001515714285714286	15.091519594192505	65636.51778173447
5940	1392.5307545200094	1004.04	100.78955078125	0.10621818	4.542857142857144e-05	0.00015142857142857148	14.171712875366211	65650.69096422195
5941	1409.9573632099844	1014.03	100.54736328125	0.10611919	4.538571428571427e-05	0.00015128571428571426	15.439451456069946	65666.1318180561
5942	1405.7738759207402	1020.21	100.805419921875	0.10612307	4.534285714285714e-05	0.00015114285714285715	14.264979839324951	65680.39866304398
5943	1423.524517894996	1024.0	100.813232421875	0.1060364	4.53e-05	0.00015100000000000004	14.989590406417847	65695.38953614235
5944	1404.6183325026955	1014.03	100.57080078125	0.10609749	4.525714285714287e-05	0.00015085714285714293	14.165483236312866	65709.5558476448
5945	1403.1104316295316	1018.39	100.830078125	0.10605352	4.5214285714285704e-05	0.00015071428571428568	14.970575332641602	65724.52694964409
5946	1415.9957590148804	1024.0	101.087890625	0.10600132	4.517142857142857e-05	0.00015057142857142857	14.199829578399658	65738.72850894928
5947	1400.0290705682385	1016.17	101.345703125	0.10595045	4.512857142857144e-05	0.00015042857142857146	14.962278366088867	65753.69222736359
5948	1417.4676091025162	1024.0	100.853515625	0.10594705	4.508571428571427e-05	0.00015028571428571424	14.318083763122559	65768.01194047928
5949	1417.7288561109972	1022.03	101.111328125	0.105871804	4.504285714285714e-05	0.00015014285714285713	14.98634934425354	65783.00035142899
5950	1406.4803897626289	1024.0	100.61962890625	0.10584661	4.5e-05	0.00015000000000000001	14.408048391342163	65797.40927863121
5951	1416.6165046218746	1020.15	101.126953125	0.10583667	4.495714285714287e-05	0.0001498571428571429	15.10174036026001	65812.51158428192
5952	1400.037951177192	1010.36	100.885498046875	0.10582679	4.4914285714285703e-05	0.00014971428571428568	14.170939207077026	65826.68397402763
5953	1409.958087836127	1014.86	101.16650390625	0.10582507	4.487142857142857e-05	0.00014957142857142857	14.98552393913269	65841.67015004158
5954	1411.822818492206	1024.0	101.150634765625	0.105790384	4.482857142857144e-05	0.00014942857142857146	14.241700172424316	65855.9133079052
5955	1422.6167737930266	1023.98	99.91650390625	0.10578553	4.478571428571427e-05	0.00014928571428571424	15.331480979919434	65871.24827122688
5956	1396.6672839539665	1018.09	100.914794921875	0.105781235	4.474285714285714e-05	0.00014914285714285713	14.619470357894897	65885.86838626862
5957	1402.5470058265	1011.06	101.4228515625	0.10585127	4.47e-05	0.00014900000000000002	15.034605264663696	65900.90393662453
5958	1422.7756666584403	1022.23	100.930908203125	0.10587878	4.4657142857142866e-05	0.0001488571428571429	14.603839635848999	65915.50943732262
5959	1402.5985323095933	1016.27	100.9619140625	0.10582793	4.46142857142857e-05	0.00014871428571428569	14.9712655544281	65930.4826798439
5960	1396.3433072810926	1014.65	100.962158203125	0.10589803	4.457142857142857e-05	0.00014857142857142857	14.196924924850464	65944.68055176735
5961	1423.9360687843846	1022.01	100.705322265625	0.10585367	4.452857142857144e-05	0.00014842857142857146	14.943447828292847	65959.62570738792
5962	1414.2037231394738	1022.05	100.949462890625	0.10583398	4.448571428571427e-05	0.00014828571428571424	14.194332361221313	65973.82278347015
5963	1410.744838798355	1024.0	100.97119140625	0.10591695	4.444285714285714e-05	0.00014814285714285713	15.12070083618164	65988.9435954094
5964	1407.941816847145	1019.97	100.72900390625	0.10590017	4.44e-05	0.00014800000000000002	14.220445394515991	66003.16743516922
5965	1413.1437335173441	1024.0	101.23681640625	0.10585016	4.4357142857142866e-05	0.0001478571428571429	15.010400295257568	66018.1783645153
5966	1400.616187549353	1018.19	101.24560546875	0.105754726	4.43142857142857e-05	0.0001477142857142857	14.619745254516602	66032.80072784424
5967	1414.2330024517757	1024.0	100.75341796875	0.105807565	4.4271428571428566e-05	0.00014757142857142858	15.250513315200806	66048.05298542976
5968	1387.501407502086	1006.17	100.533447265625	0.10580721	4.422857142857144e-05	0.00014742857142857147	14.204052686691284	66062.25905370712
5969	1420.4744189512453	1024.0	100.519287109375	0.10581845	4.418571428571427e-05	0.00014728571428571425	14.877527713775635	66077.13775062561
5970	1409.9258354294059	1022.85	101.02685546875	0.10581414	4.414285714285714e-05	0.00014714285714285713	14.361889123916626	66091.50105023384
5971	1409.5009280979525	1018.02	101.033447265625	0.10571185	4.41e-05	0.00014700000000000002	15.009538650512695	66106.51113963127
5972	1405.388642001051	1020.08	100.792724609375	0.1056757	4.405714285714287e-05	0.0001468571428571429	14.30104660987854	66120.81474971771
5973	1409.5212645080237	1024.0	101.05029296875	0.10572555	4.40142857142857e-05	0.0001467142857142857	14.57129693031311	66135.38689160347
5974	1400.180504485225	1010.21	101.05859375	0.10575534	4.3971428571428566e-05	0.00014657142857142858	14.719302654266357	66150.10747790337
5975	1392.6522722584548	1008.06	101.31640625	0.10567721	4.3928571428571436e-05	0.00014642857142857147	14.218777656555176	66164.32680249214
5976	1397.025963278133	1010.21	101.07177734375	0.105591156	4.3885714285714266e-05	0.00014628571428571425	14.580116748809814	66178.90869832039
5977	1411.0226988903628	1022.01	98.298828125	0.10559604	4.384285714285714e-05	0.00014614285714285714	14.180497884750366	66193.08973264694
5978	1412.320660576554	1024.0	101.08740234375	0.105537124	4.38e-05	0.00014600000000000003	14.401614904403687	66207.49383664131
5979	1424.6741054833751	1024.0	101.085693359375	0.10548404	4.375714285714287e-05	0.00014585714285714291	14.186537265777588	66221.68184828758
5980	1409.4097048080519	1024.0	100.60302734375	0.10546034	4.37142857142857e-05	0.0001457142857142857	14.789386987686157	66236.4717643261
5981	1416.5436235204752	1024.0	100.906494140625	0.10547716	4.3671428571428565e-05	0.00014557142857142858	14.229921817779541	66250.7028183937
5982	1412.3537556424833	1024.0	100.902587890625	0.10541153	4.3628571428571436e-05	0.00014542857142857147	15.249240636825562	66265.95259690285
5983	1417.8048316948546	1024.0	101.155029296875	0.10536394	4.3585714285714266e-05	0.00014528571428571425	14.222288608551025	66280.17672920227
5984	1400.75470193537	1008.21	101.63330078125	0.10528045	4.3542857142857136e-05	0.00014514285714285714	15.010493040084839	66295.18838095665
5985	1392.1661383380886	1012.78	101.39111328125	0.10527895	4.35e-05	0.00014500000000000003	14.18862771987915	66309.42427897453
5986	1407.816830499627	1013.04	101.141357421875	0.105175816	4.345714285714287e-05	0.00014485714285714292	14.956096410751343	66324.38118672371
5987	1403.2372678079562	1016.11	101.158935546875	0.105221964	4.34142857142857e-05	0.0001447142857142857	14.225643873214722	66338.60695362091
5988	1418.1132911549837	1024.0	101.1669921875	0.10515105	4.337142857142857e-05	0.00014457142857142859	15.105132818222046	66353.71697616577
5989	1418.0476401725955	1024.0	101.175048828125	0.10514221	4.3328571428571435e-05	0.00014442857142857147	14.20302939414978	66367.9208972454
5990	1419.2601711282052	1024.0	101.30126953125	0.10516805	4.3285714285714265e-05	0.00014428571428571425	14.981457471847534	66382.9037373066
5991	1400.3245455460033	1012.6	101.315673828125	0.10512847	4.3242857142857136e-05	0.00014414285714285714	14.303582906723022	66397.20793056488
5992	1416.401665045514	1017.97	101.323486328125	0.10504984	4.32e-05	0.00014400000000000003	15.3106050491333	66412.52047371864
5993	1403.7175105075903	1014.1	101.321044921875	0.10497237	4.315714285714287e-05	0.00014385714285714292	14.340941190719604	66426.86283349991
5994	1397.651113125219	1014.01	101.58984375	0.105053544	4.31142857142857e-05	0.0001437142857142857	15.035185813903809	66441.89854049683
5995	1400.1901599738785	1006.28	101.34814453125	0.10497042	4.307142857142857e-05	0.0001435714285714286	14.248177289962769	66456.14905261993
5996	1412.8591522245347	1024.0	101.10400390625	0.104967654	4.3028571428571435e-05	0.00014342857142857148	14.913429498672485	66471.063539505
5997	1412.5998675827855	1024.0	101.36083984375	0.10495982	4.2985714285714265e-05	0.00014328571428571423	14.166774988174438	66485.23084115982
5998	1395.6449523686629	1010.36	100.871337890625	0.10492918	4.2942857142857135e-05	0.00014314285714285712	14.941260814666748	66500.17403817177
5999	1420.5136596695138	1024.0	101.629150390625	0.10490632	4.29e-05	0.000143	14.585868120193481	66514.76228690147
6000	1410.9278557727794	1024.0	101.387451171875	0.10494015	4.285714285714287e-05	0.0001428571428571429	15.324569463729858	66530.08740115166
6001	1419.2071630433866	1024.0	101.145263671875	0.1048052	4.28142857142857e-05	0.00014271428571428568	14.581734895706177	66544.66998028755
6002	1411.130667903825	1024.0	101.151611328125	0.104767494	4.277142857142857e-05	0.00014257142857142856	14.933814525604248	66559.60581541061
6003	1422.4852142721484	1024.0	100.191650390625	0.104720496	4.2728571428571434e-05	0.00014242857142857145	14.160711765289307	66573.7698328495
6004	1386.5756251015532	1003.93	101.415771484375	0.10468581	4.2685714285714264e-05	0.00014228571428571423	14.91285753250122	66588.68325924873
6005	1414.5045751555836	1024.0	101.6767578125	0.104621746	4.2642857142857135e-05	0.00014214285714285712	14.170300960540771	66602.85442662239
6006	1406.3599561986784	1016.56	101.6845703125	0.10457682	4.26e-05	0.000142	14.896305322647095	66617.75222539902
6007	1383.0753167833461	1006.53	101.692626953125	0.10446932	4.255714285714287e-05	0.0001418571428571429	14.661766052246094	66632.41542077065
6008	1403.910928851673	1018.56	101.7001953125	0.10439396	4.25142857142857e-05	0.00014171428571428568	15.228230953216553	66647.64516735077
6009	1414.1205153415085	1024.0	101.708251953125	0.104331456	4.247142857142857e-05	0.00014157142857142857	14.222043991088867	66661.86921405792
6010	1424.0263303019103	1024.0	101.71630859375	0.10436511	4.2428571428571434e-05	0.00014142857142857145	14.850280046463013	66676.72146010399
6011	1388.6324773889935	1010.44	101.72509765625	0.10436157	4.238571428571427e-05	0.00014128571428571424	14.265797853469849	66690.98871040344
6012	1412.9511137767074	1018.19	101.98291015625	0.10434543	4.2342857142857134e-05	0.00014114285714285712	14.977843284606934	66705.96813464165
6013	1400.0551119768174	1012.11	101.98876953125	0.10432768	4.23e-05	0.000141	14.275962114334106	66720.24622368813
6014	1420.8632895741496	1021.98	101.99853515625	0.10432258	4.225714285714287e-05	0.0001408571428571429	14.212422370910645	66734.46078586578
6015	1399.3618988905926	1014.06	102.00634765625	0.104368865	4.22142857142857e-05	0.00014071428571428568	14.941389083862305	66749.4027338028
6016	1390.8587578815716	1006.62	102.0146484375	0.104409076	4.217142857142857e-05	0.00014057142857142857	14.286678552627563	66763.69106149673
6017	1396.5860015106484	1010.89	102.022216796875	0.10444144	4.212857142857143e-05	0.00014042857142857146	14.50899600982666	66778.20718955994
6018	1423.4908348863903	1024.0	102.030029296875	0.10445947	4.208571428571427e-05	0.00014028571428571424	14.183638334274292	66792.39257311821
6019	1397.6131754888725	1010.41	102.0380859375	0.10449325	4.2042857142857134e-05	0.00014014285714285713	14.437378883361816	66806.83161258698
6020	1410.8518656157464	1024.0	102.0458984375	0.10445353	4.2e-05	0.00014000000000000001	14.30119800567627	66821.13431715965
6021	1413.3363243628316	1020.22	102.050048828125	0.10435337	4.195714285714287e-05	0.0001398571428571429	15.344610929489136	66836.48020148277
6022	1405.5587589904203	1010.98	102.060546875	0.104395084	4.19142857142857e-05	0.00013971428571428568	14.201371192932129	66850.68325638771
6023	1414.5969341901166	1020.09	102.068359375	0.10429425	4.187142857142857e-05	0.00013957142857142857	15.335261821746826	66866.0186290741
6024	1418.6355865909748	1024.0	102.075927734375	0.10429203	4.182857142857143e-05	0.00013942857142857146	14.226198673248291	66880.2462413311
6025	1424.5444214948452	1022.12	102.084228515625	0.104097694	4.178571428571427e-05	0.00013928571428571424	15.051027774810791	66895.29881954193
6026	1413.5774021285408	1024.0	102.090087890625	0.10412554	4.174285714285713e-05	0.00013914285714285713	14.239254474639893	66909.539478302
6027	1419.0244846006906	1024.0	102.10107421875	0.10403195	4.17e-05	0.00013900000000000002	14.891410827636719	66924.43142747879
6028	1420.3541572445342	1024.0	101.858642578125	0.104062736	4.165714285714287e-05	0.0001388571428571429	14.19344449043274	66938.62598347664
6029	1403.4839541013114	1014.01	102.11669921875	0.1039783	4.16142857142857e-05	0.00013871428571428569	15.17144513130188	66953.79895687103
6030	1413.3279987132173	1019.95	102.12451171875	0.10394421	4.157142857142857e-05	0.00013857142857142857	14.189825057983398	66967.98890399933
6031	1405.2634413687317	1016.65	101.632080078125	0.10387728	4.152857142857143e-05	0.00013842857142857146	15.911348104476929	66983.90199565887
6032	1415.5987432102127	1018.76	102.14013671875	0.10381768	4.148571428571427e-05	0.00013828571428571424	14.285245895385742	66998.18779325485
6033	1414.3646888346068	1024.0	102.14794921875	0.103858896	4.144285714285713e-05	0.00013814285714285713	15.390884399414062	67013.58153629303
6034	1417.3729069685405	1022.34	98.872802734375	0.10384604	4.14e-05	0.00013800000000000002	14.14963412284851	67027.7327644825
6035	1412.0296676320133	1018.36	101.79150390625	0.10383794	4.135714285714287e-05	0.0001378571428571429	14.988713026046753	67042.72202825546
6036	1416.7589964908016	1020.0	101.665771484375	0.10381514	4.13142857142857e-05	0.0001377142857142857	14.240542650222778	67056.96478462219
6037	1406.12962724329	1014.03	101.91455078125	0.10377554	4.127142857142857e-05	0.00013757142857142858	15.023709297180176	67071.99019908905
6038	1421.3752429743397	1024.0	101.935302734375	0.10371826	4.122857142857143e-05	0.00013742857142857147	14.299736261367798	67086.29051303864
6039	1388.8569306164081	1008.42	101.943115234375	0.10369619	4.118571428571427e-05	0.00013728571428571425	14.918068647384644	67101.2095079422
6040	1398.972728984525	1012.82	101.94921875	0.10372964	4.114285714285713e-05	0.00013714285714285713	14.895506143569946	67116.1075193882
6041	1396.0706442225644	1014.44	101.95849609375	0.10365825	4.11e-05	0.00013700000000000002	15.476024627685547	67131.58540034294
6042	1414.5108982024653	1024.0	101.966552734375	0.10361039	4.105714285714287e-05	0.0001368571428571429	14.228752613067627	67145.81476902962
6043	1388.0677983734338	1009.93	101.97412109375	0.10352265	4.10142857142857e-05	0.0001367142857142857	14.950130224227905	67160.76815319061
6044	1417.824989289994	1024.0	101.98291015625	0.10352462	4.097142857142857e-05	0.00013657142857142858	14.182259559631348	67174.95251655579
6045	1414.631298585239	1024.0	101.74072265625	0.103588074	4.092857142857143e-05	0.00013642857142857147	14.976391553878784	67189.93058419228
6046	1399.6633781692062	1006.45	102.001220703125	0.10360271	4.088571428571427e-05	0.00013628571428571422	14.209076881408691	67204.14174938202
6047	1411.451424240618	1024.0	102.009033203125	0.10356703	4.084285714285713e-05	0.0001361428571428571	14.98024582862854	67219.1225426197
6048	1412.3475210066663	1016.02	102.016845703125	0.10361308	4.08e-05	0.00013600000000000003	14.546948432922363	67233.671210289
6049	1416.3794187585236	1024.0	102.02490234375	0.10362666	4.0757142857142866e-05	0.00013585714285714291	16.52862787246704	67250.20145654678
6050	1401.1841675890798	1016.11	102.032470703125	0.10356599	4.0714285714285696e-05	0.00013571428571428567	14.22935938835144	67264.43210721016
6051	1425.8498641180197	1024.0	102.040283203125	0.1035276	4.067142857142857e-05	0.00013557142857142856	14.906134366989136	67279.33879590034
6052	1398.5827683507448	1010.38	102.048583984375	0.10346663	4.062857142857143e-05	0.00013542857142857144	14.27703046798706	67293.61672854424
6053	1422.2520002253918	1024.0	102.05615234375	0.1034739	4.058571428571427e-05	0.00013528571428571422	15.336081743240356	67308.95424818993
6054	1417.2237149959192	1024.0	102.43994140625	0.103443295	4.054285714285713e-05	0.0001351428571428571	14.2250497341156	67323.18022990227
6055	1405.2976747924208	1012.71	102.197998046875	0.10342607	4.05e-05	0.000135	14.932314157485962	67338.11421632767
6056	1420.0448985604123	1024.0	102.205810546875	0.103349395	4.0457142857142866e-05	0.0001348571428571429	14.614972591400146	67352.72974038124
6057	1409.547741017948	1020.03	102.213623046875	0.10330889	4.0414285714285696e-05	0.00013471428571428567	14.916823863983154	67367.6476752758
6058	1409.9290268288262	1018.55	102.221435546875	0.10320505	4.0371428571428566e-05	0.00013457142857142856	14.262848854064941	67381.91267132759
6059	1406.908960739342	1022.11	102.23046875	0.1032361	4.032857142857143e-05	0.00013442857142857145	15.061283111572266	67396.97545552254
6060	1411.6952389152173	1012.24	102.23828125	0.103258915	4.028571428571427e-05	0.00013428571428571423	14.266290664672852	67411.24368977547
6061	1412.531323021421	1021.95	102.24609375	0.10324188	4.024285714285713e-05	0.00013414285714285712	14.919791221618652	67426.16552400589
6062	1408.969810386109	1016.24	102.25439453125	0.103185736	4.02e-05	0.000134	14.361651182174683	67440.52779889107
6063	1382.1640618476495	1003.29	102.261962890625	0.10320235	4.0157142857142865e-05	0.0001338571428571429	14.17812705039978	67454.70693302155
6064	1421.4754389420057	1024.0	102.267822265625	0.10306883	4.01142857142857e-05	0.00013371428571428567	15.22615098953247	67469.93460774422
6065	1421.7042909636227	1024.0	102.276123046875	0.10305793	4.0071428571428566e-05	0.00013357142857142856	14.213259935379028	67484.14897322655
6066	1401.6365678314985	1020.3	102.283935546875	0.10307235	4.002857142857143e-05	0.00013342857142857145	14.910022497177124	67499.06073141098
6067	1416.3376160338587	1022.0	102.292236328125	0.10310102	3.99857142857143e-05	0.00013328571428571434	14.247432470321655	67513.30922627449
6068	1411.4684734129014	1018.01	102.2998046875	0.103177845	3.994285714285713e-05	0.00013314285714285712	14.540892839431763	67527.85024237633
6069	1410.7665215610914	1020.18	102.307373046875	0.10318348	3.99e-05	0.000133	14.22117304801941	67542.07340288162
6070	1416.4497306572912	1017.99	102.315673828125	0.10314968	3.9857142857142865e-05	0.0001328571428571429	14.572706460952759	67556.64770674706
6071	1416.441735927084	1024.0	102.3232421875	0.10316368	3.98142857142857e-05	0.00013271428571428568	14.195942163467407	67570.8441772461
6072	1412.1435761245332	1019.0	102.3310546875	0.10310768	3.9771428571428565e-05	0.00013257142857142856	15.448294401168823	67586.29492378235
6073	1398.5843463987628	1014.14	102.33935546875	0.10297838	3.972857142857143e-05	0.00013242857142857145	14.252634286880493	67600.54900765419
6074	1416.739124355605	1024.0	102.346923828125	0.10299588	3.96857142857143e-05	0.00013228571428571434	15.141332149505615	67615.69087767601
6075	1421.386753555778	1023.99	102.602783203125	0.10291579	3.964285714285713e-05	0.00013214285714285712	14.234197616577148	67629.92825388908
6076	1414.0429096421149	1024.0	102.362548828125	0.10279712	3.96e-05	0.000132	14.960349321365356	67644.89083147049
6077	1413.2520171743236	1022.08	102.371337890625	0.10275669	3.9557142857142864e-05	0.0001318571428571429	14.208092451095581	67659.10904192924
6078	1425.514558370566	1023.97	102.379150390625	0.10274231	3.95142857142857e-05	0.00013171428571428568	15.015644550323486	67674.12652087212
6079	1418.6946032637143	1023.2	102.38720703125	0.10271594	3.9471428571428565e-05	0.00013157142857142857	14.25292158126831	67688.38088130951
6080	1427.8861910390226	1024.0	102.395263671875	0.10271237	3.942857142857143e-05	0.00013142857142857146	15.073198318481445	67703.45467925072
6081	1390.9653356419265	1009.18	102.403076171875	0.102758445	3.93857142857143e-05	0.00013128571428571434	14.41916275024414	67717.87486863136
6082	1418.5638899661471	1024.0	102.410888671875	0.10264602	3.934285714285713e-05	0.00013114285714285712	15.228134393692017	67733.10355424881
6083	1408.6820868574243	1021.98	102.419189453125	0.102704056	3.93e-05	0.000131	14.478066682815552	67747.58312702179
6084	1409.539678556835	1018.18	101.9267578125	0.1026181	3.9257142857142864e-05	0.0001308571428571429	15.05419921875	67762.63857531548
6085	1416.0251928006296	1018.17	102.433349609375	0.10266534	3.92142857142857e-05	0.00013071428571428568	14.677713632583618	67777.31683564186
6086	1403.3457041079091	1015.93	102.441162109375	0.1026735	3.9171428571428564e-05	0.00013057142857142857	14.8640296459198	67792.18343091011
6087	1422.3861373540599	1024.0	102.44921875	0.102609925	3.912857142857143e-05	0.00013042857142857146	14.211344003677368	67806.3968334198
6088	1411.29369805082	1016.25	102.45703125	0.10260878	3.90857142857143e-05	0.00013028571428571435	14.938034296035767	67821.33542180061
6089	1414.0177564256423	1024.0	102.46533203125	0.10265113	3.904285714285713e-05	0.00013014285714285713	14.63652753829956	67835.97238183022
6090	1407.744907485422	1020.75	102.472900390625	0.102586694	3.9e-05	0.00013000000000000002	14.886403560638428	67850.86069226265
6091	1418.4112881928395	1024.0	99.444091796875	0.10250082	3.895714285714286e-05	0.0001298571428571429	14.287061929702759	67865.1482925415
6092	1425.2783015201394	1022.41	102.1064453125	0.10243583	3.89142857142857e-05	0.00012971428571428568	15.136255502700806	67880.28538680077
6093	1410.091563786715	1014.51	101.994140625	0.10243937	3.8871428571428564e-05	0.00012957142857142857	14.219068050384521	67894.50623369217
6094	1417.6417569474877	1022.53	102.24951171875	0.10245139	3.8828571428571434e-05	0.00012942857142857146	14.89976167678833	67909.4065630436
6095	1412.3628430581482	1016.59	102.510986328125	0.10247332	3.87857142857143e-05	0.00012928571428571435	14.602334022521973	67924.01075649261
6096	1413.5005968763883	1024.0	102.018798828125	0.102513224	3.874285714285713e-05	0.00012914285714285713	14.922062873840332	67938.93342995644
6097	1414.0627390294821	1024.0	102.0263671875	0.10250774	3.87e-05	0.00012900000000000002	14.656475305557251	67953.59055876732
6098	1408.2724469878794	1016.29	102.0341796875	0.10242023	3.865714285714286e-05	0.0001288571428571429	14.947473526000977	67968.53947019577
6099	1406.5344067991423	1012.16	102.54248046875	0.102392524	3.86142857142857e-05	0.00012871428571428566	14.517541646957397	67983.05918645859
6100	1414.1421834878847	1018.6	102.30078125	0.102361806	3.857142857142856e-05	0.00012857142857142855	14.968346118927002	67998.02810931206
6101	1408.7898139454876	1018.08	102.307861328125	0.102335624	3.8528571428571434e-05	0.00012842857142857144	14.254642009735107	68012.28389620781
6102	1399.982458037075	1018.23	102.318115234375	0.10229614	3.84857142857143e-05	0.00012828571428571433	15.031875371932983	68027.3159019947
6103	1428.7491462998528	1024.0	101.07763671875	0.102350324	3.844285714285713e-05	0.0001281428571428571	14.681295394897461	68041.99879550934
6104	1416.8170506435417	1020.25	102.083740234375	0.10228843	3.84e-05	0.000128	14.958220958709717	68056.95790457726
6105	1420.3160106685207	1024.0	102.341552734375	0.10223978	3.835714285714286e-05	0.00012785714285714288	14.748335838317871	68071.708070755
6106	1397.7106526114658	1012.7	101.357421875	0.10223479	3.83142857142857e-05	0.00012771428571428566	15.085126399993896	68086.79526805878
6107	1414.7024352716614	1024.0	102.357666015625	0.10223841	3.827142857142856e-05	0.00012757142857142855	14.312052011489868	68101.10859656334
6108	1411.2561527803234	1018.56	102.365478515625	0.10218873	3.822857142857143e-05	0.00012742857142857144	14.858894348144531	68115.96909594536
6109	1414.2792077308363	1024.0	102.37158203125	0.10214878	3.81857142857143e-05	0.00012728571428571433	14.783605337142944	68130.75498175621
6110	1395.0277108826374	1010.93	102.36669921875	0.10216361	3.8142857142857134e-05	0.0001271428571428571	14.501714706420898	68145.258010149
6111	1420.425562766122	1024.0	102.388916015625	0.10211652	3.81e-05	0.000127	14.569687843322754	68159.829839468
6112	1413.0262594382764	1020.45	102.146484375	0.10211077	3.805714285714286e-05	0.00012685714285714289	14.223853349685669	68174.05403017998
6113	1383.9834779891867	1001.53	102.654541015625	0.102140315	3.80142857142857e-05	0.00012671428571428567	14.887807607650757	68188.94384264946
6114	1412.016749264312	1018.89	102.411376953125	0.1020833	3.797142857142856e-05	0.00012657142857142855	14.261253833770752	68203.20684814453
6115	1414.9044863134777	1018.19	102.42041015625	0.102026254	3.792857142857143e-05	0.00012642857142857144	14.435887575149536	68217.64330458641
6116	1411.3443165240874	1024.0	102.427978515625	0.102028005	3.78857142857143e-05	0.00012628571428571433	14.17118525505066	68231.81616902351
6117	1406.9513902627054	1012.28	102.43310546875	0.10201838	3.784285714285713e-05	0.0001261428571428571	14.554526805877686	68246.37316179276
6118	1401.0565703558843	1012.43	102.56884765625	0.10198162	3.78e-05	0.000126	14.15465235710144	68260.52972078323
6119	1413.6527602039353	1019.97	102.82568359375	0.10194982	3.775714285714286e-05	0.0001258571428571429	15.00269865989685	68275.5329656601
6120	1409.314130347381	1017.95	102.835205078125	0.1018998	3.77142857142857e-05	0.00012571428571428567	14.188681364059448	68289.72315073013
6121	1416.5559216265171	1024.0	102.843017578125	0.101910464	3.767142857142856e-05	0.00012557142857142856	14.876735210418701	68304.6004254818
6122	1415.4028848799007	1018.26	102.8505859375	0.10192176	3.762857142857143e-05	0.00012542857142857145	14.227946043014526	68318.83030343056
6123	1403.5932923624905	1013.21	102.859375	0.1018986	3.7585714285714296e-05	0.00012528571428571433	14.969656705856323	68333.80156493187
6124	1420.7186206394535	1024.0	102.86669921875	0.101884425	3.754285714285713e-05	0.00012514285714285711	14.2079918384552	68348.0115954876
6125	1421.6337864822397	1024.0	102.874755859375	0.10186168	3.75e-05	0.000125	14.976105451583862	68362.98964428902
6126	1418.778052697106	1022.0	102.883544921875	0.10180658	3.745714285714286e-05	0.0001248571428571429	14.234413862228394	68377.22501325607
6127	1414.8677555344825	1024.0	102.891357421875	0.10190028	3.74142857142857e-05	0.00012471428571428567	14.918226957321167	68392.14476919174
6128	1406.556458964893	1018.61	102.8994140625	0.10180626	3.737142857142856e-05	0.00012457142857142856	14.450926542282104	68406.59624528885
6129	1428.4594149165393	1022.0	102.90576171875	0.10181107	3.732857142857143e-05	0.00012442857142857145	15.400807857513428	68421.99821925163
6130	1420.361295226608	1022.09	102.91357421875	0.10173813	3.7285714285714296e-05	0.00012428571428571434	14.489449739456177	68436.48980998993
6131	1400.4958128764256	1017.98	102.922119140625	0.10166351	3.724285714285713e-05	0.00012414285714285712	14.952975749969482	68451.44454050064
6132	1395.1558117825764	1004.51	102.929443359375	0.10168714	3.7199999999999996e-05	0.000124	14.332162141799927	68465.77725362778
6133	1421.095930899872	1024.0	102.937255859375	0.10165047	3.715714285714286e-05	0.0001238571428571429	14.929933309555054	68480.70872020721
6134	1419.1646427132573	1022.13	102.9453125	0.101627626	3.71142857142857e-05	0.00012371428571428567	14.277923822402954	68494.9885866642
6135	1425.4406874572942	1024.0	103.203125	0.10165284	3.707142857142856e-05	0.00012357142857142856	14.925647735595703	68509.91602635384
6136	1407.0982658882392	1013.97	102.9609375	0.10167327	3.702857142857143e-05	0.00012342857142857145	14.190044641494751	68524.10661053658
6137	1395.3236859956064	1006.12	102.96875	0.10168102	3.6985714285714295e-05	0.00012328571428571434	14.985581636428833	68539.09307169914
6138	1429.6774175913201	1022.18	102.976806640625	0.10173141	3.694285714285713e-05	0.00012314285714285712	14.531636476516724	68553.62621617317
6139	1391.537117140976	1002.25	102.984619140625	0.10171756	3.6899999999999996e-05	0.000123	15.061320304870605	68568.68899798393
6140	1422.1152046850566	1024.0	102.99267578125	0.10167408	3.685714285714286e-05	0.0001228571428571429	14.306711196899414	68582.99644565582
6141	1420.0421793809626	1020.06	103.000244140625	0.101661064	3.6814285714285696e-05	0.00012271428571428568	14.929797887802124	68597.92784667015
6142	1423.8978791920358	1024.0	103.00927734375	0.10156598	3.677142857142856e-05	0.00012257142857142857	14.26241421699524	68612.19181156158
6143	1412.2451930731893	1010.35	103.013916015625	0.1016802	3.672857142857143e-05	0.00012242857142857145	15.058127164840698	68627.25225543976
6144	1397.3508188022415	1008.3	103.025146484375	0.101538695	3.6685714285714295e-05	0.00012228571428571434	14.388317108154297	68641.64305782318
6145	1412.119895840713	1018.05	103.033203125	0.101518095	3.664285714285713e-05	0.00012214285714285712	14.998860359191895	68656.64366436005
6146	1422.5469687352931	1016.27	103.041015625	0.10147161	3.6599999999999995e-05	0.000122	14.597840547561646	68671.24452161789
6147	1394.6786338670086	1010.39	103.04833984375	0.10147238	3.6557142857142866e-05	0.00012185714285714289	14.89694857597351	68686.1441283226
6148	1420.0759955209933	1024.0	103.056396484375	0.10135234	3.6514285714285696e-05	0.00012171428571428567	14.287176609039307	68700.43244791031
6149	1402.8331639939177	1018.21	100.026611328125	0.10129269	3.647142857142856e-05	0.00012157142857142855	14.237550020217896	68714.67054247856
6150	1400.593471766956	1011.07	102.948486328125	0.10128358	3.642857142857143e-05	0.00012142857142857144	14.406391143798828	68729.07843708992
6151	1420.0351124333981	1024.0	102.32470703125	0.1012103	3.6385714285714294e-05	0.00012128571428571433	14.321029901504517	68743.40233802795
6152	1406.7162471028455	1014.04	102.83447265625	0.101129435	3.634285714285713e-05	0.00012114285714285711	14.362686395645142	68757.76707792282
6153	1414.6160480924582	1024.0	103.0771484375	0.10107395	3.6299999999999995e-05	0.000121	14.672968864440918	68772.44210839272
6154	1411.8889225772136	1018.15	102.848876953125	0.10106188	3.6257142857142865e-05	0.00012085714285714289	14.631516695022583	68787.07406115532
6155	1414.656790285838	1024.0	102.856689453125	0.10100099	3.6214285714285695e-05	0.00012071428571428567	14.241210460662842	68801.31590175629
6156	1414.2752545129558	1020.97	102.86474609375	0.100948185	3.617142857142856e-05	0.00012057142857142856	15.062706470489502	68816.38045239449
6157	1411.2357847565302	1016.28	102.616455078125	0.100997575	3.612857142857143e-05	0.00012042857142857145	14.276715517044067	68830.65770673752
6158	1430.575118249194	1024.0	102.631591796875	0.10094968	3.6085714285714294e-05	0.00012028571428571433	14.937413930892944	68845.59666490555
6159	1416.1395263537293	1024.0	102.88916015625	0.10085126	3.604285714285713e-05	0.00012014285714285711	14.23439908027649	68859.83371567726
6160	1417.657017273442	1024.0	102.892578125	0.10086501	3.5999999999999994e-05	0.00012	14.95473337173462	68874.78899002075
6161	1414.587804217008	1019.94	103.155029296875	0.100871295	3.5957142857142865e-05	0.00011985714285714289	14.457452535629272	68889.2476401329
6162	1419.9912593595207	1024.0	102.9130859375	0.10081173	3.5914285714285695e-05	0.00011971428571428566	14.942129373550415	68904.19114685059
6163	1404.5778298983066	1010.16	102.920654296875	0.100767195	3.5871428571428565e-05	0.00011957142857142855	14.252584457397461	68918.45578956604
6164	1399.259755866789	1008.07	102.9287109375	0.10079991	3.582857142857143e-05	0.00011942857142857145	15.015790700912476	68933.4721198082
6165	1413.9483574638462	1020.48	102.6865234375	0.10080683	3.578571428571429e-05	0.00011928571428571434	14.290095567703247	68947.76325273514
6166	1404.7671605786797	1007.89	102.945068359375	0.10085403	3.574285714285713e-05	0.0001191428571428571	15.030325412750244	68962.79537796974
6167	1413.0662427202874	1016.04	102.95263671875	0.10084828	3.5699999999999994e-05	0.00011899999999999999	14.264840602874756	68977.06172037125
6168	1421.6635295475717	1017.99	103.21044921875	0.10084394	3.5657142857142864e-05	0.00011885714285714288	14.953546524047852	68992.0161075592
6169	1406.6938825591112	1018.05	102.968017578125	0.10085038	3.5614285714285694e-05	0.00011871428571428566	14.458712577819824	69006.47628164291
6170	1418.4496282014932	1019.96	102.97607421875	0.10083363	3.5571428571428565e-05	0.00011857142857142855	27.123672485351562	69033.60058665276
6171	1424.3323319004248	1024.0	102.98046875	0.10073396	3.552857142857143e-05	0.00011842857142857144	15.000720024108887	69048.60294508934
6172	1418.0191002743659	1024.0	102.99169921875	0.100651674	3.548571428571429e-05	0.00011828571428571433	16.93268322944641	69065.53616333008
6173	1378.8226256121422	1000.39	102.99951171875	0.100570716	3.544285714285713e-05	0.0001181428571428571	15.26059627532959	69080.8005194664
6174	1416.6092637004333	1020.57	103.25732421875	0.10054173	3.539999999999999e-05	0.000118	14.303686380386353	69095.10474920273
6175	1403.4448032457847	1012.24	103.266357421875	0.1004827	3.5357142857142864e-05	0.00011785714285714288	14.96299934387207	69110.06922221184
6176	1416.4894416144352	1018.17	103.024169921875	0.10048538	3.5314285714285694e-05	0.00011771428571428566	14.782005548477173	69124.8540327549
6177	1425.103654203763	1024.0	103.030517578125	0.10052413	3.5271428571428564e-05	0.00011757142857142855	15.352384567260742	69140.20837235451
6178	1397.8170328609838	1006.38	103.03564453125	0.10051639	3.522857142857143e-05	0.00011742857142857144	14.636128664016724	69154.84738826752
6179	1404.3399808720349	1018.12	103.046142578125	0.10047004	3.518571428571429e-05	0.00011728571428571433	14.90271544456482	69169.75140547752
6180	1420.813969918769	1019.98	103.30419921875	0.10042995	3.514285714285713e-05	0.00011714285714285711	14.335529088973999	69184.08758378029
6181	1398.3468043389432	1006.9	102.810791015625	0.100385316	3.509999999999999e-05	0.000117	17.82689380645752	69201.9176621437
6182	1406.1002456317842	1016.26	102.8212890625	0.100442804	3.505714285714286e-05	0.00011685714285714289	14.326837301254272	69216.24973487854
6183	1405.7244835488166	1014.0	103.081298828125	0.10045674	3.501428571428569e-05	0.00011671428571428567	15.531074047088623	69231.78136348724
6184	1415.2468527437024	1018.0	102.841064453125	0.10046937	3.4971428571428564e-05	0.00011657142857142856	14.735982894897461	69246.51822638512
6185	1422.695783829697	1024.0	101.858642578125	0.10037296	3.492857142857143e-05	0.00011642857142857144	14.9585862159729	69261.47887420654
6186	1430.1649499924056	1024.0	102.86083984375	0.100387506	3.488571428571429e-05	0.00011628571428571433	14.779012680053711	69276.25843930244
6187	1412.7073162370734	1018.13	102.870849609375	0.10040769	3.484285714285713e-05	0.00011614285714285711	15.006865978240967	69291.26709079742
6188	1422.3265580625794	1024.0	103.130859375	0.100385	3.479999999999999e-05	0.000116	14.309910535812378	69305.57755446434
6189	1424.7822104501308	1022.22	103.138671875	0.10028371	3.475714285714286e-05	0.00011585714285714289	14.947164535522461	69320.5266969204
6190	1400.350037917086	1008.35	102.900634765625	0.10024643	3.4714285714285727e-05	0.00011571428571428578	14.290321111679077	69334.81758570671
6191	1379.9229599046562	998.32	103.16015625	0.10014203	3.467142857142856e-05	0.00011557142857142854	15.002194166183472	69349.82203626633
6192	1409.6637407100418	1016.28	103.171142578125	0.10001161	3.462857142857143e-05	0.00011542857142857143	21.399611949920654	69371.22321367264
6193	1405.6255514332495	1014.18	102.930908203125	0.09998069	3.45857142857143e-05	0.00011528571428571432	15.256704092025757	69386.4817764759
6194	1424.7885417900823	1024.0	103.19091796875	0.10001471	3.454285714285713e-05	0.0001151428571428571	14.31000804901123	69400.79233789444
6195	1394.3922655722788	1008.09	103.200439453125	0.099936046	3.449999999999999e-05	0.00011499999999999999	15.784382104873657	69416.58091163635
6196	1422.7589961502285	1018.17	103.209716796875	0.099921286	3.445714285714286e-05	0.00011485714285714288	14.947323560714722	69431.53025841713
6197	1412.6732691378252	1022.0	103.217529296875	0.09989945	3.4414285714285726e-05	0.00011471428571428577	14.822930097579956	69446.35373353958
6198	1417.5890739797462	1018.11	103.228515625	0.09986936	3.437142857142856e-05	0.00011457142857142855	14.734533548355103	69461.08970212936
6199	1417.7355137276809	1021.97	103.488525390625	0.09984812	3.4328571428571427e-05	0.00011442857142857144	15.011387825012207	69476.10876774788
6200	1409.6874725169057	1020.0	103.24853515625	0.099846005	3.42857142857143e-05	0.00011428571428571432	10.120992183685303	69486.23031234741
6201	1387.5272168910187	999.07	103.25830078125	0.09974793	3.424285714285713e-05	0.0001141428571428571	14.91357135772705	69501.1460621357
6202	1398.3097033475738	1010.41	103.518310546875	0.09968347	3.419999999999999e-05	0.00011399999999999999	14.649313926696777	69515.79794573784
6203	1404.9329197816728	1014.54	103.278076171875	0.099749856	3.415714285714286e-05	0.00011385714285714288	14.908631801605225	69530.70787668228
6204	1413.5771053958085	1020.2	103.28515625	0.0997791	3.4114285714285726e-05	0.00011371428571428577	15.308711528778076	69546.01765465736
6205	1412.5689059960919	1016.29	103.547607421875	0.09977555	3.407142857142856e-05	0.00011357142857142855	14.97988748550415	69560.9990849495
6206	1416.2887882067525	1024.0	100.5224609375	0.09976233	3.4028571428571426e-05	0.00011342857142857144	14.296222686767578	69575.29715681076
6207	1394.8962194464102	1008.23	103.06396484375	0.09973993	3.39857142857143e-05	0.00011328571428571433	14.99441146850586	69590.293197155
6208	1416.114763801622	1022.29	103.077880859375	0.09968873	3.394285714285713e-05	0.00011314285714285711	14.307212591171265	69604.6019384861
6209	1425.4878693607677	1024.0	103.33740234375	0.09966686	3.389999999999999e-05	0.000113	14.97664213180542	69619.5791323185
6210	1393.1304090396754	1004.31	103.34423828125	0.09972587	3.385714285714286e-05	0.00011285714285714288	14.763336658477783	69634.34288477898
6211	1414.7076566450924	1011.29	103.107421875	0.09975684	3.3814285714285725e-05	0.00011271428571428577	15.124120473861694	69649.4675810337
6212	1428.018809120568	1024.0	103.1171875	0.09976307	3.377142857142856e-05	0.00011257142857142855	14.436794757843018	69663.90627479553
6213	1406.1061512254264	1016.6	103.3740234375	0.09978335	3.3728571428571426e-05	0.00011242857142857144	14.876014471054077	69678.7830851078
6214	1389.970513136621	1004.78	103.38671875	0.09974279	3.3685714285714296e-05	0.00011228571428571433	14.301533699035645	69693.08571362495
6215	1409.4488379170355	1014.57	103.146484375	0.0997422	3.3642857142857126e-05	0.0001121428571428571	14.941236734390259	69708.02813410759
6216	1413.310115989249	1023.99	103.403564453125	0.09973002	3.36e-05	0.00011199999999999998	14.222482681274414	69722.25240921974
6217	1409.658403297476	1017.39	103.16650390625	0.09976294	3.355714285714286e-05	0.00011185714285714287	15.295389890670776	69737.54894566536
6218	1432.0389743324536	1021.96	103.426025390625	0.09962218	3.3514285714285724e-05	0.00011171428571428576	14.912709951400757	69752.46222615242
6219	1416.5447757081688	1024.0	103.685791015625	0.099596165	3.347142857142856e-05	0.00011157142857142854	14.956005096435547	69767.4197883606
6220	1415.4065017664782	1012.27	103.44580078125	0.099536724	3.3428571428571425e-05	0.00011142857142857143	14.26564621925354	69781.68733501434
6221	1428.2649904220298	1024.0	103.205810546875	0.09956167	3.3385714285714296e-05	0.00011128571428571432	14.957075119018555	69796.64494872093
6222	1413.2752973145348	1020.8	103.20703125	0.099563174	3.3342857142857126e-05	0.0001111428571428571	14.736499547958374	69811.38322663307
6223	1398.6097305765682	1012.28	103.23583984375	0.09955809	3.3299999999999996e-05	0.00011099999999999999	14.89360237121582	69826.27954125404
6224	1424.3649933004722	1024.0	103.48388671875	0.09957256	3.325714285714286e-05	0.00011085714285714288	14.2923743724823	69840.57219529152
6225	1420.7138719279517	1024.0	103.491943359375	0.099531315	3.3214285714285724e-05	0.00011071428571428576	15.682192325592041	69856.25599527359
6226	1428.1001150013276	1024.0	103.50439453125	0.09953487	3.317142857142856e-05	0.00011057142857142854	14.700653553009033	69870.958496809
6227	1411.0087340187072	1018.07	103.51416015625	0.09940597	3.3128571428571425e-05	0.00011042857142857143	14.966025352478027	69885.92537331581
6228	1397.0376813304474	1008.59	103.27392578125	0.099452786	3.3085714285714295e-05	0.00011028571428571432	14.27985668182373	69900.21056246758
6229	1417.671381739823	1020.01	103.5341796875	0.09941249	3.3042857142857125e-05	0.0001101428571428571	14.318032503128052	69914.5308907032
6230	1410.0625820672649	1019.24	103.543701171875	0.09945562	3.2999999999999996e-05	0.00010999999999999999	14.465637445449829	69928.9970870018
6231	1406.5745202716844	1014.01	103.803466796875	0.09937996	3.295714285714286e-05	0.00010985714285714288	14.202187776565552	69943.20104241371
6232	1423.2159622911213	1024.0	103.3134765625	0.09928385	3.2914285714285723e-05	0.00010971428571428577	14.448814630508423	69957.6518573761
6233	1421.804752358958	1024.0	103.5732421875	0.09926816	3.287142857142856e-05	0.00010957142857142855	14.407774686813354	69972.05990457535
6234	1398.8604031465134	1006.69	103.583251953125	0.09921079	3.2828571428571424e-05	0.00010942857142857144	14.698442459106445	69986.7606973648
6235	1423.8064345573637	1024.0	103.5927734375	0.0992122	3.2785714285714295e-05	0.00010928571428571432	14.229981660842896	70000.99120926857
6236	1422.1082916533635	1022.18	103.602783203125	0.09913974	3.2742857142857125e-05	0.0001091428571428571	14.889121055603027	70015.88293671608
6237	1409.3222252493395	1018.13	103.362548828125	0.09913359	3.2699999999999995e-05	0.00010899999999999999	14.503500938415527	70030.38816165924
6238	1403.4199725329254	1012.72	103.622314453125	0.09912006	3.265714285714286e-05	0.00010885714285714288	14.983254194259644	70045.37196588516
6239	1428.8049222277075	1024.0	104.132080078125	0.09910706	3.261428571428572e-05	0.00010871428571428577	14.233304500579834	70059.60690689087
6240	1416.1098558441597	1020.77	103.64111328125	0.099069126	3.257142857142856e-05	0.00010857142857142854	15.00397539138794	70074.61256194115
6241	1410.0750340085096	1016.38	103.652587890625	0.09892852	3.2528571428571424e-05	0.00010842857142857143	14.29459261894226	70088.9087843895
6242	1420.0133886055557	1014.24	103.6630859375	0.09888175	3.2485714285714294e-05	0.00010828571428571433	15.026208400726318	70103.93553614616
6243	1405.8939248670313	1018.05	103.912353515625	0.098876834	3.2442857142857124e-05	0.0001081428571428571	14.365316152572632	70118.30291604996
6244	1403.2071768177382	1012.33	103.68212890625	0.0988492	3.2399999999999995e-05	0.00010799999999999998	15.449028730392456	70133.75296235085
6245	1409.0238276018954	1024.0	103.4404296875	0.09881983	3.235714285714286e-05	0.00010785714285714287	15.306396007537842	70149.05992794037
6246	1417.6719852405636	1020.12	103.82470703125	0.09880114	3.231428571428573e-05	0.00010771428571428576	14.960449934005737	70164.02177858353
6247	1407.4557835792718	1016.17	104.08251953125	0.098841704	3.227142857142856e-05	0.00010757142857142854	14.247866153717041	70178.27132368088
6248	1406.4822129708698	1015.35	103.84033203125	0.098814934	3.222857142857142e-05	0.00010742857142857143	14.993445873260498	70193.2653810978
6249	1411.9706839079965	1024.0	103.84619140625	0.09880125	3.2185714285714294e-05	0.00010728571428571432	14.390441656112671	70207.65880417824
6250	1425.8278980858965	1023.96	103.855224609375	0.09874075	3.2142857142857124e-05	0.0001071428571428571	15.027700901031494	70222.68781256676
6251	1424.5145247303728	1018.4	103.865966796875	0.0987103	3.2099999999999994e-05	0.00010699999999999999	14.619524955749512	70237.30901098251
6252	1408.804309317346	1017.92	104.123779296875	0.09865791	3.205714285714286e-05	0.00010685714285714287	14.95888376235962	70252.26936483383
6253	1419.1225528295356	1018.23	104.132080078125	0.09859135	3.201428571428573e-05	0.00010671428571428576	14.794942140579224	70267.06583285332
6254	1430.5857165182597	1024.0	103.889892578125	0.098549314	3.197142857142856e-05	0.00010657142857142854	14.954981803894043	70282.02136278152
6255	1423.9782702892612	1023.98	103.669189453125	0.098411776	3.192857142857142e-05	0.00010642857142857143	14.241445541381836	70296.26475310326
6256	1424.0815006810733	1022.14	103.90576171875	0.098464966	3.188571428571429e-05	0.00010628571428571432	14.89701533317566	70311.16347241402
6257	1397.2668091859978	1006.87	103.9140625	0.09843915	3.184285714285712e-05	0.0001061428571428571	14.249515056610107	70325.41352701187
6258	1382.477946891327	996.45	103.67236328125	0.098303474	3.1799999999999994e-05	0.00010599999999999999	14.979294538497925	70340.39373779297
6259	1396.0112916691176	1011.21	103.942138671875	0.09827139	3.175714285714286e-05	0.00010585714285714288	14.683094501495361	70355.07738828659
6260	1400.1928723717092	1010.01	103.938232421875	0.098280616	3.171428571428573e-05	0.00010571428571428577	16.865103721618652	70371.94432115555
6261	1406.282417523155	1016.49	103.946044921875	0.09822828	3.167142857142856e-05	0.00010557142857142855	14.260817289352417	70386.20673394203
6262	1412.9725961495676	1020.73	103.7041015625	0.09815649	3.162857142857142e-05	0.00010542857142857143	15.23811674118042	70401.4453868866
6263	1423.168530799435	1022.47	103.962158203125	0.09809682	3.158571428571429e-05	0.00010528571428571432	14.265113592147827	70415.71173787117
6264	1423.7542413547992	1022.31	101.180908203125	0.09806124	3.154285714285712e-05	0.0001051428571428571	14.887493371963501	70430.60088086128
6265	1412.2372656553039	1022.0	103.971435546875	0.09810441	3.149999999999999e-05	0.00010499999999999999	14.66037392616272	70445.26286363602
6266	1422.1114519105977	1022.2	103.978271484375	0.098057635	3.145714285714286e-05	0.00010485714285714288	15.193158864974976	70460.45659685135
6267	1391.3398345591454	1006.3	104.236083984375	0.09803906	3.141428571428573e-05	0.00010471428571428577	14.817588806152344	70475.27627635002
6268	1415.0242481059363	1017.93	103.744140625	0.09806469	3.137142857142856e-05	0.00010457142857142853	14.987405776977539	70490.26432919502
6269	1419.6432802084546	1018.1	104.003173828125	0.09802532	3.132857142857143e-05	0.00010442857142857142	14.272663831710815	70504.5403456688
6270	1419.6649458235531	1018.76	104.010009765625	0.0979895	3.128571428571429e-05	0.00010428571428571431	15.78679871559143	70520.32949876785
6271	1413.6621133378876	1012.07	104.018798828125	0.0979471	3.124285714285712e-05	0.00010414285714285709	14.227473258972168	70534.55756688118
6272	1427.0577451235013	1023.97	104.276611328125	0.09792202	3.119999999999999e-05	0.00010399999999999998	15.265996217727661	70549.82580590248
6273	1415.7611556094528	1024.0	104.035400390625	0.09786289	3.1157142857142857e-05	0.00010385714285714287	14.229286909103394	70564.05686020851
6274	1415.4813779279198	1022.04	104.04345703125	0.09795287	3.111428571428573e-05	0.00010371428571428576	15.177884340286255	70579.23766207695
6275	1425.294309374164	1024.0	104.55126953125	0.0979858	3.107142857142856e-05	0.00010357142857142854	15.08936095237732	70594.32865786552
6276	1404.4959486593684	1006.37	104.059326171875	0.09800964	3.102857142857143e-05	0.00010342857142857143	15.107023239135742	70609.43637299538
6277	1405.408654779911	1008.32	104.317626953125	0.098032	3.098571428571429e-05	0.00010328571428571431	14.259843826293945	70623.69766783714
6278	1410.145542842357	1017.59	104.073486328125	0.098027326	3.094285714285712e-05	0.0001031428571428571	15.013705253601074	70638.71191859245
6279	1413.2189211496398	1020.03	103.834228515625	0.09807875	3.089999999999999e-05	0.00010299999999999998	14.259477138519287	70652.97318172455
6280	1400.8065614453224	1010.17	104.343017578125	0.09813387	3.0857142857142856e-05	0.00010285714285714287	15.023534774780273	70667.99879217148
6281	1416.191498678008	1020.17	104.087158203125	0.098130144	3.0814285714285727e-05	0.00010271428571428576	14.301366806030273	70682.30265569687
6282	1425.5487001131519	1019.93	104.10888671875	0.09813345	3.0771428571428557e-05	0.00010257142857142854	14.966651678085327	70697.2714073658
6283	1428.093836314567	1024.0	104.116455078125	0.09810338	3.072857142857143e-05	0.00010242857142857143	17.587496757507324	70714.85976290703
6284	1429.8082370778334	1024.0	104.37451171875	0.09811836	3.068571428571429e-05	0.00010228571428571432	15.150647163391113	70730.01111245155
6285	1410.4186815831822	1018.0	103.88232421875	0.09801629	3.064285714285713e-05	0.0001021428571428571	14.258445501327515	70744.27109670639
6286	1434.9755839893944	1024.0	104.14208984375	0.097999215	3.059999999999999e-05	0.00010199999999999999	9.199362993240356	70753.47111964226
6287	1388.7359734973454	1001.07	104.13671875	0.09800319	3.0557142857142855e-05	0.00010185714285714287	14.279891967773438	70767.75299549103
6288	1424.5711253005763	1024.0	104.157958984375	0.09799854	3.0514285714285726e-05	0.00010171428571428576	14.193737745285034	70781.94756698608
6289	1409.4331933575972	1016.18	104.4140625	0.097957276	3.047142857142856e-05	0.00010157142857142854	14.64603590965271	70796.59548091888
6290	1427.0940055977753	1024.0	103.923095703125	0.0979586	3.0428571428571423e-05	0.00010142857142857143	14.309398651123047	70810.90686273575
6291	1415.2636682895825	1024.0	104.176513671875	0.0979437	3.038571428571429e-05	0.00010128571428571432	15.264465570449829	70826.17194914818
6292	1418.0532333545398	1022.42	103.938720703125	0.09793409	3.0342857142857124e-05	0.00010114285714285709	14.32517385482788	70840.49857974052
6293	1420.5218272015502	1024.0	104.197021484375	0.09787474	3.029999999999999e-05	0.00010099999999999997	14.954586029052734	70855.45530891418
6294	1429.7724367788626	1024.0	104.19873046875	0.09783444	3.025714285714286e-05	0.00010085714285714286	14.24566102027893	70869.70272040367
6295	1419.3283755794605	1024.0	103.962890625	0.09780311	3.0214285714285726e-05	0.00010071428571428575	14.912282228469849	70884.61554336548
6296	1414.1869502093643	1020.07	104.470458984375	0.09784812	3.017142857142856e-05	0.00010057142857142853	14.244035720825195	70898.8604388237
6297	1411.9248273687583	1022.08	104.228515625	0.09788123	3.0128571428571423e-05	0.00010042857142857142	15.010069847106934	70913.87108850479
6298	1421.0970346600664	1020.11	103.986328125	0.0978731	3.008571428571429e-05	0.00010028571428571431	14.301753997802734	70928.17389988899
6299	1421.6548174924733	1024.0	104.244140625	0.09778648	3.0042857142857123e-05	0.00010014285714285709	14.97851014137268	70943.15404391289
6300	1419.2032022343583	1024.0	104.249267578125	0.09778347	2.999999999999999e-05	9.999999999999998e-05	14.508512735366821	70957.66376256943
6301	1422.1552026209583	1022.18	104.259521484375	0.097790755	2.9957142857142858e-05	9.985714285714287e-05	14.940296411514282	70972.6046025753
6302	1423.7971646220103	1024.0	104.517578125	0.0977614	2.9914285714285725e-05	9.971428571428575e-05	14.256683826446533	70986.8633723259
6303	1417.0122237913536	1016.26	104.275634765625	0.09780141	2.987142857142856e-05	9.957142857142853e-05	15.42145323753357	71002.28567099571
6304	1378.5556968633616	992.23	104.283203125	0.0977796	2.9828571428571422e-05	9.942857142857142e-05	14.273643732070923	71016.56084012985
6305	1404.596037307302	1016.45	104.291015625	0.09776434	2.978571428571429e-05	9.928571428571431e-05	15.337825298309326	71031.89922690392
6306	1414.175129156903	1022.2	104.29931640625	0.09773031	2.9742857142857123e-05	9.914285714285709e-05	14.248528957366943	71046.14858794212
6307	1413.2469704743175	1024.0	104.55810546875	0.09766934	2.969999999999999e-05	9.899999999999998e-05	15.799279689788818	71061.94930028915
6308	1424.8000187759255	1022.03	104.3134765625	0.0976834	2.9657142857142857e-05	9.885714285714287e-05	14.374544858932495	71076.32451272011
6309	1431.8864565633717	1024.0	104.073974609375	0.09761814	2.9614285714285725e-05	9.871428571428576e-05	14.912599802017212	71091.23799061775
6310	1426.1729308102604	1024.0	104.457275390625	0.09764253	2.9571428571428558e-05	9.857142857142854e-05	14.264928817749023	71105.50500845909
6311	1420.6251435934382	1024.0	104.273193359375	0.09766412	2.9528571428571425e-05	9.842857142857143e-05	15.03103256225586	71120.53661084175
6312	1425.625672827819	1024.0	104.47314453125	0.09766531	2.948571428571429e-05	9.828571428571431e-05	14.204667329788208	71134.7432718277
6313	1423.4140842346105	1019.98	104.229248046875	0.097541176	2.9442857142857156e-05	9.81428571428572e-05	15.306946039199829	71150.05240392685
6314	1422.5424195184617	1020.81	104.736572265625	0.09754618	2.939999999999999e-05	9.799999999999998e-05	14.241424798965454	71164.29621100426
6315	1410.340515337006	1014.13	104.49462890625	0.09752933	2.9357142857142857e-05	9.785714285714287e-05	14.97526240348816	71179.27285695076
6316	1431.5150998919778	1024.0	104.752197265625	0.09746548	2.9314285714285724e-05	9.771428571428576e-05	14.635977029800415	71193.91002559662
6317	1415.9124160142767	1016.37	104.510498046875	0.09741363	2.9271428571428557e-05	9.757142857142853e-05	14.985249996185303	71208.89589357376
6318	1428.220703454388	1022.31	104.51513671875	0.097373925	2.9228571428571425e-05	9.742857142857142e-05	14.236787557601929	71223.13480305672
6319	1405.2949066005197	1012.07	104.276123046875	0.09743306	2.918571428571429e-05	9.728571428571432e-05	15.198533058166504	71238.33488583565
6320	1415.2882590280233	1016.44	104.533935546875	0.09740958	2.9142857142857156e-05	9.71428571428572e-05	14.277061462402344	71252.61249613762
6321	1410.9468155581912	1013.99	101.755126953125	0.097437166	2.909999999999999e-05	9.699999999999997e-05	14.875546216964722	71267.48886442184
6322	1405.2230900077736	1018.12	104.295166015625	0.09740905	2.9057142857142856e-05	9.685714285714286e-05	14.166261911392212	71281.65567135811
6323	1415.8512973202637	1017.99	104.805419921875	0.09750103	2.9014285714285724e-05	9.671428571428575e-05	14.954141616821289	71296.61153030396
6324	1416.8391754732525	1010.37	104.560546875	0.097522676	2.8971428571428557e-05	9.657142857142853e-05	14.621711254119873	71311.23503780365
6325	1430.3894539199248	1024.0	104.57080078125	0.09751201	2.8928571428571424e-05	9.642857142857142e-05	14.951666116714478	71326.18733239174
6326	1406.712970536012	1017.99	104.8291015625	0.097439386	2.888571428571429e-05	9.62857142857143e-05	14.207362651824951	71340.39697766304
6327	1414.6192719212374	1018.16	104.584228515625	0.09739146	2.8842857142857155e-05	9.61428571428572e-05	14.369316339492798	71354.76759576797
6328	1424.3708253024586	1024.0	104.5947265625	0.097376905	2.879999999999999e-05	9.599999999999998e-05	14.482112884521484	71369.25117015839
6329	1409.0651173829524	1008.32	104.604248046875	0.0973228	2.8757142857142856e-05	9.585714285714286e-05	14.19684910774231	71383.44946956635
6330	1426.8734999191406	1024.0	104.862060546875	0.09727997	2.8714285714285723e-05	9.571428571428575e-05	14.423044204711914	71397.8737514019
6331	1426.157820175983	1024.0	104.3701171875	0.09728208	2.8671428571428556e-05	9.557142857142853e-05	14.229154348373413	71412.10478520393
6332	1417.1043995040177	1024.0	104.629150390625	0.097328536	2.8628571428571424e-05	9.542857142857142e-05	14.657285213470459	71426.76432108879
6333	1420.0082221173025	1022.06	104.887451171875	0.09721925	2.858571428571429e-05	9.528571428571431e-05	14.265921592712402	71441.03255653381
6334	1410.9441834186216	1018.19	104.645263671875	0.09722922	2.8542857142857155e-05	9.51428571428572e-05	15.006916284561157	71456.0417573452
6335	1422.4831238143636	1020.82	104.653564453125	0.097240835	2.8499999999999988e-05	9.499999999999998e-05	14.249631404876709	71470.29284977913
6336	1428.5529589196046	1024.0	104.900634765625	0.09725512	2.8457142857142855e-05	9.485714285714287e-05	16.358320951461792	71486.65260410309
6337	1433.9734729905063	1024.0	104.6669921875	0.097283185	2.8414285714285722e-05	9.471428571428576e-05	14.63702940940857	71501.28987598419
6338	1411.0994227376557	1012.22	104.675048828125	0.09723649	2.8371428571428556e-05	9.457142857142854e-05	14.924910068511963	71516.21674799919
6339	1416.4528456795088	1024.0	104.68310546875	0.09718173	2.8328571428571423e-05	9.442857142857142e-05	14.248235940933228	71530.46640396118
6340	1413.9084202149422	1013.99	104.691650390625	0.097159505	2.828571428571429e-05	9.428571428571431e-05	15.447314500808716	71545.91425728798
6341	1418.5509706798694	1020.06	104.449462890625	0.09704974	2.8242857142857158e-05	9.41428571428572e-05	14.248018264770508	71560.16409420967
6342	1410.3174346885778	1012.5	104.95751953125	0.09706671	2.819999999999999e-05	9.399999999999998e-05	14.91089677810669	71575.07697844505
6343	1420.2017943258045	1018.31	104.716796875	0.09703406	2.8157142857142855e-05	9.385714285714287e-05	14.229224920272827	71589.30676960945
6344	1406.2295641692358	1014.02	104.725341796875	0.09688767	2.8114285714285722e-05	9.371428571428576e-05	14.94189453125	71604.25042319298
6345	1419.7206931623025	1024.0	104.72998046875	0.096854955	2.8071428571428555e-05	9.357142857142852e-05	14.305006742477417	71618.55714869499
6346	1408.4383525273358	1010.17	105.240478515625	0.09680965	2.8028571428571423e-05	9.342857142857141e-05	14.951846599578857	71633.50969409943
6347	1422.5191843830194	1019.97	105.24853515625	0.096817814	2.798571428571429e-05	9.32857142857143e-05	14.207895994186401	71647.71916770935
6348	1434.5747346178944	1024.0	104.75634765625	0.096725054	2.7942857142857157e-05	9.314285714285719e-05	15.239682674407959	71662.96012759209
6349	1395.5137461717425	1006.55	104.76416015625	0.09675752	2.789999999999999e-05	9.299999999999997e-05	14.357857465744019	71677.32002544403
6350	1426.5895300802977	1024.0	104.7724609375	0.09679825	2.7857142857142854e-05	9.285714285714286e-05	15.484461545944214	71692.80642700195
6351	1417.6139356904223	1022.1	104.777587890625	0.096736304	2.781428571428572e-05	9.271428571428575e-05	14.290117979049683	71707.09849834442
6352	1429.5907399753737	1024.0	105.0380859375	0.09674852	2.7771428571428555e-05	9.257142857142853e-05	15.18998908996582	71722.28901839256
6353	1404.34544910673	1016.18	104.795654296875	0.0967825	2.7728571428571422e-05	9.242857142857142e-05	14.30758261680603	71736.59769034386
6354	1422.7972408702462	1020.09	104.803466796875	0.09681246	2.768571428571429e-05	9.22857142857143e-05	14.975954055786133	71751.57501935959
6355	1407.292594187807	1007.0	105.061767578125	0.09683139	2.7642857142857157e-05	9.214285714285719e-05	14.220029592514038	71765.79683876038
6356	1413.6489802515944	1017.37	104.820556640625	0.09678224	2.759999999999999e-05	9.199999999999997e-05	14.91863226890564	71780.716152668
6357	1413.8957449763593	1021.98	105.07861328125	0.09670174	2.7557142857142857e-05	9.185714285714286e-05	14.65058422088623	71795.3679318428
6358	1412.0512586786017	1018.0	104.586181640625	0.09664789	2.751428571428572e-05	9.171428571428575e-05	15.044880151748657	71810.41444778442
6359	1428.7591596702791	1024.0	105.093994140625	0.09667326	2.7471428571428554e-05	9.157142857142853e-05	14.302851915359497	71824.71785140038
6360	1420.1080445068649	1019.61	104.601806640625	0.0966138	2.742857142857142e-05	9.142857142857142e-05	15.30948519706726	71840.02959370613
6361	1426.9491680293277	1024.0	104.85791015625	0.096593685	2.738571428571429e-05	9.128571428571431e-05	14.69374394416809	71854.72507739067
6362	1413.3002771784784	1008.33	104.865966796875	0.09660455	2.7342857142857156e-05	9.11428571428572e-05	14.907306432723999	71869.63388442993
6363	1427.9272225616285	1021.96	104.869873046875	0.09658865	2.729999999999999e-05	9.099999999999998e-05	14.26075553894043	71883.89621090889
6364	1425.6590518782998	1020.39	104.881591796875	0.096628696	2.7257142857142857e-05	9.085714285714286e-05	14.977088689804077	71898.8749139309
6365	1431.5598850156266	1023.99	105.1396484375	0.09660999	2.721428571428572e-05	9.071428571428575e-05	14.627965211868286	71913.5045747757
6366	1406.7199896420652	1013.99	104.64111328125	0.09656122	2.7171428571428554e-05	9.057142857142853e-05	14.876893281936646	71928.38347816467
6367	1419.1909464332255	1022.5	104.905517578125	0.09647569	2.712857142857142e-05	9.042857142857142e-05	14.187499523162842	71942.57150936127
6368	1414.204814581266	1017.97	105.41357421875	0.09642327	2.7085714285714288e-05	9.028571428571431e-05	14.887579917907715	71957.4613134861
6369	1406.9516841615564	1018.13	104.91845703125	0.0964013	2.7042857142857155e-05	9.01428571428572e-05	14.197002172470093	71971.65974664688
6370	1421.7939168713522	1023.98	104.928466796875	0.09631613	2.699999999999999e-05	8.999999999999997e-05	14.967879056930542	71986.62816166878
6371	1425.0237436084592	1024.0	104.686767578125	0.09630039	2.6957142857142856e-05	8.985714285714285e-05	14.20865797996521	72000.83829307556
6372	1421.5137707097924	1018.13	104.94189453125	0.09628191	2.691428571428572e-05	8.971428571428574e-05	14.88569951057434	72015.72600889206
6373	1418.4735938853646	1016.0	104.95361328125	0.09622457	2.6871428571428553e-05	8.957142857142852e-05	14.60909366607666	72030.33779549599
6374	1415.1722751751552	1018.24	105.0869140625	0.09623885	2.682857142857142e-05	8.942857142857141e-05	14.324985980987549	72044.66483330727
6375	1399.368345639943	1009.44	105.34423828125	0.096222065	2.6785714285714288e-05	8.92857142857143e-05	14.531083583831787	72059.1964662075
6376	1433.3044340402016	1024.0	105.10205078125	0.09617797	2.6742857142857155e-05	8.914285714285719e-05	14.278003692626953	72073.48420238495
6377	1383.5763529291987	997.49	104.6103515625	0.09621305	2.669999999999999e-05	8.899999999999997e-05	14.47084903717041	72087.95821499825
6378	1425.9735731673975	1023.95	105.1064453125	0.096172415	2.6657142857142856e-05	8.885714285714286e-05	14.220988750457764	72102.1797747612
6379	1420.84583616275	1018.01	102.337646484375	0.09611205	2.6614285714285723e-05	8.871428571428574e-05	14.438406467437744	72116.62212634087
6380	1421.3260823599537	1024.0	105.128662109375	0.09613994	2.6571428571428556e-05	8.857142857142852e-05	14.31210708618164	72130.93478894234
6381	1406.2741951247374	1008.81	105.136474609375	0.09607753	2.652857142857142e-05	8.842857142857141e-05	16.16498374938965	72147.10258293152
6382	1394.0542138676021	1000.67	104.652587890625	0.09600514	2.6485714285714287e-05	8.82857142857143e-05	14.252651929855347	72161.3574745655
6383	1406.4442220095245	1010.08	104.90234375	0.09600511	2.6442857142857154e-05	8.814285714285719e-05	14.949558019638062	72176.30837464333
6384	1424.2728618887556	1021.96	105.410400390625	0.09604045	2.6399999999999988e-05	8.799999999999997e-05	14.321578979492188	72190.64098238945
6385	1400.3010279701316	1012.85	105.1689453125	0.096015245	2.6357142857142855e-05	8.785714285714286e-05	15.696412563323975	72206.3379805088
6386	1397.6023340274262	1012.3	104.927001953125	0.09599187	2.6314285714285722e-05	8.771428571428575e-05	14.26711392402649	72220.60691213608
6387	1403.7814768209507	1016.1	105.208251953125	0.09599078	2.6271428571428556e-05	8.757142857142853e-05	14.952214479446411	72235.56086993217
6388	1410.8505411669196	1015.9	105.443115234375	0.0959914	2.622857142857142e-05	8.742857142857142e-05	14.228763818740845	72249.7901904583
6389	1414.6447986085832	1017.99	105.20068359375	0.095994085	2.6185714285714287e-05	8.72857142857143e-05	16.604315757751465	72266.39534497261
6390	1369.6075358582689	987.54	104.707763671875	0.095916785	2.6142857142857154e-05	8.71428571428572e-05	14.297346830368042	72280.6959862709
6391	1424.1657636572854	1024.0	105.217529296875	0.09577731	2.6099999999999987e-05	8.699999999999997e-05	14.90800952911377	72295.60461711884
6392	1409.8491958974855	1011.98	104.97509765625	0.095736004	2.6057142857142855e-05	8.685714285714286e-05	14.240206480026245	72309.84677505493
6393	1421.5993303478317	1020.1	105.4833984375	0.0957447	2.6014285714285722e-05	8.671428571428575e-05	15.444897651672363	72325.2938849926
6394	1414.5404420628488	1018.33	105.490966796875	0.09572652	2.5971428571428555e-05	8.657142857142852e-05	14.253823518753052	72339.55087518692
6395	1409.5753675176086	1008.16	105.2490234375	0.09567484	2.5928571428571422e-05	8.64285714285714e-05	14.936996459960938	72354.4885673523
6396	1421.658318238945	1022.42	105.2568359375	0.095562905	2.5885714285714286e-05	8.62857142857143e-05	14.33151650428772	72368.82146573067
6397	1424.387999885386	1022.33	105.014892578125	0.09548577	2.5842857142857153e-05	8.61428571428572e-05	16.957701206207275	72385.77927184105
6398	1410.4236492443672	1014.24	105.02392578125	0.095477276	2.5799999999999987e-05	8.599999999999996e-05	14.24118185043335	72400.02582812309
6399	1422.1273124280287	1024.0	105.28173828125	0.09543684	2.5757142857142854e-05	8.585714285714285e-05	14.95742678642273	72414.98514556885
6400	1404.2463277041481	1004.54	105.289794921875	0.0953835	2.571428571428572e-05	8.571428571428574e-05	14.355339050292969	72429.34106469154
6401	1404.0991345137998	1010.39	105.047119140625	0.09540916	2.5671428571428555e-05	8.557142857142852e-05	14.993621349334717	72444.34738898277
6402	1427.218439001557	1023.26	105.304931640625	0.09538137	2.5628571428571422e-05	8.542857142857141e-05	14.267780065536499	72458.61746001244
6403	1420.7245734718601	1024.0	105.56298828125	0.09532537	2.5585714285714286e-05	8.52857142857143e-05	14.944634675979614	72473.56249499321
6404	1421.295205732879	1024.0	105.321044921875	0.095259964	2.5542857142857153e-05	8.514285714285719e-05	14.284695625305176	72487.84863615036
6405	1412.0748038011984	1020.04	105.322998046875	0.09526887	2.5499999999999986e-05	8.499999999999997e-05	16.332193613052368	72504.1821103096
6406	1418.4258561921713	1017.96	105.58642578125	0.09526355	2.5457142857142853e-05	8.485714285714285e-05	14.336419582366943	72518.52180099487
6407	1431.1429180779724	1024.0	105.344482421875	0.09522901	2.541428571428572e-05	8.471428571428574e-05	15.01754355430603	72533.54156756401
6408	1417.0870736760876	1017.89	105.349365234375	0.095297776	2.5371428571428554e-05	8.457142857142852e-05	14.209336996078491	72547.75492405891
6409	1422.9014485879609	1024.0	105.6103515625	0.09527141	2.532857142857142e-05	8.442857142857141e-05	15.065549612045288	72562.82107591629
6410	1421.369390656571	1024.0	105.3681640625	0.09528329	2.528571428571429e-05	8.42857142857143e-05	14.229356050491333	72577.0517642498
6411	1421.8327075962504	1021.01	105.375732421875	0.09530327	2.5242857142857152e-05	8.414285714285719e-05	14.97888731956482	72592.03212594986
6412	1414.583107851084	1016.63	105.3837890625	0.09526014	2.5199999999999986e-05	8.399999999999997e-05	14.199899196624756	72606.23394799232
6413	1419.6833144505933	1024.0	105.641845703125	0.09533298	2.5157142857142853e-05	8.385714285714286e-05	14.942399024963379	72621.1775610447
6414	1408.2309973327658	1016.94	105.39697265625	0.09524422	2.511428571428572e-05	8.371428571428575e-05	14.751082181930542	72635.93016767502
6415	1426.5382942190897	1024.0	105.656494140625	0.09524092	2.5071428571428554e-05	8.357142857142853e-05	14.856919527053833	72650.78771734238
6416	1407.912858554289	1008.09	105.66552734375	0.09517024	2.502857142857142e-05	8.342857142857141e-05	14.211832046508789	72665.00070762634
6417	1392.668363726891	1000.47	105.418212890625	0.09515101	2.4985714285714288e-05	8.32857142857143e-05	15.25905179977417	72680.26443743706
6418	1413.7364852843605	1014.68	105.43115234375	0.095177345	2.4942857142857152e-05	8.314285714285719e-05	14.210657835006714	72694.4756398201
6419	1422.5797780857852	1021.49	105.43896484375	0.09511876	2.4899999999999985e-05	8.299999999999997e-05	14.919922113418579	72709.39695596695
6420	1423.5833686855867	1024.0	105.69677734375	0.09509543	2.4857142857142852e-05	8.285714285714286e-05	14.173564910888672	72723.57282567024
6421	1413.0766411379568	1012.15	105.705078125	0.09501631	2.481428571428572e-05	8.271428571428575e-05	14.931844711303711	72738.50521159172
6422	1406.3864720195916	1016.47	105.4638671875	0.0950175	2.4771428571428553e-05	8.257142857142851e-05	14.817780017852783	72753.32502961159
6423	1407.3053023156674	1016.49	105.4716796875	0.09496283	2.472857142857142e-05	8.24285714285714e-05	14.962713479995728	72768.28944921494
6424	1408.1144732546088	1016.1	105.479736328125	0.09494788	2.4685714285714288e-05	8.228571428571429e-05	14.187946796417236	72782.47802829742
6425	1423.749480344146	1024.0	105.4873046875	0.094891615	2.4642857142857155e-05	8.214285714285718e-05	14.997471332550049	72797.47636151314
6426	1425.55101523485	1024.0	105.49365234375	0.09489408	2.4599999999999985e-05	8.199999999999996e-05	14.779796361923218	72812.2579638958
6427	1401.7608781073054	1007.97	105.501953125	0.09486256	2.4557142857142852e-05	8.185714285714285e-05	15.005231857299805	72827.26333212852
6428	1431.7933417970914	1024.0	105.009521484375	0.094835274	2.451428571428572e-05	8.171428571428574e-05	14.207415342330933	72841.47174096107
6429	1418.2968854544604	1020.09	105.76708984375	0.094810784	2.4471428571428553e-05	8.157142857142852e-05	14.931050300598145	72856.40393185616
6430	1407.8103197878631	1016.14	105.775390625	0.094783925	2.442857142857142e-05	8.14285714285714e-05	14.605594873428345	72871.00976204872
6431	1415.6152817941756	1012.12	105.78271484375	0.094826825	2.4385714285714287e-05	8.12857142857143e-05	15.13819408416748	72886.1498901844
6432	1427.9565591717037	1024.0	105.540771484375	0.094761156	2.4342857142857154e-05	8.114285714285718e-05	14.222837686538696	72900.37586164474
6433	1413.6297740092105	1012.22	105.548828125	0.09478008	2.4299999999999988e-05	8.099999999999996e-05	56.141499042510986	72956.51789188385
6434	1422.2955406751266	1021.55	105.806640625	0.094848216	2.425714285714285e-05	8.085714285714285e-05	14.282233715057373	72970.80186009407
6435	1406.906976320255	1013.15	105.564697265625	0.09483394	2.421428571428572e-05	8.071428571428574e-05	15.305441617965698	72986.10926580429
6436	1421.0916241964803	1017.96	102.787353515625	0.09475759	2.4171428571428552e-05	8.057142857142852e-05	14.357422828674316	73000.4681315422
6437	1406.6548690728875	1010.67	105.524169921875	0.094679736	2.412857142857142e-05	8.042857142857141e-05	14.943094730377197	73015.41309666634
6438	1427.213660323151	1024.0	105.703369140625	0.094662726	2.4085714285714286e-05	8.02857142857143e-05	14.299274682998657	73029.71293735504
6439	1407.2612790942612	1010.4	105.71240234375	0.094583414	2.4042857142857154e-05	8.014285714285719e-05	14.923870086669922	73044.63842821121
6440	1392.7002529290467	1004.95	105.719970703125	0.094599046	2.3999999999999987e-05	7.999999999999997e-05	14.563275814056396	73059.2036793232
6441	1411.2506114153634	1006.32	105.977783203125	0.09463391	2.395714285714285e-05	7.985714285714285e-05	15.077054977416992	73074.28282523155
6442	1416.8509788773983	1017.99	105.489501953125	0.09463256	2.3914285714285718e-05	7.971428571428574e-05	14.25607442855835	73088.53951430321
6443	1422.2176086381112	1024.0	105.748291015625	0.0945926	2.3871428571428585e-05	7.957142857142863e-05	15.017446041107178	73103.5578751564
6444	1410.3418002654591	1018.24	105.507568359375	0.09458812	2.382857142857142e-05	7.942857142857141e-05	14.411209106445312	73117.96972370148
6445	1417.8656170636195	1014.02	105.509033203125	0.09454409	2.3785714285714286e-05	7.92857142857143e-05	14.90091609954834	73132.87253284454
6446	1411.8933213090263	1016.9	105.523193359375	0.09454185	2.3742857142857153e-05	7.914285714285719e-05	14.187439680099487	73147.06181502342
6447	1418.1432662358393	1018.16	105.781005859375	0.094570935	2.3699999999999987e-05	7.899999999999996e-05	15.085318565368652	73162.1487326622
6448	1417.4209977353198	1014.8	105.788818359375	0.09448496	2.3657142857142854e-05	7.885714285714284e-05	14.157772302627563	73176.30779004097
6449	1425.4728100143202	1024.0	106.046875	0.09441838	2.3614285714285718e-05	7.871428571428573e-05	20.05617380142212	73196.36543560028
6450	1409.3903973581896	1016.04	105.802490234375	0.09446982	2.3571428571428585e-05	7.857142857142862e-05	14.726302862167358	73211.09366965294
6451	1422.8050074668156	1024.0	105.810791015625	0.09446039	2.3528571428571418e-05	7.84285714285714e-05	15.279245853424072	73226.37348413467
6452	1418.3032210181236	1017.99	106.069091796875	0.09440091	2.3485714285714285e-05	7.828571428571429e-05	14.314695358276367	73240.69013810158
6453	1422.7197113195687	1024.0	105.57666015625	0.094353445	2.3442857142857153e-05	7.814285714285718e-05	15.031098127365112	73255.72178220749
6454	1425.0753306085544	1024.0	105.58447265625	0.09435848	2.3399999999999986e-05	7.799999999999996e-05	14.21265196800232	73269.93652033806
6455	1415.4543815845545	1018.79	105.84326171875	0.09433823	2.3357142857142853e-05	7.785714285714285e-05	14.957869291305542	73284.89656090736
6456	1429.35737831251	1022.48	105.851318359375	0.09435105	2.3314285714285717e-05	7.771428571428573e-05	14.266643524169922	73299.16334366798
6457	1424.7085268195149	1024.0	105.60888671875	0.094307214	2.3271428571428584e-05	7.757142857142862e-05	14.937148332595825	73314.10157036781
6458	1427.0744385337616	1024.0	105.8662109375	0.09428387	2.3228571428571418e-05	7.74285714285714e-05	14.2577965259552	73328.36292719841
6459	1431.5045919774136	1023.98	105.87744140625	0.094295196	2.3185714285714285e-05	7.728571428571429e-05	14.932831287384033	73343.29713201523
6460	1421.8766359348624	1022.43	105.886962890625	0.09426758	2.3142857142857152e-05	7.714285714285718e-05	14.317300796508789	73357.61497759819
6461	1420.8659431888577	1018.43	106.14453125	0.09422019	2.3099999999999986e-05	7.699999999999996e-05	16.612112045288086	73374.2285027504
6462	1417.2611431730081	1017.96	106.152587890625	0.09421191	2.3057142857142853e-05	7.685714285714285e-05	14.193095684051514	73388.42220926285
6463	1421.187937044384	1017.91	105.660400390625	0.09421426	2.301428571428572e-05	7.671428571428574e-05	14.90005612373352	73403.3243150711
6464	1416.5198902310794	1013.99	105.918212890625	0.09420752	2.2971428571428584e-05	7.657142857142863e-05	14.206849098205566	73417.53333258629
6465	1427.964523556776	1024.0	105.926513671875	0.09417447	2.2928571428571417e-05	7.64285714285714e-05	15.19644808769226	73432.73031425476
6466	1422.2927601769331	1018.0	105.68408203125	0.09419016	2.2885714285714284e-05	7.62857142857143e-05	14.168883085250854	73446.90720105171
6467	1423.3033629343784	1018.42	106.182373046875	0.0941591	2.284285714285715e-05	7.614285714285718e-05	14.950236797332764	73461.86228609085
6468	1420.2505609242048	1020.16	105.949951171875	0.094198026	2.2799999999999985e-05	7.599999999999996e-05	16.032016038894653	73477.89485836029
6469	1405.6549848812415	1006.29	105.958251953125	0.09419662	2.2757142857142852e-05	7.585714285714285e-05	16.212300539016724	73494.11415600777
6470	1413.9238758925108	1018.06	105.70947265625	0.09419755	2.271428571428572e-05	7.571428571428574e-05	14.270300388336182	73508.38608527184
6471	1424.1604426960546	1024.0	105.97314453125	0.09415433	2.2671428571428583e-05	7.557142857142863e-05	15.49193787574768	73523.87855601311
6472	1425.8098434065118	1018.05	106.230712890625	0.094205864	2.2628571428571417e-05	7.54285714285714e-05	14.230689525604248	73538.11084699631
6473	1430.8617017351626	1024.0	105.986328125	0.09421399	2.2585714285714284e-05	7.528571428571428e-05	15.361604452133179	73553.47435808182
6474	1406.2466841584435	1014.28	105.996826171875	0.09419159	2.254285714285715e-05	7.514285714285717e-05	14.179590225219727	73567.65447640419
6475	1419.801521470047	1018.16	106.004638671875	0.09411008	2.2499999999999984e-05	7.499999999999995e-05	14.97696590423584	73582.63309907913
6476	1408.7446912680418	1014.93	106.262451171875	0.09406314	2.2457142857142852e-05	7.485714285714284e-05	14.403308153152466	73597.03793597221
6477	1426.4485749029668	1020.15	105.7705078125	0.0940878	2.241428571428572e-05	7.471428571428573e-05	15.473130464553833	73612.51160144806
6478	1418.770657811546	1017.96	106.276123046875	0.09405631	2.2371428571428586e-05	7.457142857142862e-05	14.176088809967041	73626.6894671917
6479	1423.2553107750325	1018.35	105.7861328125	0.094077416	2.232857142857142e-05	7.44285714285714e-05	14.87591028213501	73641.56590986252
6480	1414.1993979591984	1014.73	106.044189453125	0.09397464	2.2285714285714283e-05	7.428571428571429e-05	14.20453691482544	73655.77227163315
6481	1410.3303156701977	1016.53	106.05224609375	0.09401155	2.224285714285715e-05	7.414285714285718e-05	15.367674112319946	73671.14053344727
6482	1395.702393348169	1004.71	105.809814453125	0.09400145	2.2199999999999984e-05	7.399999999999996e-05	14.174933433532715	73685.31730127335
6483	1417.7085345021776	1018.0	106.067626953125	0.09395272	2.215714285714285e-05	7.385714285714284e-05	14.86143445968628	73700.64856767654
6484	1408.1285906379428	1008.46	105.57568359375	0.09387844	2.211428571428572e-05	7.371428571428573e-05	14.570008516311646	73715.91861653328
6485	1413.074652411576	1018.1	105.83349609375	0.09381498	2.2071428571428586e-05	7.357142857142862e-05	15.015890836715698	73730.93504405022
6486	1425.5815705634525	1022.06	105.09912109375	0.09382189	2.202857142857142e-05	7.34285714285714e-05	14.374136447906494	73745.31004500389
6487	1421.4701511031305	1016.11	105.850341796875	0.093795635	2.1985714285714283e-05	7.328571428571429e-05	14.944132804870605	73760.25627398491
6488	1404.7039225359736	1010.34	106.108154296875	0.09374881	2.194285714285715e-05	7.314285714285718e-05	14.20304822921753	73774.46085238457
6489	1417.1056295528622	1016.47	105.865966796875	0.09369596	2.1899999999999983e-05	7.299999999999996e-05	16.39743161201477	73790.8588540554
6490	1428.1681436930653	1021.36	106.373779296875	0.093654536	2.185714285714285e-05	7.285714285714285e-05	14.280895471572876	73805.14147639275
6491	1418.1641396571815	1014.25	106.127197265625	0.09364098	2.1814285714285718e-05	7.271428571428574e-05	14.962164640426636	73820.10417842865
6492	1425.7126851655964	1024.0	106.1396484375	0.093658395	2.1771428571428585e-05	7.257142857142862e-05	14.686198472976685	73834.79233288765
6493	1427.7153870286236	1023.81	104.9052734375	0.09362406	2.172857142857142e-05	7.24285714285714e-05	15.268580198287964	73850.06247711182
6494	1428.6645946125354	1024.0	103.372802734375	0.09360289	2.1685714285714286e-05	7.228571428571429e-05	14.22573447227478	73864.29007291794
6495	1416.9556528287317	1019.93	106.14208984375	0.0936568	2.164285714285715e-05	7.214285714285718e-05	15.436230421066284	73879.7268500328
6496	1415.6965984166675	1016.77	105.91064453125	0.09365481	2.1599999999999983e-05	7.199999999999996e-05	14.221672534942627	73893.95037031174
6497	1428.885768848835	1024.0	105.91259765625	0.09363291	2.155714285714285e-05	7.185714285714285e-05	15.014919757843018	73908.96679735184
6498	1431.809538110046	1023.99	106.427734375	0.09360289	2.1514285714285717e-05	7.171428571428574e-05	14.190128564834595	73923.15746593475
6499	1422.3956694772567	1020.29	106.185302734375	0.09360076	2.1471428571428585e-05	7.157142857142863e-05	15.088700532913208	73938.24823760986
6500	1429.127790538308	1024.0	106.193603515625	0.09351639	2.1428571428571418e-05	7.14285714285714e-05	14.612736225128174	73952.86302566528
6501	1403.1734683630152	1008.03	106.451416015625	0.09349803	2.1385714285714285e-05	7.128571428571428e-05	15.006509780883789	73967.87007880211
6502	1414.6618416402498	1016.11	105.834228515625	0.09340897	2.134285714285715e-05	7.114285714285717e-05	14.232563018798828	73982.10785317421
6503	1409.8067892705399	1012.63	106.091796875	0.09339181	2.1299999999999982e-05	7.099999999999995e-05	15.027464866638184	73997.1373128891
6504	1429.86209588784	1024.0	105.107421875	0.09342358	2.125714285714285e-05	7.085714285714284e-05	14.257059812545776	74011.39491939545
6505	1425.9563517134377	1024.0	106.1083984375	0.093480945	2.1214285714285717e-05	7.071428571428573e-05	15.01086139678955	74026.40731096268
6506	1426.8382005029061	1024.0	106.363525390625	0.093417205	2.1171428571428584e-05	7.057142857142862e-05	14.206074714660645	74040.6151740551
6507	1428.1050731006014	1022.96	106.373291015625	0.09344062	2.1128571428571417e-05	7.04285714285714e-05	14.461950063705444	74055.07766199112
6508	1405.2952886062842	1012.45	106.632568359375	0.0934015	2.1085714285714285e-05	7.028571428571428e-05	14.936751365661621	74070.016777277
6509	1420.2507212441146	1018.04	106.39013671875	0.0933488	2.104285714285715e-05	7.014285714285717e-05	14.230939149856567	74128.91740179062
6510	1425.729397482482	1024.0	106.1494140625	0.09331304	2.0999999999999982e-05	6.999999999999995e-05	14.245322227478027	74143.16465950012
6511	1394.4346449657587	1003.03	106.4072265625	0.09331899	2.095714285714285e-05	6.985714285714284e-05	14.41437578201294	74157.5804977417
6512	1415.0678877566588	1016.22	106.1650390625	0.09323051	2.0914285714285716e-05	6.971428571428573e-05	14.220436334609985	74171.80234456062
6513	1430.955307571571	1024.0	106.423095703125	0.0931891	2.0871428571428584e-05	6.957142857142862e-05	15.195817232131958	74186.9993031025
6514	1435.2480018113304	1024.0	106.430908203125	0.09315795	2.0828571428571417e-05	6.94285714285714e-05	14.294278383255005	74201.29510569572
6515	1427.4325557374013	1024.0	106.18896484375	0.093120955	2.0785714285714284e-05	6.928571428571429e-05	14.915054321289062	74216.21261644363
6516	1426.7468178091353	1024.0	106.445068359375	0.09313471	2.074285714285715e-05	6.914285714285718e-05	14.711128234863281	74230.92428898811
6517	1427.9223683627329	1024.0	106.203369140625	0.09312747	2.0699999999999985e-05	6.899999999999996e-05	14.967943668365479	74245.89395856857
6518	1419.2896025004607	1018.09	106.4609375	0.093074255	2.065714285714285e-05	6.885714285714284e-05	14.175629138946533	74260.07155799866
6519	1433.128614340183	1024.0	106.469970703125	0.09301278	2.0614285714285716e-05	6.871428571428573e-05	15.029664754867554	74275.10298705101
6520	1431.5916496729653	1024.0	106.227783203125	0.09297741	2.0571428571428583e-05	6.857142857142862e-05	14.213897466659546	74289.31777596474
6521	1413.6960028862275	1019.07	106.736572265625	0.09297242	2.0528571428571416e-05	6.84285714285714e-05	15.235279560089111	74304.55466246605
6522	1420.6446216612358	1020.74	106.244384765625	0.09296506	2.0485714285714284e-05	6.828571428571429e-05	14.324812412261963	74318.88003921509
6523	1414.1242580194757	1020.13	106.752197265625	0.09291937	2.044285714285715e-05	6.814285714285718e-05	15.10159969329834	74333.98364424706
6524	1420.9973959626432	1017.99	106.51025390625	0.09292074	2.0399999999999984e-05	6.799999999999995e-05	14.161788940429688	74348.1474378109
6525	1401.9889513714652	1007.57	106.518798828125	0.09289359	2.0357142857142848e-05	6.785714285714283e-05	15.750020742416382	74363.89771294594
6526	1422.9863586881704	1024.0	106.02685546875	0.092917584	2.0314285714285715e-05	6.771428571428572e-05	14.172146558761597	74378.07159399986
6527	1423.547562867805	1016.5	106.78466796875	0.09296495	2.0271428571428583e-05	6.757142857142861e-05	14.901729583740234	74392.97520780563
6528	1430.6823395859637	1023.98	106.79345703125	0.09296303	2.0228571428571416e-05	6.742857142857139e-05	14.318312883377075	74407.29501533508
6529	1414.4720758980898	1014.94	106.552001953125	0.092971675	2.0185714285714283e-05	6.728571428571428e-05	14.867319107055664	74422.1628818512
6530	1419.9454124406548	1018.59	106.559326171875	0.09295169	2.014285714285715e-05	6.714285714285717e-05	14.284148216247559	74436.44916176796
6531	1428.6393875428191	1020.04	106.317138671875	0.09291813	2.0099999999999984e-05	6.699999999999995e-05	15.033010244369507	74451.49180412292
6532	1431.8499285505231	1020.09	106.3251953125	0.092946835	2.005714285714285e-05	6.685714285714284e-05	14.156574726104736	74465.64890933037
6533	1430.6857079205124	1024.0	106.5830078125	0.09288555	2.0014285714285715e-05	6.671428571428573e-05	15.007585525512695	74480.65894246101
6534	1421.8185084664437	1016.41	106.591064453125	0.092890255	1.9971428571428582e-05	6.657142857142861e-05	14.130236864089966	74494.79075241089
6535	1407.2982404252627	1014.13	106.350830078125	0.09286281	1.9928571428571415e-05	6.64285714285714e-05	14.948483943939209	74509.74067664146
6536	1424.3471309731574	1024.0	106.35888671875	0.09278036	1.9885714285714283e-05	6.628571428571428e-05	14.199793577194214	74523.94193840027
6537	1427.9490484205476	1022.32	106.614013671875	0.0927309	1.984285714285715e-05	6.614285714285717e-05	16.032207489013672	74539.97544503212
6538	1416.1216846028028	1014.68	107.1259765625	0.09270691	1.9799999999999983e-05	6.599999999999995e-05	16.972065210342407	74556.94806528091
6539	1417.1252288580863	1013.99	106.6318359375	0.09262464	1.975714285714285e-05	6.585714285714284e-05	14.968644618988037	74571.91834759712
6540	1415.3726127236766	1018.13	106.880126953125	0.09264431	1.9714285714285714e-05	6.571428571428573e-05	14.186649322509766	74586.10641694069
6541	1414.5820605834524	1018.2	106.397705078125	0.09259782	1.967142857142858e-05	6.557142857142862e-05	15.048594951629639	74601.15553760529
6542	1425.5791932752188	1024.0	106.904541015625	0.092592865	1.9628571428571415e-05	6.54285714285714e-05	14.287878513336182	74615.44450306892
6543	1415.5019148728163	1016.31	106.913330078125	0.09256888	1.9585714285714282e-05	6.528571428571429e-05	15.004757642745972	74630.45103573799
6544	1427.5873622611905	1023.94	106.67138671875	0.09258167	1.954285714285715e-05	6.514285714285717e-05	14.167145252227783	74644.61903738976
6545	1408.4756646822234	1012.44	106.6796875	0.09262372	1.9499999999999983e-05	6.499999999999995e-05	15.538252353668213	74660.15783429146
6546	1429.2532501776377	1020.06	106.6875	0.092588365	1.945714285714285e-05	6.485714285714284e-05	14.51257872581482	74674.67323541641
6547	1419.153725979232	1017.99	106.945068359375	0.09250062	1.9414285714285717e-05	6.471428571428573e-05	15.13965892791748	74689.81299948692
6548	1427.1527816115622	1020.1	106.453125	0.0925327	1.937142857142858e-05	6.457142857142862e-05	14.154592037200928	74703.96868014336
6549	1367.7415715303798	990.11	106.7109375	0.09252264	1.9328571428571414e-05	6.442857142857139e-05	15.3945951461792	74719.36520719528
6550	1408.8557346495093	1014.18	107.21875	0.0925102	1.928571428571428e-05	6.428571428571427e-05	14.284607410430908	74733.65048599243
6551	1421.378086871553	1014.08	103.946533203125	0.09246681	1.924285714285715e-05	6.414285714285716e-05	14.971050500869751	74748.6226348877
6552	1410.21841214686	1010.65	106.720947265625	0.09240547	1.9199999999999982e-05	6.399999999999994e-05	14.179770946502686	74762.8055138588
6553	1399.7057210201185	1012.01	107.23193359375	0.0923368	1.915714285714285e-05	6.385714285714283e-05	14.944205284118652	74777.75025677681
6554	1423.5095573603667	1018.0	106.744873046875	0.09225801	1.9114285714285717e-05	6.371428571428572e-05	14.573403358459473	74792.324706316
6555	1410.966107879671	1012.23	106.75	0.092232995	1.907142857142858e-05	6.357142857142861e-05	14.981958150863647	74807.30858421326
6556	1417.9335050249726	1016.2	107.010498046875	0.09215776	1.9028571428571414e-05	6.342857142857139e-05	14.16218876838684	74821.47141361237
6557	1430.8607311582737	1024.0	106.768310546875	0.092152625	1.898571428571428e-05	6.328571428571428e-05	15.057657957077026	74836.5299320221
6558	1405.9563336318552	1007.1	106.771728515625	0.09217132	1.894285714285715e-05	6.314285714285717e-05	14.193257331848145	74850.7248840332
6559	1422.8799538537423	1022.15	106.7841796875	0.09213149	1.889999999999998e-05	6.299999999999995e-05	14.519542932510376	74865.24496531487
6560	1416.5562925484483	1020.38	107.2919921875	0.09209064	1.885714285714285e-05	6.285714285714283e-05	14.316986799240112	74879.56408262253
6561	1422.9328534379238	1022.0	106.801025390625	0.09199204	1.8814285714285716e-05	6.271428571428572e-05	14.253535985946655	74893.82011723518
6562	1414.8649975717594	1012.0	106.81201171875	0.091969244	1.8771428571428583e-05	6.257142857142861e-05	15.53180742263794	74909.352455616
6563	1430.8382067676025	1024.0	106.8193359375	0.09191766	1.8728571428571413e-05	6.242857142857139e-05	14.210097789764404	74923.5649318695
6564	1416.3247739411202	1018.16	106.82373046875	0.09186419	1.868571428571428e-05	6.228571428571428e-05	14.383453369140625	74937.95073866844
6565	1402.783966252319	1005.97	106.835205078125	0.09186763	1.8642857142857148e-05	6.214285714285717e-05	14.23650598526001	74952.18777251244
6566	1418.645920844134	1020.4	106.968017578125	0.091834605	1.8600000000000015e-05	6.200000000000006e-05	14.975619316101074	74967.16555047035
6567	1420.8987936495644	1024.0	106.975830078125	0.091814496	1.855714285714285e-05	6.185714285714284e-05	14.205307722091675	74981.37234759331
6568	1415.955637252021	1020.27	106.983642578125	0.09181869	1.8514285714285716e-05	6.171428571428573e-05	15.005139827728271	74996.37802863121
6569	1417.8787458355926	1022.2	106.99169921875	0.091824174	1.8471428571428583e-05	6.157142857142861e-05	14.23747205734253	75010.61811614037
6570	1411.4542414403834	1008.09	106.999267578125	0.09181309	1.8428571428571416e-05	6.14285714285714e-05	16.286112308502197	75026.90683484077
6571	1412.8506454333851	1014.01	107.00830078125	0.09176848	1.838571428571428e-05	6.128571428571428e-05	14.224604606628418	75041.1320142746
6572	1425.9632944395044	1020.96	106.766357421875	0.09174889	1.8342857142857147e-05	6.114285714285717e-05	14.91146731376648	75056.04518985748
6573	1428.0565429790797	1023.94	107.022705078125	0.09174565	1.8300000000000015e-05	6.100000000000005e-05	14.20961618423462	75070.25718426704
6574	1419.695160340173	1018.15	107.281982421875	0.09184072	1.8257142857142848e-05	6.085714285714283e-05	15.214838981628418	75085.47257494926
6575	1419.7952528613398	1022.07	107.2900390625	0.09178115	1.8214285714285715e-05	6.071428571428572e-05	14.486841201782227	75099.96027159691
6576	1420.4113126839648	1019.38	107.03857421875	0.091740794	1.8171428571428582e-05	6.057142857142861e-05	15.034683465957642	75114.99749493599
6577	1433.202401245152	1024.0	107.055419921875	0.0917444	1.8128571428571416e-05	6.042857142857139e-05	14.18450403213501	75129.18256664276
6578	1405.6026065221513	1012.31	107.3134765625	0.091748066	1.808571428571428e-05	6.028571428571428e-05	14.893168210983276	75144.07736301422
6579	1429.9800220752693	1022.51	107.068603515625	0.09179438	1.8042857142857147e-05	6.014285714285717e-05	14.220593690872192	75158.30031585693
6580	1436.3393236958502	1023.92	107.32958984375	0.09179684	1.8000000000000014e-05	6.0000000000000056e-05	15.030637741088867	75173.33145928383
6581	1419.7839398653625	1018.5	106.3447265625	0.0918132	1.7957142857142847e-05	5.985714285714283e-05	14.266441822052002	75187.59919214249
6582	1431.137346537391	1020.58	107.093505859375	0.09177354	1.7914285714285715e-05	5.9714285714285724e-05	15.716290473937988	75203.3172326088
6583	1416.6472579750073	1012.37	107.3515625	0.09179738	1.7871428571428582e-05	5.957142857142861e-05	14.227430820465088	75217.54529762268
6584	1429.5782723394896	1022.3	107.109375	0.09175307	1.7828571428571415e-05	5.9428571428571386e-05	14.980753421783447	75232.52826213837
6585	1414.6083613763758	1016.0	107.103759765625	0.09171897	1.7785714285714282e-05	5.9285714285714275e-05	14.196419477462769	75246.72521829605
6586	1395.4912179854207	1010.06	107.126220703125	0.09167654	1.7742857142857146e-05	5.914285714285716e-05	15.056702613830566	75261.78417515755
6587	1398.879279947023	1006.43	107.384033203125	0.091599196	1.7700000000000013e-05	5.900000000000005e-05	14.442014932632446	75276.2279138565
6588	1421.8370635683457	1020.02	106.89111328125	0.09164286	1.7657142857142847e-05	5.885714285714283e-05	15.00559139251709	75291.23570251465
6589	1430.8299841186608	1022.44	107.650146484375	0.09161255	1.7614285714285714e-05	5.871428571428572e-05	14.182018995285034	75305.41853809357
6590	1419.35374329149	1020.2	106.90771484375	0.091564775	1.757142857142858e-05	5.857142857142861e-05	14.951960802078247	75320.37240982056
6591	1427.0050553764172	1018.09	107.662841796875	0.091510534	1.7528571428571415e-05	5.842857142857139e-05	14.180615425109863	75334.55531382561
6592	1421.2767462123875	1022.75	107.423583984375	0.09148961	1.7485714285714282e-05	5.828571428571428e-05	14.927901983261108	75349.48377394676
6593	1423.2058688973889	1016.16	107.431640625	0.09149111	1.7442857142857146e-05	5.8142857142857166e-05	14.179036855697632	75363.66742396355
6594	1402.3324622284722	1008.59	106.937255859375	0.09153399	1.7400000000000013e-05	5.8000000000000055e-05	14.865044355392456	75378.53299808502
6595	1410.5428309197953	1008.12	107.44921875	0.09148902	1.7357142857142846e-05	5.785714285714283e-05	14.826187372207642	75393.36244225502
6596	1431.3683847951913	1024.0	107.457275390625	0.09147947	1.7314285714285714e-05	5.7714285714285716e-05	14.90825343132019	75408.27125072479
6597	1412.2551244022168	1014.19	107.215087890625	0.0914394	1.727142857142858e-05	5.7571428571428605e-05	14.171152114868164	75422.44440102577
6598	1410.026153710725	1006.87	107.22314453125	0.09145835	1.7228571428571414e-05	5.7428571428571385e-05	15.026828527450562	75437.47175765038
6599	1418.1526089104093	1015.06	107.730712890625	0.09147149	1.718571428571428e-05	5.7285714285714274e-05	14.393234968185425	75451.8668692112
6600	1423.5169439080762	1024.0	106.98876953125	0.09139427	1.714285714285715e-05	5.714285714285716e-05	14.892496347427368	75466.75989413261
6601	1417.1008815249877	1020.27	107.24658203125	0.09135649	1.7100000000000012e-05	5.700000000000005e-05	14.22068476676941	75480.9832918644
6602	1412.4066911365205	1008.56	107.504150390625	0.09139825	1.7057142857142846e-05	5.685714285714283e-05	14.841530323028564	75495.82690167427
6603	1428.499138980768	1022.31	107.255615234375	0.091342814	1.7014285714285713e-05	5.671428571428572e-05	15.53802752494812	75511.36558032036
6604	1425.9898534431643	1020.08	107.269775390625	0.09132489	1.697142857142858e-05	5.657142857142861e-05	14.837019681930542	75526.20371770859
6605	1414.1238169227363	1014.3	107.26416015625	0.09135146	1.6928571428571414e-05	5.642857142857139e-05	14.171424865722656	75540.37691450119
6606	1408.6880055419533	1012.88	107.78564453125	0.091359474	1.688571428571428e-05	5.6285714285714276e-05	14.273592472076416	75554.65061426163
6607	1418.923641040056	1024.0	107.29345703125	0.09131339	1.6842857142857148e-05	5.6142857142857165e-05	14.660718441009521	75569.31329512596
6608	1417.21535515563	1016.03	107.301513671875	0.09134224	1.6800000000000012e-05	5.600000000000005e-05	14.228588104248047	75583.54385614395
6609	1413.6770078967622	1016.44	104.528076171875	0.09132377	1.6757142857142845e-05	5.585714285714283e-05	14.388478994369507	75597.93287086487
6610	1411.73344759228	1010.05	107.3037109375	0.09129506	1.6714285714285713e-05	5.5714285714285715e-05	14.22467851638794	75612.15945959091
6611	1425.3331947198326	1018.07	107.5693359375	0.091302164	1.667142857142858e-05	5.5571428571428604e-05	14.797112464904785	75626.95850086212
6612	1424.1494998159649	1022.1	107.327392578125	0.0912363	1.6628571428571413e-05	5.5428571428571384e-05	14.149415969848633	75641.1084587574
6613	1428.798637238261	1021.96	107.335205078125	0.091273665	1.658571428571428e-05	5.528571428571427e-05	14.82238221168518	75655.93239808083
6614	1415.2179432366265	1006.01	107.093505859375	0.09122134	1.6542857142857148e-05	5.514285714285716e-05	14.20354175567627	75670.13776707649
6615	1445.7743280643037	1024.0	107.351318359375	0.09124001	1.6500000000000015e-05	5.500000000000005e-05	15.723414421081543	75685.86570000648
6616	1433.8244395254294	1024.0	107.359375	0.091181	1.6457142857142848e-05	5.485714285714283e-05	14.210971593856812	75700.0788269043
6617	1433.5083176879398	1024.0	107.366943359375	0.09113862	1.6414285714285712e-05	5.471428571428572e-05	14.966007471084595	75715.0528652668
6618	1425.858867004372	1024.0	107.11962890625	0.09112973	1.637142857142858e-05	5.4571428571428607e-05	14.225497245788574	75729.27890372276
6619	1416.144584603569	1012.88	107.3837890625	0.09116763	1.6328571428571413e-05	5.442857142857138e-05	15.341583967208862	75744.62188887596
6620	1419.5169157996422	1022.29	107.392822265625	0.0911719	1.628571428571428e-05	5.428571428571427e-05	14.418539762496948	75759.04461359978
6621	1420.8530688182148	1020.38	107.400634765625	0.09117346	1.6242857142857147e-05	5.4142857142857164e-05	15.514192819595337	75774.55934977531
6622	1428.0482336597313	1024.0	107.41064453125	0.09111569	1.6200000000000014e-05	5.400000000000005e-05	14.203210592269897	75788.76649808884
6623	1427.9982391172764	1024.0	107.418701171875	0.09111557	1.6157142857142848e-05	5.3857142857142826e-05	15.082711458206177	75803.8498711586
6624	1410.2033722224996	1008.21	107.674560546875	0.091073014	1.611428571428571e-05	5.3714285714285714e-05	14.673284530639648	75818.52488708496
6625	1426.6532308387	1024.0	107.6826171875	0.09099168	1.607142857142858e-05	5.35714285714286e-05	15.019437074661255	75833.5451965332
6626	1421.9623197867236	1017.89	107.6904296875	0.09099293	1.6028571428571412e-05	5.342857142857138e-05	14.201476573944092	75847.74681568146
6627	1418.6545883570152	1017.95	107.4482421875	0.09098142	1.598571428571428e-05	5.328571428571427e-05	14.955619812011719	75862.70412302017
6628	1424.2138557738115	1015.36	106.2138671875	0.09094722	1.5942857142857147e-05	5.314285714285716e-05	15.592326641082764	75878.29886841774
6629	1422.2323051820808	1020.19	107.72265625	0.09092278	1.5900000000000014e-05	5.300000000000005e-05	14.940149307250977	75893.24090766907
6630	1432.9564416462024	1022.0	107.60791015625	0.090929665	1.5857142857142847e-05	5.285714285714283e-05	14.180226564407349	75907.4216992855
6631	1424.9812372430138	1020.24	107.6162109375	0.09090816	1.581428571428571e-05	5.271428571428572e-05	14.89714765548706	75922.32038092613
6632	1419.7601767698698	1018.68	107.624267578125	0.090876184	1.5771428571428578e-05	5.2571428571428605e-05	19.285276651382446	75941.6074681282
6633	1427.0641749172653	1020.15	107.381591796875	0.09086794	1.572857142857141e-05	5.242857142857138e-05	14.725542783737183	75956.33356428146
6634	1412.542171333005	1012.65	107.639892578125	0.09089303	1.568571428571428e-05	5.228571428571427e-05	14.23754620552063	75970.57326889038
6635	1433.5962337926726	1020.38	107.647705078125	0.090838246	1.5642857142857146e-05	5.2142857142857156e-05	15.266611576080322	75985.84044003487
6636	1408.758914630515	1013.15	106.40625	0.0908312	1.5600000000000013e-05	5.2000000000000044e-05	14.191248416900635	76000.03408885002
6637	1424.112340884416	1022.33	107.4140625	0.09077866	1.5557142857142847e-05	5.1857142857142824e-05	14.95766544342041	76014.99329137802
6638	1423.0978724640147	1017.92	107.672119140625	0.09071347	1.5514285714285714e-05	5.171428571428571e-05	14.181880235671997	76029.17673373222
6639	1434.8480414578264	1024.0	107.679931640625	0.09069102	1.5471428571428578e-05	5.15714285714286e-05	14.95211148262024	76044.13128018379
6640	1414.4890779560021	1018.62	107.4375	0.09067672	1.542857142857141e-05	5.142857142857138e-05	14.236389636993408	76058.36973285675
6641	1412.3953331566363	1014.11	107.6953125	0.09067598	1.5385714285714278e-05	5.128571428571427e-05	14.892182350158691	76073.26274132729
6642	1409.9884843495895	1008.18	107.703369140625	0.090663254	1.5342857142857146e-05	5.114285714285716e-05	14.206628799438477	76087.4699203968
6643	1426.4613042132248	1024.0	107.96142578125	0.0906356	1.5300000000000013e-05	5.100000000000005e-05	14.956743478775024	76102.42853140831
6644	1414.1330561725338	1016.85	107.71826171875	0.090589255	1.5257142857142846e-05	5.085714285714283e-05	14.29517388343811	76116.72426748276
6645	1389.469663425927	998.53	107.72705078125	0.09057563	1.5214285714285712e-05	5.0714285714285716e-05	16.953458070755005	76133.67952919006
6646	1431.1154628350666	1024.0	107.73388671875	0.09056935	1.5171428571428579e-05	5.0571428571428604e-05	14.181549072265625	76147.86222529411
6647	1423.9954697408984	1018.11	107.4912109375	0.090523146	1.5128571428571412e-05	5.042857142857138e-05	15.35301923751831	76163.21957015991
6648	1413.2324857544684	1015.87	107.749267578125	0.09050081	1.508571428571428e-05	5.0285714285714266e-05	14.644235610961914	76177.86466360092
6649	1424.9010441019543	1019.02	107.50732421875	0.09047835	1.5042857142857145e-05	5.0142857142857155e-05	14.851582527160645	76192.71830320358
6650	1421.6730878728151	1022.15	107.76513671875	0.09048972	1.5000000000000012e-05	5.000000000000004e-05	14.206477165222168	76206.9265742302
6651	1422.9762524052296	1018.09	107.772705078125	0.0904086	1.4957142857142846e-05	4.985714285714282e-05	14.889711856842041	76221.81810688972
6652	1393.3517331749379	999.98	107.531005859375	0.09039531	1.4914285714285711e-05	4.971428571428571e-05	14.444673538208008	76236.26446938515
6653	1429.181897396774	1022.21	107.78759765625	0.090399586	1.4871428571428578e-05	4.95714285714286e-05	14.98970913887024	76251.2557117939
6654	1415.7908199963679	1016.52	107.79736328125	0.09034079	1.4828571428571412e-05	4.942857142857138e-05	14.196717500686646	76265.45391654968
6655	1414.322806658271	1014.37	107.8056640625	0.0903193	1.4785714285714279e-05	4.928571428571427e-05	14.890893697738647	76280.34757113457
6656	1424.612167010725	1019.98	108.063720703125	0.09031018	1.4742857142857144e-05	4.914285714285716e-05	14.188660383224487	76294.5374994278
6657	1426.5942503349681	1018.07	107.8212890625	0.09026137	1.4700000000000012e-05	4.9000000000000046e-05	18.867511749267578	76313.40559244156
6658	1407.1761606421167	1014.22	107.579345703125	0.09024215	1.4657142857142845e-05	4.885714285714282e-05	14.208219766616821	76327.61464953423
6659	1426.1802531222875	1018.13	108.0869140625	0.09022477	1.4614285714285712e-05	4.871428571428571e-05	14.891721248626709	76342.5069270134
6660	1399.5177656714839	1006.27	107.844970703125	0.09021655	1.4571428571428578e-05	4.85714285714286e-05	14.348804950714111	76356.85659432411
6661	1416.1846210987474	1013.1	108.1025390625	0.09020465	1.4528571428571411e-05	4.8428571428571376e-05	14.974782228469849	76371.83190917969
6662	1420.4696835524414	1014.19	107.6103515625	0.09016652	1.4485714285714278e-05	4.8285714285714265e-05	14.138320922851562	76385.97191095352
6663	1412.4025676014198	1014.08	107.618408203125	0.09008055	1.4442857142857146e-05	4.814285714285715e-05	14.94128704071045	76400.9143922329
6664	1427.3748550786768	1024.0	107.876220703125	0.09010882	1.4400000000000011e-05	4.800000000000004e-05	14.455904722213745	76415.37178659439
6665	1418.403458911497	1010.18	107.884521484375	0.090090744	1.4357142857142845e-05	4.785714285714282e-05	15.610805988311768	76430.98417282104
6666	1432.5607882001482	1024.0	105.104248046875	0.09000821	1.4314285714285712e-05	4.771428571428571e-05	14.201696872711182	76445.18691444397
6667	1411.6164672629523	1014.09	107.890380859375	0.08996119	1.4271428571428577e-05	4.75714285714286e-05	15.453102827072144	76460.64078783989
6668	1420.7468088372575	1010.16	107.903564453125	0.08999365	1.422857142857141e-05	4.742857142857138e-05	14.647750616073608	76475.28919553757
6669	1417.1831625544053	1014.07	107.914306640625	0.08996452	1.4185714285714278e-05	4.728571428571427e-05	14.91104507446289	76490.20537424088
6670	1407.650304226262	1010.22	107.921875	0.08993036	1.4142857142857145e-05	4.7142857142857156e-05	14.222902297973633	76504.43101501465
6671	1417.792613768216	1016.62	107.6796875	0.089936756	1.410000000000001e-05	4.7000000000000045e-05	14.915252923965454	76519.34683799744
6672	1415.5279004488498	1016.83	107.937744140625	0.08983796	1.4057142857142844e-05	4.685714285714282e-05	15.715328454971313	76535.06305241585
6673	1419.6620837818336	1014.65	107.94580078125	0.08983457	1.4014285714285711e-05	4.6714285714285707e-05	21.70319414138794	76556.76687598228
6674	1416.715822052802	1017.97	107.95361328125	0.08985373	1.3971428571428579e-05	4.6571428571428595e-05	14.203352451324463	76570.97326803207
6675	1431.896496617655	1024.0	108.211181640625	0.08983471	1.3928571428571412e-05	4.6428571428571375e-05	15.257885932922363	76586.23303604126
6676	1406.256305180675	1006.61	108.21923828125	0.089838654	1.3885714285714277e-05	4.6285714285714264e-05	14.179126977920532	76600.41278672218
6677	1428.9113779401243	1021.15	107.977294921875	0.08982497	1.3842857142857145e-05	4.614285714285715e-05	14.985726833343506	76615.39943480492
6678	1434.8857803770072	1024.0	107.985107421875	0.089781344	1.3800000000000012e-05	4.600000000000004e-05	14.205162525177002	76629.60612034798
6679	1426.0427061742587	1017.97	107.992919921875	0.089777194	1.3757142857142844e-05	4.585714285714282e-05	15.36952805519104	76644.9764842987
6680	1430.1234460921257	1018.07	108.250732421875	0.08972943	1.371428571428571e-05	4.571428571428571e-05	14.159786462783813	76659.13681769371
6681	1419.8327003665609	1015.51	108.008544921875	0.08970582	1.3671428571428578e-05	4.55714285714286e-05	14.981683731079102	76674.12069821358
6682	1423.638992728314	1024.0	108.01708984375	0.08968171	1.3628571428571411e-05	4.542857142857138e-05	14.193807363510132	76688.31504654884
6683	1422.253675358368	1021.94	108.02490234375	0.08965134	1.3585714285714277e-05	4.5285714285714266e-05	15.001862287521362	76703.31863904
6684	1421.5870209324646	1018.0	107.78271484375	0.08966871	1.3542857142857144e-05	4.5142857142857155e-05	15.463637113571167	76718.78412389755
6685	1421.7598417622744	1018.09	108.04052734375	0.089627706	1.3500000000000011e-05	4.5000000000000043e-05	14.99989366531372	76733.78457021713
6686	1408.563248521646	1010.24	108.0498046875	0.08961434	1.3457142857142845e-05	4.485714285714282e-05	14.190063238143921	76747.97611522675
6687	1428.611717008086	1024.0	108.0576171875	0.089577176	1.341428571428571e-05	4.4714285714285705e-05	15.561907291412354	76763.53949928284
6688	1414.8337921121272	1014.8	108.3154296875	0.08958221	1.3371428571428577e-05	4.4571428571428594e-05	14.307671546936035	76777.8499276638
6689	1415.9329827789015	1014.08	108.0732421875	0.08957661	1.3328571428571445e-05	4.442857142857148e-05	14.933115482330322	76792.78359985352
6690	1415.3177081248516	1012.25	108.081298828125	0.089601666	1.3285714285714278e-05	4.428571428571426e-05	14.20750617980957	76806.99224567413
6691	1416.475463654957	1018.19	108.087158203125	0.08956974	1.3242857142857144e-05	4.414285714285715e-05	15.554198026657104	76822.54794359207
6692	1402.6450170456228	1002.56	108.095458984375	0.08957104	1.320000000000001e-05	4.400000000000004e-05	14.466125011444092	76837.01554751396
6693	1414.969414715922	1013.23	107.853271484375	0.08953341	1.3157142857142844e-05	4.385714285714282e-05	14.987126350402832	76852.0040397644
6694	1431.9830216710582	1020.14	108.236083984375	0.08952107	1.311428571428571e-05	4.371428571428571e-05	14.190970659255981	76866.19692182541
6695	1424.6348608002195	1017.98	108.244140625	0.08943656	1.3071428571428577e-05	4.35714285714286e-05	14.97383999824524	76881.17187094688
6696	1427.9815360259572	1018.06	108.252197265625	0.0894126	1.3028571428571444e-05	4.3428571428571485e-05	14.188796281814575	76895.36122989655
6697	1401.2057448925605	1005.94	108.510009765625	0.08937486	1.2985714285714278e-05	4.328571428571426e-05	15.144561767578125	76910.50689196587
6698	1407.247338718262	1018.25	108.267578125	0.08940628	1.2942857142857143e-05	4.314285714285715e-05	14.174005270004272	76924.68366575241
6699	1411.6839024314613	1008.98	108.025634765625	0.08942089	1.290000000000001e-05	4.300000000000004e-05	14.976385354995728	76939.66080570221
6700	1400.0077268586062	1009.02	108.283447265625	0.08938823	1.2857142857142844e-05	4.2857142857142816e-05	14.619720458984375	76954.2821199894
6701	1425.9196458528002	1024.0	108.291748046875	0.08940675	1.2814285714285711e-05	4.2714285714285704e-05	15.110776662826538	76969.39446926117
6702	1423.6660978792736	1021.41	108.30029296875	0.08937522	1.2771428571428576e-05	4.257142857142859e-05	14.253217458724976	76983.64830875397
6703	1412.433791858303	1010.33	108.55810546875	0.08933886	1.2728571428571444e-05	4.242857142857148e-05	15.284104108810425	76998.93431830406
6704	1432.029317906772	1020.14	108.066162109375	0.08930562	1.2685714285714277e-05	4.228571428571426e-05	14.753560781478882	77013.68872976303
6705	1397.8000981120804	1004.27	108.32373046875	0.08923873	1.2642857142857144e-05	4.214285714285715e-05	14.96593952178955	77028.65479016304
6706	1418.831699360696	1024.0	108.33154296875	0.089235604	1.260000000000001e-05	4.200000000000004e-05	14.228092670440674	77042.88492584229
6707	1439.560664206877	1024.0	108.339599609375	0.08921065	1.2557142857142843e-05	4.185714285714282e-05	14.983628511428833	77057.87017536163
6708	1415.5285348181123	1013.99	108.595703125	0.08918256	1.251428571428571e-05	4.171428571428571e-05	15.326511144638062	77073.19818043709
6709	1417.3005912963843	1012.7	108.35546875	0.089138985	1.2471428571428576e-05	4.1571428571428595e-05	15.114373922348022	77088.31342768669
6710	1423.365241460447	1024.0	107.86328125	0.08911558	1.2428571428571443e-05	4.1428571428571484e-05	14.218291521072388	77102.53371047974
6711	1413.101288669478	1014.0	108.120849609375	0.08914328	1.2385714285714277e-05	4.128571428571426e-05	14.858213186264038	77117.39278030396
6712	1427.1951485097163	1023.99	108.129150390625	0.08914275	1.2342857142857144e-05	4.1142857142857146e-05	14.478058099746704	77131.87147474289
6713	1410.7097523088364	1013.97	108.38720703125	0.089139976	1.230000000000001e-05	4.1000000000000034e-05	14.90052604675293	77146.77399754524
6714	1426.462640384164	1016.06	108.644775390625	0.089134	1.2257142857142843e-05	4.0857142857142814e-05	14.152679920196533	77160.93032288551
6715	1424.497118872588	1015.98	108.151123046875	0.08907146	1.221428571428571e-05	4.07142857142857e-05	15.366503953933716	77176.30069327354
6716	1426.6634543843518	1024.0	108.408935546875	0.08902619	1.2171428571428577e-05	4.057142857142859e-05	14.49034571647644	77190.79189801216
6717	1424.393988581999	1020.12	108.1669921875	0.088990174	1.2128571428571443e-05	4.042857142857148e-05	14.297545433044434	77205.08997821808
6718	1419.2795169538797	1014.02	108.426025390625	0.08899186	1.2085714285714276e-05	4.028571428571426e-05	14.42626404762268	77219.51942586899
6719	1438.6731201044097	1024.0	108.18359375	0.08901614	1.2042857142857143e-05	4.014285714285715e-05	14.23534870147705	77233.75532841682
6720	1420.727236808626	1024.0	108.441650390625	0.088984184	1.2000000000000009e-05	4.000000000000004e-05	14.429306983947754	77248.18609714508
6721	1411.0687216665217	1008.86	108.449462890625	0.08893451	1.1957142857142842e-05	3.985714285714282e-05	14.201364040374756	77262.38850951195
6722	1424.46990479744	1021.98	108.457275390625	0.08889404	1.191428571428571e-05	3.9714285714285706e-05	14.455599308013916	77276.84466600418
6723	1425.692143738492	1024.0	108.465087890625	0.088887535	1.1871428571428577e-05	3.9571428571428594e-05	14.165671348571777	77291.01235938072
6724	1393.8888787376484	1002.98	105.6865234375	0.08890011	1.1828571428571442e-05	3.942857142857148e-05	15.19626784324646	77306.21034622192
6725	1430.6585234655881	1018.62	108.4736328125	0.08891055	1.1785714285714275e-05	3.9285714285714256e-05	14.399096488952637	77320.6116425991
6726	1423.5262520729593	1012.78	108.232666015625	0.08884466	1.1742857142857143e-05	3.9142857142857145e-05	14.997879028320312	77335.61078000069
6727	1422.4209509033453	1020.1	108.24072265625	0.08885173	1.170000000000001e-05	3.900000000000003e-05	14.221888065338135	77349.83320713043
6728	1418.211907060403	1016.28	108.498779296875	0.08882921	1.1657142857142843e-05	3.885714285714281e-05	14.984567403793335	77364.81864881516
6729	1415.998105987927	1014.62	108.50634765625	0.088826895	1.1614285714285709e-05	3.87142857142857e-05	14.199277877807617	77379.01969885826
6730	1410.8448386916743	1007.83	108.7666015625	0.088838756	1.1571428571428576e-05	3.857142857142859e-05	14.924856662750244	77393.94636058807
6731	1426.0978313085218	1022.22	108.274169921875	0.088820726	1.1528571428571443e-05	3.842857142857148e-05	14.136083364486694	77408.08298921585
6732	1423.4689936940006	1012.16	108.532470703125	0.08881094	1.1485714285714277e-05	3.828571428571426e-05	15.024107933044434	77423.10828781128
6733	1423.509590956661	1019.95	108.29052734375	0.08878077	1.1442857142857142e-05	3.814285714285715e-05	14.512665271759033	77437.62301039696
6734	1434.046438313663	1024.0	108.549560546875	0.08872389	1.140000000000001e-05	3.8000000000000036e-05	14.895894765853882	77452.51944899559
6735	1404.4679664296716	1008.05	108.556884765625	0.08871624	1.1357142857142843e-05	3.785714285714281e-05	14.189735651016235	77466.71179652214
6736	1425.9265346748114	1016.71	108.564697265625	0.08870432	1.1314285714285708e-05	3.77142857142857e-05	15.413749933242798	77482.12717199326
6737	1431.667781971444	1024.0	108.8212890625	0.08866929	1.1271428571428576e-05	3.7571428571428586e-05	15.10358214378357	77497.2337884903
6738	1426.5697678781685	1018.04	108.8291015625	0.08860815	1.1228571428571443e-05	3.742857142857148e-05	14.978241205215454	77512.21290445328
6739	1411.9824787581883	1016.34	108.337158203125	0.08861137	1.1185714285714276e-05	3.7285714285714255e-05	14.184884309768677	77526.4063513279
6740	1426.6059472502914	1022.09	108.594970703125	0.088582434	1.1142857142857142e-05	3.7142857142857143e-05	15.9281747341156	77542.33511424065
6741	1433.5469431114066	1024.0	108.6025390625	0.088581555	1.1100000000000009e-05	3.700000000000003e-05	14.429961204528809	77556.76562452316
6742	1428.3188174254124	1024.0	108.36181640625	0.088579185	1.1057142857142842e-05	3.685714285714281e-05	14.912187576293945	77571.6796014309
6743	1421.05993864503	1014.26	108.370361328125	0.08854214	1.101428571428571e-05	3.67142857142857e-05	14.163479089736938	77585.84517812729
6744	1431.0054407303232	1024.0	108.62841796875	0.08851733	1.0971428571428575e-05	3.657142857142859e-05	15.015411853790283	77600.8620955944
6745	1432.1211628342662	1024.0	108.63671875	0.088501565	1.0928571428571442e-05	3.642857142857148e-05	14.438011169433594	77615.30180001259
6746	1439.6952022095793	1024.0	108.644287109375	0.088481136	1.0885714285714276e-05	3.628571428571426e-05	15.246000051498413	77630.54962468147
6747	1416.0556101007166	1014.33	108.653564453125	0.08846542	1.0842857142857143e-05	3.6142857142857146e-05	14.167896032333374	77644.72178554535
6748	1435.9908884913934	1019.97	108.161376953125	0.08845889	1.0800000000000008e-05	3.6000000000000035e-05	15.139334917068481	77659.86165690422
6749	1400.3356509101386	999.21	108.669189453125	0.0884617	1.0757142857142842e-05	3.585714285714281e-05	14.918455362319946	77674.78111290932
6750	1437.1222516284283	1024.0	108.67724609375	0.08845035	1.0714285714285709e-05	3.57142857142857e-05	15.005404472351074	77689.79682445526
6751	1420.0469826001315	1018.29	108.935791015625	0.0884491	1.0671428571428575e-05	3.5571428571428585e-05	14.15615177154541	77703.95658016205
6752	1416.372669559237	1016.0	108.693603515625	0.08842853	1.0628571428571442e-05	3.5428571428571474e-05	14.91014552116394	77718.87120842934
6753	1436.5600654621646	1024.0	108.701416015625	0.08840082	1.0585714285714275e-05	3.5285714285714254e-05	14.268741369247437	77733.14078330994
6754	1405.9807049077872	1005.72	108.95947265625	0.08839121	1.0542857142857142e-05	3.514285714285714e-05	14.920668601989746	77748.0633790493
6755	1389.0270403471338	998.29	108.71728515625	0.08839045	1.0500000000000008e-05	3.500000000000003e-05	14.213372945785522	77762.27761721611
6756	1418.5865060502608	1014.03	108.47509765625	0.08835477	1.0457142857142841e-05	3.485714285714281e-05	14.910292148590088	77777.1904501915
6757	1431.0112705795007	1022.12	108.48291015625	0.088344194	1.0414285714285708e-05	3.47142857142857e-05	14.586012601852417	77791.77867054939
6758	1434.8609281067809	1024.0	108.61669921875	0.088344336	1.0371428571428576e-05	3.457142857142859e-05	14.936057806015015	77806.71611094475
6759	1432.1432077659267	1016.42	108.87451171875	0.0883173	1.0328571428571441e-05	3.4428571428571476e-05	14.209836721420288	77820.93074154854
6760	1431.3990710179435	1020.54	108.88134765625	0.08830624	1.0285714285714275e-05	3.4285714285714257e-05	15.406861305236816	77836.34061455727
6761	1421.720797053555	1018.22	109.13916015625	0.08828666	1.0242857142857142e-05	3.4142857142857145e-05	14.15626049041748	77850.49775004387
6762	1406.4454413578057	1006.38	108.89697265625	0.08826829	1.0200000000000007e-05	3.4000000000000034e-05	14.775883197784424	77865.27416801453
6763	1421.4498009741974	1014.28	109.15478515625	0.088245	1.015714285714284e-05	3.385714285714281e-05	14.348193883895874	77879.62467312813
6764	1424.5411011984033	1020.48	108.91259765625	0.08822996	1.0114285714285708e-05	3.3714285714285695e-05	14.168045282363892	77893.79329919815
6765	1420.4872285418367	1016.44	109.170654296875	0.0882197	1.0071428571428575e-05	3.3571428571428584e-05	14.736426591873169	77908.53159809113
6766	1433.8341048162174	1024.0	108.678466796875	0.08818241	1.002857142857144e-05	3.342857142857147e-05	14.300437450408936	77922.83897781372
6767	1422.7210262535823	1014.02	108.6875	0.08814424	9.985714285714274e-06	3.328571428571425e-05	14.461075782775879	77937.300604105
6768	1419.4823739394951	1012.04	108.695068359375	0.088105895	9.942857142857141e-06	3.314285714285714e-05	14.210061311721802	77951.51229524612
6769	1409.2151118612821	1008.14	108.953125	0.0881122	9.900000000000009e-06	3.300000000000003e-05	15.010889291763306	77966.52489757538
6770	1419.9047833666502	1020.22	108.7109375	0.08811739	9.857142857142842e-06	3.285714285714281e-05	14.276381969451904	77980.8018386364
6771	1429.543075117972	1023.23	109.21875	0.08808685	9.814285714285707e-06	3.27142857142857e-05	16.782726526260376	77997.58542990685
6772	1432.4778891526762	1021.95	108.976806640625	0.08806304	9.771428571428575e-06	3.257142857142859e-05	14.197082996368408	78011.78450489044
6773	1434.870587640655	1024.0	108.98486328125	0.08804137	9.728571428571442e-06	3.2428571428571475e-05	15.005305051803589	78026.7903623581
6774	1426.233480541685	1016.26	108.742431640625	0.08804226	9.685714285714275e-06	3.228571428571425e-05	14.242284774780273	78041.03403234482
6775	1433.618633967891	1017.98	108.25048828125	0.08802379	9.64285714285714e-06	3.214285714285714e-05	14.95152759552002	78055.98748588562
6776	1413.1327495360906	1016.02	109.008056640625	0.08797622	9.600000000000008e-06	3.200000000000003e-05	14.204736232757568	78070.19400143623
6777	1431.1317506164785	1020.2	109.266357421875	0.08798558	9.557142857142841e-06	3.1857142857142806e-05	14.905503034591675	78085.10141468048
6778	1422.3178160651732	1014.09	109.274169921875	0.08796033	9.514285714285707e-06	3.1714285714285694e-05	14.625733613967896	78099.72916197777
6779	1431.1440591425967	1014.75	109.031982421875	0.08794574	9.471428571428574e-06	3.157142857142858e-05	14.961297035217285	78114.69101238251
6780	1380.9239522042124	990.89	108.7880859375	0.08794085	9.428571428571441e-06	3.142857142857147e-05	14.689852237701416	78129.38244342804
6781	1426.1532372039874	1023.97	106.259033203125	0.08789688	9.385714285714275e-06	3.128571428571425e-05	14.989523649215698	78144.37327098846
6782	1417.0478467003998	1014.66	109.54443359375	0.08786672	9.34285714285714e-06	3.114285714285714e-05	14.815779209136963	78159.18960642815
6783	1429.9074848381656	1018.29	109.05322265625	0.08785009	9.300000000000008e-06	3.100000000000003e-05	15.427814483642578	78174.6189520359
6784	1428.4780658770544	1018.06	108.812744140625	0.087827384	9.257142857142841e-06	3.085714285714281e-05	14.18854832649231	78188.80894494057
6785	1405.2980290778478	1012.9	108.5732421875	0.08781733	9.214285714285708e-06	3.07142857142857e-05	14.933385848999023	78203.74291062355
6786	1418.2945437838996	1012.24	109.081298828125	0.087791614	9.171428571428574e-06	3.0571428571428586e-05	15.05694317817688	78218.80138635635
6787	1432.3372631374268	1024.0	109.090576171875	0.08779197	9.128571428571441e-06	3.042857142857147e-05	15.073529243469238	78233.87635016441
6788	1424.2559278629553	1018.17	108.848388671875	0.087768905	9.085714285714274e-06	3.028571428571425e-05	14.179863214492798	78248.05784344673
6789	1427.0663632164405	1021.98	109.10595703125	0.087721355	9.04285714285714e-06	3.014285714285714e-05	15.00321650505066	78263.06230068207
6790	1432.584171516677	1022.04	109.114501953125	0.087738335	9.000000000000007e-06	3.0000000000000028e-05	14.346820831298828	78277.41104865074
6791	1435.01892841061	1022.49	108.875	0.08769223	8.95714285714284e-06	2.9857142857142805e-05	15.194892883300781	78292.60655212402
6792	1429.5977530436153	1024.0	108.8828125	0.08766553	8.914285714285708e-06	2.9714285714285693e-05	14.146635055541992	78306.7537226677
6793	1422.0248132479903	1024.0	108.891357421875	0.08766418	8.871428571428573e-06	2.957142857142858e-05	18.424984216690063	78325.18071293831
6794	1421.311629724497	1020.01	109.14892578125	0.08767242	8.82857142857144e-06	2.942857142857147e-05	14.211824655532837	78339.41615796089
6795	1428.3362690551928	1020.27	108.90673828125	0.08764678	8.785714285714274e-06	2.928571428571425e-05	15.060474872589111	78354.47720885277
6796	1404.1015060960535	1011.88	109.1640625	0.08764097	8.742857142857141e-06	2.914285714285714e-05	14.159139633178711	78368.64349555969
6797	1422.8496100721509	1014.01	109.172119140625	0.08760959	8.700000000000006e-06	2.9000000000000027e-05	15.00685715675354	78383.65089845657
6798	1426.2990442657458	1024.0	108.929931640625	0.087564535	8.65714285714284e-06	2.8857142857142804e-05	14.637792587280273	78398.29105997086
6799	1429.61193173334	1024.0	109.187744140625	0.08756939	8.614285714285707e-06	2.8714285714285693e-05	15.523931741714478	78413.8166577816
6800	1427.572151986573	1020.11	109.1943359375	0.08756844	8.571428571428574e-06	2.857142857142858e-05	14.190507411956787	78428.00870370865
6801	1443.1279477687124	1024.0	108.952880859375	0.087537915	8.52857142857144e-06	2.842857142857147e-05	15.12449312210083	78443.13403058052
6802	1423.2116319597449	1014.93	109.460205078125	0.08752809	8.485714285714273e-06	2.828571428571425e-05	14.264141321182251	78457.39963960648
6803	1433.495628853077	1024.0	109.218994140625	0.08751482	8.44285714285714e-06	2.8142857142857138e-05	15.00290822982788	78472.40337753296
6804	1428.6281412741048	1015.95	109.226806640625	0.08751574	8.400000000000006e-06	2.8000000000000027e-05	14.189117193222046	78486.59319901466
6805	1418.38039251285	1018.96	109.234619140625	0.08747891	8.35714285714284e-06	2.7857142857142803e-05	14.99349570274353	78501.58836889267
6806	1425.2878530670878	1020.09	108.993896484375	0.08745197	8.314285714285707e-06	2.7714285714285692e-05	14.734228610992432	78516.32327103615
6807	1411.0613177909354	1018.87	109.501953125	0.08742716	8.271428571428574e-06	2.757142857142858e-05	14.868247747421265	78531.1950571537
6808	1429.4254458077007	1018.25	109.259765625	0.08742561	8.22857142857144e-06	2.742857142857147e-05	14.213536262512207	78545.4095966816
6809	1427.2326445167926	1020.18	109.517822265625	0.08739564	8.185714285714273e-06	2.7285714285714246e-05	14.992591857910156	78560.40276503563
6810	1426.7094619703923	1016.05	109.275390625	0.087386966	8.14285714285714e-06	2.7142857142857134e-05	14.214523553848267	78574.61945486069
6811	1428.3336886531354	1018.07	109.283203125	0.087370485	8.100000000000007e-06	2.7000000000000026e-05	14.857043981552124	78589.47755646706
6812	1433.7747523966984	1019.95	109.291015625	0.08734435	8.05714285714284e-06	2.6857142857142803e-05	14.18588924407959	78603.66427826881
6813	1427.8780419632553	1022.14	109.298828125	0.087306045	8.014285714285706e-06	2.671428571428569e-05	14.91595196723938	78618.58043289185
6814	1418.8900777435263	1014.03	109.056884765625	0.087286375	7.971428571428573e-06	2.657142857142858e-05	14.50450611114502	78633.08610367775
6815	1426.0628337032165	1024.0	109.314697265625	0.08727638	7.92857142857144e-06	2.642857142857147e-05	14.983687400817871	78648.07022571564
6816	1424.803264037661	1012.6	108.323486328125	0.08726522	7.885714285714272e-06	2.6285714285714245e-05	14.296608209609985	78662.36851406097
6817	1405.4308553096705	1010.26	109.581298828125	0.087247096	7.84285714285714e-06	2.6142857142857134e-05	14.986658573150635	78677.35677552223
6818	1400.3772956893547	1005.33	109.337158203125	0.08721709	7.800000000000007e-06	2.6000000000000022e-05	14.297318458557129	78691.65451264381
6819	1409.1004395602897	1014.58	109.09716796875	0.08721616	7.757142857142872e-06	2.5857142857142914e-05	18.733603477478027	78710.38824057579
6820	1391.0489098552655	996.6	109.105224609375	0.08721092	7.714285714285706e-06	2.571428571428569e-05	14.245969295501709	78724.63680195808
6821	1398.517234873794	994.23	109.113037109375	0.087199606	7.671428571428573e-06	2.557142857142858e-05	15.010996341705322	78739.64835882187
6822	1431.2947162041921	1024.0	109.493896484375	0.08718184	7.628571428571439e-06	2.5428571428571468e-05	15.044565916061401	78754.6941318512
6823	1417.8396897333646	1012.45	109.751953125	0.08718762	7.5857142857142725e-06	2.5285714285714244e-05	14.891570091247559	78769.58792734146
6824	1407.7043620266475	1008.25	109.759765625	0.08717888	7.54285714285714e-06	2.5142857142857133e-05	14.23463749885559	78783.82386565208
6825	1420.7323977213725	1012.03	109.767578125	0.087150514	7.500000000000006e-06	2.500000000000002e-05	15.069092273712158	78798.89348816872
6826	1431.8851212600428	1022.16	109.77587890625	0.08718145	7.4571428571428725e-06	2.485714285714291e-05	14.242887496948242	78813.13758325577
6827	1400.053242476571	1006.18	109.78369140625	0.08720111	7.414285714285706e-06	2.471428571428569e-05	15.314510822296143	78828.45394873619
6828	1432.9760652777593	1024.0	110.041748046875	0.087201394	7.371428571428572e-06	2.457142857142858e-05	14.231676578521729	78842.68670678139
6829	1438.7560741560449	1024.0	110.049560546875	0.08718082	7.3285714285714395e-06	2.4428571428571467e-05	14.917870998382568	78857.60468411446
6830	1431.6129593845276	1024.0	110.0576171875	0.087150745	7.285714285714273e-06	2.4285714285714244e-05	14.685603380203247	78872.29171586037
6831	1433.8256623457512	1021.99	110.0654296875	0.08712283	7.242857142857139e-06	2.4142857142857132e-05	15.701980590820312	78887.99433469772
6832	1411.1467274408083	1011.22	110.0732421875	0.08711335	7.200000000000006e-06	2.400000000000002e-05	15.949303150177002	78903.94532394409
6833	1422.265076898501	1012.0	110.081298828125	0.087090164	7.157142857142872e-06	2.385714285714291e-05	14.928267478942871	78918.8744468689
6834	1410.9460130706502	1015.06	110.08984375	0.08709257	7.114285714285705e-06	2.371428571428569e-05	14.350437641143799	78933.22654819489
6835	1430.859677529036	1024.0	110.097900390625	0.08708742	7.0714285714285726e-06	2.3571428571428578e-05	15.216260433197021	78948.44413352013
6836	1439.3075014096532	1024.0	110.10546875	0.08707189	7.028571428571439e-06	2.3428571428571467e-05	14.244300603866577	78962.68899559975
6837	1416.9765596020961	1008.37	110.113525390625	0.087067336	6.985714285714272e-06	2.3285714285714243e-05	14.987727880477905	78977.67882227898
6838	1419.8010464185506	1006.26	110.121337890625	0.087043375	6.942857142857139e-06	2.3142857142857132e-05	14.709753274917603	78992.3903260231
6839	1438.3355861203306	1023.97	106.84228515625	0.0870124	6.900000000000006e-06	2.300000000000002e-05	15.038692951202393	79007.43107151985
6840	1409.53163661937	1014.62	109.626953125	0.086988755	6.857142857142872e-06	2.285714285714291e-05	16.62384033203125	79024.05563497543
6841	1424.0115098766528	1019.97	109.63818359375	0.086949535	6.814285714285706e-06	2.271428571428569e-05	14.969947576522827	79039.02726244926
6842	1404.205699597079	1008.62	108.396240234375	0.08693683	6.771428571428572e-06	2.2571428571428577e-05	14.316028833389282	79053.34414291382
6843	1417.9011926077253	1014.15	109.654052734375	0.08694225	6.7285714285714384e-06	2.2428571428571466e-05	15.28163480758667	79068.62790369987
6844	1429.5467509922612	1024.0	109.411865234375	0.08692691	6.685714285714272e-06	2.2285714285714243e-05	14.25046682357788	79082.88018465042
6845	1421.2810614542552	1022.01	109.422119140625	0.08691571	6.642857142857139e-06	2.214285714285713e-05	14.937561988830566	79097.81841135025
6846	1423.2201503529418	1024.0	109.428466796875	0.08688041	6.600000000000005e-06	2.200000000000002e-05	15.247661352157593	79113.06788563728
6847	1423.8199245434744	1016.2	109.436279296875	0.08688592	6.557142857142872e-06	2.1857142857142908e-05	15.129700660705566	79128.19970011711
6848	1435.6135764390908	1024.0	109.444091796875	0.086863816	6.514285714285705e-06	2.1714285714285685e-05	14.256828308105469	79142.45720791817
6849	1425.7099020738617	1024.0	108.704345703125	0.08683977	6.4714285714285715e-06	2.1571428571428574e-05	15.136957883834839	79157.5968477726
6850	1403.9731607086173	1000.28	109.713134765625	0.086784504	6.428571428571439e-06	2.1428571428571465e-05	14.224163293838501	79171.82219910622
6851	1422.1974563785072	1014.12	109.220947265625	0.086781345	6.385714285714272e-06	2.1285714285714242e-05	15.087942361831665	79186.91069197655
6852	1431.896646301407	1022.95	109.72900390625	0.08678037	6.3428571428571385e-06	2.114285714285713e-05	14.265138387680054	79201.17793703079
6853	1432.5886003946223	1024.0	109.98681640625	0.08675328	6.300000000000005e-06	2.100000000000002e-05	14.923107862472534	79216.10263252258
6854	1431.4911866652055	1020.76	109.74462890625	0.08673149	6.257142857142871e-06	2.0857142857142908e-05	16.909619569778442	79233.01235818863
6855	1404.9594682910285	1006.2	109.752685546875	0.08672202	6.214285714285705e-06	2.0714285714285684e-05	15.051785230636597	79248.06560397148
6856	1414.829016068395	1014.36	110.010498046875	0.08670334	6.171428571428572e-06	2.0571428571428573e-05	14.278326511383057	79262.34447693825
6857	1430.7785139335765	1021.98	109.768310546875	0.086684264	6.128571428571438e-06	2.042857142857146e-05	14.90657353401184	79277.25191926956
6858	1421.2621972662105	1016.16	110.0263671875	0.086658746	6.085714285714272e-06	2.028571428571424e-05	14.218985795974731	79291.47276377678
6859	1424.907005498251	1014.17	109.533935546875	0.0866523	6.042857142857138e-06	2.014285714285713e-05	16.227026224136353	79307.70063900948
6860	1427.3604182377194	1024.0	109.541748046875	0.086627014	6.000000000000004e-06	2.000000000000002e-05	14.254677772521973	79321.95585227013
6861	1436.6045714213622	1024.0	109.5498046875	0.08660851	5.957142857142872e-06	1.9857142857142907e-05	14.996281147003174	79336.95361971855
6862	1433.496451807435	1024.0	109.557861328125	0.086596616	5.914285714285705e-06	1.9714285714285684e-05	14.969454526901245	79351.92362570763
6863	1440.4449021968849	1024.0	109.565673828125	0.08659184	5.871428571428571e-06	1.9571428571428572e-05	17.8403000831604	79369.76603960991
6864	1407.5396567964008	1004.95	109.573486328125	0.08658386	5.828571428571438e-06	1.942857142857146e-05	14.35381007194519	79384.12175798416
6865	1431.8694910863703	1024.0	109.58251953125	0.0865812	5.785714285714271e-06	1.928571428571424e-05	15.140441417694092	79399.26326870918
6866	1428.9249645240757	1020.43	109.84033203125	0.08655796	5.742857142857138e-06	1.914285714285713e-05	14.234039545059204	79413.49799966812
6867	1429.7186982323828	1024.0	109.849365234375	0.08653244	5.700000000000005e-06	1.9000000000000018e-05	15.861759424209595	79429.36134719849
6868	1434.2126701227016	1023.7	109.857177734375	0.08652219	5.657142857142871e-06	1.8857142857142907e-05	14.246527194976807	79443.61001753807
6869	1419.926066930722	1013.97	109.61474609375	0.08650566	5.6142857142857045e-06	1.8714285714285683e-05	15.103150844573975	79458.71372270584
6870	1432.3860230269102	1024.0	109.870849609375	0.08647659	5.571428571428571e-06	1.8571428571428572e-05	15.078056573867798	79473.79386377335
6871	1403.7152609039665	1002.23	110.128662109375	0.086464286	5.528571428571438e-06	1.842857142857146e-05	15.203766345977783	79488.9993019104
6872	1401.5053237703876	1000.27	109.886962890625	0.08645599	5.4857142857142714e-06	1.828571428571424e-05	14.223864078521729	79503.22492671013
6873	1435.8405205613674	1024.0	109.89501953125	0.08646083	5.442857142857138e-06	1.814285714285713e-05	14.896599292755127	79518.12238740921
6874	1433.287563145055	1017.99	109.652587890625	0.086460255	5.400000000000004e-06	1.8000000000000017e-05	14.195183038711548	79532.3181066513
6875	1427.989870853562	1024.0	109.90966796875	0.08645005	5.357142857142871e-06	1.7857142857142906e-05	15.08830451965332	79547.40744757652
6876	1432.9938697116015	1024.0	110.16845703125	0.08645084	5.314285714285704e-06	1.7714285714285683e-05	14.204337358474731	79561.61379957199
6877	1433.5193958600998	1024.0	109.6767578125	0.08643984	5.271428571428571e-06	1.757142857142857e-05	15.000930786132812	79576.61591506004
6878	1420.7069300100316	1010.07	109.6845703125	0.08641523	5.2285714285714376e-06	1.742857142857146e-05	14.667349100112915	79591.2838242054
6879	1422.191673684051	1018.08	109.943603515625	0.08642223	5.185714285714271e-06	1.7285714285714236e-05	15.593542098999023	79606.87927746773
6880	1430.310360453731	1024.0	109.95166015625	0.0864008	5.142857142857137e-06	1.7142857142857128e-05	14.276739835739136	79621.15657401085
6881	1404.8863947572445	1004.72	109.95947265625	0.08638414	5.100000000000004e-06	1.7000000000000017e-05	14.907545328140259	79636.06610822678
6882	1429.1934104540344	1024.0	109.7177734375	0.08637804	5.057142857142871e-06	1.6857142857142905e-05	14.221099138259888	79650.28842139244
6883	1426.429869402239	1017.96	109.726318359375	0.086371295	5.014285714285704e-06	1.6714285714285682e-05	14.379362106323242	79664.66833615303
6884	1414.6195794252371	1014.35	109.98388671875	0.08634767	4.971428571428571e-06	1.657142857142857e-05	14.451075792312622	79679.12059426308
6885	1438.2102301631305	1021.99	109.9921875	0.08636021	4.928571428571437e-06	1.642857142857146e-05	14.160520792007446	79693.2830297947
6886	1416.8829584260993	1009.48	109.874755859375	0.08633459	4.88571428571427e-06	1.6285714285714236e-05	15.105316400527954	79708.3892261982
6887	1430.7077562300976	1019.91	110.1328125	0.0863145	4.842857142857138e-06	1.6142857142857124e-05	14.533387422561646	79722.92407512665
6888	1437.9387477090859	1024.0	110.140380859375	0.08629643	4.800000000000004e-06	1.6000000000000016e-05	14.520835161209106	79737.44546866417
6889	1437.9603737925202	1024.0	110.1474609375	0.08628112	4.75714285714287e-06	1.5857142857142905e-05	14.191694259643555	79751.63874340057
6890	1400.4057288606045	1004.16	110.405029296875	0.086270005	4.714285714285704e-06	1.571428571428568e-05	14.954105615615845	79766.59340906143
6891	1414.5980907353567	1006.33	109.9111328125	0.08626887	4.67142857142857e-06	1.557142857142857e-05	14.323752641677856	79780.91909241676
6892	1432.1337834067588	1022.62	110.42041015625	0.08624464	4.628571428571437e-06	1.542857142857146e-05	15.133172035217285	79796.05280256271
6893	1432.278456199902	1024.0	110.17822265625	0.08621322	4.585714285714271e-06	1.5285714285714235e-05	14.170922756195068	79810.22565412521
6894	1424.5067344466527	1019.6	109.93603515625	0.08621133	4.542857142857137e-06	1.5142857142857125e-05	15.561751365661621	79825.7886826992
6895	1408.5926027163534	1010.32	110.19384765625	0.0862009	4.5000000000000035e-06	1.5000000000000014e-05	14.330204725265503	79840.11955070496
6896	1430.6820302467822	1019.2	107.414306640625	0.08619508	4.45714285714287e-06	1.4857142857142902e-05	15.224683284759521	79855.34643554688
6897	1425.6385133566155	1020.08	110.20166015625	0.08618752	4.414285714285703e-06	1.4714285714285681e-05	14.112921237945557	79869.46000552177
6898	1420.4679297463515	1016.15	110.46044921875	0.08617681	4.3714285714285705e-06	1.457142857142857e-05	15.256256818771362	79884.71812653542
6899	1398.0393780839506	1006.12	109.97314453125	0.08615769	4.328571428571437e-06	1.4428571428571458e-05	14.19899845123291	79898.91769766808
6900	1428.6703970546828	1024.0	110.23193359375	0.08614799	4.28571428571427e-06	1.4285714285714235e-05	15.13748574256897	79914.0567252636
6901	1429.1333824792594	1024.0	110.23974609375	0.086143404	4.242857142857137e-06	1.4142857142857125e-05	14.198246717453003	79928.25661563873
6902	1419.7519308083617	1010.44	109.99755859375	0.08612993	4.200000000000003e-06	1.4000000000000013e-05	14.969527006149292	79943.22758197784
6903	1405.898520199639	1008.03	110.006591796875	0.08610976	4.15714285714287e-06	1.3857142857142902e-05	14.283846616744995	79957.51301789284
6904	1428.0812611513466	1018.33	109.81787109375	0.08608734	4.1142857142857036e-06	1.3714285714285679e-05	15.01920199394226	79972.53276824951
6905	1439.4498837403555	1024.0	110.5224609375	0.086068116	4.07142857142857e-06	1.3571428571428567e-05	14.171760320663452	79986.70653748512
6906	1438.5920537504956	1024.0	110.0302734375	0.08605406	4.028571428571436e-06	1.3428571428571457e-05	14.96470832824707	80001.67337203026
6907	1436.675481861389	1024.0	110.038330078125	0.08604156	3.98571428571427e-06	1.3285714285714234e-05	14.207457780838013	80015.88266134262
6908	1434.170736646959	1023.99	110.296142578125	0.086022474	3.942857142857136e-06	1.3142857142857123e-05	15.250205993652344	80031.13444018364
6909	1426.4082555283708	1018.2	110.30419921875	0.08602291	3.900000000000003e-06	1.3000000000000011e-05	14.182975053787231	80045.31944489479
6910	1424.590931107204	1024.0	110.06201171875	0.086006336	3.85714285714287e-06	1.2857142857142901e-05	15.020735502243042	80060.34073281288
6911	1429.425474623607	1016.0	110.56982421875	0.08599446	3.814285714285703e-06	1.2714285714285678e-05	14.641311407089233	80074.9830186367
6912	1408.5882263696067	1006.29	110.327392578125	0.08597723	3.77142857142857e-06	1.2571428571428567e-05	14.89894700050354	80089.88390445709
6913	1428.840792329359	1018.08	110.335693359375	0.085958995	3.7285714285714363e-06	1.2428571428571455e-05	14.19340181350708	80104.07911872864
6914	1433.5197372384691	1024.0	110.09326171875	0.08593673	3.6857142857142696e-06	1.2285714285714233e-05	14.843523740768433	80118.9235048294
6915	1419.3876498282575	1014.65	110.35107421875	0.08591593	3.6428571428571364e-06	1.2142857142857122e-05	14.222139596939087	80133.15309762955
6916	1431.2439937768954	1017.59	110.35986328125	0.08589909	3.600000000000003e-06	1.200000000000001e-05	16.939592599868774	80150.10016727448
6917	1401.6459370010925	1005.03	110.3681640625	0.08590856	3.5571428571428696e-06	1.1857142857142899e-05	14.226049423217773	80164.33244848251
6918	1411.502785719318	1014.06	110.376220703125	0.08590812	3.514285714285703e-06	1.1714285714285677e-05	14.925041198730469	80179.25820159912
6919	1420.2700303200036	1017.99	110.3837890625	0.085911125	3.4714285714285694e-06	1.1571428571428566e-05	14.77467393875122	80194.03348565102
6920	1422.4572478422235	1014.13	110.391845703125	0.085905105	3.428571428571436e-06	1.1428571428571454e-05	15.320740938186646	80209.35508465767
6921	1425.5250366616945	1018.27	110.6494140625	0.08589391	3.3857142857142695e-06	1.1285714285714233e-05	14.20926284790039	80223.56491470337
6922	1432.3820087291344	1024.0	110.407470703125	0.08589294	3.342857142857136e-06	1.1142857142857121e-05	15.538443803787231	80239.10420203209
6923	1435.599475884167	1024.0	110.163330078125	0.08586954	3.3000000000000027e-06	1.100000000000001e-05	14.703433990478516	80253.80818343163
6924	1434.9199200975	1024.0	110.4208984375	0.08585963	3.257142857142869e-06	1.0857142857142898e-05	15.184525966644287	80268.99519968033
6925	1426.1252954375339	1020.0	110.427734375	0.08584801	3.2142857142857024e-06	1.0714285714285677e-05	14.234832525253296	80283.23227858543
6926	1440.9952784264335	1024.0	110.186767578125	0.08584192	3.1714285714285693e-06	1.0571428571428565e-05	14.947610139846802	80298.18140506744
6927	1430.4224797867482	1014.8	110.444580078125	0.08583352	3.1285714285714356e-06	1.0428571428571454e-05	14.764669418334961	80312.94693350792
6928	1436.1061749207956	1024.0	110.45263671875	0.08582158	3.085714285714269e-06	1.0285714285714232e-05	14.857969284057617	80327.80684709549
6929	1424.9581742635557	1014.05	110.46044921875	0.085810214	3.042857142857136e-06	1.014285714285712e-05	14.218402862548828	80342.02629351616
6930	1426.9002969135772	1022.03	110.468017578125	0.08579662	3.000000000000002e-06	1.000000000000001e-05	14.893639326095581	80356.92215228081
6931	1408.9644835329507	1012.23	110.475830078125	0.08579943	2.957142857142869e-06	9.857142857142898e-06	14.279931545257568	80371.20316386223
6932	1429.6275505562503	1017.07	110.48486328125	0.08579581	2.9142857142857024e-06	9.714285714285676e-06	15.037002086639404	80386.24189853668
6933	1429.5008667759403	1018.14	110.49267578125	0.08578279	2.871428571428569e-06	9.571428571428565e-06	14.186870098114014	80400.4297914505
6934	1435.4955228770789	1024.0	110.25048828125	0.085768096	2.8285714285714356e-06	9.428571428571453e-06	14.150461673736572	80414.58187699318
6935	1425.0273076064977	1023.69	110.508544921875	0.08576722	2.785714285714269e-06	9.28571428571423e-06	14.688352346420288	80429.27118730545
6936	1433.8233328110687	1019.99	110.016357421875	0.08575641	2.7428571428571357e-06	9.14285714285712e-06	14.202832221984863	80443.4746761322
6937	1427.2770289540613	1017.99	110.5234375	0.085742235	2.700000000000002e-06	9.000000000000009e-06	14.443546295166016	80457.91991615295
6938	1429.3049143268302	1020.31	110.5322265625	0.085732974	2.657142857142869e-06	8.857142857142897e-06	14.129794359207153	80472.05137395859
6939	1438.594253514359	1024.0	110.5400390625	0.085733466	2.6142857142857023e-06	8.714285714285674e-06	15.282243490219116	80487.33502531052
6940	1441.8709092882498	1022.0	110.5478515625	0.08573297	2.5714285714285687e-06	8.571428571428564e-06	14.32668399810791	80501.66285014153
6941	1421.3127116048836	1014.14	110.805908203125	0.08572041	2.5285714285714355e-06	8.428571428571453e-06	14.635525465011597	80516.3065021038
6942	1440.7352899432544	1024.0	110.562255859375	0.08571372	2.485714285714302e-06	8.285714285714341e-06	14.627990007400513	80530.93555116653
6943	1415.5132566816048	1015.88	110.5703125	0.085710354	2.442857142857135e-06	8.142857142857118e-06	15.319570779800415	80546.2565472126
6944	1423.7259871686783	1022.4	110.578369140625	0.08570225	2.400000000000002e-06	8.000000000000008e-06	14.185662269592285	80560.44334340096
6945	1425.195569183639	1018.07	110.5859375	0.08569193	2.3571428571428684e-06	7.857142857142897e-06	17.017479181289673	80577.46135926247
6946	1438.2603451735	1024.0	110.593994140625	0.08568073	2.3142857142857017e-06	7.714285714285673e-06	14.197677612304688	80591.66104960442
6947	1424.8532898274598	1013.95	110.601806640625	0.085670896	2.2714285714285686e-06	7.571428571428563e-06	14.61189341545105	80606.27358198166
6948	1432.579956361099	1018.15	110.61083984375	0.085664876	2.228571428571435e-06	7.428571428571451e-06	14.226361274719238	80620.50105261803
6949	1426.1171415943622	1017.98	110.61865234375	0.08565887	2.1857142857143018e-06	7.28571428571434e-06	15.554361581802368	80636.05663013458
6950	1428.7165835359792	1017.97	110.377197265625	0.085655	2.142857142857135e-06	7.142857142857117e-06	14.180847406387329	80650.23795819283
6951	1437.3226229099332	1024.0	110.636962890625	0.085647196	2.1000000000000015e-06	7.000000000000007e-06	15.390806674957275	80665.63044118881
6952	1405.6559870581132	1007.03	110.64697265625	0.08564147	2.0571428571428683e-06	6.857142857142895e-06	14.237823247909546	80679.8711180687
6953	1411.7828834197605	1002.28	110.65673828125	0.08564175	2.0142857142857017e-06	6.714285714285673e-06	15.081879615783691	80694.95355033875
6954	1433.845149730321	1014.53	107.8818359375	0.085632265	1.971428571428568e-06	6.571428571428561e-06	14.157544612884521	80709.1119363308
6955	1433.1299986557603	1024.0	110.407958984375	0.085625865	1.928571428571435e-06	6.428571428571451e-06	14.892199039459229	80724.0059454441
6956	1416.6792234758823	1016.47	110.68115234375	0.08561846	1.8857142857143015e-06	6.285714285714339e-06	14.160811185836792	80738.16760134697
6957	1438.4595686977739	1024.0	110.44091796875	0.08560932	1.8428571428571348e-06	6.142857142857117e-06	15.102145910263062	80753.27028799057
6958	1410.3304748734558	1010.08	110.70068359375	0.08560195	1.8000000000000014e-06	6.000000000000005e-06	14.194327116012573	80767.46614575386
6959	1417.6954029516319	1014.53	111.21142578125	0.08559295	1.757142857142868e-06	5.857142857142895e-06	16.822973251342773	80784.29133224487
6960	1421.2933056662148	1018.22	110.72119140625	0.085587084	1.7142857142857014e-06	5.714285714285672e-06	14.324509382247925	80798.61642599106
6961	1432.4591755088395	1024.0	110.73095703125	0.08558238	1.671428571428568e-06	5.571428571428561e-06	19.324716806411743	80817.94274687767
6962	1432.85503264118	1022.56	110.74072265625	0.08557197	1.6285714285714345e-06	5.428571428571449e-06	14.15737509727478	80832.10110497475
6963	1426.6302715395207	1022.01	110.750732421875	0.08556408	1.5857142857143014e-06	5.285714285714338e-06	14.456408500671387	80846.55811214447
6964	1423.3708305437954	1017.91	111.009521484375	0.08556131	1.5428571428571345e-06	5.142857142857116e-06	14.164654016494751	80860.72467899323
6965	1431.1127111160386	1024.0	110.52197265625	0.0855507	1.500000000000001e-06	5.000000000000005e-06	15.179434061050415	80875.90516901016
6966	1424.4428082406175	1018.01	110.780517578125	0.085542284	1.457142857142868e-06	4.857142857142893e-06	14.683032751083374	80890.58974409103
6967	1422.0007671724813	1018.93	110.791015625	0.08554172	1.414285714285701e-06	4.714285714285671e-06	15.679398775100708	80906.270018816
6968	1421.3604792255896	1014.14	110.800537109375	0.08554166	1.3714285714285679e-06	4.57142857142856e-06	14.171627759933472	80920.4433722496
6969	1402.826352232763	1006.36	111.0625	0.08553913	1.3285714285714345e-06	4.428571428571449e-06	14.985279560089111	80935.42949771881
6970	1433.7967232201581	1024.0	110.573974609375	0.08553531	1.285714285714301e-06	4.285714285714337e-06	14.109387636184692	80949.53943014145
6971	1440.1216241442255	1022.18	110.833984375	0.08553046	1.2428571428571344e-06	4.142857142857115e-06	14.934791564941406	80964.4758746624
6972	1419.9331589372946	1012.65	110.84375	0.08552795	1.200000000000001e-06	4.000000000000004e-06	14.16193675994873	80978.63838362694
6973	1436.6217748071213	1024.0	110.853271484375	0.08552503	1.1571428571428676e-06	3.8571428571428926e-06	15.381630182266235	80994.02210211754
6974	1425.1764534775439	1019.08	110.86328125	0.08551877	1.114285714285701e-06	3.71428571428567e-06	14.180381536483765	81008.20425009727
6975	1425.0542727521895	1022.14	110.873046875	0.08551674	1.0714285714285676e-06	3.5714285714285587e-06	14.862191438674927	81023.06776309013
6976	1437.488665153122	1024.0	110.883056640625	0.08551169	1.0285714285714342e-06	3.4285714285714476e-06	14.382901191711426	81037.45239901543
6977	1433.1694964367405	1024.0	110.891845703125	0.08550825	1e-06	3.285714285714336e-06	15.281795501708984	81052.7356390953
6978	1426.8754075946292	1017.32	110.902587890625	0.08550343	1e-06	3.142857142857114e-06	14.181477546691895	81066.91775894165
6979	1430.1423869843798	1024.0	110.912353515625	0.085499376	1e-06	3.0000000000000026e-06	14.978519439697266	81081.89876794815
6980	1417.7148874722031	1014.07	110.922119140625	0.08549713	1e-06	2.8571428571428916e-06	14.257696866989136	81096.15791773796
6981	1402.138687287974	1004.43	110.93115234375	0.08549467	1e-06	2.714285714285669e-06	15.228585958480835	81111.38791179657
6982	1405.188135940941	1000.18	110.942626953125	0.08549126	1e-06	2.571428571428558e-06	14.226082563400269	81125.61657595634
6983	1413.9295750061988	1012.03	110.70263671875	0.085488625	1e-06	2.4285714285714466e-06	14.985048294067383	81140.60286521912
6984	1434.1926645828132	1024.0	111.21240234375	0.08548626	1e-06	2.2857142857143355e-06	14.5993492603302	81155.20285749435
6985	1440.0238092012123	1019.96	111.220947265625	0.08548074	1e-06	2.142857142857113e-06	17.14102029800415	81172.34602952003
6986	1414.0472190797789	1011.98	110.978759765625	0.085478164	1e-06	2.000000000000002e-06	14.225716352462769	81186.5722720623
6987	1408.8032149076018	1002.64	110.99072265625	0.08547621	1e-06	1.8571428571428905e-06	14.98021936416626	81201.55504322052
6988	1424.0830258232882	1016.36	111.000732421875	0.08547305	1e-06	1.7142857142856683e-06	14.218925952911377	81215.7745013237
6989	1426.6909974426046	1017.96	111.01025390625	0.085467346	1e-06	1.571428571428557e-06	15.242728471755981	81231.01903605461
6990	1426.514762054151	1012.34	111.020263671875	0.08546395	1e-06	1.4285714285714458e-06	14.27522587776184	81245.29509139061
6991	1436.6630569427064	1023.93	111.1513671875	0.08545939	1e-06	1.2857142857143345e-06	14.953678607940674	81260.25043201447
6992	1441.1231432997247	1024.0	111.160888671875	0.08545441	1e-06	1.142857142857112e-06	14.852179765701294	81275.10326218605
6993	1424.9253023046608	1013.92	111.4189453125	0.08545053	1e-06	1.000000000000001e-06	15.070131778717041	81290.17421412468
6994	1429.1086371166755	1020.96	111.177001953125	0.08544632	1e-06	1e-06	14.186020374298096	81304.36236405373
6995	1433.9374064412696	1024.0	111.184814453125	0.0854454	1e-06	1e-06	14.948912143707275	81319.31233525276
6996	1427.4541080267456	1018.0	111.692626953125	0.085439466	1e-06	1e-06	14.195281028747559	81333.50824093819
6997	1435.147948107735	1024.0	111.200439453125	0.08543778	1e-06	1e-06	15.005124807357788	81348.51420617104
6998	1437.961316816389	1024.0	111.209228515625	0.08543572	1e-06	1e-06	14.19668984413147	81362.71156287193
6999	1420.2725710491213	1019.08	111.217041015625	0.08543048	1e-06	1e-06	15.016692876815796	81377.72995185852
